# https://github.com/mikedh/trimesh
mtllib material.mtl

o geometry_0.002
usemtl Material_0.002
v 0.05791927 0.47024849 -0.31531271
v 0.01513241 0.47371945 -0.31580263
v -0.02857993 0.47301590 -0.31588152
v 0.04153657 0.47033283 -0.31634849
v 0.06665061 0.46643114 -0.31666523
v -0.04377493 0.46957767 -0.31667069
v 0.01365063 0.47068933 -0.31668761
v 0.08489089 0.46646383 -0.31517294
v 0.08762059 0.46483368 -0.31581822
v 0.09611239 0.46059841 -0.31676370
v 0.11209638 0.45746365 -0.31674635
v 0.12739834 0.45365986 -0.31668705
v 0.13090356 0.45507351 -0.31546766
v 0.14360227 0.45130175 -0.31564644
v 0.46033373 0.03985560 -0.31673145
v 0.45959139 -0.00052943 -0.31422460
v 0.46079367 -0.02882574 -0.31694072
v 0.45833722 -0.04908408 -0.31613833
v 0.45656407 -0.06886286 -0.31681737
v 0.45423979 -0.07108803 -0.31578586
v 0.46102378 0.06262973 -0.31801045
v 0.45253515 -0.08523165 -0.31613061
v 0.45630527 0.06919269 -0.31661662
v 0.45570171 0.08463785 -0.31740937
v 0.46360528 -0.04733787 -0.31797850
v 0.46138999 -0.06069751 -0.31797636
v 0.45441005 0.07075220 -0.31564137
v 0.45168483 0.08586884 -0.31611642
v 0.45247367 0.10080215 -0.31771120
v 0.44677651 0.10344935 -0.31593964
v 0.44600630 0.11581179 -0.31780759
v 0.45117107 -0.08542359 -0.31511387
v 0.44841573 -0.09876231 -0.31588387
v 0.44357422 0.11509515 -0.31556898
v 0.44866353 -0.08846062 -0.30892235
v -0.21271054 -0.40635157 -0.31308746
v -0.20422676 -0.41062978 -0.31334800
v -0.21284026 -0.40806136 -0.31556100
v -0.19952449 -0.41376591 -0.31515467
v -0.22008175 -0.40285036 -0.31404623
v -0.22581129 -0.40136147 -0.31567514
v -0.23438820 -0.39569694 -0.31557444
v -0.24014919 -0.39105850 -0.31278366
v -0.24235547 -0.39163828 -0.31560084
v -0.24601357 -0.38803020 -0.31423259
v -0.25340140 -0.38472840 -0.31559321
v -0.25525227 -0.38203853 -0.31422284
v -0.26325008 -0.37677309 -0.31508961
v -0.25987867 -0.37744597 -0.31025180
v -0.24792472 -0.38559386 -0.30969831
v -0.27439514 -0.36758059 -0.31414485
v -0.26909977 -0.37290809 -0.31549501
v -0.27761382 -0.36703888 -0.31584701
v -0.28261283 -0.36174273 -0.31546101
v -0.29012021 -0.35621786 -0.31548712
v -0.29784092 -0.35087097 -0.31576788
v -0.19049937 -0.41751978 -0.31390896
v -0.19295529 -0.41785768 -0.31539077
v -0.18261585 -0.42173353 -0.31494740
v -0.17224847 -0.42480132 -0.31268904
v -0.17545991 -0.42539304 -0.31532806
v -0.16640753 -0.42921910 -0.31544113
v 0.46604085 -0.08727552 -0.31598422
v 0.47020805 -0.06517907 -0.31563330
v 0.46263021 -0.09538478 -0.31724873
v 0.45873562 -0.11965600 -0.31500971
v 0.45418358 -0.12784798 -0.31714651
v 0.45020086 -0.14478445 -0.31696776
v 0.46857512 -0.06026359 -0.31712270
v 0.47244415 -0.01280173 -0.31728891
v -0.18131956 -0.42956668 -0.31685832
v -0.16131033 -0.43730748 -0.31684795
v -0.15895092 -0.44307807 -0.31688839
v -0.17914245 -0.43650329 -0.31649503
v -0.19938950 -0.42698252 -0.31668481
v -0.19307430 -0.42410007 -0.31678069
v -0.20248903 -0.41928563 -0.31688091
v -0.22319549 -0.41555336 -0.31662828
v -0.21961136 -0.41218713 -0.31691286
v -0.22429480 -0.40675351 -0.31672683
v -0.23613006 -0.40232408 -0.31703529
v -0.23843768 -0.40699008 -0.31658188
v -0.24806036 -0.39483947 -0.31718248
v -0.25708914 -0.39527380 -0.31679511
v -0.25721031 -0.38804927 -0.31702992
v -0.28107494 -0.37812722 -0.31696346
v -0.27235138 -0.37608925 -0.31715763
v -0.28715363 -0.36559492 -0.31742537
v -0.29540211 -0.36727694 -0.31721932
v -0.30227384 -0.35333884 -0.31717819
v -0.30655596 -0.35420719 -0.31728792
v -0.31935540 -0.33874714 -0.31730872
v -0.32082433 -0.34630850 -0.31686330
v -0.30670813 -0.35922173 -0.31687626
v -0.33850291 -0.32859808 -0.31703812
v -0.33024812 -0.32746243 -0.31727192
v -0.34240350 -0.31583843 -0.31727877
v -0.34883928 -0.31977606 -0.31661698
v -0.35811225 -0.30014393 -0.31735668
v -0.36513650 -0.29940709 -0.31699443
v -0.36989534 -0.28289974 -0.31750545
v -0.37998435 -0.27898231 -0.31702605
v -0.14516191 -0.43795994 -0.31584412
v -0.38437372 -0.27029014 -0.31731740
v -0.37601462 -0.27127847 -0.31703246
v -0.38879427 -0.25507131 -0.31718993
v -0.39404148 -0.25821725 -0.31684065
v -0.40102348 -0.24376266 -0.31711447
v -0.40328413 -0.23133291 -0.31712684
v -0.41213918 -0.22815588 -0.31680784
v -0.41739073 -0.21679670 -0.31705323
v -0.40643141 -0.22397219 -0.31706101
v -0.41564170 -0.20932731 -0.31727347
v -0.42601386 -0.19987100 -0.31721419
v -0.42033160 -0.19763792 -0.31710455
v -0.43666723 -0.17304778 -0.31724021
v -0.42685518 -0.18525843 -0.31706908
v -0.43143123 -0.18735616 -0.31719106
v -0.20895785 -0.41438243 -0.31667995
v -0.16899972 -0.43243229 -0.31659380
v -0.42860451 -0.16980445 -0.31578195
v -0.43657646 -0.15801369 -0.31701353
v -0.44491383 -0.15194474 -0.31720337
v -0.44280872 -0.14715990 -0.31729186
v -0.44650921 -0.13364606 -0.31727394
v -0.45327747 -0.12911326 -0.31709042
v -0.44797346 -0.12207177 -0.31701279
v -0.45263118 -0.10972145 -0.31729418
v -0.45797694 -0.10808001 -0.31716818
v -0.45791146 -0.09637199 -0.31704921
v -0.46453974 -0.08150552 -0.31678656
v -0.46051002 -0.06519023 -0.31678104
v -0.46394184 -0.06173077 -0.31709924
v -0.46416217 0.00144724 -0.31721249
v -0.46956947 -0.02327391 -0.31713617
v -0.46326697 0.05766436 -0.31727785
v -0.46677426 0.04924053 -0.31717765
v -0.46812347 -0.05420621 -0.31682861
v -0.46015456 0.04906886 -0.31688151
v -0.46084428 0.06583844 -0.31756586
v -0.46976200 0.03526510 -0.31686211
v -0.46031645 0.08803813 -0.31755352
v -0.45314655 0.09297504 -0.31743202
v -0.44957477 0.12487787 -0.31783965
v -0.44840997 0.11326632 -0.31766850
v -0.44138283 0.14180118 -0.31756309
v -0.44125199 0.16426459 -0.31718022
v -0.43391865 0.16404469 -0.31747007
v -0.43071729 0.18957080 -0.31703293
v -0.42557439 0.18730654 -0.31710771
v -0.41700339 0.20325229 -0.31713483
v -0.42162070 0.20829530 -0.31699368
v -0.41001409 0.21959479 -0.31745461
v -0.41201767 0.22745059 -0.31709692
v -0.39854693 0.25023633 -0.31704038
v -0.39025861 0.25161982 -0.31735685
v -0.40011066 0.23564745 -0.31740353
v -0.37910047 0.27931160 -0.31704289
v -0.37976834 0.26787564 -0.31740218
v -0.36318210 0.29017428 -0.31749827
v -0.36740422 0.29544553 -0.31714368
v -0.35810903 0.30214220 -0.31730747
v -0.34687886 0.30905885 -0.31713322
v -0.35179409 0.31428394 -0.31668827
v -0.33611861 0.32999459 -0.31687772
v -0.33271128 0.32501516 -0.31719294
v -0.31687212 0.34049580 -0.31717867
v -0.31936201 0.34711421 -0.31677294
v -0.45629996 0.11755525 -0.31743750
v -0.30897728 0.35567915 -0.31713593
v -0.30317771 0.35191673 -0.31715614
v -0.29519758 0.36491564 -0.31747708
v -0.28692985 0.36474401 -0.31742436
v -0.28547847 0.37549007 -0.31691900
v -0.27734563 0.37680370 -0.31742236
v -0.26716125 0.37896502 -0.31720498
v -0.26280257 0.39080134 -0.31701836
v -0.25265700 0.38966608 -0.31720024
v -0.23510174 0.40864223 -0.31681272
v -0.23554544 0.40144837 -0.31716728
v -0.21265154 0.42006269 -0.31708056
v -0.22182362 0.40877223 -0.31725505
v -0.20139970 0.41850480 -0.31722695
v -0.18903637 0.42628068 -0.31728739
v -0.18838300 0.43121156 -0.31695843
v -0.17604882 0.43188679 -0.31720093
v -0.17152709 0.43870330 -0.31664196
v -0.16372803 0.43479127 -0.31702933
v -0.15915826 0.44326776 -0.31687030
v -0.14876680 0.44079411 -0.31704864
v -0.14331655 0.44953775 -0.31679079
v -0.13330385 0.44724116 -0.31722683
v -0.12448699 0.45272633 -0.31711563
v -0.12159652 0.44679153 -0.31707627
v -0.09140825 0.45652238 -0.31692240
v -0.09233446 0.45111445 -0.31659776
v -0.07275835 0.45286235 -0.31600493
v -0.11286858 0.45790130 -0.31662449
v -0.08449784 0.46337920 -0.31677422
v -0.05068924 0.45991412 -0.31701005
v -0.03995869 0.46551681 -0.31714618
v 0.02764464 0.46431398 -0.31698266
v 0.02190842 0.46050948 -0.31688884
v 0.07503548 0.45810729 -0.31684965
v 0.09477748 0.45125031 -0.31667188
v 0.11716538 0.44763398 -0.31712079
v 0.13459861 0.44734752 -0.31702375
v 0.07096025 0.45285955 -0.31605282
v 0.12784411 0.44165149 -0.31628487
v 0.14397149 0.44139031 -0.31674212
v 0.15300587 0.44546452 -0.31659082
v 0.16346215 0.43588576 -0.31672984
v 0.16518243 0.44139194 -0.31645036
v 0.17524695 0.43916503 -0.31581452
v -0.45226428 0.13553520 -0.31686652
v 0.05161584 0.45404851 -0.31602541
v -0.46320146 0.08768226 -0.31712082
v -0.02661182 0.45677316 -0.31640789
v 0.14589809 0.43625078 -0.31605133
v 0.19076051 0.43020368 -0.31676689
v 0.17587370 0.43027779 -0.31672087
v 0.18321978 0.42367378 -0.31623015
v 0.19653362 0.42056650 -0.31704193
v 0.21088371 0.42063361 -0.31670365
v 0.22187163 0.41568130 -0.31663534
v 0.24139063 0.39716306 -0.31696761
v 0.22470281 0.40624556 -0.31698316
v 0.21175438 0.41348353 -0.31703424
v 0.23936668 0.40563521 -0.31642911
v 0.25450096 0.39315274 -0.31685436
v 0.25569865 0.38747245 -0.31682914
v 0.26747683 0.38726455 -0.31666169
v 0.27796298 0.37094647 -0.31685975
v 0.28835732 0.37078345 -0.31680885
v 0.29704517 0.35922167 -0.31686968
v 0.31604508 0.34227112 -0.31676266
v 0.31793591 0.34804702 -0.31665757
v 0.33977106 0.32061666 -0.31697839
v 0.34272739 0.32355526 -0.31671470
v 0.35280377 0.31283319 -0.31669351
v 0.35794228 0.30311888 -0.31731743
v 0.35357502 0.30321598 -0.31725869
v 0.36563823 0.28606269 -0.31771174
v 0.36950943 0.29289401 -0.31713706
v 0.37551004 0.28162739 -0.31743753
v 0.37687689 0.27002099 -0.31743759
v 0.39317468 0.25385115 -0.31738538
v 0.38760477 0.25363779 -0.31746602
v 0.39650857 0.23789954 -0.31756362
v 0.40399507 0.24088924 -0.31709185
v 0.40256765 0.23429772 -0.31764773
v 0.40690264 0.22012295 -0.31769690
v 0.41947883 0.20973769 -0.31784225
v 0.41624740 0.20026231 -0.31781766
v 0.42838535 0.19221963 -0.31777522
v 0.42453578 0.18748827 -0.31771675
v 0.42929301 0.17256197 -0.31793576
v 0.43567547 0.17089210 -0.31785187
v 0.43682596 0.15159474 -0.31770006
v 0.44313824 0.15505087 -0.31766751
v 0.44918415 0.12647787 -0.31811842
v 0.44372225 0.12978601 -0.31794867
v 0.45729882 0.10351547 -0.31765273
v 0.46286944 0.07460351 -0.31775722
v 0.47026852 0.04741559 -0.31705594
v 0.46234542 0.09722019 -0.31714779
v 0.45728010 0.11689425 -0.31717673
v 0.46615303 0.02709643 -0.31806749
v 0.38688105 0.26883444 -0.31692442
v 0.20140828 0.41370133 -0.31633580
v 0.25958779 0.39455318 -0.31618574
v 0.17497662 0.42529485 -0.31575695
v 0.46764609 -0.01964630 -0.31821176
v 0.46421957 -0.01411908 -0.31823814
v 0.46304494 0.04649140 -0.31779179
v 0.45847839 -0.08788141 -0.31772766
v 0.45510596 -0.11184456 -0.31791034
v 0.45325896 -0.10002068 -0.31775975
v 0.44681165 -0.11670101 -0.31787673
v 0.44774830 -0.13725431 -0.31805706
v 0.44175947 -0.13852726 -0.31772619
v 0.43258944 -0.16290377 -0.31761464
v 0.43919826 -0.16392405 -0.31784618
v 0.42507401 -0.18811472 -0.31759045
v 0.43016127 -0.18838197 -0.31772375
v 0.41475978 -0.20547867 -0.31751353
v 0.41836670 -0.20991769 -0.31772161
v 0.41084886 -0.21753694 -0.31763852
v 0.41911069 -0.21552819 -0.31715617
v 0.40377793 -0.23667642 -0.31748819
v 0.39922118 -0.23398632 -0.31749374
v 0.38715607 -0.26117662 -0.31784627
v 0.39074412 -0.24756803 -0.31740868
v 0.38144317 -0.26283729 -0.31757188
v 0.38272265 -0.27505332 -0.31736195
v 0.39402798 -0.25849020 -0.31714860
v 0.40779260 -0.23606567 -0.31691027
v 0.37802333 -0.27615604 -0.31796607
v 0.37008998 -0.27835065 -0.31771660
v 0.36929336 -0.29138210 -0.31785008
v 0.35551739 -0.29884416 -0.31760365
v 0.36390558 -0.29990077 -0.31739119
v 0.35534614 -0.30603164 -0.31774470
v 0.34845385 -0.30760017 -0.31754836
v 0.33819136 -0.31890056 -0.31761864
v 0.33875099 -0.32503730 -0.31755799
v 0.32786417 -0.32895160 -0.31756616
v 0.32808745 -0.33861148 -0.31730202
v 0.31946865 -0.33731446 -0.31766447
v 0.30645809 -0.35494399 -0.31774488
v 0.30374995 -0.35064930 -0.31747982
v 0.29256836 -0.36600101 -0.31787169
v 0.28778857 -0.36313349 -0.31778306
v 0.26808375 -0.38340297 -0.31808633
v 0.27833241 -0.36805809 -0.31746328
v 0.26311404 -0.37951103 -0.31742612
v 0.25195608 -0.38686910 -0.31739601
v 0.24899508 -0.39678851 -0.31790411
v 0.23197901 -0.39980975 -0.31769598
v 0.22083119 -0.41245061 -0.31796548
v 0.20357461 -0.41474274 -0.31758305
v 0.19536386 -0.42593232 -0.31783625
v 0.18405619 -0.42362207 -0.31738704
v 0.16757089 -0.43071029 -0.31756312
v 0.16790675 -0.43749133 -0.31777167
v 0.15144216 -0.43823484 -0.31743383
v 0.13683802 -0.44890282 -0.31770706
v 0.13215703 -0.44534719 -0.31776449
v 0.11986279 -0.44655988 -0.31768125
v 0.09463786 -0.45800474 -0.31747544
v 0.11580186 -0.45775312 -0.31739402
v 0.09616066 -0.45050704 -0.31701085
v 0.08247811 -0.45605081 -0.31714717
v 0.06689858 -0.46246195 -0.31745785
v 0.04956983 -0.46099231 -0.31712669
v 0.03881316 -0.46983743 -0.31678703
v -0.02469926 -0.46427780 -0.31730065
v -0.01958475 -0.46984643 -0.31706944
v -0.02969569 -0.46023658 -0.31710944
v -0.07399164 -0.45994255 -0.31689775
v -0.09217647 -0.46229914 -0.31666750
v -0.05969007 -0.46828860 -0.31678677
v -0.10427622 -0.45796770 -0.31681129
v 0.06687430 -0.46806526 -0.31685778
v 0.09572491 -0.46306795 -0.31688857
v -0.08336351 -0.45671770 -0.31664699
v -0.04035026 -0.45658034 -0.31639114
v -0.10371022 -0.45102921 -0.31653798
v -0.11807476 -0.44874027 -0.31694967
v -0.12297402 -0.45447698 -0.31678626
v -0.13566513 -0.44660568 -0.31717968
v -0.14817238 -0.44799867 -0.31673467
v -0.14943710 -0.44094586 -0.31678295
v 0.03294478 -0.45647427 -0.31633276
v 0.23907226 -0.40425697 -0.31771603
v 0.20155059 -0.42677945 -0.31729499
v 0.18033656 -0.43629345 -0.31717929
v 0.15203503 -0.44735953 -0.31706113
v 0.25663647 -0.39620638 -0.31726092
v 0.31238097 -0.35364088 -0.31719401
v -0.11528151 -0.44513276 -0.31615451
v -0.07843072 -0.45276871 -0.31570226
v 0.44904190 0.14548667 -0.31702274
v 0.27899235 0.36605966 -0.31615043
v -0.17406718 0.42675290 -0.31612194
v -0.16436400 0.42906249 -0.31583250
v 0.11042717 0.44554436 -0.31637996
v 0.25171688 0.38585156 -0.31609687
v 0.35084790 -0.31552073 -0.31703249
v -0.45838177 0.00791303 -0.31599259
v -0.10708597 0.44547537 -0.31613049
v -0.11067027 0.44344595 -0.31579828
v 0.30093622 0.35140127 -0.31588632
v 0.28940514 -0.37231609 -0.31718478
v 0.14302498 0.43801934 -0.31600714
v 0.13027163 0.43974251 -0.31552374
v 0.43542433 0.18179759 -0.31697083
v 0.30385473 -0.36197764 -0.31681493
v -0.12875092 -0.44171235 -0.31576303
v 0.23350897 0.39598414 -0.31585795
v -0.36010033 -0.28958297 -0.31640100
v 0.27074611 0.37086856 -0.31569639
v -0.15547356 0.43328580 -0.31591210
v 0.43451786 -0.18435067 -0.31709057
v 0.24011840 0.39201447 -0.31569624
v -0.03200701 -0.47276527 -0.31614977
v 0.19569381 0.41613135 -0.31601685
v -0.15664302 -0.43250585 -0.31523094
v -0.09579506 -0.44776508 -0.31506011
v -0.40603802 -0.21828537 -0.31626418
v -0.19017331 0.41806844 -0.31560388
v -0.18223809 0.42183173 -0.31538516
v 0.08845615 0.44939119 -0.31591514
v -0.44687438 -0.11492753 -0.31621617
v -0.39390987 -0.23637359 -0.31543589
v -0.14305487 0.43810618 -0.31599751
v -0.30284685 0.36335093 -0.31649822
v 0.28518158 0.37725976 -0.31571189
v -0.45225114 -0.09286971 -0.31521925
v -0.45479861 -0.07875147 -0.31556773
v -0.45752174 -0.05937293 -0.31583035
v -0.14624475 0.43581426 -0.31548125
v -0.23680860 0.39482814 -0.31583878
v -0.22623926 0.40004376 -0.31559733
v -0.31970730 -0.33224204 -0.31608492
v 0.09286193 0.44709331 -0.31538373
v -0.43826282 0.13724376 -0.31631410
v -0.43982199 0.12571670 -0.31526631
v -0.47270074 -0.02999459 -0.31607795
v -0.45711213 0.05270784 -0.31602955
v -0.45291090 0.07374816 -0.31590167
v -0.34357509 -0.30863729 -0.31600764
v -0.35113859 -0.30017403 -0.31587139
v -0.40716091 0.21226799 -0.31569457
v -0.11885481 -0.45860189 -0.31579375
v -0.39006475 -0.24405383 -0.31574947
v -0.21765523 0.40464801 -0.31552258
v -0.19777711 0.41425151 -0.31549403
v 0.41316581 -0.19775166 -0.31585547
v 0.41749829 -0.18996857 -0.31577903
v 0.42210966 -0.18061487 -0.31578317
v -0.40749350 -0.21212894 -0.31539580
v 0.06958311 -0.46940839 -0.31598702
v 0.39523906 -0.23087339 -0.31588393
v 0.09131822 -0.44766474 -0.31571418
v 0.39133295 -0.23848175 -0.31584916
v 0.39142048 0.23822300 -0.31606367
v -0.44182891 0.12374653 -0.31634679
v 0.03326484 0.45456469 -0.31575131
v -0.42970917 0.15991297 -0.31565902
v -0.43283367 0.14903644 -0.31536433
v 0.12895203 -0.44155395 -0.31635052
v 0.38100997 0.25684136 -0.31610057
v 0.40641147 0.20998408 -0.31601337
v -0.44917446 0.09009294 -0.31586206
v -0.10739695 -0.46188450 -0.31519595
v -0.44714147 -0.10841630 -0.31535640
v -0.13656041 -0.45474899 -0.31535617
v -0.36687782 -0.27741265 -0.31553689
v -0.37105131 -0.27106968 -0.31534791
v 0.18326746 -0.41723108 -0.31516236
v 0.15523992 -0.43229651 -0.31612077
v 0.14394690 -0.43668815 -0.31588912
v 0.36074224 0.28549126 -0.31577352
v 0.34972388 0.30239260 -0.31605634
v 0.34597230 0.30602574 -0.31553963
v -0.39710093 0.22977328 -0.31545004
v -0.38178879 0.25737527 -0.31589395
v -0.37401375 0.26785308 -0.31570733
v -0.32347921 0.32897064 -0.31586400
v -0.30852851 0.34322959 -0.31596279
v 0.21108428 -0.40654162 -0.31572518
v -0.25359616 0.38405544 -0.31572488
v -0.45020601 -0.14465365 -0.31622237
v -0.33981735 0.31225392 -0.31594241
v -0.39784485 -0.25686538 -0.31560785
v 0.43634284 0.14000301 -0.31618536
v -0.08887058 0.46604058 -0.31524733
v 0.41350955 0.19714496 -0.31629166
v -0.19526540 -0.43205473 -0.31552628
v -0.35479781 0.29367277 -0.31578618
v -0.44655767 -0.15738294 -0.31581277
v 0.29095626 -0.35660762 -0.31623980
v -0.44554180 0.10694268 -0.31611955
v -0.44756424 0.09035438 -0.31458819
v -0.29017460 0.35801274 -0.31600162
v 0.34111837 0.31165028 -0.31544796
v 0.43657303 -0.14030918 -0.31593052
v 0.11233200 -0.44329244 -0.31571472
v 0.44169381 0.12502816 -0.31673104
v -0.43254289 -0.19278495 -0.31583485
v -0.28331620 0.36192375 -0.31548962
v -0.27050868 0.37113911 -0.31522661
v -0.26507217 0.37612233 -0.31573319
v -0.42512897 0.20792346 -0.31568342
v 0.43960112 0.12805772 -0.31598219
v 0.42515200 -0.17127842 -0.31570381
v 0.43255967 -0.15129706 -0.31582522
v 0.42881119 -0.16168258 -0.31586611
v -0.30024356 0.34898928 -0.31529379
v -0.46146932 -0.10739776 -0.31557149
v 0.19620822 0.43109071 -0.31534776
v -0.29464465 0.35333771 -0.31530091
v -0.22742698 -0.41630793 -0.31534147
v 0.16138840 0.44547516 -0.31514543
v 0.38536486 0.27611727 -0.31483966
v 0.38049689 -0.25689057 -0.31571031
v 0.30682370 -0.34503028 -0.31642172
v -0.38850653 -0.27096596 -0.31540972
v 0.44377074 -0.11491997 -0.31619677
v 0.23400579 -0.39535072 -0.31618521
v -0.18533345 0.43608794 -0.31512356
v 0.24603932 0.40511796 -0.31500468
v 0.26850688 0.39006278 -0.31522048
v 0.27794725 0.38360828 -0.31507686
v -0.40967900 0.23798528 -0.31536448
v -0.21135615 0.42369607 -0.31567240
v -0.22584251 0.41643742 -0.31549406
v -0.43962294 0.17527668 -0.31568128
v -0.44347370 0.16662253 -0.31577349
v -0.44708404 0.15880947 -0.31515372
v 0.23793502 0.40966430 -0.31496668
v 0.35988098 -0.28808573 -0.31627131
v 0.35517117 -0.29331967 -0.31583193
v 0.37004742 -0.27117962 -0.31538641
v -0.21751897 -0.42178944 -0.31497124
v 0.24226984 -0.39058036 -0.31615511
v 0.33285990 -0.31953469 -0.31570920
v -0.25002235 -0.40313870 -0.31511679
v -0.25839591 -0.39753258 -0.31541190
v -0.26898602 -0.38977054 -0.31544346
v 0.30494010 0.36296648 -0.31518099
v -0.26823911 0.39070731 -0.31515822
v -0.11519762 -0.44313556 -0.31502342
v -0.10656389 0.46241561 -0.31492102
v -0.11945054 0.45889407 -0.31510401
v 0.33651203 0.33299348 -0.31532678
v -0.41475645 0.22900833 -0.31522906
v 0.26561698 -0.37499550 -0.31617880
v 0.27116725 -0.36990491 -0.31592333
v -0.24765924 0.40419760 -0.31489372
v -0.43618584 0.13871221 -0.31534910
v 0.31649017 -0.33615178 -0.31607541
v 0.31082681 -0.34047222 -0.31574246
v -0.37761697 -0.28533641 -0.31589237
v -0.38291490 -0.27902994 -0.31537360
v 0.13448849 -0.45449710 -0.31597427
v -0.46211079 0.10715088 -0.31524080
v -0.46431935 0.09176772 -0.31619853
v -0.46608624 0.08849780 -0.31525430
v -0.31888825 0.35054839 -0.31540874
v -0.33655158 0.33371392 -0.31496489
v 0.40247682 0.24998052 -0.31500903
v 0.41484350 0.22902024 -0.31502780
v 0.28524506 -0.35943204 -0.31552878
v -0.37652043 0.28789011 -0.31509516
v -0.38276619 0.27955696 -0.31508610
v -0.45561594 0.04486001 -0.31398302
v 0.16685283 -0.44340280 -0.31594989
v 0.34611249 0.32356095 -0.31492797
v -0.33497018 -0.33498102 -0.31576195
v 0.19711709 -0.43058756 -0.31604713
v 0.37252977 0.29333010 -0.31516388
v -0.36260349 0.30549860 -0.31491724
v -0.36919478 0.29729253 -0.31519172
v 0.30432823 -0.34505662 -0.31387618
v 0.35923585 0.30901343 -0.31478733
v 0.31172442 0.35716358 -0.31490961
v 0.22585878 -0.41607761 -0.31606856
v 0.10818586 -0.46203879 -0.31536430
v 0.11953043 -0.45937303 -0.31525850
v 0.37683627 -0.28646269 -0.31525955
v 0.44745594 0.15712072 -0.31490716
v 0.45139965 0.14651875 -0.31476420
v 0.02964123 -0.45485094 -0.31476694
v -0.28805622 0.37640864 -0.31493288
v 0.14843290 -0.45062402 -0.31526491
v 0.44004369 0.17590500 -0.31510848
v -0.00818867 -0.45548511 -0.31423897
v 0.43617347 0.18575983 -0.31497863
v 0.43233913 0.19435778 -0.31511581
v -0.35868949 -0.31048080 -0.31505430
v -0.36592147 -0.30068776 -0.31611660
v 0.42904937 -0.20154926 -0.31454298
v 0.32889852 -0.34022599 -0.31572339
v 0.32149073 -0.34763312 -0.31529957
v 0.31547603 -0.35333976 -0.31529132
v 0.17764877 -0.43943313 -0.31530213
v -0.45102921 -0.14671844 -0.31480053
v 0.28809717 -0.37601608 -0.31501219
v -0.44270855 -0.11760147 -0.31233409
v -0.45468816 -0.07025285 -0.31425133
v -0.10625569 0.44371456 -0.31365275
v 0.38802934 -0.24178003 -0.31416100
v 0.39365315 -0.23142631 -0.31357101
v -0.25032166 0.38422742 -0.31276464
v -0.23597401 0.39379632 -0.31369472
v 0.42133656 -0.17796911 -0.31322548
v 0.41699979 -0.18705125 -0.31261370
v -0.44372049 -0.11025208 -0.30944389
v 0.43616802 -0.13675225 -0.31299588
v 0.43279892 -0.14762759 -0.31341571
v 0.42490169 -0.16981494 -0.31359777
v 0.44009241 -0.12439313 -0.31390443
v -0.15302981 0.43299448 -0.31320074
v -0.37352237 -0.06348209 -0.30400223
v -0.37563843 -0.03356246 -0.30353692
v -0.36852309 -0.08348649 -0.30363184
v -0.37628332 -0.05083520 -0.30423748
v -0.37224346 -0.07913279 -0.30455932
v -0.36549863 -0.09522524 -0.30392602
v -0.36966425 -0.10260444 -0.30488217
v -0.36134651 -0.11821540 -0.30428872
v -0.38257653 -0.05005093 -0.30491546
v -0.38051337 -0.00558492 -0.30478203
v -0.37787095 -0.07689793 -0.30479968
v -0.38625267 -0.04581299 -0.30490661
v -0.37987787 0.06870425 -0.30485266
v -0.36976162 0.07879737 -0.30456284
v -0.36621538 0.09759704 -0.30482656
v -0.36628878 0.12299727 -0.30481473
v -0.35817423 0.12046871 -0.30413118
v -0.35277584 0.13377371 -0.30450639
v -0.35371614 0.15243845 -0.30512649
v -0.36385050 0.13737914 -0.30480531
v -0.34357214 0.15591149 -0.30443102
v -0.33952239 0.16810952 -0.30472463
v -0.33764479 0.18530519 -0.30489382
v -0.32465521 0.21497765 -0.30505413
v -0.31260994 0.21143919 -0.30482936
v -0.32547942 0.19231693 -0.30486196
v -0.30970374 0.22789477 -0.30511054
v -0.29353780 0.24758525 -0.30463895
v -0.28351077 0.24789260 -0.30421406
v -0.28107160 0.26040134 -0.30447972
v -0.25657541 0.27511394 -0.30410177
v -0.26697606 0.27426818 -0.30452019
v -0.25246927 0.28895512 -0.30450618
v -0.23621385 0.30170491 -0.30487379
v -0.22685537 0.31090745 -0.30503818
v -0.21097659 0.31969082 -0.30500704
v -0.23434284 0.30977196 -0.30468225
v -0.24331124 0.30215666 -0.30440038
v -0.20739897 0.32855242 -0.30462047
v -0.22657794 0.31685606 -0.30455881
v -0.20418760 0.31657347 -0.30451047
v -0.17902383 0.33707091 -0.30475456
v -0.19335748 0.33577025 -0.30473670
v -0.36908579 0.12633345 -0.30454335
v -0.38253823 0.07270636 -0.30454859
v -0.37294272 -0.11436499 -0.30429709
v -0.36950576 -0.12560838 -0.30429164
v -0.36546704 -0.13316630 -0.30438536
v -0.36176935 0.14400107 -0.30473986
v -0.38449207 -0.06812664 -0.30440468
v -0.15602294 0.34296679 -0.30448458
v -0.14708988 0.35286051 -0.30496755
v -0.16309337 0.35130051 -0.30465761
v -0.17037110 0.34700245 -0.30463672
v -0.17809542 0.34344891 -0.30448624
v -0.18690711 0.33946431 -0.30430141
v -0.15561703 0.35448197 -0.30458254
v -0.14815731 0.35801318 -0.30464861
v -0.11823481 0.36238259 -0.30446336
v -0.10415468 0.37122408 -0.30473852
v -0.07690884 0.36783928 -0.30422395
v -0.09006569 0.37525928 -0.30470031
v -0.05888123 0.37454835 -0.30413118
v -0.06101299 0.38233712 -0.30429354
v -0.03234550 0.38112012 -0.30470833
v -0.03101243 0.38629135 -0.30478564
v 0.03539154 0.38556075 -0.30488837
v 0.04910918 0.37556303 -0.30417493
v 0.07499090 0.37906748 -0.30461353
v -0.13683951 0.34824750 -0.30398464
v -0.12160403 0.35493198 -0.30388924
v 0.03310993 0.37525502 -0.30399108
v -0.29125750 0.25517023 -0.30405924
v -0.27700055 0.26997003 -0.30392465
v -0.26224294 0.28412786 -0.30404764
v -0.25512946 0.29122856 -0.30416104
v 0.03147243 0.38811725 -0.30451179
v -0.02922869 0.38808638 -0.30464843
v 0.05810113 0.37478226 -0.30401680
v 0.09288309 0.37499708 -0.30498916
v 0.09647072 0.36575118 -0.30451337
v 0.10450704 0.37157297 -0.30474061
v 0.11673826 0.36754689 -0.30447048
v 0.10000308 0.36204019 -0.30390403
v 0.12152053 0.35945430 -0.30436227
v 0.13031094 0.36411858 -0.30472839
v 0.14181378 0.35975209 -0.30509821
v 0.14003915 0.34768736 -0.30401033
v 0.14953615 0.35215884 -0.30486003
v 0.14814416 0.35844865 -0.30488917
v 0.15573542 0.35477576 -0.30473444
v 0.16284151 0.35097751 -0.30481941
v 0.15494555 0.34212270 -0.30371594
v 0.17291822 0.33801508 -0.30431041
v 0.18066832 0.34307000 -0.30438733
v 0.19097337 0.32702890 -0.30409017
v 0.19954765 0.33254829 -0.30448064
v 0.20134935 0.31868866 -0.30378330
v 0.22187248 0.30745026 -0.30420324
v 0.23608083 0.30715826 -0.30427369
v 0.22981204 0.29810217 -0.30353644
v 0.24202150 0.29246119 -0.30378479
v 0.25013071 0.29287463 -0.30382931
v 0.25776604 0.28545606 -0.30388877
v 0.25461209 0.27621636 -0.30348152
v 0.26489791 0.27812409 -0.30379778
v 0.27250391 0.25987682 -0.30351642
v 0.27245942 0.27060759 -0.30385187
v 0.27965429 0.26333719 -0.30362129
v 0.28535730 0.24727841 -0.30370903
v 0.28745967 0.25563863 -0.30375680
v 0.29335758 0.25091740 -0.30330351
v 0.29747134 0.23755991 -0.30412295
v 0.30746317 0.23473775 -0.30415666
v 0.30001807 0.22833979 -0.30406120
v 0.30968276 0.21629444 -0.30434588
v 0.31677014 0.22448507 -0.30408940
v 0.32108420 0.21921287 -0.30430672
v 0.32353687 0.19989331 -0.30422112
v 0.32440698 0.21418488 -0.30418995
v 0.33446512 0.19586623 -0.30399829
v 0.33707556 0.17786594 -0.30427000
v 0.34879291 0.16686179 -0.30452216
v 0.34335661 0.15971258 -0.30448788
v 0.35288495 0.14911307 -0.30479276
v 0.35428596 0.13418756 -0.30455866
v 0.36413163 0.12552688 -0.30480611
v 0.35792738 0.14805415 -0.30448505
v 0.36539450 0.13307895 -0.30442318
v 0.37071991 0.09914097 -0.30516779
v 0.36647147 0.09650097 -0.30478662
v 0.37411708 0.06848866 -0.30460030
v 0.37868160 0.08275422 -0.30463666
v 0.38118336 0.05976771 -0.30477697
v 0.37277478 0.11366170 -0.30432525
v 0.37951359 0.00918593 -0.30489793
v 0.38245076 -0.00866159 -0.30506459
v 0.37674859 -0.05295594 -0.30459863
v 0.38165581 -0.05750648 -0.30475163
v 0.37262577 -0.07369953 -0.30504113
v 0.37967771 -0.08077618 -0.30459088
v 0.37306905 -0.08521245 -0.30523455
v 0.36691204 -0.08734247 -0.30461809
v 0.36536929 -0.10551242 -0.30498484
v 0.37405485 -0.09922129 -0.30487648
v 0.36613682 -0.11782704 -0.30499291
v 0.35817197 -0.12434624 -0.30465886
v 0.36071748 -0.13144042 -0.30502668
v 0.35265064 -0.14804091 -0.30519938
v 0.38239652 0.06807246 -0.30435959
v 0.34779203 -0.14307892 -0.30434284
v 0.34254223 -0.16114603 -0.30483001
v 0.34628293 -0.17320435 -0.30463815
v 0.33420917 -0.17909877 -0.30465472
v 0.32745612 -0.20658034 -0.30456924
v 0.32126656 -0.20058812 -0.30476084
v 0.31597421 -0.21049486 -0.30508736
v 0.32195002 -0.21651559 -0.30430967
v 0.30825210 -0.22585523 -0.30500090
v 0.30582607 -0.21952973 -0.30481392
v 0.29038164 -0.24040367 -0.30424434
v 0.36154154 -0.14087632 -0.30438566
v 0.36916414 -0.12420348 -0.30409914
v 0.36502850 -0.13320699 -0.30419371
v 0.35789952 -0.14784102 -0.30468678
v 0.35403943 -0.15758975 -0.30445671
v 0.35036433 -0.16627099 -0.30433491
v -0.34706801 0.17419800 -0.30457506
v -0.33550858 0.19674446 -0.30454302
v -0.33162293 0.20342840 -0.30464002
v -0.38209817 -0.07260513 -0.30446246
v 0.06430254 0.37143910 -0.30380011
v 0.11456057 0.36961019 -0.30427405
v 0.05877803 0.37185714 -0.30350125
v 0.27992627 0.24944675 -0.30297944
v 0.21250318 0.31086174 -0.30355608
v 0.36175361 -0.10670626 -0.30409548
v 0.38431180 0.06601462 -0.30396846
v 0.36848569 0.08305232 -0.30424699
v 0.37293720 0.06292348 -0.30394781
v 0.37647381 -0.00681593 -0.30396625
v 0.25872779 0.27060202 -0.30308339
v 0.37367472 -0.05935479 -0.30403957
v 0.37586612 -0.03529646 -0.30413023
v 0.35085362 0.16576985 -0.30407712
v -0.36170986 -0.10680748 -0.30345762
v -0.15646377 0.34053555 -0.30372572
v -0.36502683 0.09450173 -0.30416301
v -0.16895850 0.33497745 -0.30385363
v 0.11606663 0.36946964 -0.30278492
v 0.34145832 0.16004571 -0.30375481
v -0.36570600 0.13648532 -0.30419424
v -0.27088276 0.25922671 -0.30364031
v -0.24604781 0.28299612 -0.30363384
v -0.28289029 0.24660675 -0.30366570
v 0.35848823 -0.11753541 -0.30370370
v 0.36528385 0.09343517 -0.30338210
v 0.25050363 0.27818546 -0.30183443
v -0.05878831 0.38450056 -0.30258101
v 0.28132239 0.26339698 -0.30230358
v -0.09067637 0.37697130 -0.30301034
v 0.37605348 0.01410355 -0.30202484
v 0.31260586 -0.35514367 -0.19610432
v 0.29873872 -0.36767578 -0.19708474
v 0.32327545 -0.34639469 -0.19710177
v 0.31176016 -0.35707179 -0.20303690
v 0.29799008 -0.36871967 -0.20053303
v 0.27926192 -0.38332170 -0.20196056
v 0.28118929 -0.38198829 -0.24276076
v 0.29682213 -0.36990464 -0.29172051
v 0.28799373 -0.37697661 -0.30919257
v 0.29856202 -0.36874369 -0.31005555
v 0.30328050 -0.36448619 -0.27821824
v 0.31302062 -0.35636947 -0.30855116
v 0.31102327 -0.35773137 -0.27939224
v 0.32516935 -0.34470299 -0.22302891
v 0.32031348 -0.34909323 -0.28060690
v 0.33096233 -0.33945209 -0.20156531
v 0.33482605 -0.33523712 -0.24260940
v 0.33406353 -0.33594421 -0.28792337
v 0.33047342 -0.33973196 -0.31196198
v 0.30743682 -0.36074281 -0.31444028
v 0.34497470 -0.32509491 -0.30883384
v 0.34627369 -0.32392249 -0.19759884
v 0.34747800 -0.32240930 -0.22621524
v 0.34599730 -0.32372123 -0.28423914
v 0.36018780 -0.30860731 -0.30851412
v 0.35981598 -0.30889767 -0.19797488
v 0.35952279 -0.30921546 -0.22411868
v 0.35966301 -0.30877551 -0.27594131
v 0.34656182 -0.32262740 -0.31516361
v 0.35512391 -0.31333777 -0.31514981
v 0.33799672 -0.33132106 -0.31533486
v 0.27973938 -0.38311753 -0.29349890
v 0.27682930 -0.38540912 -0.30945343
v 0.37151814 -0.29485303 -0.20067891
v 0.37173286 -0.29422346 -0.25528470
v 0.37214822 -0.29407257 -0.31033421
v 0.36211425 -0.30524880 -0.31509572
v 0.36913225 -0.29685280 -0.31499469
v 0.26619646 -0.39261219 -0.21369123
v 0.26726866 -0.39179239 -0.29404771
v 0.26715669 -0.39171487 -0.19821702
v 0.25332081 -0.40130720 -0.20864759
v 0.29700565 -0.36910111 -0.31520846
v 0.28162146 -0.38093925 -0.31511480
v 0.25162405 -0.40231404 -0.31014571
v 0.25485262 -0.40003428 -0.22967032
v 0.25328636 -0.40103504 -0.29700270
v 0.25380006 -0.40039602 -0.19711711
v 0.26876286 -0.39026225 -0.31494671
v 0.25780261 -0.39746785 -0.31551829
v 0.23864534 -0.40986896 -0.20059139
v 0.24861926 -0.40371481 -0.23274970
v 0.23488644 -0.41198370 -0.22893630
v 0.22503436 -0.41762716 -0.20875280
v 0.22300228 -0.41881797 -0.23837943
v 0.22691946 -0.41653201 -0.29023379
v 0.22802460 -0.41609645 -0.30544993
v 0.22555308 -0.41709965 -0.31343883
v 0.24725699 -0.40421006 -0.31547362
v 0.23674391 -0.41020477 -0.31541273
v 0.21647820 -0.42169869 -0.19736311
v 0.21018617 -0.42528814 -0.29154983
v 0.20424810 -0.42847180 -0.30884615
v 0.20656173 -0.42691150 -0.20803766
v 0.20994601 -0.42548963 -0.24237214
v 0.21433903 -0.42286348 -0.31400079
v 0.23453841 -0.41156015 -0.19681039
v 0.19332209 -0.43334845 -0.20903783
v 0.18878172 -0.43502635 -0.19759452
v 0.19917960 -0.43052053 -0.31362879
v 0.19385476 -0.43299073 -0.29095128
v 0.18090880 -0.43883219 -0.30935395
v 0.18051863 -0.43875203 -0.28841648
v 0.16447693 -0.44539258 -0.28985342
v 0.16368689 -0.44592729 -0.30931607
v 0.16966256 -0.44308159 -0.19742355
v 0.16388632 -0.44565096 -0.21171318
v 0.17979544 -0.43915078 -0.21089475
v 0.18572037 -0.43615776 -0.31529441
v 0.16338503 -0.44559139 -0.31393597
v 0.15107816 -0.45016643 -0.19695422
v 0.14899296 -0.45107147 -0.20942315
v 0.14868701 -0.45127591 -0.30356014
v 0.13718688 -0.45490110 -0.31300455
v 0.13588800 -0.45514557 -0.19850820
v 0.13549438 -0.45543864 -0.30057672
v 0.13613160 -0.45515743 -0.23474604
v 0.12297203 -0.45908722 -0.31054935
v 0.36678708 -0.30007190 -0.19692807
v 0.38145164 -0.28160715 -0.30454955
v 0.11799432 -0.46000436 -0.29434243
v 0.11852399 -0.45967114 -0.23261073
v 0.09524041 -0.46582285 -0.30829114
v 0.10609572 -0.46288189 -0.29028240
v 0.10732275 -0.46238011 -0.24987774
v 0.10606447 -0.46280083 -0.20300622
v 0.12389733 -0.45821941 -0.20127712
v 0.11193336 -0.46077597 -0.19655357
v 0.09243681 -0.46558717 -0.19768254
v 0.09082473 -0.46618047 -0.28744623
v 0.09187815 -0.46566227 -0.24736154
v 0.09107619 -0.46593985 -0.21506183
v 0.07682101 -0.46870986 -0.19802892
v 0.07679383 -0.46866417 -0.22632372
v 0.07710361 -0.46931502 -0.31301701
v 0.09224202 -0.46572474 -0.31550762
v 0.07706057 -0.46896285 -0.29157129
v 0.21249606 -0.42291442 -0.31612751
v 0.20509575 -0.42693710 -0.19691479
v 0.06277736 -0.47096974 -0.26010972
v 0.06495122 -0.47033244 -0.21336468
v 0.04973337 -0.47271022 -0.31041583
v 0.04881744 -0.47275701 -0.26073745
v 0.04843377 -0.47246456 -0.23179144
v 0.04838992 -0.47231525 -0.19791035
v 0.04916522 -0.47256884 -0.30017403
v 0.02427220 -0.47432002 -0.29748237
v 0.02748548 -0.47423762 -0.26220936
v 0.04824945 -0.47260812 -0.31394941
v 0.15747815 -0.44706449 -0.31571403
v 0.02490551 -0.47420183 -0.19721177
v 0.12996143 -0.45567954 -0.19610301
v 0.03270310 -0.47280204 -0.19545612
v 0.27320784 -0.38569432 -0.31689242
v 0.35749331 -0.30936837 -0.19540460
v 0.03487553 -0.47273636 -0.31598434
v 0.19599020 -0.42971981 -0.19521762
v 0.21752901 -0.41873938 -0.19508655
v 0.22942565 -0.41221029 -0.31746387
v -0.42698705 -0.20642057 -0.31381726
v -0.43239635 -0.19520602 -0.31347337
v -0.42746502 -0.20357612 -0.31587312
v -0.43612850 -0.18562546 -0.31532097
v -0.42163676 -0.21605410 -0.31531739
v -0.43984336 -0.17822926 -0.31269598
v -0.43976128 -0.17593877 -0.31564474
v -0.44373524 -0.16686316 -0.31526163
v -0.44683853 -0.16003762 -0.31302881
v -0.41984028 -0.22137463 -0.30715293
v -0.41701683 -0.22466280 -0.31536093
v -0.41020647 -0.23806059 -0.31091624
v -0.43443650 -0.19174646 -0.30350754
v -0.42721176 -0.20705606 -0.30845889
v -0.44543004 -0.16479254 -0.30558798
v -0.44031164 -0.17796303 -0.28806326
v -0.43431935 -0.19268318 -0.21338698
v -0.43098500 -0.19975224 -0.21854563
v -0.42782202 -0.20669407 -0.22070207
v -0.44080627 -0.17741351 -0.21261156
v -0.43915373 -0.18114258 -0.19605334
v -0.44542262 -0.16429290 -0.28172976
v -0.44615418 -0.16269529 -0.19703390
v -0.45179847 -0.14664431 -0.22362922
v -0.44538957 -0.16493143 -0.22416309
v -0.45164621 -0.14701693 -0.26071259
v -0.45162395 -0.14740334 -0.30724522
v -0.43465784 -0.19128251 -0.19618692
v -0.42708308 -0.20762293 -0.19736576
v -0.41921845 -0.22329012 -0.21261258
v -0.42019120 -0.22081439 -0.19729789
v -0.41156268 -0.23710825 -0.20262806
v -0.41124278 -0.23717436 -0.23865390
v -0.45599928 -0.13358583 -0.25707328
v -0.45546240 -0.13488188 -0.19763640
v -0.45575485 -0.13383211 -0.30801061
v -0.40913451 -0.24060887 -0.19659969
v -0.46011293 -0.11810843 -0.29112962
v -0.45916590 -0.12141587 -0.31274581
v -0.46002668 -0.11777948 -0.21842219
v -0.45907888 -0.12112889 -0.19734462
v -0.45475134 -0.13399611 -0.31520900
v -0.46655232 -0.09135334 -0.30963737
v -0.46427301 -0.09946399 -0.27122462
v -0.46301559 -0.10534461 -0.21952455
v -0.46700397 -0.08756047 -0.19704056
v -0.46670514 -0.08879114 -0.23462623
v -0.46677840 -0.08864848 -0.28281644
v -0.46969619 -0.07499447 -0.30946741
v -0.46964520 -0.07361732 -0.28710359
v -0.46942687 -0.07387157 -0.22895619
v -0.46209544 -0.10830478 -0.31358016
v -0.46571064 -0.09304803 -0.31376833
v -0.47121820 -0.06063532 -0.19699124
v -0.47104779 -0.06262840 -0.22475703
v -0.47148532 -0.06190814 -0.30984604
v -0.46980599 -0.07121272 -0.31383640
v -0.47321743 -0.04560347 -0.25371972
v -0.47301614 -0.04458911 -0.22126971
v -0.47309494 -0.04434412 -0.19769593
v -0.47326061 -0.04558989 -0.31020877
v -0.40350208 -0.24918608 -0.28688371
v -0.40235126 -0.25105247 -0.30835178
v -0.40299925 -0.25047517 -0.24123041
v -0.40380564 -0.24967678 -0.21149501
v -0.39245963 -0.26695228 -0.22630127
v -0.39228207 -0.26732895 -0.25186259
v -0.39340729 -0.26507166 -0.30766243
v -0.39413318 -0.26488426 -0.20764758
v -0.39499259 -0.26328439 -0.19666652
v -0.40364483 -0.24832116 -0.31364143
v -0.39279839 -0.26493376 -0.31513786
v -0.38188803 -0.28177705 -0.29539379
v -0.38182455 -0.28209874 -0.23201793
v -0.38260064 -0.28119677 -0.20055389
v -0.38433605 -0.27819407 -0.30865711
v -0.37873179 -0.28591886 -0.19672191
v -0.36953488 -0.29798463 -0.20163071
v -0.36927971 -0.29831854 -0.25042236
v -0.36048833 -0.30899182 -0.30071270
v -0.37380335 -0.29155082 -0.31508628
v -0.36740828 -0.30069184 -0.31309614
v -0.41224679 -0.23248555 -0.31566450
v -0.40475270 -0.24498831 -0.31565559
v -0.35962549 -0.30963418 -0.22410700
v -0.35978237 -0.30945557 -0.28834620
v -0.35695165 -0.31254598 -0.19706698
v -0.34776095 -0.32300976 -0.19813547
v -0.34605131 -0.32486334 -0.30541989
v -0.34630412 -0.32405728 -0.28537926
v -0.34774360 -0.32269758 -0.22648916
v -0.36280358 -0.30533218 -0.19600527
v -0.34794611 -0.32263011 -0.31346092
v -0.44638702 -0.16054995 -0.19549310
v -0.33632371 -0.33478355 -0.31294355
v -0.33389214 -0.33695820 -0.28892285
v -0.33473301 -0.33602583 -0.22985654
v -0.33490640 -0.33632669 -0.20932755
v -0.31952387 -0.35046530 -0.22984059
v -0.32002851 -0.35009301 -0.28979084
v -0.31731999 -0.35273775 -0.21159229
v -0.34264848 -0.32750836 -0.31532031
v -0.47392321 -0.03372553 -0.31396317
v -0.47476596 -0.02550235 -0.31067395
v -0.47450089 -0.02681715 -0.29820010
v -0.47419873 -0.02737881 -0.22541381
v -0.47439185 -0.02594940 -0.19689979
v -0.46703351 -0.08509015 -0.19571009
v -0.47499999 0.00137915 -0.25653407
v -0.47497267 0.00197301 -0.29740340
v -0.47488591 0.00182996 -0.22084433
v -0.47492501 0.00022657 -0.19654475
v -0.47498950 -0.00121636 -0.31381708
v -0.45835826 -0.11894120 -0.31593305
v -0.47430399 0.02699650 -0.19672823
v -0.47421724 0.03007049 -0.25770897
v -0.47397304 0.02998760 -0.29552782
v -0.47438976 0.02462303 -0.31039125
v -0.46581623 -0.08847746 -0.31556359
v -0.46984503 -0.06402433 -0.31567001
v -0.47399911 0.00266151 -0.19442388
v -0.40593109 -0.24446699 -0.19558549
v -0.46882045 -0.06077852 -0.19372676
v -0.47346437 0.00310382 -0.31615767
v 0.37220722 -0.06491984 -0.19895233
v 0.37469965 -0.05611141 -0.19807573
v 0.37447721 -0.04396619 -0.20063220
v 0.37285241 -0.07638803 -0.19608061
v 0.36897951 -0.09570719 -0.19554748
v 0.36435550 -0.09627750 -0.19988188
v 0.36352068 -0.11414862 -0.19571169
v 0.35702255 -0.12019106 -0.19985215
v 0.35488972 -0.13962740 -0.19541273
v 0.35030746 -0.13743907 -0.19984366
v 0.34671420 -0.14640248 -0.20000274
v 0.34484270 -0.16309460 -0.19578770
v 0.33758610 -0.16980296 -0.19891512
v 0.37598404 -0.07265159 -0.19500244
v 0.37918812 -0.06146920 -0.19491540
v 0.37984791 -0.03924343 -0.19580887
v 0.37565359 -0.02856246 -0.20015725
v 0.37074235 -0.09669154 -0.19467282
v 0.36062595 -0.12571740 -0.19524719
v 0.38232896 -0.04864701 -0.19464362
v 0.38359419 -0.00036668 -0.19477040
v 0.38104659 0.00431268 -0.19613852
v 0.37799835 -0.01197894 -0.19851461
v 0.35144287 -0.15336050 -0.19502299
v 0.34103712 -0.17466107 -0.19512779
v 0.33596539 -0.17751607 -0.19709900
v 0.38166407 0.05734511 -0.19471200
v 0.37989634 0.05387438 -0.19507320
v 0.37735724 0.05654200 -0.19613558
v 0.37536368 0.07874615 -0.19476545
v 0.37270522 0.08233302 -0.19544487
v 0.37045926 0.10065402 -0.19492684
v 0.36771157 0.10390476 -0.19556509
v 0.36238280 0.12258959 -0.19534273
v 0.37767759 0.02397939 -0.19845872
v 0.32958293 -0.19274102 -0.19571364
v 0.35911009 0.12187217 -0.19771822
v 0.35614389 0.14053860 -0.19525224
v 0.34855458 0.14324386 -0.20066081
v 0.34931517 0.15273008 -0.19645782
v 0.34227210 0.15858030 -0.20050851
v 0.36514208 0.09498448 -0.20007670
v 0.36130834 0.10833119 -0.20035690
v 0.33900157 0.17585607 -0.19625548
v 0.32583854 -0.19083682 -0.19971332
v 0.31982651 -0.20038250 -0.20011327
v 0.31604707 -0.21042427 -0.19722642
v 0.31282851 -0.21067682 -0.20002341
v 0.30932918 -0.21550430 -0.19998199
v 0.37638324 -0.00955581 -0.20071170
v 0.35380480 0.13010642 -0.20037021
v -0.10422492 -0.36337245 -0.19753604
v -0.12269993 -0.36201397 -0.19450825
v -0.11137848 -0.36568090 -0.19468874
v -0.09629703 -0.37054524 -0.19464056
v -0.07824939 -0.37030393 -0.19757311
v -0.07353711 -0.37505361 -0.19500266
v -0.05168533 -0.37751076 -0.19634247
v -0.12688045 -0.35349542 -0.19998944
v -0.13872625 -0.35474119 -0.19559868
v -0.13661212 -0.35013127 -0.19981806
v -0.14672776 -0.34601706 -0.20033427
v -0.16025564 -0.34769234 -0.19489954
v -0.16783331 -0.34119427 -0.19676706
v -0.17415641 -0.34225792 -0.19464734
v -0.16488750 -0.33868533 -0.20005205
v -0.17286660 -0.33497721 -0.19979262
v -0.18675028 -0.33336231 -0.19507812
v -0.18207857 -0.33142355 -0.19842224
v -0.05983768 -0.37913668 -0.19477411
v -0.03682417 -0.37991336 -0.19572018
v -0.14253296 -0.35607061 -0.19475310
v -0.19713001 -0.32972193 -0.19451043
v -0.19698967 -0.32559928 -0.19624414
v -0.21039321 -0.31939831 -0.19483922
v -0.07849339 -0.37596303 -0.19450285
v -0.04140223 -0.38228008 -0.19500962
v -0.00225011 -0.38077044 -0.19618191
v -0.21841638 -0.31618798 -0.19446820
v -0.23741265 -0.29966059 -0.19489019
v -0.24388807 -0.29658058 -0.19434296
v -0.25296205 -0.28519627 -0.19484843
v 0.00021622 -0.38317838 -0.19494207
v 0.03108040 -0.37989625 -0.19569294
v 0.04066466 -0.37446234 -0.19993083
v 0.30770794 0.35903081 -0.19540051
v 0.32041851 0.34949884 -0.19743702
v 0.31730229 0.34967330 -0.19502366
v 0.33386517 0.33280200 -0.19467466
v 0.33630022 0.33413836 -0.19731748
v 0.35060215 0.31634721 -0.19515060
v 0.29025042 0.37482938 -0.19703226
v 0.29883975 0.36378431 -0.19448626
v 0.27838951 0.38118067 -0.19497064
v 0.27515900 0.38625750 -0.19707467
v 0.26219261 0.39246753 -0.19474143
v 0.24527779 0.40257049 -0.19441754
v 0.28572297 0.37265691 -0.19435586
v 0.22701503 0.41381586 -0.19450200
v 0.34937617 0.31239173 -0.19425113
v 0.36607274 0.29771277 -0.19501087
v 0.22186758 0.41926709 -0.19624548
v 0.20907468 0.42356479 -0.19460985
v 0.18786702 0.43394679 -0.19467844
v 0.17163402 0.43982637 -0.19446009
v 0.16403815 0.44576129 -0.19707589
v 0.15983969 0.44425753 -0.19441225
v 0.15256925 0.44862735 -0.19528857
v 0.36200804 0.30573630 -0.19695196
v 0.38134664 0.27855504 -0.19509587
v -0.17713346 -0.43952206 -0.19602475
v -0.19833116 -0.43091956 -0.19685730
v -0.19313902 -0.43109632 -0.19505225
v -0.16243103 -0.44288176 -0.19456807
v -0.14970610 -0.44781852 -0.19469662
v -0.14175974 -0.45167440 -0.19537245
v -0.17557725 -0.43832383 -0.19479269
v -0.20707236 -0.42290193 -0.19454919
v -0.21377005 -0.42157376 -0.19518839
v -0.13008367 -0.45304531 -0.19448705
v -0.11578012 -0.45874971 -0.19555226
v -0.11058941 -0.45780897 -0.19454876
v -0.10141884 -0.46240437 -0.19565736
v -0.08756544 -0.46285522 -0.19445658
v -0.08246615 -0.46614778 -0.19536924
v -0.22138399 -0.41978556 -0.19707401
v -0.22729155 -0.41314638 -0.19472004
v -0.23635344 -0.41100183 -0.19689536
v -0.45628253 0.12948529 -0.19570249
v -0.45181870 0.14266680 -0.19498110
v -0.45533592 0.13575181 -0.19792397
v -0.45046329 0.15151477 -0.19755073
v -0.44625828 0.15930346 -0.19514023
v -0.44044864 0.17704250 -0.19677898
v -0.46076798 0.11215659 -0.19539104
v -0.46689379 0.08458455 -0.19527513
v -0.43937153 0.17308760 -0.19442996
v -0.43658885 0.18218002 -0.19482854
v -0.46278480 0.09597514 -0.19410813
v -0.45562124 0.12341949 -0.19413407
v -0.45926735 0.10801268 -0.19391091
v -0.44806761 0.15001626 -0.19423701
v -0.46650165 0.07203096 -0.19377212
v -0.46973324 0.05016304 -0.19369914
v -0.45165101 0.13241886 -0.19388391
v -0.44315341 0.16029511 -0.19404182
v -0.47297373 0.03692848 -0.19473371
v -0.47265989 0.01783377 -0.19366752
v -0.43022707 0.18955803 -0.19411600
v -0.42525116 0.20410176 -0.19458753
v -0.43122050 0.19313912 -0.19478253
v -0.41974336 0.21485294 -0.19458687
v -0.40971410 0.23247930 -0.19436020
v 0.45143893 -0.14175913 -0.19537450
v 0.44697979 -0.15398198 -0.19512092
v 0.45062658 -0.14944096 -0.19755805
v 0.44232705 -0.17231601 -0.19829388
v 0.44213301 -0.16712609 -0.19534022
v 0.45566627 -0.12994264 -0.19611447
v 0.43903199 -0.17825116 -0.19637913
v 0.43542266 -0.18858024 -0.19792949
v 0.43132812 -0.19395116 -0.19568044
v 0.42379671 -0.20799883 -0.19533050
v 0.41661173 -0.22049710 -0.19495091
v 0.43534678 -0.18181193 -0.19495878
v 0.40950632 -0.23304150 -0.19492026
v 0.40254754 -0.24570064 -0.19495447
v 0.45048332 -0.13579302 -0.19446740
v 0.45757386 -0.11567815 -0.19495292
v 0.42704514 -0.19683316 -0.19473341
v 0.44016927 -0.16619708 -0.19463627
v 0.45959333 -0.10092405 -0.19459549
v 0.46268561 -0.09796797 -0.19534273
v 0.46544051 -0.07673189 -0.19457589
v 0.47005627 -0.05512096 -0.19544245
v 0.39957434 -0.25475159 -0.19669677
v 0.39220765 -0.26129240 -0.19490434
v 0.38676065 -0.27161083 -0.19552723
v -0.22241622 -0.30596611 -0.19778278
v -0.20888662 -0.31593817 -0.19765183
v -0.19782983 -0.32110482 -0.19985914
v -0.23726590 -0.29554668 -0.19696784
v -0.24584286 -0.28441894 -0.19947109
v -0.25255060 -0.27987069 -0.19775771
v -0.27376801 -0.26468730 -0.19494376
v -0.26902556 -0.26497507 -0.19710618
v -0.28720826 -0.24521624 -0.19734931
v -0.29863524 -0.23961423 -0.19452040
v -0.30119973 -0.23484471 -0.19501299
v -0.27923641 -0.26251069 -0.19414741
v -0.29322985 -0.23569787 -0.20001447
v -0.30697337 -0.22266394 -0.19722846
v -0.31619260 -0.21599488 -0.19478658
v -0.31858835 -0.20511580 -0.19778179
v -0.32948053 -0.19534481 -0.19489473
v -0.33468294 -0.17685208 -0.19813973
v -0.33634311 -0.18339807 -0.19477265
v -0.34275794 -0.17270567 -0.19464582
v -0.34993625 -0.15790014 -0.19463725
v -0.35320386 -0.14683008 -0.19521411
v -0.35319847 -0.13619438 -0.19797999
v -0.36067533 -0.12475444 -0.19533359
v -0.35741180 -0.12223677 -0.19895118
v -0.36053860 -0.11768818 -0.19711892
v -0.27636424 -0.25473744 -0.19914500
v -0.26571086 -0.26546711 -0.19955213
v -0.31081900 -0.21401313 -0.19950801
v 0.30443597 0.30955416 -0.19422704
v 0.27286607 0.32222509 -0.19418404
v 0.34169763 0.24240467 -0.19425371
v 0.26550275 0.38559106 -0.19422206
v 0.27953437 0.35297668 -0.19428632
v 0.22390525 0.38243079 -0.19415016
v 0.23259950 0.34403783 -0.19425179
v 0.19172339 0.42911646 -0.19421636
v 0.17382680 0.41803965 -0.19442175
v 0.22664471 0.40891421 -0.19406523
v 0.13752811 0.44576409 -0.19422011
v 0.19651493 0.37287503 -0.19416136
v 0.19127604 0.35281485 -0.19445235
v 0.20816720 0.32245073 -0.19479075
v 0.22063842 0.31407297 -0.19475763
v 0.23884700 0.31023380 -0.19459465
v 0.26299635 0.27873600 -0.19449383
v 0.24910939 0.29198477 -0.19465730
v 0.18669364 0.33512247 -0.19494127
v 0.16868854 0.34361121 -0.19519855
v 0.15383935 0.35058388 -0.19538108
v 0.14923747 0.36359194 -0.19490442
v 0.16091377 0.39077088 -0.19442980
v 0.11237071 0.42185247 -0.19441409
v 0.09328850 0.45411587 -0.19441043
v 0.07022903 0.41977474 -0.19439574
v 0.01205323 0.43762472 -0.19419959
v -0.03529444 0.42613801 -0.19418114
v 0.04866573 0.46366587 -0.19403890
v -0.04367238 0.45717749 -0.19403546
v -0.09664971 0.44830978 -0.19385485
v -0.07600228 0.42449084 -0.19397978
v -0.03263701 0.39371511 -0.19465476
v -0.07330140 0.46262515 -0.19377591
v 0.12319394 0.37746319 -0.19474128
v -0.08296452 0.37430441 -0.19460748
v -0.11808118 0.39475122 -0.19424300
v -0.11600322 0.36562112 -0.19451967
v -0.07400199 0.38700244 -0.19437546
v -0.14505757 0.41809425 -0.19406886
v -0.16828822 0.43557116 -0.19397935
v -0.19796900 0.42203963 -0.19419354
v -0.19188070 0.38592502 -0.19423717
v -0.23233341 0.40067154 -0.19419758
v -0.15336086 0.37070891 -0.19444257
v -0.24444737 0.36163059 -0.19426742
v -0.26325399 0.38624603 -0.19436593
v -0.27881944 0.37137085 -0.19433635
v -0.31301254 0.34356382 -0.19423489
v -0.36287180 0.28779989 -0.19417837
v -0.33673635 0.25029939 -0.19419964
v -0.31167629 0.29381520 -0.19420843
v -0.39305747 0.24736148 -0.19407789
v -0.38632676 0.19410086 -0.19403943
v -0.41127685 0.21139804 -0.19404837
v -0.35604265 0.20365690 -0.19422863
v -0.44414717 0.12936556 -0.19360764
v -0.43137670 0.16752006 -0.19379479
v -0.41645285 0.09283171 -0.19384396
v -0.43924275 0.00158859 -0.19345494
v -0.42303231 -0.01894799 -0.19348870
v -0.40328038 -0.03862755 -0.19378583
v -0.42210495 -0.07215403 -0.19319424
v -0.37832004 -0.08279324 -0.19406268
v -0.40636116 -0.11851116 -0.19342788
v -0.44505098 -0.13789858 -0.19314168
v -0.43428737 -0.16521731 -0.19312920
v -0.39197335 -0.15634294 -0.19354536
v -0.38765943 -0.20278199 -0.19358815
v -0.35858363 -0.23307860 -0.19378027
v -0.33294040 -0.27029708 -0.19386016
v -0.30272329 -0.25889847 -0.19413796
v -0.28057694 -0.32292727 -0.19400717
v -0.30866385 -0.34714946 -0.19394138
v -0.28056866 -0.36706313 -0.19407241
v -0.23222117 -0.36210382 -0.19409391
v -0.15602314 -0.39788818 -0.19421151
v -0.15354088 -0.44185621 -0.19422607
v -0.12653227 -0.44588098 -0.19409816
v -0.10228390 -0.40872219 -0.19429246
v -0.03725226 -0.39662039 -0.19474123
v 0.03780335 -0.38246366 -0.19485745
v -0.03417180 -0.42141086 -0.19443615
v -0.09794441 -0.44943061 -0.19419755
v -0.03788921 -0.46134245 -0.19441448
v -0.07185254 -0.46224171 -0.19421388
v 0.04796309 -0.41949803 -0.19444507
v -0.01033008 -0.43937775 -0.19439878
v 0.10807221 -0.42831647 -0.19450364
v 0.16576549 -0.38170031 -0.19452178
v 0.18370651 -0.40135938 -0.19453599
v 0.24010450 -0.36796990 -0.19462292
v 0.32048860 -0.31560612 -0.19480997
v 0.24010503 -0.34339735 -0.19466408
v 0.35884795 -0.24431302 -0.19460842
v 0.29820460 -0.30446428 -0.19473238
v 0.40477657 -0.16608036 -0.19446413
v 0.36642241 -0.18754774 -0.19453134
v 0.43591025 -0.08792979 -0.19427702
v 0.40318915 -0.13389638 -0.19432692
v 0.43409759 -0.03732708 -0.19416438
v 0.40123624 -0.10073790 -0.19430487
v 0.44866768 0.09254059 -0.19427910
v 0.42968777 0.05188474 -0.19419365
v 0.46379200 0.06701102 -0.19408230
v 0.45914087 -0.00032574 -0.19405331
v 0.46082535 -0.06318020 -0.19411473
v 0.46742612 -0.05158523 -0.19412622
v 0.46745855 0.05318113 -0.19413866
v 0.44390523 -0.12673032 -0.19429775
v 0.43194488 -0.16318858 -0.19445750
v 0.42073363 -0.19419318 -0.19452439
v 0.40509593 -0.22464840 -0.19452083
v 0.37412372 -0.27210513 -0.19462371
v 0.39075589 -0.25138164 -0.19456649
v 0.35216156 -0.31022283 -0.19457245
v 0.32241651 -0.33689731 -0.19460930
v 0.28617483 -0.36471969 -0.19467764
v 0.25444853 -0.38738051 -0.19459620
v 0.23437010 -0.40526989 -0.19457652
v 0.20321324 -0.42232037 -0.19455045
v 0.15168661 -0.44157815 -0.19458255
v 0.09451602 -0.44977158 -0.19452624
v 0.02056084 -0.46995515 -0.19428629
v 0.05470161 -0.46731248 -0.19447537
v 0.11307320 -0.39904988 -0.19452503
v -0.15501446 -0.35937390 -0.19454128
v -0.21888660 -0.40848663 -0.19423547
v -0.18689385 -0.43074724 -0.19429280
v -0.24237028 -0.40227368 -0.19420557
v -0.32648155 -0.32832596 -0.19381642
v -0.36254472 -0.29094627 -0.19384168
v -0.38289374 -0.25974104 -0.19359368
v -0.40310431 -0.22589681 -0.19345577
v -0.41861001 -0.19789812 -0.19340536
v -0.36832052 -0.11197336 -0.19421667
v -0.36562422 -0.15996388 -0.19407660
v -0.33095631 -0.19757991 -0.19447146
v -0.31642953 -0.22028220 -0.19445558
v -0.44909266 -0.09629789 -0.19303468
v -0.46140143 -0.06470076 -0.19303830
v -0.46482193 -0.00083045 -0.19318952
v -0.46320629 0.03930150 -0.19319929
v -0.45137691 0.09179652 -0.19360977
v -0.37353349 0.09529341 -0.19446854
v -0.37883735 0.07284670 -0.19438516
v -0.41234696 0.03936044 -0.19385847
v -0.38663027 0.02160739 -0.19420326
v -0.38379321 -0.01477150 -0.19426978
v -0.38241199 -0.05382037 -0.19417153
v -0.38244408 0.04217791 -0.19435385
v -0.36672053 0.12914495 -0.19435520
v -0.35146481 0.15747760 -0.19454060
v -0.33839944 0.18542871 -0.19448973
v -0.32334992 0.20836581 -0.19458619
v -0.30836627 0.23160312 -0.19453146
v -0.27534604 0.29560488 -0.19440347
v -0.33848563 0.32297805 -0.19421722
v -0.21664353 0.31711981 -0.19463800
v -0.19803959 0.33407018 -0.19463019
v -0.17314757 0.34307984 -0.19469751
v -0.05973871 0.37928095 -0.19474004
v -0.02825110 0.38338354 -0.19495255
v 0.02571040 0.38333657 -0.19494592
v 0.05743483 0.38251281 -0.19493425
v 0.33484989 0.30515108 -0.19433124
v 0.32988971 0.32781261 -0.19423352
v 0.36184582 0.29717118 -0.19434516
v 0.37779295 0.27058747 -0.19434921
v 0.30375996 0.35504767 -0.19423686
v 0.36268318 0.21208093 -0.19415672
v 0.40405989 0.23245153 -0.19425814
v 0.39650208 0.21126746 -0.19428566
v 0.41568136 0.21934654 -0.19454747
v 0.39217043 0.15995094 -0.19431476
v 0.43490809 0.15887779 -0.19435990
v 0.42330545 0.18772385 -0.19437185
v 0.40637141 0.09306207 -0.19434497
v 0.40616664 0.04535741 -0.19435360
v 0.42373103 -0.02555315 -0.19414711
v 0.40192735 -0.01816707 -0.19438882
v 0.38049075 -0.08486795 -0.19450417
v 0.36623523 -0.12547070 -0.19467483
v 0.34071660 -0.18017459 -0.19479845
v 0.32741287 -0.20356435 -0.19478375
v 0.30610952 -0.23289250 -0.19494715
v 0.28522187 -0.25598487 -0.19492993
v 0.26506740 -0.27885386 -0.19486780
v 0.24856968 -0.29590166 -0.19491877
v 0.21976976 -0.31390074 -0.19493210
v 0.20606443 -0.32303688 -0.19490245
v 0.19292983 -0.33128980 -0.19493949
v 0.17787333 -0.34012726 -0.19486408
v 0.38477457 0.10824457 -0.19456947
v 0.36486265 0.12607677 -0.19484389
v 0.36377835 0.15744098 -0.19471529
v 0.33000135 0.19974190 -0.19480987
v 0.32441574 0.21743448 -0.19468251
v 0.29723403 0.27406147 -0.19431952
v 0.28200987 0.25909477 -0.19460520
v 0.29354596 0.24771470 -0.19477329
v 0.12800403 0.36072907 -0.19525711
v 0.10402221 0.36760297 -0.19533005
v 0.08233714 0.37428549 -0.19509289
v -0.25016159 0.29314086 -0.19439857
v -0.26305506 0.27861735 -0.19443622
v -0.28574929 0.25600767 -0.19437975
v -0.05346546 0.46765155 -0.19414881
v -0.14284863 0.44817230 -0.19406630
v 0.11365228 0.45653173 -0.19444935
v 0.44733962 0.12759690 -0.19420375
v 0.46142098 0.09796832 -0.19453433
v 0.45598304 0.11751817 -0.19452722
v 0.37244886 -0.28642392 -0.19478630
v 0.08537152 0.46338484 -0.19450523
v 0.05059908 0.46773443 -0.19415924
v 0.13383995 -0.35858983 -0.19505601
v 0.14658332 -0.35370848 -0.19515616
v 0.16079080 -0.34828866 -0.19517881
v 0.10945306 -0.36647001 -0.19506025
v 0.08761680 -0.37220964 -0.19497849
v 0.05994901 -0.37907931 -0.19500832
v 0.43124819 0.18946047 -0.19458599
v -0.02912568 -0.47079957 -0.19458592
v -0.06267991 -0.46718535 -0.19444524
v 0.38238272 0.27426496 -0.19449896
v 0.39856827 0.25058842 -0.19457981
v 0.40796655 0.23641092 -0.19469501
v -0.10115755 0.45876116 -0.19413511
v -0.12313111 0.45499799 -0.19435976
v -0.34540436 -0.31005225 -0.19379945
v 0.08429136 -0.46316627 -0.19474122
v 0.11049740 -0.45833027 -0.19485769
v 0.12800361 -0.45422810 -0.19491152
v 0.25695583 -0.39401630 -0.19481975
v 0.30574837 -0.35883588 -0.19496192
v 0.27970326 -0.37808689 -0.19487078
v -0.26975507 -0.38578102 -0.19433312
v -0.29263461 -0.36738843 -0.19433874
v -0.22101088 0.41469041 -0.19438542
v -0.38668165 -0.26638010 -0.19383907
v -0.43667325 -0.18062229 -0.19365264
v -0.42746121 -0.19882214 -0.19373640
v -0.41630939 -0.22066775 -0.19376244
v -0.41001901 -0.23302647 -0.19390962
v -0.40042600 -0.24828246 -0.19388805
v -0.44401592 -0.16091895 -0.19367057
v -0.45995760 -0.10459918 -0.19347344
v -0.45203620 -0.13619128 -0.19368513
v 0.44685358 0.15023835 -0.19456904
v 0.44293475 0.16166753 -0.19464707
v 0.43867049 0.17452087 -0.19489057
v 0.45191109 0.13442948 -0.19461668
v -0.15704277 0.34894559 -0.19491953
v -0.13909973 0.35585648 -0.19494218
v -0.18996848 0.33250412 -0.19486551
v -0.33284375 -0.33295378 -0.19410351
v -0.30878124 -0.35618761 -0.19437779
v -0.39110306 0.26307288 -0.19440544
v -0.36044091 0.30211002 -0.19444694
v -0.38186041 0.27658716 -0.19451250
v -0.29611090 0.36594296 -0.19455785
v -0.32530826 0.34096402 -0.19453865
v 0.09979416 0.46156937 -0.19483185
v 0.18636706 -0.43280834 -0.19473286
v 0.16351366 -0.44270936 -0.19483811
v 0.14201891 -0.45062247 -0.19499348
v 0.12760101 0.45428929 -0.19448555
v 0.14254427 0.45029923 -0.19443730
v -0.35955313 0.13738137 -0.19452666
v -0.36440507 0.11829300 -0.19473337
v -0.35902384 -0.13468434 -0.19462384
v 0.34589732 0.16649428 -0.19517651
v 0.23997791 0.29742306 -0.19519803
v 0.30980107 0.22707856 -0.19490033
v 0.31865487 0.21311454 -0.19512238
v -0.35982060 -0.30484730 -0.19422242
v -0.37195083 -0.28955939 -0.19428897
v -0.47146636 -0.03406044 -0.19363987
v -0.23304972 0.40959218 -0.19461204
v -0.26063573 0.39295077 -0.19471186
v -0.27826649 0.38042137 -0.19482404
v -0.37277108 -0.09291238 -0.19426832
v -0.40020192 0.24987112 -0.19464381
v 0.46526107 0.07987078 -0.19454964
v -0.46499029 -0.08305917 -0.19359246
v -0.18915190 0.43215963 -0.19458199
v -0.20205157 0.42660192 -0.19475746
v 0.22992274 -0.41094434 -0.19482632
v 0.47089672 0.02996271 -0.19446462
v 0.47096324 -0.02772254 -0.19446164
v 0.02460789 0.47151652 -0.19452488
v 0.33639750 -0.33098164 -0.19517930
v 0.34572339 -0.31979698 -0.19487619
v 0.25643572 -0.28201565 -0.19531813
v 0.23633638 -0.30160475 -0.19516675
v -0.15304089 0.44656008 -0.19436580
v -0.37541705 -0.07510038 -0.19467561
v 0.06222742 0.37914643 -0.19516388
v 0.02793641 0.38119653 -0.19578242
v -0.17793728 0.43730018 -0.19462052
v 0.24545558 -0.40328434 -0.19521092
v -0.37997344 -0.05493606 -0.19465289
v -0.07988510 0.46529615 -0.19434066
v -0.37031370 0.09594233 -0.19487001
v -0.37488362 0.07564301 -0.19506451
v -0.16668649 0.44189793 -0.19474670
v -0.30422214 0.23230372 -0.19496602
v 0.32345247 -0.20476325 -0.19519100
v 0.31089109 -0.22247513 -0.19534342
v -0.35706052 0.30919960 -0.19493085
v 0.27101913 0.26863587 -0.19474386
v -0.24166751 0.29400259 -0.19532198
v -0.28020564 0.25729057 -0.19504580
v -0.26004320 0.27737808 -0.19512683
v 0.32870868 0.19684733 -0.19524482
v 0.33639303 0.18505105 -0.19506718
v 0.29406509 0.24369018 -0.19523349
v -0.23039359 0.30491608 -0.19487661
v 0.04910710 -0.46987075 -0.19482321
v 0.29594702 -0.23972785 -0.19571353
v -0.21573743 0.41990721 -0.19483075
v 0.42598125 0.20353702 -0.19490860
v -0.35624325 0.13940576 -0.19500779
v -0.10221189 0.46088901 -0.19460845
v -0.24740605 -0.40125608 -0.19456147
v -0.37870038 0.05922285 -0.19485275
v -0.21191151 0.31736422 -0.19517861
v -0.04454013 0.47049496 -0.19469410
v 0.37518778 -0.28633195 -0.19522408
v 0.26739708 -0.38876346 -0.19520414
v -0.17240174 0.34039396 -0.19530889
v -0.13731240 0.45202479 -0.19456308
v -0.34212017 0.17259011 -0.19498011
v -0.32960555 0.19388592 -0.19519363
v -0.39374024 -0.26106462 -0.19443132
v 0.09842837 -0.46237329 -0.19526435
v -0.31960917 0.20967630 -0.19523843
v 0.07907198 0.46636859 -0.19501348
v 0.14360826 0.35264924 -0.19618176
v -0.10251936 0.36773795 -0.19493969
v -0.12228975 0.36104485 -0.19515990
v -0.28329453 -0.37644312 -0.19467500
v -0.08447187 0.37205112 -0.19512917
v -0.06256109 0.37660009 -0.19551021
v 0.12277751 -0.36044607 -0.19554223
v -0.37243021 0.28991127 -0.19488522
v 0.27540779 -0.26097023 -0.19618464
v 0.08356596 -0.46620578 -0.19563034
v 0.29722047 0.23737669 -0.19626747
v 0.47384959 -0.00430743 -0.19536787
v -0.37970075 0.03934535 -0.19531795
v 0.07323477 -0.37480903 -0.19529989
v -0.38056463 -0.00208125 -0.19593787
v -0.34607261 0.16118421 -0.19582583
v 0.11646599 0.45892352 -0.19546711
v -0.24837041 0.40125170 -0.19492310
v 0.45570797 0.12835589 -0.19561422
v 0.29182917 -0.37104234 -0.19543886
v 0.06305432 -0.46961311 -0.19598648
v -0.00265881 0.47378972 -0.19552547
v 0.10625205 -0.36500350 -0.19590966
v -0.19052626 0.33009732 -0.19552131
v -0.04311672 0.38016093 -0.19541937
v 0.05925781 0.37771690 -0.19591650
v -0.36726129 -0.10706773 -0.19499588
v 0.12211274 0.36077395 -0.19592772
v -0.31134436 0.35572436 -0.19531576
v 0.15043591 -0.34942225 -0.19657262
v -0.03142439 -0.47286633 -0.19546428
v 0.09156512 -0.36917520 -0.19577919
v 0.22308767 0.30836529 -0.19604647
v -0.02239855 0.38116950 -0.19612399
v -0.07178051 0.46852764 -0.19566594
v -0.42172399 -0.21222912 -0.19414872
v 0.08161975 0.37272274 -0.19577777
v 0.05502619 0.47014302 -0.19532333
v 0.08222881 0.46759960 -0.19646597
v 0.31254181 0.21818210 -0.19612004
v 0.05760151 -0.37652281 -0.19630833
v 0.15494879 -0.44759843 -0.19559421
v -0.00134373 0.38132089 -0.19662155
v 0.20182067 0.32497209 -0.19528927
v -0.14279629 0.35240531 -0.19587824
v -0.29250619 -0.37144056 -0.19580294
v -0.25899017 -0.39502725 -0.19511805
v 0.23420471 -0.29994249 -0.19634919
v 0.24770530 -0.28610554 -0.19712903
v 0.16892654 -0.34056282 -0.19697410
v -0.35028371 -0.31893811 -0.19550706
v -0.33289123 -0.33530682 -0.19476581
v -0.37745205 -0.04798827 -0.19652788
v -0.36611924 0.10658088 -0.19548298
v -0.15972309 0.34431845 -0.19669631
v -0.37233230 0.06875753 -0.19782856
v 0.46284413 0.10135554 -0.19604239
v -0.14423531 0.45196712 -0.19632401
v 0.21207245 0.31365800 -0.19805521
v 0.45187268 0.14318110 -0.19613574
v 0.17815578 -0.43847501 -0.19593044
v 0.17850240 0.33582440 -0.19710833
v 0.27758098 -0.38370854 -0.19688408
v -0.11784448 0.45864174 -0.19565782
v -0.36895785 -0.08632210 -0.19769728
v -0.37824386 -0.00668666 -0.19794959
v 0.19105074 -0.32869253 -0.19700135
v -0.47322857 -0.03277980 -0.19472423
v -0.26624370 0.39156038 -0.19623594
v -0.13049573 0.45611116 -0.19637313
v 0.02877663 0.47345269 -0.19586517
v -0.41626671 -0.22660753 -0.19556001
v -0.42575556 -0.20859200 -0.19552137
v -0.29905176 0.23493533 -0.19624193
v -0.30930263 0.21779494 -0.19818208
v 0.23690429 0.29636770 -0.19699197
v -0.37291658 -0.29260367 -0.19623861
v -0.28444362 0.24803865 -0.19733413
v -0.27643371 0.25623786 -0.19739029
v -0.26727879 0.26565087 -0.19740307
v -0.45758453 -0.12344174 -0.19519621
v -0.23015556 0.29933667 -0.19820881
v 0.43204728 0.19541782 -0.19675286
v 0.43838453 0.18140940 -0.19694479
v -0.38728133 -0.27396885 -0.19638093
v -0.31952363 -0.35071978 -0.19676317
v 0.28411531 -0.24826623 -0.19793533
v -0.17424046 0.33413351 -0.19912434
v -0.18712196 0.32795504 -0.19842929
v -0.20604677 0.31709209 -0.19789694
v 0.32089144 0.20115724 -0.19866474
v 0.23344839 -0.29511568 -0.19991422
v -0.37709665 0.03338502 -0.19806354
v -0.46366143 -0.10240263 -0.19606097
v 0.16530585 0.33825889 -0.20053124
v 0.03680075 0.37510499 -0.20056951
v 0.14049688 0.34849867 -0.20076513
v 0.12557133 0.35396552 -0.20059431
v 0.10165475 0.36177087 -0.20076448
v -0.04114956 0.37472147 -0.20038401
v 0.11422294 -0.35777208 -0.20002332
v 0.09161178 -0.36441281 -0.20001118
v -0.45167080 -0.14686397 -0.19627467
v -0.07464696 0.36893427 -0.19980529
v -0.09191142 0.36444122 -0.20033473
v -0.34492058 0.15493922 -0.19877204
v -0.33937889 0.16571634 -0.19937648
v -0.33721998 -0.33377406 -0.19655986
v -0.38468617 0.27588472 -0.19624077
v -0.00196001 0.37672934 -0.20114520
v -0.10306608 0.36148769 -0.20037943
v -0.12567164 0.35391733 -0.20019136
v 0.27220398 -0.25844380 -0.19992226
v 0.26284832 -0.26952448 -0.19855721
v 0.29886475 -0.22895318 -0.20000210
v 0.18805286 0.32677484 -0.20041762
v 0.22838350 0.29892215 -0.20021367
v 0.29990494 0.22777840 -0.20003290
v 0.19187431 -0.32480383 -0.19977452
v 0.25491640 -0.27546206 -0.20002447
v -0.17281541 0.33398110 -0.20084316
v -0.00499118 -0.37638751 -0.22894651
v 0.01580843 -0.37595266 -0.26686510
v -0.00134330 -0.37605897 -0.28617838
v -0.01321553 -0.37620246 -0.26826623
v 0.01787450 -0.37608612 -0.23392582
v -0.02548942 -0.37601343 -0.24146730
v 0.01332021 -0.37557235 -0.29575893
v 0.03081108 -0.37546059 -0.23882812
v 0.03689934 -0.37460366 -0.29004633
v 0.02187733 -0.37509558 -0.30151099
v -0.00074511 -0.37579998 -0.30397740
v -0.00396825 -0.37595269 -0.20345910
v 0.01946148 -0.37548178 -0.20239481
v 0.03832761 -0.37433767 -0.20327729
v -0.02067985 -0.37557811 -0.20101595
v -0.01776757 -0.37560615 -0.29518399
v -0.03292783 -0.37550804 -0.26121143
v -0.02976357 -0.37501073 -0.30118984
v -0.03255840 -0.37505165 -0.20324670
v 0.03998460 -0.37394047 -0.30196002
v 0.04423937 -0.37434152 -0.24240348
v -0.04295800 -0.37473080 -0.23374090
v -0.04569247 -0.37407872 -0.28498337
v -0.04017480 -0.37413499 -0.30189958
v -0.03541545 -0.37527514 -0.20005949
v -0.04638364 -0.37370133 -0.20315921
v -0.00091397 -0.37637630 -0.20039533
v 0.05092909 -0.37309963 -0.27802062
v 0.05405981 -0.37250647 -0.20376730
v 0.05744939 -0.37169239 -0.30173865
v -0.03014863 -0.37533197 -0.30382627
v 0.05916427 -0.37224168 -0.19983929
v 0.06160548 -0.37162089 -0.24093330
v -0.06054669 -0.37209439 -0.30349576
v -0.05356528 -0.37325725 -0.23722200
v -0.06074295 -0.37149963 -0.29720426
v -0.06059163 -0.37201038 -0.19990006
v -0.06499836 -0.37072682 -0.20391445
v 0.01955965 -0.37589720 -0.20024122
v 0.06513043 -0.37090382 -0.24654084
v 0.06551070 -0.37015978 -0.30170262
v 0.07569516 -0.36816770 -0.20479171
v -0.06393839 -0.37119934 -0.23502412
v -0.06763394 -0.37008673 -0.29915968
v 0.08234977 -0.36643955 -0.28119430
v 0.07541502 -0.36878243 -0.19982125
v 0.09757669 -0.36279038 -0.24376839
v 0.10080999 -0.36172536 -0.20016277
v 0.09259836 -0.36372134 -0.29169795
v 0.10343063 -0.36038181 -0.30228111
v 0.11153679 -0.35836470 -0.25990745
v 0.11364068 -0.35761344 -0.20381080
v 0.12380885 -0.35337031 -0.30187753
v -0.08268861 -0.36678916 -0.20418651
v -0.07756947 -0.36841819 -0.19982103
v -0.07817882 -0.36770356 -0.28563684
v -0.10041927 -0.36229324 -0.24031170
v -0.07447081 -0.36876410 -0.30345654
v -0.08799411 -0.36497164 -0.30185959
v -0.10009557 -0.36197644 -0.28654090
v -0.09209007 -0.36463031 -0.19983417
v -0.10422332 -0.36087254 -0.20069639
v -0.10207341 -0.36071810 -0.30219167
v -0.11804289 -0.35640925 -0.26877728
v -0.11660985 -0.35696962 -0.20031475
v -0.11648107 -0.35705128 -0.22222382
v -0.12013664 -0.35508934 -0.29860789
v -0.11981798 -0.35565341 -0.30338630
v -0.14477554 -0.34625518 -0.28180388
v -0.14765736 -0.34545001 -0.25045061
v -0.13183309 -0.35077959 -0.29119191
v -0.14140734 -0.34655634 -0.30326095
v -0.15978615 -0.33967379 -0.29790595
v -0.15562417 -0.34176457 -0.30351213
v -0.15630111 -0.34224996 -0.20022789
v -0.15743153 -0.34137586 -0.26804590
v -0.17875209 -0.33145729 -0.28652522
v -0.17570774 -0.33248061 -0.30234355
v -0.16642284 -0.33761150 -0.21514943
v -0.18000233 -0.33108649 -0.23311184
v -0.18341888 -0.32941908 -0.20075457
v -0.18762749 -0.32644796 -0.30174112
v -0.18761942 -0.32705328 -0.26353350
v -0.19738156 -0.32136697 -0.25386018
v -0.10370739 -0.36082968 -0.30360374
v -0.20073375 -0.31851834 -0.30242300
v -0.20873593 -0.31408742 -0.26954392
v -0.20801936 -0.31448260 -0.20086315
v -0.20875661 -0.31424850 -0.24352212
v 0.10449340 -0.36047834 -0.30382735
v 0.13095719 -0.35195723 -0.20028281
v 0.13947633 -0.34848499 -0.20408940
v 0.12930079 -0.35192087 -0.21785517
v 0.13942139 -0.34773675 -0.29038492
v 0.13009648 -0.35156149 -0.25798190
v 0.14426424 -0.34660205 -0.25547451
v 0.14622770 -0.34636608 -0.20042583
v 0.15655145 -0.34086087 -0.30157605
v 0.15470932 -0.34258261 -0.25254545
v 0.14179985 -0.34643152 -0.30369273
v 0.15797123 -0.34124458 -0.20332345
v 0.12870100 -0.35228056 -0.30425271
v 0.16018644 -0.34065178 -0.20047550
v 0.17206128 -0.33464462 -0.25661781
v 0.17270905 -0.33379522 -0.30248085
v 0.17212446 -0.33472136 -0.21955928
v 0.17364287 -0.33420077 -0.20054923
v 0.18081614 -0.33043879 -0.24627215
v 0.18591106 -0.32725421 -0.30174705
v 0.18707371 -0.32715651 -0.25191087
v 0.18429720 -0.32868230 -0.20023519
v 0.16124986 -0.33952582 -0.30430362
v 0.18136658 -0.33020100 -0.30422753
v 0.19509409 -0.32231799 -0.30405748
v 0.20024921 -0.31865343 -0.29532546
v 0.20294368 -0.31762210 -0.24454127
v 0.19838275 -0.32060841 -0.20015767
v 0.20569158 -0.31581199 -0.20045409
v 0.21077213 -0.31241432 -0.24624337
v 0.21431831 -0.30906257 -0.30200404
v -0.17261845 -0.33454379 -0.30354515
v -0.19188403 -0.32511339 -0.19906323
v -0.21598241 -0.30891743 -0.24686287
v -0.21550608 -0.30920136 -0.19979885
v -0.11273669 -0.35939351 -0.19883294
v 0.21724871 -0.30795577 -0.30484459
v 0.21993698 -0.30534169 -0.22148401
v 0.22211978 -0.30403441 -0.20010713
v 0.22017814 -0.30492744 -0.27826542
v 0.22800453 -0.29860389 -0.30261916
v 0.22992513 -0.29713991 -0.27195755
v 0.22732097 -0.29978088 -0.20097736
v 0.23248008 -0.29497948 -0.22965637
v 0.23988947 -0.28893378 -0.20430556
v 0.24291003 -0.28550664 -0.30329147
v 0.23910053 -0.28909552 -0.26136497
v 0.24483757 -0.28383672 -0.22730836
v 0.24687500 -0.28308481 -0.20006695
v 0.25424203 -0.27484608 -0.27646458
v 0.26126376 -0.26833633 -0.21827437
v 0.25741163 -0.27192280 -0.30298793
v 0.26383373 -0.26661032 -0.20093971
v 0.26762903 -0.26161292 -0.27809289
v 0.26893175 -0.26053762 -0.22988512
v 0.27694368 -0.25283241 -0.20450248
v 0.27212685 -0.25716826 -0.30290595
v 0.28380293 -0.24455743 -0.27023628
v 0.28481564 -0.24386545 -0.22694147
v 0.28354421 -0.24626073 -0.20062520
v 0.29348722 -0.23494388 -0.20028821
v 0.29551858 -0.23224239 -0.21538967
v 0.29099756 -0.23649438 -0.28742325
v 0.30037233 -0.22585574 -0.28145564
v 0.21381216 -0.31040645 -0.19969690
v 0.30033070 -0.22504857 -0.30377328
v 0.30388495 -0.22242333 -0.20020737
v 0.30816358 -0.21691673 -0.24145798
v 0.30941209 -0.21369277 -0.30198187
v 0.21191953 -0.31471074 -0.19729702
v 0.31485981 -0.20699541 -0.27186549
v 0.31831542 -0.20141295 -0.30217862
v 0.31706980 -0.20475248 -0.23505336
v 0.31777149 -0.20243277 -0.30374414
v 0.32708660 -0.18754053 -0.29771906
v 0.32726786 -0.18833762 -0.22681093
v 0.32429320 -0.19290118 -0.30416369
v 0.33439240 -0.17506328 -0.23143649
v 0.33028904 -0.18252170 -0.20048922
v -0.22741681 -0.29983497 -0.20440014
v -0.22817546 -0.29924947 -0.24606779
v -0.22764067 -0.30025885 -0.19943638
v -0.23477565 -0.29381639 -0.20003442
v -0.22949004 -0.29771847 -0.28789091
v 0.33759972 -0.16807492 -0.20057568
v -0.24356984 -0.28525212 -0.28635630
v -0.24067549 -0.28829280 -0.23373680
v 0.45222920 0.14513388 -0.23379804
v 0.45572641 0.13422035 -0.25324503
v 0.45247275 0.14429533 -0.29060161
v 0.45204791 0.14583093 -0.20836425
v 0.45566022 0.13452843 -0.31151271
v 0.44775772 0.15678310 -0.27861226
v 0.44519657 0.16503002 -0.21393409
v 0.44497824 0.16508015 -0.28675866
v 0.44827491 0.15528148 -0.19679731
v 0.44461292 0.16599286 -0.19703518
v 0.43800512 0.18300153 -0.20897281
v 0.43785745 0.18288642 -0.28721279
v 0.44549033 0.16430226 -0.30848822
v 0.43760452 0.18385555 -0.31002000
v 0.45236114 0.14543276 -0.30983916
v 0.43015188 0.20041473 -0.29283854
v 0.42788291 0.20538369 -0.26113892
v 0.42783999 0.20577712 -0.20203830
v 0.43066785 0.19969031 -0.30886716
v 0.44375300 0.16755152 -0.31475869
v 0.45535067 0.13462028 -0.19779907
v 0.42304325 0.21495897 -0.29199415
v 0.42013428 0.22082284 -0.30966756
v 0.41962913 0.22147506 -0.24091949
v 0.42330968 0.21410431 -0.19716808
v 0.41241255 0.23481697 -0.21109423
v 0.41473997 0.23001149 -0.19793449
v 0.41636840 0.22738610 -0.29060531
v 0.41014335 0.23834634 -0.23715504
v 0.42622814 0.20766687 -0.31489235
v 0.40774783 0.24251972 -0.31209758
v 0.40778732 0.24199036 -0.28734067
v 0.40044296 0.25430265 -0.21019307
v 0.40088221 0.25339034 -0.29340637
v 0.39421782 0.26418501 -0.30983043
v 0.40446475 0.24698748 -0.19700083
v 0.39878857 0.25657290 -0.19753081
v 0.42167974 0.21636958 -0.31510207
v 0.39309138 0.26573411 -0.21119955
v 0.39042851 0.26960635 -0.29339993
v 0.38980824 0.27003396 -0.19759636
v 0.38174409 0.28197563 -0.24322586
v 0.37931851 0.28542465 -0.31256622
v 0.38052121 0.28321457 -0.19783594
v 0.37885627 0.28559226 -0.29528743
v 0.40847877 0.23961307 -0.31520510
v 0.39627203 0.26029253 -0.31359032
v 0.45483735 0.13537940 -0.31504786
v 0.45871270 0.12261637 -0.31368440
v 0.45986018 0.11841873 -0.24920303
v 0.45972702 0.11866909 -0.20591985
v 0.46028131 0.11724834 -0.29538700
v 0.46278298 0.10826392 -0.30985644
v 0.46083543 0.11311571 -0.19779392
v 0.46258807 0.10716851 -0.31496766
v 0.46353096 0.10300792 -0.29239127
v 0.46658638 0.08917604 -0.28911358
v 0.46665779 0.09199785 -0.30914238
v 0.46233225 0.10677656 -0.22871847
v 0.46634492 0.08897688 -0.19863968
v 0.46616539 0.08912715 -0.22973572
v 0.46627635 0.09093113 -0.31538936
v 0.46940899 0.07471848 -0.28609681
v 0.46892181 0.07476354 -0.22655772
v 0.46903259 0.07456107 -0.20285569
v 0.46990153 0.07410025 -0.31341821
v 0.47037622 0.06484992 -0.19788560
v 0.47060820 0.06263936 -0.22320724
v 0.47114971 0.06165488 -0.25375131
v 0.47121027 0.06221520 -0.29443261
v 0.47351021 0.04450131 -0.31368273
v 0.47305986 0.04557926 -0.26008719
v 0.47251418 0.04567454 -0.22461903
v 0.47243616 0.04708965 -0.20071213
v 0.36849010 0.29887512 -0.26983598
v 0.37031898 0.29649270 -0.29548448
v 0.36786640 0.29947698 -0.20055568
v 0.36906070 0.29788634 -0.22725929
v 0.36923155 0.29839689 -0.31018254
v 0.36169466 0.30673265 -0.29513100
v 0.35815698 0.31078276 -0.22288015
v 0.36623684 0.30103356 -0.31496221
v 0.34809884 0.32186794 -0.19846326
v 0.37259516 0.29254594 -0.19692944
v 0.34570712 0.32474184 -0.31024623
v 0.34699655 0.32305503 -0.24643812
v 0.34813118 0.32173443 -0.29101354
v 0.35336679 0.31572020 -0.31486627
v 0.33563012 0.33480698 -0.27770582
v 0.33488917 0.33577996 -0.21227029
v 0.41448605 0.22938184 -0.19653298
v 0.32701907 0.34343457 -0.30970073
v 0.33357996 0.33671978 -0.31364226
v 0.31621927 0.35353166 -0.21140192
v 0.31871685 0.35099250 -0.28572747
v 0.30923355 0.36006153 -0.30946150
v 0.30574945 0.36289233 -0.28847006
v 0.32260305 0.34699279 -0.31496280
v 0.30422622 0.36405978 -0.19741808
v 0.30341744 0.36484858 -0.22480094
v 0.29666844 0.37055042 -0.26980841
v 0.29609200 0.37076703 -0.30995673
v 0.39761251 0.25690055 -0.31552187
v 0.39008263 0.26848778 -0.31528115
v 0.29593292 0.37084213 -0.20017184
v 0.28424826 0.38025677 -0.26612219
v 0.28096294 0.38256222 -0.20001447
v 0.28044128 0.38296896 -0.22412585
v 0.29666489 0.36963031 -0.31511396
v 0.28389779 0.38013551 -0.29920286
v 0.27115273 0.38931447 -0.31243938
v 0.28489742 0.37891561 -0.31345078
v 0.37805113 0.28500021 -0.31558570
v 0.26565886 0.39325336 -0.28809053
v 0.26163277 0.39624828 -0.20034973
v 0.26602188 0.39310753 -0.22877234
v 0.25920218 0.39731959 -0.19688308
v 0.25476307 0.40022373 -0.31304389
v 0.24572955 0.40628487 -0.24646786
v 0.24296159 0.40792054 -0.22385089
v 0.23731555 0.41154760 -0.19834799
v 0.23430246 0.41305259 -0.24530901
v 0.24460889 0.40656105 -0.30908832
v 0.25748190 0.39793706 -0.31502506
v 0.21657357 0.42267847 -0.28577894
v 0.22465144 0.41808999 -0.31281459
v 0.22717057 0.41604829 -0.31495494
v 0.23791863 0.41057205 -0.19664066
v 0.45905870 0.11481388 -0.19522177
v 0.45838290 0.11991379 -0.31587952
v 0.46963784 0.07061093 -0.31564969
v 0.39382625 0.26126409 -0.19536538
v 0.29295662 0.37158707 -0.31600311
v 0.41742352 0.22207542 -0.31649840
v 0.42782664 0.20099163 -0.31677294
v 0.41876706 0.21859720 -0.19521013
v -0.24429488 0.29943430 -0.22603039
v -0.23734963 0.30814135 -0.25788841
v -0.25429052 0.29255310 -0.25721401
v -0.25324133 0.29154053 -0.23013380
v -0.23753065 0.30595848 -0.22792611
v -0.22918557 0.31318569 -0.23037195
v -0.25266483 0.29472283 -0.27572465
v -0.26152197 0.28311038 -0.22956644
v -0.26973325 0.27751604 -0.26099685
v -0.26826635 0.27669242 -0.23082004
v -0.28463441 0.26229596 -0.25728202
v -0.28269079 0.26260856 -0.23381950
v -0.28522852 0.26246011 -0.27397880
v -0.26895744 0.27888888 -0.27811286
v -0.27409324 0.27059090 -0.21126872
v -0.28418574 0.26098901 -0.21179040
v -0.26104558 0.28323594 -0.21106839
v -0.26879677 0.27604055 -0.21104570
v -0.25359538 0.29102242 -0.21103428
v -0.24640153 0.29765210 -0.21101806
v -0.26024157 0.28747419 -0.30136192
v -0.27539891 0.27239957 -0.29929137
v -0.28539798 0.26222441 -0.30197081
v -0.29144174 0.25613678 -0.30162129
v -0.29825556 0.24900898 -0.27694067
v -0.30213991 0.24485862 -0.30185050
v -0.25271589 0.29475272 -0.30159181
v -0.30288503 0.24323097 -0.25857264
v -0.30593625 0.24047227 -0.26997897
v -0.29339549 0.25075921 -0.22872794
v -0.24237569 0.30427152 -0.30295414
v -0.23551631 0.30823267 -0.21723996
v -0.29926059 0.24424908 -0.22696967
v -0.30852154 0.23534435 -0.23202761
v -0.23897988 0.30536106 -0.21129163
v -0.31477740 0.22978568 -0.25695500
v -0.30676532 0.23990361 -0.30435959
v -0.31367350 0.23231187 -0.30255628
v -0.29149190 0.25323880 -0.21132526
v -0.30186707 0.24256420 -0.21612278
v -0.31000042 0.23443750 -0.21719104
v -0.31639937 0.22596765 -0.23273873
v -0.23146804 0.31313443 -0.29096779
v -0.23354581 0.31190071 -0.30281541
v -0.22890437 0.31477085 -0.25683546
v -0.23195985 0.31092310 -0.20975941
v -0.22445190 0.31700030 -0.21124870
v -0.31629255 0.22691020 -0.21136184
v -0.21837187 0.32135957 -0.23223335
v -0.21695445 0.32254758 -0.21934745
v -0.22128917 0.32079205 -0.30282080
v -0.29810885 0.24838451 -0.30419153
v -0.26780039 0.27953699 -0.30257022
v -0.21773088 0.32176813 -0.21123159
v -0.30938548 0.23621356 -0.21086656
v -0.32407445 0.21539603 -0.23068702
v -0.32432431 0.21654207 -0.25383934
v -0.32003039 0.22313403 -0.28042623
v -0.32219943 0.21871874 -0.21167541
v -0.32324016 0.21987665 -0.30252042
v -0.31856990 0.22591762 -0.30283260
v -0.21944286 0.32158059 -0.29103673
v -0.21494026 0.32427862 -0.25192711
v -0.24717276 0.29944816 -0.30404925
v -0.27971044 0.26498839 -0.21074592
v -0.32669789 0.21300700 -0.27956793
v -0.29915050 0.24633765 -0.21098255
v -0.20537604 0.32916710 -0.22632682
v -0.20776439 0.32792076 -0.21103258
v -0.19911824 0.33322543 -0.21515889
v -0.20926715 0.32801846 -0.30280018
v -0.21006005 0.32713819 -0.27245846
v -0.19151963 0.33798811 -0.25782347
v -0.19052505 0.33825386 -0.29073769
v -0.20216429 0.33188328 -0.30283368
v -0.19148862 0.33718461 -0.22837670
v -0.19347113 0.33660501 -0.21227567
v -0.21472357 0.32463238 -0.30460361
v -0.19519727 0.33589125 -0.30277020
v -0.18840823 0.33959705 -0.30304036
v -0.19914237 0.33464390 -0.21060526
v -0.18337975 0.34129786 -0.22978148
v -0.32534212 0.21349792 -0.21014650
v -0.27199510 0.27404302 -0.20861100
v -0.18496090 0.34078595 -0.21126103
v -0.32889825 0.20883922 -0.25524026
v -0.32840356 0.21113089 -0.30288902
v -0.28487787 0.26156572 -0.20859200
v -0.33395419 0.19836974 -0.23123488
v -0.33037883 0.20450273 -0.21138379
v -0.33899119 0.19088157 -0.21551353
v -0.33504984 0.19845906 -0.28675234
v -0.34090635 0.18614811 -0.23078382
v -0.33938402 0.18984355 -0.25370377
v -0.34161854 0.18589072 -0.27842245
v -0.34025934 0.19011235 -0.30227143
v -0.33242044 0.20342401 -0.30264243
v -0.31900576 0.22413099 -0.20908931
v -0.25820819 0.28789103 -0.20860812
v -0.27944654 0.26636323 -0.20828782
v -0.35261807 0.16419323 -0.25614214
v -0.35078084 0.16822357 -0.30243960
v -0.33693466 0.19559713 -0.21143229
v -0.34103099 0.18903370 -0.21112072
v -0.34655014 0.17752215 -0.30237567
v -0.31973088 0.22350159 -0.30464569
v -0.35242489 0.16269262 -0.22940794
v -0.34740528 0.17273326 -0.21469499
v -0.35162988 0.16463253 -0.21289472
v -0.35606116 0.15710659 -0.27760497
v -0.35757160 0.15435161 -0.30284929
v -0.34391195 0.18076193 -0.21233357
v -0.36327109 0.14112946 -0.26630706
v -0.36163932 0.14559254 -0.30272847
v -0.36078864 0.14595677 -0.25745511
v -0.36214378 0.14006397 -0.21384752
v -0.35858044 0.14751554 -0.21551374
v -0.35469890 0.15774894 -0.21575639
v -0.35547334 0.15761209 -0.21219401
v -0.36589813 0.13241731 -0.23025694
v -0.36676535 0.13321213 -0.26634330
v -0.36589465 0.13275006 -0.21330716
v -0.36953029 0.12778354 -0.30283132
v -0.36959824 0.12377786 -0.21211185
v -0.37094635 0.12178768 -0.25496167
v -0.37072682 0.11905573 -0.22646916
v -0.35825613 0.15178521 -0.30482090
v -0.35466486 0.15925576 -0.30474129
v -0.35409284 0.16158488 -0.30268204
v -0.35075283 0.16656391 -0.30472994
v -0.32820386 0.21036343 -0.30478898
v -0.31239223 0.23238847 -0.30452359
v -0.29293901 0.25310072 -0.20882857
v -0.22067778 0.32152042 -0.20874378
v -0.34365961 0.18182449 -0.30453774
v -0.24776080 0.29774877 -0.20847495
v -0.36421210 0.13869227 -0.21119907
v -0.24246569 0.30363557 -0.20875110
v -0.28332657 0.26302922 -0.30408111
v -0.31489202 0.23121148 -0.20894510
v -0.17169127 0.34718749 -0.25382096
v -0.33984786 0.18894322 -0.30455974
v -0.34322166 0.18481767 -0.30289447
v -0.17692474 0.34450737 -0.21150115
v -0.17121869 0.34711766 -0.29157951
v -0.18052900 0.34322032 -0.30269945
v -0.16068375 0.35246259 -0.27004546
v -0.16898681 0.34820837 -0.30280897
v -0.15654063 0.35454056 -0.30272174
v -0.15898108 0.35323435 -0.25008246
v -0.16914229 0.34751159 -0.22599506
v -0.15802251 0.35291752 -0.23018196
v -0.16916044 0.34774995 -0.21227373
v -0.15878463 0.35270247 -0.21157092
v -0.15423152 0.35523549 -0.20911367
v -0.21318941 0.32539770 -0.20872740
v -0.26874533 0.27754644 -0.30421743
v -0.14610946 0.35869345 -0.27673325
v -0.14632156 0.35858083 -0.25053874
v -0.14074488 0.36110392 -0.30280650
v -0.14436944 0.35855082 -0.22557671
v -0.15182364 0.35576436 -0.21103226
v -0.14387560 0.35898474 -0.21139796
v -0.20022899 0.33218050 -0.30478466
v -0.21938959 0.32111767 -0.30465382
v -0.33307731 0.20282006 -0.20894718
v -0.18765743 0.34010264 -0.20930254
v -0.14615045 0.35922158 -0.20915334
v -0.13304485 0.36271352 -0.21194261
v -0.12968773 0.36370376 -0.23424584
v -0.12167828 0.36692718 -0.21509039
v -0.11954358 0.36761126 -0.23394388
v -0.12119932 0.36724383 -0.25214118
v -0.12489501 0.36607903 -0.21001209
v -0.13332279 0.36286825 -0.25665230
v -0.12737338 0.36486116 -0.28494120
v -0.11821663 0.36823279 -0.28304872
v -0.11823983 0.36888313 -0.30231509
v -0.12844507 0.36547211 -0.30268350
v -0.11490044 0.36935332 -0.20971151
v -0.11004846 0.37064153 -0.26187560
v -0.10652082 0.37223762 -0.30241916
v -0.11037486 0.37026638 -0.21137503
v -0.09825915 0.37357509 -0.23765509
v -0.09000415 0.37591827 -0.21763268
v -0.09835750 0.37435767 -0.29169095
v -0.10267383 0.37351277 -0.30426341
v -0.09838500 0.37378246 -0.21113558
v -0.08794108 0.37716872 -0.20984782
v -0.07778401 0.38024357 -0.20990859
v -0.07390494 0.38118261 -0.21117280
v -0.07405911 0.37999758 -0.23235741
v -0.06789441 0.38330612 -0.21184738
v -0.06582702 0.38287172 -0.23324625
v -0.07162976 0.38096830 -0.28863746
v -0.07337978 0.38144541 -0.30386418
v -0.07666869 0.38042313 -0.30264699
v -0.08693196 0.37630337 -0.23376733
v -0.08239920 0.37806293 -0.27862769
v -0.13735116 0.36160070 -0.30474496
v -0.08896265 0.37709129 -0.30446243
v -0.32381180 0.21932979 -0.20884030
v -0.10274959 0.37320793 -0.20919806
v -0.12684470 0.36525080 -0.30440703
v -0.32855803 0.20968239 -0.20879880
v -0.11544123 0.36882186 -0.30432957
v -0.33900914 0.19515471 -0.20938654
v -0.35724095 0.15945704 -0.20997211
v -0.09734385 0.37586474 -0.20917495
v -0.36783457 0.13392566 -0.20999448
v -0.07572144 0.37919536 -0.30438250
v -0.07299651 0.38352141 -0.20937887
v -0.05450160 -0.38461983 -0.29327375
v -0.08232109 -0.37848279 -0.29193631
v -0.05423162 -0.38511121 -0.29933897
v -0.04816151 -0.38562995 -0.28876117
v -0.07811484 -0.38024542 -0.30224267
v -0.06842402 -0.38145837 -0.28805882
v -0.06211793 -0.38345921 -0.30242848
v -0.09172878 -0.37637156 -0.30254063
v -0.10817678 -0.37110955 -0.29255989
v -0.10580613 -0.37202901 -0.30220601
v -0.11836941 -0.36864650 -0.30219629
v -0.09495476 -0.37491000 -0.25422323
v -0.07213030 -0.38044059 -0.24849154
v -0.08365671 -0.37661102 -0.22840138
v -0.09843433 -0.37363303 -0.22910954
v -0.11187442 -0.37007558 -0.23323201
v -0.10983470 -0.37048331 -0.26753092
v -0.05211614 -0.38540408 -0.26803732
v -0.06546822 -0.38258567 -0.25341359
v -0.06624798 -0.38268504 -0.22239207
v -0.05836616 -0.38495499 -0.22411513
v -0.10290626 -0.37318337 -0.21244144
v -0.08472290 -0.37688059 -0.21363942
v -0.11443403 -0.37044087 -0.21484947
v -0.07093070 -0.38079092 -0.22450207
v -0.12383974 -0.36543646 -0.26004082
v -0.12497393 -0.36540419 -0.29076123
v -0.13504177 -0.36201790 -0.27199337
v -0.14719023 -0.35826761 -0.30209336
v -0.14663431 -0.35832492 -0.28106192
v -0.14605118 -0.35769069 -0.23932154
v -0.13079809 -0.36177593 -0.23020077
v -0.14646716 -0.35741642 -0.21649243
v -0.13245142 -0.36202192 -0.21305621
v -0.12916745 -0.36454147 -0.30235055
v -0.13930377 -0.36099145 -0.30275908
v -0.15180461 -0.35541046 -0.23509939
v -0.15365535 -0.35524669 -0.21442626
v -0.12067011 -0.36654091 -0.23214366
v -0.12441209 -0.36578280 -0.21312371
v -0.14357345 -0.35886487 -0.21094090
v -0.15315253 -0.35579997 -0.21085422
v -0.06153806 -0.38495302 -0.21418953
v -0.07321937 -0.38131949 -0.21354841
v -0.15749156 -0.35385683 -0.30232191
v -0.15712446 -0.35370773 -0.27894017
v -0.17067359 -0.34822679 -0.28049225
v -0.17201692 -0.34794727 -0.29986420
v -0.16557875 -0.35048190 -0.30278665
v -0.17233767 -0.34704423 -0.26535842
v -0.17585367 -0.34478959 -0.23461947
v -0.16128908 -0.35063812 -0.23078975
v -0.17007442 -0.34678665 -0.22248584
v -0.18193717 -0.34269351 -0.21559830
v -0.16994001 -0.34700739 -0.21232207
v -0.18707894 -0.33988014 -0.23323080
v -0.18794034 -0.34021637 -0.21190146
v -0.18472056 -0.34225559 -0.29972669
v -0.18959086 -0.33894348 -0.26977831
v -0.12203296 -0.36705244 -0.21479656
v -0.16233623 -0.35062751 -0.21262163
v -0.17386051 -0.34689337 -0.30290350
v -0.18109450 -0.34377232 -0.20956826
v -0.18127112 -0.34333122 -0.30272275
v -0.19770078 -0.33522567 -0.28162643
v -0.19589518 -0.33652461 -0.29992434
v -0.19902034 -0.33390862 -0.26418379
v -0.14727412 -0.35781085 -0.30467519
v -0.05244965 -0.38578859 -0.22881645
v -0.05295157 -0.38626340 -0.21496056
v -0.19781823 -0.33375221 -0.22738287
v -0.15521733 -0.35400489 -0.30458629
v -0.20659657 -0.32902589 -0.21173981
v -0.21426344 -0.32492861 -0.21111679
v -0.19647552 -0.33483309 -0.21492787
v -0.21347767 -0.32502866 -0.27069628
v -0.18880099 -0.33973548 -0.30256271
v -0.19574277 -0.33576435 -0.30372602
v -0.11694883 -0.36999005 -0.21190536
v -0.10986824 -0.37303120 -0.20972826
v -0.04272311 -0.38673317 -0.25084823
v -0.19702713 -0.33514181 -0.21153188
v -0.04392425 -0.38653821 -0.22228365
v -0.03744183 -0.38639796 -0.30279556
v -0.03612443 -0.38677403 -0.27373323
v -0.03393365 -0.38654661 -0.29224542
v -0.07662122 -0.37998870 -0.30432138
v -0.09053984 -0.37675586 -0.20955461
v -0.08275224 -0.37901640 -0.21086894
v -0.01370445 -0.38740751 -0.25852171
v -0.00741616 -0.38729095 -0.27370071
v -0.01016505 -0.38702983 -0.29267803
v 0.00336706 -0.38732085 -0.29941189
v -0.02653771 -0.38697568 -0.22422779
v -0.02154314 -0.38730004 -0.21478806
v -0.01068135 -0.38711980 -0.23187466
v -0.02583553 -0.38758278 -0.21173550
v 0.00771730 -0.38726038 -0.24400155
v 0.00058615 -0.38705030 -0.21563466
v 0.01282664 -0.38731736 -0.21500885
v 0.01190153 -0.38746497 -0.25526920
v 0.01260155 -0.38701820 -0.29087469
v 0.01166921 -0.38760233 -0.21182568
v 0.03462067 -0.38723508 -0.25593030
v 0.03620431 -0.38648275 -0.29213050
v 0.02823178 -0.38704070 -0.22086181
v 0.03979600 -0.38656253 -0.29947066
v 0.04323093 -0.38731331 -0.21102853
v 0.04044762 -0.38634554 -0.30303547
v 0.04338333 -0.38646886 -0.21551286
v 0.04391315 -0.38670483 -0.25265074
v -0.05882962 -0.38699591 -0.21126360
v -0.12637500 -0.36483258 -0.30448633
v 0.04979979 -0.38536119 -0.27590144
v 0.05044273 -0.38583770 -0.25549954
v 0.05041088 -0.38499597 -0.29448175
v 0.05329559 -0.38478342 -0.29994127
v 0.05001483 -0.38550255 -0.22031192
v 0.05898771 -0.38432354 -0.21235076
v 0.05546350 -0.38402936 -0.30386353
v -0.11495038 -0.36868256 -0.30430484
v 0.06782202 -0.38228330 -0.22135043
v 0.06949919 -0.38301399 -0.21249333
v 0.06708111 -0.38215917 -0.23310091
v 0.05835602 -0.38393104 -0.25476393
v -0.20867017 -0.32887802 -0.20891294
v 0.06913513 -0.38151699 -0.25082371
v 0.07076653 -0.38063267 -0.30282721
v 0.07633550 -0.37919870 -0.27039376
v 0.07804451 -0.37853232 -0.29366401
v 0.09322497 -0.37485361 -0.29508489
v 0.09566223 -0.37445450 -0.26104349
v -0.12420443 -0.36889097 -0.20953692
v 0.08559076 -0.37677652 -0.30404258
v 0.09970712 -0.37321252 -0.30446064
v 0.10288764 -0.37283024 -0.30213264
v 0.08490470 -0.37728214 -0.22679757
v 0.09768053 -0.37404862 -0.23285289
v 0.09431482 -0.37549436 -0.21474077
v 0.08763194 -0.37729493 -0.21262114
v 0.09248524 -0.37681562 -0.20936364
v 0.07731184 -0.38059813 -0.21236755
v 0.10961412 -0.37034625 -0.29349411
v 0.10973433 -0.37028563 -0.23425835
v 0.11234137 -0.36994678 -0.21171170
v 0.11072117 -0.36974248 -0.29207459
v 0.11466813 -0.36903471 -0.30224702
v 0.10172915 -0.37345362 -0.21125987
v 0.11280498 -0.36933371 -0.30430308
v 0.12263652 -0.36528930 -0.24490380
v 0.12432600 -0.36610451 -0.21263933
v 0.13170013 -0.36227503 -0.28852725
v 0.13277559 -0.36167055 -0.23672682
v 0.14394788 -0.35849378 -0.26121342
v 0.14474443 -0.35803986 -0.23725951
v 0.14514069 -0.35854644 -0.21215543
v 0.14907394 -0.35682672 -0.29243326
v 0.13552798 -0.36147889 -0.30275422
v 0.12482432 -0.36516565 -0.30271488
v 0.14723802 -0.35797459 -0.30282283
v 0.15236041 -0.35549322 -0.25661922
v 0.15157989 -0.35543782 -0.23385732
v 0.14620984 -0.35781109 -0.30469608
v 0.13510273 -0.36219364 -0.21220478
v 0.15394163 -0.35463765 -0.21169969
v 0.15603645 -0.35401830 -0.30248767
v 0.13361938 -0.36124220 -0.30457416
v 0.15488556 -0.35424268 -0.27985731
v 0.16091257 -0.35158545 -0.29861608
v 0.16013892 -0.35185727 -0.25801399
v 0.16769393 -0.34882638 -0.27386615
v 0.16993466 -0.34783572 -0.25375417
v 0.16902830 -0.34770808 -0.22607797
v 0.18365583 -0.34175473 -0.23302855
v 0.18398458 -0.34196898 -0.29310647
v 0.16016935 -0.35117739 -0.23214716
v 0.16129412 -0.35077894 -0.21215233
v 0.16915070 -0.34759444 -0.21156229
v 0.18297236 -0.34230804 -0.21448334
v 0.17341648 -0.34676224 -0.20941496
v 0.17309484 -0.34680086 -0.30221248
v 0.18175524 -0.34356889 -0.30069682
v 0.16223891 -0.35050687 -0.30439582
v 0.18020681 -0.34378341 -0.21100852
v 0.18476027 -0.34140179 -0.25119677
v 0.18377192 -0.34171328 -0.27164111
v 0.19691595 -0.33539209 -0.26083556
v 0.18746588 -0.34020498 -0.21179616
v -0.06470475 -0.38631138 -0.21116282
v -0.02736250 -0.38865829 -0.20988147
v 0.01043769 -0.38914630 -0.21011415
v 0.14659812 -0.35938960 -0.20889787
v -0.14680625 -0.35901380 -0.20885611
v -0.17182571 -0.34774414 -0.20931697
v 0.16249347 -0.35162380 -0.20905210
v -0.13053428 -0.36477372 -0.20939505
v 0.05871703 -0.38656977 -0.20922019
v 0.08910803 -0.37918940 -0.20897926
v -0.07218868 -0.38291165 -0.21172591
v -0.16717562 -0.34922501 -0.21089873
v -0.16183382 -0.35308468 -0.20909490
v 0.18381014 -0.34340993 -0.20906390
v -0.20265606 -0.33329144 -0.20908673
v -0.15535752 -0.35699236 -0.20866399
v -0.18058094 -0.34231144 -0.30421582
v 0.17012967 -0.34941593 -0.20897453
v 0.11529086 -0.36660692 -0.30466142
v -0.11649523 -0.37275636 -0.20943232
v -0.39185399 0.26724550 -0.29327637
v -0.38255572 0.28061551 -0.24846241
v -0.38269359 0.28022504 -0.29349467
v -0.39294627 0.26537806 -0.19703403
v -0.38188621 0.28135189 -0.20927435
v -0.39210457 0.26690316 -0.22030100
v -0.40150443 0.25290787 -0.20883922
v -0.39974365 0.25539395 -0.25728536
v -0.40287906 0.25050697 -0.29334849
v -0.40175369 0.25211510 -0.19792296
v -0.38150689 0.28143743 -0.19823077
v -0.38636631 0.27557784 -0.30967262
v -0.40367198 0.24967836 -0.31017619
v -0.41133392 0.23643930 -0.24426334
v -0.41267338 0.23428832 -0.30952448
v -0.41074327 0.23778397 -0.20753925
v -0.39604011 0.26081100 -0.31362131
v -0.41935983 0.22212797 -0.21504806
v -0.41917503 0.22255792 -0.26486558
v -0.41955462 0.22161601 -0.30556208
v -0.41327563 0.23259003 -0.19790870
v -0.42554936 0.20955759 -0.19735949
v -0.42669189 0.20796187 -0.27810332
v -0.42842329 0.20415807 -0.30905971
v -0.42696437 0.20731963 -0.21289797
v -0.42307559 0.21384965 -0.31370685
v -0.43353951 0.19345008 -0.21186353
v -0.43396091 0.19206475 -0.30935565
v -0.43354562 0.19342576 -0.27080643
v -0.43308574 0.19364478 -0.19690882
v -0.44118762 0.17608708 -0.20270829
v -0.43974721 0.17906673 -0.25884899
v -0.44535643 0.16512348 -0.31027725
v -0.43358353 0.19192632 -0.31378791
v -0.44130495 0.17383941 -0.31361976
v -0.44547772 0.16502610 -0.22477360
v -0.44572586 0.16391586 -0.28404999
v -0.40448287 0.24732575 -0.31499246
v -0.45171502 0.14729446 -0.28468162
v -0.45154434 0.14800292 -0.22663940
v -0.45100108 0.14913833 -0.31285998
v -0.42879510 0.20108575 -0.31552929
v -0.38959509 0.26989692 -0.31497175
v -0.36991242 0.29750413 -0.31007218
v -0.37038428 0.29642344 -0.29517567
v -0.37074420 0.29598156 -0.23987237
v -0.36491704 0.30297711 -0.19742860
v -0.35944873 0.30956098 -0.29142529
v -0.35798055 0.31129977 -0.21111181
v -0.35755029 0.31195921 -0.31420901
v -0.45602059 0.13406406 -0.26763105
v -0.45574573 0.13463798 -0.22313951
v -0.45652759 0.13112213 -0.30987978
v -0.35002920 0.31995478 -0.19784085
v -0.34915558 0.32129452 -0.31017420
v -0.34702155 0.32317331 -0.28505373
v -0.34713095 0.32325399 -0.21254595
v -0.33649132 0.33437377 -0.20212594
v -0.33485419 0.33578312 -0.28205898
v -0.33607411 0.33489230 -0.30923229
v -0.33675590 0.33366135 -0.19706412
v -0.35079908 0.31893373 -0.31497297
v -0.34297484 0.32715186 -0.31503674
v -0.32117674 0.34925267 -0.31261188
v -0.32216868 0.34808123 -0.21019831
v -0.32011726 0.34990576 -0.28967938
v -0.32988143 0.34018505 -0.31508705
v -0.32219586 0.34779614 -0.19776616
v -0.31062424 0.35853168 -0.20870215
v -0.30981120 0.35919201 -0.28576377
v -0.30933198 0.35995474 -0.31327710
v -0.30607697 0.36209628 -0.19728106
v -0.37197161 0.29323179 -0.19650543
v -0.29960901 0.36825630 -0.30999759
v -0.29907262 0.36843514 -0.29462090
v -0.29736346 0.36971551 -0.25321534
v -0.29553130 0.37112537 -0.20103265
v -0.28183487 0.38177532 -0.28971508
v -0.27809736 0.38428921 -0.19860283
v -0.27917236 0.38364589 -0.21437466
v -0.28135377 0.38202199 -0.31251329
v -0.29775807 0.36894241 -0.31494829
v -0.39724863 0.25779819 -0.31553856
v -0.46036503 0.11689355 -0.19769096
v -0.45922312 0.12198368 -0.26967257
v -0.46057251 0.11635271 -0.30908814
v -0.45480841 0.13465565 -0.31480983
v -0.46479741 0.09866229 -0.30895603
v -0.46336022 0.10439583 -0.23651862
v -0.46381634 0.10318434 -0.19741923
v -0.45844397 0.12054179 -0.31527731
v -0.46634984 0.09128807 -0.19690610
v -0.46663791 0.08886988 -0.27624843
v -0.46901274 0.07706803 -0.20186514
v -0.46935126 0.07501535 -0.26789424
v -0.46946555 0.07401492 -0.30937845
v -0.43403855 0.18929540 -0.31552902
v -0.40551874 0.24382719 -0.19557828
v -0.45086956 0.14611512 -0.31553373
v -0.41947910 0.21921048 -0.31570739
v -0.41571802 0.22652176 -0.19606757
v -0.35220629 0.31638619 -0.19593997
v -0.47077951 0.06507114 -0.19743930
v -0.47122744 0.06273480 -0.23906207
v -0.47115368 0.06194649 -0.28593788
v -0.46950445 0.07008148 -0.31386364
v -0.47265112 0.04853662 -0.31022683
v -0.47311133 0.04674628 -0.25034535
v -0.47302142 0.04595757 -0.20057343
v -0.47286293 0.04641793 -0.22212999
v -0.47304350 0.04367911 -0.28581852
v -0.47201931 0.04911357 -0.31392428
v -0.47110385 0.05952204 -0.19563901
v -0.47404939 0.02879479 -0.22039583
v -0.47401959 0.02330917 -0.31396762
v -0.32704693 0.34217843 -0.19598325
v -0.46987614 0.06083279 -0.31574225
v 0.37707472 0.10001472 -0.25730425
v 0.37746659 0.09352013 -0.22823435
v 0.38043001 0.08666721 -0.25487599
v 0.37391168 0.10823777 -0.22600409
v 0.37412390 0.11280421 -0.25785398
v 0.37098065 0.11910341 -0.22781159
v 0.37996128 0.08495466 -0.22635448
v 0.38250354 0.07944128 -0.27125633
v 0.38377246 0.07495102 -0.24735491
v 0.37155929 0.12087625 -0.25785607
v 0.37317243 0.11397855 -0.28886980
v 0.37367821 0.11011564 -0.21497934
v 0.37723914 0.09569497 -0.21507430
v 0.38272688 0.07741372 -0.22565793
v 0.38446167 0.07035930 -0.22719958
v 0.36999545 0.12194406 -0.21483663
v 0.36676496 0.13230456 -0.21501970
v 0.36938402 0.12522955 -0.30227968
v 0.37278876 0.11531474 -0.30245349
v 0.36934638 0.12447444 -0.21234260
v 0.37616515 0.09854098 -0.30247864
v 0.37913617 0.08650384 -0.30234963
v 0.38220951 0.07689426 -0.29973385
v 0.38436612 0.06737588 -0.30221263
v 0.38617957 0.06279637 -0.25996807
v 0.38661966 0.05816820 -0.22674333
v 0.36521646 0.13722533 -0.27338755
v 0.38483906 0.07308586 -0.21558206
v 0.36522934 0.13470538 -0.22851159
v 0.36664411 0.13356702 -0.25153443
v 0.38787994 0.05381769 -0.21287005
v 0.38060722 0.08078386 -0.30413485
v 0.38672134 0.05333181 -0.29982346
v 0.38405076 0.07833555 -0.21280214
v 0.36549184 0.13446276 -0.30264351
v 0.37672925 0.09965421 -0.21186997
v 0.36230260 0.14256704 -0.21471332
v 0.37298572 0.11383219 -0.21194355
v 0.36908820 0.12516031 -0.30429310
v 0.38760659 0.04895691 -0.25949955
v 0.38672209 0.05401067 -0.29097599
v 0.38736209 0.04920795 -0.22531341
v 0.38829026 0.04418891 -0.21536712
v 0.38674092 0.05027146 -0.30279055
v 0.35734361 0.15354545 -0.26158804
v 0.35769990 0.15213680 -0.24475722
v 0.35252210 0.16545051 -0.24596351
v 0.35240179 0.16454139 -0.22750613
v 0.35804367 0.14970747 -0.22489481
v 0.35792881 0.15101598 -0.21477839
v 0.35603151 0.15592192 -0.28393632
v 0.35185161 0.16553111 -0.29795137
v 0.35414165 0.15893930 -0.30256620
v 0.35787004 0.15041415 -0.30238804
v 0.36165813 0.14262371 -0.30238429
v 0.35193631 0.16682056 -0.21489820
v 0.34711638 0.17670853 -0.25259760
v 0.34623125 0.17746960 -0.22531456
v 0.35133064 0.16917382 -0.21234275
v 0.34621191 0.17658606 -0.29934832
v 0.34322065 0.18277960 -0.30148149
v 0.34276420 0.18526819 -0.25513390
v 0.33600229 0.19840586 -0.26593387
v 0.33663401 0.19568251 -0.30136696
v 0.33992672 0.19042620 -0.22965722
v 0.34352437 0.18429191 -0.21228909
v 0.34048283 0.19086374 -0.21266134
v 0.34694633 0.17643583 -0.21483430
v 0.34774673 0.17642957 -0.21129109
v 0.34630719 0.17504211 -0.30265158
v 0.33123314 0.20661683 -0.25332379
v 0.33437371 0.20008448 -0.22566259
v 0.33297795 0.20264907 -0.21530379
v 0.33180833 0.20557390 -0.27385354
v 0.33229506 0.20300166 -0.30205062
v 0.32644168 0.21330030 -0.29971933
v 0.32183629 0.22087781 -0.28844959
v 0.32645637 0.21245712 -0.22919895
v 0.32276386 0.21845874 -0.21485643
v 0.31999776 0.22216073 -0.23186766
v 0.32054493 0.22225273 -0.25936037
v 0.32863349 0.21027531 -0.20949328
v 0.32067579 0.22176217 -0.30206805
v 0.32597917 0.21316484 -0.30270821
v 0.36685032 0.13433616 -0.21231650
v 0.33638209 0.19761650 -0.21328574
v 0.36279815 0.14306717 -0.21208762
v 0.31707928 0.22625163 -0.21312729
v 0.33421677 0.20249517 -0.21155763
v 0.32049116 0.22211394 -0.21127549
v 0.30820328 0.23769464 -0.25252780
v 0.30893427 0.23607810 -0.22900864
v 0.31017634 0.23536341 -0.21498080
v 0.30851543 0.23720175 -0.28204572
v 0.31370819 0.23026496 -0.29933777
v 0.32539263 0.21684594 -0.20946723
v 0.31245530 0.23385043 -0.21099617
v 0.30640513 0.23845722 -0.30135769
v 0.38812470 0.03168248 -0.27930486
v 0.38739598 0.03078309 -0.29911593
v 0.36177161 0.14051640 -0.30445984
v 0.38816756 0.03414154 -0.25755802
v 0.38795596 0.03110725 -0.22629149
v 0.38849285 0.01959520 -0.21524882
v 0.38860637 -0.00896543 -0.26080322
v 0.38843203 -0.03185127 -0.27548128
v 0.38846266 -0.01192860 -0.28027821
v 0.38785660 -0.00581308 -0.29305702
v 0.38806900 -0.00435230 -0.22993805
v 0.38809943 -0.03395969 -0.22646870
v 0.38841686 -0.00940754 -0.21984783
v 0.38884267 -0.01506978 -0.21493037
v 0.38760597 -0.03531271 -0.29973888
v 0.38737577 -0.02003208 -0.30275229
v 0.38779345 -0.04536204 -0.22541212
v 0.38807169 -0.04681068 -0.26877832
v 0.38728142 -0.04243692 -0.29379967
v 0.38833290 -0.04836682 -0.21518746
v 0.38703731 -0.05498270 -0.22996986
v 0.38714245 -0.05659140 -0.26892817
v 0.38643354 -0.05653182 -0.29368693
v 0.38719338 0.06297123 -0.21191606
v 0.37471887 0.11209846 -0.21142817
v 0.38728505 -0.05888221 -0.21245617
v 0.37559596 0.09678343 -0.30460417
v 0.37110087 0.12312657 -0.21168736
v 0.33931306 0.18850654 -0.30362034
v 0.38564551 -0.06304093 -0.22975677
v 0.35393846 0.15677431 -0.30438873
v 0.39012724 0.03913676 -0.21135542
v 0.38971946 0.02054738 -0.21129619
v 0.39037210 -0.00637732 -0.21145178
v 0.38966420 0.05134454 -0.21167865
v 0.39042786 -0.02683359 -0.21117277
v 0.31294179 0.22948433 -0.30406174
v 0.31707615 0.22979555 -0.20922205
v 0.29977748 0.24677289 -0.27555901
v 0.29369897 0.25316304 -0.24959682
v 0.29944113 0.24550870 -0.22704040
v 0.29422098 0.25131029 -0.22008181
v 0.29946929 0.24578752 -0.21508668
v 0.30607465 0.23960960 -0.21348229
v 0.34397268 0.17687550 -0.30405214
v 0.32783681 0.20705870 -0.30404755
v 0.38523373 0.05338889 -0.30452248
v 0.38513583 -0.05469087 -0.30431747
v 0.33877352 0.19920051 -0.20984636
v 0.38557026 -0.00422696 -0.30468464
v 0.39182892 -0.03019442 -0.20957525
v 0.39176729 -0.00431685 -0.20970911
v 0.39381847 -0.01482148 -0.20981359
v -0.02458108 0.45462161 -0.31387314
v -0.03446788 0.45453653 -0.31598878
v -0.00226237 0.45558181 -0.31417185
v 0.02298600 0.45707172 -0.31634089
v 0.02076218 0.45496750 -0.31406513
v 0.02759948 0.45391437 -0.31030789
v -0.05596954 0.45212096 -0.30935693
v -0.05896862 0.45290041 -0.31422603
v -0.05356913 0.45431900 -0.31618074
v -0.07217308 0.45062768 -0.31347391
v -0.07915471 0.44861007 -0.30865532
v -0.07756320 0.45041856 -0.31521738
v 0.05772327 0.45187706 -0.30930802
v 0.06830850 0.45142975 -0.31380650
v 0.07792705 0.44881475 -0.30856121
v 0.07389770 0.45084071 -0.31546804
v 0.08570959 0.44843495 -0.31393856
v 0.09026470 0.44657722 -0.31076449
v -0.08748768 0.44924855 -0.31588164
v -0.08968466 0.44665837 -0.31317052
v -0.09112495 0.44725120 -0.31551680
v -0.09498942 0.44417280 -0.29536539
v -0.11198168 0.44153222 -0.29807916
v -0.01325577 0.45469981 -0.30860770
v 0.00035483 0.45412910 -0.29569739
v 0.02077767 0.45302969 -0.29089105
v -0.04205726 0.45186529 -0.29349110
v -0.01442144 0.45344886 -0.29136378
v -0.05083819 0.45065662 -0.28145853
v -0.00036925 0.45380652 -0.28237110
v -0.02372587 0.45283216 -0.28131551
v 0.02733909 0.45250091 -0.28020689
v -0.01773595 0.45406938 -0.26131386
v -0.00009441 0.45451066 -0.26315761
v 0.00062981 0.45505413 -0.23715593
v -0.02454454 0.45437214 -0.23487134
v -0.03413903 0.45287561 -0.26181096
v 0.02261873 0.45371637 -0.24718082
v -0.01744834 0.45532206 -0.22121590
v 0.00116191 0.45574477 -0.22026613
v 0.03357987 0.45468965 -0.21990341
v -0.04218495 0.45385191 -0.22127321
v -0.00075043 0.45631751 -0.21448353
v -0.02069450 0.45578724 -0.21447618
v -0.04863220 0.45210534 -0.24171992
v -0.05929580 0.44965336 -0.28477055
v -0.07828265 0.44699410 -0.28696251
v 0.03517194 0.45332789 -0.23854412
v 0.05449202 0.45321795 -0.21457466
v 0.05202400 0.45108730 -0.24654435
v 0.04463072 0.45136556 -0.26333460
v 0.06370254 0.44903657 -0.26184142
v 0.04811197 0.45098054 -0.28638989
v -0.05505596 0.45264190 -0.21493101
v 0.02647468 0.45564055 -0.21437874
v 0.05294710 0.45389855 -0.21226224
v 0.06118714 0.44963765 -0.28503779
v 0.07979961 0.44705376 -0.28625724
v -0.07143667 0.44802502 -0.25534233
v -0.06053599 0.45022008 -0.24388628
v -0.07408337 0.44799235 -0.22719623
v -0.03216600 0.45477974 -0.21105380
v 0.07996305 0.44660023 -0.25231650
v 0.06793430 0.44887555 -0.24116340
v 0.06291994 0.45177674 -0.21422777
v -0.08051307 0.44638637 -0.26513258
v -0.11184820 0.44062686 -0.28189749
v -0.09676537 0.44327033 -0.28008872
v -0.11263134 0.44039655 -0.26573500
v -0.09127492 0.44432718 -0.23891167
v -0.09720364 0.44364712 -0.22473072
v -0.10640223 0.44194895 -0.23696654
v -0.12504922 0.43827879 -0.24211004
v -0.08134542 0.44616660 -0.21291588
v -0.12605497 0.44001359 -0.31326619
v -0.13154571 0.43640661 -0.26851439
v -0.13466100 0.43601426 -0.28521857
v -0.12854391 0.43901578 -0.21316007
v -0.13860038 0.43501416 -0.24140950
v -0.15085536 0.43154699 -0.25730726
v -0.15190004 0.43146795 -0.28518546
v -0.13652964 0.43716416 -0.30861610
v -0.15246895 0.43140081 -0.24338670
v 0.10641541 0.44304252 -0.29434314
v 0.09066983 0.44548067 -0.29811025
v 0.09247595 0.44477862 -0.28279626
v 0.09422788 0.44394493 -0.24428897
v 0.10509690 0.44250050 -0.23597157
v 0.08656389 0.44539791 -0.23090491
v 0.08760159 0.44489270 -0.21510744
v 0.10590126 0.44289425 -0.21145520
v 0.11429205 0.44191003 -0.22064793
v 0.11798224 0.44192189 -0.21100625
v 0.12022827 0.43981978 -0.24307805
v 0.08659539 0.44516408 -0.21161725
v 0.07174542 0.44913349 -0.21471687
v 0.05395342 0.45235482 -0.21010230
v -0.12980105 0.44009513 -0.31569543
v -0.14129335 0.43685633 -0.31362438
v 0.08142706 0.44636199 -0.20926850
v 0.06858018 0.44975245 -0.21129137
v -0.16202267 0.42757463 -0.26188940
v -0.16452977 0.42693385 -0.28679460
v -0.16203961 0.42776462 -0.23777609
v 0.08409479 0.44430953 -0.20900565
v 0.06198440 0.45002928 -0.20913909
v 0.13831215 0.43644768 -0.20929495
v -0.44666234 0.07883028 -0.28445891
v -0.44924077 0.05993747 -0.28377649
v -0.44780272 0.07703081 -0.29823580
v -0.45036158 0.05397164 -0.28940260
v -0.45102677 0.05580906 -0.29874754
v -0.44941580 0.07606097 -0.30961651
v -0.45199168 0.03913987 -0.29257604
v -0.45224595 0.03212021 -0.28036186
v -0.45376661 0.02646868 -0.30330533
v -0.44572437 0.08256695 -0.26528302
v -0.44693860 0.07638223 -0.24407327
v -0.44991657 0.05626344 -0.27475443
v -0.45131817 0.04579568 -0.27439570
v -0.45340103 0.01474532 -0.29519105
v -0.45306912 0.01647458 -0.27933168
v -0.45358935 -0.00153651 -0.28142577
v -0.45391938 -0.00177897 -0.29770413
v -0.45321503 0.03597935 -0.25068408
v -0.45397976 0.04056837 -0.21991508
v -0.45403197 0.01669571 -0.25265077
v -0.45441011 -0.00344496 -0.26152027
v -0.45297062 0.04897324 -0.22744766
v -0.45514169 -0.00167594 -0.22769511
v -0.45519853 -0.00136958 -0.21874294
v -0.45477647 -0.00350120 -0.23978293
v -0.45140719 0.05876730 -0.22840314
v -0.45016205 0.06371885 -0.21579835
v -0.45403031 0.02231271 -0.21276353
v -0.44393766 0.09305573 -0.28723443
v -0.45421922 -0.03457793 -0.21964258
v -0.45274419 -0.02447116 -0.28022650
v -0.45289406 -0.02740038 -0.29268575
v -0.45338291 -0.03174531 -0.24245442
v -0.45388687 -0.03689204 -0.21594489
v -0.45105484 -0.04676407 -0.27955657
v -0.45077267 -0.05487579 -0.29170659
v -0.45450646 -0.00189423 -0.21277526
v -0.45187616 -0.05504289 -0.22938773
v -0.45150077 -0.04803519 -0.25260553
v -0.45226604 -0.05319894 -0.21919115
v -0.45404369 -0.01900304 -0.30207956
v -0.45255390 -0.04491609 -0.29987505
v -0.44955730 -0.05900627 -0.27795208
v -0.44985437 -0.05983038 -0.25370726
v -0.45319524 0.04244133 -0.21502677
v -0.45010573 0.06174957 -0.21281612
v -0.45085496 -0.06066369 -0.29788989
v -0.45605543 -0.00451969 -0.31060112
v -0.45443138 0.03673752 -0.30990934
v -0.45223916 0.05870752 -0.30894634
v -0.45407358 -0.05023951 -0.30967829
v -0.44623697 -0.08221001 -0.28280747
v -0.44664237 -0.07929365 -0.23790747
v -0.44574791 -0.08563948 -0.22650482
v -0.44906563 -0.06953607 -0.22133967
v -0.44695625 -0.08216439 -0.29376230
v -0.44327366 -0.09684420 -0.24048413
v -0.44295105 -0.10266048 -0.21535224
v -0.44334024 -0.09759949 -0.28183854
v -0.44552442 -0.08603738 -0.21492864
v -0.44339657 -0.10045605 -0.21291614
v -0.44645616 -0.08079904 -0.21236710
v -0.44386563 -0.09751204 -0.29218245
v -0.44928035 -0.06628682 -0.21477292
v -0.45042431 -0.06010474 -0.21324971
v -0.43939149 -0.11929454 -0.22232684
v -0.45111614 -0.06954338 -0.30497018
v -0.43932965 -0.11486694 -0.24109080
v -0.43994626 -0.11035532 -0.26383728
v -0.43892652 -0.11589921 -0.28825644
v -0.44637764 -0.08967704 -0.29948291
v -0.44455653 -0.10013896 -0.30097485
v -0.44827092 -0.08782355 -0.30514482
v -0.44083124 -0.11567952 -0.30201739
v -0.43552801 -0.12459929 -0.27127361
v -0.43370745 -0.13081470 -0.28228560
v -0.42958799 -0.14406070 -0.25701910
v -0.43553355 -0.12680183 -0.24246547
v -0.43451026 -0.13159126 -0.29491761
v -0.42769086 -0.15276641 -0.29275742
v -0.43037763 -0.14218852 -0.23979779
v -0.44649208 -0.09395863 -0.30373353
v -0.44738287 -0.09740242 -0.31050438
v -0.43228731 -0.14419106 -0.30461022
v -0.44120914 0.10759650 -0.29578400
v -0.44252840 0.09538868 -0.24583900
v -0.44837010 0.07200667 -0.22763595
v -0.44496232 0.08551829 -0.22719875
v -0.43866464 0.11372442 -0.24296466
v -0.43807670 0.11465939 -0.26325843
v -0.43901339 0.11594900 -0.21555467
v -0.43811309 0.11573286 -0.27813521
v -0.43908411 0.11567526 -0.21336974
v -0.44264507 0.09579437 -0.21324117
v -0.44529918 0.08208716 -0.21498327
v -0.44647834 0.08883562 -0.30909249
v -0.44353372 0.10648830 -0.31324142
v -0.44093037 0.11614832 -0.30853820
v -0.44618541 0.07877541 -0.21266127
v -0.43869355 0.11727767 -0.29397139
v -0.44336322 0.11118434 -0.31554767
v -0.43480596 0.13071531 -0.21297432
v -0.45322534 -0.07054264 -0.31168851
v -0.45033461 -0.08791292 -0.31144828
v -0.43472821 0.12724972 -0.28333229
v -0.43003738 0.14139397 -0.25622019
v -0.43419960 0.12691757 -0.25121799
v -0.43188086 0.13713223 -0.23433223
v -0.43231004 0.13587052 -0.28045031
v -0.43372369 0.13591757 -0.29783973
v -0.42825639 0.14879295 -0.28292844
v -0.43531874 0.13592803 -0.30864465
v -0.44272560 0.08905040 -0.21075831
v -0.44877866 -0.09114102 -0.30626145
v -0.44780827 -0.09492406 -0.30628219
v -0.44750318 -0.09112459 -0.30207747
v -0.42612234 0.15958346 -0.29802015
v -0.42895073 0.15831031 -0.31329888
v -0.42571312 0.16839489 -0.31368604
v -0.42474836 0.15812132 -0.28186449
v -0.42413568 0.15682183 -0.25594863
v -0.42875969 0.14565012 -0.23365895
v -0.42789292 0.14929742 -0.21389543
v -0.43033773 0.14205626 -0.21299101
v -0.45094126 0.07575260 -0.31492129
v -0.45435303 0.05951515 -0.31509507
v -0.42399600 0.15746272 -0.23711599
v -0.42450282 0.15989061 -0.21352425
v -0.43694377 0.11957096 -0.21135524
v -0.44452187 -0.08508595 -0.21190082
v -0.42017809 0.17102376 -0.28920025
v -0.43142661 0.13816151 -0.21000941
v -0.41706166 0.17535387 -0.27716765
v -0.41785437 0.17054835 -0.25322852
v -0.41874984 0.17009468 -0.22799148
v -0.45712307 0.00709128 -0.31416512
v -0.45599630 -0.04795520 -0.31374666
v -0.42064977 0.16859934 -0.21470547
v -0.41083875 0.19159569 -0.28665251
v -0.40439191 0.20083150 -0.26600692
v -0.41526082 0.18538263 -0.29692310
v -0.42183137 0.17799978 -0.31295082
v -0.41245747 0.18204236 -0.25605926
v -0.40271819 0.20193891 -0.23894973
v -0.41235951 0.18172944 -0.23979029
v -0.40669677 0.19442087 -0.23577000
v -0.44795528 0.06684202 -0.21212681
v -0.40970206 0.19080812 -0.22014150
v -0.41322187 0.18208206 -0.21911949
v -0.41210040 0.18720429 -0.21538310
v -0.41250768 0.18858394 -0.21192361
v -0.41589764 0.17666003 -0.21505579
v -0.41407084 0.18399931 -0.21482800
v -0.41453615 0.18041991 -0.21144627
v -0.41395092 0.18227352 -0.20927851
v -0.41372997 0.18729331 -0.21285598
v -0.43894938 0.10847283 -0.20995960
v -0.41615853 0.18942231 -0.31009990
v -0.40384439 0.20850615 -0.29471886
v -0.40858856 0.20635071 -0.31274116
v -0.40121236 0.21072760 -0.28493193
v -0.39432910 0.21967559 -0.26064903
v -0.40535009 0.19956119 -0.21876650
v -0.39692688 0.21253482 -0.23879473
v -0.38803369 0.23070522 -0.25328004
v -0.38812947 0.23040524 -0.23877907
v -0.39175776 0.22490425 -0.22121406
v -0.39804780 0.21127851 -0.21623246
v -0.39743617 0.21439762 -0.21156837
v -0.39398953 0.22308776 -0.21041657
v -0.39437446 0.22062120 -0.20904985
v -0.39071050 0.22850353 -0.27472889
v -0.39117905 0.23076218 -0.29132968
v -0.38332379 0.23910132 -0.23811464
v -0.37934974 0.24689409 -0.25108004
v -0.37980312 0.24768434 -0.21948884
v -0.38324654 0.24038158 -0.21623765
v -0.38691258 0.23345383 -0.21981165
v -0.38265571 0.24363327 -0.21171559
v -0.37892389 0.25340700 -0.21120290
v -0.38114730 0.24555302 -0.27680507
v -0.39987874 0.22301847 -0.31351757
v -0.39303362 0.23291230 -0.30856383
v -0.41811201 0.18893608 -0.31455424
v -0.41412830 0.19732988 -0.31531945
v -0.39075908 0.22892809 -0.21148737
v -0.38610557 0.23593013 -0.21099269
v -0.38419822 0.24191982 -0.21122843
v -0.38446897 0.24299127 -0.20819901
v -0.37622958 0.25739563 -0.20903969
v -0.37645078 0.25794694 -0.21149890
v -0.37502918 0.25702712 -0.22201592
v -0.37466547 0.25543374 -0.24142957
v -0.37326035 0.25758868 -0.26154384
v -0.37552351 0.25640976 -0.28598052
v -0.38075343 0.25195748 -0.30348933
v -0.42569947 0.17095645 -0.31567276
v -0.38599658 0.24727753 -0.31344998
v -0.40915215 0.19562910 -0.21164890
v -0.40941444 0.19396278 -0.20928927
v -0.42260328 0.16136317 -0.21057245
v -0.41957402 0.16887410 -0.21172415
v -0.41700915 0.17514929 -0.21292110
v -0.42605454 0.15128332 -0.21157868
v -0.39253744 0.23800029 -0.31536824
v -0.39998809 0.20939952 -0.21131556
v -0.40045184 0.20701879 -0.20960788
v -0.39887652 0.21331570 -0.21138306
v -0.39931425 0.21312562 -0.20760095
v -0.37792909 0.25815919 -0.30869773
v -0.36750311 0.26989043 -0.29699749
v -0.37955171 0.25879556 -0.31468883
v -0.36391973 0.27155265 -0.25325465
v -0.36459303 0.27172449 -0.28016490
v -0.36379531 0.27209634 -0.23805930
v -0.36358446 0.27438679 -0.21861634
v -0.40473104 0.20220093 -0.21262987
v -0.36208665 0.27980614 -0.30837089
v -0.37032360 0.26629785 -0.21115084
v -0.41079319 0.20501006 -0.31563649
v -0.40354654 0.20261315 -0.20944655
v -0.40300676 0.20615971 -0.21379021
v -0.42152378 0.18408374 -0.31560498
v -0.44821787 -0.06424263 -0.21230736
v -0.35230228 0.28707001 -0.25075412
v -0.35600343 0.28394324 -0.21957269
v -0.35738367 0.28288618 -0.21111497
v -0.35020432 0.29365930 -0.21798247
v -0.35142288 0.29287988 -0.21121497
v -0.35374177 0.28773895 -0.20892695
v -0.34879252 0.29654318 -0.20883821
v -0.34618145 0.30070397 -0.21103124
v -0.34330305 0.30011854 -0.24895969
v -0.34446147 0.29810515 -0.26859212
v -0.35297951 0.28705743 -0.28333464
v -0.34690773 0.29590493 -0.28759652
v -0.35503170 0.28631929 -0.29700840
v -0.34657061 0.30053833 -0.30929178
v -0.36784902 0.27398813 -0.31394309
v -0.37492561 0.26412508 -0.31295678
v -0.36047390 0.28511620 -0.31547892
v -0.36236626 0.27694565 -0.21151148
v -0.35462114 0.29112500 -0.31308776
v -0.33478519 0.31023481 -0.26935318
v -0.33619797 0.30939883 -0.28311169
v -0.33890975 0.30802628 -0.29856738
v -0.34120592 0.30826560 -0.31374222
v -0.33579805 0.30947605 -0.24564138
v -0.34839684 0.30074114 -0.31527278
v -0.40371782 0.20591880 -0.21124312
v -0.40273437 0.20621768 -0.20903797
v -0.40312603 0.21916945 -0.31561339
v -0.33705327 0.31128177 -0.20888172
v -0.33636916 0.31360382 -0.31288418
v -0.32525554 0.32173049 -0.28533611
v -0.32706955 0.31884041 -0.26428944
v -0.32535273 0.32470989 -0.30938956
v -0.32809022 0.31822434 -0.24065207
v -0.33282211 0.31569865 -0.21134172
v -0.37250060 0.26161012 -0.20879903
v -0.36869335 0.26778457 -0.20894283
v -0.36436367 0.27259278 -0.20873934
v -0.35984090 0.27852193 -0.20888823
v -0.32556292 0.32331052 -0.21081325
v -0.31810382 0.32796857 -0.26533780
v -0.31526214 0.33199781 -0.29147980
v -0.31730583 0.32909340 -0.23822303
v -0.31710097 0.33145663 -0.21108164
v -0.33275259 0.31896946 -0.31543764
v -0.43223840 -0.14945646 -0.31169930
v -0.31962925 0.32869083 -0.20831478
v -0.30891165 0.33917266 -0.20881136
v -0.30759555 0.34205383 -0.31387061
v -0.32366636 0.32737938 -0.31397489
v -0.31610730 0.33477271 -0.31395036
v -0.30287772 0.34181696 -0.26684499
v -0.29819214 0.34613693 -0.23849404
v -0.30034712 0.34478897 -0.28524250
v -0.30975863 0.33738667 -0.21670999
v -0.29707515 0.34778187 -0.21969010
v -0.30338189 0.34355196 -0.21109994
v -0.30036679 0.34691587 -0.30648175
v -0.28882155 0.35388196 -0.27106497
v -0.34462494 0.29981264 -0.20767176
v -0.28079242 0.36090133 -0.28732198
v -0.28611806 0.35798153 -0.30375263
v -0.27283338 0.36595219 -0.25589523
v -0.28562859 0.35602880 -0.23838441
v -0.28717074 0.35844284 -0.31327340
v -0.29470795 0.35028663 -0.20917620
v -0.45199975 -0.03553186 -0.21267879
v -0.38865149 0.24567781 -0.31571209
v -0.27274495 0.36549869 -0.23781589
v -0.28266433 0.35751924 -0.21789002
v -0.25871304 0.37612593 -0.25223458
v -0.25845459 0.37691984 -0.28785717
v -0.25665057 0.37700278 -0.23710626
v -0.27177173 0.36601797 -0.21838661
v -0.28198874 0.35820225 -0.21105443
v -0.27243453 0.36623442 -0.21118611
v -0.25616494 0.37756744 -0.22116643
v -0.25508392 0.37932083 -0.21125683
v -0.26272792 0.37307665 -0.21110395
v -0.25403106 0.37934703 -0.20874988
v -0.26615751 0.37274507 -0.30935618
v -0.29027897 0.35265031 -0.21924026
v -0.29034534 0.35315049 -0.21111886
v -0.24903749 0.38340127 -0.20939766
v -0.44422317 0.07731897 -0.20986839
v -0.27870101 0.36537391 -0.31539893
v -0.25907463 0.37932932 -0.31495962
v -0.24149466 0.38771635 -0.27510938
v -0.24164486 0.38855234 -0.29861897
v -0.24131888 0.38974899 -0.30986372
v -0.24440716 0.38931343 -0.31535736
v -0.24293597 0.38576084 -0.23907055
v -0.24637461 0.38375777 -0.21812305
v -0.31578848 0.33650652 -0.31589335
v -0.32978311 0.32252449 -0.31579804
v -0.23165636 0.39442462 -0.29551235
v -0.24217300 0.38626215 -0.21160536
v -0.22273046 0.39785698 -0.24386005
v -0.21824032 0.40141609 -0.28560385
v -0.21281813 0.40360251 -0.23628004
v -0.22791931 0.39449254 -0.23583619
v -0.21411791 0.40344113 -0.21155187
v -0.21023607 0.40620649 -0.21465862
v -0.22310978 0.39781648 -0.21137553
v -0.23292586 0.39177743 -0.21532585
v -0.24025388 0.38706186 -0.21839942
v -0.24004464 0.38801509 -0.21490079
v -0.26148063 0.37249175 -0.20878987
v -0.22234227 0.40090039 -0.30999726
v -0.23244633 0.39243230 -0.21130438
v -0.20951651 0.40544248 -0.25751278
v -0.21150330 0.40709749 -0.31340021
v -0.19814403 0.41121706 -0.23917034
v -0.36623996 0.27889776 -0.31600615
v -0.23707029 0.38837674 -0.20787066
v -0.23587047 0.39109164 -0.21308221
v -0.20827264 0.40652096 -0.28392357
v -0.20619938 0.41028857 -0.31549880
v -0.18407388 0.41810971 -0.24823117
v -0.18243179 0.41978484 -0.22455035
v -0.18615966 0.41740400 -0.28738394
v -0.19047110 0.41649929 -0.21155690
v -0.18311715 0.42042312 -0.21241833
v -0.19036615 0.41650203 -0.30856520
v -0.18252088 0.42036122 -0.30967671
v -0.16217573 0.42940578 -0.31347755
v -0.17387034 0.42506593 -0.31504592
v -0.24361460 0.38559970 -0.20916514
v -0.16297977 0.42821002 -0.21493715
v -0.15309022 0.43248880 -0.21282120
v 0.23789974 -0.38715574 -0.25403258
v 0.24936603 -0.38045147 -0.25678360
v 0.24870336 -0.38319767 -0.29303730
v 0.22786419 -0.39424729 -0.26659456
v 0.22455765 -0.39479139 -0.24348620
v 0.23158355 -0.39316878 -0.28862402
v 0.23555182 -0.38762102 -0.22963196
v 0.25231609 -0.37777254 -0.23605442
v 0.23909359 -0.39071214 -0.31345242
v 0.23142822 -0.39522123 -0.31318769
v 0.25079393 -0.38364670 -0.31346098
v 0.21730949 -0.39908138 -0.25161618
v 0.21731879 -0.39883709 -0.23870297
v 0.21741861 -0.40256169 -0.31266299
v 0.21771698 -0.40008491 -0.28629422
v 0.24775203 -0.38057750 -0.22007026
v 0.25776747 -0.37490082 -0.21469551
v 0.23630884 -0.38618821 -0.21485637
v 0.22624682 -0.39383605 -0.21442050
v 0.26045507 -0.37400782 -0.27747089
v 0.26149523 -0.37625939 -0.31306836
v 0.21949673 -0.39825097 -0.21505857
v 0.21079692 -0.40311143 -0.22224033
v 0.26560029 -0.36833078 -0.23906548
v 0.23041469 -0.39073652 -0.21242610
v 0.27047369 -0.36590862 -0.26567882
v 0.27857658 -0.35854417 -0.24129649
v 0.27411783 -0.36528432 -0.29561445
v 0.27983764 -0.36213660 -0.30891046
v 0.28466085 -0.35493881 -0.27022082
v 0.30018446 -0.34383354 -0.27759084
v 0.29352674 -0.34838098 -0.24120466
v 0.28345504 -0.35525325 -0.22750096
v 0.30619940 -0.33866635 -0.26808265
v 0.30675375 -0.33829787 -0.24662423
v 0.29876769 -0.34827536 -0.30788717
v 0.31029746 -0.33673158 -0.28911936
v 0.27579829 -0.36092162 -0.21474907
v 0.26514781 -0.36888766 -0.21256533
v 0.28196639 -0.35616037 -0.21475843
v 0.29709250 -0.34689257 -0.22213247
v 0.28686094 -0.35324928 -0.21188961
v 0.29879355 -0.34592968 -0.21494234
v 0.30663982 -0.33933258 -0.22902039
v 0.29675424 -0.34696367 -0.21178913
v 0.30465886 -0.34144127 -0.21136764
v 0.25656047 -0.37547874 -0.21143652
v 0.25116545 -0.37947759 -0.21214576
v 0.27465105 -0.36141732 -0.21175468
v 0.26980528 -0.36531168 -0.21290484
v 0.28291529 -0.35509756 -0.21083534
v 0.29337841 -0.35331282 -0.31412005
v 0.26730767 -0.37210426 -0.31359556
v 0.27734911 -0.36482891 -0.31393921
v 0.31008041 -0.33612013 -0.21526082
v 0.31429157 -0.33661219 -0.31338570
v 0.32057095 -0.32592344 -0.27112550
v 0.32042298 -0.32746831 -0.28718773
v 0.32113683 -0.33068109 -0.31538472
v 0.32001096 -0.32614660 -0.24382326
v 0.31900793 -0.32801437 -0.21393640
v 0.32479766 -0.32188407 -0.22887175
v 0.21557097 -0.40136459 -0.21256787
v 0.20844488 -0.40530753 -0.21371505
v 0.19868033 -0.40770936 -0.24240695
v 0.24425808 -0.38303247 -0.21249990
v 0.32689163 -0.32516775 -0.31551799
v 0.19899589 -0.40737209 -0.25836176
v 0.19782704 -0.40861866 -0.28409842
v 0.20029420 -0.41020662 -0.31367257
v 0.19603740 -0.41031009 -0.21980116
v 0.32859674 -0.31721777 -0.24808232
v 0.33452484 -0.31139866 -0.27432400
v 0.33279747 -0.31475130 -0.28799254
v 0.32735631 -0.31919995 -0.21557601
v 0.33686900 -0.31416112 -0.31306756
v 0.33611840 -0.30958200 -0.22330333
v 0.33819574 -0.30642080 -0.25584552
v 0.33485973 -0.31150612 -0.21166714
v 0.32809427 -0.31760269 -0.21150933
v 0.32149765 -0.32596010 -0.21045747
v 0.31326574 -0.33202556 -0.21143852
v 0.20075203 -0.40911505 -0.21271418
v 0.34243774 -0.30788153 -0.31305754
v 0.18686378 -0.41212550 -0.26071447
v 0.18238755 -0.41454259 -0.23052272
v 0.17574185 -0.41697541 -0.24972251
v 0.17546958 -0.41731149 -0.28377843
v 0.15795848 -0.42676669 -0.26519215
v 0.15907052 -0.42670453 -0.28653106
v 0.15731326 -0.42744467 -0.24007565
v 0.17303672 -0.41903844 -0.21482745
v 0.16634326 -0.42353544 -0.21462786
v 0.16078939 -0.42684865 -0.21491468
v 0.16110392 -0.42732263 -0.30896538
v 0.17899327 -0.41703504 -0.30864635
v 0.17744796 -0.41642261 -0.23156959
v 0.17803596 -0.41587394 -0.21956810
v 0.17242123 -0.41903442 -0.21232998
v 0.15255603 -0.43117529 -0.21359901
v 0.14794444 -0.43116033 -0.26304439
v 0.14848909 -0.43145341 -0.28685865
v 0.15156628 -0.43265978 -0.31437355
v 0.14971687 -0.43104813 -0.23798008
v 0.15969953 -0.42767054 -0.21248461
v 0.16467601 -0.42390037 -0.21214466
v 0.15191402 -0.43134636 -0.21228993
v 0.18527633 -0.41313732 -0.28317282
v 0.16008456 -0.42878819 -0.31508204
v 0.16618502 -0.42599156 -0.31577826
v 0.19126937 -0.41295373 -0.21417531
v 0.18925127 -0.41251719 -0.22062899
v 0.18970753 -0.41359553 -0.31196368
v 0.14384189 -0.43423238 -0.21496916
v 0.13252291 -0.43631825 -0.27877724
v 0.13141964 -0.43613443 -0.25012833
v 0.14487264 -0.43441057 -0.30962452
v 0.14216354 -0.43614450 -0.31378591
v 0.18026608 -0.41542214 -0.21518379
v 0.18782371 -0.41403148 -0.21216045
v 0.13202831 -0.43803158 -0.30496028
v 0.12869817 -0.43973291 -0.31364033
v 0.17466575 -0.42137420 -0.31531075
v 0.12807924 -0.43894571 -0.21482199
v 0.22453560 -0.39916560 -0.31395999
v 0.24570234 -0.38752943 -0.31563193
v 0.25550187 -0.38128924 -0.31560412
v 0.12017454 -0.43947104 -0.28160805
v 0.11936888 -0.43921000 -0.24859785
v 0.11911044 -0.44107985 -0.21458505
v 0.12608710 -0.43929717 -0.21222399
v 0.13225415 -0.43947145 -0.31560355
v 0.11234961 -0.44284672 -0.31352273
v 0.19294137 -0.41352731 -0.31554031
v 0.21974541 -0.40265596 -0.31606203
v 0.35016471 -0.29280797 -0.27831447
v 0.34906170 -0.29573709 -0.29119912
v 0.10571383 -0.44187820 -0.25037888
v 0.10828619 -0.44198948 -0.28845170
v 0.10853881 -0.44203311 -0.22812787
v 0.18368790 -0.41480908 -0.21202683
v 0.17673962 -0.41855222 -0.21502407
v 0.17871806 -0.41686016 -0.21786535
v 0.17599230 -0.41798884 -0.21180575
v 0.34965643 -0.29226682 -0.24002442
v 0.34811684 -0.29459658 -0.22596566
v 0.35114640 -0.29079816 -0.26759174
v 0.34342876 -0.30043080 -0.21606989
v 0.35101727 -0.29733449 -0.31379899
v 0.22695607 -0.39888760 -0.31620061
v 0.35016870 -0.29131359 -0.21262960
v 0.29688221 -0.35164648 -0.31592470
v 0.09496177 -0.44408318 -0.28774661
v 0.09607357 -0.44376564 -0.26478308
v 0.07662297 -0.44721857 -0.28600785
v 0.09194690 -0.44558814 -0.30830440
v 0.07235476 -0.45003384 -0.30921611
v 0.08919568 -0.44453394 -0.24578466
v 0.07428566 -0.44705480 -0.24108653
v 0.08515136 -0.44522390 -0.22765355
v 0.07398014 -0.44769382 -0.22375400
v 0.06239214 -0.45019341 -0.21852890
v 0.05697149 -0.45000470 -0.25245792
v 0.06808215 -0.44860435 -0.21516387
v 0.07819475 -0.44641477 -0.21200283
v 0.08131892 -0.44561908 -0.21447021
v 0.08991002 -0.44415191 -0.21515776
v 0.05588421 -0.45003003 -0.27964813
v 0.05719572 -0.45027459 -0.21288222
v 0.09970562 -0.44310501 -0.22716939
v 0.10449207 -0.44271144 -0.21478020
v 0.05475658 -0.45204791 -0.30451337
v 0.07775018 -0.45031568 -0.31528708
v 0.08924554 -0.44689521 -0.31314325
v 0.11006451 -0.44510123 -0.31649494
v 0.07030364 -0.45146593 -0.31379715
v 0.04878282 -0.45185715 -0.22583477
v 0.05439265 -0.45287219 -0.31068757
v 0.04311865 -0.45244610 -0.21895255
v 0.03823747 -0.45136774 -0.27280799
v 0.04952214 -0.45094103 -0.28719640
v 0.05510446 -0.45392683 -0.31582108
v 0.01507158 -0.45290118 -0.25566420
v 0.00521446 -0.45283496 -0.28357619
v 0.01786910 -0.45371690 -0.21707563
v 0.00081994 -0.45436570 -0.21694472
v 0.01997127 -0.45291117 -0.29662424
v 0.01861621 -0.45418972 -0.30923027
v 0.20285255 -0.41043067 -0.31601143
v 0.00081435 -0.45367607 -0.23897015
v -0.00157036 -0.45291966 -0.27709651
v -0.00298952 -0.45326394 -0.29479206
v -0.00360858 -0.45414007 -0.30479211
v 0.02263351 -0.45269981 -0.21468578
v -0.02592080 -0.45340499 -0.22043955
v -0.03847890 -0.45191160 -0.25045663
v -0.03402890 -0.45172122 -0.27126032
v 0.00093555 -0.45343128 -0.21342281
v -0.02761531 -0.45348549 -0.30525011
v -0.03647548 -0.45159188 -0.28304794
v -0.04595524 -0.45248169 -0.21863405
v -0.03747529 -0.45464641 -0.31421497
v -0.05196120 -0.45164558 -0.21461670
v -0.05468073 -0.45063576 -0.28899649
v -0.05452161 -0.45014691 -0.28012976
v -0.05389266 -0.45007378 -0.27136651
v -0.05077551 -0.45245269 -0.30470407
v -0.05509175 -0.45320493 -0.31131557
v -0.05539126 -0.45159814 -0.21993929
v -0.05614969 -0.45015469 -0.25133580
v -0.05876537 -0.45408785 -0.31568250
v -0.06202420 -0.45110810 -0.30478349
v 0.06437538 -0.44761285 -0.21221831
v 0.27988648 -0.36415380 -0.31626633
v -0.07898884 -0.44620284 -0.27904433
v -0.08277007 -0.44583860 -0.23554245
v -0.06713531 -0.44816414 -0.24932350
v -0.07032900 -0.44857025 -0.22129656
v -0.08183203 -0.44656670 -0.29585794
v -0.09567633 -0.44413584 -0.29537413
v -0.09807098 -0.44326013 -0.27970418
v -0.09424745 -0.44384319 -0.23839386
v -0.08270468 -0.44613853 -0.21286207
v -0.09272452 -0.44446933 -0.21485806
v -0.10794030 -0.44282928 -0.21523812
v -0.10470631 -0.44275293 -0.21271066
v -0.10827075 -0.44177923 -0.24092901
v -0.10877772 -0.44125700 -0.27270755
v -0.06734064 -0.44876304 -0.21470952
v -0.08845839 -0.44652462 -0.31018731
v -0.10600978 -0.44344220 -0.30993980
v -0.10946811 -0.44143400 -0.29082578
v -0.07435752 -0.45005599 -0.31212351
v -0.12407401 -0.43954954 -0.21760623
v 0.12807280 -0.43708900 -0.21162933
v -0.12774122 -0.43848541 -0.21452947
v -0.12808464 -0.43802086 -0.30362913
v -0.13547479 -0.43511787 -0.28538886
v -0.10900181 -0.44320780 -0.31257883
v -0.09186014 -0.44691613 -0.31331503
v -0.12886913 -0.43874866 -0.31065729
v -0.12709187 -0.43725011 -0.24527851
v -0.13757874 -0.43422914 -0.26979920
v -0.14875858 -0.43158674 -0.27855480
v -0.13947582 -0.43385687 -0.24584864
v -0.14267449 -0.43459418 -0.21556634
v -0.12399824 -0.43872342 -0.21261506
v -0.13807122 -0.43529019 -0.21253963
v 0.07487925 -0.45250985 -0.31608361
v -0.12868401 -0.44011372 -0.31450889
v -0.14349490 -0.43582329 -0.31321186
v 0.30092943 -0.34277529 -0.20960914
v -0.08047618 -0.45042548 -0.31469110
v 0.34067267 -0.31165373 -0.31604657
v 0.34551719 -0.30670050 -0.31615382
v -0.10572822 -0.44088918 -0.21187499
v 0.36295602 -0.27377042 -0.22142607
v 0.35659134 -0.28254685 -0.22735922
v 0.36199999 -0.27600953 -0.26921144
v 0.35571626 -0.28248176 -0.21453321
v 0.36487991 -0.27155671 -0.21240856
v 0.35813528 -0.27822161 -0.21167946
v 0.35432759 -0.28253615 -0.21139319
v 0.36329505 -0.27692112 -0.29597718
v 0.36509088 -0.27714705 -0.31277654
v 0.34564495 -0.29775456 -0.21252930
v 0.37298757 -0.26578116 -0.31268564
v 0.33061725 -0.31333789 -0.20951189
v 0.37543073 -0.26520374 -0.31585202
v 0.36805522 -0.26668319 -0.21433160
v 0.36721414 -0.26714626 -0.24990065
v 0.37170613 -0.26166424 -0.27694216
v 0.37827289 -0.25632691 -0.30851939
v 0.37920430 -0.25707796 -0.31392223
v 0.36384451 -0.28024590 -0.31549719
v 0.35696837 -0.28949791 -0.31380719
v 0.37347028 -0.25656271 -0.23825999
v 0.37539822 -0.25436494 -0.22062223
v 0.37537691 -0.25604293 -0.21441156
v 0.37317920 -0.25716633 -0.25777981
v 0.37660024 -0.25504643 -0.28989857
v 0.34810272 -0.30257899 -0.31550330
v 0.37912205 -0.24929971 -0.21234475
v 0.38765308 -0.23953478 -0.30816811
v 0.38480279 -0.24883357 -0.31547344
v 0.38223991 -0.24044116 -0.25881785
v 0.38469309 -0.23902810 -0.28584555
v 0.38943329 -0.23009771 -0.28125137
v 0.38799641 -0.22888860 -0.24864432
v 0.38238761 -0.23911805 -0.23744269
v 0.38533986 -0.23363690 -0.21446021
v 0.39497131 -0.22317110 -0.29530194
v 0.40112275 -0.21807440 -0.31329173
v 0.39667130 -0.21439464 -0.26682773
v 0.39521262 -0.21423505 -0.23921943
v 0.40346816 -0.19989665 -0.24256645
v 0.40461838 -0.19797435 -0.22383498
v 0.39677632 -0.21109557 -0.22244634
v 0.40034717 -0.20389634 -0.21487239
v 0.39719018 -0.20935223 -0.21473417
v 0.39617351 -0.20926727 -0.21200229
v 0.40418637 -0.20077002 -0.26894513
v 0.39798182 -0.21468118 -0.28460920
v 0.40603206 -0.19914699 -0.28330255
v 0.40405020 -0.20670837 -0.29711369
v 0.40648967 -0.20812716 -0.31379375
v 0.41197360 -0.19779059 -0.31412220
v 0.37982452 -0.24526832 -0.22082593
v 0.38163379 -0.23958091 -0.21156277
v 0.38265219 -0.23919767 -0.21463229
v 0.39906928 -0.22363228 -0.31580746
v 0.40444687 -0.21470991 -0.31589651
v 0.40941259 -0.20482820 -0.31579149
v 0.41227645 -0.18337800 -0.26744530
v 0.29298764 -0.25320259 -0.27608672
v 0.27768958 -0.26968828 -0.26957035
v 0.28298000 -0.26398104 -0.28199631
v 0.29305214 -0.25288874 -0.24841672
v 0.27751437 -0.26910508 -0.24263273
v 0.26376599 -0.28348014 -0.26412103
v 0.29291290 -0.25184003 -0.22801724
v 0.27918190 -0.26633957 -0.22602154
v 0.26646590 -0.27903503 -0.23148794
v 0.26036677 -0.28601021 -0.24606881
v 0.26939327 -0.27783766 -0.28367072
v 0.25414878 -0.29266077 -0.27427113
v 0.24871783 -0.29747951 -0.25253075
v 0.28916189 -0.25602657 -0.21467574
v 0.25810322 -0.28663915 -0.22719169
v 0.24911402 -0.29570848 -0.23181461
v 0.23516019 -0.30861747 -0.23008654
v 0.25130337 -0.29370043 -0.21423583
v 0.25952995 -0.28565145 -0.21472237
v 0.23899786 -0.30628544 -0.26345050
v 0.22610499 -0.31626406 -0.22884059
v 0.22796378 -0.31553480 -0.25679961
v 0.25277907 -0.29273111 -0.30211118
v 0.25958768 -0.28616816 -0.30251154
v 0.24353637 -0.30172178 -0.29963771
v 0.22785188 -0.31553018 -0.29239792
v 0.22806562 -0.31577781 -0.29940286
v 0.27815506 -0.26758078 -0.30190933
v 0.28682590 -0.25896999 -0.29915035
v 0.26667309 -0.27901781 -0.30280256
v 0.30007178 -0.24435332 -0.29911581
v 0.24568422 -0.29951549 -0.21342106
v 0.23938882 -0.30533087 -0.21471833
v 0.23255943 -0.31138518 -0.21460642
v 0.30070636 -0.24381402 -0.24969275
v 0.31278291 -0.23015653 -0.25315809
v 0.31494042 -0.22724365 -0.29255965
v 0.31701460 -0.22575864 -0.30075431
v 0.31481928 -0.22680694 -0.23051736
v 0.30156931 -0.24153741 -0.22818226
v 0.29948696 -0.24445514 -0.21482338
v 0.32042691 -0.22057992 -0.21194257
v 0.32402939 -0.21556178 -0.25551635
v 0.32493922 -0.21352284 -0.23241499
v 0.32346982 -0.21582912 -0.29366270
v 0.30523768 -0.23811400 -0.30277556
v 0.29413620 -0.25018257 -0.30265537
v 0.28471157 -0.25995255 -0.30375248
v 0.31465721 -0.22803947 -0.30271956
v 0.22334209 -0.31861559 -0.21439986
v 0.23678030 -0.30727729 -0.30280435
v 0.24447052 -0.30017483 -0.30273569
v 0.32558119 -0.21332811 -0.30194283
v 0.33276662 -0.20236084 -0.25811183
v 0.33350632 -0.20033717 -0.29873994
v 0.33096570 -0.20421112 -0.22800362
v 0.21367256 -0.32511601 -0.22956492
v 0.21521993 -0.32449847 -0.21164639
v 0.21099342 -0.32718220 -0.24756067
v 0.21270227 -0.32604009 -0.27099669
v 0.21552555 -0.32448259 -0.29876360
v 0.27356604 -0.27181998 -0.30335733
v 0.33188513 -0.20284589 -0.30261856
v 0.33729640 -0.19471593 -0.25521916
v 0.33878902 -0.19094293 -0.29327342
v 0.34205636 -0.18556631 -0.29945269
v 0.33666536 -0.19443588 -0.30255359
v 0.31967646 -0.22133301 -0.30276456
v 0.34139386 -0.18535519 -0.23015718
v 0.34241337 -0.18396230 -0.21458974
v 0.20769222 -0.32915562 -0.21181212
v 0.19748475 -0.33538976 -0.27978718
v 0.20297360 -0.33210224 -0.30163223
v 0.21462755 -0.32420644 -0.30414337
v 0.21039441 -0.32806534 -0.30197096
v 0.20555755 -0.32995200 -0.22669968
v 0.23585957 -0.31013876 -0.21004342
v 0.24256037 -0.30327958 -0.21212065
v 0.34692606 -0.17505869 -0.29452854
v 0.35116601 -0.16741137 -0.25595996
v 0.34965336 -0.16836469 -0.22705212
v 0.34719890 -0.17405906 -0.21438135
v 0.35103312 -0.16640291 -0.21464592
v 0.35084730 -0.16704924 -0.29113713
v 0.35405457 -0.15954523 -0.30200046
v 0.34438449 -0.18007825 -0.30262783
v 0.35492158 -0.15822971 -0.21181127
v 0.35476321 -0.15692733 -0.23007961
v 0.35838759 -0.15045519 -0.21252495
v 0.36003688 -0.14507827 -0.22928883
v 0.36207142 -0.14223017 -0.21291433
v 0.36455280 -0.13606335 -0.23019491
v 0.36503860 -0.13744456 -0.25552642
v 0.35714790 -0.15388063 -0.26062256
v 0.36462986 -0.13809521 -0.27216282
v 0.35844216 -0.14957903 -0.29098383
v 0.35785589 -0.15026988 -0.30244499
v 0.36623523 -0.13338605 -0.21483390
v 0.36383656 -0.13759810 -0.29327968
v 0.36942938 -0.12491832 -0.30198824
v 0.36996451 -0.12278044 -0.29343250
v 0.37029731 -0.12157372 -0.23012343
v 0.36966920 -0.12552869 -0.25946435
v 0.36952823 -0.12485577 -0.21264324
v 0.37212765 -0.11610268 -0.29252362
v 0.37217703 -0.11744269 -0.25833741
v 0.34762371 -0.17553189 -0.21096307
v 0.35155031 -0.16740076 -0.21169256
v 0.34357649 -0.18412079 -0.21029493
v 0.33946434 -0.19170886 -0.21036132
v 0.37282324 -0.11413234 -0.30254549
v 0.31716555 -0.22297017 -0.30449888
v 0.37168556 -0.11752288 -0.21478979
v 0.37284097 -0.11465309 -0.21199268
v 0.20247848 -0.33209491 -0.21194878
v 0.19499619 -0.33618897 -0.21262084
v 0.19126448 -0.33852810 -0.30165225
v 0.37180981 -0.11554606 -0.22794658
v 0.37629157 -0.09886366 -0.27741838
v 0.37379333 -0.10905936 -0.25311294
v 0.37596175 -0.09784992 -0.30271673
v 0.37825558 -0.08890571 -0.30223429
v 0.37892354 -0.08878967 -0.27505109
v 0.38254392 -0.07726456 -0.27433351
v 0.38148925 -0.07901331 -0.29375339
v 0.38071042 -0.08136628 -0.30237216
v 0.37665835 -0.09340040 -0.25232753
v 0.38292408 -0.07510369 -0.25182304
v 0.37683657 -0.08942305 -0.23311028
v 0.38191581 -0.07629114 -0.23142758
v 0.38165033 -0.07785692 -0.22199385
v 0.37691820 -0.09180899 -0.21567456
v 0.38150564 -0.08056637 -0.21521740
v 0.38044956 -0.08464456 -0.21233459
v 0.38513061 -0.06732698 -0.21539499
v 0.38405782 -0.06926346 -0.30186731
v 0.38454559 -0.07090503 -0.21286820
v 0.37421235 -0.10028873 -0.22813895
v 0.38581339 -0.06424832 -0.26899987
v 0.38640434 -0.05798680 -0.29828343
v 0.37367925 -0.10687311 -0.21514742
v 0.37684870 -0.09357793 -0.21255158
v 0.38042429 -0.09194990 -0.20971851
v 0.31191942 -0.22982115 -0.30440590
v 0.37665015 -0.09225682 -0.30458778
v 0.36326495 -0.14353648 -0.20993553
v 0.37494847 -0.10824785 -0.21125960
v 0.22366226 -0.31952891 -0.20942511
v 0.19529451 -0.33563969 -0.30413207
v 0.21003428 -0.32895479 -0.20901954
v 0.20101325 -0.33437443 -0.20940538
v 0.38360998 -0.06664382 -0.30425608
v 0.38632306 -0.05641730 -0.30260554
v 0.30328342 -0.23884235 -0.30434585
v 0.37264028 -0.11112904 -0.30435038
v 0.33870333 -0.18844478 -0.30428526
v 0.34289348 -0.18084538 -0.30427092
v 0.35509521 -0.16149017 -0.20953700
v 0.20381898 -0.32981578 -0.30449975
v 0.33368480 -0.19733271 -0.30426961
v 0.37266961 -0.12272925 -0.20963389
v 0.19314511 -0.33956566 -0.20905504
v 0.23703024 -0.30568051 -0.30427870
v 0.29447034 -0.24820839 -0.30422050
v 0.28795591 -0.25484666 -0.30428445
v 0.38812977 -0.06256801 -0.20983846
v 0.38990191 -0.05052320 -0.21104985
v 0.18669002 -0.33928382 -0.30426115
v 0.21793222 -0.32471311 -0.20902684
v 0.37734637 -0.10189486 -0.20936345
v 0.18152209 -0.34285682 -0.30328026
v 0.27150911 -0.27256146 -0.30436340
v 0.24343523 -0.29913884 -0.30436894
v 0.35012212 -0.17454892 -0.20938690
v 0.37602261 -0.11292641 -0.20965515
v 0.22356294 -0.31135112 -0.30488181
v 0.20459437 -0.31924483 -0.30491531
v 0.21955474 -0.31985599 -0.30435422
v 0.18998410 -0.33334893 -0.30474943
v 0.22961636 -0.31250608 -0.30439076
v 0.19062766 -0.32684669 -0.30481413
v 0.17189072 -0.33492491 -0.30444774
v 0.17192876 -0.34552607 -0.30445045
v 0.15565351 -0.34694359 -0.30476049
v 0.15478882 -0.35402510 -0.30453956
v 0.14076827 -0.35486501 -0.30512896
v 0.23029044 -0.29765216 -0.30430615
v 0.25065637 -0.28700626 -0.30454439
v 0.24848638 -0.29464871 -0.30429161
v 0.25363994 -0.29004696 -0.30429029
v 0.26274815 -0.28117034 -0.30427179
v 0.26244774 -0.27376926 -0.30452737
v 0.27675840 -0.26035655 -0.30442655
v 0.27887386 -0.26452333 -0.30423051
v 0.14933890 -0.34449461 -0.30441314
v 0.24880973 -0.28131017 -0.30400860
v 0.12288097 -0.36502931 -0.30442527
v 0.11708768 -0.35845143 -0.30457142
v 0.09974487 -0.36431491 -0.30483374
v 0.26802233 -0.26363361 -0.30402738
v 0.28038329 -0.24853386 -0.30347526
v 0.10247628 -0.37087110 -0.30482861
v 0.08626941 -0.37466696 -0.30486724
v 0.07103876 -0.37106839 -0.30468360
v 0.05634391 -0.37783477 -0.30465695
v 0.07082230 -0.37961802 -0.30432653
v 0.05717743 -0.38214067 -0.30443406
v 0.03705302 -0.38221169 -0.30502990
v 0.03997008 -0.38505170 -0.30485377
v -0.04038819 -0.38490158 -0.30484569
v -0.04866909 -0.37814215 -0.30460089
v 0.04465065 -0.37616357 -0.30450532
v -0.05993085 -0.38212720 -0.30418432
v -0.05863641 -0.37469786 -0.30423057
v -0.08895969 -0.37604856 -0.30457380
v -0.10405243 -0.37058342 -0.30476201
v -0.11364479 -0.36531913 -0.30467382
v -0.13841160 -0.35546893 -0.30486330
v -0.13693276 -0.36107641 -0.30469742
v -0.16315946 -0.35037237 -0.30468288
v -0.16933514 -0.33899090 -0.30433831
v -0.17269722 -0.34644258 -0.30447477
v -0.18368022 -0.33164471 -0.30437088
v -0.18833631 -0.33853522 -0.30410695
v -0.19955970 -0.33267587 -0.30430895
v -0.20010175 -0.32709864 -0.30465615
v -0.20281512 -0.31958625 -0.30438015
v -0.21368396 -0.31851226 -0.30462739
v -0.20715562 -0.32755536 -0.30431664
v -0.22355963 -0.30573490 -0.30469599
v -0.22426300 -0.31638405 -0.30435130
v -0.23377539 -0.30872062 -0.30435094
v -0.23960005 -0.30315402 -0.30458748
v -0.23285517 -0.29517001 -0.30387145
v -0.24710254 -0.28911820 -0.30424616
v -0.24856547 -0.29478920 -0.30408701
v -0.25699070 -0.28756368 -0.30393866
v -0.27604976 -0.25958240 -0.30410898
v -0.26372910 -0.27149808 -0.30419084
v -0.25476918 -0.28021821 -0.30415320
v -0.29040053 -0.24663371 -0.30421835
v -0.30276528 -0.23970982 -0.30457303
v -0.29888058 -0.22951843 -0.30425745
v -0.30548269 -0.22225469 -0.30464923
v -0.31458873 -0.22708447 -0.30463010
v -0.31715879 -0.21226476 -0.30478448
v -0.32577643 -0.20912640 -0.30458954
v -0.33085623 -0.19165418 -0.30468443
v -0.33147165 -0.19966249 -0.30448756
v -0.33640581 -0.19151215 -0.30432597
v -0.33540708 -0.17660330 -0.30428725
v -0.34482303 -0.15891927 -0.30445203
v -0.35104749 -0.14815830 -0.30480301
v -0.35415274 -0.15805276 -0.30424443
v -0.35764700 -0.15014637 -0.30444142
v -0.35940480 -0.14418869 -0.30463874
v -0.36475503 -0.12549198 -0.30472901
v -0.25173080 -0.27809718 -0.30330265
v -0.30963573 -0.21528736 -0.30428892
v 0.05572625 -0.37286007 -0.30391523
v -0.35798115 -0.12086458 -0.30347592
v -0.21875446 -0.32070747 -0.30401245
v -0.10143276 -0.37283930 -0.30452013
v -0.30939204 -0.23320426 -0.30452418
v 0.03078800 -0.37510493 -0.30390716
v -0.05864760 -0.38407093 -0.30377614
v -0.19210891 -0.32465926 -0.30396539
v -0.33128181 -0.17995581 -0.30358860
v -0.21653724 -0.30806646 -0.30403063
v 0.29166719 -0.23543815 -0.30351231
v -0.22439185 -0.30172962 -0.30371279
v -0.20685494 -0.31452778 -0.30351099
v 0.08597808 -0.36538526 -0.30382663
v 0.06922518 -0.36967906 -0.30392188
v 0.20660800 -0.31482399 -0.30405712
v -0.24105275 -0.28747436 -0.30298987
v -0.33577323 -0.19525944 -0.30264094
v 0.22533517 -0.31737253 -0.30271351
v 0.00505971 -0.38695839 -0.30300096
v 0.22221246 -0.30338216 -0.30408597
v -0.29266456 -0.23580788 -0.30349389
v -0.29110524 0.23819607 -0.19970396
v -0.29862073 0.23006167 -0.19946782
v -0.29481873 0.23366073 -0.20486495
v -0.27946129 0.25031251 -0.20102689
v -0.27259469 0.25765553 -0.24180885
v -0.29545295 0.23317876 -0.24878868
v -0.27107516 0.25899884 -0.28173414
v -0.29599038 0.23225561 -0.28242782
v -0.26705679 0.26309812 -0.20161161
v -0.29258505 0.23598769 -0.30397424
v -0.29976317 0.22795494 -0.30457538
v -0.25869852 0.27149227 -0.23956825
v -0.25726733 0.27253756 -0.27877051
v -0.25973552 0.27029577 -0.30362159
v -0.25168872 0.27816889 -0.20408165
v -0.24289468 0.28634083 -0.20110422
v -0.24150011 0.28736377 -0.24253060
v -0.24259619 0.28598681 -0.27982441
v -0.30638903 0.21989650 -0.20105249
v -0.30583465 0.22074342 -0.25216860
v -0.22704534 0.29981804 -0.24394837
v -0.22637159 0.29981953 -0.28387716
v -0.23050858 0.29699767 -0.20404769
v -0.23461750 0.29293743 -0.30421323
v -0.22401464 0.30188194 -0.30451477
v -0.25816280 0.27271286 -0.19942999
v -0.30933097 0.21577585 -0.28436261
v -0.30698994 0.21889138 -0.30508897
v -0.31396368 0.21009196 -0.25075623
v -0.21605323 0.30835021 -0.20094977
v -0.31271845 0.21134770 -0.20082557
v -0.30058932 0.22718844 -0.20088343
v -0.21116249 0.31136394 -0.28247324
v -0.21590954 0.30805624 -0.30410570
v -0.21172476 0.31133670 -0.24701664
v -0.20818001 0.31383106 -0.20128305
v -0.31815046 0.20387489 -0.23104925
v -0.31869569 0.20269559 -0.20032248
v -0.23750167 0.29175520 -0.19939815
v -0.22774328 0.29963210 -0.20053031
v -0.20409454 0.31601912 -0.30227515
v -0.32670143 0.18988198 -0.28944290
v -0.32867262 0.18685554 -0.24527276
v -0.32737499 0.18842399 -0.20094416
v -0.20085230 0.31826794 -0.25265318
v -0.19663925 0.32061604 -0.30396488
v -0.19929697 0.31913739 -0.20113508
v -0.18710040 0.32605800 -0.28899959
v -0.18733902 0.32603472 -0.30370227
v -0.18128906 0.32938832 -0.22348711
v -0.18610738 0.32696357 -0.20099778
v -0.16882193 0.33556151 -0.22614574
v -0.19624503 0.32134572 -0.19956851
v -0.15368010 0.34281242 -0.20119327
v -0.15396759 0.34212673 -0.27009392
v -0.33197761 0.18038121 -0.27830872
v -0.33006111 0.18375839 -0.30423161
v -0.33215708 0.17961001 -0.20080990
v -0.32529321 0.19245765 -0.19936652
v -0.33588952 0.17237808 -0.20002647
v -0.33908844 0.16629371 -0.25784653
v -0.33873773 0.16645548 -0.30423063
v -0.34024116 0.16320243 -0.29441074
v -0.33181840 0.18326467 -0.19787867
v -0.34412491 0.15539396 -0.23651274
v -0.34481624 0.15385075 -0.26631707
v -0.34593889 0.15031292 -0.20066258
v -0.34866890 0.14317930 -0.30418262
v -0.35632530 0.12433081 -0.29737213
v -0.35546875 0.12695982 -0.26932421
v -0.35358596 0.13151161 -0.22778842
v -0.35400257 0.12969379 -0.19979122
v -0.31871402 0.20557842 -0.19751672
v -0.21655446 0.30909121 -0.19868061
v -0.35764381 0.11984027 -0.20074162
v -0.36028543 0.11258592 -0.22660430
v -0.35989711 0.11345404 -0.28840891
v -0.25054896 0.28217492 -0.19726759
v -0.36141315 0.10681891 -0.30386087
v -0.36402941 0.09839048 -0.20017068
v -0.36519095 0.09491974 -0.28667521
v -0.36456096 0.09715221 -0.21698001
v -0.37011316 0.07580338 -0.30210143
v -0.36821082 0.08245812 -0.20004156
v -0.36806005 0.08385158 -0.27785325
v -0.37169427 0.06674533 -0.24265264
v -0.37104681 0.06983621 -0.28879511
v -0.37148759 0.06683252 -0.20026769
v -0.36076251 0.11104107 -0.19902079
v -0.37365469 0.06078786 -0.30393094
v -0.36501977 0.09731456 -0.19837728
v -0.37275749 0.06089817 -0.30189270
v -0.37344310 0.05524988 -0.20074081
v -0.37430617 0.05104223 -0.24408577
v -0.37318626 0.05647912 -0.29849049
v -0.36871469 0.08285546 -0.19840583
v -0.35751852 0.12432386 -0.19763051
v -0.36166590 0.11363222 -0.19710808
v -0.37568849 0.03700956 -0.21734108
v -0.37545538 0.03687505 -0.20036334
v -0.37502024 0.03902040 -0.29755640
v -0.37594840 0.03431005 -0.23902959
v -0.37540922 0.03564395 -0.30358702
v -0.35028854 0.13994488 -0.19969258
v -0.37576276 0.03032526 -0.28537732
v -0.37615708 0.01495522 -0.30350977
v -0.37651390 0.01718862 -0.20052949
v -0.37676683 0.01702467 -0.24190879
v -0.37440336 0.05772297 -0.19808143
v -0.37706062 -0.00137730 -0.22193243
v -0.37671429 -0.00170397 -0.28402263
v -0.37652108 -0.00356327 -0.30377415
v -0.37672448 -0.00596200 -0.20065790
v -0.37689352 -0.01353711 -0.22520101
v -0.37646639 -0.01407214 -0.28274548
v -0.37622234 -0.01666372 -0.30326241
v -0.37606993 -0.03152188 -0.23242322
v -0.37532991 -0.03458317 -0.29841980
v -0.37549344 -0.03519652 -0.20070599
v -0.37475401 -0.04695355 -0.23756096
v -0.37423199 -0.04876165 -0.20103334
v -0.37270805 -0.06405884 -0.30240732
v -0.37292987 -0.05878386 -0.29767266
v -0.35240948 0.14002626 -0.19721468
v -0.37301829 -0.06009568 -0.24308509
v -0.37164751 -0.06687058 -0.19986044
v -0.37089697 -0.07079218 -0.29068300
v -0.37129518 -0.06963397 -0.26617646
v -0.37610066 -0.03781188 -0.19868672
v -0.37407395 -0.06104193 -0.19785017
v -0.36869141 -0.08238267 -0.21819296
v -0.36926663 -0.07959662 -0.20053039
v -0.36799964 -0.08478387 -0.29535285
v -0.37618074 0.05179026 -0.30436477
v -0.36413378 -0.10100951 -0.21856913
v -0.36517256 -0.09625120 -0.20032212
v -0.36525661 -0.09548676 -0.27884230
v -0.36014172 -0.11321726 -0.28557685
v -0.36034083 -0.11385401 -0.22279717
v -0.36063492 -0.11181241 -0.19935921
v -0.35593763 -0.12513493 -0.29746997
v -0.35672930 -0.12369065 -0.27000460
v -0.36469123 -0.10099684 -0.19822477
v -0.35360748 -0.13191764 -0.20047718
v -0.35309222 -0.13321261 -0.26656264
v -0.35475385 -0.12952560 -0.30387366
v -0.34480199 -0.15310408 -0.22317114
v -0.34634143 -0.14916858 -0.20002192
v -0.34593564 -0.14967805 -0.28070697
v -0.34999284 -0.13895449 -0.30366197
v -0.33968437 -0.16351782 -0.27414396
v -0.33794063 -0.16804434 -0.22443554
v -0.33686525 -0.17001261 -0.20066383
v -0.34126562 -0.15885247 -0.29745859
v -0.33015928 -0.18266855 -0.29527956
v -0.33148438 -0.18077792 -0.23532601
v -0.32608479 -0.19082136 -0.30433407
v -0.34678742 -0.14572099 -0.30349758
v -0.34312677 -0.15520783 -0.30358407
v -0.33782554 -0.16705875 -0.30365044
v -0.35050982 -0.13985358 -0.19972913
v -0.32935217 -0.18429634 -0.20066004
v -0.32576993 -0.19112672 -0.22376592
v -0.32424960 -0.19332914 -0.19969292
v -0.32288411 -0.19507271 -0.30137500
v -0.34868875 -0.14885116 -0.19746763
v -0.31885913 -0.20221765 -0.20058434
v -0.31600285 -0.20678538 -0.22889756
v -0.34308812 -0.15726508 -0.19970372
v -0.34026358 -0.16617519 -0.19798583
v -0.31879750 -0.20219719 -0.30425185
v -0.31603920 -0.20554414 -0.30212030
v -0.32791325 -0.18968506 -0.19789155
v -0.30778217 -0.21711926 -0.29746276
v -0.30611888 -0.22014584 -0.24556558
v -0.30733576 -0.21859509 -0.20044994
v -0.29861650 -0.22940759 -0.20402341
v -0.38573220 -0.24020886 -0.21294770
v -0.38778380 -0.23897810 -0.20718664
v -0.38928249 -0.23634009 -0.21145704
v -0.38730454 -0.23863818 -0.21410139
v -0.38896233 -0.23629601 -0.20864807
v -0.38994119 -0.23347159 -0.21137978
v -0.38618425 -0.23740634 -0.21576697
v -0.38574871 -0.24321540 -0.21278924
v -0.38464168 -0.24759470 -0.20959170
v -0.38317958 -0.24501181 -0.21525119
v -0.40073356 -0.21304713 -0.21258138
v -0.39812899 -0.21530691 -0.21691898
v -0.40098351 -0.20791297 -0.21555041
v -0.39822966 -0.21747774 -0.21186580
v -0.39475596 -0.22496092 -0.21176325
v -0.39954591 -0.21659788 -0.20864667
v -0.39740488 -0.21394764 -0.23156504
v -0.39072856 -0.22959505 -0.22190346
v -0.38802263 -0.23065060 -0.24415925
v -0.39498767 -0.21749471 -0.24746726
v -0.39902329 -0.20964350 -0.24198140
v -0.40239710 -0.20434290 -0.23276041
v -0.40374440 -0.20087907 -0.24151798
v -0.40951717 -0.19320394 -0.22125301
v -0.40560657 -0.20106138 -0.21945636
v -0.38438508 -0.23754151 -0.26238668
v -0.38032278 -0.24454960 -0.24330923
v -0.38169736 -0.24604835 -0.22045220
v -0.37315908 -0.25715306 -0.24471819
v -0.37559098 -0.25557411 -0.23082533
v -0.37565225 -0.25778875 -0.22131771
v -0.37315097 -0.25657919 -0.25811273
v -0.37250504 -0.25856739 -0.27553248
v -0.40446752 -0.20100674 -0.26992065
v -0.41058785 -0.18663409 -0.24013694
v -0.41295651 -0.18533590 -0.21825613
v -0.39695156 -0.21648462 -0.27825123
v -0.38875288 -0.23112327 -0.27714366
v -0.38230914 -0.24444252 -0.29060397
v -0.37419873 -0.25757840 -0.28814632
v -0.41323215 -0.18112350 -0.25851348
v -0.41593614 -0.17477135 -0.23960492
v -0.42423412 -0.15700197 -0.24243632
v -0.42510253 -0.15612438 -0.26981229
v -0.42401534 -0.15828623 -0.23308751
v -0.42009023 -0.16890104 -0.22030410
v -0.41577250 -0.17710789 -0.21915068
v -0.42492458 -0.15886649 -0.21467012
v -0.41929927 -0.17192820 -0.21492685
v -0.41192365 -0.18583347 -0.27732632
v -0.42037174 -0.16711824 -0.27324373
v -0.43420583 -0.13458005 -0.21542002
v -0.42898312 -0.14627837 -0.27771574
v -0.42777333 -0.15082267 -0.21471529
v -0.40950310 -0.19428633 -0.28975311
v -0.41645819 -0.17918299 -0.29314241
v -0.42295119 -0.16476898 -0.29048395
v -0.39751300 -0.21977507 -0.29640305
v -0.36425522 -0.27097604 -0.24044992
v -0.36516729 -0.26920146 -0.26534975
v -0.36624235 -0.26946592 -0.28810948
v -0.36477813 -0.27315083 -0.21885881
v -0.36863181 -0.26785365 -0.21687555
v -0.42366967 -0.16601205 -0.29853794
v -0.42948332 -0.15644781 -0.30968291
v -0.36691085 -0.27040744 -0.29813460
v -0.37924829 -0.25248930 -0.29988757
v -0.41013554 -0.19681163 -0.30029735
v -0.41946870 -0.17784488 -0.30438656
v -0.39242396 -0.23001109 -0.30011681
v -0.35416266 -0.28447562 -0.24052416
v -0.35422206 -0.28381026 -0.25813553
v -0.34393570 -0.29907435 -0.24197847
v -0.34215656 -0.30049753 -0.26869452
v -0.34624919 -0.29926497 -0.21695404
v -0.35700497 -0.28310454 -0.21646594
v -0.35401547 -0.28462857 -0.28063890
v -0.34670678 -0.29468897 -0.27687946
v -0.33628148 -0.30906421 -0.28932604
v -0.34790668 -0.29435506 -0.28954524
v -0.34102115 -0.30553931 -0.30233383
v -0.34962970 -0.29364595 -0.29794124
v -0.36608154 -0.27295962 -0.21148279
v -0.34149903 -0.30420429 -0.22617860
v -0.33930889 -0.30469108 -0.24685866
v -0.33205044 -0.31282428 -0.26958042
v -0.40947533 -0.19710195 -0.21169421
v -0.40463781 -0.20441478 -0.21231112
v -0.41248018 -0.19006516 -0.21284577
v -0.35804749 -0.28321582 -0.21127889
v -0.35334164 -0.28998095 -0.21121004
v -0.34721777 -0.29904950 -0.21098034
v -0.35038748 -0.29413930 -0.20905398
v -0.34222993 -0.30498132 -0.21097888
v -0.36314094 -0.27820396 -0.30795398
v -0.37214914 -0.26628742 -0.30979970
v -0.34950551 -0.29744422 -0.31004491
v -0.34028783 -0.30956417 -0.31340963
v -0.37918144 -0.25616091 -0.30930728
v -0.38454646 -0.24951173 -0.31299216
v -0.42784566 -0.16321419 -0.31219438
v -0.38938919 -0.23896393 -0.30894303
v -0.42035264 -0.16830681 -0.21246302
v -0.40496150 -0.21141934 -0.30950403
v -0.41286248 -0.19645582 -0.31089982
v -0.39748144 -0.22739322 -0.31309402
v -0.42059359 -0.18093987 -0.31192756
v -0.42572305 -0.16959859 -0.31239632
v -0.33396164 -0.31476682 -0.30838248
v -0.32500473 -0.32068488 -0.24145551
v -0.32926011 -0.31848222 -0.21675628
v -0.41746911 -0.17414393 -0.21172169
v -0.32638377 -0.31960842 -0.28926823
v -0.41603482 -0.17789145 -0.21551783
v -0.38012213 -0.25354332 -0.21167231
v -0.37580222 -0.26029220 -0.21159784
v -0.37164962 -0.26579076 -0.21157625
v -0.33836645 -0.30966425 -0.20875227
v -0.33181882 -0.31686118 -0.21096024
v -0.32037905 -0.32488769 -0.27811572
v -0.33248064 -0.31579086 -0.20848732
v -0.31779584 -0.32891726 -0.29728770
v -0.31273606 -0.33392945 -0.22527114
v -0.32694045 -0.32127044 -0.20815380
v -0.32447925 -0.32412681 -0.21096022
v -0.32333422 -0.32479617 -0.20824471
v -0.31770125 -0.33023950 -0.20836510
v -0.32113761 -0.32872206 -0.31337219
v -0.31369093 -0.33353525 -0.21543051
v -0.29694089 -0.34892094 -0.22391532
v -0.29579547 -0.35031375 -0.21621989
v -0.31695080 -0.33130768 -0.21094735
v -0.30919501 -0.33869463 -0.21076711
v -0.31184611 -0.33590624 -0.20842098
v -0.30647102 -0.34149888 -0.20876941
v -0.34223613 -0.30351892 -0.20834774
v -0.34631872 -0.29874599 -0.20851304
v -0.30923551 -0.33573514 -0.24101491
v -0.30862555 -0.33531877 -0.26600876
v -0.33081359 -0.32049111 -0.31558803
v -0.30509570 -0.33933127 -0.28995594
v -0.39445367 -0.22371987 -0.20905513
v -0.30519032 -0.34199038 -0.30948865
v -0.29508033 -0.34814394 -0.24324794
v -0.29976434 -0.34752747 -0.21105443
v -0.31266937 -0.33632675 -0.31333843
v -0.35792619 -0.28753388 -0.31248859
v -0.37631270 -0.26265875 -0.31363615
v -0.35340351 -0.28826115 -0.20896724
v -0.37942132 -0.25313336 -0.20930147
v -0.29180592 -0.35450312 -0.21115522
v -0.29292944 -0.34854302 -0.26750359
v -0.29509094 -0.34713918 -0.28189367
v -0.29261273 -0.35071975 -0.30108151
v -0.37571988 -0.25833535 -0.20932598
v -0.35003677 -0.29927650 -0.31450722
v -0.28522348 -0.35469836 -0.26766348
v -0.27866691 -0.36117598 -0.29320729
v -0.27376017 -0.36460713 -0.27264449
v -0.27626407 -0.36298549 -0.24597766
v -0.28357497 -0.35714847 -0.24082559
v -0.28071254 -0.36123607 -0.21901043
v -0.28724042 -0.35632563 -0.21746774
v -0.26809224 -0.36999604 -0.29747385
v -0.27578819 -0.36533499 -0.31059372
v -0.29534286 -0.35074094 -0.31279257
v -0.25935897 -0.37558201 -0.27164605
v -0.26606655 -0.37076053 -0.23913865
v -0.30554143 -0.34361160 -0.31548047
v -0.28333935 -0.36045313 -0.21124092
v -0.25715244 -0.37727696 -0.23721448
v -0.24890557 -0.38371989 -0.29580146
v -0.41806108 -0.17647529 -0.21459569
v -0.25443345 -0.38058493 -0.21836565
v -0.26598334 -0.37174016 -0.21758619
v -0.27601549 -0.36551461 -0.21120238
v -0.26500550 -0.37307078 -0.21101163
v -0.25715381 -0.37879023 -0.21114582
v -0.25054610 -0.38473162 -0.21115907
v -0.38337636 -0.25429493 -0.31553081
v -0.24527918 -0.38519651 -0.27416250
v -0.27288508 -0.36808497 -0.20938791
v -0.27882242 -0.36247203 -0.20916048
v -0.24064967 -0.39010328 -0.21534202
v -0.24511552 -0.38518885 -0.23950845
v -0.29423511 -0.35138810 -0.20881252
v -0.25193828 -0.38266069 -0.20933667
v -0.26271114 -0.37424150 -0.20920253
v -0.42722386 -0.15021531 -0.21260595
v -0.36391020 -0.28153348 -0.31558132
v -0.43453571 -0.13116309 -0.21233842
v -0.43920827 -0.11964501 -0.21361044
v -0.40466022 -0.20210330 -0.20935208
v -0.40333486 -0.20606828 -0.20924528
v -0.41471696 -0.19497861 -0.31358644
v -0.41025329 -0.20509997 -0.31434810
v -0.40256971 -0.22003387 -0.31470108
v -0.23201953 -0.39304465 -0.25124952
v -0.23317325 -0.39274973 -0.28664330
v -0.23106673 -0.39407876 -0.23182477
v -0.23290256 -0.39392886 -0.30372125
v -0.22687730 -0.39890456 -0.31390482
v -0.22139007 -0.40014672 -0.30180761
v -0.22086953 -0.39940038 -0.28052446
v -0.22052695 -0.39956275 -0.23853056
v -0.24171205 -0.38974226 -0.21127267
v -0.22834647 -0.39671525 -0.21152423
v -0.22049500 -0.40148488 -0.21136981
v -0.23393489 -0.39342460 -0.21124375
v -0.21179500 -0.40404645 -0.23806165
v -0.21354638 -0.40523207 -0.21445724
v -0.21300128 -0.40524459 -0.21031360
v -0.29888594 -0.34661040 -0.20842464
v -0.20825984 -0.40559027 -0.27902573
v -0.20616762 -0.40697470 -0.28902379
v -0.18992704 -0.41488275 -0.26766914
v -0.19516639 -0.41256493 -0.23770258
v -0.19116053 -0.41469222 -0.29192391
v -0.19456995 -0.41436714 -0.30805805
v -0.20493314 -0.40909320 -0.21580608
v -0.19638486 -0.41354015 -0.21193485
v -0.20479426 -0.40853861 -0.21138190
v -0.23182400 -0.39367855 -0.20919710
v -0.17900933 -0.41955683 -0.24094220
v -0.15944061 -0.42829084 -0.23921673
v -0.16457142 -0.42606521 -0.27883402
v -0.17877378 -0.41978297 -0.28525937
v -0.18222973 -0.41908908 -0.22276017
v -0.19074853 -0.41635698 -0.21162282
v -0.16135395 -0.42843756 -0.30256441
v -0.18052994 -0.42044848 -0.30855143
v -0.16315638 -0.42895591 -0.31331459
v -0.16315426 -0.42758843 -0.21488069
v -0.17180158 -0.42374852 -0.21509719
v -0.18169294 -0.42010581 -0.21474794
v -0.15481977 -0.43109792 -0.21474047
v -0.41381034 -0.18684842 -0.21495661
v -0.16126104 -0.42789558 -0.21235947
v -0.15387392 -0.43157884 -0.21260284
v -0.17036252 -0.42319170 -0.21232054
v -0.23906347 -0.39031476 -0.20923959
v -0.15784994 -0.42870951 -0.26793712
v -0.15611081 -0.42970818 -0.29081592
v -0.14984076 -0.43310818 -0.30946326
v -0.18043455 -0.42013898 -0.21169923
v -0.15022019 -0.43135765 -0.24152978
v -0.43187070 -0.15741880 -0.31515074
v -0.35628968 -0.29258490 -0.31561846
v -0.32605460 -0.32583839 -0.31596121
v -0.19501384 -0.41303056 -0.20970571
v -0.14826381 -0.43529776 -0.31505364
v -0.31223470 -0.33915210 -0.31602228
v -0.39979801 -0.22698489 -0.31569046
v -0.37722334 -0.26411557 -0.31583863
v -0.33626628 -0.31592301 -0.31602791
v -0.40928063 -0.19370881 -0.20936519
v -0.21157603 -0.40482250 -0.20921211
v -0.41963559 -0.18840101 -0.31545287
v -0.42404652 -0.17927451 -0.31536934
v -0.18694925 -0.41655478 -0.20952493
v -0.25549567 -0.37785649 -0.20890442
v -0.39974537 -0.21281122 -0.20794559
v -0.40271693 -0.20927162 -0.21452683
v -0.40445292 -0.20645709 -0.21183035
v -0.43652144 -0.14419916 -0.31526870
v -0.43594483 -0.13850521 -0.31128353
v -0.44129276 -0.13196421 -0.31578100
v -0.41370022 -0.20056254 -0.31557044
v -0.43946233 -0.12982583 -0.31263959
v -0.44335133 -0.12101574 -0.31500563
v -0.28188676 -0.35817412 -0.20881802
v -0.44134724 -0.10313182 -0.21176779
v -0.08373229 -0.36893514 -0.30436236
v -0.08730587 -0.36586234 -0.30366483
v -0.11754262 -0.35925072 -0.30436546
v -0.14528148 -0.34810957 -0.30442420
v -0.13252975 -0.35048011 -0.30327475
v 0.45938107 -0.11712866 -0.19659640
v 0.46360356 -0.10101512 -0.19829352
v 0.46717411 -0.08248486 -0.19669859
v 0.45904282 -0.12035567 -0.20031574
v 0.45572138 -0.13351326 -0.19862403
v 0.46739113 -0.08303092 -0.20426451
v 0.47085613 -0.06025173 -0.19751073
v 0.45949700 -0.11869044 -0.23627685
v 0.46247101 -0.10561091 -0.22937520
v 0.46317238 -0.10300473 -0.29082695
v 0.45964745 -0.11857456 -0.30949080
v 0.46575871 -0.08953495 -0.22878525
v 0.46624249 -0.08857500 -0.28304848
v 0.45544103 -0.13448973 -0.23576441
v 0.45783895 -0.12493324 -0.28884044
v 0.45513952 -0.13541156 -0.30936220
v 0.46473089 -0.09820607 -0.30929446
v 0.46753514 -0.08574063 -0.30923426
v 0.46868071 -0.07391568 -0.22670010
v 0.46920350 -0.07340746 -0.28971019
v 0.47047785 -0.06213795 -0.22479644
v 0.47100517 -0.06198667 -0.29202458
v 0.47138345 -0.06206172 -0.31007621
v 0.46715528 -0.08599935 -0.31404561
v 0.45182011 -0.14657333 -0.21428712
v 0.45157003 -0.14675839 -0.27388483
v 0.45192268 -0.14646296 -0.30611405
v 0.45064643 -0.14926814 -0.31293234
v 0.47291946 -0.04508732 -0.28998834
v 0.47276029 -0.04524053 -0.26025084
v 0.47318533 -0.04559989 -0.31330082
v 0.47252077 -0.04547211 -0.20071523
v 0.47232947 -0.04537720 -0.22773229
v 0.46240970 -0.10461424 -0.31526464
v 0.45473665 -0.13400997 -0.31528854
v 0.44606581 -0.16284736 -0.20905870
v 0.44596440 -0.16273718 -0.29057908
v 0.44410586 -0.16808277 -0.30805358
v 0.44020724 -0.17777988 -0.21623760
v 0.44020471 -0.17733431 -0.29117173
v 0.43628055 -0.18695916 -0.30886513
v 0.43426022 -0.19181420 -0.20816763
v 0.43516105 -0.18928351 -0.29025888
v 0.44437170 -0.16525653 -0.31501573
v 0.42800847 -0.20526420 -0.20182635
v 0.42820013 -0.20458013 -0.30547377
v 0.42693666 -0.20704971 -0.28981879
v 0.43975610 -0.17667685 -0.31499675
v 0.43616116 -0.18527152 -0.31509742
v 0.43257901 -0.19327162 -0.31513515
v 0.42002988 -0.22091320 -0.25080281
v 0.41990981 -0.22119041 -0.20289777
v 0.42064011 -0.21930549 -0.30826935
v 0.47409952 -0.02746510 -0.28344840
v 0.47376040 -0.02849144 -0.24905895
v 0.47348148 -0.02930305 -0.21527441
v 0.47427192 -0.02950440 -0.31342879
v 0.47393519 -0.02633065 -0.19738451
v 0.47403020 -0.01564359 -0.22450772
v 0.47474721 0.00145423 -0.25943610
v 0.47475719 0.00106959 -0.28384945
v 0.47499999 0.00123127 -0.31355399
v 0.47449654 0.00149034 -0.22719574
v 0.47458780 -0.00108701 -0.19711553
v 0.42477328 -0.21029356 -0.19690913
v 0.47430202 0.02666331 -0.28701562
v 0.47415423 0.02843127 -0.25905657
v 0.47390014 0.02502530 -0.22283727
v 0.47444764 0.02906388 -0.31020308
v 0.47404796 0.02476047 -0.19733857
v 0.47302574 0.04599181 -0.28881162
v 0.47262201 -0.03582806 -0.19581772
v 0.41211855 -0.23487338 -0.24031930
v 0.41108641 -0.23609668 -0.30851325
v 0.41222718 -0.23514120 -0.20628569
v 0.41140389 -0.23599644 -0.19789192
v 0.41260564 -0.23302339 -0.19666663
v 0.40188238 -0.25236899 -0.20176271
v 0.40206626 -0.25149420 -0.23590314
v 0.40297732 -0.24951243 -0.30623871
v 0.41972092 -0.21899870 -0.31507662
v 0.41239569 -0.23195182 -0.31490910
v 0.42504004 -0.20867720 -0.31503874
v 0.39763322 -0.25686201 -0.31481749
v 0.39232457 -0.26612699 -0.30875668
v 0.40461180 -0.24502967 -0.31510383
v 0.39261037 -0.26567817 -0.28461650
v 0.39324820 -0.26513913 -0.22823212
v 0.39341930 -0.26531288 -0.20250039
v 0.39082950 -0.26833427 -0.19736935
v 0.38366055 -0.27884355 -0.22534212
v 0.38422173 -0.27829123 -0.20125483
v 0.39026004 -0.26770496 -0.31528294
v 0.38446802 -0.27594686 -0.31498095
v 0.44747299 -0.15548107 -0.31570253
v 0.37551603 -0.28882352 -0.19669904
v 0.47289807 0.03131125 -0.19563900
v 0.47267663 0.04137489 -0.31602985
v 0.47308528 -0.02706200 -0.31627923
v 0.47370872 0.00282567 -0.31632653
v 0.47024271 0.05417148 -0.19536884
v 0.46761748 0.07882588 -0.19603068
v -0.29330799 0.37224475 -0.19685644
v -0.27995709 0.38105148 -0.19576642
v -0.25853708 0.39788359 -0.19848473
v -0.24522671 0.40557057 -0.19646735
v -0.23727225 0.41115993 -0.20230454
v -0.23110858 0.41393161 -0.19677860
v -0.21253885 0.42424098 -0.19749197
v -0.21599020 0.42205364 -0.19657643
v -0.22244307 0.41939011 -0.20933792
v -0.25105438 0.40277389 -0.20796019
v -0.26413450 0.39424530 -0.21326977
v -0.26700380 0.39217353 -0.28806177
v -0.25083759 0.40277818 -0.30999479
v -0.26981854 0.39032614 -0.30980954
v -0.25040472 0.40292901 -0.28851861
v -0.23706272 0.41117600 -0.30870268
v -0.22166352 0.41993931 -0.26215670
v -0.22398373 0.41859707 -0.31009427
v -0.20839944 0.42678770 -0.27756783
v -0.20726049 0.42715964 -0.30934414
v -0.20707974 0.42710093 -0.20126002
v -0.22809376 0.41594711 -0.31366912
v -0.19648135 0.43234426 -0.30928072
v -0.25815853 0.39737990 -0.31528074
v -0.27659369 0.38502574 -0.31500554
v -0.19247903 0.43392196 -0.20978096
v -0.23830345 0.40954858 -0.31539127
v -0.21363269 0.42342922 -0.31379953
v -0.17709330 0.44061425 -0.20323883
v -0.17747036 0.44052380 -0.27088109
v -0.17761280 0.44028640 -0.30518040
v -0.18079899 0.43867093 -0.19682573
v -0.19915670 0.43056294 -0.31367445
v -0.19323321 0.43290892 -0.19657364
v -0.16025710 0.44723347 -0.31002924
v -0.16193511 0.44659445 -0.27936336
v -0.16187407 0.44655111 -0.20780897
v -0.16333237 0.44562465 -0.19690479
v -0.14998895 0.45057306 -0.19733043
v -0.14800023 0.45158067 -0.22435179
v -0.14805143 0.45160168 -0.30387926
v -0.17309937 0.44149002 -0.31361681
v -0.14739147 0.45142740 -0.31351724
v -0.13175291 0.45664603 -0.30912009
v -0.13095888 0.45666656 -0.20134422
v -0.13270751 0.45635632 -0.28588554
v -0.12277448 0.45889759 -0.26555309
v -0.13482618 0.45551130 -0.22729360
v -0.10470753 0.46345636 -0.28664657
v -0.10979743 0.46236491 -0.30952862
v -0.10458098 0.46318096 -0.23423164
v -0.10527512 0.46309915 -0.20933588
v -0.15825920 0.44725353 -0.31483713
v -0.10935677 0.46176147 -0.19741178
v -0.09166234 0.46600541 -0.20242171
v -0.09170770 0.46639812 -0.30933580
v -0.08949425 0.46667773 -0.26527882
v -0.13219087 0.45548144 -0.31539983
v -0.08045285 0.46797338 -0.19782765
v -0.07511657 0.46911946 -0.22503652
v -0.07464324 0.46971446 -0.27881330
v -0.07511661 0.46954632 -0.30887201
v -0.07072839 0.46983650 -0.31361547
v -0.06111581 0.47102752 -0.19816452
v -0.06171657 0.47153202 -0.26675108
v -0.06179558 0.47102931 -0.22535397
v -0.05367016 0.47238976 -0.30928266
v -0.04660532 0.47257122 -0.22307186
v -0.04525943 0.47275090 -0.20097083
v -0.04710479 0.47291172 -0.25947851
v -0.03678531 0.47296470 -0.19609928
v -0.02740587 0.47391844 -0.22143890
v -0.02729592 0.47402292 -0.20071667
v -0.03001144 0.47407907 -0.26008785
v -0.02798487 0.47426721 -0.28744635
v -0.02882362 0.47450024 -0.31067979
v -0.02887392 0.47419870 -0.31387490
v -0.00050214 0.47483939 -0.19784069
v -0.00131994 0.47493127 -0.27644855
v -0.00046304 0.47473127 -0.22501674
v 0.00480559 0.47502470 -0.31344974
v -0.17017859 0.44203737 -0.31533006
v -0.10063092 0.46312460 -0.19604599
v 0.02510236 0.47430477 -0.20062584
v 0.02682844 0.47395825 -0.22550939
v 0.02849168 0.47401208 -0.25335452
v 0.02915059 0.47408500 -0.31348702
v 0.02757125 0.47397280 -0.29328510
v 0.04748181 0.47243550 -0.22240470
v 0.04750000 0.47256029 -0.20037302
v 0.04687645 0.47264522 -0.26200882
v 0.04682845 0.47251773 -0.31009293
v 0.04820457 0.47209543 -0.19640355
v -0.06226828 0.47009367 -0.31561098
v -0.14433543 0.45151761 -0.31558052
v 0.06398834 0.47069010 -0.24505526
v 0.07098756 0.46983927 -0.19778457
v 0.06369045 0.47054517 -0.30888778
v 0.06655723 0.46975908 -0.31357509
v 0.07394302 0.46927163 -0.24174339
v 0.07554572 0.46884197 -0.30909845
v 0.08946835 0.46664703 -0.19956860
v 0.08933090 0.46649110 -0.22502075
v 0.08996341 0.46617562 -0.28105929
v 0.08882935 0.46650806 -0.30903348
v -0.19653185 0.43091568 -0.31554613
v -0.07866433 0.46735954 -0.31606430
v 0.11988141 0.45937449 -0.31005102
v 0.11710757 0.45997003 -0.28146124
v 0.11365231 0.46080914 -0.22012708
v 0.13306895 0.45627949 -0.20018013
v 0.13396890 0.45576751 -0.22800048
v 0.13572744 0.45524064 -0.28773245
v 0.10446694 0.46226546 -0.31485161
v 0.12614061 0.45742917 -0.31345057
v 0.10862286 0.46174353 -0.19667263
v 0.13188623 0.45598498 -0.19641957
v 0.14645489 0.45189857 -0.30864903
v 0.14511219 0.45256329 -0.23314661
v 0.14859429 0.45159525 -0.19758771
v 0.15323769 0.44913933 -0.31337091
v 0.15291889 0.44981673 -0.26011613
v 0.16440596 0.44534707 -0.31052393
v 0.17785662 0.44092286 -0.20002063
v 0.17330927 0.44241428 -0.23611881
v 0.18588783 0.43714726 -0.27413550
v 0.18763304 0.43678302 -0.20001011
v 0.18628177 0.43667966 -0.30884388
v 0.17376183 0.44130999 -0.31341577
v 0.11791767 0.45870104 -0.31535724
v 0.18260831 0.43854576 -0.19642974
v 0.18583995 0.43610761 -0.31479552
v 0.19595826 0.43221214 -0.31301656
v 0.20305294 0.42934492 -0.19674698
v 0.20062895 0.43038788 -0.27253231
v 0.20399992 0.42926309 -0.20003034
v 0.21582319 0.42336074 -0.19779037
v 0.21596843 0.42276692 -0.30908903
v 0.20638198 0.42701548 -0.31348118
v 0.21629685 0.42184252 -0.31489339
v 0.20813237 0.42516610 -0.31545213
v -0.16707577 -0.44464415 -0.31335667
v -0.18134779 -0.43810523 -0.31543106
v -0.16353665 -0.44514784 -0.31554896
v -0.18373349 -0.43774849 -0.31373391
v -0.14832729 -0.45106855 -0.31510565
v -0.20166703 -0.42977542 -0.31387916
v -0.20673227 -0.42671269 -0.31545365
v -0.07328838 -0.46917778 -0.22723274
v -0.07447200 -0.46904221 -0.29210576
v -0.06044044 -0.47115988 -0.29506713
v -0.06236176 -0.47086948 -0.24511068
v -0.06218101 -0.47071490 -0.21635142
v -0.07350743 -0.46914059 -0.19795692
v -0.05005679 -0.47217375 -0.19756684
v -0.07677185 -0.46892858 -0.31315053
v -0.05184608 -0.47249842 -0.31014049
v -0.04606985 -0.47281128 -0.26329112
v -0.04622866 -0.47247311 -0.21616782
v -0.04629611 -0.47267005 -0.28930223
v -0.02524263 -0.47409388 -0.19722778
v -0.02684999 -0.47414351 -0.26026961
v -0.02705803 -0.47388732 -0.21131565
v -0.02814023 -0.47427425 -0.31372100
v 0.00006468 -0.47478324 -0.19702372
v -0.00160702 -0.47502470 -0.31372410
v 0.00035426 -0.47493154 -0.25927758
v -0.04976213 -0.47242787 -0.31393814
v -0.08930966 -0.46613631 -0.21574396
v -0.09046528 -0.46588886 -0.28376186
v -0.09499539 -0.46533489 -0.30732378
v -0.10444786 -0.46281913 -0.19724458
v -0.10726547 -0.46212298 -0.24824433
v -0.12147226 -0.45904633 -0.26735765
v -0.12345561 -0.45859581 -0.29788116
v -0.12120736 -0.45887402 -0.22195207
v -0.10673025 -0.46239635 -0.29378808
v -0.10493250 -0.46282709 -0.21184476
v -0.12415520 -0.45872045 -0.31306514
v -0.09182101 -0.46569794 -0.31381324
v -0.13449131 -0.45588771 -0.26949799
v -0.13601388 -0.45503679 -0.20129545
v -0.13509218 -0.45565501 -0.29673383
v -0.14191613 -0.45385811 -0.30990940
v -0.14827240 -0.45138350 -0.22192076
v -0.15033317 -0.45081255 -0.29128686
v -0.15568039 -0.44856778 -0.19693327
v -0.13301288 -0.45522499 -0.19687684
v -0.16174331 -0.44651070 -0.21570836
v -0.17833607 -0.44027415 -0.25438547
v -0.17373635 -0.44208196 -0.29215258
v -0.18017472 -0.43924856 -0.19791205
v -0.16918829 -0.44412875 -0.30905971
v -0.19460979 -0.43339199 -0.30864823
v -0.19901720 -0.43116516 -0.29163963
v -0.18789123 -0.43611953 -0.23757841
v -0.19661112 -0.43216062 -0.20146705
v -0.20995091 -0.42608431 -0.26473948
v -0.20514375 -0.42813101 -0.20107336
v -0.20841114 -0.42692456 -0.31058639
v -0.22079520 -0.42038161 -0.29321820
v -0.22143766 -0.42007089 -0.23260430
v -0.22436628 -0.41852480 -0.21041381
v -0.22539912 -0.41816545 -0.30400917
v -0.23172978 -0.41440186 -0.31327581
v -0.23480539 -0.41262427 -0.29178491
v -0.24033575 -0.40937293 -0.22871228
v -0.24136154 -0.40876105 -0.20168121
v -0.24706008 -0.40564972 -0.31058720
v -0.24941772 -0.40373680 -0.29243642
v -0.25193629 -0.40180275 -0.19708176
v -0.26135808 -0.39621195 -0.20166878
v -0.26359439 -0.39447281 -0.22934698
v -0.26163638 -0.39584976 -0.28996637
v -0.25948292 -0.39762637 -0.30941418
v -0.24096552 -0.40867317 -0.31496063
v -0.27492473 -0.38692191 -0.30884919
v -0.27789000 -0.38435671 -0.28913951
v -0.27814993 -0.38413998 -0.22895151
v -0.27692524 -0.38525364 -0.20105165
v -0.26984960 -0.38992834 -0.19724084
v -0.27576205 -0.38557401 -0.31493491
v -0.06856347 -0.46940714 -0.31577229
v -0.29857117 -0.36905551 -0.31007147
v -0.29683977 -0.36995310 -0.29261434
v -0.28558245 -0.37818968 -0.31490511
v -0.29302508 -0.37253013 -0.31531549
v -0.29581109 -0.37079978 -0.20036253
v -0.28226975 -0.38056031 -0.19691412
v -0.30094922 -0.36642417 -0.31513658
v -0.31459862 -0.35557190 -0.30784270
v -0.30950242 -0.35947186 -0.29023936
v -0.30761334 -0.36088842 -0.22918478
v -0.30671450 -0.36186212 -0.19770327
v -0.30874020 -0.35995516 -0.31516346
v -0.30667064 -0.36128202 -0.19623087
v -0.31475317 -0.35464749 -0.31536233
v -0.32184243 -0.34847131 -0.31391674
v -0.08758958 -0.46585721 -0.31583959
v 0.02793846 -0.47440735 -0.31368828
v 0.02470165 -0.47406453 -0.21355419
v -0.05983603 -0.46973658 -0.19530673
v -0.32034516 -0.34915125 -0.31571940
v -0.32918152 -0.34118459 -0.31512767
v -0.00181987 -0.47376394 -0.31616759
v 0.00005133 -0.47380003 -0.19520925
v 0.32561725 -0.21680975 -0.20913598
v 0.31877586 -0.22392182 -0.20919859
v 0.31329212 -0.22908136 -0.21238285
v 0.31458858 -0.23026122 -0.20912306
v 0.30995294 -0.23646332 -0.20922877
v 0.32508451 -0.21435376 -0.21223418
v 0.30421481 -0.24076040 -0.21160606
v 0.32893747 -0.20980844 -0.20994322
v 0.30438507 -0.23915732 -0.21491830
v 0.29994038 -0.24547458 -0.21161737
v 0.29471853 -0.25162089 -0.21017914
v 0.29477125 -0.25008512 -0.21276759
v 0.28901985 -0.25738385 -0.21126509
v 0.28564888 -0.26090547 -0.21139757
v 0.28125444 -0.26436108 -0.21331695
v 0.28271636 -0.26469979 -0.20992371
v 0.27701005 -0.26992568 -0.21140367
v 0.27559140 -0.27021146 -0.21493486
v 0.33180746 -0.20339358 -0.21487418
v 0.27022627 -0.27627167 -0.21183303
v 0.26636612 -0.27920476 -0.21337931
v 0.26582983 -0.28218403 -0.20937388
v 0.26212510 -0.28442165 -0.21082900
v 0.25638524 -0.28968260 -0.21132319
v 0.33336911 -0.20221773 -0.21154945
v 0.33611652 -0.19566184 -0.21263514
v 0.27467465 -0.27546626 -0.20934480
v 0.27995801 -0.26988116 -0.20905502
v 0.26041034 -0.28880388 -0.20920157
v 0.25297192 -0.29496631 -0.20908795
v 0.25061172 -0.29564819 -0.21085303
v 0.24669555 -0.30432972 -0.20966727
v 0.28732839 -0.26264483 -0.20912538
v 0.29388514 -0.25518215 -0.20917384
v 0.33218029 -0.20795338 -0.20894627
v 0.30075493 -0.24797833 -0.20934159
v 0.30585361 -0.24280927 -0.20945425
v 0.33751118 -0.20152093 -0.20976436
v 0.24096851 -0.30865312 -0.20949389
v 0.23144388 -0.31488517 -0.20909372
v 0.33933285 -0.19743893 -0.20987293
v 0.22618215 -0.31686339 -0.21123706
v -0.11410037 0.43950480 -0.20985268
v -0.12061899 0.43706059 -0.21027042
v -0.11829857 0.44029602 -0.21150562
v -0.12835599 0.43753156 -0.21137108
v -0.12891321 0.43392408 -0.21025635
v -0.14110205 0.43536967 -0.21221487
v -0.14019951 0.43199334 -0.21010001
v -0.14374648 0.43339369 -0.21132459
v -0.14969930 0.43147203 -0.21016753
v -0.10665940 0.44198680 -0.21145900
v -0.10119789 0.44091311 -0.20936590
v -0.09793293 0.44306329 -0.21015510
v -0.15995292 0.42777708 -0.21008451
v -0.16273049 0.42745432 -0.21154363
v -0.17010482 0.42262083 -0.20972669
v -0.17227793 0.42455050 -0.21282829
v -0.17948091 0.42094222 -0.20948310
v -0.14182453 0.43555561 -0.21493436
v -0.10522561 0.44308063 -0.21404395
v -0.12162625 0.44046736 -0.21444768
v -0.18749112 0.41696334 -0.20925739
v -0.19448327 0.41351035 -0.20941789
v -0.19775382 0.41305497 -0.21171540
v -0.20129201 0.40981928 -0.20954585
v -0.20482619 0.40947035 -0.21197008
v -0.20897891 0.40541226 -0.20955935
v -0.21661241 0.40153703 -0.20997557
v -0.22013509 0.39827695 -0.20930621
v -0.22753620 0.39443022 -0.20928043
v -0.08836418 0.44486341 -0.21475872
v -0.08486982 0.44401175 -0.20995311
v -0.07726447 0.44625840 -0.20947970
v -0.06765890 0.44812363 -0.21079810
v -0.06684506 0.44687161 -0.20944095
v -0.05196812 0.45064491 -0.20934230
v -0.06657790 0.44970763 -0.21239947
v -0.04937936 0.45231056 -0.21020387
v -0.02045424 0.45424247 -0.20931803
v -0.04818881 0.45409593 -0.21262987
v -0.00466075 0.45483816 -0.20964006
v 0.01468673 0.45517462 -0.21114758
v 0.03659092 0.45473573 -0.21120691
v 0.02210149 0.45356855 -0.20920365
v 0.44793800 0.06670181 -0.21177572
v 0.44780874 0.06020739 -0.21068935
v 0.45225284 0.03554207 -0.21126375
v 0.44817960 0.04298518 -0.20996085
v 0.44891402 0.02931551 -0.20983545
v 0.44449627 0.06222031 -0.21028006
v 0.44333929 0.07778594 -0.20974886
v 0.44408923 0.08136766 -0.21111077
v 0.44131136 0.08894820 -0.20957884
v 0.44192943 0.09520617 -0.21166557
v 0.43971881 0.09653772 -0.20938943
v 0.43636659 0.10660496 -0.20992021
v 0.43718606 0.11364587 -0.21012725
v 0.30577892 0.34217027 -0.20893654
v 0.30209151 0.34581691 -0.21098366
v 0.29812479 0.34702396 -0.20874347
v 0.29495972 0.35043517 -0.20928434
v 0.31231871 0.33515963 -0.20845306
v 0.31181949 0.33714083 -0.21171245
v 0.32037097 0.32781637 -0.20828989
v 0.32158977 0.32764852 -0.21112078
v 0.32429171 0.32520145 -0.21072853
v 0.32522157 0.32331303 -0.20835546
v 0.32953623 0.31896463 -0.21114799
v 0.33078989 0.31652471 -0.20835155
v 0.33845046 0.30990034 -0.20865528
v 0.29271582 0.35235599 -0.21136414
v 0.28730896 0.35359785 -0.20878142
v 0.28285313 0.35747078 -0.21118629
v 0.27897617 0.35843426 -0.20900169
v 0.45204458 0.00408973 -0.20991516
v 0.45378312 -0.02836040 -0.21183769
v 0.45163968 0.02208734 -0.20931786
v 0.45179510 -0.02381545 -0.21032502
v 0.36642912 -0.26643443 -0.21039964
v 0.36190772 -0.27492848 -0.21227504
v 0.35493812 -0.27829939 -0.21024859
v 0.35053608 -0.28821874 -0.21052673
v 0.22784866 -0.38788354 -0.21006995
v 0.22474203 -0.39390045 -0.21171911
v 0.21698718 -0.39751568 -0.21007431
v 0.23524220 -0.38547352 -0.21151106
v 0.23774934 -0.38064116 -0.20986176
v 0.21984515 -0.39736027 -0.21163891
v 0.20987093 -0.40364182 -0.21162406
v 0.24871023 -0.38037711 -0.20983836
v -0.33166018 0.31300759 -0.20674796
v -0.33714902 0.30529618 -0.20647703
v -0.33042619 0.31768197 -0.20832032
v -0.34118649 0.30706418 -0.20883994
v 0.39197662 -0.21958011 -0.21154536
v 0.39035079 -0.22537252 -0.21248063
v 0.38588524 -0.22552085 -0.21036375
v 0.38626763 -0.23064145 -0.21167263
v 0.39346510 -0.21855661 -0.21269841
v 0.33751237 -0.30737603 -0.20975325
v 0.34189063 -0.29760790 -0.21014571
v 0.34128150 -0.30259985 -0.21214539
v 0.34632760 -0.29337198 -0.21011758
v 0.31385046 -0.32928228 -0.20940514
v 0.30930138 -0.33468232 -0.20951147
v 0.30677292 -0.33884695 -0.20982547
v -0.31365934 0.33445752 -0.20854209
v -0.32356697 0.32131287 -0.20636959
v -0.32468790 0.32373577 -0.20817111
v 0.37586802 -0.25399339 -0.21166627
v 0.37210047 -0.26055974 -0.21208343
v 0.36843038 -0.26210096 -0.20992941
v 0.36948025 -0.26347548 -0.21106887
v 0.19715779 0.41104764 -0.20897810
v -0.22835335 -0.32150400 -0.20795608
v -0.21686941 -0.33066586 -0.20798218
v -0.22407646 -0.34662393 -0.20806071
v -0.20166944 -0.35057268 -0.20827273
v -0.19436248 -0.37787029 -0.20853642
v -0.23406903 -0.37119994 -0.20814137
v -0.21448138 -0.39051384 -0.20833282
v -0.18683010 -0.40349090 -0.20890561
v -0.16776584 -0.39723530 -0.20939694
v -0.16602984 -0.37809426 -0.20916800
v -0.18713665 -0.35160011 -0.20824805
v -0.16712414 -0.35941562 -0.20855558
v -0.24463576 -0.33837923 -0.20820908
v -0.24563582 -0.36173314 -0.20823483
v -0.25950396 -0.35988584 -0.20806284
v -0.21477313 -0.39943948 -0.20864987
v -0.24057400 -0.38657460 -0.20881155
v -0.26278600 -0.36765265 -0.20829043
v -0.27354404 -0.34268668 -0.20828564
v -0.14783382 -0.37283996 -0.20883441
v -0.14378776 -0.40471101 -0.20971009
v -0.13503760 -0.37016651 -0.20863909
v -0.23766841 -0.31314930 -0.20826709
v -0.25020978 -0.30995747 -0.20797987
v -0.25934747 -0.29324743 -0.20774426
v -0.29246792 -0.29533082 -0.20816666
v -0.30672401 -0.30122566 -0.20796041
v -0.26575232 -0.28769904 -0.20752229
v -0.27459607 -0.27756330 -0.20716868
v -0.26946720 -0.28240404 -0.20736741
v -0.14911219 -0.36222723 -0.20830597
v -0.26663142 -0.36987290 -0.20862845
v -0.29847091 -0.32687828 -0.20765705
v -0.31615070 -0.31566918 -0.20702893
v -0.29290020 -0.34663406 -0.20795146
v -0.28028524 -0.27267280 -0.20739527
v -0.30573580 -0.28151676 -0.20840059
v -0.30007458 -0.26121211 -0.20800477
v -0.32275411 -0.27408934 -0.20838927
v -0.32816526 -0.29403847 -0.20800610
v -0.34192109 -0.29786932 -0.20781192
v -0.33436063 -0.30860278 -0.20705236
v -0.34806445 -0.28380534 -0.20822689
v -0.34601685 -0.29443321 -0.20792663
v -0.34067115 -0.25421923 -0.20851295
v -0.28637570 -0.26650995 -0.20767267
v -0.30895966 -0.24902506 -0.20816697
v -0.33111566 -0.22016624 -0.20839036
v -0.31766552 -0.23479019 -0.20822628
v -0.35833868 -0.23459096 -0.20873667
v -0.33431676 -0.20769337 -0.20853674
v -0.35083237 -0.20855257 -0.20887074
v -0.36158314 -0.27072415 -0.20891628
v -0.36762750 -0.26377189 -0.20895700
v -0.37287727 -0.22394244 -0.20855641
v -0.38127837 -0.23940289 -0.20882496
v -0.38470304 -0.23078205 -0.20852093
v -0.39490339 -0.20233180 -0.20885001
v -0.38842568 -0.19553919 -0.20886607
v -0.35601383 -0.19022717 -0.20915996
v -0.34740382 -0.17668673 -0.20914188
v -0.33332533 -0.20196283 -0.20921391
v -0.39083925 -0.22495954 -0.20842706
v -0.17877637 -0.34693256 -0.20866962
v -0.37065545 -0.24816838 -0.20918792
v -0.20496152 -0.33672470 -0.20839974
v -0.18809442 -0.34245735 -0.20888549
v -0.13705431 -0.36209914 -0.20886461
v -0.38523033 -0.23666264 -0.20880888
v -0.37986496 -0.17531720 -0.21001306
v -0.35311359 -0.17207894 -0.21006252
v -0.35510218 -0.28370121 -0.20863007
v -0.11362331 -0.37990421 -0.20926328
v -0.13757926 -0.42088255 -0.21058270
v -0.12339167 -0.40415800 -0.21005256
v -0.11977834 -0.43551207 -0.21147956
v -0.07117628 -0.40099812 -0.21000570
v -0.15244479 -0.42408195 -0.21067499
v -0.10750548 -0.43691942 -0.21132876
v -0.09775567 -0.39375046 -0.20940453
v -0.09326001 -0.38037544 -0.20886751
v -0.10273167 -0.37563783 -0.20910852
v -0.07335486 -0.38626111 -0.20971410
v -0.06839830 -0.39073133 -0.20982994
v -0.05888274 -0.39596143 -0.20968938
v -0.07478296 -0.41810492 -0.21076317
v -0.08083371 -0.44288912 -0.21113026
v -0.06423865 -0.44418544 -0.21179718
v -0.08210969 -0.38062730 -0.20944409
v -0.05717741 -0.38821310 -0.20944475
v -0.03371186 -0.39327177 -0.20905563
v -0.02558958 -0.39088917 -0.20904922
v -0.16648106 -0.41864571 -0.21067044
v -0.17720495 -0.41808042 -0.21025884
v -0.03701296 -0.41897801 -0.21173425
v -0.00780525 -0.41590098 -0.21174647
v 0.02407474 -0.43913218 -0.21254814
v 0.04332737 -0.41630423 -0.21168774
v -0.02303939 -0.43735316 -0.21225841
v -0.05310595 -0.44788039 -0.21204016
v -0.00723220 -0.44876659 -0.21229643
v 0.04185348 -0.44725674 -0.21249512
v 0.07476021 -0.42331240 -0.21076466
v 0.08027437 -0.42983237 -0.21057069
v 0.06469322 -0.44402611 -0.21152984
v -0.13424800 -0.43229350 -0.21126845
v 0.06988112 -0.40759677 -0.21032156
v 0.11215735 -0.42781109 -0.21066998
v 0.12300043 -0.40742287 -0.21022987
v 0.15916631 -0.38691565 -0.20930721
v 0.15575209 -0.41157928 -0.21037321
v 0.12923609 -0.37062266 -0.20881429
v 0.14324665 -0.36982426 -0.20869346
v 0.13056028 -0.43330353 -0.21099789
v 0.16012557 -0.35757205 -0.20843734
v 0.09082439 -0.43999642 -0.21021742
v 0.08101369 -0.44173038 -0.21020180
v 0.13748875 -0.36275890 -0.20899136
v 0.10932969 -0.39256814 -0.20921904
v 0.08930559 -0.38412085 -0.20866354
v 0.10862825 -0.38200828 -0.20889294
v 0.11270434 -0.37263507 -0.20862544
v 0.10443932 -0.37330940 -0.20895250
v 0.16699706 -0.40104327 -0.20963824
v 0.19409014 -0.40915021 -0.21007809
v 0.20137775 -0.40424258 -0.21019106
v 0.21175350 -0.38204542 -0.20993829
v 0.20813143 -0.40082228 -0.21013020
v 0.22109887 -0.36405930 -0.20955783
v 0.21574152 -0.34249067 -0.20911933
v 0.18517877 -0.37502787 -0.20963669
v 0.17049564 -0.35306701 -0.20865625
v 0.17897223 -0.34666333 -0.20873624
v 0.25216010 -0.37618279 -0.21002762
v 0.25525853 -0.34508541 -0.20991746
v 0.26977357 -0.36194193 -0.21003585
v 0.23457433 -0.32755762 -0.20927642
v 0.28051284 -0.35471335 -0.20977552
v 0.27956763 -0.33128530 -0.21039237
v 0.29038832 -0.34960198 -0.20993619
v 0.29487967 -0.32814968 -0.21036455
v 0.26180196 -0.31795287 -0.21004814
v 0.28600925 -0.30133072 -0.21058355
v 0.31333417 -0.30530012 -0.21072806
v 0.30555072 -0.28232843 -0.21044928
v 0.31926623 -0.26148313 -0.21008828
v 0.32976449 -0.28420445 -0.21040580
v 0.33325395 -0.24830197 -0.21002254
v 0.35191000 -0.26033497 -0.21017763
v 0.35578236 -0.27106228 -0.21008331
v 0.36293352 -0.23473662 -0.21057822
v 0.37283537 -0.25155476 -0.21042949
v 0.36856487 -0.22158402 -0.21051595
v 0.37759978 -0.24584597 -0.21031347
v 0.34516451 -0.21273142 -0.21012531
v 0.36318889 -0.19062659 -0.21061231
v 0.38134652 -0.20987064 -0.21102503
v 0.33662558 -0.22104695 -0.20963380
v 0.33449417 -0.29532725 -0.21010838
v 0.38633087 -0.18447417 -0.21108225
v 0.37945634 -0.16398287 -0.21073262
v 0.39413187 -0.16186835 -0.21105552
v 0.41308174 -0.15082614 -0.21128872
v 0.40042976 -0.19457582 -0.21099615
v 0.39031899 -0.12398999 -0.21116017
v 0.41470355 -0.13376607 -0.21126744
v 0.42003283 -0.12154266 -0.21137753
v 0.39695537 -0.09862293 -0.21076253
v 0.42161825 -0.10112212 -0.21104814
v 0.41803965 -0.06117326 -0.21135765
v 0.39724785 -0.20085317 -0.21077724
v 0.39269400 -0.21040173 -0.21074012
v 0.42854482 -0.07336219 -0.21105669
v 0.43366382 -0.03033994 -0.21154055
v 0.41811621 -0.00989292 -0.21160230
v 0.42718765 0.00147235 -0.21167362
v 0.41106313 0.02006974 -0.21098505
v 0.41988254 0.03686932 -0.21114902
v 0.40953958 0.03265534 -0.21085946
v 0.43381518 0.04268668 -0.21099357
v 0.43111730 -0.12923338 -0.21098517
v 0.43003291 0.06928251 -0.21100894
v 0.41697833 0.12301753 -0.21128820
v 0.43243915 0.12425408 -0.21066447
v 0.42200357 0.09097988 -0.21122117
v 0.42932376 0.09169875 -0.21099684
v 0.39832053 0.09855270 -0.21095918
v 0.40326083 0.06021849 -0.21089077
v 0.39015710 0.06026208 -0.21055004
v 0.39040232 0.13977751 -0.21145542
v 0.41351837 0.15522607 -0.21126682
v 0.38107836 0.16008468 -0.21127915
v 0.39528230 0.17522182 -0.21086536
v 0.38095745 0.11922333 -0.21082583
v 0.41140002 -0.04780944 -0.21105580
v 0.40952638 -0.17888480 -0.21062589
v 0.41458818 -0.16755818 -0.21051112
v 0.41811520 -0.16337983 -0.21064217
v 0.42194757 -0.15992005 -0.21070158
v 0.42245674 -0.14917815 -0.21058826
v 0.40874946 -0.01283777 -0.21121091
v 0.25994018 -0.29850557 -0.20935977
v 0.27000549 -0.28066590 -0.20913519
v 0.36583939 0.17014092 -0.21075080
v 0.36030173 0.15556148 -0.21075976
v 0.36484560 0.14724165 -0.21059626
v 0.44319576 -0.00624350 -0.21108794
v 0.38027620 -0.23466927 -0.21004716
v 0.20998594 -0.33268154 -0.20867234
v 0.38735849 -0.07867660 -0.21007839
v 0.38670185 -0.08630136 -0.21029516
v 0.42952123 0.13523026 -0.21045923
v 0.35411501 -0.16851555 -0.20964800
v 0.37212467 -0.15643284 -0.21016289
v 0.42674997 -0.14111316 -0.21056095
v 0.31720701 -0.23446769 -0.20890626
v 0.16596161 -0.41753995 -0.21049598
v 0.15816572 -0.42482415 -0.21048282
v 0.13664943 -0.42935878 -0.21094215
v 0.42584720 0.14515024 -0.21048149
v 0.17324308 -0.41384706 -0.21046945
v 0.18633671 -0.41401872 -0.21030770
v 0.32370752 -0.22325388 -0.20874405
v 0.26197326 -0.37017658 -0.20994464
v 0.36802256 -0.13888176 -0.20986326
v 0.05689347 -0.39499453 -0.20981984
v 0.01939637 -0.40667897 -0.21104211
v 0.03001865 -0.39841419 -0.21040656
v -0.00519263 -0.39529279 -0.21008973
v -0.03044672 -0.39827356 -0.21000920
v 0.07058769 -0.38793549 -0.20931083
v 0.38267422 -0.08952174 -0.20999791
v 0.33193886 -0.30700430 -0.20937833
v 0.37550679 0.11618975 -0.21040979
v 0.38552964 0.08854297 -0.21053147
v 0.39039192 0.07886974 -0.21104488
v -0.16055463 -0.42402548 -0.21084981
v 0.10018996 -0.37620074 -0.20837793
v 0.38604978 0.19403079 -0.20956585
v 0.31789121 -0.31279314 -0.21019568
v -0.15032879 -0.42939097 -0.21138242
v 0.41043434 0.17433789 -0.21031396
v 0.41588610 0.16847242 -0.21056733
v 0.42202717 0.15902407 -0.21065393
v -0.39644065 -0.18440676 -0.20983146
v -0.38315475 -0.15803580 -0.21074234
v -0.40890223 -0.17841518 -0.21028465
v -0.36032310 -0.15797724 -0.21058631
v -0.36469138 -0.14399317 -0.21072206
v -0.39692619 -0.15593812 -0.21067892
v -0.38818073 -0.12853228 -0.21090662
v -0.40431535 -0.13104790 -0.21099558
v -0.35457119 -0.16678031 -0.21048558
v -0.37063569 -0.13556518 -0.21087778
v -0.37316149 -0.12767895 -0.21073392
v -0.38719913 -0.10558081 -0.21047826
v -0.42141938 -0.09872660 -0.21070267
v -0.43254027 -0.12366863 -0.21131475
v -0.40514466 -0.07672971 -0.21066055
v -0.42796084 -0.14112188 -0.21111424
v -0.38795564 -0.08666454 -0.21071625
v -0.39148167 -0.06833243 -0.21074587
v -0.42280325 -0.15370277 -0.21132156
v -0.41859752 -0.16391326 -0.21125707
v -0.42149580 -0.06114145 -0.21130452
v -0.41944000 -0.01517753 -0.21173277
v -0.40690821 -0.05161899 -0.21086504
v -0.44000614 -0.00950514 -0.21208943
v -0.44908124 -0.01064118 -0.21201460
v -0.43809295 0.02848846 -0.21176450
v -0.42133155 0.05324089 -0.21139081
v -0.44487536 0.06083435 -0.21118020
v -0.44868347 0.02015984 -0.21160175
v -0.43749362 -0.09760499 -0.21017243
v -0.43728879 -0.11047283 -0.21054237
v -0.37550113 -0.11373602 -0.21017796
v -0.42336902 0.07256262 -0.21064141
v -0.40783519 0.08097544 -0.21024485
v -0.42308563 0.09308402 -0.21038400
v -0.42319497 0.12480368 -0.21034925
v -0.39390379 0.11890287 -0.21032721
v -0.37705353 0.15771694 -0.21038049
v -0.40829900 0.15307137 -0.21038845
v -0.40204552 0.16434798 -0.21018851
v -0.39450032 0.17799084 -0.20982344
v -0.36052388 0.17276695 -0.20973338
v -0.41679668 0.16987631 -0.20990002
v -0.42080095 0.16309753 -0.20994771
v -0.36571121 0.15984935 -0.21008770
v -0.35856020 0.15147652 -0.21004377
v -0.35019389 0.17080292 -0.20983158
v -0.36602145 0.13947947 -0.21000932
v -0.37275454 0.12275685 -0.20962521
v -0.38147092 0.12657197 -0.20991704
v -0.37651086 0.10846236 -0.20927198
v -0.38628405 0.09643517 -0.20984201
v -0.39421666 0.06456873 -0.20989667
v -0.40547311 0.04111715 -0.21093695
v -0.39044991 0.04207889 -0.20952319
v -0.40463650 0.01488157 -0.21078897
v -0.42481899 0.14562653 -0.20979327
v -0.40549383 -0.00592902 -0.21112218
v -0.39407021 0.01850526 -0.20940101
v -0.39006439 0.02185702 -0.20933484
v -0.39154309 -0.00298804 -0.20950164
v -0.43360502 0.12661338 -0.20991148
v -0.43234047 0.08137418 -0.21005699
v -0.40747574 0.17766427 -0.20945029
v -0.36059627 0.19030020 -0.20882994
v -0.38124177 0.19431733 -0.20889878
v -0.39482692 0.20487945 -0.20840032
v -0.37753037 0.21543866 -0.20859918
v -0.36543047 0.22805470 -0.20848094
v -0.34375271 0.19956474 -0.20865631
v -0.39157662 0.21713036 -0.20828547
v -0.34927607 0.18056150 -0.20856370
v -0.38667086 0.22618385 -0.20806962
v -0.38064030 0.23312658 -0.20795114
v -0.37623411 0.24881922 -0.20780313
v -0.35720772 0.27467558 -0.20756230
v -0.34532720 0.28610721 -0.20740364
v -0.35039836 0.24974149 -0.20817287
v -0.36564833 0.26315621 -0.20764117
v -0.33786395 0.20705219 -0.20823340
v -0.32783601 0.22281095 -0.20808707
v -0.32093731 0.26114005 -0.20840274
v -0.30110031 0.29243144 -0.20853257
v -0.30777460 0.24806070 -0.20832409
v -0.32019666 0.23185362 -0.20822248
v -0.32633430 0.28504977 -0.20817128
v -0.29380396 0.30893129 -0.20833759
v -0.26912254 0.31454408 -0.20819663
v -0.29344189 0.28856277 -0.20836742
v -0.29025525 0.26178712 -0.20782998
v -0.25021455 0.32761604 -0.20830876
v -0.25428075 0.29705319 -0.20734477
v -0.26136211 0.29043904 -0.20747213
v -0.25860319 0.33976755 -0.20820238
v -0.27708530 0.35486850 -0.20756374
v -0.29071835 0.34758180 -0.20743060
v -0.26915902 0.36146912 -0.20770998
v -0.25971189 0.36933377 -0.20797421
v -0.24326923 0.37151965 -0.20847626
v -0.21121612 0.39931339 -0.20894611
v -0.19601564 0.38746646 -0.20908825
v -0.21465740 0.36342269 -0.20877157
v -0.22498640 0.39170232 -0.20860799
v -0.23355645 0.38516980 -0.20836808
v -0.17957483 0.36504203 -0.20900711
v -0.20044893 0.34740329 -0.20880224
v -0.21875627 0.34780383 -0.20853087
v -0.24723591 0.38024077 -0.20804428
v -0.19354931 0.40930563 -0.20891593
v -0.22540504 0.32634333 -0.20815806
v -0.24449106 0.30852520 -0.20790854
v -0.22995354 0.31801355 -0.20810169
v -0.17190877 0.40531081 -0.20942654
v -0.16724324 0.37474242 -0.20944950
v -0.15585597 0.42411640 -0.20976529
v -0.14999886 0.38695818 -0.20952451
v -0.13716874 0.40860948 -0.20998041
v -0.11962977 0.41116136 -0.21012622
v -0.16863768 0.35528305 -0.20903254
v -0.18256728 0.34696960 -0.20843621
v -0.12469563 0.38392830 -0.20953563
v -0.10285036 0.43110210 -0.20963988
v -0.09735114 0.41402599 -0.20985889
v -0.07601161 0.43575433 -0.20974174
v -0.04049711 0.42833677 -0.20975417
v -0.03147904 0.41581586 -0.20966490
v -0.05717755 0.41657555 -0.20977381
v -0.00694622 0.42168948 -0.21010730
v -0.01584833 0.43654856 -0.20983611
v 0.01309092 0.45193169 -0.20943841
v 0.04024125 0.45101193 -0.20915408
v 0.03178134 0.42412630 -0.20970556
v 0.00275683 0.45247406 -0.20952426
v -0.04165910 0.44622099 -0.20913789
v 0.00212738 0.40941641 -0.20967993
v 0.05690835 0.41637084 -0.20901729
v 0.06326905 0.44421804 -0.20867087
v 0.08241831 0.44192636 -0.20856364
v 0.09639706 0.43757191 -0.20856713
v 0.09326363 0.42659950 -0.20870744
v 0.10481425 0.39116460 -0.20821525
v 0.06419210 0.39570141 -0.20878749
v 0.04339965 0.39466819 -0.20875022
v 0.12905531 0.41897684 -0.20890643
v 0.13293412 0.43690926 -0.20911649
v 0.13145854 0.39859602 -0.20864776
v 0.14479603 0.43285656 -0.20894785
v 0.15423745 0.42978811 -0.20896368
v 0.17492019 0.42196345 -0.20887333
v 0.15990874 0.40506303 -0.20854408
v 0.18346427 0.41405573 -0.20864949
v 0.14469270 0.37105390 -0.20859256
v 0.12962632 0.38136494 -0.20875730
v 0.15268567 0.36252835 -0.20843919
v 0.21562155 0.38753721 -0.20886269
v 0.17597617 0.36352810 -0.20870081
v 0.20605323 0.34944054 -0.20877849
v 0.22891738 0.35700193 -0.20872030
v 0.17866930 0.34787172 -0.20899273
v 0.23250531 0.37803257 -0.20855525
v 0.23594931 0.38621202 -0.20840389
v 0.24823424 0.36302388 -0.20873260
v 0.22984418 0.33016220 -0.20875323
v 0.25546077 0.32730669 -0.20876488
v 0.24726269 0.31512567 -0.20879038
v 0.27677906 0.35455170 -0.20847011
v 0.28078523 0.31046870 -0.20870136
v 0.26857209 0.35940263 -0.20859565
v 0.25945869 0.29268143 -0.20819962
v 0.22131534 0.39641511 -0.20879957
v 0.20624548 0.39959657 -0.20883243
v 0.21445131 0.33334357 -0.20835340
v 0.29478866 0.31380033 -0.20837210
v 0.30039293 0.34005442 -0.20793569
v 0.30995938 0.30783653 -0.20790137
v 0.30230105 0.29206395 -0.20833787
v 0.33507186 0.28533727 -0.20813529
v 0.33240271 0.25531688 -0.20840989
v 0.35161597 0.28306383 -0.20800385
v 0.34631991 0.29311702 -0.20802012
v 0.29438031 0.25796396 -0.20789349
v 0.35686511 0.27260128 -0.20824952
v 0.36468443 0.24068393 -0.20874950
v 0.33607295 0.23060812 -0.20843405
v 0.36681396 0.21904743 -0.20887856
v 0.33349967 0.21364948 -0.20849966
v 0.30790475 0.25295776 -0.20824100
v 0.31799141 0.24457863 -0.20834100
v 0.38219020 0.23373611 -0.20859715
v 0.38822690 0.22840749 -0.20870493
v 0.38462013 0.20859738 -0.20930523
v 0.36119574 0.19050044 -0.20908068
v 0.35232529 0.20641141 -0.20894641
v 0.28326488 0.27018097 -0.20765817
v 0.27928698 0.27654970 -0.20778623
v 0.10173816 0.37560689 -0.20861353
v 0.09057442 0.37942669 -0.20871259
v 0.35201046 0.18532771 -0.20939036
v 0.37759590 0.24522331 -0.20839037
v 0.36939171 0.25914097 -0.20813859
v 0.00800002 0.39348117 -0.20888144
v 0.22366805 0.32380363 -0.20906943
v -0.15218116 0.35955513 -0.20852773
v -0.13494174 0.36439672 -0.20913489
v -0.12303431 0.36832929 -0.20955309
v -0.08490950 0.44033101 -0.20933309
v 0.24859704 0.37928128 -0.20791873
v 0.26068619 0.36972353 -0.20807581
v -0.10676528 0.37536886 -0.20879517
v -0.09337589 0.38115087 -0.20892996
v -0.06745701 0.39284959 -0.20925535
v -0.06653906 0.38427180 -0.20946756
v -0.21198398 0.33033478 -0.20785771
v 0.27156839 0.28527877 -0.20771015
v 0.07923795 0.38348562 -0.20925093
v 0.39319167 0.21610935 -0.20877638
v 0.39727479 0.20093912 -0.20896050
v 0.28837326 0.34886721 -0.20827645
v 0.33992118 0.29962254 -0.20758991
v 0.33499488 0.30685121 -0.20713755
v 0.33085248 0.31089163 -0.20710154
v -0.18351598 0.41476166 -0.20879222
v -0.32161194 0.30287597 -0.20763402
v -0.30794910 0.32094735 -0.20730728
v -0.29681379 0.34232673 -0.20732585
v 0.31421739 0.32821840 -0.20713195
v 0.30688989 0.33542398 -0.20756797
v -0.42938420 0.13906507 -0.20952673
v 0.12529062 0.43992859 -0.20914970
v -0.27421924 0.27781996 -0.20729591
v -0.28186724 0.26937455 -0.20730349
v -0.37903571 -0.09795956 -0.21011102
v -0.37890166 -0.10676046 -0.20996021
v -0.05388948 0.40527615 -0.20913367
v 0.32222617 0.22205533 -0.20928213
v -0.40710303 -0.03329702 -0.21080558
v 0.13987498 0.36282492 -0.20906512
v 0.13092224 0.36727095 -0.20930375
v 0.12100323 0.37121248 -0.20950280
v -0.39471099 -0.06071240 -0.21013594
v 0.33286956 0.20664048 -0.20920569
v -0.03826962 0.39402837 -0.20799893
v -0.05163645 0.38999030 -0.20781808
v 0.00330067 0.38976315 -0.20910209
v 0.16320007 0.42783597 -0.20901187
v -0.34121636 0.30084485 -0.20674063
v 0.32533565 0.31629467 -0.20693676
v 0.32087052 0.32113853 -0.20682333
v 0.23232874 0.31605452 -0.20924051
v 0.24459496 0.30526987 -0.20929691
v 0.27272624 0.27803621 -0.20802477
v 0.14766353 -0.36254171 -0.20827578
v -0.19790386 0.33729565 -0.20944947
v -0.40588927 0.19244097 -0.20847376
v 0.43114847 -0.09849275 -0.21042056
v 0.43316212 -0.11640669 -0.21047994
v -0.43685776 0.09887206 -0.20923315
v -0.43909734 0.08413818 -0.20946972
v 0.42225313 0.15082434 -0.21056280
v -0.25383937 -0.29809460 -0.20802237
v 0.44358391 -0.06586555 -0.21009521
v 0.44495282 -0.04995301 -0.21043125
v 0.44849631 -0.02718549 -0.21033247
v 0.44788110 -0.05714542 -0.21051486
v -0.38910356 -0.05087164 -0.20933947
v -0.39394397 -0.04719192 -0.20918348
v -0.39444086 -0.03199899 -0.20908076
v -0.39061984 -0.02516722 -0.20911127
v 0.18653174 0.41718894 -0.20898561
v 0.34278607 -0.18918946 -0.20947187
v -0.32089859 -0.32249412 -0.20638102
v -0.20227166 -0.40848565 -0.20943116
v -0.30829516 -0.33477989 -0.20660689
v 0.06932470 0.44753167 -0.20898595
v 0.18800479 0.34378049 -0.20930910
v -0.09948288 0.43757036 -0.20905779
v 0.10201117 -0.43748644 -0.21014272
v 0.10008878 -0.44019666 -0.21016259
v -0.39998943 -0.20674489 -0.20941685
v 0.20661075 0.33417380 -0.20919265
v 0.39347810 0.05450824 -0.21014100
v 0.39380991 0.04298339 -0.20968099
v 0.38740870 -0.07214193 -0.20984375
v 0.44605571 0.00921858 -0.21044077
v -0.39609137 -0.21050727 -0.20914844
v -0.38819748 -0.04322336 -0.20940176
v 0.07889640 -0.38191545 -0.20947133
v 0.06687422 -0.38486680 -0.20953603
v 0.05020271 -0.38939905 -0.20895098
v 0.03655478 -0.39132100 -0.20924048
v 0.01633091 -0.39124992 -0.20923764
v 0.12677340 -0.36693645 -0.20923577
v -0.38291582 -0.08875114 -0.21075007
v -0.36520025 -0.27231827 -0.20929050
v -0.36023059 -0.28019589 -0.20942225
v -0.37140429 -0.26555198 -0.20938456
v 0.36338520 -0.15177985 -0.20917904
v 0.35918209 -0.15225567 -0.20943582
v -0.11223091 0.37133420 -0.20927791
v -0.08643808 0.37925074 -0.20930332
v 0.30420479 -0.33568761 -0.20923671
v 0.02012802 -0.45125625 -0.21275945
v 0.36488128 0.26654291 -0.20800449
v -0.42565709 0.14873046 -0.21011099
v 0.40581036 0.19438331 -0.20890012
v 0.41070235 0.18835345 -0.20942318
v 0.39460775 0.02057903 -0.20887469
v 0.39124751 0.03489136 -0.20939854
v 0.43716890 -0.08321588 -0.20972066
v -0.44067997 0.09342894 -0.20982821
v 0.34751052 0.17948084 -0.20948501
v 0.34319457 0.19271387 -0.20994361
v -0.16208360 0.35133648 -0.20946513
v -0.17005822 0.34872615 -0.20964614
v -0.18002899 0.34386480 -0.20906751
v -0.34318429 0.18997909 -0.20897575
v 0.39581427 -0.04683164 -0.20932548
v 0.39102283 -0.05474510 -0.20950344
v -0.31998083 0.32151532 -0.20626082
v -0.32593423 0.31494963 -0.20632963
v -0.33116394 0.30915046 -0.20643701
v -0.30247250 0.33848441 -0.20689537
v -0.30785143 0.33677793 -0.20701776
v 0.14865868 0.35876465 -0.20903772
v 0.10127703 0.44112244 -0.20912553
v -0.24290848 -0.30470178 -0.20892264
v -0.31206226 0.23507023 -0.20880194
v -0.00087660 -0.45181349 -0.21270280
v -0.02282376 -0.45136100 -0.21258380
v -0.05987254 -0.45024350 -0.21267657
v 0.30248129 0.24552469 -0.20938903
v 0.31253222 0.23684803 -0.20938548
v 0.24833767 0.29779759 -0.20922771
v 0.31903762 -0.32038870 -0.20925955
v 0.32415435 -0.32093784 -0.20946763
v 0.08018878 -0.44348568 -0.21044886
v -0.33274651 0.21080688 -0.20789140
v -0.36159369 0.14884269 -0.20949258
v -0.36171427 0.14383335 -0.20990780
v 0.14907405 -0.42958906 -0.21105054
v -0.41329491 0.17799067 -0.21010587
v -0.41075870 0.18688872 -0.20937313
v 0.03065800 -0.38877058 -0.20978633
v 0.44393235 -0.07740525 -0.20930393
v 0.43716604 -0.10088863 -0.20901588
v 0.43712643 -0.11289622 -0.20988683
v 0.15459387 -0.35563001 -0.20896600
v -0.44816068 0.05580007 -0.21161488
v 0.26714626 0.37010139 -0.20883267
v 0.36117882 0.27623454 -0.20900801
v 0.40131623 -0.20074803 -0.21190444
v -0.30079034 -0.24754898 -0.20900632
v -0.38990977 -0.23220839 -0.20920362
v -0.29964447 0.24724545 -0.20913330
v -0.30650306 0.24074039 -0.20932566
v -0.06615352 -0.44771737 -0.21252234
v 0.26270953 0.37428325 -0.20885152
v 0.25824544 0.37789494 -0.20889938
v 0.25158107 0.38184661 -0.20858997
v 0.24661930 0.38574040 -0.20850834
v -0.21969487 -0.32331523 -0.20875734
v -0.19319835 -0.33870190 -0.20928633
v 0.09975877 0.44301552 -0.20983584
v -0.22459333 -0.31890509 -0.20890519
v -0.22494966 -0.39782697 -0.20926744
v 0.24334697 0.38549519 -0.20763616
v -0.23251145 0.39134464 -0.20926347
v -0.34438023 0.18336885 -0.20923345
v -0.34753504 0.17398588 -0.20995775
v 0.37161613 0.26518762 -0.20922850
v -0.35551205 0.28186300 -0.20827971
v -0.34824455 0.29199988 -0.20772783
v -0.22002265 -0.40125555 -0.20950367
v 0.26422349 0.28179935 -0.20891827
v 0.38496849 0.23585466 -0.20928653
v -0.23745744 0.30856761 -0.20877102
v -0.22765927 0.31522736 -0.20896415
v -0.39642695 -0.21715876 -0.20936346
v -0.24649152 -0.38654697 -0.20952879
v -0.38530788 0.23586333 -0.20903915
v -0.38146898 0.24285762 -0.20878515
v -0.38522956 0.24026048 -0.20916206
v -0.41372865 -0.18311597 -0.21072444
v -0.41168255 -0.18691260 -0.21058190
v -0.39030412 0.22769268 -0.20890169
v -0.25846195 -0.28824878 -0.20860732
v -0.26543841 -0.28104049 -0.20841531
v -0.26272658 0.28292581 -0.20837213
v 0.28817582 0.26420879 -0.20785396
v -0.45160726 0.04242538 -0.21247974
v -0.38277063 -0.08096503 -0.21230054
v 0.38639182 0.07492362 -0.21227407
v 0.34616372 0.29885209 -0.20868200
v 0.34178689 0.30396610 -0.20850658
v -0.37935117 0.25066495 -0.20862024
v -0.39615184 0.21352743 -0.20918003
v -0.39926484 0.20990506 -0.20911464
v -0.28457683 0.35107926 -0.20753473
v -0.26975769 0.36763477 -0.20906624
v -0.27473393 0.36293128 -0.20878057
v -0.28061032 0.35771778 -0.20866214
v 0.35345778 0.28787005 -0.20894590
v 0.14088996 -0.43489519 -0.21263149
v 0.43316579 -0.13179493 -0.21165445
v -0.20672137 0.32929751 -0.20902896
v -0.38756314 -0.07233826 -0.21166149
v -0.27389735 -0.27241796 -0.20848615
v -0.38492069 -0.24250790 -0.20766245
v -0.14055012 -0.43351203 -0.21228841
v -0.28905734 -0.35603049 -0.20921555
v 0.15280676 0.43184316 -0.20934457
v 0.21362451 0.39999494 -0.20832390
v 0.36943945 -0.12920249 -0.21006794
v -0.27589911 0.26994985 -0.20845042
v 0.41359630 0.17790408 -0.21157223
v -0.38240477 -0.24809298 -0.20973198
v 0.27824691 -0.35781628 -0.21020646
v 0.11573488 -0.36943638 -0.20927729
v -0.41718131 -0.17925709 -0.21079133
v 0.10567115 -0.44106221 -0.21156436
v -0.25208694 0.29335460 -0.20856653
v -0.29898337 0.34610406 -0.20853159
v -0.28795052 0.35384664 -0.20866199
v 0.35677773 0.28365740 -0.20943607
v -0.26703900 0.27858809 -0.20848623
v -0.04003677 0.38771823 -0.20882376
v -0.43752626 -0.12078883 -0.21231645
v -0.35694617 -0.15727879 -0.21149860
v -0.36203557 -0.15134668 -0.21050780
v -0.23576124 0.39202911 -0.20833153
v -0.09185014 -0.44044298 -0.21101391
v 0.38257608 -0.08233005 -0.21186848
v -0.36271966 -0.14004257 -0.21242763
v 0.41987869 -0.16769297 -0.21195522
v 0.43302575 0.13206506 -0.21132267
v 0.42605799 -0.15010057 -0.21172497
v -0.37518227 -0.10392794 -0.21136373
v 0.23882933 0.38804984 -0.20738749
v 0.42631662 0.15102062 -0.21191804
v -0.37036410 -0.12376015 -0.21212809
v -0.36903426 0.12944074 -0.21010205
v -0.30367047 0.34216788 -0.20820212
v 0.08406971 -0.44371918 -0.21157101
v -0.42397305 -0.16025145 -0.21268785
v 0.08167674 0.38084015 -0.20989178
v -0.43124691 -0.14152819 -0.21248516
v 0.17936224 -0.41602111 -0.21205357
v 0.42909491 0.14249815 -0.21141189
v -0.41440660 -0.18763803 -0.21181679
v -0.38892347 -0.02228135 -0.20999534
v -0.38948390 0.00151853 -0.21059345
v 0.20231439 -0.40738705 -0.21169069
v 0.42395225 0.16072062 -0.21182309
v 0.41619593 0.17456296 -0.21240237
v -0.08451577 -0.44454882 -0.21213686
v -0.13721181 0.36204368 -0.20970505
v 0.10306797 -0.44278464 -0.21230966
v -0.41850540 -0.17664976 -0.21181284
v -0.45403704 -0.02597218 -0.21335988
v 0.34676611 -0.18048453 -0.20925073
v -0.02151370 -0.45317551 -0.21464878
v 0.36595789 -0.13551760 -0.21186745
v -0.40263373 -0.20916903 -0.20756665
v 0.18236442 0.42040697 -0.21060579
v 0.19421209 -0.41096386 -0.21117398
v -0.37284422 0.11735589 -0.30273953
v -0.37270072 0.11526941 -0.30463818
v -0.37680787 0.10361625 -0.30265549
v -0.37481242 0.10452806 -0.30501634
v -0.37710312 0.10181422 -0.30469963
v -0.37418327 -0.10850466 -0.25921917
v -0.37789929 -0.09687515 -0.28177133
v -0.37430787 -0.11084524 -0.27911636
v -0.37465242 -0.09855593 -0.22670369
v -0.37937903 -0.08022904 -0.23696393
v -0.37136224 -0.11529054 -0.22770077
v -0.38255298 -0.07326334 -0.28090107
v -0.38428518 -0.06788161 -0.29254597
v -0.38181880 -0.08178706 -0.29953837
v -0.38300270 -0.07000359 -0.27166805
v -0.37696671 -0.10279614 -0.30228609
v -0.37656996 -0.09079465 -0.22327815
v -0.38617015 -0.05509372 -0.28977296
v -0.38554773 -0.05628786 -0.27403221
v -0.37040475 -0.12035697 -0.21489926
v -0.37338987 -0.10519393 -0.21494536
v -0.37043086 -0.12152956 -0.25383142
v -0.36979634 -0.12119938 -0.22074191
v -0.37311935 -0.11702952 -0.30160618
v -0.38331714 -0.06699488 -0.23148867
v -0.38488817 -0.05808424 -0.22636870
v -0.38201377 -0.07231692 -0.22921792
v -0.38079387 -0.07711043 -0.22293286
v -0.37050003 -0.12205233 -0.27135593
v -0.37023103 -0.12458897 -0.28860149
v -0.38513300 -0.06757988 -0.29945585
v -0.38693383 -0.04567552 -0.25290024
v -0.38736662 -0.04330862 -0.29090682
v -0.37703201 -0.09150968 -0.21246928
v -0.38802335 -0.04717296 -0.30277592
v -0.38632098 -0.04558774 -0.22265142
v -0.38029882 -0.08764149 -0.30247122
v -0.38327935 -0.07079431 -0.22071877
v -0.38336393 -0.07302629 -0.30269226
v -0.37821126 -0.08795682 -0.21502540
v -0.38559759 -0.06065928 -0.21552965
v -0.36459270 -0.13546979 -0.22960684
v -0.36360022 -0.13969430 -0.25660065
v -0.36385843 -0.13980083 -0.27867603
v -0.38676274 -0.04545677 -0.21443196
v -0.38848048 -0.02461871 -0.29208118
v -0.38883725 -0.02785522 -0.30214286
v -0.38829622 -0.01254533 -0.25797647
v -0.38739735 -0.01610049 -0.23624264
v -0.38722035 -0.01278214 -0.22187008
v -0.38905963 0.00233106 -0.29297131
v -0.38733047 -0.01828595 -0.21471466
v -0.38934940 0.01658964 -0.29930148
v -0.38745779 0.01317581 -0.21982016
v -0.38767308 0.01106765 -0.23699071
v -0.38833678 0.01158134 -0.26032311
v -0.38917774 0.01109424 -0.30285153
v -0.38779426 0.01620841 -0.21212998
v -0.38776472 0.03632486 -0.25596002
v -0.38717085 0.03928613 -0.23831898
v -0.38686988 0.04342299 -0.22032981
v -0.38834652 0.03132096 -0.28885704
v -0.38807231 -0.04015159 -0.30469176
v -0.38698006 0.04868660 -0.21443646
v -0.38812101 0.05149491 -0.30260211
v -0.38805744 0.04813875 -0.30443558
v -0.38711029 0.05428486 -0.29156461
v -0.38662934 0.05592167 -0.26253945
v -0.38605392 0.05105090 -0.23408905
v -0.38777390 -0.01960551 -0.21179561
v -0.38520834 0.05775614 -0.22469439
v -0.38374883 0.06771497 -0.23616607
v -0.38507912 0.06575708 -0.26195288
v -0.38368666 0.07248459 -0.21717227
v -0.38515586 0.06226538 -0.21593454
v -0.38542405 0.06504957 -0.29380372
v -0.38479355 -0.07250637 -0.21330467
v -0.38475659 0.06957381 -0.30376279
v -0.38485202 0.06940482 -0.21254402
v -0.38298625 0.08307455 -0.21165103
v -0.38223550 0.07934707 -0.26483023
v -0.38335106 0.07535833 -0.30181101
v -0.38207763 0.07613291 -0.23691960
v -0.38179398 0.08078800 -0.21579863
v -0.38046923 0.08822324 -0.30248478
v -0.37799728 0.09634034 -0.25296789
v -0.37767658 0.09329925 -0.22835582
v -0.38731334 -0.06072756 -0.21191762
v -0.37711275 0.10089085 -0.28250870
v -0.37387747 0.11246265 -0.25261834
v -0.38782021 0.04413231 -0.21165359
v -0.38694414 0.06419577 -0.21147493
v -0.37329605 0.10925853 -0.21500172
v -0.37071037 0.11969896 -0.21475044
v -0.37744412 0.09510163 -0.21249501
v -0.38849357 0.01784254 -0.30463684
v -0.38078997 0.08441661 -0.21304883
v -0.37698004 0.09914512 -0.20977625
v -0.37383583 0.10956050 -0.21175082
v -0.37324753 0.11549694 -0.20995316
v -0.36911926 0.12786750 -0.29214731
v -0.38108364 -0.08136301 -0.21322724
v -0.38022009 0.08573734 -0.30459407
v -0.37252897 -0.11630381 -0.21161506
v -0.37350997 -0.10642219 -0.21245515
v -0.37917966 -0.09101310 -0.21126963
v -0.37969786 -0.08580341 -0.30419591
v -0.37610543 -0.10100193 -0.30432105
v -0.37935689 0.09459946 -0.20958638
v -0.38642070 0.05067004 -0.30478179
v -0.38833410 0.07030798 -0.20997429
v -0.38520575 0.08445756 -0.21004234
v -0.31496742 -0.22853301 -0.21110722
v -0.31902027 -0.22376823 -0.20921467
v -0.32095775 -0.21989262 -0.21199277
v -0.31323865 -0.23026040 -0.21485198
v -0.30988955 -0.23587081 -0.21088246
v -0.30343261 -0.24202639 -0.21586485
v -0.30356345 -0.24357210 -0.21027255
v -0.31472257 -0.22803901 -0.22727466
v -0.30966538 -0.23436689 -0.22805984
v -0.32453683 -0.21431586 -0.21480475
v -0.32438678 -0.21417159 -0.22799821
v -0.31320167 -0.23152664 -0.25551906
v -0.32517630 -0.21387134 -0.24952640
v -0.32406074 -0.21528983 -0.27143532
v -0.31383210 -0.23050947 -0.28566471
v -0.32472277 -0.21484286 -0.28617692
v -0.32169062 -0.21950446 -0.29896399
v -0.31478795 -0.22945780 -0.29952154
v -0.30375510 -0.24280110 -0.26088554
v -0.30057791 -0.24617471 -0.28989610
v -0.29966819 -0.24646272 -0.30134925
v -0.29450655 -0.25298649 -0.27919990
v -0.30538720 -0.23898050 -0.22955406
v -0.29067528 -0.25660163 -0.25363111
v -0.28783837 -0.26025647 -0.28005290
v -0.28680474 -0.26094061 -0.29796913
v -0.29498473 -0.25156829 -0.29837757
v -0.29256475 -0.25216970 -0.22689998
v -0.28126866 -0.26665297 -0.27922845
v -0.28114334 -0.26631114 -0.29845011
v -0.27368757 -0.27451488 -0.29785216
v -0.27346963 -0.27490723 -0.28303608
v -0.27391055 -0.27314055 -0.25724348
v -0.28238219 -0.26410726 -0.25038725
v -0.28668344 -0.25768989 -0.22707120
v -0.27882639 -0.26586771 -0.22566669
v -0.28334677 -0.26155129 -0.21445736
v -0.27253291 -0.27216130 -0.21178383
v -0.26644978 -0.28142533 -0.27869567
v -0.25953695 -0.28724760 -0.25622541
v -0.25813830 -0.28997469 -0.28189451
v -0.26618460 -0.28138250 -0.29769072
v -0.25691155 -0.29095015 -0.29775101
v -0.26515880 -0.27916688 -0.22882475
v -0.27120668 -0.27294174 -0.22848749
v -0.26690236 -0.27811775 -0.21160865
v -0.25388354 -0.29079896 -0.21251294
v -0.25488839 -0.28886881 -0.22912072
v -0.24899675 -0.29645577 -0.25088325
v -0.24956609 -0.29432970 -0.22751157
v -0.24218057 -0.30206236 -0.21496034
v -0.24473971 -0.30187047 -0.27862877
v -0.23970869 -0.30386204 -0.23792271
v -0.24071173 -0.30271345 -0.22606747
v -0.24338764 -0.30309635 -0.29997441
v -0.25028688 -0.29644823 -0.30069733
v -0.22951341 -0.31252211 -0.23403960
v -0.22870225 -0.31409287 -0.26503477
v -0.22996646 -0.31308532 -0.21245831
v -0.22365651 -0.31728098 -0.23146346
v -0.22207001 -0.31977063 -0.21150449
v -0.22583826 -0.31692037 -0.28538436
v -0.22586417 -0.31725565 -0.30040681
v -0.26048493 -0.28669596 -0.30112559
v -0.29006895 -0.25658479 -0.30144128
v -0.27452329 -0.27285331 -0.30165726
v -0.26838550 -0.27832362 -0.30206126
v -0.21140586 -0.32608479 -0.23468569
v -0.21253891 -0.32619479 -0.28390905
v -0.21338636 -0.32574123 -0.29964978
v -0.28879476 -0.25744385 -0.20918009
v -0.28110439 -0.26441112 -0.21103881
v -0.29677632 -0.24923949 -0.21111925
v -0.28323615 -0.26341149 -0.30197081
v -0.20471531 -0.33052003 -0.25177428
v -0.20301755 -0.33231586 -0.30162171
v -0.26125473 -0.28391019 -0.21093385
v -0.31049269 -0.23354717 -0.30278072
v -0.25075671 -0.29502532 -0.20901628
v -0.32574981 -0.21356557 -0.21037287
v -0.25530154 -0.29096246 -0.30284724
v -0.31818670 -0.22394341 -0.30245876
v -0.26238871 -0.28316084 -0.30288550
v -0.32832846 -0.20873857 -0.29970440
v -0.33455792 -0.19857512 -0.28687960
v -0.33291659 -0.20083092 -0.25035173
v -0.24304736 -0.30242112 -0.21119915
v -0.23500071 -0.30947235 -0.21085919
v -0.22969690 -0.31416222 -0.20901366
v -0.32461816 -0.21396179 -0.30333745
v -0.33685383 -0.19429626 -0.29945147
v -0.32904842 -0.20527017 -0.21513288
v -0.33415526 -0.19765201 -0.22887290
v -0.33321351 -0.19877088 -0.21330713
v -0.33967182 -0.18846613 -0.21499006
v -0.33985889 -0.18762560 -0.22758350
v -0.33978623 -0.18855265 -0.25329486
v -0.33873007 -0.19028912 -0.27292496
v -0.34445816 -0.18069635 -0.29937536
v -0.32919291 -0.20627314 -0.20982416
v -0.34860986 -0.17194377 -0.29910976
v -0.33958966 -0.18809155 -0.30405062
v -0.32936060 -0.20526515 -0.30352572
v -0.34356979 -0.18152606 -0.30259362
v -0.23816171 -0.30646658 -0.30284852
v -0.34363434 -0.18020055 -0.27164930
v -0.34390581 -0.17995228 -0.25369662
v -0.34865046 -0.17079349 -0.26951012
v -0.34997025 -0.16822118 -0.24814588
v -0.35568833 -0.15678935 -0.27869993
v -0.34463957 -0.17697841 -0.21527821
v -0.35370210 -0.15996753 -0.23132220
v -0.35170591 -0.16395612 -0.21477215
v -0.35477474 -0.15872656 -0.21253067
v -0.35811043 -0.15129565 -0.25610679
v -0.36313832 -0.14121222 -0.29922840
v -0.35848662 -0.15075554 -0.30200958
v -0.35427925 -0.15989429 -0.30177012
v -0.35915700 -0.14609244 -0.21547680
v -0.36347985 -0.13774124 -0.21488200
v -0.36709726 -0.12965611 -0.21502058
v -0.36681169 -0.13195224 -0.21224970
v -0.34783027 -0.17081262 -0.21449780
v -0.35149467 -0.16550221 -0.21198875
v -0.33531576 -0.19656870 -0.21132010
v -0.34083688 -0.18762332 -0.21095766
v -0.34777382 -0.17231789 -0.21144944
v -0.34398368 -0.18055953 -0.20977356
v -0.36182472 -0.14267541 -0.30410081
v -0.36689186 -0.13214691 -0.30267629
v -0.37056282 -0.12499320 -0.29933441
v -0.34661740 -0.17472942 -0.30258995
v -0.29413059 -0.25053537 -0.30281916
v -0.35607144 -0.15518548 -0.21531641
v -0.35061172 -0.16568589 -0.30402979
v -0.22847755 -0.31409147 -0.30352229
v -0.28503624 -0.25995666 -0.30376706
v -0.21272255 -0.32541403 -0.30295223
v -0.21371387 -0.32570782 -0.20895179
v -0.28099918 -0.26580605 -0.20854910
v -0.24342972 -0.30085498 -0.30416274
v -0.27842721 -0.26612395 -0.30387026
v -0.35913631 -0.14943621 -0.21186616
v -0.24986948 -0.29548508 -0.30294394
v -0.32444552 -0.21853586 -0.20905201
v -0.31379423 -0.23288229 -0.20897132
v -0.29541218 -0.25220284 -0.20872015
v -0.32027104 -0.21822707 -0.30452174
v -0.27374169 -0.27150720 -0.30392203
v -0.34428671 -0.17679802 -0.30418381
v -0.29722399 -0.24624655 -0.30416355
v -0.23634180 -0.31012014 -0.20882919
v -0.26548183 -0.27859837 -0.30394453
v -0.30750138 -0.24140283 -0.20897663
v -0.24847236 -0.29858682 -0.20861065
v -0.32825911 -0.21092384 -0.20892377
v -0.29145804 -0.25141519 -0.30397084
v -0.33858809 -0.19441804 -0.20943049
v -0.34348786 -0.18691245 -0.20902203
v -0.44381052 -0.07883572 -0.21074358
v -0.44088393 -0.08518682 -0.21022964
v -0.44007948 -0.09690447 -0.21029238
v -0.44602114 -0.05536300 -0.21167964
v 0.20584929 0.40851477 -0.21426345
v 0.20807415 0.40491784 -0.21096852
v 0.20543590 0.40727744 -0.20872506
v 0.20965877 0.40465227 -0.21660554
v 0.20912777 0.40282378 -0.20757496
v 0.20842889 0.40491402 -0.21900447
v 0.21377860 0.40169594 -0.21832524
v 0.22182073 0.39834151 -0.23235540
v 0.20772061 0.40589577 -0.23796491
v 0.18936685 0.41593006 -0.24555570
v 0.21456005 0.40333930 -0.27684775
v 0.20156179 0.41053519 -0.28790274
v 0.22763111 0.39580151 -0.27274305
v 0.23860721 0.38887906 -0.23643865
v 0.23389557 0.39147890 -0.21900412
v 0.19901469 0.41085896 -0.22572376
v 0.18126714 0.42061996 -0.22170705
v 0.22712049 0.39797446 -0.30600536
v 0.18646480 0.41762838 -0.26466915
v 0.18372762 0.41995567 -0.30616570
v 0.24502568 0.38516578 -0.26142064
v 0.24899232 0.38271022 -0.22334063
v 0.24170570 0.38631389 -0.21540006
v 0.24770215 0.38420558 -0.28999305
v 0.21303657 0.40642232 -0.31303659
v 0.20353527 0.41104963 -0.31313005
v 0.24670130 0.38619924 -0.30900687
v 0.22734404 0.39549571 -0.21785161
v 0.21596393 0.40082219 -0.21521659
v 0.17253977 0.42369232 -0.23950352
v 0.19134118 0.41563731 -0.21578133
v 0.20120578 0.41039109 -0.21554452
v 0.26091808 0.37446699 -0.25665727
v 0.25892490 0.37652171 -0.22124025
v 0.17210166 0.42449394 -0.28357020
v 0.16424403 0.42711946 -0.25473252
v 0.17221323 0.42567223 -0.31330371
v 0.16792403 0.42708260 -0.21173637
v 0.16306035 0.42861432 -0.29699785
v 0.16417494 0.42917883 -0.31375435
v 0.18313955 0.42030969 -0.21474288
v 0.19061473 0.41639799 -0.21083082
v 0.19459371 0.41392800 -0.20935963
v 0.17487071 0.42426112 -0.21303199
v 0.15364625 0.43141040 -0.23821659
v 0.20355356 0.40964451 -0.20965719
v 0.17364417 0.42390090 -0.20934942
v 0.15714464 0.43086490 -0.21197774
v 0.19002977 0.41796041 -0.31436187
v 0.19754834 0.41312975 -0.21165845
v 0.27428472 0.36517927 -0.27167505
v 0.27209067 0.36644384 -0.22102065
v 0.27904493 0.36176360 -0.23366605
v 0.28316921 0.35921654 -0.27750397
v 0.25349370 0.38085032 -0.30185556
v 0.27273345 0.36744571 -0.30219960
v 0.28646618 0.35833082 -0.30380288
v 0.23999050 0.38703012 -0.21823722
v 0.26276743 0.37578282 -0.31347734
v 0.27623412 0.36630714 -0.31348911
v 0.28271145 0.36224344 -0.31491056
v 0.29554439 0.34975386 -0.24825715
v 0.28671080 0.35606620 -0.23234810
v 0.29411614 0.35117754 -0.28067940
v 0.29770356 0.34983674 -0.30388916
v 0.29494891 0.35068309 -0.22324495
v 0.28329566 0.35722610 -0.21480221
v 0.28839904 0.35819069 -0.31337008
v 0.27585506 0.36269021 -0.21080634
v 0.30341351 0.34406623 -0.21668987
v 0.30052781 0.34921369 -0.31292695
v 0.18434541 0.42124835 -0.31542081
v 0.23205030 0.39381170 -0.21082979
v 0.22322740 0.39807907 -0.21107720
v 0.23568951 0.39089462 -0.21468280
v 0.26523688 0.37278861 -0.21116367
v 0.27049428 0.36834186 -0.21180888
v 0.25335863 0.38066354 -0.21853794
v 0.24610227 0.38585094 -0.21107210
v 0.22682989 0.39984789 -0.31586283
v 0.22054403 0.40303344 -0.31501633
v 0.25415912 0.38157874 -0.21141465
v 0.31128213 0.33662570 -0.28556272
v 0.31356180 0.33610901 -0.30253282
v 0.30970722 0.33737355 -0.26583955
v 0.31213334 0.33530119 -0.24084169
v 0.30897170 0.34010199 -0.20977862
v 0.14743081 0.43423095 -0.22029638
v 0.14651620 0.43497720 -0.21467067
v 0.15148816 0.43170384 -0.25945744
v 0.15473333 0.43249655 -0.31299791
v 0.15263620 0.43195176 -0.29136482
v 0.14588289 0.43492988 -0.21167560
v 0.32115090 0.33019596 -0.30971241
v 0.25246823 0.38336250 -0.31398466
v 0.24531746 0.38875863 -0.31579614
v 0.32437259 0.32333061 -0.26805183
v 0.32481313 0.32340908 -0.28181401
v 0.32623112 0.32145089 -0.24235272
v 0.21782985 0.40082151 -0.21124938
v 0.33182904 0.31755221 -0.29829359
v 0.21351270 0.40320525 -0.21149784
v 0.21330363 0.40332538 -0.21626112
v 0.13365200 0.43925178 -0.21256481
v 0.33744317 0.31325093 -0.30946589
v 0.33825102 0.30933863 -0.22122133
v 0.33477691 0.31342104 -0.21090008
v 0.33644813 0.31088397 -0.28686836
v 0.33780804 0.30846319 -0.26974356
v 0.33639652 0.31000715 -0.24726395
v 0.23938002 0.38851464 -0.21530639
v 0.23933086 0.39048028 -0.20908824
v 0.13893639 0.43542567 -0.24173257
v 0.13052773 0.43932739 -0.21906187
v 0.13618705 0.43588382 -0.27998403
v 0.13558580 0.43765575 -0.30927232
v 0.13221233 0.43648410 -0.25788832
v 0.14233419 0.43645519 -0.31376505
v 0.11996222 0.44188812 -0.31427741
v 0.11252207 0.44107682 -0.26639161
v 0.11948054 0.44027221 -0.28815532
v 0.23170057 0.39334631 -0.20903894
v 0.29379392 0.35497227 -0.31507906
v 0.11943943 0.44196969 -0.21426117
v 0.10922278 0.44405660 -0.31431818
v 0.16672444 0.42941257 -0.31601268
v 0.34922600 0.29480782 -0.28326336
v 0.34856847 0.29780585 -0.30078971
v 0.34900698 0.29422751 -0.24241208
v 0.36001134 0.28056487 -0.28005537
v 0.36088070 0.28083745 -0.29679024
v 0.34380510 0.30233780 -0.21786696
v 0.34280962 0.30427361 -0.21117321
v 0.35028243 0.29863220 -0.31329772
v 0.35017058 0.29502356 -0.20924544
v 0.32910177 0.32402587 -0.31493196
v 0.32081696 0.33212441 -0.31492499
v 0.31598482 0.33722603 -0.31573585
v 0.30865267 0.34377056 -0.31548902
v 0.35524878 0.28570315 -0.23671895
v 0.36388940 0.27361301 -0.22109517
v 0.35045773 0.29297420 -0.21734664
v 0.35657153 0.28249148 -0.21630943
v 0.36229351 0.27657238 -0.21127824
v 0.36019629 0.28355268 -0.30859894
v 0.33628455 0.31722653 -0.31564090
v 0.36613622 0.27598739 -0.31281888
v 0.36898515 0.26646838 -0.21575265
v 0.36907455 0.26865926 -0.20908663
v 0.21685898 0.40027952 -0.20898071
v 0.36937845 0.26729187 -0.28684402
v 0.36627918 0.27044675 -0.24702299
v 0.37302819 0.26516834 -0.30863461
v 0.35694891 0.28975374 -0.31405646
v 0.37129021 0.27012083 -0.31538978
v 0.37084332 0.26245126 -0.22412665
v 0.25618261 0.38169146 -0.31581238
v 0.37699559 0.26123577 -0.31425643
v 0.37496033 0.25610098 -0.22063790
v 0.37325853 0.25778139 -0.24216683
v 0.37271848 0.25970647 -0.26176405
v 0.37683681 0.25650489 -0.21120554
v 0.37301692 0.26120603 -0.28399408
v 0.37959105 0.25200814 -0.29887068
v 0.35296243 0.29015142 -0.21104674
v 0.38053206 0.25464201 -0.31284016
v 0.23571602 0.39332771 -0.21053970
v 0.23565733 0.39237279 -0.20821664
v 0.20803656 0.41033357 -0.31606755
v 0.21663742 0.40626571 -0.31607291
v 0.36602968 0.27145585 -0.20887414
v 0.38163340 0.24456696 -0.27964172
v 0.38959646 0.23010948 -0.28255409
v 0.38693950 0.24114652 -0.30752674
v 0.40010390 0.21075547 -0.28305975
v 0.39560768 0.22217686 -0.29438731
v 0.41081119 0.19419390 -0.29746953
v 0.39556012 0.22838297 -0.31379259
v 0.40296510 0.21599258 -0.31586197
v 0.40919840 0.20336871 -0.31428760
v 0.38623562 0.23340198 -0.25919825
v 0.37972721 0.24507327 -0.25381470
v 0.38780186 0.22917598 -0.24033782
v 0.39338261 0.21913534 -0.25876832
v 0.40086672 0.20487745 -0.25328723
v 0.39370105 0.21742326 -0.24502185
v 0.40250647 0.20118439 -0.23415917
v 0.39553216 0.21451227 -0.23004292
v 0.40096176 0.20500571 -0.21790326
v 0.40649933 0.19682443 -0.21777241
v 0.40856355 0.19766366 -0.20949082
v 0.40402758 0.20365189 -0.20961195
v 0.40016750 0.20762490 -0.21143141
v 0.38231763 0.23998156 -0.22730958
v 0.38608587 0.23340948 -0.21812464
v 0.38232130 0.24040908 -0.21691422
v 0.39054582 0.22625870 -0.22041631
v 0.39726272 0.21281558 -0.21617657
v 0.38899264 0.23109460 -0.21104740
v 0.38460359 0.23734367 -0.21138133
v 0.39415434 0.22359043 -0.20951845
v 0.41412255 0.19411057 -0.31386569
v 0.38572261 0.24748963 -0.31583142
v 0.38998130 0.23864752 -0.31398004
v 0.27130759 0.36540723 -0.20889129
v 0.41091937 0.18775067 -0.27846852
v 0.41685271 0.17251047 -0.25788543
v 0.40809122 0.18943039 -0.25190717
v 0.41738376 0.17032708 -0.24413934
v 0.40885773 0.18810469 -0.23480859
v 0.41870752 0.16774258 -0.23354325
v 0.42697683 0.15099119 -0.21495385
v 0.41015944 0.18611674 -0.22725183
v 0.37941909 0.24735837 -0.21824613
v 0.38156879 0.24577108 -0.21132259
v 0.35539693 0.29330778 -0.31599382
v 0.41760632 0.18706234 -0.31369328
v 0.41528195 0.17544489 -0.21508579
v 0.42195719 0.16290712 -0.22114930
v 0.41981936 0.16865741 -0.21485949
v 0.41964832 0.16853316 -0.21198487
v 0.42400041 0.16127352 -0.21442062
v 0.39119607 0.22697999 -0.20914856
v 0.41773525 0.17328526 -0.27991563
v 0.41296721 0.18620490 -0.28804007
v 0.41992337 0.17270817 -0.29494566
v 0.37518528 0.25816536 -0.20888877
v 0.37952077 0.25056916 -0.20899482
v 0.40973625 0.19012435 -0.21774539
v 0.36597064 0.27900073 -0.31625688
v 0.42925486 0.14275497 -0.26209560
v 0.42998677 0.13992888 -0.24136338
v 0.42676881 0.15120171 -0.28163198
v 0.42660838 0.15632509 -0.29704586
v 0.42144296 0.17855568 -0.31441414
v 0.41310266 0.18079418 -0.21530840
v 0.41752598 0.18973689 -0.31616157
v 0.38202798 0.24325578 -0.20923159
v 0.42603943 0.16724204 -0.31388310
v 0.42474753 0.17129539 -0.31600222
v 0.42890811 0.16160689 -0.31626344
v 0.39535743 0.23074444 -0.31629616
v 0.39968002 0.22287410 -0.31611073
v 0.41138914 0.19023851 -0.21149100
v 0.39912301 0.20692782 -0.20924930
v 0.39646840 0.21745132 -0.20953438
v 0.39808312 0.21578828 -0.20958586
v 0.28986111 0.35897180 -0.31604671
v 0.42954668 0.14304376 -0.27985832
v 0.40984607 0.20400076 -0.31628522
v 0.43593687 0.12244875 -0.24254861
v 0.43512893 0.12822238 -0.22252816
v 0.42990911 0.14194848 -0.21806550
v 0.43410519 0.13347311 -0.21477801
v 0.43081459 0.14106765 -0.21222229
v 0.42907727 0.15854399 -0.31401834
v 0.43592644 0.12325543 -0.28118536
v 0.43613958 0.12861192 -0.29843950
v 0.43728200 0.11738512 -0.26656038
v 0.43240386 0.14761160 -0.31317547
v 0.43638057 0.13667352 -0.31411612
v 0.43934289 0.11880326 -0.29860854
v 0.43911216 0.11235274 -0.28188846
v 0.43501392 0.13115969 -0.21257550
v 0.44093049 0.10233583 -0.24756172
v 0.43796223 0.12067804 -0.21455686
v 0.43844795 0.11364077 -0.24137951
v 0.42165902 0.18075323 -0.31618464
v 0.43222427 0.15059748 -0.31598184
v 0.43905562 0.11718751 -0.21183476
v 0.43687740 0.12078340 -0.21150944
v 0.44231772 0.10649025 -0.29764622
v 0.44332695 0.09463833 -0.28042421
v 0.44055477 0.10874852 -0.21462691
v 0.44626555 0.08109922 -0.28172907
v 0.44654799 0.07721773 -0.24737935
v 0.44266689 0.09451849 -0.21536765
v 0.44589418 0.07985404 -0.22511542
v 0.45041406 0.05961155 -0.24893057
v 0.45078599 0.06136274 -0.21448514
v 0.44918320 0.06756675 -0.21522582
v 0.44590577 0.07923935 -0.21227138
v 0.44504359 0.08210269 -0.21477565
v 0.44998804 0.06274194 -0.21210261
v 0.44870988 0.07725514 -0.29665992
v 0.44810757 0.08970167 -0.30831283
v 0.44930926 0.06308973 -0.26939768
v 0.44842690 0.09866864 -0.31597185
v 0.45210335 0.06231825 -0.29929703
v 0.45195732 0.05475975 -0.22259049
v 0.45113444 0.08252133 -0.31361789
v 0.44987997 0.06241367 -0.28327930
v 0.41264164 0.18387105 -0.20972149
v 0.32712409 0.32722014 -0.31595069
v 0.45606637 0.06073287 -0.31417415
v 0.37581947 0.26540512 -0.31610727
v 0.45080942 0.05341157 -0.27201170
v 0.45201498 0.05023430 -0.28736228
v 0.45383605 0.05150143 -0.30012020
v 0.45218033 0.04702062 -0.24892280
v 0.45326877 0.04159519 -0.21425900
v 0.26495323 0.37608987 -0.31593248
v 0.43958414 0.10575827 -0.20988598
v 0.45815530 0.04717945 -0.31585914
v 0.45241150 0.03723854 -0.27211201
v 0.45340404 0.03458644 -0.28759235
v 0.45359060 0.03836521 -0.22344722
v 0.45513588 0.03793594 -0.29999197
v 0.45852122 0.03441706 -0.31398067
v 0.45373043 0.02593495 -0.24553053
v 0.45351568 0.01564261 -0.27192545
v 0.45448244 0.01485943 -0.28771535
v 0.45735124 0.00165665 -0.30371952
v 0.45458022 0.01532462 -0.21491909
v 0.45406535 0.02314285 -0.21113564
v 0.45416942 -0.00211894 -0.26535323
v 0.45470068 -0.00235350 -0.24555498
v 0.45514008 0.00079888 -0.21443531
v 0.45418799 -0.00188487 -0.27840099
v 0.45529008 -0.00089972 -0.29044288
v 0.45806164 0.02121942 -0.30908719
v 0.45437688 0.00264888 -0.21129707
v 0.15572138 0.43351695 -0.31587848
v 0.45446104 -0.01712586 -0.24102946
v 0.45449358 -0.02095675 -0.21452862
v 0.45358264 -0.01945297 -0.27208063
v 0.45390525 -0.03047373 -0.28629565
v 0.45585769 -0.02697881 -0.29924533
v 0.45797116 -0.02470522 -0.30921802
v 0.45847315 -0.03450663 -0.31408313
v 0.45375127 -0.03429926 -0.23055071
v 0.45303535 -0.03481491 -0.26145154
v 0.45247614 -0.04291527 -0.28030294
v 0.45279574 -0.04436963 -0.21519305
v 0.45434061 -0.04737233 -0.29899776
v 0.45699170 -0.05026277 -0.31346497
v 0.45196557 -0.04577520 -0.26726323
v 0.45225346 -0.05003607 -0.22888404
v 0.45166960 -0.05741143 -0.28978610
v 0.45047104 -0.05734463 -0.27792034
v 0.45088699 -0.05374433 -0.26832995
v 0.45006454 -0.05963337 -0.25806233
v 0.45078140 -0.05993104 -0.22700380
v 0.45083135 -0.05230300 -0.21160521
v 0.45210376 -0.03395253 -0.21155548
v 0.45124826 -0.06657010 -0.29756120
v 0.45503879 -0.06415852 -0.31386232
v 0.44670251 -0.07983207 -0.28102204
v 0.44612491 -0.07946154 -0.24459110
v 0.44647241 -0.08411779 -0.28931910
v -0.40081257 0.20585546 -0.21793377
v 0.18438655 -0.41461733 -0.20974103
v 0.37292778 0.13117629 -0.21109411
v 0.36798906 0.14015591 -0.21097827
v 0.35866871 0.15092620 -0.21198785
v 0.35633874 0.15998603 -0.21204315
v 0.35594314 0.16806141 -0.21105921
v 0.37942249 0.10225357 -0.21011096
v 0.37851372 0.09746220 -0.21146253
v 0.38280690 0.09092179 -0.21026982
v 0.38011500 0.08714142 -0.21249567
v 0.38234514 0.08612879 -0.21161938
v 0.35481089 0.16061242 -0.21299201
v -0.31849146 0.20300508 -0.30457336
v 0.17966671 -0.41444081 -0.21208195
v 0.18177180 -0.41097564 -0.21022388
v -0.25987190 -0.27002734 -0.30295816
v -0.26111549 -0.26866451 -0.27724823
v -0.25630355 -0.27362415 -0.23040240
v -0.24956003 -0.28029427 -0.20422101
v -0.26676929 -0.26378599 -0.20395131
v -0.27118853 -0.25879461 -0.24489814
v -0.27253205 -0.25728774 -0.28537986
v -0.27257553 -0.25739217 -0.30315909
v -0.28136295 -0.24872199 -0.20114799
v -0.28700238 -0.24198452 -0.28397444
v -0.28867084 -0.24043433 -0.22662468
v -0.28325817 -0.24580762 -0.30166742
v -0.29996949 -0.22713219 -0.30250964
v -0.30111504 -0.22701851 -0.19942330
v -0.25725946 -0.27363372 -0.19948187
v -0.28336972 -0.24630524 -0.30358335
v 0.34309700 -0.15556578 -0.19989751
v 0.34179708 -0.15899345 -0.21495852
v 0.35023591 -0.13826346 -0.23643747
v 0.34252480 -0.15694301 -0.27006522
v 0.34814146 -0.14290555 -0.28103817
v 0.35552773 -0.12460455 -0.27265102
v 0.35554987 -0.12381680 -0.29754868
v 0.35634816 -0.12271027 -0.22374809
v 0.35393810 -0.12842093 -0.19992787
v 0.35911438 -0.11338495 -0.29853237
v 0.36057058 -0.10996864 -0.23375519
v 0.36022490 -0.11029036 -0.20005304
v 0.34891856 -0.13958280 -0.30238017
v 0.33949843 -0.16238013 -0.29812443
v 0.33267581 -0.17766172 -0.28890860
v 0.33006516 -0.18233515 -0.30375084
v 0.36423236 -0.09715870 -0.23521763
v 0.36368322 -0.09717139 -0.30247939
v 0.34306279 -0.15491194 -0.30389526
v 0.33762839 -0.16727148 -0.30381775
v 0.35538098 -0.12571073 -0.30362430
v 0.36832461 -0.08069915 -0.19985069
v 0.36909091 -0.07724839 -0.25322318
v 0.36881614 -0.07722358 -0.30195510
v 0.37133908 -0.06694234 -0.25316921
v 0.37087956 -0.06746449 -0.28931922
v 0.37199819 -0.06298073 -0.20070586
v 0.37181741 -0.06406319 -0.30108464
v 0.37388545 -0.04949453 -0.28581777
v 0.37422261 -0.04886765 -0.23814256
v 0.37487957 -0.03909192 -0.30138466
v 0.37587228 -0.03254682 -0.23675957
v 0.37563869 -0.03223012 -0.27385172
v 0.37622610 -0.01037802 -0.29826489
v 0.37672025 -0.00352155 -0.27578393
v 0.37692830 -0.00692488 -0.23389974
v 0.37632710 0.01264029 -0.20068708
v 0.37655351 0.01979706 -0.23564899
v 0.37646091 0.01478589 -0.27146626
v 0.37575376 0.02723936 -0.20060967
v 0.37582180 0.03040449 -0.27019772
v 0.37531400 0.03324378 -0.29863879
v 0.37551388 0.03822380 -0.30405974
v 0.37511253 0.04068377 -0.23101613
v 0.37448817 0.04345712 -0.20001596
v 0.37468341 0.04193407 -0.29871643
v 0.37358955 0.05289709 -0.23328294
v 0.37363726 0.05157921 -0.28785113
v 0.37198171 0.06266630 -0.20010401
v 0.37193632 0.06462365 -0.30174547
v 0.37156749 0.06487503 -0.29117468
v 0.37136424 0.06758133 -0.25188985
v 0.36840197 0.08104111 -0.30172268
v 0.36840010 0.08169881 -0.24682197
v 0.36905608 0.07777863 -0.20019826
v 0.37674621 0.01296469 -0.30414006
v 0.36445361 0.09830257 -0.21522635
v 0.36422524 0.09826003 -0.28439912
v 0.43811843 -0.11322274 -0.25709721
v 0.44184041 -0.09554535 -0.24110667
v 0.44455752 -0.08700071 -0.25979355
v 0.43874940 -0.11393417 -0.28084248
v 0.44290474 -0.09696549 -0.27972254
v 0.44189671 -0.09560599 -0.22651942
v 0.44645119 -0.07854111 -0.22921191
v 0.44469887 -0.08300237 -0.21593627
v 0.44175598 -0.09665664 -0.21160412
v 0.43903697 -0.11060645 -0.23164178
v 0.44881546 -0.06914239 -0.21505086
v 0.45012853 -0.06297335 -0.21268314
v 0.43650565 -0.11953891 -0.24246152
v 0.43452969 -0.12613419 -0.26647940
v 0.43144804 -0.13772623 -0.24995622
v 0.43183115 -0.13929139 -0.28505561
v 0.43477690 -0.12877093 -0.28494295
v 0.43308875 -0.13456446 -0.22316118
v 0.43831787 -0.11853875 -0.21266574
v 0.44335446 -0.10139943 -0.29556867
v 0.44569138 -0.07843852 -0.21165217
v 0.42860827 -0.14562258 -0.24733233
v 0.43480793 -0.13146265 -0.21310090
v 0.42663658 -0.15237103 -0.26952282
v 0.42591971 -0.15575674 -0.28026253
v 0.44125473 -0.11415890 -0.30304065
v 0.44795790 -0.08448101 -0.30039826
v 0.43623385 -0.13006818 -0.29966739
v 0.42601535 -0.16064158 -0.29792947
v 0.44229665 -0.08835121 -0.21012747
v 0.42735243 -0.14967284 -0.21526062
v 0.43043134 -0.14140825 -0.21538532
v 0.44349959 -0.11226434 -0.31376305
v 0.42922661 -0.15795024 -0.31331229
v 0.44002262 -0.12623075 -0.31573457
v 0.41894436 -0.16894001 -0.24286053
v 0.42472658 -0.15535179 -0.23169813
v 0.42403334 -0.16032252 -0.21261035
v 0.41980574 -0.16786087 -0.22749583
v 0.41998476 -0.16914669 -0.27631781
v 0.41894111 -0.16946632 -0.25658208
v 0.42022741 -0.17261066 -0.29391119
v 0.43923792 -0.11018525 -0.20962006
v 0.41982320 -0.16911200 -0.21455061
v 0.41026506 -0.18563101 -0.24340600
v 0.41541228 -0.17939140 -0.28226873
v 0.41129467 -0.19165403 -0.29496944
v 0.42978862 -0.14161217 -0.21235552
v 0.41490445 -0.17703061 -0.21536075
v 0.40925619 -0.18884532 -0.22299704
v 0.41220447 -0.18367407 -0.21515912
v 0.40849838 -0.19304316 -0.21259573
v 0.41136986 -0.18379749 -0.21204636
v 0.41504523 -0.17483172 -0.21197718
v 0.44682008 -0.10219564 -0.31572959
v 0.44802022 -0.06622152 -0.21181519
v 0.44080365 -0.09264562 -0.20948395
v 0.43694815 -0.12020989 -0.21178381
v 0.40652245 -0.19059324 -0.21083161
v 0.40535414 -0.19715649 -0.21255663
v -0.17642412 0.33146122 -0.30398700
v -0.41409495 0.18748707 -0.20834601
v 0.20518090 0.41017655 -0.20988524
v -0.00031292 0.37661105 -0.23162673
v 0.00063841 0.37636751 -0.27056432
v 0.02022693 0.37607518 -0.23789969
v -0.01349600 0.37616569 -0.26545274
v 0.01725415 0.37557819 -0.30203891
v 0.01900937 0.37609768 -0.20111772
v 0.03210522 0.37524307 -0.20337573
v -0.00089559 0.37606493 -0.30391043
v -0.01698358 0.37625539 -0.23550379
v 0.03730593 0.37490422 -0.23784693
v 0.05055926 0.37322670 -0.21045229
v 0.06226730 0.37132850 -0.20372894
v 0.06262673 0.37117460 -0.23203109
v 0.07548201 0.36853582 -0.20071875
v 0.05917430 0.37244612 -0.20028092
v 0.07346334 0.36868307 -0.25877619
v 0.09178559 0.36456487 -0.20078020
v 0.09506864 0.36329249 -0.24684846
v 0.06225321 0.37088934 -0.29492366
v 0.07284115 0.36850435 -0.30334491
v 0.04913828 0.37345153 -0.23607811
v 0.09542104 0.36306840 -0.28695902
v 0.11464842 0.35722038 -0.27153429
v 0.11309458 0.35802361 -0.20067480
v 0.13164675 0.35128993 -0.21472488
v 0.13769870 0.34865931 -0.26591083
v 0.11962350 0.35516837 -0.29757115
v 0.15320647 0.34322825 -0.20086300
v 0.03790995 0.37418532 -0.30193311
v 0.15776509 0.34121701 -0.21276008
v 0.15591572 0.34135291 -0.26628867
v 0.15430473 0.34152016 -0.28993189
v 0.16934131 0.33507648 -0.30334923
v 0.17583233 0.33284461 -0.24125518
v 0.16912465 0.33570579 -0.26707801
v 0.17714122 0.33236471 -0.20062889
v 0.18580784 0.32778835 -0.23513442
v 0.18492229 0.32769558 -0.29676214
v 0.19653276 0.32116339 -0.28728601
v 0.19218083 0.32384333 -0.30204558
v 0.20255749 0.31710792 -0.30211747
v 0.20836060 0.31405595 -0.24607711
v 0.21515927 0.30849352 -0.30112892
v 0.21798821 0.30687231 -0.23315796
v 0.22583887 0.30032495 -0.30148363
v 0.21105577 0.31206337 -0.20114395
v 0.20227693 0.31807837 -0.21022686
v 0.21989779 0.30555463 -0.20020396
v 0.23680115 0.29116052 -0.20583825
v 0.20120904 0.31907651 -0.20005152
v 0.22682491 0.29980737 -0.24696341
v 0.23651466 0.29132369 -0.30183685
v 0.18231322 0.32961968 -0.30333117
v 0.15941454 0.33949468 -0.30168271
v 0.19471033 0.32268250 -0.23839770
v 0.14310630 0.34558001 -0.30213958
v 0.23865885 0.29011631 -0.20019124
v 0.24723740 0.28204462 -0.20088737
v 0.25395876 0.27550635 -0.20052624
v 0.25526908 0.27377188 -0.21589719
v 0.26549008 0.26400825 -0.20472874
v 0.26847702 0.26063621 -0.23167460
v 0.28393224 0.24467561 -0.24008423
v 0.28052065 0.24874274 -0.20078476
v 0.27027109 0.25962597 -0.20021634
v 0.27593476 0.25659952 -0.19794345
v 0.28630093 0.24710160 -0.19721666
v 0.26864278 0.26015097 -0.28434998
v 0.28215098 0.24629980 -0.30137095
v 0.26795962 0.26120085 -0.30253816
v 0.29682258 0.23053750 -0.27761737
v 0.29738680 0.22987992 -0.30217052
v 0.30418089 0.22172146 -0.28268480
v 0.30589655 0.21970280 -0.30379984
v 0.29243606 0.23602544 -0.30352169
v 0.31518039 0.20688340 -0.30303097
v 0.31516784 0.20752501 -0.27547887
v 0.31321219 0.21085899 -0.23792899
v 0.32133028 0.19786090 -0.28802601
v 0.28937221 0.23908928 -0.20060574
v 0.25354561 0.27509165 -0.28117520
v 0.26145178 0.26878071 -0.20000152
v 0.32315111 0.19505161 -0.30189562
v 0.31963921 0.20147118 -0.30383074
v 0.24913141 0.28314883 -0.19803730
v 0.32704717 0.18949769 -0.30368862
v 0.33094925 0.18111487 -0.29798672
v 0.33438089 0.17443813 -0.30356723
v 0.33620393 0.17089957 -0.28795928
v 0.34237036 0.15695190 -0.29617590
v 0.34742191 0.14475589 -0.30350095
v 0.33160171 0.18076050 -0.27306023
v 0.33904701 0.16607039 -0.24828142
v 0.33370295 0.17714706 -0.23307878
v 0.33749327 0.16902298 -0.20049812
v 0.32675520 0.18957308 -0.20078093
v 0.33278224 0.17858912 -0.20007628
v 0.32806575 0.18771607 -0.23863359
v 0.34512755 0.15240990 -0.23985963
v 0.35714033 0.12180454 -0.22024545
v 0.35649034 0.12350277 -0.26024815
v 0.35775638 0.11941031 -0.20106697
v 0.36170939 0.10802177 -0.21545641
v 0.34535161 0.15133089 -0.27479488
v 0.24406487 0.28489617 -0.30324462
v 0.32684001 0.19190969 -0.19852604
v 0.08455431 0.36558881 -0.30376038
v 0.17777815 0.33128583 -0.30190057
v -0.02101502 0.37601870 -0.20089774
v -0.01336342 0.37579989 -0.30134723
v -0.03412171 0.37499070 -0.30376598
v -0.03304217 0.37477058 -0.29400533
v -0.04172537 0.37389717 -0.29685146
v -0.04931336 0.37348756 -0.23753619
v -0.06025276 0.37148589 -0.29218405
v -0.06223306 0.37112767 -0.25984699
v -0.07629185 0.36774564 -0.29011270
v -0.06411902 0.37076154 -0.21745604
v -0.05820601 0.37199160 -0.20367315
v -0.07648876 0.36809924 -0.20336670
v -0.04584360 0.37385204 -0.20829763
v -0.03446965 0.37509146 -0.20354551
v -0.06422121 0.37095168 -0.30358809
v -0.07646772 0.36765385 -0.24873453
v -0.05947791 0.37240046 -0.19999102
v -0.05506245 0.37246412 -0.30364466
v -0.09957993 0.36174008 -0.28296399
v -0.09415289 0.36326760 -0.25195998
v 0.36079597 0.10948648 -0.30190489
v 0.32694659 0.18877541 -0.28627765
v -0.03320032 0.37532142 -0.23905222
v 0.23830837 0.28952608 -0.28045291
v 0.10094770 0.36099178 -0.30196723
v 0.31998852 0.20053256 -0.20045520
v 0.11634840 0.35689792 -0.30334628
v -0.10460772 0.36054227 -0.24221881
v -0.11371766 0.35776979 -0.23241889
v -0.11276648 0.35743025 -0.29339969
v -0.12298971 0.35376441 -0.30207396
v -0.10570704 0.35992202 -0.30379549
v -0.14249517 0.34670052 -0.26872391
v -0.15014021 0.34290290 -0.30213004
v -0.12492378 0.35383141 -0.22065961
v -0.09987392 0.36130667 -0.30257937
v 0.35598329 0.12386951 -0.29424271
v 0.05724305 0.37186202 -0.28578380
v 0.35168076 0.13554475 -0.30392399
v 0.35864210 0.11934521 -0.30416104
v 0.03830985 0.37442344 -0.28881633
v -0.08677766 0.36504078 -0.30392426
v 0.12575519 0.35340482 -0.30371785
v 0.29796520 0.22967970 -0.23847811
v 0.30639765 0.21945234 -0.20042127
v 0.29406786 0.23425160 -0.20113485
v 0.26404718 0.26987341 -0.19731359
v -0.14986779 0.34417403 -0.22202928
v 0.13103166 0.35065287 -0.30229554
v -0.13542634 0.35000372 -0.20037334
v -0.14370653 0.34683859 -0.20050229
v -0.15874499 0.34108999 -0.19977848
v -0.11507775 0.35769919 -0.20034321
v 0.31207225 0.21199581 -0.20016983
v 0.32203397 0.19760975 -0.23989372
v 0.35627171 0.12367684 -0.30182868
v 0.36205506 0.10620000 -0.30384648
v 0.13580941 0.36238113 -0.25951016
v 0.15099198 0.35673940 -0.25398070
v 0.14721717 0.35878474 -0.29179242
v 0.11979128 0.36777097 -0.28573874
v 0.12368245 0.36688456 -0.25495836
v 0.11745787 0.36876947 -0.23292801
v 0.12353023 0.36670956 -0.22897619
v 0.10168494 0.37336695 -0.26838103
v 0.10143773 0.37345004 -0.24932349
v 0.10187280 0.37356201 -0.29211122
v 0.07631910 0.37939468 -0.28211191
v 0.07584155 0.38020343 -0.30259702
v 0.14474531 0.35830864 -0.22778337
v 0.08608486 0.37756208 -0.24764861
v 0.16237870 0.35171220 -0.28449950
v 0.16281451 0.35152149 -0.25670916
v 0.17215444 0.34683743 -0.28167844
v 0.16249011 0.35096419 -0.23311400
v 0.17173435 0.34716070 -0.25665623
v 0.13474156 0.36182219 -0.22938526
v 0.09318194 0.37631041 -0.30294979
v 0.13029559 0.36500877 -0.30254236
v 0.14035329 0.36188772 -0.30450234
v 0.18671101 0.34050635 -0.27167106
v 0.16557023 0.35052136 -0.30279341
v 0.18946390 0.33970761 -0.30203807
v 0.11640348 0.36933109 -0.21474476
v 0.15361480 0.35500938 -0.23152687
v 0.18517444 0.34151828 -0.25371924
v 0.19561559 0.33656746 -0.25448358
v 0.18270041 0.34300107 -0.30226573
v 0.18859962 0.33913681 -0.30443555
v 0.09117885 0.37686363 -0.30469486
v 0.18535569 0.34116808 -0.23641998
v 0.19481155 0.33655339 -0.23172286
v 0.21837224 0.32331488 -0.25150630
v 0.20864122 0.32874307 -0.27129242
v 0.21881634 0.32249328 -0.27010292
v 0.21779640 0.32330796 -0.23343305
v 0.22859800 0.31492493 -0.23155054
v 0.22751190 0.31648928 -0.21457139
v 0.22204608 0.32130691 -0.21243197
v 0.23512365 0.30918899 -0.23250501
v 0.23663168 0.30867046 -0.21399468
v 0.24239016 0.30170384 -0.22810723
v 0.23087357 0.31457138 -0.21135630
v 0.24350557 0.30116922 -0.21581553
v 0.25045875 0.29476228 -0.21949944
v 0.25833261 0.28688675 -0.21177958
v 0.25628799 0.28883475 -0.22897637
v 0.26537639 0.28053573 -0.22892806
v 0.27229699 0.27374986 -0.21155779
v 0.24905129 0.29606584 -0.21117188
v 0.21674144 0.32459819 -0.21204934
v 0.21769086 0.32562771 -0.20930696
v 0.25781319 0.28863809 -0.20895921
v 0.27198225 0.27366507 -0.22913162
v 0.27864930 0.26746586 -0.21914878
v 0.27926347 0.26677540 -0.22890761
v 0.27584228 0.26993540 -0.20911379
v 0.28657040 0.25888819 -0.22700256
v 0.29376328 0.25122494 -0.21119864
v 0.28752819 0.25780109 -0.21095873
v 0.30045491 0.24548970 -0.21105972
v 0.29528373 0.25109524 -0.20896102
v 0.21042247 0.32799593 -0.21279526
v 0.28088489 0.26523450 -0.20912388
v 0.24358250 0.30265662 -0.21101256
v 0.23236199 0.31261787 -0.25477049
v 0.27523163 0.27169210 -0.25560465
v 0.15033975 0.35806984 -0.30292222
v 0.16947649 0.34751290 -0.23555954
v 0.22687836 0.31830859 -0.21116769
v 0.19039963 0.33996916 -0.21563232
v 0.23489664 0.31106746 -0.21136750
v 0.17930125 0.34428504 -0.21494851
v 0.18287426 0.34392241 -0.21096511
v 0.19101006 0.34023607 -0.21203795
v 0.19761820 0.33681574 -0.21261600
v 0.25070477 0.29472080 -0.23433638
v 0.19474688 0.33676022 -0.28583771
v 0.22124396 0.32152799 -0.30449966
v 0.27126831 0.27521336 -0.20899200
v 0.07259993 0.38124442 -0.30419254
v 0.06492266 0.38277686 -0.28304175
v 0.05879513 0.38415512 -0.27798489
v 0.05845749 0.38459682 -0.30225781
v 0.06010821 0.38420296 -0.24353831
v 0.04579791 0.38651180 -0.28045121
v 0.06001710 0.38266179 -0.30411923
v 0.20001982 0.34003428 -0.20954460
v 0.30646077 0.24059168 -0.21072631
v 0.28977349 0.25604451 -0.20883258
v 0.05715073 0.38439775 -0.30422714
v 0.26460510 0.28078073 -0.21128437
v 0.17160909 0.34708849 -0.21271405
v 0.10012795 0.37380874 -0.21155500
v 0.10396818 0.37313920 -0.20904921
v 0.11618723 0.36981460 -0.21142884
v 0.12643172 0.36785761 -0.21109517
v 0.12829664 0.36571941 -0.21203202
v 0.09158459 0.37690055 -0.20940734
v 0.28782836 0.25877899 -0.25043046
v 0.17422485 0.34654409 -0.30237833
v 0.19562587 0.33593956 -0.30426073
v 0.04685634 0.38627037 -0.23814325
v 0.03521993 0.38739485 -0.26592967
v 0.04329624 0.38656014 -0.21530148
v 0.02921760 0.38726595 -0.21538574
v 0.01140160 0.38792026 -0.23945010
v 0.00722119 0.38757017 -0.21409157
v -0.00495778 0.38757855 -0.23320371
v -0.02722377 0.38717669 -0.24166802
v -0.04451772 0.38617855 -0.22796787
v -0.03472642 0.38730115 -0.26522687
v -0.04561256 0.38657218 -0.27378276
v -0.06380267 0.38332537 -0.25714779
v -0.05616909 0.38422525 -0.23187990
v -0.05534554 0.38465357 -0.21099354
v -0.05605562 0.38479617 -0.29306981
v -0.06560238 0.38273382 -0.28845483
v -0.05867965 0.38452682 -0.20926808
v -0.00894115 0.38796827 -0.26606187
v -0.04036954 0.38719308 -0.30279499
v 0.05985180 0.38481331 -0.22205144
v 0.03795753 0.38769004 -0.21083064
v 0.15793802 0.35433927 -0.30284300
v 0.12541722 0.36662096 -0.21471459
v 0.04150253 0.38736799 -0.30279592
v 0.06760099 0.38295656 -0.23311348
v 0.08271535 0.37853017 -0.22925059
v -0.02468256 0.38794091 -0.29454470
v -0.00602678 0.38847315 -0.30244651
v 0.10366796 0.37348422 -0.30432853
v -0.05773476 0.38448295 -0.30423245
v -0.03132042 0.38800529 -0.30291972
v 0.27879909 0.26790497 -0.28179571
v 0.09198039 0.37591189 -0.21489489
v 0.12871201 0.36583033 -0.30443642
v 0.27155602 0.27535191 -0.27043548
v 0.26377645 0.28266865 -0.28259626
v 0.27801946 0.26754737 -0.29949525
v 0.26376367 0.28153771 -0.30193296
v 0.27044427 0.27429909 -0.30251154
v 0.29057330 0.25515237 -0.29943720
v 0.29993716 0.24427572 -0.30250141
v 0.30113339 0.24149613 -0.30390877
v 0.26044819 0.28518689 -0.29956684
v 0.25570831 0.28913093 -0.30249721
v 0.24822663 0.29642290 -0.30242527
v 0.23596846 0.30866691 -0.30197001
v 0.24059176 0.30381152 -0.30271095
v 0.22867717 0.31549740 -0.30215150
v 0.22780828 0.31486818 -0.30446747
v 0.25005916 0.29582518 -0.28447941
v 0.25697246 0.28982937 -0.26704168
v 0.02901202 0.38854277 -0.20930529
v 0.05041219 0.38773859 -0.20907496
v 0.06084642 0.38562754 -0.21147938
v 0.06564695 0.38764030 -0.20953313
v 0.29245844 0.25437182 -0.28253555
v 0.14543429 0.35834756 -0.21434008
v 0.15503307 0.35531050 -0.21193038
v 0.14493369 0.35941583 -0.21103710
v 0.15755302 0.35649139 -0.20896052
v 0.16281843 0.35264218 -0.21082664
v 0.16158208 0.35208905 -0.21465689
v 0.23852931 0.30937880 -0.21028309
v 0.21626373 0.32474834 -0.30289868
v 0.21457736 0.32469144 -0.30475539
v 0.20994242 0.32810986 -0.30280000
v 0.20731981 0.32840723 -0.30465007
v 0.20260029 0.33207193 -0.30266026
v 0.24330233 0.29952815 -0.30397275
v 0.20275556 0.33295754 -0.21561749
v 0.07032341 0.38305944 -0.21457429
v 0.22864865 0.31525648 -0.27858347
v 0.17240605 0.34661421 -0.30441365
v 0.08016226 0.38017786 -0.21458331
v 0.05991483 0.38495162 -0.21333325
v 0.21037367 0.32947189 -0.20906276
v 0.17013685 0.34907132 -0.21084666
v 0.01967173 0.38792127 -0.26886767
v 0.28536481 0.26086831 -0.20884746
v 0.13556579 0.36208460 -0.21278189
v 0.07270283 0.38334841 -0.21119267
v 0.01891555 0.38812530 -0.29117379
v 0.00429538 0.38809797 -0.20957486
v -0.02636144 0.38721260 -0.21311763
v -0.04126334 0.38665012 -0.21154660
v 0.23809123 0.30730486 -0.26868317
v 0.24383207 0.30195415 -0.25585645
v 0.26083791 0.28594348 -0.25609040
v 0.16618589 0.35206452 -0.20938474
v 0.16439232 0.35056344 -0.21300361
v -0.02962584 -0.03679843 -0.08104394
v -0.06576179 0.00500403 -0.08113240
v -0.03090763 0.03840797 -0.08110119
v -0.01705517 -0.02626262 -0.08136602
v -0.05306013 -0.07567958 -0.08109459
v 0.00752275 -0.06079090 -0.08109806
v 0.00643819 -0.09691413 -0.08113904
v 0.08419041 -0.05543517 -0.08123617
v 0.02968246 -0.11809100 -0.08107203
v 0.03584096 -0.00171145 -0.08118078
v 0.06550766 -0.00911510 -0.08125441
v 0.04060541 -0.02518383 -0.08107372
v 0.03078704 0.03800475 -0.08108702
v 0.07105701 0.06650600 -0.08129239
v 0.08162425 0.11259249 -0.08112904
v 0.11288594 0.06651074 -0.08117127
v 0.12586324 0.09490146 -0.08078654
v 0.11049605 0.11099485 -0.08077247
v 0.09224115 0.12981945 -0.08054639
v 0.06915845 0.13978560 -0.08077826
v 0.08905171 0.01671265 -0.08132257
v 0.11937740 0.00697853 -0.08124245
v 0.14042772 0.06727552 -0.08093746
v 0.15836053 0.01123335 -0.08091399
v 0.14816171 -0.03126340 -0.08103154
v -0.09407589 -0.05020492 -0.08111459
v -0.09181657 -0.09596814 -0.08092418
v -0.13931480 -0.06693441 -0.08073292
v -0.11932470 -0.09999380 -0.08051633
v -0.08409239 -0.13058646 -0.08053351
v -0.05225216 -0.12475350 -0.08101885
v -0.05731971 -0.14157340 -0.08065478
v -0.00202961 -0.14763893 -0.08086777
v -0.13787802 -0.02457584 -0.08109085
v -0.10157117 0.00996127 -0.08116144
v -0.14695285 0.02041908 -0.08101689
v -0.06157577 0.07120332 -0.08123717
v -0.01607368 0.05462154 -0.08119813
v 0.00943590 0.08922818 -0.08129358
v 0.01116385 0.13439871 -0.08117573
v -0.04422134 0.10693707 -0.08122399
v -0.07442103 0.12526727 -0.08099571
v -0.12775958 0.07602771 -0.08100917
v -0.10333020 0.11177958 -0.08080950
v -0.13147625 0.08825815 -0.08068661
v -0.14534068 0.06147106 -0.08080002
v -0.09150508 0.12743789 -0.08062872
v -0.07814856 0.13619040 -0.08057706
v -0.05572776 0.14465319 -0.08070564
v -0.02855448 0.15448302 -0.08061145
v 0.00631507 0.15764998 -0.08063363
v 0.04344184 0.14967772 -0.08055037
v 0.08725222 -0.12388462 -0.08086476
v 0.10445537 -0.11111487 -0.08090787
v 0.10014769 -0.07356660 -0.08109384
v 0.13539883 -0.07604577 -0.08075280
v -0.01250411 -0.02913195 -0.08132108
v 0.15407315 0.03898656 -0.08081856
v -0.16009568 -0.02839326 -0.08048437
v -0.16290389 -0.00021845 -0.08048777
v -0.15496024 0.04970628 -0.08033398
v 0.01952810 -0.02510282 -0.08133525
v 0.03961311 -0.15215415 -0.08039932
v 0.15739787 -0.03148878 -0.08072231
v 0.00291183 0.03329836 -0.08130477
v -0.00765626 0.03137887 -0.08135074
v -0.02707689 0.01627320 -0.08134264
v 0.01529978 0.02726875 -0.08137524
v 0.02724711 0.01525750 -0.08138476
v -0.03054434 0.00868582 -0.08127923
v -0.02531074 -0.15573236 -0.08029819
v 0.01352158 -0.15713128 -0.08028196
v 0.06305392 -0.14467077 -0.08025139
v -0.14278568 -0.07720666 -0.08014017
v -0.15415661 -0.05163689 -0.08022330
v 0.14356290 0.07461728 -0.08048264
v 0.15290476 0.05518519 -0.08033631
v 0.09398571 -0.12812863 -0.08030733
v 0.11582872 -0.10959782 -0.08029328
v 0.13058472 -0.09300573 -0.08018425
v 0.14562312 -0.07064267 -0.08021729
v -0.04567189 -0.15098432 -0.08019818
v 0.02311647 0.15687476 -0.08036344
v -0.11191645 0.11463331 -0.08011038
v -0.16083221 0.02860272 -0.08017576
v 0.16382335 -0.00550680 -0.08025666
v 0.16117495 0.02625135 -0.08035813
v -0.12287646 -0.10366016 -0.07994165
v -0.09443091 -0.12838569 -0.07995873
v -0.07011860 -0.14228596 -0.07996629
v 0.05973876 0.14737976 -0.08022767
v 0.03949557 0.15421537 -0.08008195
v -0.13170509 0.09389117 -0.08016174
v -0.14598328 0.07269040 -0.08010563
v -0.07232442 0.14224321 -0.08015808
v -0.05318451 0.15042433 -0.08009125
v -0.02732627 0.15720032 -0.08022966
v 0.12730339 0.09839905 -0.08026675
v 0.07785507 0.13906485 -0.08027171
v 0.15537275 -0.04904937 -0.08002220
v 0.16072060 -0.02959920 -0.08021394
v 0.10852037 0.11721669 -0.08018214
v -0.09208281 0.13107085 -0.08003218
v -0.01628587 -0.15938711 -0.07909553
v 0.03158305 -0.15789483 -0.07848281
v -0.16613355 0.00103423 -0.07896334
v -0.08517912 -0.13741668 -0.07845862
v -0.06392020 -0.14807971 -0.07838792
v 0.04767888 -0.15414014 -0.07823128
v 0.00602873 -0.16127908 -0.07822182
v -0.16497020 -0.01969016 -0.07843950
v -0.11282828 -0.11804801 -0.07781719
v 0.10093644 -0.12669329 -0.07850278
v 0.06888187 -0.14551689 -0.07840841
v -0.16127124 -0.03773649 -0.07847618
v -0.15583941 0.05706693 -0.07828765
v -0.15419856 -0.06151836 -0.07788134
v -0.00198166 -0.16203766 -0.07769894
v -0.00991764 0.16127612 -0.07817022
v -0.16145128 0.04095775 -0.07781606
v 0.00132221 0.16213921 -0.07764045
v 0.14881682 0.07128394 -0.07820582
v 0.16580194 -0.01805329 -0.07774366
v -0.06087277 0.15085469 -0.07756728
v 0.08574046 0.13853511 -0.07750272
v 0.15786137 0.05132701 -0.07746970
v 0.16185413 0.03830665 -0.07756303
v 0.12343550 0.10787333 -0.07721251
v 0.15786281 -0.05091941 -0.07762347
v -0.09141549 0.13486400 -0.07766350
v 0.15397681 0.06137580 -0.07749325
v 0.03224638 -0.16025223 -0.01800330
v 0.01704019 -0.16255297 -0.01995877
v 0.01755019 -0.16256361 -0.05288187
v 0.03313188 -0.16013400 -0.04850798
v 0.02008387 -0.16199686 -0.07220898
v 0.03297504 -0.15981153 -0.07154222
v 0.03066228 -0.16021019 -0.00416587
v 0.01473749 -0.16232210 -0.00368788
v 0.00083224 -0.16352785 -0.00530623
v 0.00062692 -0.16350253 -0.07229021
v 0.04578300 -0.15661478 -0.00418620
v 0.04724858 -0.15639827 -0.01850574
v 0.04679322 -0.15651459 -0.05101137
v 0.04632815 -0.15639189 -0.07268449
v 0.06050053 -0.15176198 -0.00969339
v 0.05842307 -0.15228567 -0.07213517
v 0.06180403 -0.15123305 -0.05592721
v 0.03714384 -0.15779340 -0.07678504
v 0.07526782 -0.14526375 -0.06404396
v 0.07545960 -0.14518969 -0.01602905
v 0.07187604 -0.14644331 -0.00407535
v 0.07388021 -0.14481790 -0.07555541
v 0.08949845 -0.13726495 -0.00442718
v 0.08885919 -0.13757055 -0.07147756
v 0.09064688 -0.13694651 -0.04870496
v 0.09060369 -0.13705692 -0.01759039
v 0.10391332 -0.12811098 -0.01056421
v 0.10038157 -0.13005738 -0.07124048
v 0.10453344 -0.12747781 -0.06363468
v 0.05941191 -0.15025102 -0.07783518
v 0.10531278 -0.12629262 -0.00325495
v 0.08283908 -0.13905989 -0.07805453
v 0.09233802 -0.13351811 -0.07796839
v 0.01520034 -0.16166535 -0.07605697
v 0.11924922 -0.11498135 -0.00453969
v 0.11826839 -0.11611646 -0.01393790
v 0.11808962 -0.11587999 -0.06457694
v 0.11895598 -0.11433511 -0.07230807
v 0.10698365 -0.12395338 -0.07575957
v 0.12855117 -0.10494990 -0.02566485
v 0.13075978 -0.10210682 -0.06616848
v 0.11858504 -0.11450122 -0.00226140
v 0.13374659 -0.09832393 -0.05786771
v 0.11206740 -0.11829555 -0.07784088
v 0.11879461 -0.11213226 -0.07775708
v 0.12476268 -0.10567153 -0.07788668
v -0.01226683 -0.16282649 -0.07207089
v -0.01596284 -0.16278957 -0.04317400
v -0.01648368 -0.16254531 -0.00804604
v -0.01176994 -0.16234785 -0.00299899
v -0.02336062 -0.16164671 -0.00404722
v -0.01513489 -0.16182761 -0.07612453
v -0.02876939 -0.16093762 -0.07229898
v -0.03024987 -0.16073333 -0.04732715
v -0.02973430 -0.16067298 -0.00494691
v -0.04512278 -0.15699805 -0.07221941
v -0.04768107 -0.15595981 -0.00445598
v -0.03822472 -0.15797135 -0.07656255
v -0.02177886 -0.16053027 -0.00181794
v 0.13462809 -0.09282704 -0.07841749
v -0.03346602 -0.15794078 -0.00143562
v -0.03577654 -0.15746351 -0.07825010
v -0.05043998 -0.15383494 -0.07792471
v -0.01629775 0.16294435 -0.03240425
v -0.00012243 0.16389737 -0.03048513
v -0.00131992 0.16366573 -0.07120909
v -0.00049134 0.16391675 -0.00484973
v -0.01394476 0.16312616 -0.06523006
v -0.01901564 0.16259661 -0.00491791
v -0.01142502 0.16275795 -0.07508579
v -0.03135547 0.16085230 -0.07208415
v -0.03106925 0.16071217 -0.03324618
v -0.03106033 0.16088194 -0.00498567
v 0.01020962 0.16325167 -0.06539283
v 0.01629824 0.16299675 -0.00428615
v 0.01410102 0.16317534 -0.03725182
v 0.01046031 0.16245151 -0.07544383
v 0.02210580 0.16181038 -0.07211471
v 0.02865266 0.16122697 -0.03081941
v 0.02894181 0.16133109 -0.00440562
v 0.03365054 0.15994112 -0.07218787
v 0.04182003 0.15851967 -0.00441019
v 0.04320879 0.15791519 -0.03284638
v 0.04554893 0.15717021 -0.07264617
v 0.03408518 0.15898274 -0.07651141
v 0.05328914 0.15481871 -0.06701815
v 0.05266373 0.15521547 -0.00716486
v -0.00808886 0.16266115 -0.00176673
v 0.00806063 0.16257791 -0.00139243
v 0.06126819 0.15201135 -0.00424574
v 0.06235108 0.15110388 -0.07376184
v 0.06799107 0.14926274 -0.06506037
v 0.07352637 0.14679101 -0.02123728
v 0.07781796 0.14444536 -0.07182632
v 0.07444203 0.14612420 -0.00684760
v 0.05584069 0.15322191 -0.00202966
v 0.06038857 0.15072432 -0.07752782
v 0.05041261 0.15417776 -0.07759017
v 0.07339207 0.14611870 -0.00270291
v 0.08409478 0.14115575 -0.02871292
v 0.08730694 0.13916115 -0.07188667
v 0.08755355 0.13876507 -0.00653114
v 0.06926404 0.14684218 -0.07754123
v 0.07730319 0.14312564 -0.07751355
v 0.09159533 0.13650404 -0.02962045
v 0.09922429 0.13115716 -0.07158269
v 0.09425128 0.13385378 -0.00301977
v 0.10205581 0.12886415 -0.00749195
v 0.09982219 0.13080257 -0.02968981
v 0.09499972 0.13258606 -0.07719951
v 0.10764763 0.12464634 -0.02793136
v 0.10814001 0.12417278 -0.06875701
v 0.10599216 0.12494946 -0.00282692
v 0.11315440 0.11936438 -0.00418172
v 0.10805655 0.12346980 -0.07528067
v 0.11502245 0.11822809 -0.03666089
v 0.11957307 0.11355422 -0.07209630
v 0.12052038 0.11247686 -0.00543605
v 0.12247081 0.11053210 -0.03599951
v 0.12836161 0.10419150 -0.06812294
v 0.11735965 0.11391277 -0.07726780
v 0.12708522 0.10526785 -0.00434398
v 0.12956512 0.10261585 -0.02614735
v 0.12739280 0.10449288 -0.07548077
v 0.13213278 0.09883489 -0.07552671
v 0.13461934 0.09604594 -0.00471797
v 0.13763733 0.09242477 -0.07162742
v 0.13645728 0.09373330 -0.02863791
v 0.11961648 0.11189888 -0.00219452
v 0.10905461 0.12099704 -0.07762498
v 0.14191926 0.08595365 -0.02327487
v -0.03368533 0.15918005 -0.07737024
v 0.03233601 0.15824375 -0.07814761
v 0.14173226 0.08414493 -0.07758567
v 0.14848404 0.07519258 -0.07234509
v 0.14773533 0.07525583 -0.07616865
v 0.14884822 0.07445516 -0.03438111
v 0.13347049 0.09473029 -0.07829743
v 0.14747019 0.07543456 -0.00226355
v -0.04037135 0.15842755 -0.07534588
v -0.03349367 0.15948462 -0.00191282
v -0.04345223 0.15789630 -0.00475818
v -0.04554662 0.15720026 -0.03310127
v -0.04458999 0.15772818 -0.07180074
v -0.05941641 0.15237544 -0.00508752
v -0.05899107 0.15271001 -0.07171053
v -0.05073039 0.15446007 -0.07773795
v -0.07476790 0.14591111 -0.04222493
v -0.07379223 0.14627989 -0.07149296
v -0.06670985 0.14921157 -0.00454071
v -0.07476529 0.14567383 -0.00531726
v -0.06921849 0.14720862 -0.07749387
v -0.07161866 0.14613198 -0.00228305
v -0.08088427 0.14135012 -0.07748803
v -0.08889082 0.13806880 -0.03768790
v -0.08796273 0.13842382 -0.07163988
v -0.08492053 0.13954711 -0.00285402
v -0.09384730 0.13433014 -0.00313868
v -0.10245702 0.12870935 -0.00818898
v -0.10237681 0.12894014 -0.04828814
v -0.10193511 0.12885968 -0.07187620
v -0.10256291 0.12793313 -0.00305190
v -0.10777796 0.12354336 -0.07550097
v -0.11246857 0.12054089 -0.00475823
v -0.11357258 0.11961765 -0.06303708
v -0.11819914 0.11500024 -0.07179910
v -0.10228643 0.12613544 -0.07829727
v -0.11858324 0.11497021 -0.00546219
v -0.12151954 0.11196755 -0.04407407
v -0.11444047 0.11694022 -0.07731762
v -0.12225240 0.10922418 -0.07743850
v -0.12530594 0.10773624 -0.07209305
v -0.12959437 0.10344993 -0.00738332
v -0.13097249 0.10170223 -0.06520118
v -0.13127035 0.10120650 -0.02766933
v -0.12755112 0.10485068 -0.00271409
v -0.12803023 0.10303263 -0.07751057
v -0.13192041 0.09994195 -0.07518246
v -0.13996378 0.08990177 -0.07191677
v -0.14033015 0.08939800 -0.00672096
v -0.13767815 0.09104301 -0.07776648
v -0.16863631 0.00015675 -0.02656631
v -0.16751856 -0.01472226 -0.07191449
v -0.16787064 -0.01451532 -0.00455966
v -0.16833773 0.00096320 -0.07224274
v -0.16846023 -0.00002621 -0.00358436
v -0.16579573 -0.02940203 -0.00421223
v -0.16549343 -0.02919369 -0.07154751
v -0.16193521 -0.04377854 -0.06715543
v -0.16201775 -0.04435556 -0.01002356
v -0.16124322 -0.04666668 -0.00425836
v -0.16165645 -0.04263795 -0.07483406
v -0.16523629 -0.02589830 -0.07614717
v -0.15675172 -0.05905688 -0.07149866
v -0.15760238 -0.05676063 -0.00393583
v -0.15555575 -0.06166977 -0.00284652
v -0.16748783 -0.00193005 -0.07653958
v -0.15802257 -0.05119865 -0.07792807
v -0.15022165 -0.07290031 -0.03514227
v -0.15108751 -0.07113780 -0.00317222
v -0.15016522 -0.07309473 -0.07272649
v -0.14205897 -0.08727869 -0.07189547
v -0.14131546 -0.08821693 -0.02661675
v -0.15051268 -0.06951372 -0.07797156
v -0.14480865 -0.08112995 -0.07682424
v -0.13157687 -0.10101178 -0.00480218
v -0.13381666 -0.09837916 -0.07191457
v -0.13553330 -0.09537638 -0.07587958
v -0.12932284 -0.10385551 -0.07233790
v -0.11711644 -0.11651199 -0.00744779
v -0.11704406 -0.11651070 -0.03509855
v -0.11637421 -0.11704887 -0.07215471
v -0.12964302 -0.10126131 -0.07793304
v -0.12152695 -0.10984416 -0.07782218
v -0.10210441 -0.12878126 -0.02360482
v -0.10022576 -0.13006814 -0.07202470
v -0.10788216 -0.12364215 -0.07503363
v -0.09971422 -0.13029446 -0.00377005
v -0.09532423 -0.13344951 -0.00786888
v -0.13840215 -0.08899787 -0.07841116
v -0.08734670 -0.13842000 -0.02574840
v -0.08765860 -0.13810042 -0.07209387
v -0.10255754 -0.12645337 -0.07779955
v -0.09551656 -0.13169794 -0.07782779
v -0.08113384 -0.14146654 -0.00398889
v -0.07600859 -0.14459892 -0.00846943
v -0.07486315 -0.14532897 -0.04514855
v -0.07675222 -0.14419204 -0.07273789
v -0.08058493 -0.14095850 -0.07766417
v -0.14570497 -0.07759070 -0.07846548
v -0.06710780 -0.14866689 -0.00464001
v -0.06724087 -0.14882001 -0.07171712
v -0.05900935 -0.15210524 -0.02191928
v -0.07038784 -0.14626761 -0.07703348
v -0.06299123 -0.15021950 -0.07510845
v -0.05499450 -0.15361886 -0.07219662
v -0.04523638 -0.15694825 -0.04098925
v -0.16752408 -0.00085100 -0.00158134
v -0.16774154 0.01469445 -0.02501354
v -0.16752626 0.01523454 -0.00390133
v -0.16743958 0.01636050 -0.07201585
v -0.16561091 0.01924662 -0.07810447
v -0.16538340 0.03097782 -0.00441378
v -0.16534089 0.03069633 -0.07163092
v -0.16534695 0.03047152 -0.03112799
v -0.16615309 0.02212823 -0.00184975
v -0.16519889 0.02709068 -0.07619894
v -0.16179799 0.04485983 -0.07136412
v -0.16149333 0.04569415 -0.03089245
v -0.16190217 0.04438404 -0.00433069
v -0.16250184 0.03933598 -0.00187331
v -0.15865301 0.05383201 -0.00311917
v -0.15649053 0.05978727 -0.07161510
v -0.15620059 0.06031638 -0.00416580
v -0.15555160 0.06014219 -0.07638557
v -0.14997768 0.07359045 -0.07215951
v -0.15063380 0.06993981 -0.07788467
v -0.14974497 0.07371578 -0.04005251
v -0.14967303 0.07414653 -0.00488895
v -0.15569690 0.05916275 -0.00185019
v -0.14473431 0.08239488 -0.07232598
v -0.14573270 0.07896724 -0.07788901
v -0.14302760 0.08456936 -0.07587388
v -0.14271066 0.08503208 -0.00301146
v -0.13569678 0.09512106 -0.00304776
v 0.16821444 -0.00033215 -0.01580883
v 0.16811502 -0.00020245 -0.03733159
v 0.16718391 0.01536634 -0.07210939
v 0.16805367 0.00007773 -0.07243938
v 0.16726701 0.01561200 -0.01016310
v 0.16773747 -0.00119969 -0.00253657
v 0.16519202 0.03039742 -0.02047397
v 0.16503403 0.02996744 -0.07222267
v 0.16493486 0.03018899 -0.00430246
v 0.16598095 0.02029912 -0.00213665
v 0.16528226 0.02568000 -0.07575643
v 0.16145135 0.04472492 -0.07150260
v 0.16170485 0.04476503 -0.02502606
v 0.16148341 0.04481841 -0.00517334
v 0.16724932 -0.01569174 -0.07230154
v 0.16742387 -0.01524055 -0.01833402
v 0.16677226 -0.01714642 -0.00288171
v 0.16695730 0.00031435 -0.07765676
v 0.16511801 -0.03026608 -0.00434381
v 0.16538168 -0.03009842 -0.01776924
v 0.16526315 -0.02998465 -0.06607840
v 0.16524233 -0.02740917 -0.07536234
v 0.16563614 0.01682564 -0.07806528
v 0.16153771 -0.04478901 -0.07118516
v 0.16196109 -0.04386983 -0.01025552
v 0.16193433 -0.04371830 -0.03420239
v 0.16283622 -0.03809073 -0.00223369
v 0.16169742 -0.04052645 -0.07638548
v 0.15900213 -0.05043157 -0.00230699
v 0.15600626 -0.05956315 -0.00264643
v 0.15670080 -0.05877274 -0.01843859
v 0.15676323 -0.05814512 -0.07119121
v 0.15002194 -0.07368709 -0.00878689
v 0.14989375 -0.07323267 -0.03814623
v 0.14960170 -0.07364112 -0.06690878
v 0.14884977 -0.07441179 -0.07355645
v 0.15343851 -0.06226004 -0.07757777
v 0.14166838 -0.08787805 -0.02042520
v 0.14242180 -0.08646677 -0.00444721
v 0.14061394 -0.08854949 -0.07117122
v 0.14699049 -0.07515807 -0.07792921
v 0.16269292 -0.03175363 -0.07858532
v 0.13316864 -0.09961051 -0.00540860
v 0.14086625 -0.08519974 -0.07774866
v 0.13112232 -0.10010602 -0.07535216
v 0.14408571 -0.08098610 -0.00148278
v 0.16183248 0.03867437 -0.00152952
v 0.15623558 0.05951384 -0.02030060
v 0.15575925 0.06026225 -0.07143167
v 0.14926325 0.07364701 -0.00427830
v 0.16522647 -0.02053073 -0.00148086
v 0.01784267 0.02698103 -0.10900147
v 0.01752550 0.02535823 -0.12001938
v 0.01293308 0.02910791 -0.11593363
v 0.02199704 0.02141190 -0.12023702
v 0.02290908 0.02230191 -0.10625846
v 0.02594133 0.01777765 -0.11619787
v 0.02629962 0.01816989 -0.10821247
v 0.01112088 0.03065368 -0.10521825
v 0.00664238 0.03116948 -0.08196088
v 0.02911734 0.01213927 -0.11636890
v 0.03040305 0.01068102 -0.11047222
v 0.02523766 0.01557747 -0.12275872
v 0.00824554 0.02911939 -0.12251764
v 0.00602133 0.03152842 -0.11570914
v 0.00317320 0.03263169 -0.10188077
v -0.00067640 0.03239690 -0.08243998
v -0.00029787 0.03219432 -0.11591213
v -0.00022447 0.03084093 -0.12179647
v 0.01759070 0.02013116 -0.12650235
v -0.00301024 0.03274608 -0.10046865
v -0.00581836 0.03175918 -0.11424352
v 0.00295660 0.02725346 -0.12668435
v -0.00848453 0.02918902 -0.12238369
v -0.01155933 0.03061639 -0.10656273
v 0.02436068 0.01106849 -0.12662907
v 0.01136752 -0.03061586 -0.10189156
v 0.00771248 -0.03084510 -0.08223947
v 0.00783998 -0.03152211 -0.11532766
v 0.00608406 -0.03253204 -0.10650326
v 0.01484180 -0.02764417 -0.11918055
v 0.00197883 -0.03221435 -0.08243044
v 0.00047794 -0.03332718 -0.10431531
v 0.00105476 -0.03282032 -0.11485211
v 0.00887965 -0.02922880 -0.12267634
v -0.00198325 -0.03218725 -0.08128455
v 0.00705964 -0.03213115 -0.08125924
v -0.00161905 -0.03088364 -0.12210761
v -0.00471360 -0.03287506 -0.10791748
v -0.00828022 -0.03145180 -0.11572453
v -0.00688987 -0.03130520 -0.08225096
v -0.01107215 -0.03094622 -0.10025968
v 0.00040539 -0.02845358 -0.12590651
v -0.01328001 -0.02910116 -0.11692648
v -0.00677625 -0.02635319 -0.12683511
v -0.01418232 -0.02315996 -0.12659636
v -0.01399864 0.00555813 -0.13268080
v -0.00360593 0.00194873 -0.13349700
v -0.01252144 -0.00931166 -0.13259548
v 0.00391799 -0.01447274 -0.13290563
v 0.01292208 0.00237613 -0.13307345
v 0.01194393 -0.01063552 -0.13250297
v 0.00624551 0.01548578 -0.13247591
v -0.00351696 0.01614693 -0.13254979
v -0.00368064 -0.01773402 -0.13197751
v 0.01867983 0.00054079 -0.13185425
v 0.01446881 0.01526327 -0.13091943
v -0.01401090 0.01581232 -0.13085952
v -0.02151180 -0.00612872 -0.13027129
v -0.01052823 -0.01929071 -0.13054353
v -0.02190113 0.00597732 -0.13022321
v 0.00504145 0.02191035 -0.13037840
v -0.00517766 0.02208783 -0.13039617
v -0.01574822 -0.01558031 -0.13025707
v 0.00050307 -0.02368916 -0.12992400
v 0.01140596 -0.01984337 -0.12997952
v 0.02081490 -0.01021515 -0.12969093
v 0.02023504 0.01079615 -0.12975943
v 0.02320126 0.00123138 -0.12978387
v 0.00864732 -0.02547698 -0.12718472
v -0.02526686 -0.01147239 -0.12600888
v 0.01333323 0.02481206 -0.12547065
v 0.02731713 -0.00015528 -0.12657560
v 0.01549165 -0.02320068 -0.12585585
v -0.03263877 -0.00083248 -0.10196802
v -0.03249558 0.00387001 -0.10172603
v -0.03232083 0.00393296 -0.11213732
v -0.03209327 -0.00199564 -0.11623584
v -0.03171822 0.00364615 -0.08267356
v -0.03154316 -0.00373363 -0.08229142
v -0.03160659 -0.00745976 -0.10504223
v -0.03015499 -0.01073669 -0.11665618
v -0.03044662 -0.01134852 -0.10581984
v -0.02759701 -0.01467882 -0.08231165
v -0.02719734 -0.01755044 -0.10920222
v -0.02881912 -0.00955499 -0.12238476
v -0.03027609 -0.00134453 -0.12257048
v -0.03118089 0.00403771 -0.11952583
v -0.02546862 -0.01760093 -0.12019677
v -0.02271088 -0.02122351 -0.08251267
v -0.02298388 -0.02213732 -0.09978869
v -0.02125125 -0.02396497 -0.11197943
v -0.01829297 -0.02466978 -0.12111757
v -0.01814115 -0.02657220 -0.10105596
v -0.02723333 -0.01695145 -0.08114893
v -0.03273136 -0.00218364 -0.08114865
v -0.01387207 -0.02953815 -0.11036919
v -0.02079009 -0.01834318 -0.12581772
v -0.00980172 -0.02888419 -0.12265623
v -0.02687867 -0.00267950 -0.12677014
v -0.02950656 0.01206512 -0.11702964
v -0.02881887 0.00982674 -0.12220801
v -0.13136965 -0.09876112 -0.00167164
v -0.14102963 -0.08810017 -0.00326304
v -0.12661815 -0.10612907 -0.00314370
v -0.11695438 -0.11445365 -0.00186021
v -0.11311023 -0.11952394 -0.00345546
v -0.10348848 -0.12624423 -0.00237418
v -0.09672817 -0.12894841 -0.00107133
v -0.10898779 -0.11860669 -0.00083350
v -0.13461494 -0.09242423 -0.00084149
v -0.14654629 -0.07921792 -0.00309992
v -0.14455965 -0.07651450 -0.00059653
v -0.15279907 -0.06100990 -0.00058584
v -0.16014783 -0.04727034 -0.00174751
v -0.16045538 -0.03916195 -0.00068701
v -0.16583513 -0.02285015 -0.00139549
v -0.08338977 -0.13853686 -0.00163646
v -0.03312964 0.02629685 -0.00013360
v -0.01514838 -0.06590965 -0.00017965
v 0.00910365 -0.01498358 -0.00013540
v 0.03614361 0.05998115 -0.00010973
v 0.00807229 0.09901051 -0.00009852
v -0.08283584 0.05092074 -0.00013791
v -0.11492996 -0.00211624 -0.00018669
v -0.14057551 0.06860653 -0.00024084
v -0.15790698 0.02310647 -0.00026546
v -0.15067318 -0.04194831 -0.00024798
v -0.09392747 -0.11705714 -0.00030948
v -0.11738211 -0.10129973 -0.00042531
v -0.16210273 -0.02165974 -0.00037041
v -0.07562783 0.09246641 -0.00012536
v -0.11302695 0.11144984 -0.00039787
v -0.09444481 0.11976097 -0.00028027
v -0.02054196 0.13019828 -0.00013363
v -0.04957855 0.14521186 -0.00029399
v 0.01188894 0.15886389 -0.00033959
v 0.04422357 0.14386007 -0.00021590
v 0.07292768 0.05944286 -0.00007598
v 0.09171514 0.12383956 -0.00022916
v 0.12009894 0.09417859 -0.00021659
v 0.14148928 0.06118830 -0.00015171
v 0.05510973 -0.00066964 -0.00006610
v 0.11130555 0.02263223 -0.00004908
v 0.15727721 -0.01933483 -0.00010377
v 0.05809652 -0.04053639 -0.00005177
v 0.07386819 -0.08912376 -0.00013264
v 0.10684674 -0.02896801 0.00000000
v 0.04130387 -0.14244042 -0.00025722
v -0.04757909 -0.13503234 -0.00026158
v -0.01253124 -0.15834656 -0.00050805
v 0.02445155 -0.10994051 -0.00021526
v -0.07909441 -0.07251755 -0.00021232
v 0.08369937 -0.12674341 -0.00020082
v 0.10952424 -0.11021154 -0.00024139
v 0.12125216 -0.08845571 -0.00019601
v 0.14691460 -0.05371074 -0.00014517
v 0.15721864 0.04476215 -0.00034926
v -0.04170871 -0.15414672 -0.00069979
v -0.07346044 -0.14158364 -0.00080627
v -0.05729304 -0.14879943 -0.00081864
v -0.02677769 0.15824968 -0.00056247
v 0.07148133 0.14422472 -0.00056886
v 0.08260724 0.13774243 -0.00052941
v 0.02977568 0.15805602 -0.00061128
v 0.04584686 0.15428481 -0.00064340
v 0.05767109 0.15018085 -0.00068919
v 0.16290310 0.01861808 -0.00044091
v 0.14368309 0.07700339 -0.00053817
v -0.08455176 0.13674121 -0.00065838
v -0.04914730 0.15307747 -0.00067867
v -0.06735595 0.14563304 -0.00076295
v -0.13567127 0.08947507 -0.00058819
v 0.11634269 0.11131919 -0.00062399
v 0.13116340 0.09588621 -0.00071185
v 0.09600366 0.13012253 -0.00086580
v 0.02211028 -0.15815030 -0.00062423
v 0.03267854 -0.15626991 -0.00058826
v 0.05500985 -0.14987695 -0.00061822
v 0.07965045 -0.13944967 -0.00069199
v 0.09723376 -0.12825061 -0.00064502
v -0.16062085 0.03833435 -0.00065912
v -0.15238942 0.06230310 -0.00071140
v -0.14555399 0.07622765 -0.00083452
v 0.14832655 -0.07002106 -0.00060039
v 0.13549970 -0.09134171 -0.00066730
v 0.11479079 -0.11531197 -0.00073038
v 0.15742724 -0.04703329 -0.00053632
v 0.15330856 -0.05812455 -0.00055022
v 0.16223761 -0.02904384 -0.00054985
v -0.16518553 0.01204261 -0.00062549
v 0.15269047 0.06042219 -0.00076188
v -0.10277219 0.12476398 -0.00083515
v -0.13368402 0.09456134 -0.00093629
v 0.16598697 0.00558574 -0.00102051
v 0.12836377 -0.10138221 -0.00094005
v -0.00124188 -0.16214277 -0.00173751
v 0.06476979 -0.14608338 -0.00075054
v 0.03292069 0.15978314 -0.00177500
v 0.01408227 -0.16119504 -0.00178010
v 0.04764603 -0.15483990 -0.00191720
v -0.11189908 0.11984860 -0.00235307
v 0.15919857 0.04941464 -0.00228752
v 0.09441020 -0.13296558 -0.00205094
v 0.03328915 -0.15869832 -0.00203323
v -0.05136957 -0.15377632 -0.00238877
v -0.07112186 -0.14569978 -0.00244825
v 0.06388670 -0.14899710 -0.00219363
v 0.13893871 -0.09069436 -0.00225660
v -0.05370581 0.15370412 -0.00220413
v 0.08609055 0.13896652 -0.00251818
v -0.14987661 0.07251850 -0.00251062
v 0.14972094 -0.07307766 -0.00257604
v 0.13250406 0.09732594 -0.00228879
v 0.13024992 -0.10223399 -0.00260426
v 0.15500833 0.06136829 -0.00288879
v 0.07966240 -0.14223796 -0.00285242
v 0.14079671 0.08735121 -0.00403169
v 0.02161475 0.02229255 -0.08163242
v 0.03120666 -0.00303938 -0.08167476
v 0.03147001 0.00197752 -0.08255029
v 0.03055019 0.00729423 -0.08137330
v 0.03206670 -0.00291066 -0.10895220
v 0.03205381 0.00266249 -0.10467283
v 0.03132726 0.00339074 -0.11670186
v 0.03076399 -0.00362054 -0.11917162
v 0.02871562 0.00898660 -0.12228534
v 0.02995069 0.00132437 -0.12259457
v 0.02987470 -0.01138995 -0.11089456
v 0.03001888 -0.00782680 -0.08186778
v 0.02865836 -0.00991774 -0.12158891
v 0.02735766 -0.01464131 -0.08701193
v 0.02693349 -0.01588495 -0.08134426
v 0.02704971 -0.01667155 -0.11308946
v 0.02467129 -0.01624297 -0.12292901
v 0.02225848 -0.02123579 -0.08274104
v 0.02239977 -0.02249313 -0.10338347
v 0.02226217 -0.02198434 -0.11644591
v 0.02410380 -0.01284332 -0.12613708
v 0.01534201 -0.02862492 -0.11074703
v 0.01686519 -0.02727715 -0.10219015
v 0.01569227 -0.02686273 -0.08232048
v -0.02029862 0.02475120 -0.08123832
v -0.01512060 0.02792941 -0.08164667
v -0.01741762 0.02734581 -0.10836815
v -0.01502438 0.02740934 -0.11930223
v -0.02195328 0.02283685 -0.08279019
v -0.02226506 0.02323880 -0.10927330
v -0.02326181 0.02088460 -0.11811396
v -0.02665667 0.01815749 -0.10029153
v -0.02602801 0.01878944 -0.11105499
v -0.03037090 0.01196291 -0.10526843
v -0.02396938 0.01720209 -0.12336179
v -0.01438060 0.02502142 -0.12449577
v -0.01559879 0.02139110 -0.12706006
v -0.02274001 0.01361293 -0.12698142
v -0.00389795 0.02708154 -0.12675937
v -0.02650209 0.00461104 -0.12694928
vt 0.39748645 0.49465179
vt 0.17924619 0.76523733
vt 0.39692995 0.51382339
vt 0.39847174 0.53330922
vt 0.39813843 0.50196958
vt 0.39965346 0.49067414
vt 0.40095592 0.54001814
vt 0.39880154 0.51441735
vt 0.39887848 0.48250389
vt 0.16326471 0.76536018
vt 0.39985380 0.48125684
vt 0.40216765 0.47737157
vt 0.40353546 0.47015655
vt 0.40533137 0.46323383
vt 0.40424243 0.46166110
vt 0.13542175 0.76521844
vt 0.40619868 0.45591253
vt 0.12764423 0.76518238
vt 0.64170283 0.30991858
vt 0.66518772 0.31043643
vt 0.69970918 0.65156895
vt 0.68154556 0.30869013
vt 0.69335634 0.30945182
vt 0.70486027 0.30976284
vt 0.70621920 0.31083006
vt 0.11112589 0.84843326
vt 0.69990152 0.68323535
vt 0.62845188 0.30976117
vt 0.71445900 0.31129324
vt 0.62473172 0.31203449
vt 0.61574680 0.31238043
vt 0.69221652 0.30700982
vt 0.70001274 0.30772007
vt 0.62385672 0.31299496
vt 0.69801378 0.61966825
vt 0.61511868 0.31426954
vt 0.69752890 0.61282498
vt 0.60639578 0.31398576
vt 0.60501868 0.31668985
vt 0.69763941 0.60468656
vt 0.59775311 0.31700152
vt 0.71457064 0.31206346
vt 0.72245377 0.31282401
vt 0.59835744 0.31843102
vt 0.69780135 0.59929043
vt 0.71593583 0.31514144
vt 0.11524096 0.85658133
vt 0.92802870 0.59268212
vt 0.36640367 0.72912472
vt 0.93018800 0.58885819
vt 0.92973381 0.59291273
vt 0.93240196 0.58688301
vt 0.92665368 0.59613478
vt 0.92643392 0.59883916
vt 0.92356580 0.60277987
vt 0.92021054 0.60509312
vt 0.34782037 0.72889000
vt 0.92147911 0.60637081
vt 0.91920674 0.60797042
vt 0.91788608 0.61147481
vt 0.91606969 0.61223215
vt 0.91361350 0.61608851
vt 0.91210258 0.61372685
vt 0.33368522 0.72764564
vt 0.91604662 0.60810822
vt 0.34223098 0.72744185
vt 0.90849984 0.62120664
vt 0.91168922 0.61884665
vt 0.90871185 0.62283701
vt 0.90588593 0.62522608
vt 0.90299404 0.62869161
vt 0.90021223 0.63228309
vt 0.93377501 0.58266848
vt 0.93444800 0.58384943
vt 0.93621224 0.57913625
vt 0.93687183 0.57429308
vt 0.39275762 0.72900712
vt 0.93809432 0.57588303
vt 0.93995029 0.57180035
vt 0.39694011 0.73047417
vt 0.71530962 0.30497372
vt 0.70241398 0.30352503
vt 0.36863688 0.21440810
vt 0.72006756 0.30647480
vt 0.73431796 0.30713290
vt 0.36902839 0.18933207
vt 0.73911959 0.30927420
vt 0.74904329 0.31054115
vt 0.36767429 0.17738497
vt 0.69958442 0.30453771
vt 0.67200565 0.30366057
vt 0.94083267 0.57836378
vt 0.94447803 0.56933272
vt 0.94769222 0.56810606
vt 0.94474471 0.57719016
vt 0.94009876 0.58640802
vt 0.93815666 0.58372140
vt 0.93581450 0.58803111
vt 0.93456495 0.59724593
vt 0.93246955 0.59577835
vt 0.92954648 0.59802127
vt 0.92751265 0.60337168
vt 0.93030506 0.60424095
vt 0.92365855 0.60884410
vt 0.92427570 0.61282140
vt 0.92008466 0.61310953
vt 0.91541821 0.62405086
vt 0.91382551 0.62025481
vt 0.90844768 0.62717187
vt 0.90976262 0.63076282
vt 0.90194058 0.63423455
vt 0.90262562 0.63611513
vt 0.89415276 0.64231890
vt 0.89863521 0.64273751
vt 0.90556115 0.63603210
vt 0.88900054 0.65119445
vt 0.88800323 0.64753473
vt 0.88166702 0.65332329
vt 0.88423908 0.65610617
vt 0.34717155 0.16134059
vt 0.87301636 0.66083074
vt 0.87285757 0.66402060
vt 0.86329985 0.66664302
vt 0.86137211 0.67131299
vt 0.94411743 0.56220770
vt 0.85638660 0.67353618
vt 0.85665649 0.66972750
vt 0.84753346 0.67596626
vt 0.84959233 0.67826027
vt 0.84126240 0.68182606
vt 0.83395940 0.68319327
vt 0.83238965 0.68730694
vt 0.82581520 0.69000387
vt 0.82969731 0.68482661
vt 0.82130307 0.68940550
vt 0.81602579 0.69437927
vt 0.81449991 0.69184881
vt 0.80034488 0.69993877
vt 0.80733126 0.69514155
vt 0.80873883 0.69717908
vt 0.93327874 0.59102911
vt 0.94198585 0.57285953
vt 0.79810125 0.69628203
vt 0.17549232 0.72945958
vt 0.79133719 0.70029438
vt 0.78797913 0.70426661
vt 0.78503633 0.70342189
vt 0.77705085 0.70546776
vt 0.77455640 0.70868969
vt 0.77014673 0.70643705
vt 0.76290005 0.70890921
vt 0.76208127 0.71139801
vt 0.75502807 0.71162260
vt 0.74626774 0.71501368
vt 0.73630482 0.71353948
vt 0.73433042 0.71521884
vt 0.69622856 0.71702415
vt 0.71133244 0.71884537
vt 0.66228145 0.71814561
vt 0.66749072 0.71953171
vt 0.72993672 0.71734935
vt 0.66735542 0.71646267
vt 0.65725458 0.71726590
vt 0.67602921 0.72052503
vt 0.64384055 0.71765614
vt 0.64059323 0.71449149
vt 0.62121302 0.71377343
vt 0.62817240 0.71289754
vt 0.61068648 0.71049488
vt 0.59712672 0.71110606
vt 0.59697706 0.70771861
vt 0.58146429 0.70699418
vt 0.58262843 0.70455647
vt 0.57267624 0.70109850
vt 0.56982124 0.70337576
vt 0.56257308 0.69836926
vt 0.55792534 0.69952595
vt 0.54371542 0.69400984
vt 0.54256970 0.69024330
vt 0.55254388 0.69429535
vt 0.52551937 0.68593532
vt 0.53241074 0.68590420
vt 0.51841378 0.67894852
vt 0.51541209 0.68103313
vt 0.51105624 0.67696893
vt 0.50647449 0.67202646
vt 0.50353414 0.67444468
vt 0.49348071 0.66778719
vt 0.49631384 0.66607213
vt 0.48643109 0.65934205
vt 0.48258144 0.66068542
vt 0.62588608 0.71666408
vt 0.47707856 0.65620899
vt 0.47908461 0.65345651
vt 0.47103247 0.65023553
vt 0.47079781 0.64648026
vt 0.46435431 0.64614999
vt 0.46327761 0.64249188
vt 0.46160430 0.63794029
vt 0.45442089 0.63631123
vt 0.45470807 0.63168365
vt 0.44279677 0.62429637
vt 0.44707653 0.62428248
vt 0.43520841 0.61449683
vt 0.44221625 0.61830497
vt 0.43570930 0.60938507
vt 0.43068275 0.60403544
vt 0.42774847 0.60388047
vt 0.42691272 0.59835166
vt 0.42272958 0.59650469
vt 0.42477563 0.59290332
vt 0.41966188 0.59106082
vt 0.42079246 0.58634567
vt 0.41549048 0.58411187
vt 0.41653353 0.57956851
vt 0.41304511 0.57575238
vt 0.41642949 0.57432473
vt 0.40987554 0.56103522
vt 0.41307181 0.56133503
vt 0.41156501 0.55262172
vt 0.31892261 0.95000052
vt 0.40966651 0.57066774
vt 0.40567166 0.55808836
vt 0.40680504 0.54290825
vt 0.40324500 0.53823066
vt 0.40211770 0.50803292
vt 0.40450567 0.51050901
vt 0.40426165 0.48673320
vt 0.40767479 0.47775745
vt 0.40914142 0.46767801
vt 0.40883344 0.45988083
vt 0.40748468 0.48843145
vt 0.23450415 0.95083684
vt 0.41237813 0.46278256
vt 0.41207570 0.45556736
vt 0.40946317 0.45160490
vt 0.41481015 0.44674474
vt 0.41153994 0.44607902
vt 0.41257676 0.44151640
vt 0.10772657 0.76501948
vt 0.61487490 0.71536183
vt 0.40739849 0.49709272
vt 0.24579434 0.95046151
vt 0.64416206 0.71899176
vt 0.40801990 0.53209120
vt 0.29185563 0.95044577
vt 0.41506088 0.45460969
vt 0.69760257 0.39565539
vt 0.41753721 0.43442154
vt 0.41781577 0.44109046
vt 0.42153889 0.43769419
vt 0.42305714 0.43166864
vt 0.42270428 0.42523801
vt 0.42540121 0.42024052
vt 0.43588999 0.41123760
vt 0.43088028 0.41883838
vt 0.42688695 0.42474109
vt 0.43094623 0.41225183
vt 0.43803737 0.40531719
vt 0.44134343 0.40470111
vt 0.44127211 0.39942276
vt 0.45067805 0.39453393
vt 0.45062500 0.38987494
vt 0.45729053 0.38586473
vt 0.46697983 0.37718093
vt 0.46356887 0.37639260
vt 0.47936043 0.36633199
vt 0.47759348 0.36503625
vt 0.48373163 0.36040711
vt 0.48937371 0.35802042
vt 0.48937732 0.35997641
vt 0.49924156 0.35439456
vt 0.49518707 0.35273314
vt 0.50170541 0.34993327
vt 0.50848919 0.34921867
vt 0.51777011 0.34178126
vt 0.51795959 0.34427106
vt 0.52706605 0.34014940
vt 0.52522999 0.33682084
vt 0.52911270 0.33741593
vt 0.53735727 0.33537543
vt 0.54329771 0.32968044
vt 0.54885983 0.33104610
vt 0.55343860 0.32557136
vt 0.55624712 0.32725489
vt 0.56489515 0.32497668
vt 0.56579405 0.32212055
vt 0.57703245 0.32144243
vt 0.57494348 0.31866050
vt 0.59151107 0.31570244
vt 0.58965808 0.31816673
vt 0.60475534 0.31186807
vt 0.62147003 0.30908364
vt 0.63712722 0.30544853
vt 0.60834146 0.30955017
vt 0.59697205 0.31197917
vt 0.64899147 0.30704677
vt 0.50905657 0.34471554
vt 0.42700610 0.42938685
vt 0.69710565 0.42235702
vt 0.43710428 0.40304208
vt 0.42080352 0.44142175
vt 0.69769037 0.40948915
vt 0.67607194 0.30571008
vt 0.67293763 0.30730706
vt 0.63779801 0.30871272
vt 0.71584684 0.30850083
vt 0.72984159 0.30935395
vt 0.72306931 0.31049705
vt 0.73294699 0.31286681
vt 0.74477082 0.31189966
vt 0.74572867 0.31451631
vt 0.76018852 0.31780052
vt 0.76051080 0.31485593
vt 0.77504551 0.32035148
vt 0.77498639 0.31809479
vt 0.78552610 0.32428533
vt 0.78791970 0.32254839
vt 0.79264641 0.32559812
vt 0.79112822 0.32201773
vt 0.80400199 0.32805598
vt 0.80265218 0.33015525
vt 0.81886506 0.33456719
vt 0.81085271 0.33344913
vt 0.82008004 0.33703095
vt 0.82707661 0.33604074
vt 0.36724451 0.11089742
vt 0.81702352 0.33160889
vt 0.80348486 0.32628548
vt 0.82790881 0.33809340
vt 0.82951027 0.34151304
vt 0.83704078 0.34144402
vt 0.84193826 0.34726381
vt 0.84218442 0.34352732
vt 0.41569009 0.83242762
vt 0.84609568 0.34708548
vt 0.84732133 0.35005724
vt 0.85428810 0.35416210
vt 0.85778743 0.35370123
vt 0.86053401 0.35834312
vt 0.86607581 0.35790926
vt 0.86571288 0.36173904
vt 0.87640560 0.36686844
vt 0.87405354 0.36822170
vt 0.88348246 0.37253273
vt 0.88208276 0.37474203
vt 0.89471030 0.38260782
vt 0.88537478 0.37870812
vt 0.87637550 0.11705416
vt 0.89270556 0.38494515
vt 0.87636864 0.12556273
vt 0.89746875 0.38956523
vt 0.87640613 0.13148439
vt 0.90331841 0.39050215
vt 0.90583271 0.39787543
vt 0.91360599 0.40233660
vt 0.91569096 0.40984130
vt 0.92249054 0.41306537
vt 0.92165995 0.41811419
vt 0.92648464 0.42510343
vt 0.93036532 0.42472792
vt 0.93150055 0.43193907
vt 0.93828052 0.43799615
vt 0.93644279 0.44017303
vt 0.93769592 0.44552541
vt 0.94537485 0.45621443
vt 0.94429350 0.44693351
vt 0.94098979 0.45579875
vt 0.94476873 0.46162409
vt 0.94913107 0.46825677
vt 0.94903076 0.47592103
vt 0.95458764 0.48035550
vt 0.95413184 0.50844777
vt 0.95711565 0.50601697
vt 0.95202422 0.51077664
vt 0.95376521 0.53024864
vt 0.95591390 0.53816110
vt 0.95794988 0.52368981
vt 0.95395702 0.54362482
vt 0.95237154 0.46808195
vt 0.94825798 0.45556504
vt 0.95231247 0.53447485
vt 0.95034570 0.51558131
vt 0.94993979 0.54360771
vt 0.94925886 0.54999012
vt 0.95276177 0.55195260
vt 0.94876665 0.55777067
vt 0.95009041 0.56321627
vt 0.94609016 0.56399018
vt 0.94711483 0.48337841
vt 0.90808344 0.39459425
vt 0.92272210 0.41030985
vt 0.92915195 0.41929853
vt 0.93676591 0.43136072
vt 0.90264720 0.38715076
vt 0.33050126 0.83243340
vt 0.87540221 0.36429626
vt 0.94703126 0.54887521
vt 0.94976330 0.53243828
vt 0.58042765 0.31590670
vt 0.45356143 0.39403617
vt 0.69695199 0.46298528
vt 0.42991149 0.59729934
vt 0.42822784 0.59301305
vt 0.92556942 0.91267174
vt 0.34352189 0.74023712
vt 0.41059476 0.47064817
vt 0.44238940 0.40648204
vt 0.69687366 0.44795799
vt 0.85178751 0.34870064
vt 0.40373096 0.83264303
vt 0.69211996 0.71447557
vt 0.60760486 0.91291499
vt 0.41684800 0.56779397
vt 0.41813317 0.56936055
vt 0.34173971 0.94922346
vt 0.46188420 0.38407779
vt 0.69680184 0.47468543
vt 0.88730514 0.37364876
vt 0.41411525 0.45592761
vt 0.69736511 0.39419603
vt 0.41352081 0.46166062
vt 0.69807625 0.38850689
vt 0.55941427 0.32228839
vt 0.88063145 0.36770034
vt 0.36482555 0.83282334
vt 0.94558537 0.55488378
vt 0.43679333 0.41477448
vt 0.69737959 0.43869269
vt 0.86682880 0.66199440
vt 0.25537729 0.73047417
vt 0.45090723 0.39780366
vt 0.69739968 0.45873141
vt 0.42546198 0.58914626
vt 0.34990877 0.74023712
vt 0.77249813 0.31626558
vt 0.36737266 0.15817010
vt 0.43901008 0.41176593
vt 0.69744408 0.44213229
vt 0.95939779 0.51137859
vt 0.61359489 0.56511503
vt 0.42573488 0.43199706
vt 0.69737208 0.41958773
vt 0.94141495 0.56741309
vt 0.40305483 0.73028547
vt 0.94759929 0.54022777
vt 0.82627010 0.68475944
vt 0.43566221 0.60426974
vt 0.90911031 0.91264611
vt 0.43318266 0.60079962
vt 0.91425627 0.91276324
vt 0.40899909 0.48054439
vt 0.22408850 0.95076770
vt 0.76579475 0.70606685
vt 0.14209747 0.72848183
vt 0.83653092 0.67870450
vt 0.21887438 0.72945720
vt 0.42228472 0.58369952
vt 0.47221017 0.65370268
vt 0.83516663 0.81624824
vt 0.44678828 0.39132595
vt 0.77113193 0.61972243
vt 0.75270176 0.70898563
vt 0.54879040 0.91372687
vt 0.74429297 0.71052217
vt 0.55707234 0.91347766
vt 0.73268652 0.71223748
vt 0.42374519 0.58507699
vt 0.36305434 0.94886726
vt 0.45112991 0.62461030
vt 0.44765165 0.61998791
vt 0.88547653 0.91251022
vt 0.89029539 0.64263147
vt 0.28955463 0.73027813
vt 0.41026285 0.47853673
vt 0.22125807 0.95028317
vt 0.61332911 0.70883101
vt 0.62037885 0.70906335
vt 0.67721307 0.91279244
vt 0.71550834 0.72017694
vt 0.34712714 0.30567193
vt 0.66505468 0.71509725
vt 0.63378900 0.91243351
vt 0.65221208 0.71372855
vt 0.87739998 0.65399909
vt 0.26997787 0.73021084
vt 0.87269038 0.65762520
vt 0.56693351 0.69674069
vt 0.73109955 0.91200185
vt 0.95504159 0.55001867
vt 0.61366534 0.52550620
vt 0.84096903 0.67677069
vt 0.22383223 0.72972780
vt 0.44462502 0.61624706
vt 0.89117599 0.91257757
vt 0.43821514 0.60757124
vt 0.90412128 0.91267997
vt 0.78109264 0.32535744
vt 0.77640176 0.32374334
vt 0.77078426 0.32203305
vt 0.82259750 0.68551153
vt 0.20279136 0.72933513
vt 0.95315164 0.46682978
vt 0.21148886 0.83318400
vt 0.80096537 0.33210802
vt 0.93945926 0.45804954
vt 0.87851810 0.20850307
vt 0.80550563 0.33360696
vt 0.52700204 0.34252393
vt 0.69684887 0.53946966
vt 0.62161511 0.71008271
vt 0.40770423 0.50530076
vt 0.25656223 0.95017028
vt 0.59934133 0.70551693
vt 0.69794995 0.91229135
vt 0.60603499 0.70658553
vt 0.69136995 0.91257322
vt 0.93428087 0.44173777
vt 0.87776732 0.19149989
vt 0.51623303 0.34733498
vt 0.69676852 0.52997011
vt 0.54336125 0.33563769
vt 0.69698226 0.55374885
vt 0.64221102 0.71245807
vt 0.95650679 0.54488349
vt 0.61419183 0.53085500
vt 0.76186532 0.70630127
vt 0.95363665 0.55792826
vt 0.61405379 0.51736051
vt 0.85982513 0.66532487
vt 0.24733461 0.72966343
vt 0.85622269 0.66737741
vt 0.24293509 0.72950828
vt 0.91782564 0.41876233
vt 0.87861794 0.16498357
vt 0.92781234 0.43051386
vt 0.87792808 0.17919838
vt 0.93077832 0.43533325
vt 0.87814361 0.18454552
vt 0.49977335 0.35672641
vt 0.69711417 0.51436061
vt 0.48997259 0.36176229
vt 0.69662410 0.50540257
vt 0.48794204 0.36351871
vt 0.69709313 0.50310189
vt 0.55604684 0.69260383
vt 0.74285054 0.91218370
vt 0.53886867 0.68642211
vt 0.76117712 0.91179413
vt 0.53230333 0.68314993
vt 0.76873064 0.91198307
vt 0.49366382 0.66191149
vt 0.81491441 0.91203994
vt 0.48456299 0.65555871
vt 0.91042471 0.40692997
vt 0.87810349 0.15164816
vt 0.45819229 0.63186556
vt 0.78382200 0.70695686
vt 0.50431514 0.66883153
vt 0.80132103 0.91191351
vt 0.84902340 0.68012691
vt 0.34645292 0.19720459
vt 0.58384466 0.32168436
vt 0.69718373 0.58773500
vt 0.40405518 0.56013799
vt 0.26582175 0.76507592
vt 0.55079186 0.33235252
vt 0.69680566 0.56029600
vt 0.94296396 0.58446139
vt 0.61385697 0.48904955
vt 0.51609331 0.67509925
vt 0.78746343 0.91196698
vt 0.79136091 0.70499271
vt 0.34675315 0.24705338
vt 0.87803560 0.37369347
vt 0.87761694 0.10946423
vt 0.63189995 0.71125948
vt 0.66581774 0.91230541
vt 0.64203495 0.71151209
vt 0.65614831 0.91335136
vt 0.47504911 0.64766854
vt 0.84069800 0.91201866
vt 0.48471293 0.36574531
vt 0.69718987 0.49980354
vt 0.74691194 0.31691432
vt 0.93594337 0.44898814
vt 0.87853628 0.19887584
vt 0.59249085 0.31912249
vt 0.81209671 0.69766271
vt 0.34669420 0.22994393
vt 0.47251180 0.64463705
vt 0.84527498 0.91241795
vt 0.46657243 0.63909101
vt 0.85450971 0.91256350
vt 0.46334213 0.63682610
vt 0.57011968 0.70509636
vt 0.71814978 0.81570840
vt 0.59077930 0.32016563
vt 0.69749206 0.59324563
vt 0.76526815 0.32097805
vt 0.75343287 0.31835240
vt 0.75958896 0.31965756
vt 0.48088491 0.65191096
vt 0.83282000 0.91244620
vt 0.76183629 0.71318382
vt 0.34662545 0.27050042
vt 0.41672495 0.43194181
vt 0.09452295 0.76537192
vt 0.47808895 0.64950150
vt 0.83695477 0.91246665
vt 0.93533802 0.59913516
vt 0.61396891 0.47295392
vt 0.40905273 0.44780457
vt 0.11665450 0.76544923
vt 0.50458217 0.34523082
vt 0.77187675 0.55552387
vt 0.81657612 0.33779776
vt 0.87858540 0.04930329
vt 0.87060738 0.36709619
vt 0.85709715 0.67555135
vt 0.34633413 0.18961596
vt 0.73197389 0.31442112
vt 0.11085767 0.86859965
vt 0.90299928 0.39723605
vt 0.87770057 0.14028805
vt 0.42452243 0.60272771
vt 0.32525289 0.76504135
vt 0.43097180 0.40918195
vt 0.77167553 0.64131135
vt 0.43944591 0.39891016
vt 0.77149886 0.62916410
vt 0.44307813 0.39459229
vt 0.77163905 0.62402886
vt 0.55138868 0.69893324
vt 0.73798025 0.81553262
vt 0.43283877 0.61409473
vt 0.34218916 0.76471162
vt 0.43766895 0.62042636
vt 0.35170937 0.76480830
vt 0.59034944 0.71083480
vt 0.69717187 0.81572586
vt 0.59572935 0.71233922
vt 0.69161320 0.81571215
vt 0.60055393 0.71386814
vt 0.68656904 0.81538498
vt 0.42841807 0.41286683
vt 0.77167606 0.64547974
vt 0.83545840 0.34581137
vt 0.87780219 0.06599545
vt 0.83863741 0.34773445
vt 0.87821102 0.06913221
vt 0.82520187 0.34198546
vt 0.87881005 0.05719978
vt 0.93813127 0.59461701
vt 0.61421347 0.47803783
vt 0.89986461 0.39378572
vt 0.87765986 0.13604432
vt 0.85471052 0.35664904
vt 0.87817305 0.08449227
vt 0.92874938 0.60954463
vt 0.61408192 0.46120054
vt 0.92581505 0.61339760
vt 0.61389500 0.45667279
vt 0.92181766 0.61837161
vt 0.45483091 0.38226712
vt 0.77161080 0.60878050
vt 0.45442843 0.63892072
vt 0.38082349 0.76496309
vt 0.94571179 0.54890198
vt 0.87983179 0.30133444
vt 0.40659311 0.56799597
vt 0.27642861 0.76521462
vt 0.40903789 0.57369119
vt 0.28427026 0.76510292
vt 0.47198242 0.36780161
vt 0.77150857 0.58922797
vt 0.55696434 0.70104438
vt 0.73192930 0.81546044
vt 0.88984197 0.38412249
vt 0.87772810 0.12347710
vt 0.88662678 0.38189429
vt 0.87803042 0.12016088
vt 0.44561264 0.63000751
vt 0.36639443 0.76510537
vt 0.61239713 0.70779645
vt 0.68505627 0.91265410
vt 0.86501843 0.36321771
vt 0.87782031 0.09490156
vt 0.86771488 0.36558402
vt 0.87808645 0.09806567
vt 0.86515528 0.67017323
vt 0.34673464 0.18152738
vt 0.86169398 0.67281598
vt 0.34630823 0.18521380
vt 0.94181865 0.43877238
vt 0.25064087 0.83316970
vt 0.63233006 0.71932411
vt 0.65498900 0.81539971
vt 0.64172840 0.71972239
vt 0.64374757 0.72059500
vt 0.64379680 0.81540000
vt 0.48035663 0.66071117
vt 0.82313246 0.81562346
vt 0.49105603 0.66830146
vt 0.80882728 0.81539595
vt 0.51974279 0.33736694
vt 0.77179414 0.54150623
vt 0.53182995 0.33161950
vt 0.77180064 0.53057921
vt 0.87983674 0.37615788
vt 0.87825328 0.11228609
vt 0.52008367 0.68523836
vt 0.77314347 0.81543547
vt 0.52533931 0.68784350
vt 0.76704156 0.81542557
vt 0.66978413 0.71389508
vt 0.62926215 0.91371405
vt 0.93402934 0.42491442
vt 0.27074581 0.83322507
vt 0.47730032 0.36333609
vt 0.77178574 0.58318871
vt 0.89275438 0.64952236
vt 0.34658307 0.15210307
vt 0.92532474 0.41203618
vt 0.29004803 0.83320189
vt 0.49464968 0.35116017
vt 0.77166367 0.56516707
vt 0.50895357 0.67937404
vt 0.78630555 0.81536585
vt 0.51414335 0.68215281
vt 0.78013331 0.81549126
vt 0.87021935 0.36861777
vt 0.87922621 0.10160738
vt 0.48558691 0.35725451
vt 0.77188337 0.57439804
vt 0.45808685 0.37912714
vt 0.77177566 0.60476804
vt 0.91571307 0.39988959
vt 0.30895585 0.83322513
vt 0.94745809 0.45004475
vt 0.23456930 0.83351141
vt 0.94549179 0.44513017
vt 0.24140725 0.83356392
vt 0.83418292 0.33793175
vt 0.36889255 0.10518646
vt 0.57350194 0.31640315
vt 0.77191484 0.49511433
vt 0.57962841 0.31450975
vt 0.77200997 0.49003351
vt 0.87938225 0.23626542
vt 0.94597322 0.48490977
vt 0.46356660 0.64756519
vt 0.84672147 0.81540424
vt 0.93916959 0.43271631
vt 0.25913259 0.83357799
vt 0.56264776 0.31989670
vt 0.77177280 0.50418305
vt 0.94756967 0.50152940
vt 0.87988025 0.25314206
vt 0.55691624 0.32167053
vt 0.77185905 0.50893784
vt 0.55194068 0.32346833
vt 0.77176982 0.51316702
vt 0.87942141 0.66102642
vt 0.34610260 0.16739953
vt 0.87374187 0.66442043
vt 0.34685305 0.17285812
vt 0.78286612 0.31767946
vt 0.36934364 0.15008509
vt 0.86719894 0.35729301
vt 0.38431570 0.83347666
vt 0.87186378 0.36023808
vt 0.37816855 0.83367902
vt 0.87540239 0.36269152
vt 0.37330288 0.83367687
vt 0.93147320 0.42022389
vt 0.27749237 0.83356947
vt 0.78521931 0.70753187
vt 0.34604588 0.25223571
vt 0.88988566 0.37380135
vt 0.35242742 0.83376873
vt 0.76687431 0.70328391
vt 0.14445721 0.72637010
vt 0.53363001 0.91575116
vt 0.73911065 0.71040225
vt 0.56194764 0.91423768
vt 0.41853562 0.56722581
vt 0.33914775 0.94825989
vt 0.80734682 0.33529186
vt 0.87979919 0.04178452
vt 0.80101949 0.33336484
vt 0.88027614 0.03651851
vt 0.45879021 0.62991565
vt 0.86860019 0.91376865
vt 0.45229828 0.62389952
vt 0.87870294 0.91336489
vt 0.76905209 0.32303727
vt 0.11285958 0.89850962
vt 0.77433360 0.32481432
vt 0.88137805 0.01406991
vt 0.11331947 0.90300703
vt 0.76208276 0.70306456
vt 0.53795290 0.91705084
vt 0.74463558 0.31799519
vt 0.11284915 0.87890047
vt 0.75105941 0.31905150
vt 0.76420552 0.32177174
vt 0.11257499 0.89453346
vt 0.73736537 0.31648833
vt 0.11228830 0.87310630
vt 0.36731508 0.94773835
vt 0.42656955 0.58774805
vt 0.47036666 0.55293894
vt 0.46688822 0.53974038
vt 0.81971055 0.89584816
vt 0.47481960 0.56154495
vt 0.84931469 0.89577681
vt 0.46777031 0.54747540
vt 0.47223958 0.55984461
vt 0.47740290 0.56661010
vt 0.85641849 0.89588898
vt 0.47548002 0.57013947
vt 0.48150179 0.57660294
vt 0.46401820 0.54750204
vt 0.46169540 0.52760893
vt 0.46878859 0.55917305
vt 0.46154717 0.54583544
vt 0.99954379 0.19455296
vt 0.45616266 0.49455392
vt 0.46125042 0.48945087
vt 0.75337732 0.89654660
vt 0.46180409 0.48087788
vt 0.45972124 0.46959287
vt 0.46466824 0.47021693
vt 0.72808850 0.89646190
vt 0.46671456 0.46396291
vt 0.71968430 0.89664328
vt 0.46462837 0.45572555
vt 0.45996106 0.46305048
vt 0.47026551 0.45354891
vt 0.70563304 0.89665091
vt 0.47160217 0.44786835
vt 0.47126085 0.44011009
vt 0.47632170 0.42610478
vt 0.14370438 0.25753844
vt 0.48362839 0.42689824
vt 0.54242700 0.67956764
vt 0.66826814 0.89694142
vt 0.47775224 0.43621784
vt 0.55611312 0.67956764
vt 0.68178642 0.89691597
vt 0.48391077 0.41940582
vt 0.49160177 0.40960443
vt 0.49740204 0.40879899
vt 0.49770209 0.40309489
vt 0.51059198 0.39491022
vt 0.50463396 0.39600003
vt 0.51168537 0.38850158
vt 0.51988524 0.38171256
vt 0.52440858 0.37698185
vt 0.53270918 0.37195027
vt 0.52019447 0.37802362
vt 0.14397883 0.19853616
vt 0.51573396 0.38202178
vt 0.14414328 0.20382112
vt 0.53389508 0.36778855
vt 0.14423427 0.18372869
vt 0.52398711 0.37433839
vt 0.14424418 0.19381964
vt 0.53693104 0.37281990
vt 0.60355842 0.66073918
vt 0.75866789 0.81834030
vt 0.57937491 0.89714086
vt 0.54937470 0.36192262
vt 0.54126245 0.36357248
vt 0.14409161 0.17665374
vt 0.45781574 0.46828300
vt 0.99907386 0.27302116
vt 0.45428494 0.49293756
vt 0.99920720 0.24818373
vt 0.47443524 0.57555950
vt 0.99872971 0.16314650
vt 0.47727954 0.58036196
vt 0.93618888 0.69701672
vt 0.99876034 0.15786803
vt 0.48019949 0.58349127
vt 0.93602437 0.70086700
vt 0.46062487 0.45997745
vt 0.14420006 0.29352057
vt 0.46425474 0.55565923
vt 0.99879354 0.18453830
vt 0.56197089 0.35757250
vt 0.56607437 0.35254675
vt 0.55706280 0.35446721
vt 0.14437118 0.16137648
vt 0.55333120 0.35691035
vt 0.14431624 0.16515368
vt 0.54926795 0.35905635
vt 0.14433283 0.16895854
vt 0.54460245 0.36145794
vt 0.14438230 0.17330754
vt 0.56102175 0.35249496
vt 0.14440835 0.15773314
vt 0.56493491 0.35037696
vt 0.14442006 0.15403229
vt 0.58158356 0.34612858
vt 0.58866525 0.34114951
vt 0.14410073 0.13349104
vt 0.60453129 0.34041649
vt 0.27046165 0.31272972
vt 0.06158759 0.36576009
vt 0.59625375 0.33824831
vt 0.61408985 0.33606017
vt 0.61207384 0.33283567
vt 0.62855870 0.33117330
vt 0.62879312 0.32882053
vt 0.66673058 0.32408696
vt 0.67555225 0.32740235
vt 0.68995720 0.32389319
vt 0.00341824 0.55851275
vt 0.57243103 0.35377496
vt 0.27012587 0.34109741
vt 0.58044809 0.34965301
vt 0.27033907 0.33362973
vt 0.66646427 0.32876384
vt 0.27023157 0.26295787
vt 0.55295014 0.26388800
vt 0.49224156 0.40608376
vt 0.14440522 0.23395711
vt 0.49918917 0.39857501
vt 0.14454332 0.22473937
vt 0.50645936 0.39130878
vt 0.14440463 0.21557039
vt 0.50992727 0.38768339
vt 0.14436094 0.21105969
vt 0.66423106 0.32327706
vt 0.00373982 0.57855779
vt 0.03382341 0.36182153
vt 0.62969542 0.32794410
vt 0.00365414 0.60580152
vt 0.68075955 0.32706785
vt 0.70057261 0.32426775
vt 0.00319343 0.55016458
vt 0.70355970 0.32801694
vt 0.70754993 0.32485425
vt 0.85447079 0.58054394
vt 0.71495861 0.32563561
vt 0.70595813 0.32937813
vt 0.27018365 0.23224074
vt 0.71853024 0.32879937
vt 0.72307414 0.32607299
vt 0.00346329 0.53282475
vt 0.73010212 0.32705051
vt 0.73034298 0.33247626
vt 0.27005777 0.21314222
vt 0.73531002 0.32974088
vt 0.73385441 0.32710874
vt 0.00342604 0.52438658
vt 0.73858166 0.32810140
vt 0.00342985 0.52060020
vt 0.74304771 0.32919014
vt 0.00342107 0.51696318
vt 0.73946440 0.33372283
vt 0.26994237 0.20601493
vt 0.75020772 0.33403254
vt 0.00366502 0.50822610
vt 0.75409740 0.33117837
vt 0.76178700 0.33733004
vt 0.76607800 0.33416331
vt 0.00345673 0.49849367
vt 0.76871592 0.34006560
vt 0.26997411 0.18264639
vt 0.78181481 0.34312356
vt 0.78999591 0.34196436
vt 0.00371306 0.47825485
vt 0.78747928 0.34651273
vt 0.26980406 0.16687727
vt 0.79517233 0.34785545
vt 0.00385055 0.46926618
vt 0.79977548 0.34691942
vt 0.00386675 0.46448720
vt 0.80506772 0.34945101
vt 0.80440450 0.35380602
vt 0.00386104 0.45989126
vt 0.81007427 0.35197532
vt 0.81678051 0.35922498
vt 0.81537211 0.35452628
vt 0.00390007 0.45510423
vt 0.82043952 0.35699922
vt 0.82581389 0.36346835
vt 0.82590514 0.35960233
vt 0.82991964 0.36105275
vt 0.00450394 0.44222975
vt 0.83407617 0.36649275
vt 0.84019738 0.36668736
vt 0.00375164 0.43261659
vt 0.83679843 0.37027085
vt 0.27052921 0.12274343
vt 0.84401643 0.37453645
vt 0.84695256 0.37019575
vt 0.55599385 0.46546280
vt 0.85016060 0.37204885
vt 0.55604511 0.46855080
vt 0.85426128 0.38025677
vt 0.85276794 0.37389934
vt 0.55594683 0.47127467
vt 0.86110783 0.38084793
vt 0.55595654 0.48067892
vt 0.86518395 0.38845170
vt 0.87350613 0.39198422
vt 0.87141967 0.39571935
vt 0.87843734 0.39930683
vt 0.88141614 0.40569413
vt 0.88834095 0.40838921
vt 0.88149214 0.39920616
vt 0.55589038 0.50460541
vt 0.88796705 0.40493435
vt 0.55573452 0.51210910
vt 0.89603120 0.41919792
vt 0.89398021 0.42083979
vt 0.90257221 0.43222666
vt 0.90305209 0.42546129
vt 0.55599564 0.53549862
vt 0.90793961 0.43522960
vt 0.89507622 0.41259611
vt 0.55557930 0.52145100
vt 0.91466928 0.45753503
vt 0.91906631 0.46499562
vt 0.92253047 0.48502040
vt 0.92604071 0.48643202
vt 0.92339188 0.49455845
vt 0.92852074 0.49681127
vt 0.92986000 0.68345302
vt 0.92540902 0.49952573
vt 0.92219859 0.50117791
vt 0.79698902 0.26896691
vt 0.92413002 0.50929487
vt 0.92812544 0.50552201
vt 0.93019474 0.69204456
vt 0.92650741 0.51457405
vt 0.92298919 0.51837659
vt 0.92557693 0.52115560
vt 0.92363214 0.52935696
vt 0.90740198 0.43145174
vt 0.55583131 0.54232657
vt 0.92004049 0.52778637
vt 0.79715419 0.29548126
vt 0.91995651 0.53628647
vt 0.92401338 0.54107469
vt 0.93003070 0.72774899
vt 0.91807789 0.54511452
vt 0.91868389 0.55788696
vt 0.93020076 0.74500483
vt 0.91418636 0.55605274
vt 0.91278994 0.56101191
vt 0.91718709 0.56288469
vt 0.92983639 0.75010639
vt 0.91089576 0.56863070
vt 0.90848315 0.56618917
vt 0.83973873 0.05892611
vt 0.90310848 0.57716888
vt 0.67533296 0.35409391
vt 0.92758441 0.52515984
vt 0.92965990 0.71171063
vt 0.92928833 0.51698780
vt 0.92946666 0.70347989
vt 0.92835873 0.52140242
vt 0.92954397 0.70793486
vt 0.92660713 0.52863306
vt 0.92992103 0.71522480
vt 0.92597210 0.53334469
vt 0.92974377 0.71992135
vt 0.92526352 0.53756708
vt 0.92964679 0.72415096
vt 0.46669221 0.44563776
vt 0.14417031 0.27847135
vt 0.47152358 0.43489230
vt 0.14417176 0.26706558
vt 0.47322032 0.43167555
vt 0.14410359 0.26361024
vt 0.46599099 0.55751067
vt 0.99911076 0.18230236
vt 0.68463349 0.32805514
vt 0.71346748 0.32495099
vt 0.85538322 0.57577586
vt 0.68143803 0.32830888
vt 0.26992249 0.25128925
vt 0.82237387 0.36309493
vt 0.26967987 0.13581109
vt 0.77601939 0.34251297
vt 0.26977488 0.17653424
vt 0.92217028 0.51024914
vt 0.90883803 0.43211913
vt 0.55522251 0.54347885
vt 0.89712518 0.42651087
vt 0.79729009 0.19179088
vt 0.90268332 0.43481588
vt 0.79744220 0.20104951
vt 0.91527408 0.46489900
vt 0.79746032 0.23242021
vt 0.80747950 0.35588109
vt 0.26945412 0.14920592
vt 0.92169470 0.48817629
vt 0.79724747 0.25603890
vt 0.91929394 0.47741222
vt 0.79732835 0.24519652
vt 0.87487805 0.39221847
vt 0.55559260 0.49606323
vt 0.48052710 0.57152861
vt 0.86356401 0.89564353
vt 0.56200927 0.35872054
vt 0.26970461 0.35055715
vt 0.46281108 0.48218590
vt 0.74380726 0.89640248
vt 0.55539262 0.36210513
vt 0.26958895 0.35669458
vt 0.55605686 0.89691842
vt 0.71446818 0.32453096
vt 0.85447079 0.57496512
vt 0.00471552 0.53962439
vt 0.87020522 0.39582396
vt 0.26996264 0.08675748
vt 0.45888317 0.46355236
vt 0.99892801 0.27789402
vt 0.14458178 0.29732001
vt 0.50377303 0.40295172
vt 0.63102436 0.89652932
vt 0.51604420 0.39074194
vt 0.61085755 0.89659673
vt 0.49793276 0.40935189
vt 0.64124167 0.89650708
vt 0.92194188 0.51536781
vt 0.79753345 0.28304541
vt 0.89351702 0.42241836
vt 0.79784381 0.18691397
vt 0.80156267 0.35363734
vt 0.26853129 0.15416217
vt 0.61284292 0.33138895
vt 0.00494499 0.61917865
vt 0.82157320 0.35658920
vt 0.00508639 0.45000994
vt 0.59552270 0.33730662
vt 0.14559355 0.12688899
vt 0.91100538 0.45597112
vt 0.79862076 0.22301662
vt 0.06663871 0.07531768
vt 0.37122974 0.88735080
vt 0.05921885 0.08150923
vt 0.36027056 0.88686424
vt 0.07147331 0.07033777
vt 0.37932092 0.88687944
vt 0.37011933 0.88418823
vt 0.35954648 0.88530308
vt 0.34562761 0.88464373
vt 0.34703740 0.86629140
vt 0.35865456 0.84427905
vt 0.35203668 0.83641267
vt 0.35988900 0.83603179
vt 0.36358494 0.85035866
vt 0.37103885 0.83672059
vt 0.36960864 0.84983766
vt 0.38082355 0.87520581
vt 0.37704590 0.84930086
vt 0.38538510 0.88485909
vt 0.38876566 0.86641055
vt 0.38820526 0.84602416
vt 0.38517338 0.83520395
vt 0.36689290 0.83406305
vt 0.39724624 0.83662844
vt 0.39814126 0.88663840
vt 0.39930514 0.87379426
vt 0.39821464 0.84769607
vt 0.41038692 0.83679616
vt 0.40997428 0.88652289
vt 0.40976688 0.87475848
vt 0.41007555 0.85144544
vt 0.85635507 0.35006535
vt 0.39894649 0.83377039
vt 0.40635386 0.83379847
vt 0.86171728 0.35354722
vt 0.39178523 0.83367735
vt 0.34599903 0.84346825
vt 0.34384266 0.83629501
vt 0.42070058 0.88532704
vt 0.42113602 0.86075521
vt 0.42141715 0.83598500
vt 0.37183335 0.10117733
vt 0.41261643 0.83382410
vt 0.84053391 0.34094524
vt 0.41903391 0.83386445
vt 0.36902466 0.09937239
vt 0.33624804 0.87935376
vt 0.33709884 0.84321302
vt 0.33699766 0.88630575
vt 0.32714599 0.88161629
vt 0.88538706 0.37020636
vt 0.35905224 0.83368880
vt 0.34765482 0.83373386
vt 0.32607141 0.83595932
vt 0.32831606 0.87216073
vt 0.32728073 0.84187263
vt 0.04051729 0.10195482
vt 0.32766429 0.88681245
vt 0.33834660 0.83380383
vt 0.33066103 0.83353013
vt 0.31718242 0.88523316
vt 0.32407635 0.87077093
vt 0.31467962 0.87247652
vt 0.30800992 0.88154709
vt 0.30665663 0.86821955
vt 0.30935225 0.84489799
vt 0.31005436 0.83805346
vt 0.30850831 0.83445442
vt 0.90794981 0.39085251
vt 0.32331419 0.83353925
vt 0.31621218 0.83355355
vt 0.30245003 0.88666463
vt 0.29828435 0.84429520
vt 0.29435250 0.83651042
vt 0.29589826 0.88185418
vt 0.29807007 0.86641473
vt 0.30111781 0.83418995
vt 0.03418713 0.11071146
vt 0.31459481 0.88695294
vt 0.28727674 0.88139564
vt 0.28444487 0.88653839
vt 0.29115802 0.83435202
vt 0.28770059 0.84455484
vt 0.27938911 0.83626771
vt 0.27918449 0.84568799
vt 0.26901001 0.84503412
vt 0.26847500 0.83627868
vt 0.01613697 0.14000362
vt 0.27228448 0.88662040
vt 0.26858622 0.88018441
vt 0.27865621 0.88055736
vt 0.92922080 0.41678393
vt 0.28260463 0.83358413
vt 0.26838234 0.83419335
vt 0.01234405 0.14846659
vt 0.26061600 0.88682365
vt 0.25929683 0.88120806
vt 0.25914222 0.83886206
vt 0.25208366 0.83460760
vt 0.25124809 0.88610816
vt 0.25103363 0.84019709
vt 0.25140283 0.86981136
vt 0.24339829 0.83570236
vt 0.09824431 0.05045116
vt 0.41657332 0.88701952
vt 0.43052840 0.83860171
vt 0.37528047 0.10816425
vt 0.24043015 0.84299409
vt 0.24074969 0.87076491
vt 0.22667061 0.83671010
vt 0.23325272 0.84481686
vt 0.23400447 0.86299360
vt 0.23320672 0.88407630
vt 0.24399534 0.88486278
vt 0.00667235 0.16613632
vt 0.23682471 0.88700026
vt 0.22505262 0.88645834
vt 0.22409576 0.84609056
vt 0.22475107 0.86412060
vt 0.22424407 0.87864554
vt 0.21573564 0.88629383
vt 0.21573311 0.87357706
vt 0.21585490 0.83459610
vt 0.95018131 0.45695871
vt 0.22496358 0.83344156
vt 0.21586803 0.84423554
vt 0.92021793 0.40553832
vt 0.30014300 0.83316600
vt 0.29511222 0.88688314
vt 0.20741616 0.85838211
vt 0.20872548 0.87940031
vt 0.19971472 0.83576733
vt 0.19917072 0.85810065
vt 0.19896711 0.87111741
vt 0.19896382 0.88634598
vt 0.19938678 0.84036863
vt 0.62494177 0.59039104
vt 0.18476278 0.84157002
vt 0.64585853 0.59178966
vt 0.18664081 0.85744023
vt 0.19885880 0.83417898
vt 0.93661731 0.42888892
vt 0.26483306 0.83334041
vt 0.68438762 0.59054005
vt 0.18516751 0.88668531
vt 0.00955436 0.15802526
vt 0.24781318 0.88728619
vt 0.00064733 0.20177329
vt 0.68566340 0.59405476
vt 0.18979375 0.88754517
vt 0.89583778 0.38023019
vt 0.34202537 0.83278257
vt 0.09311681 0.05490583
vt 0.40886188 0.88786167
vt 0.95648986 0.48198533
vt 0.61371499 0.59518826
vt 0.19105174 0.83312833
vt 0.02423869 0.12825596
vt 0.28958362 0.88788432
vt 0.03046687 0.11852098
vt 0.30379152 0.88807529
vt 0.91309744 0.39856213
vt 0.31190419 0.83228731
vt 0.34540704 0.22334492
vt 0.34520578 0.22892880
vt 0.81837314 0.69505674
vt 0.34671766 0.22458476
vt 0.80797255 0.69955552
vt 0.34633061 0.23353434
vt 0.82565862 0.69212079
vt 0.34630755 0.21840310
vt 0.34475631 0.23723936
vt 0.80225897 0.70141095
vt 0.34658563 0.23817539
vt 0.79698604 0.70351660
vt 0.34631130 0.24261916
vt 0.34497020 0.24597597
vt 0.34145129 0.21592230
vt 0.83061016 0.68976718
vt 0.34632668 0.21401918
vt 0.34366685 0.20728886
vt 0.33931762 0.23072219
vt 0.34223011 0.22313631
vt 0.34056795 0.24376321
vt 0.33021104 0.23744327
vt 0.28611761 0.23036194
vt 0.28915888 0.22685868
vt 0.29042789 0.22344089
vt 0.28567061 0.23779500
vt 0.17644428 0.41122460
vt 0.27588943 0.23597723
vt 0.32648346 0.24398553
vt 0.27648345 0.24482071
vt 0.29220140 0.25242722
vt 0.29250020 0.24374545
vt 0.31409058 0.25222445
vt 0.34155899 0.25203180
vt 0.17043991 0.40926015
vt 0.27595988 0.23100376
vt 0.27664816 0.22292995
vt 0.28564307 0.21507025
vt 0.27660343 0.21626097
vt 0.27973959 0.20799863
vt 0.30100676 0.20788729
vt 0.31195247 0.25855136
vt 0.27687377 0.25796372
vt 0.34202185 0.25838715
vt 0.14119516 0.39824831
vt 0.27617124 0.20609736
vt 0.33206633 0.26570511
vt 0.34482303 0.26415420
vt 0.28915212 0.26588094
vt 0.27670315 0.26433325
vt 0.77765626 0.70948619
vt 0.34630987 0.25818288
vt 0.34300709 0.27802241
vt 0.32033077 0.27427185
vt 0.28981280 0.27161002
vt 0.27655682 0.27979159
vt 0.29874137 0.27919722
vt 0.32717836 0.27923751
vt 0.34290314 0.28547716
vt 0.32971475 0.28608745
vt 0.29540929 0.28599375
vt 0.34534827 0.27017105
vt 0.34546357 0.27720284
vt 0.27655756 0.29199851
vt 0.29294112 0.29108465
vt 0.34313068 0.29138231
vt 0.34549353 0.28715479
vt 0.31003967 0.29875129
vt 0.29089803 0.29921371
vt 0.27699110 0.29934108
vt 0.34335795 0.29872739
vt 0.32947540 0.20147479
vt 0.34214866 0.20048797
vt 0.30252188 0.20087570
vt 0.28496641 0.20137930
vt 0.29370227 0.19211394
vt 0.30879378 0.19192505
vt 0.34173757 0.19303727
vt 0.28268856 0.19330454
vt 0.12773220 0.39206487
vt 0.27620319 0.19411653
vt 0.34527797 0.20183271
vt 0.85370439 0.67769551
vt 0.34616619 0.19293576
vt 0.33449203 0.18394613
vt 0.29707345 0.18381959
vt 0.27849722 0.18435454
vt 0.34232265 0.18589032
vt 0.11431913 0.38490355
vt 0.27623010 0.18162119
vt 0.27912846 0.17482209
vt 0.30793762 0.17462969
vt 0.33763039 0.16843313
vt 0.86882079 0.66839927
vt 0.34612918 0.17827034
vt 0.34494203 0.17327309
vt 0.83505714 0.68733788
vt 0.34653702 0.20991051
vt 0.84221506 0.68358666
vt 0.34655178 0.20336974
vt 0.29239729 0.16796702
vt 0.33032808 0.16806710
vt 0.27643445 0.16620022
vt 0.27705866 0.15996218
vt 0.34040985 0.15882069
vt 0.32857487 0.15916198
vt 0.29379988 0.16005337
vt 0.10285545 0.37781465
vt 0.27579090 0.17036152
vt 0.34515825 0.16013098
vt 0.18868172 0.41419977
vt 0.27552605 0.24576122
vt 0.34485045 0.15259522
vt 0.33066574 0.15113825
vt 0.29578522 0.15170562
vt 0.28366193 0.15166801
vt 0.66461158 0.42193985
vt 0.29577389 0.14230675
vt 0.62905312 0.42169428
vt 0.33117497 0.14257944
vt 0.67543960 0.42334473
vt 0.28499794 0.14088947
vt 0.88879216 0.65326262
vt 0.34628877 0.15690947
vt 0.34560490 0.30404079
vt 0.34365016 0.30773735
vt 0.33629334 0.30715388
vt 0.29335490 0.30693650
vt 0.27653700 0.30759203
vt 0.23317291 0.42289221
vt 0.27573416 0.28088385
vt 0.31173477 0.31980312
vt 0.33584973 0.32004440
vt 0.29067537 0.32002163
vt 0.27633521 0.31931233
vt 0.34552783 0.31860197
vt 0.76866573 0.71140450
vt 0.34688386 0.26513088
vt 0.27645332 0.33130562
vt 0.60745448 0.76226723
vt 0.60921586 0.78958869
vt 0.31244859 0.33265746
vt 0.60917616 0.80653453
vt 0.33477163 0.33260119
vt 0.60603708 0.81320202
vt 0.34354439 0.33018064
vt 0.75054443 0.71557087
vt 0.34664068 0.27921939
vt 0.73593652 0.71798795
vt 0.34671667 0.29034674
vt 0.28475723 0.42503488
vt 0.27496812 0.32040393
vt 0.13903847 0.39664948
vt 0.27545089 0.20386976
vt 0.24752273 0.42314941
vt 0.27417883 0.29180086
vt 0.69556129 0.72140867
vt 0.59352189 0.81624824
vt 0.34717155 0.32054043
vt 0.23640496 0.04702616
vt 0.24149846 0.04569888
vt 0.24870278 0.04635257
vt 0.85858017 0.24918443
vt 0.22956452 0.04635274
vt 0.21829331 0.04819918
vt 0.21829243 0.05104291
vt 0.85900873 0.27316964
vt 0.20753327 0.05077899
vt 0.20439182 0.05444676
vt 0.85901636 0.28441882
vt 0.19267689 0.05480462
vt 0.19436498 0.05752963
vt 0.85901368 0.29274368
vt 0.18919167 0.05924165
vt 0.85891539 0.29708588
vt 0.17906252 0.05953878
vt 0.17550011 0.06328964
vt 0.23168959 0.04482371
vt 0.23822682 0.04332912
vt 0.25127715 0.04294163
vt 0.25765505 0.04546571
vt 0.85886616 0.24223816
vt 0.21767071 0.04734147
vt 0.20076421 0.05212504
vt 0.24572058 0.04180861
vt 0.27402830 0.04086447
vt 0.27680090 0.04212737
vt 0.26730239 0.04400891
vt 0.18466163 0.05644852
vt 0.17228571 0.06128037
vt 0.17082001 0.06379545
vt 0.30790052 0.04125941
vt 0.30587173 0.04209107
vt 0.30745992 0.04331023
vt 0.32051906 0.04388368
vt 0.32263944 0.04508322
vt 0.33339933 0.04591131
vt 0.33531487 0.04716945
vt 0.34634033 0.04935932
vt 0.28834966 0.04387540
vt 0.16183490 0.06659091
vt 0.34582701 0.05115104
vt 0.35692215 0.05200243
vt 0.35817328 0.05623209
vt 0.20886619 0.07947546
vt 0.36406681 0.05510914
vt 0.36717781 0.05889601
vt 0.20897244 0.08692336
vt 0.32988489 0.04919541
vt 0.85897243 0.18625796
vt 0.33768451 0.05083489
vt 0.85881662 0.18001407
vt 0.37772506 0.05951941
vt 0.16347535 0.06885928
vt 0.86042517 0.01176614
vt 0.15806796 0.07171667
vt 0.85380554 0.01193100
vt 0.15178338 0.07297206
vt 0.15210067 0.07486695
vt 0.84650207 0.01187509
vt 0.14933322 0.07646692
vt 0.84300232 0.01185000
vt 0.26875252 0.04520422
vt 0.85854596 0.23368585
vt 0.35046196 0.05397201
vt 0.20852660 0.07312149
vt 0.06677396 0.26213491
vt 0.56903678 0.01061994
vt 0.06728874 0.27050811
vt 0.32527372 0.06589961
vt 0.06504036 0.26547450
vt 0.32618612 0.06051570
vt 0.06202757 0.25875211
vt 0.32527372 0.05334729
vt 0.06246269 0.25057584
vt 0.05917750 0.24859107
vt 0.05775812 0.23879468
vt 0.07336862 0.27202904
vt 0.55463719 0.01212066
vt 0.07183315 0.27759206
vt 0.07535704 0.27636701
vt 0.07799384 0.28080654
vt 0.54219735 0.01230901
vt 0.07610069 0.28720975
vt 0.08027515 0.29044771
vt 0.07942777 0.29339886
vt 0.08237682 0.28885162
vt 0.53071052 0.01221299
vt 0.08458741 0.29237735
vt 0.52554959 0.01209384
vt 0.08478391 0.29895854
vt 0.08647677 0.29658324
vt 0.51979512 0.01139677
vt 0.05666929 0.24249226
vt 0.11672083 0.73047417
vt 0.05598230 0.23217016
vt 0.07100675 0.27933252
vt 0.08700971 0.30358744
vt 0.08962051 0.30338889
vt 0.09321567 0.30943829
vt 0.05866410 0.25082111
vt 0.12819344 0.72977686
vt 0.05459059 0.23424828
vt 0.10538321 0.72977686
vt 0.05522108 0.21668988
vt 0.09516843 0.31301284
vt 0.10509479 0.32136130
vt 0.10692991 0.32426560
vt 0.11372342 0.32822073
vt 0.05361142 0.21560663
vt 0.05527373 0.20175683
vt 0.05930620 0.19747263
vt 0.65457845 0.01187921
vt 0.48552594 0.07188350
vt 0.48025998 0.06593430
vt 0.84077597 0.59961331
vt 0.47991142 0.06768584
vt 0.46983147 0.06041676
vt 0.47102919 0.05896163
vt 0.84085768 0.58970237
vt 0.46005023 0.05301231
vt 0.84242201 0.57948250
vt 0.49529856 0.07937133
vt 0.84100699 0.61729532
vt 0.48833671 0.07586473
vt 0.49878424 0.08486235
vt 0.50219637 0.08603257
vt 0.84097159 0.62579077
vt 0.50554508 0.09204227
vt 0.51162624 0.09954667
vt 0.49367401 0.08166844
vt 0.51841080 0.10763663
vt 0.45770136 0.05363393
vt 0.44894177 0.04625428
vt 0.52195895 0.10977018
vt 0.84147835 0.65394872
vt 0.52431548 0.11559415
vt 0.53061372 0.12501276
vt 0.53422630 0.13223791
vt 0.53834552 0.13542145
vt 0.11542241 0.81876659
vt 0.53694552 0.13748842
vt 0.53969663 0.14067954
vt 0.12231632 0.81973499
vt 0.45397505 0.04773492
vt 0.84109962 0.57251757
vt 0.43757242 0.03954995
vt 0.84260947 0.55753660
vt 0.02224387 0.29559588
vt 0.02732829 0.30510104
vt 0.68430543 0.48750150
vt 0.02752823 0.30263889
vt 0.02033957 0.28895915
vt 0.01729861 0.28330374
vt 0.01486135 0.27979720
vt 0.68540484 0.51462859
vt 0.02313495 0.29481387
vt 0.03251541 0.30879724
vt 0.03332867 0.31180471
vt 0.01403665 0.27455109
vt 0.01041298 0.26821208
vt 0.68534911 0.52673882
vt 0.01103988 0.26585352
vt 0.00811007 0.26180875
vt 0.68529558 0.53340775
vt 0.00785236 0.25557989
vt 0.00578061 0.25333345
vt 0.68547183 0.54208916
vt 0.03405817 0.31536758
vt 0.68414366 0.47600400
vt 0.03843810 0.31777507
vt 0.03941431 0.32199609
vt 0.68425494 0.46820915
vt 0.35899419 0.41622937
vt 0.36662874 0.41398734
vt 0.36294112 0.41642392
vt 0.67228663 0.76285553
vt 0.37209943 0.41393459
vt 0.68195480 0.76269597
vt 0.37631062 0.41137481
vt 0.38683754 0.40897822
vt 0.69802833 0.76236284
vt 0.34885046 0.41833901
vt 0.33274242 0.42130113
vt 0.64151466 0.76160139
vt 0.38429233 0.40812898
vt 0.38961390 0.40683538
vt 0.70170373 0.76128137
vt 0.33932552 0.41919941
vt 0.35534221 0.41578281
vt 0.34634191 0.41752326
vt 0.37084985 0.41216433
vt 0.32532790 0.42105341
vt 0.31253996 0.42267132
vt 0.36058009 0.41392857
vt 0.37681606 0.40988863
vt 0.30483410 0.42435312
vt 0.27512446 0.33577406
vt 0.61332500 0.76135725
vt 0.29362774 0.42421025
vt 0.39384606 0.40388453
vt 0.40233099 0.40154815
vt 0.39598021 0.40433466
vt 0.70887065 0.76115757
vt 0.40857574 0.39899099
vt 0.41879627 0.39435041
vt 0.19041327 0.01149458
vt 0.18331601 0.01361305
vt 0.18569909 0.01143837
vt 0.43871453 0.17548180
vt 0.17223455 0.01516277
vt 0.43828657 0.16454327
vt 0.17563511 0.01585454
vt 0.19725403 0.00938630
vt 0.43966183 0.18454880
vt 0.16907221 0.01720560
vt 0.16281900 0.01851887
vt 0.43850908 0.15659994
vt 0.16001748 0.02088958
vt 0.15187286 0.02440035
vt 0.14464600 0.02775371
vt 0.16713123 0.01906466
vt 0.13735957 0.03103125
vt 0.13001978 0.03425866
vt 0.19394659 0.01192552
vt 0.20565552 0.00856352
vt 0.15841174 0.02289778
vt 0.17623092 0.01677877
vt 0.21428971 0.00756347
vt 0.21597376 0.00610191
vt 0.44023722 0.19927359
vt 0.22841105 0.00476134
vt 0.24100631 0.00240111
vt 0.44017991 0.21887326
vt 0.12455437 0.03543735
vt 0.43927410 0.12272286
vt 0.12098449 0.03900504
vt 0.11495022 0.04148728
vt 0.44023448 0.11320931
vt 0.10167286 0.31444013
vt 0.09567700 0.30848581
vt 0.09302443 0.30333531
vt 0.50879455 0.01220316
vt 0.10777779 0.32108498
vt 0.11483488 0.32448173
vt 0.06523722 0.39114702
vt 0.11721635 0.32770348
vt 0.12597974 0.33735561
vt 0.12603000 0.33501881
vt 0.13780408 0.34298187
vt 0.14089727 0.34832305
vt 0.14375900 0.34940201
vt 0.12726387 0.33982790
vt 0.14391947 0.34517884
vt 0.06489478 0.42198420
vt 0.15120967 0.35163641
vt 0.15493923 0.35599637
vt 0.16164152 0.35662103
vt 0.92638016 0.84778929
vt 0.16718227 0.36177713
vt 0.17835376 0.36354375
vt 0.90735108 0.84803694
vt 0.17424256 0.36476827
vt 0.18057790 0.36755210
vt 0.18933374 0.37064523
vt 0.19588642 0.37196225
vt 0.20228687 0.37147456
vt 0.88118929 0.84804273
vt 0.20889524 0.37512350
vt 0.21058528 0.37303638
vt 0.87267196 0.84861058
vt 0.21313372 0.37475097
vt 0.86957300 0.84758490
vt 0.13246760 0.33791447
vt 0.12617707 0.33316535
vt 0.06518154 0.40359676
vt 0.15665497 0.35289437
vt 0.93326038 0.84869856
vt 0.45650959 0.07379061
vt 0.46426374 0.08783013
vt 0.41677427 0.05764091
vt 0.50146353 0.09062457
vt 0.48220891 0.08459878
vt 0.50004411 0.10928422
vt 0.47745958 0.10569495
vt 0.52772927 0.12332916
vt 0.52142781 0.13143480
vt 0.51553220 0.10784638
vt 0.53805470 0.14747238
vt 0.49472994 0.12163043
vt 0.48302972 0.12413746
vt 0.46506435 0.11681128
vt 0.46003532 0.11129200
vt 0.45758665 0.10316944
vt 0.43889025 0.09259599
vt 0.44678789 0.09871572
vt 0.47270530 0.12633395
vt 0.47786990 0.13433450
vt 0.48209915 0.14093602
vt 0.48978072 0.14288872
vt 0.50558650 0.13743788
vt 0.52430844 0.15893567
vt 0.54341376 0.16722614
vt 0.52353203 0.17783248
vt 0.53460318 0.20375288
vt 0.52837229 0.22505760
vt 0.54947686 0.18714112
vt 0.54664654 0.22855854
vt 0.54202425 0.25236064
vt 0.52784711 0.24330664
vt 0.50934255 0.22413063
vt 0.55014503 0.24178225
vt 0.49818709 0.15444231
vt 0.49852291 0.24683666
vt 0.51087302 0.26239908
vt 0.49378532 0.26170313
vt 0.50586241 0.24271899
vt 0.52483636 0.27429497
vt 0.53532398 0.28456157
vt 0.52770698 0.29797089
vt 0.50647950 0.29553282
vt 0.51554388 0.31353974
vt 0.49715725 0.27839679
vt 0.49279290 0.31927872
vt 0.50741231 0.32750785
vt 0.49885982 0.33460301
vt 0.48291516 0.35014492
vt 0.45074442 0.37292898
vt 0.42849687 0.36150825
vt 0.45374534 0.34993839
vt 0.42734870 0.38677055
vt 0.39606461 0.38416976
vt 0.40645623 0.39521694
vt 0.40135872 0.37052339
vt 0.35870722 0.41058218
vt 0.38093561 0.40456051
vt 0.33701417 0.39845204
vt 0.28376445 0.40937012
vt 0.27155811 0.40226829
vt 0.25981373 0.39356810
vt 0.24035946 0.40228760
vt 0.23364887 0.38275063
vt 0.21301939 0.39561319
vt 0.20207311 0.41310859
vt 0.18594752 0.40851206
vt 0.19069313 0.38947725
vt 0.16343057 0.38792366
vt 0.14536615 0.37514031
vt 0.12327971 0.36395180
vt 0.12963736 0.35031843
vt 0.09188186 0.34091902
vt 0.07799103 0.35370016
vt 0.06601436 0.34127784
vt 0.06840779 0.31957221
vt 0.04663366 0.28572321
vt 0.02084865 0.28496724
vt 0.01820363 0.27290094
vt 0.03971956 0.26173985
vt 0.04613625 0.23250556
vt 0.05363332 0.19876242
vt 0.03157420 0.23132515
vt 0.01582295 0.26012194
vt 0.00821347 0.23331130
vt 0.00803983 0.24853635
vt 0.03182435 0.19451094
vt 0.02079443 0.22078788
vt 0.02602001 0.16765273
vt 0.05273786 0.14143062
vt 0.04102810 0.13354754
vt 0.06000755 0.10800529
vt 0.08987740 0.07157189
vt 0.07440946 0.10781056
vt 0.13127360 0.05382711
vt 0.09663489 0.08147132
vt 0.17665982 0.03263921
vt 0.16446704 0.04999310
vt 0.22214794 0.01808310
vt 0.19553818 0.03310108
vt 0.25183228 0.01850462
vt 0.21498916 0.03371918
vt 0.32781464 0.01093048
vt 0.30418402 0.01976687
vt 0.31268913 0.00435829
vt 0.27326390 0.00698251
vt 0.23640224 0.00672621
vt 0.24312948 0.00367582
vt 0.30454406 0.00282478
vt 0.19932567 0.01480108
vt 0.17807879 0.02044225
vt 0.16002254 0.02570677
vt 0.14233010 0.03294981
vt 0.11482930 0.04719687
vt 0.12681039 0.03958511
vt 0.09270968 0.05733567
vt 0.07737833 0.07087374
vt 0.06144150 0.08733308
vt 0.04848049 0.10172987
vt 0.03820540 0.11087388
vt 0.02853827 0.12497377
vt 0.01779320 0.14821702
vt 0.01359022 0.17389923
vt 0.00255257 0.20719558
vt 0.00373990 0.19188076
vt 0.04311562 0.16517657
vt 0.06919295 0.28495628
vt 0.04108814 0.31397152
vt 0.02770786 0.29981798
vt 0.04497402 0.32444453
vt 0.08920670 0.36152887
vt 0.11149240 0.37738585
vt 0.12999876 0.38625002
vt 0.15004718 0.39503229
vt 0.16662253 0.40175557
vt 0.21644157 0.37851143
vt 0.18828979 0.37769735
vt 0.16587675 0.36247039
vt 0.15242024 0.35614324
vt 0.22649649 0.41458058
vt 0.24514779 0.41983950
vt 0.28261244 0.42085004
vt 0.30610979 0.41981661
vt 0.33675855 0.41411090
vt 0.33802441 0.37919772
vt 0.32492131 0.38174736
vt 0.30562997 0.39702499
vt 0.29496315 0.38563412
vt 0.27360514 0.38463920
vt 0.25068346 0.38432741
vt 0.30697876 0.38360107
vt 0.35779539 0.37588835
vt 0.37424275 0.36882710
vt 0.39049688 0.36275589
vt 0.40378776 0.35583985
vt 0.41724673 0.34893870
vt 0.45442143 0.33364630
vt 0.47111267 0.36172175
vt 0.46642056 0.30717397
vt 0.47615960 0.29870665
vt 0.48117560 0.28748405
vt 0.50118130 0.23639476
vt 0.50323522 0.22224909
vt 0.50264668 0.19807231
vt 0.50182676 0.18386281
vt 0.45361102 0.06020117
vt 0.46694189 0.06224215
vt 0.44864875 0.04817235
vt 0.43290535 0.04124236
vt 0.48316628 0.07373190
vt 0.39878535 0.04848504
vt 0.41028178 0.02978635
vt 0.39795029 0.03333944
vt 0.40248638 0.02467924
vt 0.36792248 0.03569692
vt 0.36684036 0.01655418
vt 0.38387012 0.02151817
vt 0.32856977 0.02987617
vt 0.30060956 0.03036618
vt 0.25884184 0.02306104
vt 0.26339665 0.03278124
vt 0.22449704 0.04289198
vt 0.20085219 0.04959536
vt 0.16904928 0.06145650
vt 0.15547515 0.06759804
vt 0.13850501 0.07737827
vt 0.12517627 0.08691323
vt 0.11197980 0.09611773
vt 0.10216305 0.10364681
vt 0.09190372 0.11669147
vt 0.08669093 0.12290072
vt 0.08199941 0.12885308
vt 0.07697860 0.13566947
vt 0.33769706 0.03943020
vt 0.34836048 0.04820669
vt 0.36675122 0.04844236
vt 0.39190257 0.06322819
vt 0.40232527 0.06559008
vt 0.43579462 0.07730067
vt 0.42719021 0.08423889
vt 0.42039961 0.07916886
vt 0.48833010 0.15242463
vt 0.49260679 0.16311097
vt 0.49675679 0.17276752
vt 0.45271394 0.32238209
vt 0.44434038 0.32827556
vt 0.43132806 0.33861983
vt 0.55288762 0.23286128
vt 0.54243863 0.27306187
vt 0.54461712 0.15808123
vt 0.34837523 0.01123935
vt 0.33086047 0.00516939
vt 0.34237722 0.00744414
vt 0.10645112 0.04805696
vt 0.54893106 0.17070049
vt 0.55184084 0.18624175
vt 0.06660999 0.15555489
vt 0.06934293 0.14981049
vt 0.07238711 0.14340037
vt 0.06224216 0.16654015
vt 0.05910355 0.17636192
vt 0.05538746 0.18881249
vt 0.38480487 0.01794314
vt 0.00257786 0.22946191
vt 0.00505091 0.24446285
vt 0.43501329 0.03915632
vt 0.42097175 0.03208798
vt 0.41255978 0.02800399
vt 0.54820436 0.25429225
vt 0.54623568 0.26417422
vt 0.10011473 0.36985958
vt 0.00584648 0.17858803
vt 0.00840366 0.16680717
vt 0.01062282 0.15892851
vt 0.04456088 0.10065675
vt 0.06469258 0.07851654
vt 0.05366736 0.09033453
vt 0.05493199 0.33657885
vt 0.06594165 0.34669459
vt 0.52364069 0.30835456
vt 0.12614778 0.38800085
vt 0.17694229 0.40970671
vt 0.16617145 0.40573519
vt 0.15324844 0.40090883
vt 0.14594005 0.39819139
vt 0.13689429 0.39401782
vt 0.18856436 0.41284817
vt 0.22174563 0.41952085
vt 0.20314604 0.41623175
vt 0.36165026 0.01127076
vt 0.36839184 0.01293170
vt 0.37596875 0.01473749
vt 0.35233319 0.00913072
vt 0.48443887 0.28021932
vt 0.48830163 0.27212548
vt 0.47515735 0.29510355
vt 0.08655924 0.36441743
vt 0.07269799 0.35382771
vt 0.43653780 0.38577259
vt 0.45911342 0.37173378
vt 0.44436374 0.38152599
vt 0.49585685 0.34239483
vt 0.48152316 0.35567856
vt 0.54771894 0.16424990
vt 0.02256987 0.13260734
vt 0.01699874 0.14292514
vt 0.01259206 0.15262151
vt 0.54315507 0.15184975
vt 0.54066032 0.14518988
vt 0.36255035 0.37261629
vt 0.35141167 0.37492830
vt 0.20303525 0.37452799
vt 0.37224087 0.05639029
vt 0.45005113 0.10277975
vt 0.40812796 0.07206261
vt 0.39984757 0.06821257
vt 0.10331214 0.37628102
vt 0.11239715 0.38159692
vt 0.26321310 0.42411208
vt 0.52078539 0.31379300
vt 0.51131743 0.32628280
vt 0.50417024 0.33428955
vt 0.22766037 0.38034570
vt 0.42890036 0.38996089
vt 0.32021442 0.00358886
vt 0.23442253 0.42160428
vt 0.53355455 0.29394221
vt 0.53043854 0.29976988
vt 0.33664301 0.81973499
vt 0.03492029 0.11290985
vt 0.29089758 0.00146234
vt 0.25708139 0.00189739
vt 0.55434000 0.19785428
vt 0.08068406 0.06454992
vt 0.39114150 0.88807529
vt 0.08715921 0.06029242
vt 0.11022295 0.10001343
vt 0.09896091 0.10918200
vt 0.54159290 0.27764118
vt 0.23812680 0.38137269
vt 0.49979579 0.18174183
vt 0.50127518 0.19709426
vt 0.53645021 0.28887832
vt 0.03923105 0.10587931
vt 0.32258162 0.88797402
vt 0.25000614 0.38321418
vt 0.55179584 0.24470931
vt 0.33836925 0.37773716
vt 0.32651421 0.37992501
vt 0.53905123 0.28380388
vt 0.41759491 0.34705901
vt 0.15482064 0.06939036
vt 0.14458062 0.07517338
vt 0.46325141 0.37016976
vt 0.79013306 0.76133168
vt 0.43288621 0.08908725
vt 0.45309138 0.31854534
vt 0.43199900 0.33610702
vt 0.44355008 0.32691193
vt 0.39021337 0.06383991
vt 0.38322151 0.06049258
vt 0.41802117 0.07898277
vt 0.45939574 0.31342101
vt 0.00229969 0.19440836
vt 0.13463326 0.08201325
vt 0.52666521 0.30595851
vt 0.39311111 0.02019000
vt 0.36369392 0.37110180
vt 0.54949635 0.25475192
vt 0.04562374 0.32669735
vt 0.31692865 0.38176358
vt 0.46648839 0.30503798
vt 0.55448151 0.22883832
vt 0.10646065 0.04681295
vt 0.04752085 0.09592742
vt 0.33809829 0.88800687
vt 0.47955796 0.28715885
vt 0.54463625 0.27054459
vt 0.38299412 0.36449957
vt 0.39534345 0.35872400
vt 0.12931387 0.39114523
vt 0.00614279 0.17224413
vt 0.40449122 0.35412562
vt 0.55076468 0.17349392
vt 0.48332998 0.14553106
vt 0.49484861 0.25564003
vt 0.49113062 0.26454806
vt 0.06052067 0.34258544
vt 0.49718064 0.24752200
vt 0.49956122 0.23766983
vt 0.06566501 0.16053015
vt 0.45209581 0.37721395
vt 0.12244181 0.09141463
vt 0.00398825 0.17892450
vt 0.21988121 0.88753009
vt 0.41419488 0.07770723
vt 0.20574817 0.12628901
vt 0.27077550 0.00034869
vt 0.44007567 0.24179024
vt 0.30528405 0.38232261
vt 0.05776567 0.18282402
vt 0.28101239 0.38292146
vt 0.37629664 0.36628240
vt 0.54609102 0.15678471
vt 0.14442624 0.81956577
vt 0.51607752 0.32073337
vt 0.34876573 0.00737935
vt 0.84219575 0.48171723
vt 0.05763189 0.08482116
vt 0.35584873 0.88787061
vt 0.00211236 0.18813819
vt 0.20767577 0.88731456
vt 0.21515012 0.81931651
vt 0.55606431 0.21005094
vt 0.06322552 0.16798067
vt 0.47369608 0.29534745
vt 0.50144768 0.22893316
vt 0.49889880 0.18309569
vt 0.21932316 0.37793875
vt 0.48835382 0.15507984
vt 0.49009132 0.34934282
vt 0.82849610 0.76164973
vt 0.07200264 0.14810419
vt 0.00129248 0.23051441
vt 0.68543404 0.56523126
vt 0.06091888 0.17458558
vt 0.45655921 0.11030495
vt 0.50171143 0.21964175
vt 0.55384284 0.24107820
vt 0.25586578 0.81913626
vt 0.15823369 0.40329576
vt 0.49577844 0.17311430
vt 0.55333847 0.18422538
vt 0.18115418 0.81962705
vt 0.55174434 0.17202479
vt 0.16514067 0.81894624
vt 0.40279579 0.07100046
vt 0.05707833 0.18986267
vt 0.01414106 0.14678323
vt 0.26327801 0.88758212
vt 0.50141561 0.21021271
vt 0.46656582 0.11965805
vt 0.48620293 0.27377713
vt 0.06340582 0.34676838
vt 0.04931980 0.33187377
vt 0.68566334 0.45575345
vt 0.10008051 0.11019778
vt 0.10812895 0.10410261
vt 0.07708434 0.13978732
vt 0.09483379 0.37222254
vt 0.27541697 0.16207218
vt 0.08513290 0.36449564
vt 0.25407583 0.38179076
vt 0.34453917 0.37572235
vt 0.73685086 0.84693164
vt 0.48150384 0.28137392
vt 0.32234254 0.37845886
vt 0.75925326 0.84848315
vt 0.33288738 0.00429326
vt 0.84183496 0.46917742
vt 0.54502302 0.27372700
vt 0.29950932 0.81871021
vt 0.45942202 0.11538416
vt 0.20714408 0.17745441
vt 0.35753208 0.00889289
vt 0.84175521 0.48859763
vt 0.01915287 0.13627565
vt 0.27792540 0.88742268
vt 0.47287890 0.13013732
vt 0.05011879 0.09117675
vt 0.34469420 0.88695329
vt 0.54851496 0.26180923
vt 0.28352806 0.81913036
vt 0.23160194 0.37813973
vt 0.85057086 0.84803802
vt 0.27828947 0.38157809
vt 0.80357772 0.84829092
vt 0.08385091 0.12980926
vt 0.26397330 0.42503488
vt 0.27515680 0.30451012
vt 0.51080930 0.32893252
vt 0.37967998 0.81877226
vt 0.54733193 0.26753449
vt 0.29108903 0.81869876
vt 0.19669585 0.81913537
vt 0.55565727 0.19595999
vt 0.14962184 0.40114963
vt 0.27549431 0.21313989
vt 0.16029312 0.40524971
vt 0.27546883 0.22227514
vt 0.41894552 0.34460115
vt 0.40878525 0.34908664
vt 0.66387320 0.84895742
vt 0.44922832 0.10432702
vt 0.11039654 0.38228703
vt 0.27591386 0.17765093
vt 0.42633697 0.33785433
vt 0.64098722 0.84847260
vt 0.43104202 0.33419895
vt 0.63428372 0.84856147
vt 0.43644759 0.33001769
vt 0.62659687 0.84860474
vt 0.21060054 0.41884232
vt 0.27533108 0.26316041
vt 0.45562094 0.31306177
vt 0.59726942 0.84909761
vt 0.38844964 0.01725423
vt 0.84130186 0.51369482
vt 0.38017347 0.01449454
vt 0.84118932 0.50679797
vt 0.12145804 0.38859308
vt 0.27602297 0.18821007
vt 0.07566683 0.35883474
vt 0.68423444 0.42199540
vt 0.27624103 0.14222926
vt 0.13002974 0.08760750
vt 0.81881857 0.01063663
vt 0.47520703 0.28776121
vt 0.47188044 0.29361618
vt 0.56701320 0.84932584
vt 0.46581045 0.30219012
vt 0.57979661 0.84901232
vt 0.39242989 0.06776470
vt 0.20855312 0.10836303
vt 0.10351169 0.11085916
vt 0.77842951 0.01174122
vt 0.30172089 0.38072217
vt 0.78008521 0.84846121
vt 0.22295515 0.42157549
vt 0.27596122 0.27297497
vt 0.47375354 0.13628107
vt 0.20895258 0.20112276
vt 0.20923053 0.26141202
vt 0.49655774 0.19325960
vt 0.47997227 0.14726293
vt 0.48337272 0.15385705
vt 0.20904057 0.22031856
vt 0.48808438 0.16447949
vt 0.20917927 0.23162138
vt 0.49716642 0.22800201
vt 0.04577685 0.96129709
vt 0.20917521 0.29638839
vt 0.06825709 0.16454941
vt 0.69887781 0.01184332
vt 0.06463779 0.17470312
vt 0.19671857 0.41659307
vt 0.27604899 0.25233513
vt 0.49426296 0.24298185
vt 0.20879124 0.31167102
vt 0.49162921 0.25068831
vt 0.20916678 0.31968647
vt 0.37237096 0.36538160
vt 0.70623666 0.84909153
vt 0.37851372 0.36271203
vt 0.69914824 0.84944856
vt 0.08578601 0.36664820
vt 0.27612221 0.15321040
vt 0.44422519 0.38304174
vt 0.76472497 0.76213449
vt 0.20954193 0.27883351
vt 0.49765855 0.21053898
vt 0.48999107 0.25568736
vt 0.20921294 0.32486439
vt 0.48593453 0.26585865
vt 0.20933399 0.33493710
vt 0.12456010 0.09328926
vt 0.80970162 0.01176697
vt 0.11794100 0.09738016
vt 0.80124301 0.01097733
vt 0.14156732 0.08123380
vt 0.46676692 0.12627453
vt 0.20887312 0.18968058
vt 0.86724454 0.98082286
vt 0.45022333 0.10848659
vt 0.20870572 0.16763026
vt 0.40800694 0.07713825
vt 0.20893997 0.12229502
vt 0.08668844 0.12966561
vt 0.11483159 0.10118169
vt 0.79548109 0.01179165
vt 0.47452345 0.28691101
vt 0.55799448 0.85060406
vt 0.62782115 0.02494925
vt 0.64007217 0.04192543
vt 0.63004345 0.05060375
vt 0.62305856 0.04258496
vt 0.64123219 0.02715749
vt 0.61582381 0.03058696
vt 0.63866240 0.05488795
vt 0.64882803 0.02934062
vt 0.65250111 0.05229867
vt 0.64369923 0.05746245
vt 0.56811637 0.47299552
vt 0.63041860 0.05858946
vt 0.62838387 0.01351613
vt 0.64213336 0.01301533
vt 0.65322661 0.01339072
vt 0.61856818 0.01243973
vt 0.62041855 0.05466181
vt 0.61148506 0.03944457
vt 0.61337960 0.05736995
vt 0.61159110 0.01345491
vt 0.65435702 0.05764794
vt 0.65672755 0.03092891
vt 0.60554707 0.02714425
vt 0.60399586 0.05011916
vt 0.60724521 0.05770475
vt 0.60992438 0.01201785
vt 0.05965485 0.23142123
vt 0.60343379 0.01342982
vt 0.05876613 0.21604437
vt 0.63017046 0.01212555
vt 0.66075891 0.04688758
vt 0.66252357 0.01359165
vt 0.66470212 0.05751956
vt 0.61316919 0.05856168
vt 0.77052921 0.06520224
vt 0.06034039 0.18921721
vt 0.66549557 0.01180428
vt 0.66702569 0.03025067
vt 0.78855979 0.06309432
vt 0.59524274 0.05845875
vt 0.59927893 0.02871758
vt 0.59506267 0.05562627
vt 0.06187531 0.24260080
vt 0.59503978 0.01197332
vt 0.59236997 0.01379192
vt 0.05882554 0.20690775
vt 0.64217806 0.01203215
vt 0.66913652 0.03275895
vt 0.66951907 0.05749249
vt 0.67547429 0.01402760
vt 0.59307897 0.02774388
vt 0.59093255 0.05650955
vt 0.67960870 0.04827768
vt 0.06220628 0.18196028
vt 0.67522568 0.01178670
vt 0.68874055 0.03148186
vt 0.06613684 0.17057914
vt 0.69067752 0.01192695
vt 0.68584096 0.05297750
vt 0.69250220 0.05771470
vt 0.69734389 0.03870493
vt 0.69858736 0.01354915
vt 0.70514667 0.05752051
vt 0.58173352 0.01393718
vt 0.06412903 0.25014317
vt 0.58486861 0.01196456
vt 0.58456784 0.05045742
vt 0.57106686 0.03016305
vt 0.79710507 0.06292331
vt 0.58685994 0.05845004
vt 0.57861906 0.05774748
vt 0.57128364 0.05089140
vt 0.06651301 0.25658870
vt 0.57607293 0.01199067
vt 0.56862330 0.01239902
vt 0.56998897 0.05791861
vt 0.56022882 0.04295385
vt 0.56099868 0.01224786
vt 0.56112635 0.02207512
vt 0.55887830 0.05634040
vt 0.82528520 0.06334555
vt 0.55917275 0.05849230
vt 0.54348564 0.04884106
vt 0.54167408 0.03478539
vt 0.55154544 0.05303389
vt 0.83914316 0.06479132
vt 0.54543561 0.05846804
vt 0.53390914 0.05609566
vt 0.57246059 0.54387921
vt 0.84808391 0.06520224
vt 0.53664160 0.05861026
vt 0.08025487 0.28505981
vt 0.53616208 0.01227796
vt 0.53550291 0.04269326
vt 0.52175575 0.05102557
vt 0.52366334 0.05811810
vt 0.52966374 0.01898801
vt 0.52087146 0.02707207
vt 0.51855761 0.01256651
vt 0.51581532 0.05787653
vt 0.51589751 0.04073173
vt 0.50924933 0.03641611
vt 0.81519365 0.06295848
vt 0.56909442 0.05860549
vt 0.50682175 0.05820775
vt 0.50138438 0.04347587
vt 0.09743690 0.30758035
vt 0.50166804 0.01267970
vt 0.50135303 0.03181005
vt 0.58756661 0.42772919
vt 0.69308197 0.05842942
vt 0.07153074 0.15704137
vt 0.70926636 0.01194167
vt 0.71466219 0.01364982
vt 0.70837754 0.01983297
vt 0.71487439 0.05235177
vt 0.70893234 0.03782594
vt 0.71773058 0.03668851
vt 0.07463145 0.15018618
vt 0.71880054 0.01198953
vt 0.72571647 0.05735844
vt 0.72428817 0.03536642
vt 0.59946531 0.41231382
vt 0.71646434 0.05831188
vt 0.72631276 0.01329255
vt 0.59466624 0.41761643
vt 0.70805848 0.05863053
vt 0.07786637 0.14394927
vt 0.72764021 0.01200467
vt 0.73547977 0.03718239
vt 0.73606437 0.05774999
vt 0.73546690 0.02056468
vt 0.08154662 0.13793331
vt 0.73639005 0.01203859
vt 0.74116784 0.03253829
vt 0.74470782 0.05741769
vt 0.74531335 0.03506416
vt 0.08459008 0.13310850
vt 0.74342835 0.01189256
vt 0.60527992 0.40417331
vt 0.72856563 0.05860376
vt 0.61274004 0.39600009
vt 0.74155009 0.05856037
vt 0.61868989 0.39052439
vt 0.75081962 0.05845362
vt 0.75451750 0.05453438
vt 0.75616860 0.03175336
vt 0.08919415 0.12678725
vt 0.75295132 0.01185095
vt 0.75808102 0.01196253
vt 0.76168400 0.03251582
vt 0.76450777 0.05752999
vt 0.57493335 0.55192423
vt 0.52582020 0.05870497
vt 0.09039193 0.30084121
vt 0.51299018 0.01179057
vt 0.49609816 0.03332776
vt 0.10018853 0.31110394
vt 0.49628916 0.01222205
vt 0.06952047 0.26582038
vt 0.56359929 0.01142395
vt 0.62913853 0.38172948
vt 0.76627088 0.05886269
vt 0.76847917 0.02140337
vt 0.76996863 0.01178908
vt 0.76872152 0.04688376
vt 0.77461332 0.05781049
vt 0.77604216 0.04405761
vt 0.77391511 0.01220357
vt 0.77802491 0.02507895
vt 0.78364986 0.01371449
vt 0.64482409 0.37214100
vt 0.78625208 0.05811697
vt 0.78320581 0.03931028
vt 0.78779215 0.02403516
vt 0.11045161 0.10482985
vt 0.78898388 0.01180655
vt 0.79539448 0.04609281
vt 0.80104947 0.01999444
vt 0.65413100 0.36671680
vt 0.79790527 0.05799019
vt 0.80284721 0.01221722
vt 0.80643594 0.04683316
vt 0.80745810 0.02520996
vt 0.81399703 0.01383090
vt 0.66407555 0.36122060
vt 0.81012601 0.05796462
vt 0.82023036 0.04332346
vt 0.82097006 0.02390558
vt 0.81945652 0.01208216
vt 0.13814339 0.08368480
vt 0.82829243 0.01196212
vt 0.83025062 0.01873761
vt 0.82655412 0.05103827
vt 0.83487362 0.04837191
vt 0.76381475 0.01160103
vt 0.83519584 0.05837470
vt 0.14538813 0.07899946
vt 0.83783573 0.01194185
vt 0.84186929 0.03044581
vt 0.84372991 0.05760056
vt 0.09183789 0.12037575
vt 0.76143360 0.01011157
vt 0.84883451 0.04409772
vt 0.85263133 0.05769879
vt 0.85071778 0.02759242
vt 0.91233826 0.55723834
vt 0.85195613 0.05839664
vt 0.86226803 0.05572498
vt 0.86206526 0.02392322
vt 0.91461217 0.55232549
vt 0.85872245 0.05861354
vt 0.87089211 0.02602148
vt 0.84029579 0.31110501
vt 0.16841526 0.06700915
vt 0.86595756 0.01212734
vt 0.48741177 0.01431733
vt 0.48697150 0.03300762
vt 0.10539068 0.31653357
vt 0.48745072 0.01208049
vt 0.10932785 0.31956840
vt 0.48181927 0.01238346
vt 0.06490970 0.38458860
vt 0.48594454 0.05176717
vt 0.17678666 0.06370664
vt 0.87545621 0.01218873
vt 0.85856426 0.30765963
vt 0.47490877 0.05112928
vt 0.01423544 0.39013338
vt 0.47718260 0.02751887
vt 0.04512431 0.38824272
vt 0.81956655 0.48936689
vt 0.80815881 0.48422086
vt 0.78622556 0.48895133
vt 0.83449382 0.48969913
vt 0.77397257 0.48433030
vt 0.79325485 0.49494219
vt 0.83121902 0.49883544
vt 0.78846496 0.49886239
vt 0.36472765 0.01027924
vt 0.84129065 0.49425793
vt 0.37107393 0.01180017
vt 0.84114403 0.49933785
vt 0.83412260 0.50751656
vt 0.78818798 0.50746214
vt 0.77570260 0.49844456
vt 0.77479386 0.50789988
vt 0.77492166 0.48943752
vt 0.78487700 0.51604569
vt 0.80348331 0.51850760
vt 0.83817852 0.51870197
vt 0.77547133 0.51564968
vt 0.56745368 0.31812823
vt 0.77200770 0.50008309
vt 0.84069610 0.48446691
vt 0.78536493 0.52330226
vt 0.77499300 0.52622378
vt 0.81534106 0.52662551
vt 0.39956522 0.02092999
vt 0.84104073 0.52295274
vt 0.83284104 0.53344041
vt 0.84057772 0.53105968
vt 0.78617013 0.52962637
vt 0.81753755 0.53530520
vt 0.77193397 0.51973403
vt 0.77353781 0.53741801
vt 0.78807265 0.53722179
vt 0.83334988 0.54369360
vt 0.78450090 0.54319394
vt 0.77484864 0.54887033
vt 0.41905418 0.02914727
vt 0.84111416 0.53996563
vt 0.84077591 0.54496193
vt 0.77179420 0.52412981
vt 0.83274543 0.54978395
vt 0.78448957 0.55184484
vt 0.84072399 0.55221277
vt 0.81393403 0.55864704
vt 0.77322084 0.56049913
vt 0.84057224 0.55943710
vt 0.78336674 0.56069356
vt 0.52575433 0.33460820
vt 0.77164793 0.53612697
vt 0.77263212 0.54690409
vt 0.58611864 0.31295085
vt 0.77185273 0.48480147
vt 0.77266526 0.47882366
vt 0.81054258 0.47690094
vt 0.83594817 0.47704911
vt 0.78343576 0.47631985
vt 0.77494073 0.47213876
vt 0.84073043 0.47451949
vt 0.60243976 0.30919427
vt 0.77192229 0.47168344
vt 0.78520149 0.46977276
vt 0.78713435 0.46342248
vt 0.77536726 0.46464199
vt 0.82257718 0.47157711
vt 0.84024543 0.46342123
vt 0.82199651 0.46347904
vt 0.61187541 0.30751240
vt 0.77168083 0.46420538
vt 0.78891802 0.45681870
vt 0.82387763 0.45692325
vt 0.83779126 0.45684671
vt 0.77287889 0.45648587
vt 0.43861070 0.27291954
vt 0.84072834 0.45245880
vt 0.82586080 0.45143706
vt 0.80792606 0.45093846
vt 0.78403938 0.45114541
vt 0.77275825 0.44311845
vt 0.36985588 0.26375830
vt 0.80422676 0.44367313
vt 0.40164226 0.26424265
vt 0.82505471 0.44377977
vt 0.42267630 0.26428068
vt 0.43685463 0.26489866
vt 0.83909148 0.44443780
vt 0.79829878 0.56826186
vt 0.78324115 0.56690341
vt 0.83897489 0.56867456
vt 0.82329637 0.56777483
vt 0.77460825 0.56786567
vt 0.78344053 0.57290858
vt 0.82585949 0.57534850
vt 0.49018398 0.35405147
vt 0.77178007 0.56963438
vt 0.84018785 0.58206815
vt 0.44613710 0.04308552
vt 0.84115273 0.56492543
vt 0.77455175 0.58369970
vt 0.81202000 0.58277762
vt 0.78584731 0.58197993
vt 0.48177767 0.35998642
vt 0.77183473 0.57839447
vt 0.79365188 0.59009749
vt 0.83207422 0.59066534
vt 0.40855893 0.02487880
vt 0.84145898 0.53087145
vt 0.77485913 0.59555137
vt 0.77254951 0.59134078
vt 0.83257145 0.60221803
vt 0.78893083 0.60059273
vt 0.77498931 0.60646838
vt 0.78731275 0.60848397
vt 0.46388876 0.37413090
vt 0.77175182 0.59808391
vt 0.48893782 0.07312071
vt 0.84077483 0.60938060
vt 0.82469475 0.60987437
vt 0.79826438 0.61381602
vt 0.77469647 0.61406642
vt 0.51580888 0.33967942
vt 0.77142340 0.54529941
vt 0.50905317 0.34309745
vt 0.77157074 0.55150175
vt 0.83915126 0.61418480
vt 0.80042088 0.62088418
vt 0.83922970 0.62270975
vt 0.82507449 0.62299639
vt 0.77165890 0.61354756
vt 0.78100044 0.62096488
vt 0.77321810 0.62800062
vt 0.77262366 0.62027109
vt 0.49955261 0.34868062
vt 0.77129662 0.56068230
vt 0.78751010 0.63104284
vt 0.83902293 0.63332862
vt 0.82233721 0.63089859
vt 0.50882196 0.09312916
vt 0.84107661 0.63450289
vt 0.77285016 0.63682914
vt 0.81193244 0.64173913
vt 0.82521009 0.64319122
vt 0.84018093 0.64621246
vt 0.81260389 0.64769447
vt 0.77516192 0.64219904
vt 0.43497488 0.40394777
vt 0.77165866 0.63524741
vt 0.08165026 0.77880645
vt 0.78882366 0.65671527
vt 0.07618613 0.76660889
vt 0.77295530 0.65253299
vt 0.42485476 0.41777790
vt 0.77167261 0.65109211
vt 0.51676351 0.10260165
vt 0.84123182 0.64575750
vt 0.34077302 0.00604284
vt 0.84242970 0.47544932
vt 0.59513289 0.31134546
vt 0.77124327 0.47769296
vt 0.62363726 0.30584419
vt 0.77149242 0.45495558
vt 0.42732650 0.03407276
vt 0.84235531 0.54794276
vt 0.45004821 0.38779658
vt 0.77099866 0.61540246
vt 0.53604949 0.33062357
vt 0.77073658 0.52728117
vt 0.54827887 0.32582390
vt 0.77052921 0.51672846
vt 0.40204209 0.02326041
vt 0.84260947 0.52570295
vt 0.19038586 0.20502758
vt 0.17164859 0.20008284
vt 0.17202713 0.21039736
vt 0.18796422 0.21037841
vt 0.18927695 0.20080888
vt 0.18785430 0.19584954
vt 0.16115251 0.20919096
vt 0.18829842 0.21567953
vt 0.16979703 0.22005594
vt 0.18755798 0.21985531
vt 0.17197733 0.22960514
vt 0.18578973 0.22889817
vt 0.16215974 0.22973567
vt 0.15973800 0.21937096
vt 0.19904880 0.22363913
vt 0.19874631 0.22988403
vt 0.19916716 0.21549106
vt 0.19918495 0.22023118
vt 0.19919808 0.21066004
vt 0.19920254 0.20627725
vt 0.14608416 0.21387780
vt 0.14728937 0.22346270
vt 0.14571097 0.22985816
vt 0.14591444 0.23370421
vt 0.16041526 0.23812854
vt 0.14577575 0.24067360
vt 0.14595529 0.20918310
vt 0.17121510 0.24143970
vt 0.16450663 0.24327540
vt 0.18878983 0.23606193
vt 0.14516903 0.20288044
vt 0.19556300 0.19946593
vt 0.18982752 0.23998988
vt 0.18685496 0.24576306
vt 0.19908491 0.20147121
vt 0.17216669 0.24949056
vt 0.48458585 0.41388273
vt 0.14430249 0.24371308
vt 0.14536354 0.24831414
vt 0.19901110 0.23465765
vt 0.19621897 0.24133497
vt 0.19560908 0.24650347
vt 0.18643993 0.25127679
vt 0.15222748 0.19659013
vt 0.14526179 0.19765240
vt 0.17228696 0.19527733
vt 0.19990732 0.19746214
vt 0.19911093 0.19315457
vt 0.19903389 0.25090671
vt 0.18678673 0.18976063
vt 0.19436589 0.18896139
vt 0.14528070 0.19086719
vt 0.48886698 0.40954709
vt 0.14437298 0.23828149
vt 0.14535518 0.21879011
vt 0.19913387 0.18945426
vt 0.19935478 0.24572641
vt 0.18765377 0.25715542
vt 0.17401627 0.25680947
vt 0.15837680 0.25330615
vt 0.19887289 0.25544214
vt 0.14539756 0.25533986
vt 0.14518952 0.25192487
vt 0.15221438 0.19000071
vt 0.17521250 0.18771756
vt 0.51373678 0.38348466
vt 0.14449982 0.20592773
vt 0.19934769 0.22719085
vt 0.15889558 0.25874430
vt 0.19925587 0.23926651
vt 0.19030540 0.18296599
vt 0.19926767 0.18422008
vt 0.19692361 0.17965311
vt 0.14532900 0.18458033
vt 0.16315888 0.18514317
vt 0.17181312 0.17554045
vt 0.15247291 0.17502797
vt 0.14532767 0.18095469
vt 0.18913437 0.17575341
vt 0.19863105 0.17667490
vt 0.53006643 0.37005347
vt 0.14424965 0.18745452
vt 0.14538741 0.17735136
vt 0.14525084 0.17388767
vt 0.19971922 0.17935842
vt 0.18832266 0.17166692
vt 0.19972128 0.25818086
vt 0.39598277 0.94026250
vt 0.20070074 0.22187936
vt 0.19919778 0.17242551
vt 0.17320870 0.26082635
vt 0.14518780 0.25988603
vt 0.38729209 0.94482720
vt 0.20070344 0.22992688
vt 0.18736376 0.26599735
vt 0.19901042 0.26277888
vt 0.19665390 0.27001905
vt 0.15469973 0.26627856
vt 0.18765216 0.27231503
vt 0.17415465 0.27055871
vt 0.15962416 0.27262884
vt 0.14559051 0.27070510
vt 0.14534755 0.26378042
vt 0.36175275 0.95641732
vt 0.20037831 0.25262344
vt 0.40558264 0.93549871
vt 0.20077096 0.21311176
vt 0.39070141 0.94287312
vt 0.20086469 0.22668290
vt 0.17276865 0.28350937
vt 0.14554293 0.28159165
vt 0.19908208 0.26771343
vt 0.19933483 0.27117682
vt 0.14555681 0.27700973
vt 0.47844428 0.42199630
vt 0.14406727 0.25310767
vt 0.18850310 0.28404427
vt 0.19712956 0.27898830
vt 0.19821008 0.28307509
vt 0.16016564 0.28707325
vt 0.14533463 0.28851676
vt 0.19849552 0.27507377
vt 0.16683859 0.29491621
vt 0.14542358 0.29284632
vt 0.17203516 0.29247296
vt 0.19769309 0.29507494
vt 0.19668801 0.29138362
vt 0.19655269 0.28647459
vt 0.19871043 0.28666615
vt 0.18805878 0.29892480
vt 0.16683269 0.29879487
vt 0.19804919 0.29876721
vt 0.99793494 0.27358502
vt 0.14540121 0.30157912
vt 0.19875577 0.30313069
vt 0.17354956 0.30422664
vt 0.96972966 0.27080113
vt 0.19030781 0.30529177
vt 0.95295405 0.26964998
vt 0.46203232 0.45629835
vt 0.14414936 0.28969252
vt 0.46350938 0.45275366
vt 0.14416751 0.28597331
vt 0.14540832 0.28492022
vt 0.46519136 0.44926393
vt 0.14412817 0.28225887
vt 0.47463432 0.42837906
vt 0.14402817 0.26015103
vt 0.48195302 0.41757798
vt 0.14408042 0.24792379
vt 0.38149247 0.94761616
vt 0.20057040 0.23515916
vt 0.42935354 0.92217755
vt 0.20080929 0.19060993
vt 0.46804181 0.44203579
vt 0.14414515 0.27471495
vt 0.41250834 0.93184018
vt 0.20080298 0.20668048
vt 0.19943340 0.29601979
vt 0.41651794 0.93006045
vt 0.20072682 0.20314509
vt 0.49615151 0.40207845
vt 0.14436096 0.22894847
vt 0.36631578 0.95526385
vt 0.20068854 0.24900138
vt 0.17422184 0.16575134
vt 0.46966445 0.43863451
vt 0.14412737 0.27107072
vt 0.14523761 0.27342045
vt 0.19908129 0.16846573
vt 0.15203056 0.16550136
vt 0.14546883 0.17000395
vt 0.16471832 0.16024715
vt 0.14543459 0.16436541
vt 0.14552875 0.15810382
vt 0.17645268 0.15945065
vt 0.19058470 0.16470706
vt 0.18815570 0.15915495
vt 0.19864590 0.16469467
vt 0.19908860 0.15954554
vt 0.45648402 0.89619964
vt 0.20057160 0.15723103
vt 0.43243811 0.91923654
vt 0.20065363 0.18687177
vt 0.50330698 0.39466995
vt 0.14429066 0.21971869
vt 0.16083303 0.15312600
vt 0.17622305 0.15329349
vt 0.14552711 0.15043688
vt 0.19090419 0.15254056
vt 0.19942692 0.15614122
vt 0.19924073 0.15229964
vt 0.53766477 0.36566317
vt 0.14411591 0.18012869
vt 0.52772123 0.37194031
vt 0.14411537 0.19007260
vt 0.34781232 0.96068025
vt 0.20062637 0.26407075
vt 0.44389346 0.90941888
vt 0.20036051 0.17364204
vt 0.45970419 0.89302629
vt 0.20068830 0.15321165
vt 0.19896533 0.14716095
vt 0.18586084 0.14553976
vt 0.19714509 0.14171708
vt 0.18607229 0.14066613
vt 0.17537123 0.14137650
vt 0.46610749 0.88437533
vt 0.20011291 0.14321232
vt 0.17267798 0.14714360
vt 0.15607357 0.14426243
vt 0.15721001 0.13989139
vt 0.14589013 0.13977265
vt 0.14563611 0.14458776
vt 0.46915090 0.88032579
vt 0.20032890 0.13851625
vt 0.16968951 0.13612533
vt 0.14583571 0.13430154
vt 0.19937165 0.13644326
vt 0.18396564 0.13074648
vt 0.19575989 0.12694955
vt 0.15220441 0.13054627
vt 0.58925301 0.34001875
vt 0.14482319 0.13246137
vt 0.19955623 0.13083875
vt 0.47673047 0.86926246
vt 0.20034932 0.12592125
vt 0.47969735 0.86512697
vt 0.20034622 0.12117076
vt 0.19962904 0.11937553
vt 0.18716124 0.11953843
vt 0.05843143 0.62319791
vt 0.19925059 0.11651480
vt 0.04581143 0.62233251
vt 0.18667406 0.11562985
vt 0.15411335 0.11822033
vt 0.60511869 0.33422172
vt 0.00421615 0.62587166
vt 0.14518510 0.11886472
vt 0.14584230 0.12042212
vt 0.18628791 0.12553489
vt 0.15994860 0.12324554
vt 0.57074350 0.34797275
vt 0.14432847 0.14892602
vt 0.59675431 0.33737969
vt 0.14474161 0.12612796
vt 0.35842347 0.95809805
vt 0.20081779 0.25559664
vt 0.47279224 0.87537915
vt 0.20072445 0.13279891
vt 0.57637149 0.34555805
vt 0.14454129 0.14393371
vt 0.35229754 0.95930105
vt 0.20066628 0.26037121
vt 0.58249742 0.34310341
vt 0.14462575 0.13857841
vt 0.34268805 0.96258181
vt 0.20055632 0.26836920
vt 0.31992742 0.96737504
vt 0.20059934 0.28620827
vt 0.47494486 0.87326515
vt 0.20108727 0.13013530
vt 0.30392545 0.96972752
vt 0.20039687 0.29863548
vt 0.60402983 0.33540028
vt 0.14451419 0.12018299
vt 0.48216298 0.86335188
vt 0.20118614 0.11866754
vt 0.76922184 0.13486040
vt 0.78591627 0.13433015
vt 0.76899767 0.13761133
vt 0.76546693 0.13280678
vt 0.78324401 0.13899666
vt 0.77760333 0.13252991
vt 0.55702555 0.49948657
vt 0.77369720 0.13904083
vt 0.79151779 0.13916224
vt 0.80167216 0.13469517
vt 0.80015010 0.13906980
vt 0.80775654 0.13908887
vt 0.79376024 0.11726677
vt 0.78001064 0.11459088
vt 0.78719920 0.10552305
vt 0.79602194 0.10588425
vt 0.80417508 0.10778862
vt 0.80281281 0.12335420
vt 0.76782423 0.12340677
vt 0.77587932 0.11680090
vt 0.77642906 0.10271233
vt 0.77158862 0.10346061
vt 0.79865271 0.09833574
vt 0.78782153 0.09886611
vt 0.80560267 0.09940815
vt 0.77938175 0.10370231
vt 0.81157660 0.12001008
vt 0.81206560 0.13393188
vt 0.81837308 0.12547421
vt 0.82565510 0.13914728
vt 0.82544303 0.12963200
vt 0.82548583 0.11073649
vt 0.81631690 0.10653901
vt 0.82587391 0.10041833
vt 0.81729454 0.09882909
vt 0.81449574 0.13919640
vt 0.82077599 0.13941741
vt 0.82913053 0.10885143
vt 0.83027601 0.09949267
vt 0.80975878 0.10734022
vt 0.81215656 0.09877867
vt 0.82401395 0.09789574
vt 0.82989937 0.09785128
vt 0.77345306 0.09893793
vt 0.78063375 0.09871477
vt 0.83220255 0.13929522
vt 0.83215833 0.12871659
vt 0.84069645 0.12948120
vt 0.84137928 0.13824624
vt 0.83732259 0.13953763
vt 0.84194762 0.12264198
vt 0.84452599 0.10874677
vt 0.83536685 0.10694849
vt 0.84101355 0.10323918
vt 0.84836262 0.10015762
vt 0.84093690 0.09866327
vt 0.85170496 0.10816574
vt 0.85217988 0.09848952
vt 0.84951282 0.13824213
vt 0.85307199 0.12471849
vt 0.81051433 0.09943461
vt 0.83604163 0.09874803
vt 0.84259385 0.13963312
vt 0.04957392 0.84401202
vt 0.84768081 0.09741890
vt 0.84740353 0.13960010
vt 0.85822219 0.13011408
vt 0.85684830 0.13837707
vt 0.85935229 0.12222993
vt 0.56389487 0.53900063
vt 0.82578152 0.14032841
vt 0.76805872 0.10559070
vt 0.76832134 0.09926361
vt 0.85897970 0.10557491
vt 0.56532013 0.54279006
vt 0.83092785 0.14036322
vt 0.86490148 0.09855485
vt 0.86998177 0.09830981
vt 0.99144673 0.81203234
vt 0.85806739 0.09993178
vt 0.86924446 0.12523055
vt 0.95623767 0.81242877
vt 0.85229099 0.13955832
vt 0.57176894 0.56205523
vt 0.85696173 0.14012939
vt 0.93662536 0.82182705
vt 0.80709571 0.09805012
vt 0.04113075 0.81001151
vt 0.80264151 0.09701216
vt 0.76229388 0.11559081
vt 0.85828006 0.09838188
vt 0.76301837 0.10261577
vt 0.75914407 0.13914138
vt 0.75840455 0.12597162
vt 0.75710422 0.13436306
vt 0.55805326 0.50614780
vt 0.78242069 0.13997132
vt 0.04127966 0.80116433
vt 0.79114145 0.09695047
vt 0.78636527 0.09746438
vt 0.74526513 0.11906111
vt 0.74157220 0.12594229
vt 0.74317527 0.13454759
vt 0.73524398 0.13759673
vt 0.75280702 0.10350704
vt 0.74986774 0.09922981
vt 0.74350488 0.10697484
vt 0.75237912 0.09783942
vt 0.73271292 0.11246842
vt 0.73690629 0.09961385
vt 0.72973305 0.09931803
vt 0.73025489 0.11758065
vt 0.72983408 0.13372427
vt 0.73041880 0.09787738
vt 0.71693558 0.11788112
vt 0.71599841 0.13429201
vt 0.72067600 0.10195494
vt 0.71390986 0.13761985
vt 0.71187609 0.09739804
vt 0.71352381 0.13923240
vt 0.71175325 0.09950179
vt 0.71148401 0.11639667
vt 0.77168316 0.09746671
vt 0.56189692 0.52924800
vt 0.81289274 0.14020741
vt 0.70798749 0.12694371
vt 0.70763528 0.11769462
vt 0.70762932 0.13536870
vt 0.70595729 0.13785040
vt 0.70781243 0.10171920
vt 0.70247900 0.09815127
vt 0.56884289 0.44753754
vt 0.70463842 0.13963819
vt 0.56078511 0.52391952
vt 0.80583727 0.14011884
vt 0.69718200 0.10222054
vt 0.69630110 0.09817022
vt 0.69761634 0.10755408
vt 0.70286864 0.11737257
vt 0.05482702 0.85752565
vt 0.86601430 0.09722543
vt 0.99269080 0.81507719
vt 0.69638962 0.11560106
vt 0.57194757 0.44091779
vt 0.69545108 0.13918602
vt 0.69200927 0.12449241
vt 0.69099855 0.13504690
vt 0.68184966 0.13572401
vt 0.68031776 0.12028664
vt 0.04177206 0.81668591
vt 0.81129169 0.09678167
vt 0.57602960 0.43477154
vt 0.68648571 0.13975930
vt 0.57957727 0.42882824
vt 0.67798221 0.13998514
vt 0.67609215 0.13895619
vt 0.68676418 0.10473651
vt 0.67904991 0.10750139
vt 0.68114239 0.09928221
vt 0.68518800 0.09831613
vt 0.68236452 0.09682810
vt 0.06337871 0.72091085
vt 0.69151914 0.09816599
vt 0.67187262 0.13504195
vt 0.67164624 0.10816091
vt 0.67007744 0.09793007
vt 0.67113465 0.13439417
vt 0.66883123 0.13903064
vt 0.67663467 0.09771729
vt 0.58316034 0.42334121
vt 0.66996938 0.13993096
vt 0.66356277 0.11302096
vt 0.66269690 0.09838313
vt 0.65807050 0.13282096
vt 0.65722913 0.10933948
vt 0.65048629 0.12046385
vt 0.64989811 0.10960150
vt 0.64972329 0.09821117
vt 0.64740920 0.13463056
vt 0.65583080 0.13927978
vt 0.66246188 0.13924026
vt 0.64867753 0.13933474
vt 0.64524037 0.11839819
vt 0.64559931 0.10807317
vt 0.59315515 0.40944159
vt 0.64921266 0.14021063
vt 0.65598178 0.09821904
vt 0.64407492 0.09803230
vt 0.64303815 0.13919961
vt 0.58991796 0.41475403
vt 0.65685922 0.14017892
vt 0.64364737 0.12894005
vt 0.63983190 0.13746130
vt 0.64021111 0.11904538
vt 0.63547903 0.12624979
vt 0.63399398 0.11713541
vt 0.63438451 0.10458767
vt 0.62514949 0.10776979
vt 0.88770336 0.83470249
vt 0.62516290 0.13500834
vt 0.63997501 0.10731715
vt 0.63921934 0.09826905
vt 0.63426012 0.09800994
vt 0.62558866 0.09935820
vt 0.63173550 0.09701037
vt 0.09048215 0.68830729
vt 0.63216633 0.13911587
vt 0.62675470 0.13844907
vt 0.59898728 0.40290213
vt 0.63888460 0.14009356
vt 0.62739223 0.09774315
vt 0.62451702 0.11600572
vt 0.89844060 0.83418816
vt 0.62516659 0.12527311
vt 0.61659282 0.12039959
vt 0.90413672 0.82810259
vt 0.62266171 0.09817505
vt 0.87516111 0.83287823
vt 0.03900492 0.78895438
vt 0.77503312 0.09729105
vt 0.04211128 0.77231938
vt 0.75325966 0.09686351
vt 0.04641080 0.75569063
vt 0.73114944 0.09683633
vt 0.07994840 0.69882905
vt 0.64911509 0.09661788
vt 0.04476885 0.82754052
vt 0.82578325 0.09683663
vt 0.04829913 0.83957767
vt 0.84180111 0.09717864
vt 0.08633133 0.69260061
vt 0.63878059 0.09675789
vt 0.04338596 0.81984591
vt 0.81567025 0.09698707
vt 0.05361544 0.73474890
vt 0.70280081 0.09645170
vt 0.06155276 0.72213393
vt 0.68469751 0.09638643
vt 0.77977246 0.09772170
vt 0.83895212 0.09791094
vt 0.04639063 0.83469671
vt 0.83518249 0.09691566
vt 0.09364539 0.68406349
vt 0.62533695 0.09677297
vt 0.05299754 0.85447353
vt 0.86165804 0.09714478
vt 0.04489799 0.83149129
vt 0.83083475 0.09653169
vt 0.56957459 0.55485946
vt 0.84729022 0.14047301
vt 0.08852097 0.68947047
vt 0.63412982 0.09651148
vt 0.58500534 0.42245555
vt 0.66797566 0.14045751
vt 0.04044499 0.81294596
vt 0.80635756 0.09646708
vt 0.75808930 0.80563837
vt 0.76765794 0.78558254
vt 0.76739669 0.80574441
vt 0.43825778 0.38696194
vt 0.75689006 0.76254129
vt 0.76826775 0.76803744
vt 0.75789255 0.77296519
vt 0.74802697 0.76782739
vt 0.74977469 0.78951555
vt 0.74634749 0.80565965
vt 0.74756259 0.76294458
vt 0.76844990 0.76308763
vt 0.76391965 0.81298536
vt 0.74567652 0.81319404
vt 0.73677140 0.78367293
vt 0.73523551 0.81288993
vt 0.73765415 0.76723534
vt 0.75357831 0.81474793
vt 0.72718400 0.77058351
vt 0.72741663 0.79288703
vt 0.72679251 0.81110579
vt 0.73428833 0.76291674
vt 0.40585351 0.40209347
vt 0.71899450 0.76264739
vt 0.71779007 0.79880333
vt 0.71532017 0.81266099
vt 0.71743572 0.76960826
vt 0.72179794 0.81475347
vt 0.70844537 0.76913518
vt 0.70752859 0.81278729
vt 0.70838273 0.79552668
vt 0.70867354 0.76243609
vt 0.69733942 0.76502222
vt 0.69922996 0.79016346
vt 0.69039106 0.81318426
vt 0.70754200 0.81478077
vt 0.69601500 0.81469822
vt 0.69037199 0.77489620
vt 0.68967098 0.80143929
vt 0.54553479 0.69687456
vt 0.74425089 0.81536382
vt 0.67932093 0.80171275
vt 0.67978334 0.77572203
vt 0.68045849 0.81433171
vt 0.57437599 0.70659500
vt 0.71359897 0.81559306
vt 0.53139311 0.69070685
vt 0.76010394 0.81536961
vt 0.77997249 0.81317794
vt 0.77931458 0.80650687
vt 0.77901387 0.78174716
vt 0.78437310 0.76275891
vt 0.78933167 0.80483484
vt 0.79070675 0.76888359
vt 0.50478113 0.67735744
vt 0.79110980 0.81503862
vt 0.67118222 0.79407078
vt 0.67157757 0.77414799
vt 0.66941941 0.81298965
vt 0.79759854 0.76294124
vt 0.79846478 0.81323636
vt 0.80013305 0.80198884
vt 0.80015641 0.76953328
vt 0.80917060 0.76488596
vt 0.81039900 0.80065399
vt 0.80951631 0.81282008
vt 0.80876726 0.76263362
vt 0.50050664 0.67432553
vt 0.79679573 0.81539226
vt 0.49527207 0.67100930
vt 0.80344528 0.81542397
vt 0.82163525 0.81433678
vt 0.82077408 0.76849109
vt 0.82235259 0.80406874
vt 0.48693970 0.66544217
vt 0.81427395 0.81545687
vt 0.82064950 0.76291561
vt 0.82989055 0.76782662
vt 0.83047867 0.80231845
vt 0.83098119 0.81462961
vt 0.83327287 0.76272273
vt 0.45427597 0.37719584
vt 0.77733284 0.76228482
vt 0.83845687 0.81316280
vt 0.83877319 0.80628538
vt 0.84003675 0.78775275
vt 0.84140015 0.76439035
vt 0.85154033 0.80409741
vt 0.38784510 0.81775892
vt 0.85419971 0.76330268
vt 0.85346615 0.77036649
vt 0.39005083 0.76613551
vt 0.85184038 0.81430501
vt 0.83954918 0.81538868
vt 0.53902149 0.69377375
vt 0.75171244 0.81565315
vt 0.35188538 0.41882372
vt 0.66085076 0.76274210
vt 0.66386050 0.79497957
vt 0.66044718 0.81262803
vt 0.61538565 0.71687877
vt 0.67168486 0.81522250
vt 0.64979148 0.81255960
vt 0.65329599 0.78012449
vt 0.34380564 0.42034256
vt 0.65256780 0.76261324
vt 0.62408048 0.71807003
vt 0.66313517 0.81543946
vt 0.33680069 0.42141348
vt 0.64544129 0.76237839
vt 0.64397669 0.79790926
vt 0.63696378 0.76459688
vt 0.63571197 0.79416263
vt 0.63509941 0.81273085
vt 0.58167958 0.70867383
vt 0.70602190 0.81561214
vt 0.42550400 0.39250457
vt 0.74227035 0.76177913
vt 0.60837585 0.71519643
vt 0.67879099 0.81561577
vt 0.56310469 0.70283878
vt 0.72555560 0.81571215
vt 0.41552272 0.39729869
vt 0.73048550 0.76201242
vt 0.46754411 0.36803937
vt 0.79519719 0.76199615
vt 0.62986290 0.76261103
vt 0.62844765 0.78124738
vt 0.62797558 0.80223697
vt 0.63281441 0.81474870
vt 0.62007707 0.81310159
vt 0.61901170 0.78629506
vt 0.61858839 0.76400328
vt 0.61884838 0.77365798
vt 0.61721712 0.80218172
vt 0.62045324 0.81476790
vt 0.31810182 0.42349076
vt 0.62661529 0.76178014
vt 0.60849780 0.77287209
vt 0.29042485 0.33210540
vt 0.60529202 0.81482965
vt 0.34567538 0.32959378
vt 0.48244649 0.35658634
vt 0.81631839 0.76203114
vt 0.66060853 0.72140867
vt 0.62741208 0.81568539
vt 0.52759236 0.52776843
vt 0.51029068 0.53054965
vt 0.52610427 0.53392756
vt 0.50902009 0.52375859
vt 0.52796429 0.52189654
vt 0.51013225 0.51871210
vt 0.50914037 0.53454107
vt 0.53581893 0.53732884
vt 0.52159888 0.53937560
vt 0.52799088 0.51811159
vt 0.54637718 0.52133632
vt 0.50246799 0.52289325
vt 0.50248945 0.52954799
vt 0.50868708 0.53814667
vt 0.50958246 0.54142570
vt 0.50242233 0.51733708
vt 0.50256604 0.51247710
vt 0.55436599 0.51604325
vt 0.55444211 0.52073461
vt 0.93411678 0.99702054
vt 0.50099707 0.51614052
vt 0.55443829 0.52839583
vt 0.55435240 0.53395814
vt 0.55273104 0.53847241
vt 0.55418909 0.54284841
vt 0.52907383 0.54494512
vt 0.50930345 0.54699743
vt 0.53725338 0.51030093
vt 0.50262994 0.54024857
vt 0.51059729 0.51125360
vt 0.52427739 0.51201117
vt 0.50104672 0.54899079
vt 0.90449411 0.42608774
vt 0.55535412 0.53661782
vt 0.55271834 0.54922253
vt 0.90521836 0.99793696
vt 0.50101614 0.53786552
vt 0.55461305 0.51155442
vt 0.91867661 0.99766058
vt 0.50061488 0.52775681
vt 0.50242108 0.50747156
vt 0.92740083 0.99704826
vt 0.50071234 0.52118510
vt 0.89125359 0.40798336
vt 0.55557787 0.51603174
vt 0.52877891 0.55117625
vt 0.54746896 0.54891264
vt 0.50844747 0.55104375
vt 0.50249696 0.55331469
vt 0.55447018 0.55058628
vt 0.53030127 0.50216419
vt 0.52030182 0.50277621
vt 0.52106088 0.49638247
vt 0.51009548 0.49669343
vt 0.50850129 0.50379425
vt 0.50250310 0.50321442
vt 0.54357994 0.50099981
vt 0.55192381 0.49633241
vt 0.55466038 0.49945867
vt 0.55453122 0.50362974
vt 0.55449373 0.50751370
vt 0.50261056 0.49564743
vt 0.52503324 0.49080551
vt 0.50883609 0.49026966
vt 0.96287304 0.99794346
vt 0.50107801 0.49457550
vt 0.55279654 0.49077833
vt 0.55407488 0.48770046
vt 0.52656531 0.48651183
vt 0.53302389 0.47992373
vt 0.55405009 0.48121214
vt 0.51144224 0.48381579
vt 0.50111043 0.48697948
vt 0.50129867 0.48373222
vt 0.50261956 0.49080634
vt 0.96767288 0.99825662
vt 0.50048488 0.49096143
vt 0.87118387 0.38845062
vt 0.55478966 0.49142814
vt 0.52557248 0.47564256
vt 0.50910312 0.47879893
vt 0.50294477 0.47745562
vt 0.53774917 0.47622919
vt 0.55448192 0.47740352
vt 0.55313659 0.47209084
vt 0.54647332 0.46809864
vt 0.51126057 0.47221690
vt 0.50276375 0.46901715
vt 0.51289326 0.46699405
vt 0.52922422 0.46718109
vt 0.42955971 0.67257011
vt 0.49955332 0.47350502
vt 0.55455583 0.46750933
vt 0.55494106 0.47203863
vt 0.94016325 0.99653411
vt 0.50090337 0.51164144
vt 0.50171095 0.48018205
vt 0.94588733 0.99693078
vt 0.50081950 0.50735855
vt 0.50177413 0.46469432
vt 0.50063241 0.47779739
vt 0.50067347 0.46707749
vt 0.52523947 0.45831287
vt 0.51125705 0.45901024
vt 0.50288820 0.45956987
vt 0.54275435 0.45865369
vt 0.55299360 0.46257722
vt 0.43295690 0.67458534
vt 0.49946445 0.47024333
vt 0.50044429 0.46072829
vt 0.00572197 0.43413830
vt 0.55423898 0.45766366
vt 0.54052699 0.55891955
vt 0.55229062 0.55931491
vt 0.88480079 0.40208012
vt 0.55581057 0.50839293
vt 0.52761889 0.55781645
vt 0.50904411 0.55917251
vt 0.50249898 0.56434065
vt 0.52955073 0.57712513
vt 0.53828055 0.58736938
vt 0.54111570 0.57844609
vt 0.54870790 0.57570326
vt 0.51121211 0.57506365
vt 0.50915992 0.58834219
vt 0.50520957 0.57732773
vt 0.50226825 0.57986355
vt 0.55269748 0.58890903
vt 0.92404425 0.46931517
vt 0.55449706 0.58206522
vt 0.50853711 0.59346300
vt 0.53431404 0.59407401
vt 0.54918009 0.59210855
vt 0.50243807 0.59481585
vt 0.51126635 0.59778744
vt 0.53441900 0.59847361
vt 0.54913902 0.59843713
vt 0.35171559 0.63355935
vt 0.50042355 0.54489487
vt 0.92607683 0.99646229
vt 0.50017244 0.52218068
vt 0.87536520 0.67301452
vt 0.50088251 0.59956408
vt 0.89919865 0.41966784
vt 0.55580616 0.52911019
vt 0.93300521 0.99634129
vt 0.50037777 0.51701176
vt 0.86495751 0.38353491
vt 0.55547595 0.48462677
vt 0.88556457 0.67505646
vt 0.51116580 0.60145116
vt 0.87793392 0.39582831
vt 0.55589801 0.50032002
vt 0.33836323 0.63024795
vt 0.49992689 0.55561697
vt 0.50005656 0.56392235
vt 0.50000674 0.57596791
vt 0.34531215 0.63144863
vt 0.49997181 0.55018985
vt 0.49980778 0.58512169
vt 0.84406608 0.36841094
vt 0.00387737 0.42921901
vt 0.55587810 0.46263611
vt 0.43944377 0.67937559
vt 0.49917346 0.46341491
vt 0.53895509 0.45283318
vt 0.03618942 0.44288707
vt 0.52357870 0.44881320
vt 0.51014704 0.45300889
vt 0.05359210 0.44215995
vt 0.50605798 0.44949502
vt 0.05654801 0.43874609
vt 0.50306499 0.45288235
vt 0.50206280 0.45691240
vt 0.86928940 0.38812572
vt 0.55594420 0.49023819
vt 0.85572970 0.37665570
vt 0.55611312 0.47483373
vt 0.91123307 0.43754804
vt 0.55575228 0.54915202
vt 0.92761880 0.48479420
vt 0.55570525 0.59761953
vt 0.42438501 0.66711080
vt 0.49908575 0.48011732
vt 0.92019242 0.46269310
vt 0.55600524 0.57498026
vt 0.29868418 0.62281764
vt 0.49854085 0.58662182
vt 0.31354201 0.62525451
vt 0.49869904 0.57503444
vt 0.30776447 0.62336189
vt 0.49771899 0.57973415
vt 0.29070821 0.94895804
vt 0.40956438 0.53555155
vt 0.29651943 0.94983941
vt 0.27751058 0.94934535
vt 0.40650827 0.50995094
vt 0.26266775 0.95076770
vt 0.26388592 0.94935435
vt 0.25981736 0.94767272
vt 0.30916941 0.94673246
vt 0.31091273 0.94896227
vt 0.41018820 0.54407769
vt 0.30770680 0.94996369
vt 0.31876522 0.94848353
vt 0.32295382 0.94623405
vt 0.32191825 0.94925332
vt 0.24205363 0.94740242
vt 0.23587838 0.94952691
vt 0.23003143 0.94715011
vt 0.40864033 0.48708022
vt 0.23259182 0.95026743
vt 0.22553048 0.94964463
vt 0.22268526 0.94817203
vt 0.41407645 0.55912220
vt 0.32772136 0.94968736
vt 0.32927954 0.94815850
vt 0.41537049 0.56069243
vt 0.33007795 0.94925845
vt 0.33243337 0.94011694
vt 0.34255585 0.94123024
vt 0.28397575 0.94670522
vt 0.27581525 0.94096631
vt 0.26368245 0.93889147
vt 0.30089194 0.93966407
vt 0.28452957 0.93890297
vt 0.30600691 0.93418503
vt 0.27613494 0.93493414
vt 0.28994900 0.93430692
vt 0.25972095 0.93411487
vt 0.28621060 0.92532462
vt 0.27581868 0.92626572
vt 0.27518907 0.91457289
vt 0.28999245 0.91339475
vt 0.29591095 0.92544645
vt 0.26228857 0.91921049
vt 0.28568941 0.90730828
vt 0.27475250 0.90699095
vt 0.25568068 0.90700036
vt 0.30024090 0.90716875
vt 0.53406978 0.83875287
vt 0.27583259 0.90437734
vt 0.28752393 0.90425944
vt 0.30428740 0.91631788
vt 0.31106293 0.93561888
vt 0.32238570 0.93647051
vt 0.25482348 0.91539669
vt 0.24331890 0.90470797
vt 0.24487272 0.91910273
vt 0.24936292 0.92661899
vt 0.23801903 0.92606652
vt 0.24747701 0.93701905
vt 0.30777559 0.90424782
vt 0.52561766 0.86236787
vt 0.53676987 0.82676101
vt 0.25983176 0.90447539
vt 0.24430329 0.90366924
vt 0.53786498 0.81489551
vt 0.23971356 0.93648487
vt 0.22865611 0.93713218
vt 0.31803498 0.92230350
vt 0.31140113 0.91721958
vt 0.31935453 0.90965283
vt 0.52799213 0.85204160
vt 0.29423916 0.90263724
vt 0.22825536 0.92189193
vt 0.23535749 0.91679341
vt 0.23829971 0.90464932
vt 0.32354844 0.92664289
vt 0.34244218 0.93396056
vt 0.33341932 0.93324780
vt 0.34278274 0.92669958
vt 0.32978037 0.91480207
vt 0.33316615 0.90840191
vt 0.33876908 0.91382873
vt 0.34998572 0.91601223
vt 0.51822937 0.87293571
vt 0.32364988 0.90321177
vt 0.35095665 0.94796985
vt 0.35417831 0.92782182
vt 0.35615990 0.93530232
vt 0.50788563 0.89269996
vt 0.35165945 0.90299666
vt 0.35817450 0.91561127
vt 0.36578965 0.92266226
vt 0.36664441 0.93516153
vt 0.35728166 0.94580859
vt 0.36661130 0.91640848
vt 0.21290593 0.94089866
vt 0.71070629 0.37789977
vt 0.22227392 0.94249636
vt 0.22106081 0.93564433
vt 0.21965344 0.91839004
vt 0.21314007 0.91474301
vt 0.74490058 0.37761509
vt 0.22410513 0.91232646
vt 0.22327802 0.90524143
vt 0.21241513 0.90375906
vt 0.20756438 0.90796459
vt 0.20529179 0.90369266
vt 0.75949663 0.38330954
vt 0.20422812 0.91807491
vt 0.74067205 0.38444853
vt 0.22385128 0.90365487
vt 0.23291829 0.90494812
vt 0.53644007 0.81425375
vt 0.24341750 0.90264976
vt 0.42069247 0.57781351
vt 0.35312134 0.94908798
vt 0.42365462 0.58271515
vt 0.36008203 0.94805199
vt 0.53613394 0.80170673
vt 0.22696546 0.90260482
vt 0.23476571 0.90337694
vt 0.37278759 0.92463750
vt 0.92622447 0.93704796
vt 0.37454379 0.93576968
vt 0.92483169 0.92580307
vt 0.37258688 0.91384697
vt 0.92617083 0.94792533
vt 0.53526276 0.80035836
vt 0.22510423 0.90229583
vt 0.53592706 0.81052375
vt 0.23853606 0.90223616
vt 0.53709298 0.77598250
vt 0.76053834 0.39277756
vt 0.19297445 0.90248507
vt 0.64986897 0.92704850
vt 0.63867843 0.92748284
vt 0.64860952 0.92084730
vt 0.63506693 0.92497605
vt 0.63601917 0.92073005
vt 0.64781231 0.91570091
vt 0.62626243 0.92363071
vt 0.62223357 0.92919761
vt 0.61867297 0.91884673
vt 0.65228617 0.93566555
vt 0.64877588 0.94526166
vt 0.63655668 0.93157822
vt 0.63034773 0.93180817
vt 0.61186117 0.92260408
vt 0.61302185 0.92976421
vt 0.60239136 0.92893839
vt 0.60210544 0.92157060
vt 0.62471277 0.94257289
vt 0.62763113 0.95639980
vt 0.61336666 0.94181603
vt 0.60145444 0.93795276
vt 0.63250595 0.95295262
vt 0.60280687 0.95318687
vt 0.60307199 0.95721459
vt 0.60162234 0.94775724
vt 0.63829279 0.95245266
vt 0.64139497 0.95807725
vt 0.22916427 0.99772406
vt 0.61701256 0.95975733
vt 0.65834266 0.92570847
vt 0.58360755 0.95706785
vt 0.58888245 0.92964554
vt 0.58704835 0.92402858
vt 0.58500129 0.94676441
vt 0.58227754 0.95874763
vt 0.57572579 0.93011498
vt 0.57083851 0.92467701
vt 0.21511647 0.99571699
vt 0.60282153 0.95992178
vt 0.57145393 0.95283729
vt 0.57527119 0.94230723
vt 0.57265794 0.95740366
vt 0.59192532 0.91970313
vt 0.57668668 0.92089212
vt 0.56847501 0.93093431
vt 0.56825686 0.94189936
vt 0.62881148 0.95859653
vt 0.25239712 0.99965131
vt 0.64028376 0.95944166
vt 0.56740254 0.92190504
vt 0.60038108 0.91568315
vt 0.62461239 0.91575694
vt 0.63754761 0.91606987
vt 0.57354903 0.91643727
vt 0.55463314 0.92892164
vt 0.55682182 0.94917744
vt 0.55318356 0.95437574
vt 0.56288403 0.95657796
vt 0.55461848 0.92395711
vt 0.54629207 0.94816101
vt 0.54317766 0.95955139
vt 0.54542208 0.92948884
vt 0.55305111 0.95960432
vt 0.07325742 0.00863171
vt 0.54455411 0.96060115
vt 0.07344890 0.01759368
vt 0.55619633 0.96070176
vt 0.54542089 0.92480880
vt 0.56484437 0.95952660
vt 0.18189420 0.98873973
vt 0.56855720 0.96014744
vt 0.53313327 0.95654297
vt 0.56219327 0.91871506
vt 0.53544575 0.94804120
vt 0.53785652 0.93773437
vt 0.53427535 0.92675245
vt 0.55014199 0.92141575
vt 0.54389966 0.92083019
vt 0.55137509 0.91877300
vt 0.53453207 0.92049223
vt 0.52900934 0.93450993
vt 0.52507937 0.92960763
vt 0.16210049 0.70252764
vt 0.51723242 0.94109869
vt 0.52807915 0.94751316
vt 0.52462196 0.92391026
vt 0.16683502 0.71842277
vt 0.51162499 0.92509973
vt 0.16104402 0.69487971
vt 0.51859075 0.94883108
vt 0.65100366 0.82043236
vt 0.54763228 0.91951811
vt 0.65100366 0.81694561
vt 0.54571885 0.91642797
vt 0.75471115 0.70556700
vt 0.51706451 0.91961807
vt 0.66693294 0.92176104
vt 0.66019893 0.94434011
vt 0.64624244 0.95269471
vt 0.65440303 0.95279515
vt 0.67120165 0.94552362
vt 0.67166036 0.93637550
vt 0.67263401 0.95783103
vt 0.67214531 0.92966402
vt 0.67247504 0.95879275
vt 0.66068965 0.95900095
vt 0.65251249 0.95831877
vt 0.65545440 0.91589075
vt 0.66584677 0.91388601
vt 0.67171985 0.91592711
vt 0.65052366 0.95937032
vt 0.67280799 0.92251235
vt 0.62926936 0.71032512
vt 0.66852254 0.91278034
vt 0.68160206 0.95890188
vt 0.56170273 0.91554856
vt 0.55143100 0.91580051
vt 0.67914671 0.92725837
vt 0.68809593 0.93938261
vt 0.67929697 0.94172055
vt 0.68554330 0.94926721
vt 0.68442172 0.92849565
vt 0.68406552 0.92065209
vt 0.69234687 0.92729801
vt 0.68371081 0.91575938
vt 0.26913223 0.99889404
vt 0.65682048 0.96025074
vt 0.54948795 0.91818887
vt 0.65191609 0.81913573
vt 0.54724818 0.91823184
vt 0.54943085 0.92010838
vt 0.69860822 0.92039961
vt 0.69723040 0.91348851
vt 0.70338315 0.91321969
vt 0.69820237 0.92772132
vt 0.69779289 0.93941832
vt 0.69086206 0.94951743
vt 0.69319016 0.95836782
vt 0.68872494 0.95884407
vt 0.65095198 0.71274781
vt 0.64744246 0.91324604
vt 0.66086894 0.71388769
vt 0.63781691 0.91314298
vt 0.69829345 0.94789547
vt 0.69965351 0.95845550
vt 0.67500633 0.95976615
vt 0.07247234 0.01556867
vt 0.55351311 0.96105582
vt 0.70617998 0.92434287
vt 0.29882616 0.99819672
vt 0.68635684 0.96017987
vt 0.70929736 0.92976278
vt 0.70666242 0.94057667
vt 0.70634383 0.95192909
vt 0.60715181 0.91392010
vt 0.72569853 0.71139520
vt 0.57491279 0.91443467
vt 0.70512807 0.95789045
vt 0.71942466 0.92540848
vt 0.72601116 0.93470037
vt 0.71499628 0.92077196
vt 0.70942402 0.91348243
vt 0.71408886 0.93925208
vt 0.72712684 0.94686526
vt 0.71403325 0.94656324
vt 0.72217125 0.94831908
vt 0.25559205 0.99913120
vt 0.64349914 0.95982999
vt 0.71959269 0.95535374
vt 0.71410698 0.95585048
vt 0.71714401 0.95751214
vt 0.71780521 0.95906949
vt 0.75776613 0.07635981
vt 0.71059197 0.95774025
vt 0.71502090 0.95786029
vt 0.71297550 0.95932436
vt 0.71405709 0.96022689
vt 0.32639444 0.99448758
vt 0.71680361 0.95875829
vt 0.28079942 0.99882895
vt 0.66840768 0.96052259
vt 0.71686941 0.91473985
vt 0.73008841 0.92170179
vt 0.72767013 0.91349483
vt 0.73197079 0.92613572
vt 0.73852652 0.93707216
vt 0.72527450 0.95592546
vt 0.73416686 0.94690222
vt 0.74596322 0.94037873
vt 0.74578756 0.94689387
vt 0.74197048 0.95476753
vt 0.73323780 0.95699388
vt 0.73503089 0.95916802
vt 0.74047047 0.95958477
vt 0.35081318 0.98930013
vt 0.73909938 0.96022141
vt 0.74406511 0.93071520
vt 0.74507022 0.92321843
vt 0.75159347 0.94719267
vt 0.75673079 0.94136810
vt 0.75695467 0.95556468
vt 0.75224382 0.95699650
vt 0.74768746 0.95539206
vt 0.75409728 0.95903504
vt 0.94700342 0.14748955
vt 0.76013315 0.95934165
vt 0.75552118 0.92977160
vt 0.73862851 0.91312325
vt 0.74561536 0.91538960
vt 0.71612555 0.91262090
vt 0.57620162 0.69947082
vt 0.72152609 0.91229123
vt 0.74428910 0.95912337
vt 0.74917102 0.95935065
vt 0.75281197 0.95931405
vt 0.75328827 0.96066499
vt 0.94844890 0.14958161
vt 0.36495781 0.98701507
vt 0.37414879 0.98467785
vt 0.76289082 0.96035337
vt 0.76310772 0.95923620
vt 0.76308835 0.95447320
vt 0.76243466 0.94572222
vt 0.76396054 0.93665522
vt 0.76267648 0.92562044
vt 0.75884330 0.91768837
vt 0.59252018 0.70402330
vt 0.70476407 0.91224062
vt 0.75491267 0.91313267
vt 0.72226673 0.95916110
vt 0.33366710 0.99353004
vt 0.72137767 0.96023166
vt 0.31328037 0.99643427
vt 0.70088041 0.95985472
vt 0.70555228 0.95923668
vt 0.70938957 0.95864606
vt 0.69466764 0.95949817
vt 0.55094105 0.69073468
vt 0.74832290 0.91219842
vt 0.73169863 0.95908099
vt 0.46692809 0.87064159
vt 0.34226793 0.99078226
vt 0.73034912 0.95974410
vt 0.73393899 0.95923942
vt 0.73347425 0.96073735
vt 0.34603944 0.99100137
vt 0.76278579 0.91531020
vt 0.77187294 0.92065793
vt 0.76257908 0.91251814
vt 0.77381861 0.94040716
vt 0.77371061 0.92826658
vt 0.77409750 0.94725764
vt 0.77523023 0.95601571
vt 0.72682059 0.95868140
vt 0.77844483 0.91552556
vt 0.76911759 0.95937181
vt 0.57143736 0.69819623
vt 0.72638452 0.91206902
vt 0.33936590 0.99173421
vt 0.72734684 0.96014488
vt 0.46965694 0.86913884
vt 0.72934085 0.95824724
vt 0.58445191 0.70249599
vt 0.71273535 0.91196489
vt 0.17979889 0.98729312
vt 0.07325740 0.02509445
vt 0.56591922 0.96080375
vt 0.78520077 0.94156086
vt 0.78236240 0.95560700
vt 0.78136742 0.95942491
vt 0.78897464 0.95636350
vt 0.78817326 0.95939857
vt 0.39425823 0.97758359
vt 0.78490841 0.96042359
vt 0.39990455 0.97624224
vt 0.79077119 0.96048307
vt 0.79366362 0.95953721
vt 0.79451418 0.94240195
vt 0.79318875 0.93352616
vt 0.78500479 0.92686737
vt 0.79129821 0.92494160
vt 0.78394932 0.92069268
vt 0.79356402 0.91511720
vt 0.77373254 0.91296053
vt 0.76665711 0.91336662
vt 0.52146482 0.67741609
vt 0.78149587 0.91223460
vt 0.77683699 0.95919794
vt 0.78634655 0.91338950
vt 0.80232388 0.93319041
vt 0.80142164 0.92696273
vt 0.79978722 0.91997212
vt 0.50712985 0.66901457
vt 0.79903567 0.91310132
vt 0.80156970 0.94391388
vt 0.51165754 0.67233622
vt 0.79299706 0.91234815
vt 0.46811485 0.86854953
vt 0.72923058 0.95939368
vt 0.46669707 0.86909610
vt 0.72940689 0.96043807
vt 0.34154552 0.99174893
vt 0.56263524 0.69508243
vt 0.73575467 0.91208428
vt 0.40993395 0.97256619
vt 0.80184233 0.96050984
vt 0.80323136 0.91348457
vt 0.81112581 0.92596412
vt 0.80913073 0.93548888
vt 0.81237590 0.91507983
vt 0.80842716 0.94617826
vt 0.80541325 0.95940787
vt 0.37700912 0.98340559
vt 0.76617420 0.96052182
vt 0.38102007 0.98230296
vt 0.77037895 0.96037483
vt 0.38429293 0.98082578
vt 0.77413464 0.96051896
vt 0.38824958 0.97939444
vt 0.77844495 0.96043473
vt 0.81156254 0.95965618
vt 0.81667238 0.93502784
vt 0.81956750 0.92320764
vt 0.81743157 0.94728851
vt 0.81843376 0.95954853
vt 0.50006157 0.66577029
vt 0.80697501 0.91227996
vt 0.16382407 0.72679299
vt 0.51402491 0.91640884
vt 0.42200664 0.96639329
vt 0.81624138 0.96079302
vt 0.42929524 0.96260476
vt 0.82501501 0.96058398
vt 0.48568019 0.65475458
vt 0.82692081 0.91309190
vt 0.81418312 0.91299707
vt 0.82036376 0.91299009
vt 0.82879341 0.93437701
vt 0.83248842 0.94719499
vt 0.83110648 0.92606580
vt 0.82396305 0.95701295
vt 0.83357960 0.95568508
vt 0.82914168 0.95955801
vt 0.83196300 0.91646171
vt 0.83970362 0.93250114
vt 0.40226260 0.97461706
vt 0.79375529 0.96124643
vt 0.84601045 0.92517543
vt 0.84253520 0.91773593
vt 0.85144955 0.93939006
vt 0.84189063 0.94726855
vt 0.84223622 0.91342157
vt 0.43726486 0.95730048
vt 0.83556294 0.96041906
vt 0.19595920 0.99156505
vt 0.58299863 0.96046567
vt 0.54615819 0.68921304
vt 0.75331849 0.91193438
vt 0.85128629 0.94755423
vt 0.84377366 0.95651758
vt 0.86167139 0.94108242
vt 0.86216891 0.92499673
vt 0.86291325 0.94792289
vt 0.85187191 0.95631617
vt 0.84431493 0.95959884
vt 0.85161477 0.95955700
vt 0.86327279 0.95512062
vt 0.86432940 0.95960009
vt 0.85855216 0.95964050
vt 0.45858529 0.94201547
vt 0.86481375 0.96075773
vt 0.85711992 0.91527045
vt 0.83848101 0.95589370
vt 0.83860153 0.95954794
vt 0.46156794 0.94023222
vt 0.86856300 0.96047091
vt 0.26218560 0.99832201
vt 0.64997071 0.96097606
vt 0.47029677 0.64263982
vt 0.84864652 0.91245484
vt 0.46132630 0.63413620
vt 0.86274731 0.91268915
vt 0.87394923 0.93080127
vt 0.87421113 0.92018312
vt 0.87477958 0.91510010
vt 0.45474812 0.62785000
vt 0.87313563 0.91255188
vt 0.87249774 0.94708544
vt 0.87006128 0.95653427
vt 0.48885295 0.65865386
vt 0.82119030 0.91199762
vt 0.49777144 0.66457111
vt 0.80966789 0.91206491
vt 0.88100910 0.92161411
vt 0.87290233 0.95948941
vt 0.88637435 0.94498444
vt 0.88986290 0.92613620
vt 0.89308476 0.94844306
vt 0.88271195 0.94859290
vt 0.47765055 0.92707485
vt 0.89227295 0.95959628
vt 0.89507675 0.95821822
vt 0.47337034 0.93048817
vt 0.88605702 0.95963830
vt 0.87930888 0.95784605
vt 0.87418026 0.95644045
vt 0.87458313 0.95806044
vt 0.45379388 0.94466776
vt 0.85891658 0.96081823
vt 0.88769442 0.91509598
vt 0.87979841 0.95963633
vt 0.10720803 0.71234310
vt 0.89539158 0.93886042
vt 0.89503056 0.91359156
vt 0.90281874 0.94718605
vt 0.52536964 0.67993170
vt 0.77658504 0.91178524
vt 0.46576494 0.93539393
vt 0.87592930 0.96129709
vt 0.87759966 0.95895261
vt 0.89644307 0.92693156
vt 0.44087291 0.61124736
vt 0.89865816 0.91263658
vt 0.91206908 0.94314224
vt 0.91327488 0.95384634
vt 0.91094756 0.92545456
vt 0.48800620 0.91792780
vt 0.90813595 0.95968539
vt 0.49138930 0.91511720
vt 0.91302472 0.95933175
vt 0.90858603 0.91587269
vt 0.91372585 0.91539299
vt 0.42862874 0.59184331
vt 0.92681897 0.91376865
vt 0.37308180 0.94776303
vt 0.34488764 0.73884243
vt 0.43106589 0.59710717
vt 0.91951162 0.91297704
vt 0.46340922 0.93802845
vt 0.87194020 0.96055245
vt 0.49889830 0.90737581
vt 0.92570084 0.95823222
vt 0.50140870 0.90289384
vt 0.36655942 0.90270066
vt 0.93202555 0.95921063
vt 0.91446918 0.13686651
vt 0.91283202 0.13090318
vt 0.89147311 0.13183200
vt 0.90707219 0.14238012
vt 0.92069739 0.14376259
vt 0.89409667 0.14071608
vt 0.92883742 0.13785875
vt 0.92503566 0.12913001
vt 0.87947625 0.13728094
vt 0.87963825 0.14125341
vt 0.87942761 0.13116360
vt 0.91592193 0.14755952
vt 0.92352599 0.14748472
vt 0.87997580 0.14832765
vt 0.89550751 0.14766586
vt 0.93443799 0.13152462
vt 0.93756562 0.12637961
vt 0.93755299 0.13722622
vt 0.93775439 0.14286715
vt 0.90065217 0.12515271
vt 0.87966716 0.12533069
vt 0.93740934 0.14646411
vt 0.93322879 0.15093321
vt 0.92327130 0.12181568
vt 0.07206856 0.65902334
vt 0.93891484 0.14056289
vt 0.90761328 0.11938310
vt 0.92198437 0.11452454
vt 0.88998502 0.11787528
vt 0.88216579 0.11496383
vt 0.90497822 0.11132210
vt 0.90065521 0.10274559
vt 0.92207855 0.10641295
vt 0.93009681 0.11190820
vt 0.90628165 0.09919012
vt 0.91893542 0.09893310
vt 0.88276845 0.10445225
vt 0.89386427 0.09718782
vt 0.93755555 0.11618894
vt 0.93882275 0.12213665
vt 0.93756837 0.11270720
vt 0.93329352 0.10476625
vt 0.93924761 0.11016315
vt 0.93750077 0.10391790
vt 0.92929053 0.09930903
vt 0.93934351 0.10493422
vt 0.93960840 0.10064590
vt 0.93945515 0.12695551
vt 0.93909985 0.12994421
vt 0.09434421 0.64249915
vt 0.93931198 0.11673474
vt 0.93863440 0.11951089
vt 0.09909391 0.63959515
vt 0.93988359 0.11209869
vt 0.87907851 0.10773218
vt 0.87940592 0.12212527
vt 0.87916863 0.11657441
vt 0.93737549 0.09724259
vt 0.87952888 0.09576899
vt 0.90453893 0.09053159
vt 0.89503753 0.09101939
vt 0.86158162 0.36144423
vt 0.87837303 0.09171981
vt 0.92064089 0.09085506
vt 0.93820232 0.09184831
vt 0.92946404 0.08802617
vt 0.06400397 0.66445392
vt 0.93889391 0.14867973
vt 0.93824935 0.15230298
vt 0.92139930 0.15675902
vt 0.07788153 0.65375984
vt 0.93888390 0.13340127
vt 0.85818946 0.35908949
vt 0.87831157 0.08816248
vt 0.91201234 0.15660149
vt 0.89688027 0.15736818
vt 0.87945479 0.15672278
vt 0.93469369 0.15827584
vt 0.91817921 0.08526981
vt 0.90273720 0.08144778
vt 0.89463562 0.08303714
vt 0.93730009 0.08639944
vt 0.87981796 0.08152521
vt 0.93280244 0.08055168
vt 0.91367382 0.07874256
vt 0.93959171 0.08160323
vt 0.93974316 0.08566105
vt 0.12057172 0.62554997
vt 0.94024366 0.09042519
vt 0.11581819 0.62825805
vt 0.93969035 0.09496349
vt 0.93883651 0.15612203
vt 0.87985498 0.07777214
vt 0.91067016 0.16245204
vt 0.92841208 0.16466260
vt 0.91715610 0.16787112
vt 0.89717054 0.16811109
vt 0.90812296 0.17700887
vt 0.89555746 0.17657578
vt 0.92289841 0.17733765
vt 0.93761486 0.16926926
vt 0.93777388 0.17286021
vt 0.93764949 0.17573732
vt 0.88236463 0.17587852
vt 0.88259995 0.16667211
vt 0.92780674 0.16703147
vt 0.93483293 0.16667527
vt 0.04873721 0.68178767
vt 0.93909639 0.16949624
vt 0.93846977 0.17987543
vt 0.90941441 0.18192434
vt 0.89537817 0.18178666
vt 0.87915939 0.18074852
vt 0.92416555 0.18110365
vt 0.04217032 0.68651378
vt 0.93907678 0.17633432
vt 0.04503204 0.68473381
vt 0.93926412 0.17356288
vt 0.03917087 0.68965411
vt 0.93923885 0.18016452
vt 0.89749151 0.16333973
vt 0.87874740 0.17657751
vt 0.92367756 0.42593718
vt 0.87831157 0.17359275
vt 0.93802238 0.16066396
vt 0.93420827 0.16146088
vt 0.88055694 0.16168135
vt 0.93770081 0.18399161
vt 0.90018642 0.18926942
vt 0.91707104 0.18965721
vt 0.88198614 0.18381023
vt 0.87952125 0.18521011
vt 0.85173357 0.40708268
vt 0.93740153 0.16566789
vt 0.80702555 0.00801951
vt 0.93918461 0.16226220
vt 0.88477284 0.18976557
vt 0.87967277 0.19142163
vt 0.92060071 0.42238903
vt 0.87855315 0.16927010
vt 0.93785918 0.19135028
vt 0.87918997 0.14480406
vt 0.87816083 0.13402617
vt 0.89788520 0.39242375
vt 0.89384907 0.38836765
vt 0.87818986 0.12881404
vt 0.89856791 0.19500542
vt 0.91801012 0.19524395
vt 0.93797171 0.19546258
vt 0.03151121 0.70025331
vt 0.93935823 0.19229388
vt 0.93284428 0.44038093
vt 0.87848389 0.18985486
vt 0.87984014 0.19885898
vt 0.91530228 0.41463006
vt 0.87835205 0.16033185
vt 0.90783882 0.40324116
vt 0.87787586 0.14741862
vt 0.90052247 0.07049370
vt 0.89288622 0.07177389
vt 0.91700500 0.20149899
vt 0.89459646 0.20048475
vt 0.93007427 0.20021373
vt 0.85483897 0.40624106
vt 0.93925774 0.16412961
vt 0.93758142 0.16766649
vt 0.93599373 0.16664803
vt 0.04987867 0.68037349
vt 0.93942261 0.16784698
vt 0.92309141 0.07062685
vt 0.93134266 0.07194567
vt 0.90686572 0.06955945
vt 0.93710059 0.07534415
vt 0.84085101 0.34981745
vt 0.87951314 0.07168609
vt 0.90537357 0.40019327
vt 0.87777871 0.14379776
vt 0.14371860 0.61592942
vt 0.93919283 0.07029271
vt 0.87485933 0.37130439
vt 0.87794244 0.10602826
vt 0.89507335 0.20653313
vt 0.90856683 0.20594990
vt 0.89615434 0.21487397
vt 0.88302290 0.20803362
vt 0.88247931 0.21701586
vt 0.91976464 0.20899796
vt 0.92257714 0.21577156
vt 0.93044680 0.21079451
vt 0.93276340 0.21591580
vt 0.93586177 0.22119814
vt 0.91596109 0.22368264
vt 0.93783182 0.21855909
vt 0.02140186 0.72060055
vt 0.93962497 0.21393198
vt 0.93824744 0.21246505
vt 0.93777609 0.20855570
vt 0.89996976 0.22425228
vt 0.01674551 0.72947252
vt 0.93920296 0.22348833
vt 0.93066961 0.20419252
vt 0.93791354 0.20200813
vt 0.88532007 0.22493494
vt 0.94149894 0.46393144
vt 0.87885696 0.21466708
vt 0.88017029 0.20933557
vt 0.93720639 0.44989824
vt 0.87782824 0.20006716
vt 0.87969911 0.21803212
vt 0.93162507 0.22733939
vt 0.88167459 0.22515529
vt 0.93567193 0.22986090
vt 0.90407509 0.23217964
vt 0.89555502 0.22716796
vt 0.94462621 0.47373390
vt 0.87860626 0.22490537
vt 0.91425061 0.24253315
vt 0.89789534 0.24704415
vt 0.93688989 0.24116117
vt 0.93704671 0.24879134
vt 0.89015579 0.24047917
vt 0.88273370 0.24115098
vt 0.91310608 0.41037595
vt 0.87791258 0.15570819
vt 0.92412055 0.24886918
vt 0.90173280 0.25007069
vt 0.89133912 0.25076121
vt 0.88544977 0.25107026
vt 0.93834478 0.23899686
vt 0.93511581 0.26077211
vt 0.91755635 0.26652908
vt 0.90530378 0.26461869
vt 0.93918324 0.24872601
vt 0.00802382 0.75386149
vt 0.88527685 0.26181543
vt 0.89838082 0.26575768
vt 0.93625700 0.26972544
vt 0.94855785 0.51440525
vt 0.87997884 0.26621521
vt 0.93862915 0.27240705
vt 0.89494628 0.27395952
vt 0.90017575 0.27387965
vt 0.90533525 0.27357030
vt 0.88565224 0.27219242
vt 0.88173366 0.27410376
vt 0.93555379 0.27394909
vt 0.91713172 0.27449369
vt 0.94965982 0.52375770
vt 0.87908167 0.27570152
vt 0.88566864 0.27726573
vt 0.01917705 0.72657228
vt 0.93982822 0.22009498
vt 0.88292652 0.37826014
vt 0.87773627 0.11544603
vt 0.90095747 0.28499770
vt 0.92654848 0.28652704
vt 0.91836524 0.27949333
vt 0.93485010 0.28076816
vt 0.89108473 0.28630573
vt 0.89144921 0.29260015
vt 0.90067172 0.29366255
vt 0.92493886 0.29176396
vt 0.00198287 0.79130954
vt 0.93985498 0.28638256
vt 0.93878651 0.29094756
vt 0.93862826 0.29781747
vt 0.00136861 0.80132604
vt 0.94006592 0.29635692
vt 0.92352253 0.29813474
vt 0.90484130 0.29852277
vt 0.93872136 0.27940953
vt 0.88270140 0.28929603
vt 0.88292962 0.29726005
vt 0.89419240 0.29888159
vt 0.94707894 0.53073037
vt 0.88142037 0.28282166
vt 0.93729907 0.30519223
vt 0.03308279 0.69961703
vt 0.94000065 0.19107741
vt 0.93910718 0.30688953
vt 0.88676226 0.30740762
vt 0.89753085 0.31085384
vt 0.94477189 0.54607975
vt 0.88138705 0.29860383
vt 0.94652092 0.53848660
vt 0.88079965 0.29077411
vt 0.88260770 0.30770397
vt 0.92104816 0.30682778
vt 0.90669739 0.31180120
vt 0.90162045 0.31697798
vt 0.40724280 0.71351433
vt 0.92076248 0.31258142
vt 0.93857336 0.31380618
vt 0.00141132 0.81018698
vt 0.94026965 0.30523014
vt 0.00166582 0.81669712
vt 0.94033009 0.31170875
vt 0.94299448 0.46509051
vt 0.87795836 0.21612114
vt 0.94442016 0.55487859
vt 0.88022381 0.30750304
vt 0.94218570 0.56144524
vt 0.88113105 0.31438631
vt 0.10849483 0.63301045
vt 0.94081336 0.10234493
vt 0.94840121 0.53343135
vt 0.87969989 0.28548342
vt 0.84988117 0.35345209
vt 0.87797266 0.07954901
vt 0.84683299 0.35149294
vt 0.87782383 0.07647568
vt 0.00243940 0.80194926
vt 0.94102925 0.29702806
vt 0.93419874 0.06050068
vt 0.93063068 0.06533217
vt 0.90603805 0.06129658
vt 0.93818164 0.06561029
vt 0.15686630 0.61157799
vt 0.93950224 0.05925256
vt 0.15235528 0.61401927
vt 0.93995959 0.06346858
vt 0.14944927 0.61525977
vt 0.94012606 0.06600648
vt 0.89023894 0.06114769
vt 0.88032746 0.06067032
vt 0.13956271 0.61736965
vt 0.93919760 0.07380664
vt 0.88046581 0.05447584
vt 0.12896255 0.62285447
vt 0.94114965 0.08351505
vt 0.82157564 0.33975482
vt 0.87837440 0.05363071
vt 0.93844897 0.05663794
vt 0.91750389 0.05678493
vt 0.90161359 0.05345607
vt 0.88302612 0.04965508
vt 0.87977880 0.04968870
vt 0.83070052 0.34441501
vt 0.87863874 0.06210369
vt 0.87949711 0.06727809
vt 0.92446882 0.05133510
vt 0.93487537 0.05017227
vt 0.93852621 0.05087119
vt 0.91296333 0.05150062
vt 0.89404804 0.04967582
vt 0.84427768 0.35059464
vt 0.87833261 0.07432413
vt 0.17146844 0.60752583
vt 0.93981743 0.04746461
vt 0.88343090 0.04104102
vt 0.81173617 0.33618402
vt 0.87887800 0.04523015
vt 0.91253811 0.04294360
vt 0.89663893 0.04165661
vt 0.89943373 0.03715217
vt 0.91865194 0.03722239
vt 0.92513037 0.04254097
vt 0.93870056 0.03990996
vt 0.89120793 0.03312868
vt 0.88057077 0.02966809
vt 0.90810746 0.02951622
vt 0.92435330 0.02996182
vt 0.92253011 0.02251387
vt 0.93357056 0.02163231
vt 0.93424982 0.02850807
vt 0.93879658 0.02495903
vt 0.93880981 0.02779096
vt 0.19647247 0.60396934
vt 0.94049037 0.02797413
vt 0.90700662 0.02252281
vt 0.89763188 0.02921885
vt 0.89858073 0.02138984
vt 0.13097337 0.90976942
vt 0.89032745 0.02468801
vt 0.88039654 0.02460229
vt 0.78094161 0.32627416
vt 0.88032627 0.01936209
vt 0.93484753 0.04563934
vt 0.17735654 0.60742825
vt 0.94038904 0.04302222
vt 0.93854117 0.04267865
vt 0.79662871 0.33067364
vt 0.87895036 0.03227270
vt 0.79125404 0.32860112
vt 0.87889600 0.02761519
vt 0.78532851 0.32677472
vt 0.87911355 0.02267039
vt 0.90809065 0.01393837
vt 0.91304219 0.77113163
vt 0.90921879 0.78121585
vt 0.91654527 0.77771890
vt 0.89670944 0.77102953
vt 0.89331383 0.78110242
vt 0.90602005 0.79000366
vt 0.88465095 0.77073848
vt 0.88348871 0.77970302
vt 0.88672948 0.78776491
vt 0.89536071 0.79189914
vt 0.91755289 0.78641748
vt 0.91202360 0.79595667
vt 0.89919347 0.79922456
vt 0.15764990 0.64772063
vt 0.87677193 0.77327073
vt 0.88419604 0.79283768
vt 0.88693941 0.79856449
vt 0.88593161 0.80710250
vt 0.87654936 0.79724008
vt 0.13718466 0.65782952
vt 0.87682712 0.79207563
vt 0.90565157 0.80509901
vt 0.88520366 0.81243104
vt 0.90173286 0.81155801
vt 0.92847562 0.79640460
vt 0.92869794 0.79216045
vt 0.92702132 0.80219364
vt 0.92276323 0.81157559
vt 0.92690438 0.81156445
vt 0.92832845 0.78036809
vt 0.92667341 0.77488619
vt 0.92887247 0.78764260
vt 0.92663264 0.76603776
vt 0.87606496 0.80086613
vt 0.87683535 0.80471051
vt 0.87677175 0.80880773
vt 0.89744675 0.76570714
vt 0.89947569 0.75753242
vt 0.92273301 0.75587672
vt 0.92757994 0.75476891
vt 0.88609487 0.75580722
vt 0.88473260 0.76470000
vt 0.16540368 0.64419389
vt 0.87684357 0.76631135
vt 0.18113866 0.63683921
vt 0.87510580 0.75206840
vt 0.90084797 0.74927437
vt 0.88720053 0.74830735
vt 0.92336369 0.74948388
vt 0.92880315 0.76240885
vt 0.92875266 0.76976162
vt 0.66347522 0.35529107
vt 0.90309310 0.58637017
vt 0.92944139 0.77585167
vt 0.92873955 0.75622922
vt 0.87666500 0.81406564
vt 0.92892075 0.80610895
vt 0.92887425 0.80141222
vt 0.92824841 0.74801546
vt 0.90236652 0.74218196
vt 0.92633456 0.74120516
vt 0.88459080 0.74332666
vt 0.88563919 0.81928945
vt 0.87503475 0.81856656
vt 0.89628196 0.82079577
vt 0.91013139 0.81986421
vt 0.92653674 0.81840926
vt 0.92919248 0.78317070
vt 0.92862153 0.74253976
vt 0.90065306 0.73820728
vt 0.92309928 0.73637778
vt 0.92674363 0.73356110
vt 0.92859364 0.73820734
vt 0.92878264 0.75246710
vt 0.88584375 0.73365754
vt 0.87664473 0.73290575
vt 0.87514949 0.82253999
vt 0.61633211 0.12899345
vt 0.91533643 0.82787526
vt 0.92824548 0.82499099
vt 0.61942041 0.38167661
vt 0.92975831 0.81867963
vt 0.92839396 0.82121193
vt 0.88395214 0.82353640
vt 0.11910514 0.66450721
vt 0.87398726 0.80732191
vt 0.12408637 0.66251212
vt 0.87525052 0.80304670
vt 0.92382556 0.72837847
vt 0.90106457 0.72448832
vt 0.88399023 0.72518116
vt 0.87651503 0.72798103
vt 0.87662584 0.72412950
vt 0.92181706 0.72438395
vt 0.92822331 0.72072357
vt 0.92862570 0.73089397
vt 0.87499863 0.72005743
vt 0.88577616 0.71956033
vt 0.87541211 0.71625215
vt 0.88530487 0.71374834
vt 0.87564290 0.71221966
vt 0.88583243 0.70922440
vt 0.90079117 0.70970076
vt 0.90380311 0.71786052
vt 0.91059309 0.71003217
vt 0.92171633 0.71584702
vt 0.92848587 0.71622962
vt 0.87674516 0.70783633
vt 0.92305732 0.70995474
vt 0.92818278 0.70373917
vt 0.92313123 0.70276648
vt 0.88578331 0.70222706
vt 0.90310347 0.70398152
vt 0.87544888 0.70373535
vt 0.92259115 0.69961947
vt 0.90243363 0.70019805
vt 0.87442821 0.72850150
vt 0.87476712 0.72443932
vt 0.20442645 0.62957728
vt 0.87403244 0.73272884
vt 0.19957830 0.63053632
vt 0.87405819 0.73658186
vt 0.92849320 0.69868642
vt 0.91550767 0.56627828
vt 0.92998546 0.75373524
vt 0.87670726 0.70030206
vt 0.87501878 0.69892955
vt 0.87524021 0.82521921
vt 0.87562805 0.82904655
vt 0.92826653 0.83099025
vt 0.62045938 0.13889402
vt 0.88449711 0.69943249
vt 0.91367841 0.69167060
vt 0.89934564 0.69638538
vt 0.92861700 0.69126564
vt 0.92833030 0.68712461
vt 0.91228032 0.68700135
vt 0.91185617 0.68158776
vt 0.92331451 0.68246752
vt 0.92839062 0.68357641
vt 0.89886093 0.68925995
vt 0.89858091 0.68060070
vt 0.88753182 0.68753064
vt 0.88653392 0.68123299
vt 0.88093919 0.68194377
vt 0.87728149 0.68856716
vt 0.87688142 0.68312514
vt 0.26607585 0.62289858
vt 0.87519866 0.68503946
vt 0.87704957 0.67693853
vt 0.92810684 0.67795926
vt 0.55409008 0.60425383
vt 0.87551749 0.67854935
vt 0.88461238 0.69251966
vt 0.90871727 0.67557502
vt 0.53447419 0.60195583
vt 0.92599827 0.67279953
vt 0.55187511 0.59908682
vt 0.87694854 0.69543976
vt 0.87554735 0.68937922
vt 0.26175505 0.62202579
vt 0.87322521 0.68820393
vt 0.91364127 0.56990451
vt 0.92986923 0.75763732
vt 0.92856270 0.50217742
vt 0.92976636 0.68876112
vt 0.23005773 0.62467229
vt 0.87364268 0.71251583
vt 0.87447089 0.69590038
vt 0.11221147 0.66893309
vt 0.87365365 0.81418824
vt 0.61087418 0.38938266
vt 0.92976969 0.82878083
vt 0.10513224 0.67396843
vt 0.87339783 0.82160074
vt 0.10094997 0.67741853
vt 0.87357897 0.82629156
vt 0.92859334 0.49018389
vt 0.55611312 0.60301107
vt 0.92966419 0.67687982
vt 0.55445170 0.59837866
vt 0.92878914 0.67212784
vt 0.91018897 0.57488811
vt 0.92988420 0.76324385
vt 0.92920345 0.51088071
vt 0.92967433 0.69739926
vt 0.92215049 0.54862279
vt 0.92979300 0.73540640
vt 0.92331105 0.54481035
vt 0.92975551 0.73150432
vt 0.21877569 0.62654930
vt 0.87342238 0.72135597
vt 0.61511403 0.38605309
vt 0.93019474 0.82414991
vt 0.92074776 0.55310470
vt 0.92983204 0.73999614
vt 0.24316765 0.62252802
vt 0.87319541 0.70242155
vt 0.09697811 0.68034047
vt 0.61948723 0.09674627
vt 0.87317544 0.83048642
vt 0.63238078 0.37312955
vt 0.92997766 0.80554277
vt 0.90670389 0.58004647
vt 0.92987359 0.76900381
vt 0.90408140 0.58373570
vt 0.93006963 0.77316874
vt 0.27961981 0.62141728
vt 0.87353957 0.67453027
vt 0.87446606 0.66910738
vt 0.49977514 0.59572613
vt 0.60792184 0.39292562
vt 0.93002701 0.83297104
vt 0.10851552 0.67091680
vt 0.87319016 0.81761801
vt 0.87321436 0.69289082
vt 0.25568599 0.62244874
vt 0.60515267 0.39484864
vt 0.62671196 0.13966501
vt 0.92928952 0.83577406
vt 0.65491980 0.36026943
vt 0.93001568 0.78405064
vt 0.63681245 0.37078500
vt 0.93017119 0.80143213
vt 0.87304485 0.72761267
vt 0.21069135 0.62748557
vt 0.87293679 0.69783401
vt 0.24919763 0.62198365
vt 0.62777984 0.37868142
vt 0.62134099 0.38650012
vt 0.62243062 0.37981451
vt 0.61170602 0.39191592
vt 0.62769210 0.37590694
vt 0.92998356 0.81007504
vt 0.61554760 0.39211929
vt 0.60899442 0.39980453
vt 0.73535234 0.05868298
vt 0.60283983 0.39899057
vt 0.63252234 0.14036816
vt 0.60040802 0.40608859
vt 0.59620804 0.40593320
vt 0.64370483 0.14015746
vt 0.59433508 0.41207379
vt 0.63640213 0.37671638
vt 0.77599633 0.05863929
vt 0.64456511 0.36848080
vt 0.63990998 0.36887813
vt 0.93005842 0.79839844
vt 0.64307880 0.36693537
vt 0.92999774 0.79529405
vt 0.64909631 0.36353922
vt 0.93001372 0.78957707
vt 0.65337580 0.36420256
vt 0.89861256 0.58751744
vt 0.66250741 0.35880232
vt 0.66027731 0.35756874
vt 0.93000191 0.77915716
vt 0.60121638 0.40907025
vt 0.72101617 0.05871195
vt 0.64771312 0.36972404
vt 0.58667308 0.41922224
vt 0.66350514 0.14008403
vt 0.58991867 0.42228204
vt 0.58476222 0.42949784
vt 0.65981090 0.36246109
vt 0.66974407 0.35802591
vt 0.81713146 0.05822909
vt 0.58123451 0.42779183
vt 0.67598271 0.14046764
vt 0.57741249 0.43465906
vt 0.57797140 0.44165957
vt 0.57257968 0.44763422
vt 0.57298350 0.44110155
vt 0.57016146 0.44693607
vt 0.56811237 0.45581919
vt 0.71374792 0.14025044
vt 0.56675816 0.45431495
vt 0.55881137 0.48977852
vt 0.76091081 0.14025128
vt 0.56189263 0.49394935
vt 0.57238644 0.45292777
vt 0.55844814 0.49861789
vt 0.56290019 0.49861145
vt 0.59645069 0.05879486
vt 0.78705668 0.06214041
vt 0.55911219 0.51189083
vt 0.79000854 0.14019722
vt 0.56077540 0.51896399
vt 0.79942745 0.14051604
vt 0.56287259 0.52359444
vt 0.56612325 0.53526634
vt 0.56302220 0.53419131
vt 0.81944054 0.14033878
vt 0.56663740 0.54656750
vt 0.83602804 0.14050198
vt 0.57262021 0.55015147
vt 0.56797040 0.55106956
vt 0.84207028 0.14044595
vt 0.57543713 0.55704045
vt 0.57098049 0.55856597
vt 0.85234702 0.14046764
vt 0.57324266 0.56396008
vt 0.93615401 0.81963044
vt 0.57641822 0.56462705
vt 0.58049172 0.56640381
vt 0.57999659 0.57128644
vt 0.57543254 0.56769866
vt 0.93606901 0.81551379
vt 0.58640319 0.57662332
vt 0.58017212 0.57612097
vt 0.93611199 0.80630445
vt 0.58365208 0.58089948
vt 0.93601912 0.80077922
vt 0.58630079 0.58389038
vt 0.93569434 0.79715514
vt 0.59162462 0.58152813
vt 0.59365577 0.58829600
vt 0.59022141 0.58849758
vt 0.59351748 0.59277380
vt 0.93610758 0.78658438
vt 0.60757649 0.60345274
vt 0.60205388 0.59705508
vt 0.59799725 0.59239036
vt 0.61346334 0.61083442
vt 0.61608547 0.61684376
vt 0.93567520 0.75677472
vt 0.62238705 0.61599493
vt 0.62585115 0.61951464
vt 0.62204581 0.62310177
vt 0.93591857 0.74897790
vt 0.63028550 0.62550223
vt 0.63111943 0.62954944
vt 0.64059728 0.63328266
vt 0.63591695 0.63286239
vt 0.93580562 0.73445988
vt 0.64004743 0.63573939
vt 0.64876944 0.63655221
vt 0.65790248 0.64219129
vt 0.66340142 0.64583880
vt 0.65735275 0.64636046
vt 0.93616670 0.71314687
vt 0.66151661 0.64856637
vt 0.93601733 0.70927101
vt 0.66475588 0.64983886
vt 0.48004997 0.58003485
vt 0.67492104 0.65376568
vt 0.59960037 0.59119689
vt 0.62940413 0.62193692
vt 0.93447042 0.89580446
vt 0.57543147 0.44829476
vt 0.66360056 0.05857176
vt 0.67837590 0.65115720
vt 0.48371926 0.57757932
vt 0.87208670 0.89564025
vt 0.57821465 0.57337403
vt 0.93641895 0.80945718
vt 0.55971986 0.51763743
vt 0.79753214 0.14010072
vt 0.61909360 0.62030506
vt 0.93590319 0.75260085
vt 0.57168549 0.45913601
vt 0.64892465 0.05854583
vt 0.55745375 0.49788034
vt 0.77162224 0.13964534
vt 0.57865810 0.56128430
vt 0.51301795 0.05892611
vt 0.64735281 0.63441288
vt 0.91012555 0.89555049
vt 0.58579957 0.57333320
vt 0.67837590 0.35390520
vt 0.90292907 0.57483476
vt 0.82726920 0.05825406
vt 0.58872509 0.57726520
vt 0.48980156 0.05884606
vt 0.58312440 0.56853300
vt 0.50253564 0.05870408
vt 0.58286917 0.43553317
vt 0.68185192 0.05842364
vt 0.57867420 0.44259608
vt 0.67171001 0.05849433
vt 0.62417150 0.38598871
vt 0.75886571 0.05845058
vt 0.59546715 0.58565342
vt 0.47693729 0.05858028
vt 0.00447244 0.38860977
vt 0.63764465 0.63540983
vt 0.93719459 0.73177749
vt 0.62412763 0.37719518
vt 0.92888212 0.81296468
vt 0.73425150 0.13923264
vt 0.56174028 0.46951628
vt 0.63238180 0.37994182
vt 0.77020973 0.05846685
vt 0.61958283 0.61265481
vt 0.00415265 0.42174196
vt 0.42020780 0.34056926
vt 0.64788389 0.84976608
vt 0.41560364 0.34401655
vt 0.65436912 0.84963131
vt 0.65132946 0.85207647
vt 0.63803154 0.85038978
vt 0.63222897 0.86873680
vt 0.65188920 0.87181193
vt 0.63114244 0.88668400
vt 0.65258658 0.88692558
vt 0.62757981 0.85068280
vt 0.49325261 0.41471756
vt 0.64967608 0.89661771
vt 0.48968863 0.41871774
vt 0.65599549 0.89686763
vt 0.62071925 0.86776638
vt 0.61978894 0.88539052
vt 0.50923198 0.39728212
vt 0.62181020 0.89655274
vt 0.61495024 0.85183007
vt 0.60789448 0.85051835
vt 0.60699630 0.86914420
vt 0.60811323 0.88590503
vt 0.66186941 0.85033149
vt 0.66139579 0.87330097
vt 0.59580648 0.86982155
vt 0.59561282 0.88777262
vt 0.59831303 0.85187685
vt 0.52164364 0.38547379
vt 0.60197371 0.89688957
vt 0.52691817 0.38075268
vt 0.59383893 0.89705652
vt 0.61989295 0.84970236
vt 0.66502929 0.88775533
vt 0.48626152 0.42322105
vt 0.66279525 0.89707607
vt 0.66924816 0.87264287
vt 0.58751851 0.85052729
vt 0.66811246 0.85020739
vt 0.65640557 0.85026997
vt 0.58440214 0.88718575
vt 0.58786356 0.89689726
vt 0.58456939 0.87124503
vt 0.58188558 0.85068995
vt 0.67359579 0.86377573
vt 0.67428619 0.84996790
vt 0.45103186 0.31623781
vt 0.60341299 0.84975886
vt 0.59607083 0.85029364
vt 0.57949746 0.89610940
vt 0.68334335 0.88998210
vt 0.68535781 0.87013233
vt 0.68408561 0.85022134
vt 0.57702339 0.87381148
vt 0.75775546 0.82236040
vt 0.57436419 0.89688772
vt 0.57580948 0.85065883
vt 0.56786984 0.89018923
vt 0.60264599 0.66972369
vt 0.75866789 0.82740587
vt 0.56804883 0.89679766
vt 0.56372410 0.86075789
vt 0.47048751 0.29285675
vt 0.56681257 0.85063559
vt 0.55556971 0.86198938
vt 0.46782494 0.29761171
vt 0.57360524 0.84995288
vt 0.20966996 0.34818470
vt 0.47944281 0.27831501
vt 0.54563135 0.85081893
vt 0.24989024 0.34891057
vt 0.54619557 0.88178784
vt 0.68969196 0.88496006
vt 0.47598445 0.44037032
vt 0.68747759 0.89661360
vt 0.68997067 0.85014439
vt 0.39395332 0.35617733
vt 0.68142343 0.84951985
vt 0.69474578 0.84978014
vt 0.69889700 0.87574100
vt 0.47223765 0.44856781
vt 0.69882935 0.89657861
vt 0.70091033 0.89215964
vt 0.38887024 0.35943818
vt 0.68797332 0.84869844
vt 0.70588833 0.86613923
vt 0.70694435 0.87952119
vt 0.70896751 0.85002667
vt 0.71367061 0.89650571
vt 0.72558784 0.89342076
vt 0.72390622 0.88082445
vt 0.72092748 0.86217606
vt 0.72194147 0.84960645
vt 0.40183347 0.35347492
vt 0.67287129 0.84852767
vt 0.46106359 0.30684185
vt 0.58749443 0.84943885
vt 0.72810912 0.84999591
vt 0.73269039 0.86160332
vt 0.73227662 0.88937050
vt 0.44597897 0.32242227
vt 0.61283076 0.84852302
vt 0.46395466 0.47648937
vt 0.73629558 0.89629310
vt 0.74123031 0.84970903
vt 0.74357188 0.88856256
vt 0.74205869 0.85725051
vt 0.75513840 0.89546871
vt 0.75089419 0.84959966
vt 0.75026160 0.88459128
vt 0.76043761 0.86873114
vt 0.75869566 0.88950145
vt 0.76026279 0.84968936
vt 0.73358220 0.84919626
vt 0.76417005 0.89644843
vt 0.33893356 0.37486672
vt 0.74198276 0.84885532
vt 0.76403850 0.89542550
vt 0.76714915 0.84987205
vt 0.76978409 0.86934584
vt 0.76666540 0.89387524
vt 0.75072944 0.84880137
vt 0.35471040 0.37144506
vt 0.72559601 0.84847021
vt 0.34853402 0.37345982
vt 0.73226726 0.84809840
vt 0.77797925 0.85728830
vt 0.77798504 0.84965968
vt 0.77701610 0.89342570
vt 0.77963692 0.86703247
vt 0.77904016 0.89615011
vt 0.71555763 0.84954756
vt 0.78211850 0.88790709
vt 0.79124683 0.89604384
vt 0.78957009 0.84965730
vt 0.78980333 0.86828339
vt 0.31591523 0.37939233
vt 0.76578760 0.84855008
vt 0.80053902 0.85925347
vt 0.80094898 0.88717914
vt 0.46393296 0.52646136
vt 0.80214339 0.89602989
vt 0.80317348 0.84968156
vt 0.80768371 0.86069471
vt 0.80820304 0.88656211
vt 0.80980933 0.89576346
vt 0.81826764 0.86389583
vt 0.82030529 0.89354581
vt 0.82033467 0.84963524
vt 0.82736999 0.86616558
vt 0.82833827 0.84972966
vt 0.47146752 0.55301630
vt 0.83766401 0.89527977
vt 0.83456886 0.89315450
vt 0.36387759 0.36910963
vt 0.71595818 0.84811455
vt 0.83516264 0.86861700
vt 0.83907741 0.84916836
vt 0.84170067 0.88998902
vt 0.84091735 0.87897342
vt 0.26005182 0.38069987
vt 0.82182902 0.84866637
vt 0.24643929 0.38015598
vt 0.83546358 0.84808981
vt 0.84840649 0.85737056
vt 0.84668523 0.84942394
vt 0.85010231 0.89205384
vt 0.45967674 0.50184560
vt 0.76959407 0.89705652
vt 0.85966176 0.85750079
vt 0.85676306 0.84930563
vt 0.85653496 0.88460618
vt 0.86738163 0.88759267
vt 0.86752909 0.85937381
vt 0.21675047 0.37427104
vt 0.86627328 0.84884530
vt 0.87482870 0.89291787
vt 0.87380052 0.88057071
vt 0.22301181 0.37625498
vt 0.85950887 0.84827858
vt 0.87877643 0.84929669
vt 0.87976915 0.87900263
vt 0.67373568 0.64902002
vt 0.87749332 0.89579970
vt 0.89229888 0.85945547
vt 0.88976151 0.84905910
vt 0.89033890 0.88532531
vt 0.66885936 0.64611191
vt 0.88367802 0.89566624
vt 0.89923239 0.88234711
vt 0.90194809 0.85999167
vt 0.90320319 0.84929687
vt 0.89641333 0.89283895
vt 0.91183382 0.89181149
vt 0.91034985 0.86486286
vt 0.64161777 0.63125694
vt 0.91718590 0.89587718
vt 0.66533369 0.64411414
vt 0.88807029 0.89558154
vt 0.66026872 0.64171535
vt 0.89403230 0.89560264
vt 0.65403044 0.63839155
vt 0.90164298 0.89561224
vt 0.88377845 0.84893680
vt 0.91268373 0.84926605
vt 0.91725838 0.85964513
vt 0.16887534 0.35868132
vt 0.91877300 0.84882301
vt 0.92028850 0.89452523
vt 0.19478773 0.36968398
vt 0.88903219 0.84759843
vt 0.92487973 0.84919697
vt 0.92809790 0.86192214
vt 0.89487666 0.84884787
vt 0.18462181 0.36598659
vt 0.90031391 0.84793496
vt 0.63590509 0.62707704
vt 0.92510349 0.89582199
vt 0.92763114 0.89483982
vt 0.17075402 0.36065888
vt 0.91583741 0.84785211
vt 0.93596768 0.89272678
vt 0.93787825 0.86939114
vt 0.15417112 0.35112619
vt 0.93664116 0.84911412
vt 0.06462913 0.43200839
vt 0.06253801 0.42573291
vt 0.94479924 0.85070181
vt 0.22360173 0.68327099
vt 0.22224911 0.68078947
vt 0.08553976 0.94492143
vt 0.22065239 0.68260944
vt 0.22230741 0.68366611
vt 0.08717482 0.94559497
vt 0.22064574 0.68142700
vt 0.21899498 0.68266195
vt 0.22205845 0.68462598
vt 0.22526211 0.68305492
vt 0.08094119 0.94262493
vt 0.22756219 0.68156910
vt 0.22683465 0.68429208
vt 0.20559369 0.68308437
vt 0.20748004 0.68510479
vt 0.20298374 0.68461895
vt 0.20859095 0.68275106
vt 0.21338105 0.68282562
vt 0.20759229 0.68142766
vt 0.09724866 0.95205122
vt 0.20695195 0.69162464
vt 0.21682043 0.68733495
vt 0.21806496 0.69727480
vt 0.20937976 0.69870734
vt 0.20426539 0.69623572
vt 0.20069376 0.69211400
vt 0.19848219 0.69598269
vt 0.19317198 0.68690789
vt 0.19825055 0.68619752
vt 0.22254626 0.70544380
vt 0.22734970 0.69692630
vt 0.22775784 0.68667608
vt 0.23584145 0.69758070
vt 0.23433644 0.69133037
vt 0.23544206 0.68705642
vt 0.23551175 0.70359457
vt 0.23662564 0.71142048
vt 0.19817580 0.70863426
vt 0.18930663 0.69528693
vt 0.18820165 0.68553889
vt 0.20815283 0.71244138
vt 0.21795161 0.71201843
vt 0.22649971 0.71811342
vt 0.23554261 0.71708596
vt 0.18561843 0.70342469
vt 0.18175068 0.69498211
vt 0.17033814 0.69613218
vt 0.16946310 0.70827973
vt 0.50958031 0.93547136
vt 0.17113692 0.69198263
vt 0.17777988 0.68635011
vt 0.18317786 0.68591040
vt 0.17135358 0.68380737
vt 0.17960338 0.68394619
vt 0.18827282 0.71182835
vt 0.17637359 0.70988256
vt 0.15625066 0.68401647
vt 0.52374136 0.95975560
vt 0.16326290 0.71172106
vt 0.51566160 0.93180490
vt 0.16641101 0.68378532
vt 0.19321819 0.71745002
vt 0.18351512 0.71882832
vt 0.17435080 0.71754366
vt 0.20956819 0.72060049
vt 0.24550629 0.69570732
vt 0.24425946 0.70688945
vt 0.24392879 0.71712136
vt 0.24643105 0.68601364
vt 0.24261673 0.68512845
vt 0.17476554 0.72116721
vt 0.16821337 0.72606164
vt 0.50966424 0.91741878
vt 0.24410532 0.72163832
vt 0.23138535 0.72235280
vt 0.19429187 0.72221410
vt 0.18197586 0.72389585
vt 0.21620196 0.72232330
vt 0.25540563 0.69578147
vt 0.25501823 0.70369768
vt 0.26589096 0.69645154
vt 0.26711980 0.70850486
vt 0.26519024 0.68517387
vt 0.25381753 0.68496859
vt 0.25539309 0.71381712
vt 0.26273045 0.71217233
vt 0.27313423 0.71786809
vt 0.26208118 0.71788120
vt 0.26967332 0.72373796
vt 0.26108351 0.72166979
vt 0.24589317 0.68269891
vt 0.26917484 0.68932933
vt 0.27017879 0.69866312
vt 0.27653670 0.70895666
vt 0.19531275 0.68272150
vt 0.20030266 0.68304688
vt 0.19091183 0.68305284
vt 0.25351188 0.68260622
vt 0.25834939 0.68259746
vt 0.26474038 0.68248796
vt 0.05810470 0.92334259
vt 0.26132730 0.68163222
vt 0.26927212 0.68247694
vt 0.24904026 0.72611320
vt 0.24032871 0.72689235
vt 0.26280642 0.72719973
vt 0.27167788 0.72880608
vt 0.23315538 0.72665632
vt 0.22820844 0.72829974
vt 0.17216909 0.72731167
vt 0.22153819 0.72637761
vt 0.12278648 0.96568239
vt 0.17740200 0.68289626
vt 0.20315172 0.72648752
vt 0.19332930 0.72702181
vt 0.21334898 0.72822791
vt 0.18327834 0.72740859
vt 0.17605780 0.72753865
vt 0.27645057 0.72652447
vt 0.28286281 0.69627100
vt 0.28024471 0.68511313
vt 0.11979266 0.96382344
vt 0.18093389 0.68237460
vt 0.28167719 0.71788698
vt 0.18362182 0.68430901
vt 0.23205726 0.68271118
vt 0.23665263 0.68270528
vt 0.24062824 0.68271434
vt 0.05043386 0.91669255
vt 0.27283710 0.68148506
vt 0.27853373 0.68248588
vt 0.28643972 0.71286064
vt 0.04755054 0.91354436
vt 0.27781823 0.68136925
vt 0.28911591 0.72155410
vt 0.29353616 0.68899471
vt 0.04503228 0.91059846
vt 0.28239164 0.68123311
vt 0.28458706 0.68250638
vt 0.28534782 0.68128383
vt 0.28994945 0.68134296
vt 0.28755182 0.72885364
vt 0.29298574 0.68455845
vt 0.30636486 0.68839341
vt 0.30742612 0.68492782
vt 0.29069981 0.68251348
vt 0.29699925 0.68244356
vt 0.29474428 0.68137860
vt 0.03567347 0.89964271
vt 0.29929966 0.68155265
vt 0.05364336 0.91888171
vt 0.26859704 0.68122911
vt 0.05594071 0.92110479
vt 0.26492015 0.68131679
vt 0.29574165 0.69611669
vt 0.29577693 0.70742255
vt 0.88381231 0.64790863
vt 0.28010970 0.72986752
vt 0.29883602 0.71827185
vt 0.09374393 0.94914383
vt 0.21285893 0.68161690
vt 0.29975122 0.72714049
vt 0.30686292 0.69715726
vt 0.30460101 0.68258256
vt 0.29423338 0.72886592
vt 0.25520155 0.72828513
vt 0.23720200 0.72867870
vt 0.06117909 0.92517632
vt 0.25749761 0.68152773
vt 0.07844022 0.93982494
vt 0.23204266 0.68161964
vt 0.31079775 0.68263930
vt 0.30791941 0.70814514
vt 0.30636072 0.71465015
vt 0.30877462 0.72334510
vt 0.07586928 0.93772340
vt 0.23574601 0.68157661
vt 0.87189931 0.65697670
vt 0.26341900 0.72931141
vt 0.31375715 0.70824265
vt 0.31909537 0.71982813
vt 0.32271314 0.71053720
vt 0.32104167 0.69844931
vt 0.31551430 0.69610113
vt 0.31839561 0.68623000
vt 0.31357932 0.68552685
vt 0.32721865 0.72180897
vt 0.90592283 0.62121302
vt 0.32187954 0.72772479
vt 0.89919877 0.63073176
vt 0.30748788 0.72867721
vt 0.33344948 0.71013594
vt 0.32865793 0.69538081
vt 0.89628416 0.63593322
vt 0.30018699 0.72991508
vt 0.31688741 0.68268102
vt 0.33520854 0.69453079
vt 0.34119669 0.72112823
vt 0.18230653 0.68378437
vt 0.33768615 0.68598616
vt 0.32908547 0.68562686
vt 0.32215074 0.68270874
vt 0.33001846 0.68264782
vt 0.33576819 0.68270898
vt 0.34099445 0.68272096
vt 0.84677666 0.67343682
vt 0.23089443 0.72962004
vt 0.34355476 0.71132147
vt 0.02446648 0.88235897
vt 0.32453367 0.68190956
vt 0.02703224 0.88547951
vt 0.31978524 0.68172318
vt 0.34758580 0.68464464
vt 0.34374237 0.69560063
vt 0.03160055 0.89328295
vt 0.30854297 0.68152934
vt 0.01855191 0.87176567
vt 0.33960608 0.68184704
vt 0.02213287 0.87728930
vt 0.33154789 0.68186450
vt 0.13240916 0.97035307
vt 0.16621430 0.68279290
vt 0.86215252 0.66387415
vt 0.25028786 0.72971201
vt 0.14264116 0.97523558
vt 0.15429327 0.68253940
vt 0.14675379 0.68307859
vt 0.53298867 0.96046531
vt 0.10510939 0.95560116
vt 0.19911627 0.68163639
vt 0.20145272 0.68162984
vt 0.10299712 0.95467573
vt 0.19206984 0.72828245
vt 0.19845542 0.72874033
vt 0.82702637 0.68294531
vt 0.20817566 0.72899610
vt 0.35276860 0.70096076
vt 0.35198250 0.71701920
vt 0.35362142 0.69215184
vt 0.35241437 0.72477573
vt 0.92465091 0.59923095
vt 0.35692808 0.72945118
vt 0.36017793 0.72394162
vt 0.36030388 0.71427500
vt 0.36064592 0.69521952
vt 0.34694624 0.68280488
vt 0.35585496 0.68296146
vt 0.36128083 0.68290520
vt 0.35202134 0.68280524
vt 0.36646995 0.69502866
vt 0.36592674 0.68431145
vt 0.36621949 0.68244982
vt 0.03379790 0.89577508
vt 0.30465096 0.68127060
vt 0.36864617 0.71362221
vt 0.37009895 0.71816528
vt 0.38087544 0.70851016
vt 0.37755606 0.69490081
vt 0.38010761 0.71951878
vt 0.92951947 0.58378500
vt 0.37815833 0.72685134
vt 0.37151003 0.68493241
vt 0.37723500 0.68321109
vt 0.37144831 0.68289626
vt 0.01459291 0.86188197
vt 0.35319698 0.68182510
vt 0.38798809 0.69640958
vt 0.40070036 0.69566447
vt 0.39729807 0.71362197
vt 0.38806865 0.71651125
vt 0.38617831 0.68815666
vt 0.38094735 0.68309921
vt 0.39956829 0.72440505
vt 0.93284357 0.57755923
vt 0.38722911 0.72709429
vt 0.39868575 0.72931451
vt 0.93905973 0.57023597
vt 0.39857370 0.68462080
vt 0.39296305 0.68469590
vt 0.38671798 0.68451905
vt 0.93907475 0.31946564
vt 0.40392959 0.68457532
vt 0.18883944 0.68399143
vt 0.00312409 0.82760167
vt 0.39968339 0.68346709
vt 0.00189762 0.82400489
vt 0.94031829 0.31899953
vt 0.40456957 0.68361181
vt 0.39364180 0.68335092
vt 0.00470128 0.83203208
vt 0.01567476 0.86538231
vt 0.34850186 0.68184984
vt 0.40160599 0.70869124
vt 0.89448029 0.32043236
vt 0.40274251 0.71906507
vt 0.88345683 0.31741631
vt 0.40695342 0.72753012
vt 0.38742340 0.68313009
vt 0.92334294 0.31750447
vt 0.40645191 0.69673628
vt 0.79074568 0.69800341
vt 0.16815250 0.72873014
vt 0.86840183 0.66013861
vt 0.25811195 0.72989362
vt 0.88679707 0.64565021
vt 0.28429142 0.73014134
vt 0.00781050 0.84386986
vt 0.37782371 0.68208766
vt 0.94264346 0.56365150
vt 0.88001472 0.31652009
vt 0.40830293 0.73015583
vt 0.89401209 0.63908321
vt 0.29550093 0.73033220
vt 0.83118469 0.68165261
vt 0.21246848 0.72962618
vt 0.85238415 0.67040116
vt 0.23757595 0.72988200
vt 0.88140070 0.65051830
vt 0.27597111 0.73017842
vt 0.10941716 0.95839018
vt 0.19371994 0.68150109
vt 0.01057686 0.85192627
vt 0.36689335 0.68180293
vt 0.80888581 0.69166505
vt 0.18738995 0.72931367
vt 0.80357945 0.69390374
vt 0.18154612 0.72926193
vt 0.38307291 0.68200022
vt 0.00675170 0.83999032
vt 0.02092624 0.87376773
vt 0.33616871 0.68141943
vt 0.20564069 0.68111581
vt 0.09938110 0.95255327
vt 0.20326163 0.68374324
vt 0.20148522 0.68277490
vt 0.78298795 0.70049059
vt 0.16006334 0.72857565
vt 0.15716015 0.72644198
vt 0.52079308 0.91645414
vt 0.77582669 0.70303208
vt 0.15247653 0.72868508
vt 0.81594080 0.68865526
vt 0.19520873 0.72942460
vt 0.15172972 0.72691196
vt 0.76926416 0.70413303
vt 0.14612785 0.72782362
vt 0.02917753 0.88721198
vt 0.31687182 0.68104684
vt 0.15805024 0.98081625
vt 0.13640511 0.68119395
vt 0.07187738 0.00732219
vt 0.54272312 0.96129709
vt 0.56375176 0.51012146
vt 0.80242127 0.06171548
vt 0.80495638 0.06267738
vt 0.57915187 0.05861050
vt 0.56600547 0.52577305
vt 0.82341814 0.06198746
vt 0.56971610 0.53884971
vt 0.84113920 0.06359375
vt 0.83341634 0.06411982
vt 0.55112875 0.05845547
vt 0.20469935 0.00752026
vt 0.43928888 0.19054228
vt 0.43825901 0.19802541
vt 0.22493640 0.00371218
vt 0.43920496 0.20650864
vt 0.43706837 0.18909609
vt 0.19486053 0.00868261
vt 0.43807682 0.18299782
vt 0.43471164 0.20628119
vt 0.43869555 0.21663052
vt 0.41574174 0.18986195
vt 0.41982952 0.19589138
vt 0.38338614 0.19708753
vt 0.37232262 0.18990803
vt 0.42017353 0.20326501
vt 0.38799566 0.20371914
vt 0.41605100 0.18253195
vt 0.38457239 0.18694425
vt 0.37240797 0.18207562
vt 0.37242892 0.19934189
vt 0.37246048 0.20508236
vt 0.42140374 0.21040529
vt 0.38404667 0.21066272
vt 0.42252752 0.21575797
vt 0.38267919 0.21585709
vt 0.37198034 0.21586013
vt 0.71464771 0.30395246
vt 0.36959669 0.20493555
vt 0.42879137 0.17686987
vt 0.39345002 0.17673999
vt 0.37434167 0.17690754
vt 0.37029845 0.17552912
vt 0.38389477 0.22349083
vt 0.40151358 0.22341311
vt 0.37011847 0.22328186
vt 0.43678728 0.22330099
vt 0.42078480 0.22333211
vt 0.72549140 0.30597234
vt 0.36886263 0.19629437
vt 0.74273276 0.30854928
vt 0.36885986 0.18262833
vt 0.43189767 0.16911519
vt 0.38355687 0.16912645
vt 0.37319773 0.16658151
vt 0.42764524 0.16190588
vt 0.38320985 0.16207534
vt 0.37272218 0.15740299
vt 0.43243444 0.15505815
vt 0.38375452 0.15624762
vt 0.76122701 0.31215644
vt 0.36903858 0.16780806
vt 0.43619597 0.14839447
vt 0.37473583 0.14869410
vt 0.38401961 0.14745069
vt 0.36905918 0.16226494
vt 0.36899880 0.15807861
vt 0.77788323 0.31651366
vt 0.36897048 0.15413302
vt 0.40715763 0.14049625
vt 0.43556431 0.14036596
vt 0.37308225 0.14125681
vt 0.38776967 0.23141849
vt 0.40814868 0.23094493
vt 0.42816567 0.23056823
vt 0.37000623 0.23050469
vt 0.43875822 0.23190749
vt 0.42270154 0.23670995
vt 0.40200716 0.24440259
vt 0.38753676 0.24423552
vt 0.36992976 0.24431121
vt 0.42111832 0.24440867
vt 0.43894368 0.24323857
vt 0.15035950 0.02374947
vt 0.43914229 0.14572459
vt 0.38566703 0.25573432
vt 0.40224308 0.25652242
vt 0.42371362 0.25498176
vt 0.37192318 0.25681233
vt 0.43881929 0.25484324
vt 0.78736043 0.44383085
vt 0.38460860 0.26443815
vt 0.25229201 0.00104755
vt 0.43976900 0.22761524
vt 0.41337582 0.13328719
vt 0.37293816 0.13257694
vt 0.43355581 0.13321060
vt 0.43853500 0.13269371
vt 0.13718170 0.02943659
vt 0.43930465 0.13412333
vt 0.43623996 0.12418306
vt 0.41599533 0.12455928
vt 0.37428597 0.12553287
vt 0.79329795 0.32129753
vt 0.36900383 0.14118004
vt 0.80112070 0.32405490
vt 0.36910090 0.13448322
vt 0.78710479 0.31929243
vt 0.36902079 0.14640778
vt 0.81618744 0.32968152
vt 0.36918098 0.12145877
vt 0.37279144 0.11666590
vt 0.80898970 0.32708520
vt 0.36899078 0.12763476
vt 0.38710594 0.11690193
vt 0.42054370 0.11725879
vt 0.43579736 0.11723858
vt 0.43884277 0.11546385
vt 0.43251008 0.87424713
vt 0.42225739 0.10974252
vt 0.43293795 0.88508856
vt 0.43654594 0.11009294
vt 0.82272333 0.33265382
vt 0.36888975 0.11555928
vt 0.36906710 0.11102670
vt 0.75541121 0.31120759
vt 0.36856502 0.17241985
vt 0.10480259 0.04649764
vt 0.43934241 0.10397309
vt 0.42492557 0.88714081
vt 0.29167432 0.00041586
vt 0.43993273 0.25780803
vt 0.64057201 0.30418444
vt 0.77120799 0.44177127
vt 0.36835513 0.26236767
vt 0.68025666 0.30299860
vt 0.36813056 0.23157108
vt 0.66291344 0.30320174
vt 0.36811680 0.24503064
vt 0.30510879 0.00145555
vt 0.44023448 0.26814592
vt 0.31961772 0.00233656
vt 0.43999588 0.27928871
vt 0.84182906 0.45884627
vt 0.49986422 0.34128577
vt 0.84282559 0.76249909
vt 0.39917883 0.81884652
vt 0.50468576 0.33511370
vt 0.38979432 0.81925088
vt 0.37387994 0.81761557
vt 0.86815691 0.76325321
vt 0.51884174 0.31941104
vt 0.36487260 0.81855297
vt 0.35918397 0.81590730
vt 0.52369046 0.31304842
vt 0.35524368 0.81842101
vt 0.34278953 0.81809890
vt 0.52826649 0.30618662
vt 0.34517702 0.81853974
vt 0.34923878 0.81274647
vt 0.36863318 0.81334591
vt 0.37778053 0.81093991
vt 0.86424422 0.76987475
vt 0.37977463 0.77720076
vt 0.86215043 0.80336261
vt 0.36842036 0.76732349
vt 0.38172537 0.76738787
vt 0.86016858 0.81309998
vt 0.36818135 0.77701068
vt 0.35896736 0.76791954
vt 0.34863219 0.78892708
vt 0.35015211 0.76730549
vt 0.33986992 0.78198916
vt 0.33914080 0.76765883
vt 0.33917469 0.81640327
vt 0.35300791 0.76568192
vt 0.33213195 0.76769882
vt 0.45012948 0.63451940
vt 0.37373668 0.76491940
vt 0.45808068 0.64256626
vt 0.38674748 0.76501626
vt 0.85512698 0.81544316
vt 0.32972112 0.81257439
vt 0.44218946 0.62586844
vt 0.36007154 0.76487851
vt 0.34345618 0.76562816
vt 0.31989670 0.81553930
vt 0.32004693 0.78503394
vt 0.32013935 0.76956528
vt 0.53775299 0.29029566
vt 0.32234821 0.81843394
vt 0.33398670 0.76570189
vt 0.53442341 0.29589629
vt 0.33038285 0.81854331
vt 0.30917823 0.76739317
vt 0.31026432 0.78122240
vt 0.31031802 0.81349242
vt 0.54168797 0.28240746
vt 0.31132075 0.81841320
vt 0.54462057 0.27641428
vt 0.30297488 0.81823081
vt 0.30165306 0.80604345
vt 0.30158889 0.77017915
vt 0.31741524 0.76574773
vt 0.30124268 0.76582921
vt 0.29158559 0.76783043
vt 0.29125860 0.81643605
vt 0.29219675 0.77830762
vt 0.28621379 0.78748631
vt 0.29359359 0.80472910
vt 0.27526978 0.77799225
vt 0.27828789 0.76766616
vt 0.27529958 0.80162740
vt 0.27573344 0.81285316
vt 0.41699257 0.59085965
vt 0.30807188 0.76520246
vt 0.55080295 0.25806940
vt 0.27825019 0.81823474
vt 0.26758572 0.81597561
vt 0.26742432 0.76777518
vt 0.26619029 0.78764439
vt 0.41148576 0.57930690
vt 0.29201391 0.76495993
vt 0.26092613 0.81805307
vt 0.25769913 0.80579865
vt 0.25729305 0.78156048
vt 0.25753260 0.76801288
vt 0.25495800 0.76587468
vt 0.24947287 0.81791866
vt 0.24966818 0.78701234
vt 0.24981667 0.80567163
vt 0.24486573 0.76785749
vt 0.24087739 0.80672312
vt 0.24012913 0.81668973
vt 0.24108496 0.79030871
vt 0.55611312 0.22535396
vt 0.23518080 0.81892222
vt 0.22960301 0.80748957
vt 0.22958021 0.81683606
vt 0.23104790 0.79005611
vt 0.22980984 0.77772266
vt 0.23026042 0.76724088
vt 0.39711779 0.53351444
vt 0.23029658 0.76578897
vt 0.21387643 0.81817561
vt 0.21419816 0.78271925
vt 0.21379799 0.80591780
vt 0.39560035 0.51848274
vt 0.21054003 0.76603657
vt 0.42055494 0.59604484
vt 0.31570566 0.76493090
vt 0.55107975 0.25406790
vt 0.27308288 0.81889790
vt 0.19886315 0.81696069
vt 0.19779366 0.80573821
vt 0.19676670 0.79318142
vt 0.39552921 0.50756580
vt 0.19625777 0.76605767
vt 0.19722250 0.77517068
vt 0.18566057 0.80716902
vt 0.18569490 0.81710869
vt 0.18594681 0.78930789
vt 0.18586792 0.76762730
vt 0.55477935 0.18724835
vt 0.18526341 0.81891459
vt 0.40102455 0.54830611
vt 0.25001499 0.76491898
vt 0.41418916 0.58466476
vt 0.29951662 0.76482385
vt 0.17588998 0.79697943
vt 0.17184967 0.81829500
vt 0.17592579 0.76819837
vt 0.17419165 0.76608366
vt 0.17000310 0.79848731
vt 0.16891053 0.76811832
vt 0.16086338 0.81752974
vt 0.16087310 0.80605155
vt 0.16036981 0.78078103
vt 0.16101034 0.76816189
vt 0.42804700 0.60760760
vt 0.33249643 0.76479065
vt 0.40313789 0.55556864
vt 0.25978214 0.76464432
vt 0.14233527 0.76774955
vt 0.14405255 0.78063887
vt 0.14624551 0.80829388
vt 0.13459809 0.81731945
vt 0.13396330 0.80477196
vt 0.13278554 0.77783883
vt 0.40064386 0.47363842
vt 0.15150993 0.76553494
vt 0.13849081 0.76621944
vt 0.54813099 0.16021943
vt 0.14928219 0.81887662
vt 0.54446101 0.14984417
vt 0.13523106 0.81903458
vt 0.12616810 0.76842505
vt 0.12715861 0.80246592
vt 0.54212344 0.14228648
vt 0.12509783 0.81850994
vt 0.12188160 0.76629698
vt 0.12226588 0.79031378
vt 0.11497336 0.76759547
vt 0.10683913 0.81744742
vt 0.10958894 0.80116034
vt 0.10154709 0.78402919
vt 0.10061818 0.81745809
vt 0.10118522 0.76837331
vt 0.10900190 0.76628369
vt 0.40244403 0.46755016
vt 0.14334680 0.76528269
vt 0.53369504 0.12721843
vt 0.10373842 0.81908226
vt 0.41391382 0.43665540
vt 0.10128500 0.76566833
vt 0.09493368 0.76650095
vt 0.52817661 0.11808676
vt 0.09059212 0.81896120
vt 0.84128243 0.66352856
vt 0.09204495 0.78476673
vt 0.09006453 0.81747103
vt 0.84049034 0.65721112
vt 0.08232147 0.81849355
vt 0.08196825 0.76829004
vt 0.77513468 0.65695816
vt 0.08810712 0.76629245
vt 0.42164525 0.42274380
vt 0.08155056 0.76565361
vt 0.77160978 0.65661722
vt 0.41996127 0.42649937
vt 0.08670894 0.76531506
vt 0.61523163 0.50291377
vt 0.94588453 0.57814294
vt 0.61391830 0.49587059
vt 0.94920093 0.57009012
vt 0.61385238 0.50448126
vt 0.61498559 0.49481958
vt 0.95209509 0.56323361
vt 0.61419809 0.51181388
vt 0.61488301 0.48600733
vt 0.94039440 0.58968365
vt 0.61388397 0.48336291
vt 0.66641653 0.54641163
vt 0.62797058 0.54595077
vt 0.62624633 0.55232000
vt 0.65584004 0.55138993
vt 0.67287827 0.55142951
vt 0.68375468 0.54628587
vt 0.68402112 0.55687970
vt 0.61549526 0.54495943
vt 0.61734372 0.55623502
vt 0.64509422 0.55876815
vt 0.67301285 0.55862540
vt 0.62968421 0.55869180
vt 0.68427330 0.56803536
vt 0.64691478 0.56740391
vt 0.67592335 0.56723893
vt 0.61523932 0.56688660
vt 0.68444848 0.57939118
vt 0.61527407 0.57879442
vt 0.64754874 0.57960969
vt 0.61510706 0.55716574
vt 0.67320448 0.53908730
vt 0.63288754 0.53862697
vt 0.61890548 0.53661656
vt 0.68415743 0.53212363
vt 0.65391856 0.53086513
vt 0.64256752 0.52436191
vt 0.62446803 0.52347887
vt 0.66948849 0.52441639
vt 0.62691790 0.53117311
vt 0.67549968 0.53192180
vt 0.61546469 0.52320224
vt 0.61505520 0.53805578
vt 0.64128178 0.51835281
vt 0.68172103 0.51753485
vt 0.62513155 0.51808989
vt 0.61730832 0.51493806
vt 0.66947776 0.51181036
vt 0.62834209 0.51090622
vt 0.01647726 0.28611720
vt 0.68429077 0.50823838
vt 0.01229881 0.27598614
vt 0.68437248 0.51885122
vt 0.67314917 0.50537753
vt 0.65019560 0.49745035
vt 0.62780339 0.49969494
vt 0.02180254 0.29717046
vt 0.68368655 0.49647295
vt 0.61778134 0.50194311
vt 0.61799943 0.48955923
vt 0.62808168 0.48733366
vt 0.66015339 0.49276292
vt 0.68156105 0.48843980
vt 0.64402395 0.48190486
vt 0.68178427 0.48420429
vt 0.61683702 0.48272306
vt 0.62712324 0.47642648
vt 0.66307002 0.47606492
vt 0.67622656 0.47456527
vt 0.62071866 0.47414368
vt 0.61521435 0.47084808
vt 0.62795740 0.46923614
vt 0.66536009 0.46631485
vt 0.68139011 0.46576309
vt 0.61679184 0.46292377
vt 0.62755501 0.46155858
vt 0.04486904 0.32895988
vt 0.68411988 0.46007967
vt 0.68137908 0.45516741
vt 0.66496140 0.45391548
vt 0.62900668 0.45502776
vt 0.61747515 0.45628762
vt 0.93161219 0.60538787
vt 0.61418456 0.46597201
vt 0.61779326 0.44785643
vt 0.62948018 0.44608998
vt 0.66518158 0.44590122
vt 0.68173188 0.44662297
vt 0.05200140 0.33694196
vt 0.68400949 0.45042592
vt 0.91980124 0.62157124
vt 0.61416483 0.44720191
vt 0.95909160 0.52755892
vt 0.61388111 0.54863584
vt 0.61704355 0.43455750
vt 0.62740010 0.43540543
vt 0.91601455 0.62620765
vt 0.61417025 0.44168270
vt 0.91298914 0.62966889
vt 0.61391586 0.43748379
vt 0.68211991 0.43594682
vt 0.05772091 0.34238535
vt 0.68420285 0.44343615
vt 0.90983301 0.63342279
vt 0.61402029 0.43298745
vt 0.61834770 0.42515647
vt 0.34183359 0.13912135
vt 0.62879562 0.42802364
vt 0.66501319 0.42904508
vt 0.68368846 0.42961788
vt 0.90638244 0.63708919
vt 0.61400074 0.42843997
vt 0.06942744 0.35309732
vt 0.68460774 0.42946875
vt 0.90346640 0.63990068
vt 0.61387074 0.42483819
vt 0.61471492 0.42061329
vt 0.34542388 0.14366567
vt 0.95784050 0.53603703
vt 0.61377996 0.53993392
vt 0.61533839 0.59205359
vt 0.18691231 0.83427423
vt 0.67469764 0.59047443
vt 0.18504025 0.87932855
vt 0.00342993 0.24322051
vt 0.68555236 0.55239117
vt 0.90042967 0.64252895
vt 0.61360562 0.42131853
vt 0.89626306 0.64681238
vt 0.61393595 0.41596931
vt 0.34615260 0.14829946
vt 0.95865333 0.49807715
vt 0.61364186 0.57869995
vt 0.00045620 0.21641648
vt 0.68567520 0.57938075
vt 0.18349029 0.63424152
vt 0.17851742 0.63644445
vt 0.17541033 0.63916361
vt 0.87537938 0.75704408
vt 0.17444305 0.63769215
vt 0.17034972 0.63912463
vt 0.18528469 0.63541424
vt 0.87527114 0.74858314
vt 0.16740003 0.64160746
vt 0.18789917 0.63346076
vt 0.16899596 0.64269096
vt 0.87688923 0.76307380
vt 0.16419001 0.64302403
vt 0.15981676 0.64440715
vt 0.16121720 0.64518273
vt 0.87563539 0.76960701
vt 0.15606019 0.64662409
vt 0.15364252 0.64780927
vt 0.15154314 0.64991683
vt 0.87597841 0.77842581
vt 0.15083081 0.64838535
vt 0.14744674 0.65071833
vt 0.14796950 0.65236419
vt 0.87693977 0.78207725
vt 0.19269383 0.63423693
vt 0.87683356 0.74282193
vt 0.14302614 0.65314996
vt 0.14126438 0.65498054
vt 0.87602872 0.78785866
vt 0.13867263 0.65402228
vt 0.13718769 0.65567875
vt 0.13360077 0.65781081
vt 0.87477916 0.79435086
vt 0.19292115 0.63252550
vt 0.19702773 0.63202751
vt 0.87550741 0.73886073
vt 0.14368209 0.65086246
vt 0.14753117 0.64905691
vt 0.13427149 0.65579361
vt 0.12983593 0.65839881
vt 0.12936480 0.65966529
vt 0.87448394 0.79807675
vt 0.12376633 0.66032177
vt 0.15257213 0.64654499
vt 0.15763146 0.64437634
vt 0.18926769 0.63216108
vt 0.16258708 0.64208144
vt 0.16621390 0.64035958
vt 0.19366232 0.63051629
vt 0.12053283 0.66239977
vt 0.11578977 0.66595286
vt 0.87328875 0.81014526
vt 0.19627547 0.63006657
vt 0.87479502 0.81257838
vt 0.11452349 0.66844964
vt 0.50925601 0.88621235
vt 0.50715852 0.88885617
vt 0.50945503 0.88822156
vt 0.50662017 0.89231771
vt 0.50439757 0.89220768
vt 0.50412208 0.89770424
vt 0.50197196 0.89696127
vt 0.50262684 0.89870596
vt 0.50052428 0.90104944
vt 0.51204896 0.88337773
vt 0.51155812 0.88076913
vt 0.51319611 0.87955374
vt 0.49725804 0.90517586
vt 0.49717596 0.90656888
vt 0.92563856 0.95980442
vt 0.49314418 0.90918881
vt 0.49479663 0.91063654
vt 0.91982919 0.95916075
vt 0.49095821 0.91307402
vt 0.50535274 0.89849877
vt 0.35972539 0.90371376
vt 0.51389015 0.88317668
vt 0.33777851 0.90355498
vt 0.34752706 0.90361780
vt 0.51030517 0.89008838
vt 0.48788509 0.91622442
vt 0.48511228 0.91899318
vt 0.48508120 0.92079580
vt 0.90341341 0.95959336
vt 0.48220915 0.92164993
vt 0.48219177 0.92356628
vt 0.89876217 0.95946127
vt 0.47879061 0.92461538
vt 0.47574854 0.92764789
vt 0.89043480 0.96030712
vt 0.47340688 0.92886049
vt 0.47033462 0.93174326
vt 0.88283956 0.96061027
vt 0.51756763 0.87615669
vt 0.32784548 0.90399390
vt 0.51548028 0.87394118
vt 0.51737773 0.87073624
vt 0.51995867 0.86690617
vt 0.51900780 0.86633098
vt 0.52289104 0.86017317
vt 0.52138734 0.86670226
vt 0.31473562 0.90305430
vt 0.52429968 0.85924304
vt 0.52855396 0.84680808
vt 0.30365843 0.90324044
vt 0.52617157 0.85908967
vt 0.53074944 0.84001774
vt 0.53362185 0.83166826
vt 0.53601956 0.82206148
vt 0.25387284 0.90310752
vt 0.53315794 0.82820755
vt 0.36119884 0.60693830
vt 0.75981671 0.62015569
vt 0.35739544 0.60653871
vt 0.34385005 0.60222191
vt 0.76049137 0.63433480
vt 0.34756395 0.60480607
vt 0.33981124 0.60320449
vt 0.35817322 0.60818475
vt 0.36698729 0.61011314
vt 0.36924767 0.60984689
vt 0.76000261 0.61334264
vt 0.37316364 0.61200756
vt 0.37705418 0.61185163
vt 0.75945419 0.60713542
vt 0.37734973 0.61337233
vt 0.38272315 0.61579198
vt 0.38684607 0.61613810
vt 0.50267273 0.69435805
vt 0.50504398 0.69606215
vt 0.75893372 0.47681493
vt 0.50450987 0.69813281
vt 0.50607312 0.69982326
vt 0.49947998 0.69082582
vt 0.50173688 0.69067460
vt 0.75849056 0.48262072
vt 0.49618012 0.68663019
vt 0.75882995 0.48870409
vt 0.49734080 0.68556553
vt 0.75912941 0.49032712
vt 0.49601600 0.68424380
vt 0.49417865 0.68412739
vt 0.75879925 0.49396610
vt 0.49330711 0.68122476
vt 0.49100456 0.68103081
vt 0.48801538 0.67707515
vt 0.76025659 0.49963260
vt 0.50779426 0.70073307
vt 0.75870597 0.47172928
vt 0.50701106 0.70342487
vt 0.50951624 0.70555055
vt 0.75883138 0.46678722
vt 0.50881827 0.70751649
vt 0.76031792 0.46521914
vt 0.32570750 0.59950554
vt 0.30730486 0.59559339
vt 0.76071656 0.66305053
vt 0.33597985 0.60134870
vt 0.30965823 0.59706008
vt 0.16019450 0.61167389
vt 0.94090617 0.05696392
vt 0.15461178 0.61259782
vt 0.93954557 0.06124985
vt 0.15200700 0.61555827
vt 0.14579128 0.61651796
vt 0.94062638 0.06903112
vt 0.07362134 0.66063452
vt 0.06962892 0.66124815
vt 0.93938786 0.14343810
vt 0.06680025 0.66447347
vt 0.07573616 0.65753168
vt 0.93962073 0.13747191
vt 0.07897513 0.65696585
vt 0.06697722 0.66302770
vt 0.93942285 0.14609230
vt 0.06225096 0.66689599
vt 0.93955314 0.15138876
vt 0.08055656 0.65221733
vt 0.94044280 0.13111472
vt 0.41135761 0.97008616
vt 0.40629461 0.97177911
vt 0.41433144 0.97013193
vt 0.80721635 0.96077627
vt 0.40696919 0.97396004
vt 0.79838783 0.96054888
vt 0.19008338 0.60489321
vt 0.18652646 0.60489661
vt 0.93994308 0.03559786
vt 0.18594837 0.60705888
vt 0.18303511 0.60626662
vt 0.94041210 0.03856778
vt 0.19080092 0.60411054
vt 0.93987602 0.03224641
vt 0.13319808 0.62040979
vt 0.94078010 0.07944560
vt 0.13933371 0.61936551
vt 0.13626777 0.61872387
vt 0.93939668 0.07671696
vt 0.14236470 0.61789501
vt 0.11777714 0.62863272
vt 0.11412197 0.63011849
vt 0.11143654 0.63082218
vt 0.94056022 0.09917992
vt 0.42601711 0.96428967
vt 0.82109880 0.96070009
vt 0.41711143 0.96725589
vt 0.41854522 0.96818882
vt 0.81209522 0.96085244
vt 0.16844650 0.60864985
vt 0.94019324 0.05000651
vt 0.16415741 0.60945648
vt 0.93982202 0.05337298
vt 0.16292368 0.61123133
vt 0.16220152 0.61049545
vt 0.94040710 0.05510557
vt 0.52941334 0.74798232
vt 0.76078302 0.42141783
vt 0.05673088 0.86689067
vt 0.05279742 0.86099631
vt 0.04272477 0.86273080
vt 0.04310315 0.85248613
vt 0.02820818 0.84678584
vt 0.02734080 0.86490989
vt 0.01851527 0.85451162
vt 0.01431280 0.84113377
vt 0.02019046 0.83329046
vt 0.03144640 0.83427167
vt 0.04422912 0.84598505
vt 0.04209853 0.83645463
vt 0.04505155 0.87255269
vt 0.03143439 0.87087649
vt 0.03085443 0.87716800
vt 0.01332342 0.85382760
vt 0.01767590 0.86638457
vt 0.02597320 0.87791079
vt 0.03913051 0.88493282
vt 0.03665128 0.82673669
vt 0.01875287 0.82203633
vt 0.03972350 0.82134891
vt 0.06046065 0.87175661
vt 0.06082794 0.87758517
vt 0.06941186 0.88313365
vt 0.06428555 0.89758080
vt 0.05918879 0.90335047
vt 0.07186857 0.88646406
vt 0.07667006 0.89128506
vt 0.07448500 0.88858640
vt 0.04262104 0.82826596
vt 0.02422848 0.87941241
vt 0.32825837 0.68125844
vt 0.04531904 0.89738524
vt 0.04970466 0.90621883
vt 0.03455226 0.89313006
vt 0.07883422 0.89423043
vt 0.07071469 0.90469009
vt 0.08313596 0.90401256
vt 0.07300740 0.91288275
vt 0.06082040 0.91347682
vt 0.05697624 0.91921318
vt 0.05164795 0.91489983
vt 0.06439575 0.92319834
vt 0.05849393 0.92132783
vt 0.08239727 0.92259675
vt 0.08168409 0.89747888
vt 0.08914289 0.90903997
vt 0.10323861 0.92143190
vt 0.09635448 0.91417092
vt 0.09168229 0.93218082
vt 0.11007939 0.92396832
vt 0.10765465 0.93119627
vt 0.07037582 0.93035972
vt 0.07368910 0.93365538
vt 0.09614765 0.93957841
vt 0.08617010 0.94192117
vt 0.09080438 0.94420350
vt 0.10609558 0.95126396
vt 0.11078724 0.94900304
vt 0.11766955 0.93512881
vt 0.12649599 0.93252057
vt 0.99281514 0.72194630
vt 0.11352929 0.92404342
vt 0.99265075 0.73490518
vt 0.09347158 0.94741869
vt 0.04791450 0.84272271
vt 0.08235664 0.93640852
vt 0.05071211 0.85519135
vt 0.04940469 0.84723103
vt 0.85172319 0.09682846
vt 0.04413527 0.82296824
vt 0.81981486 0.09682262
vt 0.08733495 0.94392407
vt 0.12352982 0.94703239
vt 0.12855980 0.93546313
vt 0.06363152 0.92632443
vt 0.25475714 0.68110079
vt 0.03666880 0.81103063
vt 0.01016688 0.81781298
vt 0.02151490 0.81310517
vt 0.00386725 0.80862874
vt 0.02962260 0.79042000
vt 0.00653166 0.82406193
vt 0.00453913 0.80309683
vt 0.57436132 0.20188284
vt 0.03060042 0.80278128
vt 0.03884200 0.80203396
vt 0.04043214 0.80663091
vt 0.79827583 0.09649009
vt 0.03783530 0.79274476
vt 0.77972686 0.09588563
vt 0.03589413 0.79013860
vt 0.03400614 0.78546864
vt 0.01932404 0.79043090
vt 0.00432248 0.79081362
vt 0.55793798 0.20188284
vt 0.00556423 0.78338861
vt 0.04003391 0.79710639
vt 0.78570169 0.09659600
vt 0.03866473 0.78542447
vt 0.77066028 0.09652996
vt 0.03860967 0.77466714
vt 0.04095619 0.77132314
vt 0.00795633 0.83075494
vt 0.38892865 0.68168098
vt 0.00702246 0.83554423
vt 0.02334889 0.77373415
vt 0.02864094 0.76119375
vt 0.01914611 0.74504995
vt 0.03460653 0.73872447
vt 0.01446491 0.76590216
vt 0.00478245 0.77814776
vt 0.00981074 0.75790429
vt 0.01664258 0.73648834
vt 0.03444324 0.72428054
vt 0.03138330 0.72124749
vt 0.02131223 0.72676229
vt 0.00398288 0.81529516
vt 0.04287238 0.72788793
vt 0.03646932 0.70746672
vt 0.04949510 0.70463318
vt 0.06570221 0.69073069
vt 0.05113789 0.68990636
vt 0.07136215 0.70535678
vt 0.07353759 0.69930124
vt 0.03558663 0.69889146
vt 0.08262170 0.69307333
vt 0.02684619 0.71566284
vt 0.02464374 0.71979946
vt 0.07687587 0.70248461
vt 0.65478009 0.09664917
vt 0.05635021 0.71201658
vt 0.05874827 0.72157836
vt 0.06232128 0.71331298
vt 0.06819059 0.71239990
vt 0.67037004 0.09609115
vt 0.06679942 0.71595377
vt 0.67507756 0.09666681
vt 0.05857664 0.68597329
vt 0.05729693 0.67336524
vt 0.06099910 0.67063868
vt 0.07498264 0.66820675
vt 0.06380201 0.66801095
vt 0.08642148 0.66581845
vt 0.09809033 0.67019784
vt 0.07571228 0.68047804
vt 0.08647080 0.68896562
vt 0.09117445 0.68586409
vt 0.62863576 0.09627676
vt 0.08335228 0.65110868
vt 0.94085592 0.12872607
vt 0.10150596 0.65270233
vt 0.09367066 0.64476144
vt 0.10894760 0.66339171
vt 0.09915400 0.64077586
vt 0.11240920 0.64341176
vt 0.10329851 0.63696003
vt 0.94061905 0.10797238
vt 0.11609386 0.63703310
vt 0.11781681 0.65242404
vt 0.13030040 0.64344066
vt 0.13142751 0.63115001
vt 0.14358011 0.63672090
vt 0.15718187 0.63271725
vt 0.14551422 0.62597853
vt 0.16644511 0.62785947
vt 0.16188467 0.61858964
vt 0.15624523 0.61588252
vt 0.17785725 0.61620176
vt 0.16948192 0.61029643
vt 0.18606405 0.61498702
vt 0.17333491 0.60878164
vt 0.18822591 0.62604797
vt 0.20310879 0.62025046
vt 0.19433790 0.61050862
vt 0.18240748 0.62896830
vt 0.13973892 0.62284696
vt 0.20947438 0.61071384
vt 0.22035648 0.61565083
vt 0.22337739 0.60942656
vt 0.23203856 0.60217237
vt 0.20542246 0.60359687
vt 0.24461484 0.61465865
vt 0.24201258 0.60306293
vt 0.24967383 0.60187697
vt 0.25998366 0.61414832
vt 0.26157740 0.60309702
vt 0.28408328 0.60839301
vt 0.20144169 0.60441023
vt 0.19542374 0.60550261
vt 0.27836162 0.60264361
vt 0.30369881 0.60440803
vt 0.31355155 0.61312485
vt 0.32117683 0.61019903
vt 0.32990626 0.61899602
vt 0.34063068 0.61667800
vt 0.33695772 0.62083638
vt 0.34565502 0.61109424
vt 0.24662499 0.59629965
vt 0.36049283 0.61519456
vt 0.38982964 0.62583989
vt 0.39239150 0.61915481
vt 0.37200961 0.62071115
vt 0.37329936 0.61755973
vt 0.37353465 0.63180876
vt 0.35206693 0.62613189
vt 0.35052925 0.63189292
vt 0.49871954 0.54629064
vt 0.39630276 0.63903213
vt 0.40792701 0.63028449
vt 0.40687251 0.64496917
vt 0.41726735 0.64010227
vt 0.38335660 0.64131492
vt 0.29095200 0.61255503
vt 0.21552578 0.60109168
vt 0.22263138 0.59993845
vt 0.22546007 0.59878725
vt 0.22791503 0.59744066
vt 0.17396325 0.89065289
vt 0.23413202 0.59821147
vt 0.31072319 0.61696380
vt 0.12869567 0.65506548
vt 0.14009611 0.65237558
vt 0.41085148 0.65257847
vt 0.40180889 0.65368825
vt 0.95341289 0.99582952
vt 0.94782072 0.99508280
vt 0.39756006 0.65094167
vt 0.31868935 0.60246068
vt 0.18002997 0.60864359
vt 0.10298906 0.67363691
vt 0.27028194 0.62023538
vt 0.26580623 0.61983645
vt 0.39835122 0.62144279
vt 0.21463723 0.62630665
vt 0.87271899 0.72443664
vt 0.22377566 0.61957580
vt 0.23928000 0.59709555
vt 0.17458962 0.88205761
vt 0.17237385 0.63616276
vt 0.04896656 0.68487012
vt 0.04385836 0.68761551
vt 0.03858576 0.69658458
vt 0.40360555 0.62395328
vt 0.05199172 0.68202019
vt 0.05354674 0.67628700
vt 0.94028544 0.16289806
vt 0.17955200 0.63438892
vt 0.08801164 0.64740509
vt 0.94045484 0.12360984
vt 0.23332994 0.62304688
vt 0.04852664 0.73475605
vt 0.03724589 0.75011390
vt 0.04329142 0.74622059
vt 0.04083267 0.76195651
vt 0.03608245 0.77276468
vt 0.05426164 0.72942019
vt 0.26342723 0.62128317
vt 0.13272958 0.62286925
vt 0.92821741 0.99527705
vt 0.38095677 0.64343667
vt 0.91065717 0.99524277
vt 0.36626101 0.63651949
vt 0.36126006 0.63351065
vt 0.00559708 0.82763195
vt 0.06461994 0.71755570
vt 0.67794681 0.09608459
vt 0.42700887 0.64587367
vt 0.12770857 0.62845349
vt 0.00371203 0.82263523
vt 0.41858608 0.63335586
vt 0.41581568 0.63044012
vt 0.41112608 0.62690485
vt 0.11631450 0.95355147
vt 0.13315663 0.95004517
vt 0.11832561 0.95960402
vt 0.13587582 0.93995535
vt 0.14344797 0.94314110
vt 0.13275345 0.95632482
vt 0.14965542 0.95491213
vt 0.14630218 0.96182579
vt 0.13146393 0.93661761
vt 0.14765111 0.94650888
vt 0.15192771 0.94834304
vt 0.16306527 0.95654315
vt 0.16300881 0.97229719
vt 0.14725088 0.97497475
vt 0.17767049 0.96707600
vt 0.13769408 0.97137445
vt 0.17393118 0.95857340
vt 0.18414630 0.96177566
vt 0.13101515 0.96797431
vt 0.12559617 0.96520060
vt 0.18476567 0.97572637
vt 0.21160685 0.97899216
vt 0.19201051 0.97013426
vt 0.21244600 0.98859382
vt 0.21071191 0.99250060
vt 0.23464280 0.99119079
vt 0.25094509 0.98603290
vt 0.25254640 0.99712187
vt 0.22857182 0.99511278
vt 0.16176152 0.97951108
vt 0.15434356 0.97825772
vt 0.14166482 0.68029928
vt 0.15972403 0.95063883
vt 0.94228536 0.16376019
vt 0.26188472 0.98868001
vt 0.26858956 0.98257798
vt 0.27378246 0.99040598
vt 0.29209003 0.99332070
vt 0.29215342 0.97986579
vt 0.31656057 0.97595197
vt 0.31017488 0.98930788
vt 0.31742597 0.98757046
vt 0.32619408 0.98547757
vt 0.32721528 0.97003359
vt 0.31887138 0.99457479
vt 0.70680493 0.96039730
vt 0.31448576 0.99572837
vt 0.70227319 0.96030068
vt 0.31913847 0.97114491
vt 0.31516665 0.96721977
vt 0.19999041 0.28973925
vt 0.32730749 0.96530294
vt 0.20013098 0.28030574
vt 0.30734754 0.96943390
vt 0.20077866 0.29609060
vt 0.29688931 0.97088122
vt 0.20088968 0.30401361
vt 0.29805601 0.97507286
vt 0.28818664 0.97123396
vt 0.94225115 0.26443613
vt 0.28007978 0.97446465
vt 0.26072419 0.97507423
vt 0.24582213 0.97792828
vt 0.24817711 0.97135299
vt 0.94212174 0.23406190
vt 0.23075356 0.97516996
vt 0.30392361 0.99592698
vt 0.21861313 0.97366518
vt 0.23412034 0.97079378
vt 0.23653615 0.96933246
vt 0.94229704 0.22504234
vt 0.22198461 0.96772456
vt 0.29190257 0.99807924
vt 0.67952317 0.96063703
vt 0.26592538 0.99344075
vt 0.32448173 0.99117279
vt 0.33733183 0.97165841
vt 0.33719620 0.98111552
vt 0.34168544 0.98805702
vt 0.34981012 0.98138851
vt 0.35850847 0.97720706
vt 0.34467342 0.96508771
vt 0.34913108 0.98772025
vt 0.33307797 0.96579134
vt 0.35492003 0.98637897
vt 0.35963404 0.98435932
vt 0.36918479 0.98383230
vt 0.38630348 0.97781259
vt 0.39429441 0.97363555
vt 0.37276959 0.97256225
vt 0.37868294 0.98047793
vt 0.34969637 0.96318245
vt 0.35995480 0.96020800
vt 0.38281766 0.96065283
vt 0.40315327 0.95477992
vt 0.37685940 0.95368564
vt 0.36606517 0.95767361
vt 0.39592403 0.96518886
vt 0.41348907 0.95307326
vt 0.41963109 0.94276410
vt 0.40183938 0.95107085
vt 0.38683504 0.94723994
vt 0.42936423 0.93566358
vt 0.41135713 0.93467784
vt 0.40671960 0.93717271
vt 0.43533894 0.94043410
vt 0.44182172 0.94989532
vt 0.43603474 0.95521265
vt 0.44653639 0.94701254
vt 0.45215431 0.94358110
vt 0.45533791 0.93657970
vt 0.47501951 0.92503893
vt 0.47001714 0.91733593
vt 0.45407209 0.92332953
vt 0.46904927 0.93037796
vt 0.46431759 0.93356407
vt 0.45912361 0.90814662
vt 0.44657284 0.91567600
vt 0.44464493 0.92371792
vt 0.45985782 0.93910122
vt 0.48279297 0.91820431
vt 0.43156910 0.92468953
vt 0.41909727 0.93142694
vt 0.42626223 0.92592877
vt 0.48303255 0.90840447
vt 0.46611717 0.90363562
vt 0.49563843 0.90307891
vt 0.47511485 0.89720768
vt 0.48897719 0.89354879
vt 0.49248460 0.88613212
vt 0.45483539 0.90249527
vt 0.44844595 0.90782875
vt 0.47634989 0.88590586
vt 0.50581247 0.88059491
vt 0.49671975 0.87668139
vt 0.51160306 0.86932081
vt 0.51150596 0.85320264
vt 0.50542998 0.84816247
vt 0.50286138 0.85941195
vt 0.51164681 0.83801949
vt 0.51905614 0.84322196
vt 0.53126758 0.83201200
vt 0.53391254 0.82008749
vt 0.51758462 0.82137161
vt 0.53033042 0.83657748
vt 0.52155656 0.85529941
vt 0.50571674 0.83297086
vt 0.51609933 0.80972147
vt 0.53274602 0.80943769
vt 0.53368205 0.80087453
vt 0.53283143 0.79438329
vt 0.52619320 0.79476982
vt 0.50728953 0.78656763
vt 0.50514638 0.80469906
vt 0.50213206 0.81367153
vt 0.52601922 0.77845973
vt 0.53672725 0.77837020
vt 0.51464039 0.77559304
vt 0.53581589 0.77281839
vt 0.53514010 0.76841629
vt 0.76096368 0.40049398
vt 0.53307712 0.75867826
vt 0.52165407 0.76373476
vt 0.52954310 0.75423843
vt 0.50042599 0.76736099
vt 0.50457007 0.77486122
vt 0.49647883 0.76311207
vt 0.51810914 0.73781550
vt 0.49975446 0.75302172
vt 0.49518061 0.73862123
vt 0.50216186 0.72929192
vt 0.49110764 0.75045389
vt 0.06060617 0.50992161
vt 0.25228101 0.76115757
vt 0.51461810 0.72958589
vt 0.51969546 0.72880429
vt 0.50785065 0.72137773
vt 0.48690054 0.72650898
vt 0.48823401 0.71504855
vt 0.48030323 0.71755773
vt 0.50631672 0.70813644
vt 0.48152995 0.70247084
vt 0.50814247 0.71215963
vt 0.46885547 0.71022660
vt 0.52385736 0.73610169
vt 0.52394748 0.74297762
vt 0.48694405 0.73352015
vt 0.48506960 0.69663531
vt 0.50075990 0.69651866
vt 0.48342472 0.68945885
vt 0.47348085 0.69140738
vt 0.47345293 0.67644405
vt 0.45590940 0.67493153
vt 0.47408730 0.66899079
vt 0.47923267 0.67221040
vt 0.45299175 0.69183880
vt 0.46870095 0.66574907
vt 0.45129108 0.65946048
vt 0.44214708 0.67110944
vt 0.43911454 0.65658116
vt 0.43210563 0.67071533
vt 0.45168564 0.68546480
vt 0.44805503 0.68029165
vt 0.44936585 0.65115666
vt 0.44701704 0.64803082
vt 0.76092100 0.54222256
vt 0.43521073 0.64782292
vt 0.42204562 0.65647352
vt 0.43014532 0.66180414
vt 0.45870614 0.69779652
vt 0.46189192 0.70011324
vt 0.49803969 0.78652745
vt 0.06067518 0.54668391
vt 0.49892259 0.79173690
vt 0.41797957 0.66003919
vt 0.45541871 0.65420657
vt 0.46244320 0.65905160
vt 0.49731106 0.82898849
vt 0.48254004 0.72864801
vt 0.06065292 0.48725653
vt 0.45921052 0.89570051
vt 0.46400291 0.88862139
vt 0.20106994 0.14770246
vt 0.46764457 0.88378495
vt 0.51325518 0.87360269
vt 0.51721138 0.72265720
vt 0.51313978 0.71652693
vt 0.47356683 0.87732488
vt 0.47842818 0.87201244
vt 0.48812905 0.86176890
vt 0.48333752 0.86061043
vt 0.05991901 0.62255347
vt 0.20066223 0.11579835
vt 0.43544361 0.91918927
vt 0.46601069 0.70426822
vt 0.49991152 0.79704899
vt 0.05796728 0.55694854
vt 0.44054747 0.64474303
vt 0.43232504 0.64157498
vt 0.50439703 0.70255721
vt 0.48222095 0.67559808
vt 0.48578548 0.67840582
vt 0.48764110 0.68057162
vt 0.48704126 0.91430825
vt 0.40672716 0.96472967
vt 0.41872209 0.96037072
vt 0.43230873 0.95742297
vt 0.49560213 0.68940127
vt 0.49887547 0.69325715
vt 0.29959476 0.99735224
vt 0.68743014 0.96068776
vt 0.53756201 0.78197622
vt 0.20088987 0.90273201
vt 0.39794710 0.94165891
vt 0.39219388 0.94424564
vt 0.16843198 0.95361847
vt 0.94221753 0.17101538
vt 0.16336417 0.95276237
vt 0.49679795 0.85696954
vt 0.43560159 0.67642522
vt 0.49924329 0.46753687
vt 0.20259127 0.97188425
vt 0.49515438 0.76873899
vt 0.06025942 0.52855498
vt 0.85538322 0.14330542
vt 0.49665409 0.77304369
vt 0.05955137 0.53282851
vt 0.86177009 0.14330542
vt 0.49774715 0.77772290
vt 0.06031720 0.53758478
vt 0.18819763 0.96390224
vt 0.42798626 0.67036885
vt 0.49904549 0.47594869
vt 0.49219725 0.84916365
vt 0.48833832 0.85460794
vt 0.49463376 0.83069944
vt 0.53506857 0.76432514
vt 0.76055753 0.40452373
vt 0.40325925 0.97315681
vt 0.49009511 0.68347895
vt 0.49232092 0.68587208
vt 0.47910330 0.72417659
vt 0.06024035 0.48228407
vt 0.47434056 0.71786249
vt 0.06067518 0.47517371
vt 0.46199054 0.70312589
vt 0.07825133 0.69805086
vt 0.44108611 0.91363746
vt 0.20085572 0.17828494
vt 0.33320701 0.99180359
vt 0.26425675 0.59916353
vt 0.25424087 0.59658718
vt 0.27549762 0.99702281
vt 0.26673353 0.99668109
vt 0.40645865 0.62603402
vt 0.06726161 0.88026029
vt 0.28449777 0.59671766
vt 0.29380983 0.59761709
vt 0.30731472 0.59817332
vt 0.29004180 0.59566700
vt 0.17472628 0.84311140
vt 0.19457495 0.96228391
vt 0.94222468 0.19250435
vt 0.19614050 0.96474075
vt 0.20485732 0.96635932
vt 0.20926322 0.96529639
vt 0.53170061 0.75317520
vt 0.76056570 0.41597742
vt 0.20142353 0.62930149
vt 0.04518273 0.90770715
vt 0.28545550 0.67956764
vt 0.00957131 0.84748632
vt 0.37278154 0.68187022
vt 0.03957176 0.90102983
vt 0.29578522 0.67969650
vt 0.53535956 0.80709308
vt 0.23402940 0.90202230
vt 0.48984343 0.74601245
vt 0.06029494 0.50534999
vt 0.50988501 0.87971395
vt 0.02968008 0.71101177
vt 0.02793615 0.71161801
vt 0.10294911 0.95314443
vt 0.48649597 0.73703510
vt 0.05995596 0.49618351
vt 0.34759748 0.62992191
vt 0.34097978 0.62873411
vt 0.27403659 0.62081885
vt 0.87297565 0.67878634
vt 0.32791600 0.60262221
vt 0.10119563 0.95108420
vt 0.19910787 0.96257752
vt 0.94267774 0.19590539
vt 0.05874122 0.72635376
vt 0.69084299 0.09665787
vt 0.05557458 0.73133284
vt 0.69800937 0.09671032
vt 0.05095594 0.73821270
vt 0.04820796 0.74401653
vt 0.04580829 0.75289553
vt 0.07318321 0.70678174
vt 0.66149396 0.09669226
vt 0.17329912 0.95615989
vt 0.06902459 0.93182296
vt 0.24591978 0.68161178
vt 0.06503369 0.92893684
vt 0.25131258 0.68181562
vt 0.07220641 0.93516999
vt 0.24061133 0.68173242
vt 0.22535478 0.62385261
vt 0.22457080 0.62564480
vt 0.87338901 0.71683687
vt 0.47061676 0.87934482
vt 0.20090461 0.13710177
vt 0.47814223 0.86881912
vt 0.11293314 0.63224202
vt 0.01169652 0.74565518
vt 0.93981779 0.24007332
vt 0.46615317 0.66169524
vt 0.30562147 0.99658519
vt 0.69336486 0.96034002
vt 0.42957538 0.63723797
vt 0.42669263 0.63454485
vt 0.76037711 0.56304783
vt 0.32818836 0.62631416
vt 0.33600459 0.62910891
vt 0.49858239 0.55751681
vt 0.27374575 0.59791166
vt 0.27190241 0.99824047
vt 0.65956575 0.96087492
vt 0.41408610 0.66148889
vt 0.96943432 0.99761313
vt 0.49924275 0.48968983
vt 0.42117181 0.66458958
vt 0.49879467 0.48353148
vt 0.45334181 0.89927763
vt 0.20031379 0.16114759
vt 0.45090494 0.90250838
vt 0.20035158 0.16489732
vt 0.44695324 0.90642834
vt 0.20055616 0.16985649
vt 0.33921790 0.96395707
vt 0.20118614 0.27121860
vt 0.28960517 0.61952668
vt 0.28447193 0.62088597
vt 0.87294549 0.67082673
vt 0.49861100 0.59760213
vt 0.41764504 0.96571332
vt 0.41318384 0.96775508
vt 0.40921402 0.96951127
vt 0.42942813 0.95956647
vt 0.42780897 0.96175998
vt 0.49383986 0.76454061
vt 0.06008769 0.52420878
vt 0.53545159 0.79256970
vt 0.21495593 0.90226102
vt 0.06475157 0.87482041
vt 0.99304903 0.79637283
vt 0.36887524 0.95438230
vt 0.20079604 0.24687791
vt 0.00881448 0.75482661
vt 0.00641973 0.76451421
vt 0.00255926 0.78089726
vt 0.93986219 0.27597743
vt 0.44674271 0.68718463
vt 0.06019653 0.43764722
vt 0.44294912 0.68200529
vt 0.49893752 0.45972371
vt 0.06017248 0.43169200
vt 0.47048843 0.71556747
vt 0.05998741 0.47150612
vt 0.12349967 0.62721318
vt 0.12382988 0.62493819
vt 0.94102925 0.08794093
vt 0.02353328 0.72001064
vt 0.94096172 0.21263325
vt 0.35247236 0.96128106
vt 0.31327680 0.96832848
vt 0.31036821 0.96791643
vt 0.20007764 0.29343605
vt 0.03999313 0.69112468
vt 0.32396761 0.99378413
vt 0.71170872 0.96015382
vt 0.32941329 0.99346423
vt 0.71725667 0.96057051
vt 0.75684309 0.07845187
vt 0.04898827 0.74684322
vt 0.71929199 0.09670734
vt 0.27790111 0.59548950
vt 0.17452618 0.85217607
vt 0.26364234 0.59624851
vt 0.25676492 0.59518021
vt 0.17456773 0.86845934
vt 0.08307838 0.69568074
vt 0.64396876 0.09668446
vt 0.24923033 0.99811566
vt 0.51411796 0.71372068
vt 0.76028860 0.45782852
vt 0.47131503 0.66416711
vt 0.76019800 0.51774830
vt 0.20198458 0.60257781
vt 0.17472628 0.91108787
vt 0.94067228 0.02359408
vt 0.09098765 0.90555036
vt 0.99280530 0.75994211
vt 0.08938507 0.94638705
vt 0.21831432 0.68169081
vt 0.37733147 0.95002288
vt 0.20048809 0.23914981
vt 0.37277728 0.95243001
vt 0.20038426 0.24336392
vt 0.00325211 0.78389478
vt 0.94020271 0.27897686
vt 0.51601142 0.71602553
vt 0.76025254 0.45512635
vt 0.51757073 0.71829456
vt 0.76025480 0.45258248
vt 0.51904440 0.72155756
vt 0.76058704 0.44916022
vt 0.76050520 0.44639802
vt 0.52072322 0.72405052
vt 0.05675061 0.86289001
vt 0.99315691 0.80958343
vt 0.05101197 0.84981143
vt 0.85532719 0.09723228
vt 0.53644234 0.79340410
vt 0.21600635 0.90300381
vt 0.05873315 0.86544776
vt 0.99282873 0.80668336
vt 0.01300992 0.85847181
vt 0.35791713 0.68188632
vt 0.76100796 0.44499564
vt 0.52016652 0.72549760
vt 0.46801668 0.93363035
vt 0.87944013 0.96063089
vt 0.10812850 0.71373779
vt 0.33525661 0.96385938
vt 0.20048016 0.27409935
vt 0.32944047 0.96438187
vt 0.19991632 0.27847910
vt 0.46622273 0.65857726
vt 0.76002872 0.52447337
vt 0.39065075 0.97774881
vt 0.78147805 0.96101451
vt 0.39733410 0.97546881
vt 0.01159547 0.85598809
vt 0.36146390 0.68203986
vt 0.46312582 0.70720804
vt 0.90830290 0.41248256
vt 0.06012300 0.46137393
vt 0.45093396 0.65010488
vt 0.75996172 0.53875488
vt 0.41993630 0.92832410
vt 0.20085032 0.20003974
vt 0.42490464 0.92463785
vt 0.20049442 0.19478112
vt 0.20914802 0.68149132
vt 0.09730696 0.95061266
vt 0.01693929 0.86901158
vt 0.34357977 0.68195564
vt 0.36066765 0.98670864
vt 0.74926794 0.96028554
vt 0.36514130 0.98565120
vt 0.75385934 0.96047527
vt 0.94662410 0.14958161
vt 0.36320332 0.98707646
vt 0.75170422 0.96020585
vt 0.11504814 0.96133745
vt 0.18674049 0.68221593
vt 0.11308634 0.96011502
vt 0.18974367 0.68159306
vt 0.35536885 0.98814946
vt 0.74380827 0.96035165
vt 0.07244924 0.88315916
vt 0.99297094 0.78625333
vt 0.07580531 0.88688916
vt 0.99301851 0.78176022
vt 0.40221679 0.93704832
vt 0.20084426 0.21612626
vt 0.45584133 0.69511920
vt 0.24108088 0.99847239
vt 0.62892354 0.95994508
vt 0.17789754 0.95674014
vt 0.94395936 0.17888558
vt 0.35848159 0.63497913
vt 0.90282845 0.99734640
vt 0.50036579 0.53959614
vt 0.48253432 0.67275548
vt 0.76034284 0.50561911
vt 0.48496753 0.67511755
vt 0.76045328 0.50264257
vt 0.36988798 0.98540866
vt 0.75855714 0.96051061
vt 0.34652162 0.98945338
vt 0.73513287 0.96039766
vt 0.34406972 0.99048156
vt 0.73196757 0.96000487
vt 0.43876559 0.95283794
vt 0.45006898 0.94787502
vt 0.85334486 0.96053612
vt 0.44677857 0.94962525
vt 0.84934729 0.96072537
vt 0.44310606 0.95173669
vt 0.84479696 0.96080214
vt 0.47709975 0.66857755
vt 0.76015908 0.51156193
vt 0.03580422 0.69416833
vt 0.93907923 0.18532956
vt 0.24540329 0.59513110
vt 0.17319427 0.87709904
vt 0.43544140 0.91674483
vt 0.20048118 0.18350625
vt 0.18227203 0.95965415
vt 0.94293678 0.18310481
vt 0.07982297 0.89139915
vt 0.99295723 0.77634490
vt 0.08394887 0.94335037
vt 0.22474247 0.68092215
vt 0.00239814 0.81795585
vt 0.94071484 0.31301427
vt 0.02951912 0.89057785
vt 0.31262290 0.68176663
vt 0.53615880 0.76921916
vt 0.76034510 0.39951974
vt 0.52501094 0.73978102
vt 0.76124620 0.43034768
vt 0.23905672 0.62333143
vt 0.87378061 0.70559865
vt 0.39317667 0.94161880
vt 0.20077565 0.22441381
vt 0.42101258 0.63215220
vt 0.75889415 0.56781238
vt 0.08097862 0.94160980
vt 0.22871038 0.68189615
vt 0.09709645 0.64146721
vt 0.94034469 0.11449790
vt 0.07043173 0.71138340
vt 0.66804820 0.09686208
vt 0.11682867 0.96322805
vt 0.18390268 0.68217510
vt 0.02795151 0.70903254
vt 0.93997538 0.20136589
vt 0.40944773 0.93331486
vt 0.20069495 0.20944375
vt 0.43430817 0.95875454
vt 0.83207995 0.96076334
vt 0.44002897 0.95460719
vt 0.84000182 0.96068150
vt 0.47510991 0.66671330
vt 0.75977790 0.51393676
vt 0.39920232 0.93852681
vt 0.20073572 0.21887100
vt 0.38567942 0.28765690
vt 0.48831573 0.84934431
vt 0.06028781 0.61053312
vt 0.14826103 0.97749579
vt 0.14778146 0.68225044
vt 0.13672039 0.93848234
vt 0.99130982 0.71228164
vt 0.13951182 0.94130957
vt 0.87811077 0.96107507
vt 0.46798483 0.93514347
vt 0.10994525 0.71234310
vt 0.00440748 0.79587692
vt 0.56471801 0.20258021
vt 0.26758936 0.62212056
vt 0.87468415 0.68371111
vt 0.14610718 0.94250882
vt 0.99051136 0.70416135
vt 0.22316307 0.59752160
vt 0.17278869 0.89425665
vt 0.39697918 0.61957139
vt 0.75962120 0.59010834
vt 0.23403390 0.59647399
vt 0.17295346 0.88588709
vt 0.16548854 0.95127845
vt 0.94379622 0.16801655
vt 0.52111489 0.72766632
vt 0.40713838 0.62417823
vt 0.75893927 0.58111155
vt 0.15457189 0.94733256
vt 0.94426888 0.15891314
vt 0.99067932 0.69608313
vt 0.30119169 0.96982968
vt 0.20016684 0.30066597
vt 0.43151772 0.96046817
vt 0.82851970 0.96092516
vt 0.94002396 0.21105367
vt 0.02370026 0.71821713
vt 0.12700815 0.96800023
vt 0.17231539 0.68292969
vt 0.49858701 0.79577345
vt 0.05824259 0.55565852
vt 0.45301095 0.21912861
vt 0.13698964 0.97289616
vt 0.16067433 0.68274164
vt 0.05135821 0.67906630
vt 0.93922734 0.16612321
vt 0.80827290 0.00662482
vt 0.40254197 0.62221020
vt 0.75945830 0.58506763
vt 0.18916410 0.68266004
vt 0.11228999 0.96135283
vt 0.21116582 0.96472645
vt 0.94293147 0.20527017
vt 0.22486804 0.96710080
vt 0.94304448 0.21593451
vt 0.05917105 0.66982859
vt 0.93961215 0.15515816
vt 0.41240874 0.62612081
vt 0.75894028 0.57667780
vt 0.41950640 0.63064003
vt 0.75841558 0.56964904
vt 0.00278771 0.79226959
vt 0.94058537 0.28732747
vt 0.46232826 0.88935983
vt 0.20030668 0.14903939
vt 0.02647680 0.70996338
vt 0.93932903 0.20267129
vt 0.11823997 0.96411049
vt 0.18233491 0.68261677
vt 0.20122306 0.99339682
vt 0.58870155 0.95984048
vt 0.20688924 0.62840897
vt 0.87310636 0.73063880
vt 0.00498935 0.76369202
vt 0.93850976 0.25879037
vt 0.23505518 0.62452739
vt 0.87496877 0.70876980
vt 0.20321082 0.68102586
vt 0.10102229 0.95418888
vt 0.53349698 0.75521249
vt 0.75947678 0.41368163
vt 0.05613325 0.67303866
vt 0.93983573 0.15912431
vt 0.99788404 0.26867259
vt 0.45660153 0.47341830
vt 0.99907911 0.26779521
vt 0.99785686 0.26225257
vt 0.45624021 0.47832394
vt 0.99954379 0.26291752
vt 0.45510945 0.47967064
vt 0.99902999 0.26140666
vt 0.97210205 0.16588336
vt 0.98540348 0.17132902
vt 0.98382080 0.16486239
vt 0.95295072 0.17028809
vt 0.95897704 0.17877758
vt 0.95352978 0.16265702
vt 0.98490191 0.18212867
vt 0.99178588 0.18463564
vt 0.99589258 0.17829871
vt 0.97946012 0.18361205
vt 0.99747509 0.16862786
vt 0.95093340 0.17384243
vt 0.99016809 0.19043976
vt 0.98087537 0.18988121
vt 0.94598722 0.16037649
vt 0.94607878 0.16728985
vt 0.96890384 0.15981728
vt 0.94943237 0.15992624
vt 0.99705493 0.16201943
vt 0.93774259 0.69281727
vt 0.95572603 0.18500835
vt 0.95272106 0.18910325
vt 0.95438445 0.18253273
vt 0.95067036 0.18028367
vt 0.97921968 0.15956986
vt 0.98937464 0.15841770
vt 0.99587387 0.18483073
vt 0.96841788 0.19471502
vt 0.99084073 0.19575846
vt 0.94467717 0.17354548
vt 0.99785161 0.19405192
vt 0.95056790 0.19477397
vt 0.99760628 0.17558140
vt 0.94929963 0.18333972
vt 0.99780619 0.18227541
vt 0.94602275 0.17523885
vt 0.94628495 0.18803740
vt 0.98033220 0.70195287
vt 0.95460957 0.15310824
vt 0.96438789 0.70388407
vt 0.97047257 0.15111703
vt 0.95135462 0.70388269
vt 0.98346293 0.15105504
vt 0.94572115 0.19486684
vt 0.99154484 0.20416296
vt 0.99747360 0.20271581
vt 0.97144878 0.20960194
vt 0.95862353 0.20801270
vt 0.95015568 0.20950991
vt 0.99209207 0.21626025
vt 0.94593853 0.20704633
vt 0.99583668 0.22265106
vt 0.94895399 0.22115922
vt 0.95907962 0.22021377
vt 0.97284746 0.22043467
vt 0.99792367 0.22018456
vt 0.94442123 0.22251546
vt 0.97028679 0.23155701
vt 0.95986027 0.23290753
vt 0.94921839 0.23476195
vt 0.98969096 0.22928107
vt 0.46003088 0.54343063
vt 0.99899840 0.19719589
vt 0.94570792 0.23710972
vt 0.99783236 0.23831528
vt 0.45301095 0.50419176
vt 0.99890941 0.23680711
vt 0.99131286 0.23960865
vt 0.97418982 0.24037397
vt 0.95735478 0.23823422
vt 0.94420052 0.20645988
vt 0.95177978 0.24127853
vt 0.95858496 0.24582523
vt 0.97384334 0.24484605
vt 0.94731796 0.24797070
vt 0.94656062 0.24329340
vt 0.99263245 0.24450284
vt 0.94475728 0.18274647
vt 0.45312974 0.49445760
vt 0.99848872 0.24655181
vt 0.94458652 0.24651331
vt 0.94382674 0.25264204
vt 0.97554231 0.25108361
vt 0.99736524 0.24922705
vt 0.95904130 0.24970186
vt 0.94653320 0.25181854
vt 0.99774539 0.25514853
vt 0.96855342 0.25895375
vt 0.95402873 0.25769579
vt 0.18899760 0.96040869
vt 0.94395834 0.18810731
vt 0.98597163 0.26102853
vt 0.96835560 0.26641685
vt 0.94405907 0.23503828
vt 0.94362593 0.24404103
vt 0.94620800 0.26512039
vt 0.19718567 0.30501288
vt 0.94607043 0.26993454
vt 0.94473392 0.25852966
vt 0.45518076 0.51768154
vt 0.99904805 0.22321171
vt 0.94501668 0.25355029
vt 0.28274542 0.97058684
vt 0.94310576 0.26032162
vt 0.94425929 0.26518714
vt 0.29264262 0.97039670
vt 0.20000324 0.30718267
vt 0.94312924 0.26783991
vt 0.15168257 0.30145431
vt 0.99163353 0.27367139
vt 0.17798340 0.95586509
vt 0.94491285 0.17845660
vt 0.45458624 0.48700595
vt 0.99906009 0.25408697
vt 0.94392318 0.16236669
vt 0.94464213 0.16676211
vt 0.17247938 0.95428568
vt 0.94345975 0.17408913
vt 0.46836141 0.56324494
vt 0.99877572 0.17632484
vt 0.47159320 0.56979758
vt 0.99888676 0.16931474
vt 0.27984300 0.97123969
vt 0.94278502 0.25805205
vt 0.45378554 0.50296587
vt 0.99950337 0.23808360
vt 0.26474187 0.97300035
vt 0.94206202 0.24664181
vt 0.27328762 0.97290182
vt 0.94209135 0.25294065
vt 0.99127674 0.74938017
vt 0.10260725 0.91574448
vt 0.99240303 0.74661005
vt 0.99077058 0.74468356
vt 0.98907703 0.75047213
vt 0.99149930 0.75336087
vt 0.98850870 0.75735170
vt 0.99189168 0.75781989
vt 0.98173302 0.74928242
vt 0.98127288 0.75292748
vt 0.98911333 0.74170500
vt 0.98130655 0.74169022
vt 0.96503800 0.75093782
vt 0.96858329 0.74137747
vt 0.95564628 0.74218237
vt 0.94724959 0.75040185
vt 0.94694209 0.74185491
vt 0.93940043 0.74434918
vt 0.93908304 0.74976695
vt 0.96186584 0.75752485
vt 0.94474792 0.75959307
vt 0.93799198 0.75994456
vt 0.95105582 0.76368642
vt 0.98039347 0.75575978
vt 0.96614867 0.76604486
vt 0.95055151 0.76810896
vt 0.93997604 0.76864994
vt 0.93970984 0.76306742
vt 0.98196936 0.76401985
vt 0.95103765 0.77222002
vt 0.93966651 0.77215075
vt 0.94004744 0.77712262
vt 0.94879049 0.77731347
vt 0.96403247 0.77660519
vt 0.96808308 0.77105296
vt 0.98187321 0.76764053
vt 0.98270434 0.77272540
vt 0.98931754 0.76992148
vt 0.99090308 0.77670276
vt 0.95136052 0.78160787
vt 0.96464926 0.78563744
vt 0.94948035 0.78695828
vt 0.94011718 0.78169000
vt 0.94011813 0.78767723
vt 0.98086357 0.78128159
vt 0.98105395 0.77738941
vt 0.99103105 0.78037250
vt 0.99052894 0.78851974
vt 0.98071134 0.78761971
vt 0.96783894 0.79190749
vt 0.98167366 0.79104173
vt 0.98913109 0.79581493
vt 0.95144320 0.79498589
vt 0.97553736 0.79721636
vt 0.98255217 0.79651773
vt 0.93884236 0.79583824
vt 0.93838024 0.79154050
vt 0.97786665 0.80322140
vt 0.95953166 0.80400378
vt 0.99063677 0.80319577
vt 0.97940576 0.80661255
vt 0.99124020 0.80783564
vt 0.94751018 0.80583322
vt 0.93863529 0.80594122
vt 0.93809909 0.78520513
vt 0.93793160 0.76623154
vt 0.93779457 0.77633452
vt 0.93750936 0.78000343
vt 0.86805648 0.10894620
vt 0.97752416 0.81338853
vt 0.86836463 0.13120377
vt 0.94842863 0.81310552
vt 0.93911809 0.81271040
vt 0.08674056 0.89933354
vt 0.99246484 0.76688588
vt 0.99136162 0.77153146
vt 0.99129534 0.76176089
vt 0.93759781 0.77054405
vt 0.86328471 0.11664116
vt 0.96744889 0.81702691
vt 0.93798840 0.81822896
vt 0.86167443 0.13917547
vt 0.99144870 0.78399801
vt 0.93711162 0.75240123
vt 0.06944799 0.87914050
vt 0.99264950 0.79084182
vt 0.99176770 0.74113399
vt 0.59154451 0.59185469
vt 0.93704355 0.78821039
vt 0.93732846 0.74687886
vt 0.93688500 0.78346044
vt 0.93895370 0.73868144
vt 0.94652396 0.73333526
vt 0.96809632 0.73457801
vt 0.99141943 0.79563326
vt 0.99161923 0.80042958
vt 0.06086757 0.86813283
vt 0.99269485 0.80359089
vt 0.62829208 0.62877220
vt 0.93679154 0.74155128
vt 0.93909848 0.73116183
vt 0.98889029 0.73718137
vt 0.98078704 0.73306721
vt 0.98998266 0.73373657
vt 0.98902678 0.72826380
vt 0.98155713 0.72788870
vt 0.96636117 0.72826707
vt 0.95476425 0.72917563
vt 0.93914360 0.72418189
vt 0.11160335 0.92176890
vt 0.99201822 0.73753530
vt 0.93928951 0.71983927
vt 0.64167881 0.63742578
vt 0.93635213 0.72813326
vt 0.63277560 0.63159156
vt 0.93663615 0.73710531
vt 0.93724549 0.72469866
vt 0.93709916 0.79861099
vt 0.95551717 0.72414535
vt 0.96612304 0.72398806
vt 0.95677733 0.71936369
vt 0.96939921 0.71806186
vt 0.95134485 0.71233594
vt 0.98881119 0.72264296
vt 0.97934425 0.71399516
vt 0.98911446 0.71601433
vt 0.13627349 0.93727511
vt 0.99044645 0.71330869
vt 0.96468914 0.70963979
vt 0.93921822 0.70459378
vt 0.99555421 0.15027893
vt 0.93757564 0.70935589
vt 0.93772197 0.71386588
vt 0.98868465 0.70728797
vt 0.98904198 0.70307815
vt 0.94605994 0.15596014
vt 0.98895007 0.69909990
vt 0.15025459 0.94507349
vt 0.99063903 0.70008862
vt 0.98927218 0.71954221
vt 0.13271159 0.93529552
vt 0.99079025 0.71666819
vt 0.99120981 0.73240882
vt 0.99146855 0.72768068
vt 0.12928288 0.93303376
vt 0.99110657 0.72015256
vt 0.12469944 0.93062234
vt 0.99209028 0.72420597
vt 0.48302254 0.58751744
vt 0.66533279 0.65105927
vt 0.93631786 0.70543855
vt 0.93716186 0.70018399
vt 0.93915695 0.69656891
vt 0.99569935 0.15827459
vt 0.93719202 0.72135824
vt 0.93693990 0.76299280
vt 0.98884183 0.71159357
vt 0.65335464 0.64415628
vt 0.93632787 0.71691918
vt 0.58090413 0.57822663
vt 0.93670619 0.80415165
vt 0.60637200 0.60736763
vt 0.93637621 0.76887363
vt 0.57594883 0.57039744
vt 0.93712890 0.81288648
vt 0.05607475 0.86003304
vt 0.99272066 0.81243694
vt 0.08278842 0.89514935
vt 0.99293131 0.77199727
vt 0.58722973 0.58576804
vt 0.93617862 0.79516321
vt 0.60354614 0.60395277
vt 0.93621504 0.77292216
vt 0.14104444 0.94010460
vt 0.99092013 0.70866942
vt 0.58949745 0.58912462
vt 0.93692350 0.79138917
vt 0.10498543 0.91861826
vt 0.99289763 0.74332237
vt 0.09794411 0.91261303
vt 0.99283218 0.75124514
vt 0.08891358 0.90276247
vt 0.99288440 0.76310921
vt 0.62650084 0.62635744
vt 0.93580228 0.74423850
vt 0.60095662 0.60145003
vt 0.93619788 0.77614069
vt 0.64766836 0.64043283
vt 0.93600374 0.72265166
vt 0.61293006 0.61386043
vt 0.93599325 0.76063085
vt 0.06239434 0.87143731
vt 0.99304867 0.80014861
vt 0.59777069 0.59723675
vt 0.93597132 0.78102612
vt 0.09375122 0.90906650
vt 0.99301749 0.75592315
vt 0.06761952 0.87783343
vt 0.99309582 0.79270709
vt 0.10893677 0.92099506
vt 0.99281454 0.73958123
vt 0.61058974 0.61089772
vt 0.93587935 0.76410753
vt 0.99269116 0.73083413
vt 0.12104470 0.92988598
vt 0.99315691 0.72689629
vt 0.17188071 0.98399210
vt 0.07122564 0.01832509
vt 0.16854365 0.98212665
vt 0.06979927 0.01532102
vt 0.16187957 0.98071647
vt 0.07020251 0.01003754
vt 0.18520638 0.98709118
vt 0.07111027 0.02894002
vt 0.47399634 0.75418413
vt 0.75734442 0.42535794
vt 0.75931317 0.42717415
vt 0.52823347 0.74404228
vt 0.76055068 0.42559493
vt 0.75594485 0.42774975
vt 0.52620822 0.74195474
vt 0.76140511 0.42803359
vt 0.75446850 0.42720628
vt 0.75480998 0.43000633
vt 0.74655771 0.43383390
vt 0.74332398 0.42665941
vt 0.73893404 0.41727376
vt 0.72044134 0.42980218
vt 0.71399307 0.42312306
vt 0.72280973 0.43656838
vt 0.74412024 0.44244003
vt 0.75434864 0.44004846
vt 0.75055081 0.42220551
vt 0.75297230 0.41316402
vt 0.70324862 0.43580961
vt 0.72770667 0.41571832
vt 0.70333523 0.41405493
vt 0.72941476 0.44571936
vt 0.75181043 0.44787347
vt 0.75650066 0.44423568
vt 0.71260989 0.44690931
vt 0.69915682 0.42845631
vt 0.69915658 0.42373741
vt 0.70142686 0.44601768
vt 0.75501883 0.43663204
vt 0.75658625 0.43106604
vt 0.74255693 0.40899271
vt 0.75640959 0.41818964
vt 0.75653422 0.42316830
vt 0.73217231 0.45431137
vt 0.75299966 0.45312726
vt 0.71665335 0.40854001
vt 0.73364204 0.40492499
vt 0.69918966 0.40829444
vt 0.75887012 0.40659738
vt 0.70879978 0.40405560
vt 0.69894791 0.40438282
vt 0.75705367 0.41399282
vt 0.75929946 0.41774249
vt 0.53078997 0.74935484
vt 0.76015335 0.41980088
vt 0.75809026 0.40992355
vt 0.74340391 0.39986420
vt 0.47399634 0.75697351
vt 0.52950388 0.74505919
vt 0.75996286 0.42422223
vt 0.53407669 0.75940841
vt 0.76030314 0.40950173
vt 0.75880426 0.40150023
vt 0.69848037 0.41696346
vt 0.75883561 0.42115974
vt 0.72330546 0.46157634
vt 0.75307405 0.46053231
vt 0.74564004 0.46426499
vt 0.71984500 0.46636212
vt 0.70562446 0.44988012
vt 0.70537227 0.46036261
vt 0.70436221 0.46772122
vt 0.75481218 0.44340867
vt 0.69875753 0.45455956
vt 0.69871736 0.46191323
vt 0.69787341 0.46530592
vt 0.73702478 0.47339392
vt 0.74640387 0.46854150
vt 0.71793777 0.47244656
vt 0.70425189 0.47402275
vt 0.75173897 0.47295290
vt 0.75671703 0.46700168
vt 0.69871169 0.46841693
vt 0.51116675 0.70925105
vt 0.75911683 0.46291423
vt 0.75557464 0.47775829
vt 0.69888067 0.47515357
vt 0.42303342 0.43718159
vt 0.69784027 0.41404009
vt 0.75912768 0.43880939
vt 0.52554947 0.73530757
vt 0.75895905 0.43449259
vt 0.75689018 0.44084990
vt 0.75886887 0.45640326
vt 0.75847095 0.45945573
vt 0.75461459 0.45004004
vt 0.75904280 0.44616503
vt 0.43465775 0.41782075
vt 0.69740814 0.43525600
vt 0.69794255 0.43212283
vt 0.75880456 0.45015186
vt 0.71501046 0.48253345
vt 0.70499390 0.48341644
vt 0.72663939 0.48181212
vt 0.74135906 0.48326671
vt 0.50215071 0.69266981
vt 0.75963509 0.48079699
vt 0.75395387 0.39688873
vt 0.75725508 0.39641148
vt 0.73092407 0.39883542
vt 0.69943142 0.39991856
vt 0.71215940 0.39917636
vt 0.53786498 0.77246910
vt 0.75900596 0.39616948
vt 0.70072556 0.48769051
vt 0.69844329 0.44885230
vt 0.44080374 0.40938658
vt 0.69737446 0.44486088
vt 0.72531003 0.49092865
vt 0.71718884 0.49103093
vt 0.74045682 0.49212849
vt 0.75890243 0.43182957
vt 0.70745140 0.49508905
vt 0.75882828 0.42967451
vt 0.75614071 0.42946172
vt 0.75856578 0.39038950
vt 0.19593610 0.90421611
vt 0.70084023 0.49819398
vt 0.75288504 0.49976939
vt 0.49068779 0.67849082
vt 0.75893611 0.49737090
vt 0.71420002 0.49870896
vt 0.72430247 0.49993145
vt 0.73755664 0.49899709
vt 0.75658965 0.44279313
vt 0.52284276 0.72758383
vt 0.76022631 0.44220942
vt 0.74139702 0.39303315
vt 0.75475210 0.38901842
vt 0.71893829 0.39165688
vt 0.70172471 0.39106971
vt 0.73193389 0.38995266
vt 0.69901150 0.39409900
vt 0.41306534 0.46638173
vt 0.69888377 0.38381660
vt 0.20896551 0.92841345
vt 0.72704780 0.38088930
vt 0.71423817 0.38389945
vt 0.52328897 0.73129243
vt 0.76020396 0.43870926
vt 0.46003431 0.38738126
vt 0.69764036 0.47120035
vt 0.20448329 0.90514994
vt 0.75758314 0.38394225
vt 0.41206121 0.47121811
vt 0.21150620 0.94986594
vt 0.69894207 0.37892318
vt 0.41855514 0.44517744
vt 0.69745451 0.40539145
vt 0.71633732 0.50792319
vt 0.70599276 0.50669324
vt 0.74040723 0.50805938
vt 0.71823603 0.51593977
vt 0.70837593 0.51607555
vt 0.75485110 0.50376564
vt 0.75878620 0.50280845
vt 0.69856900 0.50688291
vt 0.48083726 0.67063415
vt 0.75992274 0.50807589
vt 0.69755876 0.49213862
vt 0.69758970 0.48698258
vt 0.46999803 0.37719798
vt 0.69707334 0.48386323
vt 0.46629369 0.38056827
vt 0.69721574 0.47948390
vt 0.74375957 0.51279736
vt 0.75295860 0.51945049
vt 0.75514567 0.50890064
vt 0.75574166 0.51431125
vt 0.75872958 0.51795232
vt 0.70141351 0.51491976
vt 0.48146057 0.36792141
vt 0.69707465 0.49652934
vt 0.69893152 0.51920307
vt 0.75611317 0.52336466
vt 0.46791178 0.66001129
vt 0.76008111 0.52257550
vt 0.76031119 0.43158531
vt 0.52555311 0.73838705
vt 0.71424538 0.52323425
vt 0.73770505 0.52125502
vt 0.70138192 0.52493030
vt 0.69815797 0.51183522
vt 0.50866854 0.35187823
vt 0.69735408 0.52265841
vt 0.75120229 0.52534443
vt 0.44477859 0.40444547
vt 0.69729269 0.45063913
vt 0.69800103 0.52736318
vt 0.75328505 0.52872294
vt 0.74059933 0.52773547
vt 0.72904748 0.52689707
vt 0.75890714 0.52896172
vt 0.71593726 0.52641553
vt 0.70718080 0.53148186
vt 0.75885922 0.51057225
vt 0.69887638 0.53069705
vt 0.75944918 0.44032097
vt 0.52318919 0.72944832
vt 0.76077580 0.44043052
vt 0.42886338 0.42637539
vt 0.69725507 0.42567074
vt 0.43107837 0.42246926
vt 0.69715077 0.42990077
vt 0.46914500 0.66161114
vt 0.76022363 0.52074361
vt 0.71855968 0.53480870
vt 0.71688426 0.54221302
vt 0.70208544 0.53734380
vt 0.71662605 0.55209047
vt 0.70988601 0.54663944
vt 0.70810074 0.56091100
vt 0.69834810 0.54420710
vt 0.53989005 0.33722508
vt 0.69710279 0.55065346
vt 0.69807523 0.55694139
vt 0.73064703 0.54015642
vt 0.73378229 0.53415418
vt 0.74176812 0.54211658
vt 0.73095560 0.54731113
vt 0.73423088 0.55452764
vt 0.73905766 0.54802400
vt 0.74553066 0.55628234
vt 0.74788606 0.54951876
vt 0.75507963 0.55437458
vt 0.75524873 0.55878246
vt 0.43179762 0.63631272
vt 0.76022571 0.55887043
vt 0.43470091 0.63884974
vt 0.75999653 0.55558538
vt 0.75891119 0.55314940
vt 0.74937862 0.53665733
vt 0.75479138 0.54000473
vt 0.75545305 0.53646702
vt 0.75352198 0.54378724
vt 0.75606239 0.55050236
vt 0.75902212 0.54151428
vt 0.75871915 0.53811789
vt 0.44497833 0.64496571
vt 0.76002109 0.54554135
vt 0.69831288 0.56162047
vt 0.52166104 0.34516633
vt 0.69706106 0.53462231
vt 0.69821471 0.53898960
vt 0.51190281 0.71149135
vt 0.76040864 0.46061134
vt 0.71942502 0.56348902
vt 0.73165429 0.57075971
vt 0.73511499 0.56218207
vt 0.73978305 0.57170177
vt 0.74519926 0.56281430
vt 0.74605364 0.57295722
vt 0.75712591 0.58124322
vt 0.74965930 0.56384873
vt 0.75468630 0.53311473
vt 0.75879520 0.53414905
vt 0.49522623 0.35915387
vt 0.69692129 0.51015484
vt 0.69841379 0.56512684
vt 0.75685060 0.56910348
vt 0.75340712 0.57547885
vt 0.75706881 0.57272804
vt 0.41638410 0.62870002
vt 0.75874507 0.57271355
vt 0.75742096 0.57647723
vt 0.44656143 0.64658421
vt 0.76021457 0.54355329
vt 0.71863073 0.57068288
vt 0.71374595 0.56453758
vt 0.70970958 0.57136405
vt 0.46258074 0.65640265
vt 0.76030517 0.52796572
vt 0.45872730 0.65382177
vt 0.76017565 0.53184956
vt 0.75528359 0.56210512
vt 0.50345892 0.35426545
vt 0.69671845 0.51806223
vt 0.72934979 0.58527583
vt 0.74161005 0.58647794
vt 0.71774900 0.58142102
vt 0.70857608 0.57931215
vt 0.69803709 0.56929177
vt 0.75670874 0.56652886
vt 0.55507797 0.33049643
vt 0.69683689 0.56403959
vt 0.45483419 0.65205115
vt 0.76001292 0.53527212
vt 0.69841343 0.57474041
vt 0.56576455 0.32714808
vt 0.69714069 0.57285565
vt 0.57135153 0.32517368
vt 0.69699878 0.57754970
vt 0.53131026 0.34067917
vt 0.69677490 0.54324043
vt 0.53588408 0.33871460
vt 0.69687116 0.54724914
vt 0.75902593 0.56232369
vt 0.43598709 0.64130419
vt 0.76035106 0.55318028
vt 0.44172862 0.64339709
vt 0.75995404 0.54843497
vt 0.44095868 0.64254236
vt 0.76004696 0.54942232
vt 0.45757145 0.38909924
vt 0.69691408 0.46874028
vt 0.71885556 0.58528703
vt 0.54681373 0.33404005
vt 0.69679832 0.55683094
vt 0.74104071 0.59478348
vt 0.75280321 0.59210688
vt 0.75532913 0.58550423
vt 0.75736511 0.58970934
vt 0.40199602 0.62122452
vt 0.75877768 0.58598489
vt 0.69842511 0.57884854
vt 0.71821326 0.59464520
vt 0.70794803 0.59246498
vt 0.72690040 0.59727210
vt 0.69904107 0.58393961
vt 0.69855100 0.58914036
vt 0.70789546 0.59709477
vt 0.71787769 0.59976524
vt 0.75855577 0.59081352
vt 0.73823869 0.60413218
vt 0.75753838 0.59562880
vt 0.74179924 0.59889328
vt 0.56026495 0.32857513
vt 0.69682866 0.56843096
vt 0.57772827 0.32361126
vt 0.69731593 0.58266723
vt 0.38922685 0.61546886
vt 0.75915611 0.59724647
vt 0.39099076 0.61682600
vt 0.75941402 0.59540248
vt 0.70857739 0.60277367
vt 0.71888947 0.60795373
vt 0.75758320 0.60108292
vt 0.71823543 0.61419916
vt 0.73856580 0.61569983
vt 0.75726670 0.60752350
vt 0.75166488 0.61432779
vt 0.73783040 0.62381303
vt 0.75809938 0.62281966
vt 0.75761414 0.61995614
vt 0.36829382 0.60869253
vt 0.75921595 0.61451411
vt 0.75775260 0.61317813
vt 0.35918570 0.60567170
vt 0.75950843 0.62213099
vt 0.70940048 0.61620498
vt 0.70235664 0.61075568
vt 0.72569501 0.62234271
vt 0.60776013 0.31589293
vt 0.69757950 0.60693914
vt 0.70793134 0.62309664
vt 0.75339705 0.62586981
vt 0.69919270 0.61421347
vt 0.71748072 0.62278503
vt 0.42434293 0.63329315
vt 0.75997037 0.56517607
vt 0.47570288 0.37209874
vt 0.69679046 0.49051178
vt 0.62977022 0.31268978
vt 0.69895214 0.62417430
vt 0.51128954 0.34973407
vt 0.69665825 0.52553213
vt 0.72424531 0.62678295
vt 0.71517599 0.62839109
vt 0.70753521 0.62802416
vt 0.73796564 0.62952918
vt 0.75841951 0.63171941
vt 0.44792113 0.40045011
vt 0.69706064 0.45526469
vt 0.38260692 0.61430037
vt 0.76049685 0.60231447
vt 0.63749313 0.31105375
vt 0.69807649 0.63029331
vt 0.72436041 0.63411474
vt 0.71521902 0.63547498
vt 0.75306255 0.63324732
vt 0.70777035 0.63414103
vt 0.64493662 0.31127787
vt 0.69939429 0.63595247
vt 0.74019474 0.63900077
vt 0.72472137 0.64385456
vt 0.71537864 0.64436740
vt 0.70599222 0.65048212
vt 0.75834972 0.64349979
vt 0.33698645 0.60013872
vt 0.76048452 0.63995337
vt 0.72882670 0.65179628
vt 0.74052310 0.65171057
vt 0.75880796 0.65000552
vt 0.72110820 0.65181923
vt 0.71394640 0.65149504
vt 0.70249343 0.64178270
vt 0.32518914 0.59818542
vt 0.76068091 0.64914483
vt 0.41643053 0.45017135
vt 0.69758564 0.40017915
vt 0.74338150 0.65829700
vt 0.75902599 0.65975100
vt 0.72508144 0.65967309
vt 0.71681571 0.66477442
vt 0.70905101 0.66329724
vt 0.70303142 0.66234249
vt 0.68489683 0.31025422
vt 0.70024341 0.66675913
vt 0.74978280 0.66589785
vt 0.73157692 0.66647750
vt 0.72055835 0.67033917
vt 0.75895792 0.67027032
vt 0.70948893 0.67247337
vt 0.69401228 0.31078327
vt 0.70085710 0.67382413
vt 0.72830975 0.67149395
vt 0.75098354 0.67296302
vt 0.71516478 0.67696756
vt 0.72220010 0.67686814
vt 0.72780240 0.67512292
vt 0.73394078 0.67768091
vt 0.16364297 0.84390187
vt 0.75222903 0.67741930
vt 0.29319796 0.59472650
vt 0.17376238 0.84065551
vt 0.76124620 0.67386872
vt 0.30388501 0.59587669
vt 0.76125377 0.66563547
vt 0.12212620 0.84678769
vt 0.71071786 0.68115300
vt 0.70209467 0.31118208
vt 0.70089442 0.68009126
vt 0.13185422 0.85303664
vt 0.72073716 0.68712944
vt 0.15333976 0.85292041
vt 0.74216253 0.68659431
vt 0.12694855 0.85492694
vt 0.71593833 0.68914503
vt 0.47217155 0.87064159
vt 0.72977740 0.95622253
vt 0.85629565 0.40620643
vt 0.05291399 0.67710108
vt 0.94059968 0.16381490
vt 0.93716228 0.99407250
vt 0.38927957 0.64592707
vt 0.94320464 0.99485481
vt 0.39385775 0.64891225
vt 0.95113689 0.99752617
vt 0.50080854 0.50339597
vt 0.95669925 0.99710715
vt 0.50056368 0.49921995
vt 0.40847468 0.65673715
vt 0.96131796 0.99581283
vt 0.91959423 0.99573863
vt 0.37340903 0.64045286
vt 0.91708469 0.99714166
vt 0.50012404 0.52895123
vt 0.91254246 0.99607527
vt 0.36730149 0.63793641
vt 0.91096103 0.99825662
vt 0.50093454 0.53357005
vt 0.90994203 0.99727088
vt 0.95735979 0.99784106
vt 0.50145632 0.49869984
vt 0.54853129 0.68026501
vt 0.67429703 0.89680642
vt 0.85334939 0.40783608
vt 0.80891526 0.00727904
vt 0.05472145 0.67857057
vt 0.85629565 0.40829849
vt 0.81158757 0.00801951
vt 0.60341740 0.59543616
vt 0.00448396 0.40023839
vt 0.01957483 0.40108192
vt 0.04707548 0.39795899
vt 0.06244684 0.39366311
vt 0.06259801 0.40447700
vt 0.03855973 0.40748739
vt 0.01479637 0.40839177
vt 0.60927182 0.60208195
vt 0.00436022 0.40836686
vt 0.13663371 0.33960915
vt 0.06423626 0.41399401
vt 0.01561369 0.41794705
vt 0.04927704 0.41899443
vt 0.00522982 0.41551441
vt 0.62417585 0.61633366
vt 0.00472542 0.42687452
vt 0.94343120 0.89497566
vt 0.14893512 0.34872186
vt 0.06523722 0.42730165
vt 0.12128234 0.32947487
vt 0.06522635 0.39826679
vt 0.61443937 0.60776585
vt 0.00410584 0.41538751
vt 0.18386218 0.06090415
vt 0.85897243 0.30151594
vt 0.85005689 0.30315685
vt 0.83735722 0.29308724
vt 0.81744915 0.30215847
vt 0.81096220 0.29535890
vt 0.81593394 0.28648895
vt 0.80119485 0.28614700
vt 0.84487379 0.28558016
vt 0.19962218 0.05589837
vt 0.85896808 0.28837204
vt 0.80061835 0.28118449
vt 0.83895826 0.27954417
vt 0.21015227 0.05300075
vt 0.85890174 0.27973872
vt 0.79833150 0.29383767
vt 0.80083573 0.30493045
vt 0.86894333 0.05179101
vt 0.80628109 0.31246018
vt 0.91613126 0.54701245
vt 0.86577725 0.05843604
vt 0.79749161 0.31485355
vt 0.83809847 0.27355540
vt 0.92103714 0.50587118
vt 0.79829317 0.27360845
vt 0.91912287 0.53350151
vt 0.79741442 0.30121183
vt 0.91799766 0.53953499
vt 0.79745579 0.30727720
vt 0.92146873 0.51929486
vt 0.79758483 0.28696591
vt 0.22734351 0.04913282
vt 0.85903287 0.26594120
vt 0.82745010 0.26433861
vt 0.79859769 0.26434469
vt 0.82748669 0.25959873
vt 0.80608368 0.25985324
vt 0.23768187 0.04763007
vt 0.85853189 0.25780582
vt 0.79910737 0.25826406
vt 0.80817330 0.25165772
vt 0.83638549 0.25137860
vt 0.79897225 0.24694484
vt 0.91815388 0.47939479
vt 0.83721030 0.24400926
vt 0.81526822 0.24386126
vt 0.80083483 0.23402458
vt 0.81414109 0.23094881
vt 0.83891255 0.23248982
vt 0.28173283 0.04509127
vt 0.85856980 0.22370660
vt 0.83788878 0.22048301
vt 0.81670165 0.22272193
vt 0.29025623 0.04516613
vt 0.85862231 0.21713686
vt 0.81745648 0.21569717
vt 0.80062699 0.21440506
vt 0.90793091 0.44531029
vt 0.79740745 0.21217656
vt 0.84063846 0.21107829
vt 0.29975963 0.04539096
vt 0.85898143 0.20982230
vt 0.80058342 0.21048367
vt 0.83930272 0.20554817
vt 0.80701691 0.20612437
vt 0.31096220 0.04635918
vt 0.85893899 0.20111215
vt 0.90100497 0.43443084
vt 0.79879498 0.20020872
vt 0.80505306 0.20007300
vt 0.82830036 0.19886971
vt 0.79881895 0.19266129
vt 0.83130562 0.19238865
vt 0.31978670 0.04763615
vt 0.85889113 0.19419146
vt 0.91245240 0.45621479
vt 0.79731196 0.22353959
vt 0.85000890 0.18472958
vt 0.80907845 0.18470109
vt 0.14599863 0.86848259
vt 0.15542431 0.86036766
vt 0.14438014 0.85637712
vt 0.13195324 0.86873472
vt 0.13261297 0.86089754
vt 0.16403344 0.86036527
vt 0.16240433 0.85245669
vt 0.17026125 0.85456163
vt 0.17283483 0.86081755
vt 0.16104230 0.86722130
vt 0.17072241 0.84808153
vt 0.17208160 0.84525138
vt 0.76068765 0.67866004
vt 0.15466051 0.87139827
vt 0.14046893 0.87450570
vt 0.15025172 0.87987942
vt 0.12948248 0.88053626
vt 0.12954438 0.87563008
vt 0.16608687 0.87828392
vt 0.17226975 0.87073374
vt 0.12321579 0.86277682
vt 0.17274444 0.85244805
vt 0.15181455 0.88364685
vt 0.17201050 0.87670821
vt 0.13870491 0.88682467
vt 0.13235497 0.88838196
vt 0.11875755 0.86854804
vt 0.12035811 0.85492784
vt 0.70937788 0.68933052
vt 0.12078601 0.87601787
vt 0.12187763 0.89046830
vt 0.17381738 0.85710263
vt 0.17076387 0.88552469
vt 0.17069417 0.88156420
vt 0.73023522 0.31530952
vt 0.11235577 0.86747372
vt 0.75713342 0.32036316
vt 0.11270179 0.88888633
vt 0.73864460 0.31580305
vt 0.11118402 0.87390018
vt 0.15450262 0.89496130
vt 0.16106828 0.88833171
vt 0.17230923 0.89049464
vt 0.16357063 0.89434463
vt 0.13476016 0.89492691
vt 0.90303153 0.00662482
vt 0.14640632 0.89519107
vt 0.91462070 0.00710976
vt 0.12436654 0.89640045
vt 0.25857523 0.59449095
vt 0.17405388 0.86696815
vt 0.17120610 0.89482534
vt 0.15419863 0.90338850
vt 0.92218316 0.01542354
vt 0.13135959 0.89998269
vt 0.89941639 0.01160222
vt 0.89180005 0.01722699
vt 0.12395160 0.90582240
vt 0.17252658 0.88174945
vt 0.17074941 0.89900035
vt 0.93412626 0.01704746
vt 0.16624114 0.90486932
vt 0.17086619 0.90222049
vt 0.17238818 0.90671962
vt 0.94023335 0.01891142
vt 0.21291491 0.59970605
vt 0.17274202 0.90240663
vt 0.21848378 0.59894246
vt 0.17282185 0.89810568
vt 0.72451013 0.31340575
vt 0.11112299 0.86274111
vt 0.28489357 0.59460050
vt 0.17283124 0.84691811
vt 0.26879790 0.59542638
vt 0.17435971 0.85910934
vt 0.25246778 0.59451950
vt 0.17299794 0.87162262
vt 0.20846215 0.60131621
vt 0.17427200 0.90598124
vt 0.17320706 0.90894723
vt 0.94019812 0.02121401
vt 0.55144554 0.36419928
vt 0.60355842 0.67538357
vt 0.56089884 0.89695656
vt 0.71689618 0.96064162
vt 0.32942212 0.99505621
vt 0.75958031 0.07845187
vt 0.47490877 0.75655299
vt 0.52999711 0.74439090
vt 0.75971198 0.42440450
vt 0.22754070 0.27807152
vt 0.25053394 0.27761495
vt 0.23122676 0.26883364
vt 0.24753010 0.28397167
vt 0.26910689 0.27011979
vt 0.55976278 0.25836819
vt 0.49711898 0.20118785
vt 0.20950706 0.26940572
vt 0.21082856 0.26350641
vt 0.64699781 0.33100748
vt 0.27022809 0.27827895
vt 0.22984731 0.28556192
vt 0.23118001 0.26114035
vt 0.21498889 0.25515848
vt 0.21099678 0.24983764
vt 0.22770932 0.24962753
vt 0.49232805 0.17609906
vt 0.20919548 0.24377185
vt 0.49490631 0.18330634
vt 0.20895183 0.25130856
vt 0.24348380 0.24459541
vt 0.48979378 0.16887224
vt 0.20920382 0.23623085
vt 0.23640384 0.23460323
vt 0.26485014 0.24968088
vt 0.68978959 0.32875282
vt 0.26980442 0.24479246
vt 0.23012370 0.25577688
vt 0.26008978 0.23437595
vt 0.25095212 0.22536141
vt 0.48584959 0.15939194
vt 0.20910971 0.22621167
vt 0.21738073 0.21732819
vt 0.24759969 0.21431679
vt 0.26632175 0.22292143
vt 0.47671509 0.14165723
vt 0.20916562 0.20699757
vt 0.55246353 0.26625544
vt 0.26897264 0.26072413
vt 0.21618606 0.20474911
vt 0.24779998 0.20549595
vt 0.26176623 0.20617491
vt 0.74845988 0.33566093
vt 0.26967344 0.19881314
vt 0.91833943 0.44525802
vt 0.23299588 0.19578147
vt 0.24825239 0.19903958
vt 0.47015575 0.13108218
vt 0.20900363 0.19518393
vt 0.22937255 0.19075924
vt 0.88729626 0.98470819
vt 0.26576719 0.19105768
vt 0.26016352 0.18507504
vt 0.76266277 0.33897436
vt 0.26888350 0.18736297
vt 0.26891688 0.18180346
vt 0.23581679 0.17890048
vt 0.26832458 0.17494398
vt 0.22818413 0.17350507
vt 0.26853052 0.16890156
vt 0.20928146 0.17740417
vt 0.86982656 0.98988843
vt 0.21464796 0.18218476
vt 0.45416078 0.11222339
vt 0.20872311 0.17247033
vt 0.21204798 0.16249251
vt 0.46223515 0.12042528
vt 0.20863827 0.18283701
vt 0.23633511 0.16841924
vt 0.26859379 0.16262436
vt 0.75650078 0.33697724
vt 0.26965559 0.19250023
vt 0.91833943 0.43828452
vt 0.26870090 0.20369744
vt 0.23129168 0.18615550
vt 0.88731754 0.98988843
vt 0.26884466 0.21152115
vt 0.44502199 0.10396975
vt 0.20870636 0.16154879
vt 0.20915432 0.15625715
vt 0.20898616 0.15204203
vt 0.21807288 0.15111893
vt 0.21152888 0.14473605
vt 0.22745854 0.14279217
vt 0.23250948 0.13283247
vt 0.20928112 0.13509732
vt 0.20887899 0.14181364
vt 0.42541173 0.08728045
vt 0.20713250 0.13905597
vt 0.41986638 0.08261764
vt 0.20654701 0.13274497
vt 0.25856629 0.14273691
vt 0.26869121 0.13409179
vt 0.81393498 0.35916877
vt 0.26930293 0.14334249
vt 0.25474739 0.12434506
vt 0.26924980 0.12402803
vt 0.25778425 0.11919951
vt 0.84132183 0.37348127
vt 0.27026328 0.11807120
vt 0.83137345 0.36769354
vt 0.27007070 0.12757146
vt 0.84827524 0.37827516
vt 0.26986706 0.11095613
vt 0.25359365 0.11111259
vt 0.23140414 0.11273301
vt 0.26105139 0.10600227
vt 0.20931225 0.12921131
vt 0.41458473 0.08177793
vt 0.25661126 0.15226775
vt 0.20869538 0.14752108
vt 0.26925543 0.10454154
vt 0.85178590 0.37999821
vt 0.27046165 0.10781682
vt 0.44121566 0.09908205
vt 0.20706457 0.15597141
vt 0.85774910 0.38444507
vt 0.27030155 0.10149026
vt 0.26682279 0.09738851
vt 0.86409247 0.39026636
vt 0.27002883 0.09396541
vt 0.26076671 0.09231728
vt 0.26544124 0.08539289
vt 0.87582272 0.40188718
vt 0.26958743 0.07938683
vt 0.25209668 0.09733850
vt 0.23727381 0.09016007
vt 0.22844183 0.09582114
vt 0.37332004 0.06094760
vt 0.20910099 0.09208333
vt 0.20953549 0.10249877
vt 0.37899378 0.06286633
vt 0.20894188 0.09687757
vt 0.23186094 0.10115385
vt 0.89187956 0.47513449
vt 0.23212591 0.08351701
vt 0.22015481 0.06892204
vt 0.24379426 0.06937718
vt 0.34407616 0.05256987
vt 0.20880131 0.06799185
vt 0.85840887 0.17478222
vt 0.21715276 0.06244183
vt 0.84987777 0.18018937
vt 0.25273889 0.08273107
vt 0.79726321 0.35099232
vt 0.26927528 0.15815365
vt 0.38701057 0.06515139
vt 0.20806420 0.10343540
vt 0.69677567 0.32904530
vt 0.27003008 0.23936754
vt 0.26880082 0.19465512
vt 0.91742700 0.44067520
vt 0.49760661 0.21903133
vt 0.20941512 0.28740311
vt 0.04242701 0.97036260
vt 0.26872820 0.28388554
vt 0.62817967 0.33404779
vt 0.27018550 0.29321897
vt 0.26441801 0.29274857
vt 0.26610065 0.29666996
vt 0.23107451 0.30009127
vt 0.26335120 0.30506760
vt 0.24425635 0.30598462
vt 0.26213726 0.31246972
vt 0.21922441 0.30686456
vt 0.21108191 0.30415630
vt 0.21091132 0.31255668
vt 0.21380638 0.29853630
vt 0.04635364 0.96472937
vt 0.21099031 0.29339778
vt 0.61145198 0.33808285
vt 0.27008703 0.30686390
vt 0.23770270 0.31257319
vt 0.49604905 0.23618400
vt 0.20887282 0.30467820
vt 0.61648381 0.33669329
vt 0.27011999 0.30269504
vt 0.25792843 0.32328045
vt 0.23963261 0.32073164
vt 0.79872274 0.17942137
vt 0.26821658 0.06241286
vt 0.26002568 0.10129923
vt 0.89917880 0.45432353
vt 0.23196217 0.29283667
vt 0.06614964 0.97036260
vt 0.25606737 0.16158307
vt 0.26894867 0.23171365
vt 0.20953175 0.10788029
vt 0.89608514 0.49337518
vt 0.71582836 0.33037972
vt 0.26971498 0.22454488
vt 0.45392334 0.29741979
vt 0.23388880 0.32558703
vt 0.22810474 0.32986009
vt 0.26408195 0.32951045
vt 0.26919878 0.33438659
vt 0.58898872 0.34620440
vt 0.06158759 0.35181308
vt 0.27021527 0.32614982
vt 0.24924776 0.34335327
vt 0.26884079 0.34751236
vt 0.22116120 0.33477086
vt 0.26949376 0.32346439
vt 0.80318916 0.17259413
vt 0.26388341 0.06930631
vt 0.18750000 0.41596931
vt 0.25947914 0.25199461
vt 0.87967151 0.40541947
vt 0.26975673 0.07482320
vt 0.88608283 0.41172081
vt 0.18293795 0.42023289
vt 0.26969504 0.06689715
vt 0.26129308 0.26060247
vt 0.55976278 0.26952577
vt 0.06250000 0.36096907
vt 0.27029216 0.31734586
vt 0.72157502 0.33112597
vt 0.45301095 0.30220604
vt 0.26994944 0.22003424
vt 0.23164421 0.12361312
vt 0.40297765 0.07440299
vt 0.20922986 0.11755949
vt 0.20961623 0.12620330
vt 0.43337876 0.09243739
vt 0.20647556 0.14703751
vt 0.22173525 0.34653425
vt 0.54333943 0.86019593
vt 0.45392334 0.30509067
vt 0.26902366 0.21739829
vt 0.48374450 0.27024072
vt 0.20935492 0.33955723
vt 0.48194695 0.27394152
vt 0.20935725 0.34345371
vt 0.47896326 0.28075087
vt 0.20879553 0.35052395
vt 0.48793235 0.26108015
vt 0.20945276 0.33020073
vt 0.39861727 0.07188731
vt 0.21079420 0.11341023
vt 0.23262878 0.10558349
vt 0.89917880 0.47568995
vt 0.18297090 0.41769505
vt 0.26834568 0.06912673
vt 0.88989770 0.41713464
vt 0.79755354 0.18099511
vt 0.18750000 0.42573225
vt 0.03020915 0.53019685
vt 0.03346287 0.52292466
vt 0.01118035 0.52484018
vt 0.01476228 0.53779370
vt 0.03289971 0.53600174
vt 0.04588217 0.53891879
vt 0.04821036 0.53604013
vt 0.02499402 0.54629862
vt 0.03622384 0.54641318
vt 0.01101013 0.54624790
vt 0.01691936 0.55800927
vt 0.00484223 0.55831110
vt 0.04890672 0.52579439
vt 0.03721818 0.55354315
vt 0.01548247 0.51733154
vt 0.03185816 0.51712298
vt 0.01714724 0.51242816
vt 0.04576685 0.51715863
vt 0.03189171 0.51266587
vt 0.04797031 0.53054875
vt 0.00461644 0.55033338
vt 0.00484667 0.53293437
vt 0.72904825 0.32619274
vt 0.00368076 0.52820855
vt 0.02304977 0.50530499
vt 0.00470202 0.51580507
vt 0.00515566 0.50401992
vt 0.05659761 0.53944486
vt 0.04669896 0.52154207
vt 0.03362899 0.50612336
vt 0.03317904 0.50093597
vt 0.00501162 0.50739676
vt 0.75907153 0.33222824
vt 0.00364713 0.50425184
vt 0.69940788 0.32357925
vt 0.00358857 0.55126649
vt 0.04382364 0.50598300
vt 0.04659253 0.50125998
vt 0.03495630 0.48911625
vt 0.02328690 0.49410427
vt 0.02399521 0.48874426
vt 0.04560701 0.48935014
vt 0.04674742 0.48321551
vt 0.05675381 0.48406124
vt 0.05800837 0.48733342
vt 0.04619591 0.47931433
vt 0.05711082 0.47866929
vt 0.04878049 0.47462904
vt 0.05870506 0.48236072
vt 0.05602723 0.47410333
vt 0.05386257 0.46985716
vt 0.05842381 0.46486437
vt 0.04828732 0.46611720
vt 0.04832949 0.46059233
vt 0.05857711 0.45625782
vt 0.05877298 0.47072458
vt 0.05820340 0.49013710
vt 0.48286361 0.73142898
vt 0.06001148 0.49002111
vt 0.46631572 0.71061671
vt 0.06016570 0.46558166
vt 0.04822010 0.45631349
vt 0.05411668 0.45223856
vt 0.04836747 0.45181382
vt 0.45763168 0.70107698
vt 0.06002663 0.45392346
vt 0.04950440 0.44698918
vt 0.05883105 0.44228733
vt 0.05896089 0.44635564
vt 0.05893598 0.43833137
vt 0.44910541 0.69083685
vt 0.06025431 0.44173717
vt 0.05774235 0.49331820
vt 0.45549455 0.69845557
vt 0.06002810 0.45083082
vt 0.05892818 0.47456336
vt 0.03307090 0.48124766
vt 0.03262104 0.45462489
vt 0.00461917 0.52340990
vt 0.04433182 0.51365924
vt 0.05872130 0.48478544
vt 0.05609382 0.50372064
vt 0.05870483 0.47996575
vt 0.05646418 0.50906765
vt 0.05888457 0.50751948
vt 0.05823040 0.50351185
vt 0.05783815 0.50017488
vt 0.04510737 0.46975541
vt 0.47217155 0.97105998
vt 0.01470444 0.50131226
vt 0.77979249 0.33702219
vt 0.00372670 0.48757255
vt 0.54698902 0.70676428
vt 0.46012971 0.70355254
vt 0.06009091 0.45705879
vt 0.90830290 0.40760112
vt 0.68836999 0.32311505
vt 0.00389961 0.55983865
vt 0.01636652 0.56334549
vt 0.01934866 0.56616348
vt 0.00504437 0.56636286
vt 0.03964695 0.56558263
vt 0.01790195 0.57209414
vt 0.68105936 0.32348144
vt 0.00358888 0.56551814
vt 0.48908350 0.74043477
vt 0.06065904 0.49974531
vt 0.50035185 0.45670444
vt 0.05915241 0.43485302
vt 0.45129323 0.69370294
vt 0.06028944 0.44507682
vt 0.67925280 0.32294691
vt 0.00392581 0.56700122
vt 0.05869679 0.46093571
vt 0.90647811 0.41198027
vt 0.05775017 0.51273662
vt 0.05847755 0.54702193
vt 0.05996650 0.54527825
vt 0.49687138 0.78532982
vt 0.05856648 0.53959376
vt 0.05867572 0.53491038
vt 0.05756508 0.53386974
vt 0.49752557 0.79108602
vt 0.05927935 0.55116791
vt 0.03569428 0.44653678
vt 0.00490371 0.51152289
vt 0.76345611 0.33301032
vt 0.00382664 0.50078237
vt 0.04282813 0.57160175
vt 0.02646075 0.57685512
vt 0.05628675 0.57319981
vt 0.05624302 0.57952678
vt 0.04207399 0.58753788
vt 0.05701882 0.58940005
vt 0.04576833 0.59487808
vt 0.04080003 0.60487902
vt 0.04888609 0.61264551
vt 0.02692313 0.60825449
vt 0.02189322 0.61315811
vt 0.03172487 0.62143040
vt 0.04660086 0.61795306
vt 0.05890604 0.61753058
vt 0.01054768 0.61793715
vt 0.01328265 0.62231523
vt 0.15424298 0.11541146
vt 0.48433602 0.85719484
vt 0.05993829 0.61902225
vt 0.02641261 0.59668154
vt 0.00479265 0.61082035
vt 0.05230806 0.56573153
vt 0.05893104 0.57560700
vt 0.00464396 0.51961857
vt 0.05653867 0.53528792
vt 0.00502130 0.57406551
vt 0.03147810 0.36645746
vt 0.67002612 0.32252443
vt 0.04579053 0.56218630
vt 0.04806319 0.55511361
vt 0.00964150 0.60376072
vt 0.00497246 0.59538817
vt 0.70687187 0.32406688
vt 0.00413670 0.54545021
vt 0.61378646 0.33170742
vt 0.00396498 0.61871356
vt 0.00467100 0.60674196
vt 0.62822831 0.32778490
vt 0.01720361 0.45226216
vt 0.05639849 0.55075365
vt 0.72198129 0.32545358
vt 0.00379570 0.53378034
vt 0.02387999 0.45693570
vt 0.01670144 0.46171278
vt 0.00676716 0.45237923
vt 0.00530284 0.46133947
vt 0.00493754 0.45692044
vt 0.00685025 0.44446301
vt 0.55319840 0.44735003
vt 0.00497462 0.43803453
vt 0.83564466 0.36438853
vt 0.00393861 0.43676186
vt 0.00669487 0.46355247
vt 0.00493019 0.46630526
vt 0.00494604 0.47099346
vt 0.00518979 0.47876847
vt 0.00474840 0.47576034
vt 0.00501914 0.48325062
vt 0.54367363 0.70290399
vt 0.00351914 0.48332787
vt 0.54514158 0.70258021
vt 0.78433949 0.33934093
vt 0.01555471 0.47024566
vt 0.45848539 0.98250294
vt 0.02585268 0.46616316
vt 0.49694330 0.81939119
vt 0.05996348 0.57961923
vt 0.49899414 0.80999780
vt 0.05989096 0.57001233
vt 0.05808520 0.56531382
vt 0.50069267 0.80334628
vt 0.05976772 0.56317568
vt 0.01679378 0.44364309
vt 0.54313850 0.44812906
vt 0.05683746 0.52551007
vt 0.05826601 0.52098751
vt 0.05884752 0.52588260
vt 0.49358067 0.76044887
vt 0.06035657 0.52008867
vt 0.05880445 0.51727903
vt 0.05659700 0.51773870
vt 0.05954275 0.47826493
vt 0.00465317 0.49023616
vt 0.77559924 0.33623731
vt 0.00343908 0.49087733
vt 0.00463841 0.49344802
vt 0.00338666 0.49453485
vt 0.77100736 0.33527046
vt 0.00471605 0.49719465
vt 0.79505199 0.34464228
vt 0.00377073 0.47354484
vt 0.05603145 0.49736440
vt 0.46042824 0.21754301
vt 0.05670533 0.56099731
vt 0.01903789 0.48325753
vt 0.53047186 0.70676428
vt 0.74898630 0.33031631
vt 0.00363654 0.51228559
vt 0.45427513 0.21652722
vt 0.05668352 0.55638039
vt 0.05723198 0.56574738
vt 0.46669707 0.21912861
vt 0.48423734 0.73496950
vt 0.06001023 0.49371320
vt 0.05908866 0.51365703
vt 0.24696529 0.76108003
vt 0.02474287 0.58382207
vt 0.05520073 0.36645746
vt 0.45353627 0.69607937
vt 0.06023838 0.44804955
vt 0.05731824 0.53034204
vt 0.85769421 0.14121342
vt 0.45873964 0.21931660
vt 0.05715047 0.55994338
vt 0.01160327 0.58418900
vt 0.04441509 0.36018133
vt 0.49376661 0.83010960
vt 0.05970298 0.59070742
vt 0.35903284 0.28765690
vt 0.05762020 0.60447359
vt 0.37742150 0.28556484
vt 0.05857174 0.61115277
vt 0.38640511 0.28616381
vt 0.52235401 0.70292884
vt 0.02485503 0.47775352
vt 0.47217155 0.98849374
vt 0.03241323 0.47426772
vt 0.47151202 0.98173612
vt 0.03230669 0.46371067
vt 0.45859572 0.97698617
vt 0.49204561 0.75628251
vt 0.24462837 0.75906557
vt 0.05968872 0.51575494
vt 0.05752136 0.51630867
vt 0.24315694 0.76115757
vt 0.16595131 0.48960471
vt 0.13356538 0.48819119
vt 0.13050084 0.50970507
vt 0.16554819 0.49695212
vt 0.96221036 0.57668734
vt 0.17565568 0.47065103
vt 0.19041176 0.49624705
vt 0.20683259 0.48598921
vt 0.21536008 0.52495241
vt 0.22500560 0.48846102
vt 0.17305659 0.52245486
vt 0.18711928 0.53097236
vt 0.18568404 0.51773304
vt 0.15276888 0.53151387
vt 0.15392080 0.55361044
vt 0.13626055 0.56996077
vt 0.16888960 0.56847179
vt 0.16032651 0.58084160
vt 0.14733541 0.57978719
vt 0.13204360 0.57844234
vt 0.11914407 0.57296705
vt 0.18352731 0.54639542
vt 0.19890803 0.55450952
vt 0.17839123 0.57846552
vt 0.21087405 0.56951946
vt 0.22700407 0.55429149
vt 0.14911950 0.46304011
vt 0.17122430 0.45133376
vt 0.14070886 0.44239074
vt 0.16325116 0.44045675
vt 0.19009952 0.44461495
vt 0.19878162 0.45752549
vt 0.20479742 0.45112550
vt 0.22740375 0.46911836
vt 0.12151383 0.45448303
vt 0.11844018 0.47682327
vt 0.09732772 0.46355736
vt 0.10426361 0.50777310
vt 0.12826580 0.51940644
vt 0.12129495 0.53792733
vt 0.10089877 0.55088562
vt 0.09384998 0.52370566
vt 0.07451028 0.51798803
vt 0.07832804 0.48557854
vt 0.07043250 0.50402933
vt 0.07130858 0.48760074
vt 0.07880328 0.47535384
vt 0.06738055 0.51251304
vt 0.06809034 0.51964957
vt 0.07217967 0.52993053
vt 0.07734830 0.54226345
vt 0.08834425 0.55551529
vt 0.10533031 0.56653178
vt 0.24830894 0.50733232
vt 0.24852416 0.51693529
vt 0.22950891 0.52566743
vt 0.24328068 0.53751689
vt 0.16851211 0.49778450
vt 0.32985523 0.67049903
vt 0.95892757 0.57666135
vt 0.19643407 0.57558107
vt 0.11533580 0.44554365
vt 0.10121356 0.45224178
vt 0.08082640 0.46871555
vt 0.17810155 0.51026654
vt 0.60082120 0.14839411
vt 0.33074817 0.65516037
vt 0.24441689 0.48267615
vt 0.23041862 0.55751705
vt 0.14498365 0.52032328
vt 0.29090828 0.08891213
vt 0.14209454 0.51604426
vt 0.28462365 0.08923858
vt 0.14285742 0.74524623
vt 0.14217207 0.50501716
vt 0.14293551 0.75665718
vt 0.15222208 0.52307671
vt 0.26414233 0.36576009
vt 0.29901153 0.08920634
vt 0.16208543 0.52403891
vt 0.27417883 0.36576009
vt 0.30916739 0.08918399
vt 0.14446117 0.50171161
vt 0.14288540 0.76046026
vt 0.98664677 0.57658702
vt 0.22284673 0.45862913
vt 0.23739015 0.47204757
vt 0.24933288 0.49304962
vt 0.14424661 0.43833888
vt 0.12827185 0.44128931
vt 0.17609681 0.58159202
vt 0.18849020 0.57961297
vt 0.25270593 0.50856405
vt 0.25190639 0.52139312
vt 0.24947201 0.53117585
vt 0.24443436 0.54263061
vt 0.21335697 0.45268261
vt 0.09472175 0.56126755
vt 0.06600949 0.50175631
vt 0.08854648 0.46086168
vt 0.22062811 0.56690294
vt 0.20490231 0.57462764
vt 0.16368830 0.43817830
vt 0.18538180 0.44152451
vt 0.20055583 0.44636750
vt 0.11222403 0.57170999
vt 0.10178860 0.56637937
vt 0.06858774 0.48905486
vt 0.07332902 0.47818458
vt 0.06734155 0.52337521
vt 0.07037538 0.53242183
vt 0.07651757 0.54344428
vt 0.15921544 0.58232486
vt 0.12258261 0.57587898
vt 0.23789471 0.55200773
vt 0.23075168 0.55923063
vt 0.14372568 0.58081573
vt 0.06545158 0.51330215
vt 0.22788970 0.46076065
vt 0.09078467 0.20492738
vt 0.24444892 0.47816133
vt 0.09159092 0.22674394
vt 0.09934430 0.45131481
vt 0.73105305 0.99965131
vt 0.19297889 0.44219553
vt 0.63122529 0.99961668
vt 0.20559144 0.44682479
vt 0.61707401 0.99965131
vt 0.24852031 0.48491812
vt 0.09182938 0.23423272
vt 0.09169385 0.21512878
vt 0.23689154 0.46811509
vt 0.10938223 0.44597882
vt 0.71874171 0.99937189
vt 0.17404172 0.43758368
vt 0.65125662 0.99922061
vt 0.25481308 0.51142871
vt 0.09172717 0.26150000
vt 0.25209367 0.49484372
vt 0.09170493 0.24461257
vt 0.11913481 0.44234371
vt 0.70781833 0.99944389
vt 0.07679436 0.47028005
vt 0.76505244 0.99926764
vt 0.13276979 0.43829447
vt 0.69308656 0.99910063
vt 0.09205061 0.21149290
vt 0.23443370 0.46501756
vt 0.08051092 0.55091614
vt 0.33976528 0.49898875
vt 0.08222498 0.46380675
vt 0.75495696 0.99901271
vt 0.33930197 0.50411177
vt 0.08403602 0.55523556
vt 0.17960647 0.58288646
vt 0.50184757 0.65446305
vt 0.22753029 0.56444693
vt 0.55657440 0.65395093
vt 0.06692179 0.52990764
vt 0.33928889 0.47535992
vt 0.12543747 0.57895041
vt 0.33923852 0.54406655
vt 0.19227222 0.58075672
vt 0.51482230 0.65402466
vt 0.19976814 0.57857347
vt 0.52291018 0.65403259
vt 0.15335146 0.58403069
vt 0.33910906 0.56606746
vt 0.24008106 0.55258501
vt 0.57665884 0.65383011
vt 0.06341241 0.51460344
vt 0.33937034 0.45978200
vt 0.18614894 0.58214772
vt 0.50843775 0.65406018
vt 0.12749763 0.22671902
vt 0.12629971 0.21984363
vt 0.10690086 0.22015035
vt 0.10952052 0.22718328
vt 0.09554057 0.22135037
vt 0.09595176 0.22718418
vt 0.13566758 0.22599804
vt 0.13590635 0.21879089
vt 0.13488695 0.21253985
vt 0.09539739 0.21263796
vt 0.13569558 0.23296827
vt 0.12724189 0.23364937
vt 0.10807591 0.23350269
vt 0.09528851 0.23334903
vt 0.13246901 0.23991489
vt 0.09563302 0.23907256
vt 0.10521099 0.24062645
vt 0.09278899 0.22920257
vt 0.10045777 0.24722910
vt 0.12877551 0.24723440
vt 0.13583006 0.24552339
vt 0.09362848 0.24677885
vt 0.13566722 0.25443059
vt 0.09610170 0.25423342
vt 0.10954710 0.25502145
vt 0.12789662 0.25492811
vt 0.13208576 0.26209438
vt 0.09628049 0.26039076
vt 0.10077589 0.26255798
vt 0.25101578 0.49013984
vt 0.09213107 0.23983175
vt 0.64745849 0.15779710
vt 0.13643342 0.26307082
vt 0.25412703 0.50157374
vt 0.09205813 0.25155973
vt 0.25501823 0.50647324
vt 0.09214164 0.25654072
vt 0.09320667 0.21921217
vt 0.13568427 0.27113283
vt 0.13012832 0.27047622
vt 0.10023881 0.27053845
vt 0.09566285 0.27129990
vt 0.09358624 0.26441520
vt 0.12322104 0.27728754
vt 0.09930474 0.27891648
vt 0.63837582 0.16181195
vt 0.13711381 0.27106452
vt 0.10420275 0.28107524
vt 0.25501823 0.51769763
vt 0.09221078 0.26781225
vt 0.25458917 0.52179801
vt 0.09228222 0.27194905
vt 0.25366116 0.52569944
vt 0.09221886 0.27592897
vt 0.09547044 0.20686471
vt 0.11249255 0.20513034
vt 0.13320662 0.20478910
vt 0.13621324 0.20687175
vt 0.13554944 0.20167673
vt 0.09301431 0.20555902
vt 0.09527625 0.19944406
vt 0.10998570 0.19868547
vt 0.13499101 0.19879335
vt 0.09520863 0.19191629
vt 0.60484511 0.99669933
vt 0.13523076 0.19048160
vt 0.60634732 0.96584332
vt 0.09262259 0.19505322
vt 0.60082120 0.99878126
vt 0.72504807 0.15574652
vt 0.13709947 0.20230263
vt 0.25110251 0.53272033
vt 0.09160487 0.28321230
vt 0.73139477 0.15809226
vt 0.13731752 0.19687784
vt 0.22010043 0.45425802
vt 0.09149576 0.19611019
vt 0.21316516 0.44999123
vt 0.09123883 0.18930435
vt 0.60842717 0.99935645
vt 0.31245831 0.49614298
vt 0.31130689 0.50339460
vt 0.33537161 0.50289804
vt 0.29615742 0.50321853
vt 0.33185893 0.49723166
vt 0.29621780 0.49490219
vt 0.33770201 0.49835491
vt 0.33593771 0.48937094
vt 0.31296927 0.48945248
vt 0.29625088 0.48945427
vt 0.33190885 0.50804555
vt 0.29582489 0.51074469
vt 0.31529483 0.50976968
vt 0.33784741 0.50819278
vt 0.33586797 0.51340067
vt 0.31149369 0.51633698
vt 0.29587635 0.51645702
vt 0.33593816 0.51862824
vt 0.29589656 0.52235574
vt 0.31269789 0.52301699
vt 0.33621275 0.52409703
vt 0.33856529 0.51889640
vt 0.33289731 0.52772278
vt 0.29752439 0.52742946
vt 0.29423925 0.49978530
vt 0.67495096 0.29622245
vt 0.29398242 0.50707394
vt 0.66570705 0.29454148
vt 0.29579183 0.53154123
vt 0.33691141 0.53210413
vt 0.33175442 0.53476310
vt 0.30584610 0.53750169
vt 0.33576828 0.53966242
vt 0.29732689 0.53801066
vt 0.63943225 0.28576553
vt 0.29438618 0.52907217
vt 0.11060552 0.57322168
vt 0.33923897 0.53133917
vt 0.10541777 0.57057923
vt 0.33928061 0.52657449
vt 0.63013589 0.28101462
vt 0.29484567 0.53759193
vt 0.31027994 0.54286087
vt 0.33581054 0.54452747
vt 0.29715541 0.54475874
vt 0.11561740 0.57532912
vt 0.33926347 0.53572047
vt 0.12024087 0.57719433
vt 0.33924714 0.53972316
vt 0.31082460 0.54681212
vt 0.33564126 0.55095774
vt 0.29508755 0.54848415
vt 0.29774460 0.55263263
vt 0.31087410 0.55129433
vt 0.13153146 0.58071887
vt 0.33906204 0.54903972
vt 0.30984303 0.55575365
vt 0.33398196 0.55603212
vt 0.61417985 0.26838392
vt 0.29494041 0.55510855
vt 0.29580897 0.55918264
vt 0.33785966 0.55620211
vt 0.31501105 0.56012613
vt 0.33597606 0.56302232
vt 0.29654330 0.56370175
vt 0.31462696 0.56492323
vt 0.33362889 0.56877744
vt 0.14835367 0.58350003
vt 0.33914229 0.56219107
vt 0.29592437 0.56806970
vt 0.30880994 0.56969076
vt 0.33799276 0.56838942
vt 0.33802134 0.57170135
vt 0.29612520 0.57340509
vt 0.33570865 0.57548112
vt 0.31028688 0.57472771
vt 0.60817713 0.26123834
vt 0.29450247 0.56360465
vt 0.14205427 0.58244187
vt 0.33943814 0.55726153
vt 0.30711728 0.57899177
vt 0.07273373 0.54195368
vt 0.33917412 0.48821253
vt 0.09706311 0.56518364
vt 0.33971670 0.51818168
vt 0.17103963 0.58398849
vt 0.33932218 0.57957947
vt 0.49315694 0.65440708
vt 0.33616969 0.58460569
vt 0.49965367 0.65172064
vt 0.49944499 0.65348876
vt 0.33846644 0.58440048
vt 0.31370154 0.58500564
vt 0.49997985 0.63446903
vt 0.16312523 0.58381963
vt 0.33987227 0.57353270
vt 0.59688103 0.24244797
vt 0.29462627 0.58432108
vt 0.49897376 0.61981291
vt 0.33787653 0.48519796
vt 0.68994361 0.29741979
vt 0.29433149 0.48825938
vt 0.29614109 0.48374885
vt 0.31289750 0.48277831
vt 0.33578375 0.48328602
vt 0.29633576 0.47618032
vt 0.33575475 0.47645056
vt 0.06892983 0.53452647
vt 0.33939752 0.48021853
vt 0.31831989 0.46873915
vt 0.33563221 0.46921492
vt 0.29601735 0.47261238
vt 0.29648390 0.46867085
vt 0.06558087 0.52593285
vt 0.33925095 0.47125232
vt 0.71361250 0.29543054
vt 0.29458612 0.47002888
vt 0.06414587 0.52014899
vt 0.33924961 0.46536553
vt 0.31564698 0.46150106
vt 0.33572733 0.46195191
vt 0.72217667 0.29400295
vt 0.29502073 0.46335125
vt 0.72801858 0.29262114
vt 0.29520363 0.45871460
vt 0.29820386 0.45410311
vt 0.32192570 0.45421374
vt 0.33586830 0.45436674
vt 0.73388451 0.29068780
vt 0.29514080 0.45385444
vt 0.33804262 0.45083714
vt 0.29618499 0.44830513
vt 0.33066508 0.44770205
vt 0.33586761 0.44478762
vt 0.06377027 0.50831914
vt 0.33987227 0.45350575
vt 0.29662216 0.44460303
vt 0.31946287 0.44274473
vt 0.06344578 0.50144935
vt 0.33921176 0.44662952
vt 0.06430487 0.49654424
vt 0.33931118 0.44166958
vt 0.33605924 0.44022661
vt 0.29776269 0.43746102
vt 0.33198449 0.43651271
vt 0.30977201 0.43622112
vt 0.75116324 0.28290689
vt 0.29496536 0.43853521
vt 0.06511955 0.49278808
vt 0.33937001 0.43784106
vt 0.33789009 0.43564618
vt 0.33599111 0.42986858
vt 0.78661871 0.99628496
vt 0.29738441 0.42952776
vt 0.78628927 0.96659452
vt 0.06730512 0.48605239
vt 0.33952895 0.43091154
vt 0.78790593 0.99911886
vt 0.73052967 0.97562128
vt 0.72181422 0.99622363
vt 0.72189432 0.96563178
vt 0.73101389 0.99637711
vt 0.73040998 0.96516567
vt 0.71309048 0.96549183
vt 0.71325755 0.99607658
vt 0.70444757 0.99411023
vt 0.70404863 0.96813267
vt 0.70261627 0.96550518
vt 0.70506406 0.99762040
vt 0.71514124 0.99819833
vt 0.69498569 0.99611008
vt 0.69630778 0.96537185
vt 0.78923970 0.21245348
vt 0.69317615 0.96487880
vt 0.72930872 0.99837673
vt 0.12656046 0.43973875
vt 0.69960582 0.99911147
vt 0.68593466 0.97959232
vt 0.78797978 0.20781684
vt 0.68702531 0.96504092
vt 0.68588597 0.99669343
vt 0.67630130 0.99632919
vt 0.67551655 0.97574121
vt 0.13782260 0.43743396
vt 0.68787152 0.99916208
vt 0.68022519 0.99860555
vt 0.78126627 0.19245917
vt 0.66603351 0.96583724
vt 0.66819531 0.99636650
vt 0.67021686 0.99817544
vt 0.66404378 0.99657726
vt 0.65358949 0.96707761
vt 0.65361488 0.97966075
vt 0.65318793 0.99652314
vt 0.16016549 0.43619251
vt 0.66533321 0.99922079
vt 0.16710089 0.43670475
vt 0.65833408 0.99919188
vt 0.64223778 0.97446340
vt 0.64101112 0.99650031
vt 0.64688516 0.99786156
vt 0.76623142 0.17654574
vt 0.64053833 0.96543437
vt 0.63737273 0.96731770
vt 0.15130632 0.43649852
vt 0.67426789 0.99948347
vt 0.63189834 0.97547168
vt 0.63225228 0.99655879
vt 0.18164819 0.43890774
vt 0.64338845 0.99922663
vt 0.18664260 0.43996513
vt 0.63818896 0.99922270
vt 0.62778682 0.96557742
vt 0.62428010 0.96763527
vt 0.62356526 0.98432255
vt 0.62491590 0.99687433
vt 0.19635311 0.44273841
vt 0.62781930 0.99916500
vt 0.14334664 0.43698359
vt 0.68230045 0.99948412
vt 0.61853296 0.96591079
vt 0.61870009 0.99642742
vt 0.61339837 0.97378051
vt 0.62101960 0.99889547
vt 0.20258641 0.44477046
vt 0.61608553 0.99798167
vt 0.61097687 0.99666768
vt 0.11366102 0.19174361
vt 0.60486269 0.98247653
vt 0.78780508 0.24038643
vt 0.72992390 0.96415746
vt 0.73907238 0.97491235
vt 0.73939294 0.96531075
vt 0.74006242 0.99627906
vt 0.09094037 0.45641565
vt 0.74186581 0.99915975
vt 0.74871534 0.96554297
vt 0.74855161 0.99609935
vt 0.74843520 0.97768950
vt 0.78408343 0.25034833
vt 0.74350834 0.96432042
vt 0.74648243 0.99819678
vt 0.75711203 0.99599171
vt 0.75765210 0.97758299
vt 0.75684524 0.96549380
vt 0.77976352 0.25755030
vt 0.75388747 0.96430969
vt 0.77592784 0.26366311
vt 0.76272047 0.96493739
vt 0.76641041 0.99611783
vt 0.76679671 0.96542174
vt 0.76680988 0.99831879
vt 0.77537024 0.99637663
vt 0.07255370 0.47562873
vt 0.77327645 0.99903470
vt 0.77551830 0.98176420
vt 0.77577966 0.96575528
vt 0.77324980 0.26557642
vt 0.76629704 0.96428412
vt 0.78138959 0.99646628
vt 0.07009616 0.47987628
vt 0.77934468 0.99903715
vt 0.78300411 0.99809265
vt 0.33840507 0.42712688
vt 0.76260567 0.27580005
vt 0.78337175 0.96489578
vt 0.75728267 0.27958453
vt 0.29519340 0.43282819
vt 0.79060221 0.96488708
vt 0.54583049 0.62581837
vt 0.54582745 0.63558537
vt 0.53677332 0.65140903
vt 0.54578722 0.65151972
vt 0.53641278 0.62329668
vt 0.59525514 0.20669901
vt 0.54630142 0.61977756
vt 0.52767569 0.62802219
vt 0.52809948 0.65149283
vt 0.52770501 0.62068927
vt 0.59352189 0.21634865
vt 0.53355366 0.61963612
vt 0.53062189 0.65308315
vt 0.51916701 0.65121871
vt 0.51900119 0.63012898
vt 0.51886374 0.62111795
vt 0.55508000 0.65141255
vt 0.55461454 0.62692857
vt 0.55571991 0.61990964
vt 0.21937877 0.56994623
vt 0.54566383 0.65395170
vt 0.56350034 0.62054998
vt 0.56342679 0.62663239
vt 0.56354141 0.64854217
vt 0.56209439 0.65276945
vt 0.21110857 0.57392508
vt 0.53583699 0.65420783
vt 0.57252914 0.65081799
vt 0.57173693 0.62317562
vt 0.57174510 0.63404566
vt 0.60292584 0.19099295
vt 0.56827956 0.61951900
vt 0.57010138 0.65322000
vt 0.60671341 0.18593061
vt 0.57592952 0.61951983
vt 0.60958415 0.18218428
vt 0.58160174 0.61966676
vt 0.58107072 0.62684959
vt 0.58086848 0.65079683
vt 0.59065861 0.62242460
vt 0.59053838 0.63576025
vt 0.59090209 0.64882004
vt 0.59152299 0.65183920
vt 0.24376896 0.54788244
vt 0.58389258 0.65376925
vt 0.12633514 0.28693885
vt 0.60038739 0.62767696
vt 0.59939611 0.62042135
vt 0.09633091 0.28642774
vt 0.60116243 0.65073442
vt 0.24740459 0.54200506
vt 0.59244198 0.65391016
vt 0.23269348 0.55949330
vt 0.56493503 0.65440708
vt 0.13520056 0.28043514
vt 0.60886723 0.62080705
vt 0.24990533 0.53706139
vt 0.09183273 0.28765690
vt 0.59940451 0.65381658
vt 0.09383739 0.27970821
vt 0.60994524 0.65279675
vt 0.61945641 0.17409885
vt 0.59611183 0.61894435
vt 0.59361875 0.22483081
vt 0.52240914 0.61934030
vt 0.50973141 0.62802893
vt 0.50942940 0.65124398
vt 0.29587153 0.58542538
vt 0.50039482 0.62079519
vt 0.59941548 0.19851762
vt 0.55780810 0.61909038
vt 0.30034027 0.10163230
vt 0.30064604 0.10652113
vt 0.29730743 0.10466409
vt 0.30407989 0.10666764
vt 0.30432370 0.10045844
vt 0.30728456 0.10496634
vt 0.30740577 0.10138381
vt 0.29595146 0.09995991
vt 0.29335684 0.08943766
vt 0.31114721 0.10525936
vt 0.57966602 0.16701531
vt 0.31245083 0.10250932
vt 0.58339345 0.16634077
vt 0.30780566 0.10807431
vt 0.29486403 0.10769057
vt 0.29312789 0.10462838
vt 0.29119340 0.09851480
vt 0.28886944 0.08966738
vt 0.28946108 0.10485905
vt 0.28984576 0.10754180
vt 0.09305299 0.38058305
vt 0.30257097 0.11002821
vt 0.28756097 0.09793645
vt 0.28607762 0.10429752
vt 0.16283113 0.74442118
vt 0.08291230 0.37967587
vt 0.29215795 0.11013710
vt 0.28491360 0.10839486
vt 0.16771111 0.74620587
vt 0.28239051 0.10082263
vt 0.15800530 0.74687612
vt 0.09895582 0.38371456
vt 0.30949408 0.11053002
vt 0.31804517 0.65906399
vt 0.32982826 0.66106761
vt 0.31001198 0.66056067
vt 0.31518325 0.66149491
vt 0.30755123 0.65704560
vt 0.57770401 0.14646351
vt 0.32955837 0.66374278
vt 0.31635228 0.66402680
vt 0.31019488 0.66356075
vt 0.30555549 0.65986043
vt 0.17369962 0.50068724
vt 0.33009118 0.66556627
vt 0.17691024 0.50391537
vt 0.33062813 0.66156012
vt 0.30570516 0.66453314
vt 0.31406513 0.66624695
vt 0.30926237 0.66766012
vt 0.32937104 0.66778851
vt 0.31844300 0.66938293
vt 0.95757300 0.58536983
vt 0.30305251 0.66350400
vt 0.09246403 0.40550905
vt 0.30815133 0.67006367
vt 0.95971411 0.59315240
vt 0.08768655 0.40550905
vt 0.30175346 0.66686261
vt 0.08259227 0.40523875
vt 0.30063868 0.67049903
vt 0.96299767 0.59797770
vt 0.07766876 0.39212245
vt 0.08414344 0.39219272
vt 0.08126225 0.39824784
vt 0.09134945 0.39810121
vt 0.09326435 0.38968492
vt 0.09512890 0.39535916
vt 0.08712485 0.38503891
vt 0.08156750 0.38613772
vt 0.08774780 0.40061200
vt 0.09689845 0.38963449
vt 0.09183672 0.38384813
vt 0.07561909 0.38768595
vt 0.07544207 0.39827561
vt 0.08416642 0.40236986
vt 0.07290114 0.39307821
vt 0.08522886 0.38230264
vt 0.07942369 0.38368762
vt 0.08050305 0.40154868
vt 0.09129445 0.40273297
vt 0.09676240 0.39950764
vt 0.10034922 0.39397478
vt 0.09607776 0.38483870
vt 0.09958700 0.38862920
vt 0.09667351 0.40271759
vt 0.30205220 0.65949833
vt 0.07362533 0.40164733
vt 0.97322494 0.59712476
vt 0.08956454 0.37900972
vt 0.29869938 0.10930967
vt 0.10292763 0.38849342
vt 0.57344890 0.16096407
vt 0.10052085 0.40075958
vt 0.30274710 0.65614885
vt 0.57349151 0.14839637
vt 0.98076534 0.58600861
vt 0.98356628 0.58592373
vt 0.98343343 0.59059501
vt 0.97988635 0.59230769
vt 0.98346502 0.57719624
vt 0.97891617 0.57702661
vt 0.97680050 0.58736283
vt 0.97471374 0.59244150
vt 0.97443283 0.58770090
vt 0.97182763 0.57705861
vt 0.97035784 0.58922756
vt 0.97509634 0.59505397
vt 0.98002648 0.59522283
vt 0.98333263 0.59393579
vt 0.96996081 0.59411561
vt 0.96683675 0.57717758
vt 0.96658212 0.58505774
vt 0.96526343 0.59058475
vt 0.96402168 0.59481865
vt 0.96263957 0.58569074
vt 0.15757243 0.49587905
vt 0.97053373 0.57643175
vt 0.14873326 0.49796176
vt 0.97995549 0.57635981
vt 0.31218392 0.67050207
vt 0.95960885 0.59003729
vt 0.07761423 0.40413636
vt 0.96805245 0.59716439
vt 0.30476955 0.66826922
vt 0.95839876 0.59619159
vt 0.07102367 0.39781988
vt 0.97890502 0.59764582
vt 0.16439044 0.75866991
vt 0.98843765 0.59308642
vt 0.16778372 0.75919026
vt 0.98690003 0.59554267
vt 0.77984107 0.19381499
vt 0.78440601 0.19933188
vt 0.67543280 0.96511257
vt 0.77838892 0.18997002
vt 0.66184318 0.96508688
vt 0.77362275 0.18550134
vt 0.77246588 0.18268472
vt 0.65065020 0.96525466
vt 0.76755428 0.17891991
vt 0.76385719 0.17717075
vt 0.76950562 0.18293667
vt 0.78078157 0.19695461
vt 0.78639817 0.20380086
vt 0.68157816 0.96502167
vt 0.78440845 0.20491916
vt 0.78710902 0.21253741
vt 0.78968978 0.21928185
vt 0.70208460 0.96428686
vt 0.78864741 0.22287494
vt 0.78968978 0.23056746
vt 0.71688151 0.96408647
vt 0.75751150 0.17158723
vt 0.62978572 0.96431375
vt 0.70712024 0.23885810
vt 0.70884603 0.19665807
vt 0.68829900 0.21655500
vt 0.66301733 0.24670875
vt 0.67401540 0.26661277
vt 0.73239857 0.25460708
vt 0.75771439 0.23456752
vt 0.76318580 0.26811683
vt 0.77905542 0.24990714
vt 0.78339928 0.22067928
vt 0.76067686 0.18210745
vt 0.77205676 0.19135284
vt 0.78730911 0.23071051
vt 0.72284681 0.27209377
vt 0.74180537 0.28414053
vt 0.73007333 0.28593230
vt 0.68634766 0.28313494
vt 0.70103329 0.29261065
vt 0.66401684 0.29246366
vt 0.64744139 0.28266078
vt 0.64200234 0.24280310
vt 0.62282848 0.26915085
vt 0.61042929 0.25331873
vt 0.60247439 0.23672700
vt 0.66006035 0.21823776
vt 0.62480807 0.22284263
vt 0.60393512 0.19986629
vt 0.66355103 0.20046926
vt 0.66085178 0.17760348
vt 0.63409740 0.20067495
vt 0.68647581 0.15748727
vt 0.73645723 0.16960275
vt 0.71941042 0.15588927
vt 0.69189411 0.17341131
vt 0.74636155 0.20014328
vt 0.66012532 0.16013730
vt 0.64316738 0.16480607
vt 0.63360375 0.17316747
vt 0.61435676 0.18583387
vt 0.59559882 0.22795939
vt 0.73558563 0.16064012
vt 0.75215477 0.16930783
vt 0.74382401 0.16453266
vt 0.68626338 0.29604745
vt 0.63176841 0.28010368
vt 0.62623644 0.27615488
vt 0.65386343 0.29032725
vt 0.64515430 0.28706551
vt 0.63890487 0.28410089
vt 0.59574759 0.21593416
vt 0.59915394 0.24343920
vt 0.72218871 0.29239166
vt 0.69975752 0.29601800
vt 0.71117175 0.29458064
vt 0.75766003 0.27677840
vt 0.61034018 0.26120710
vt 0.60385686 0.25296521
vt 0.61953562 0.27148581
vt 0.29333940 0.55010211
vt 0.69952834 0.15251857
vt 0.69322753 0.15228027
vt 0.67958707 0.15285909
vt 0.66410232 0.15496737
vt 0.65256149 0.15812182
vt 0.77864158 0.25685596
vt 0.77078700 0.26654053
vt 0.76505083 0.27195609
vt 0.61567473 0.17854178
vt 0.62580997 0.17047632
vt 0.64081067 0.16204107
vt 0.60745031 0.18770957
vt 0.61126059 0.18325627
vt 0.60235524 0.19511622
vt 0.78466499 0.24578285
vt 0.59614074 0.23527807
vt 0.73420048 0.28896308
vt 0.75585616 0.27881467
vt 0.59564769 0.20990890
vt 0.54222071 0.61889821
vt 0.63119829 0.16677463
vt 0.71346176 0.15300900
vt 0.13715045 0.21159768
vt 0.67349434 0.15352893
vt 0.65176630 0.29089147
vt 0.29421544 0.51834041
vt 0.70455325 0.15186709
vt 0.13723782 0.21854186
vt 0.68444133 0.15127230
vt 0.13720675 0.23399746
vt 0.74019158 0.28787005
vt 0.29465514 0.44828808
vt 0.59355372 0.22982824
vt 0.51585412 0.61978042
vt 0.65470845 0.15616739
vt 0.13720688 0.25732255
vt 0.69319916 0.15097630
vt 0.13706662 0.22728336
vt 0.74122739 0.16158378
vt 0.13664456 0.18863320
vt 0.60882580 0.96482927
vt 0.75151843 0.16710573
vt 0.62139428 0.96479160
vt 0.67433822 0.15215170
vt 0.13699919 0.24177074
vt 0.62356704 0.17025793
vt 0.13723782 0.28516352
vt 0.60259956 0.61938202
vt 0.70232517 0.29696858
vt 0.29454792 0.47878957
vt 0.62382185 0.27654588
vt 0.29474196 0.54415661
vt 0.76828879 0.27095270
vt 0.77488124 0.96463811
vt 0.61497569 0.17687219
vt 0.59040201 0.61959088
vt 0.60260254 0.25357133
vt 0.29457894 0.57236600
vt 0.63001162 0.16599500
vt 0.13687582 0.27868116
vt 0.59423363 0.23552823
vt 0.50838351 0.62012213
vt 0.66433930 0.15339088
vt 0.13662364 0.24948645
vt 0.59864491 0.24850714
vt 0.29571831 0.57819510
vt 0.26887089 0.36506277
vt 0.30379084 0.08931202
vt 0.17200397 0.52043688
vt 0.60055280 0.15993750
vt 0.60003823 0.16225159
vt 0.16697204 0.52303624
vt 0.60082120 0.16472971
vt 0.31432483 0.08916396
vt 0.58445579 0.16014767
vt 0.58693099 0.16264147
vt 0.57982332 0.16286016
vt 0.57851678 0.15969133
vt 0.10311779 0.38351429
vt 0.31229329 0.10831106
vt 0.57607460 0.16542053
vt 0.57628590 0.16181111
vt 0.58331424 0.15628529
vt 0.60036248 0.15768033
vt 0.57712734 0.15675819
vt 0.59731591 0.15435374
vt 0.17646369 0.51541644
vt 0.60068047 0.15375859
vt 0.58196574 0.15369064
vt 0.57609856 0.15349370
vt 0.59980094 0.15051228
vt 0.58752728 0.15023232
vt 0.57981151 0.15060949
vt 0.10355839 0.39477283
vt 0.57376528 0.15477747
vt 0.31274691 0.65696752
vt 0.58288008 0.14609486
vt 0.31802532 0.65616274
vt 0.58812952 0.14688772
vt 0.33006507 0.65703666
vt 0.59998387 0.14655495
vt 0.14065243 0.50974190
vt 0.14279197 0.75172812
vt 0.14310510 0.74898094
vt 0.15902899 0.74992472
vt 0.16552535 0.74913895
vt 0.14378263 0.75285679
vt 0.15955475 0.75277203
vt 0.16473897 0.75379252
vt 0.15426476 0.75582737
vt 0.16064018 0.75536299
vt 0.15730150 0.75908649
vt 0.98859489 0.58762008
vt 0.16803192 0.75516456
vt 0.07258955 0.38294810
vt 0.16890541 0.74957573
vt 0.07301252 0.38514566
vt 0.17082778 0.75113320
vt 0.07027900 0.38973302
vt 0.17094962 0.75600970
vt 0.07880391 0.38078952
vt 0.28796208 0.11053002
vt 0.17140357 0.74487263
vt 0.06979927 0.39441144
vt 0.17198905 0.76046026
vt 0.98353809 0.59797770
f 3309/4299 3287/4268 5411/7091
f 3309/4299 5411/7091 6056/7925
f 3309/4299 4942/6427 3288/4270
f 3287/4268 3310/4300 5411/7091
f 5411/7091 3310/4300 3312/4303
f 3311/4301 3310/4300 3287/4268
f 3309/4299 6056/7925 4942/6427
f 2930/3820 2896/3781 2928/3817
f 2896/3781 2929/3819 2928/3817
f 5383/7033 5347/6962 4054/5270
f 5422/7114 4054/5270 4113/5344
f 4054/5270 5347/6962 4177/5428
f 5383/7033 4054/5270 5422/7114
f 5347/6962 5413/7095 4177/5428
f 2968/3865 2967/3864 2969/3866
f 2970/3868 6206/8141 2969/3866
f 2967/3864 2970/3868 2969/3866
f 3956/5164 3954/5162 3951/5159
f 4134/5376 5427/7123 4204/5480
f 3956/5164 3951/5159 4202/5477
f 5427/7123 3951/5159 4203/5479
f 5427/7123 4203/5479 4204/5480
f 4202/5477 3951/5159 5427/7123
f 3036/3950 3065/3989 3064/3987
f 3022/3933 5361/6990 3020/3929
f 3022/3933 3023/3934 5361/6990
f 3949/5157 3948/5155 5372/7011
f 5372/7011 3941/5146 3942/5147
f 3941/5146 3944/5150 3943/5149
f 3943/5149 3942/5147 3941/5146
f 3942/5147 3943/5149 3945/5152
f 3948/5155 3941/5146 5372/7011
f 5346/6960 3002/3904 3003/3905
f 5394/7054 3153/4108 3154/4109
f 3154/4109 3153/4108 3145/4096
f 3135/4084 3153/4108 3166/4129
f 3145/4096 3153/4108 3135/4084
f 5395/7058 4799/6265 4807/6276
f 5709/7488 5706/7483 5806/7596
f 5376/7019 5806/7596 5854/7660
f 5708/7486 5807/7597 5806/7596
f 5806/7596 5804/7594 5854/7660
f 5708/7486 5706/7483 5705/7482
f 5707/7485 6207/8146 5705/7482
f 5806/7596 5376/7019 5709/7488
f 5806/7596 5807/7597 5733/7512
f 5733/7512 5804/7594 5806/7596
f 5707/7485 5706/7483 5709/7488
f 5705/7482 5706/7483 5707/7485
f 5708/7486 5806/7596 5706/7483
f 5727/7506 5330/6925 5816/7609
f 5872/7681 5816/7608 5402/7071
f 5783/7569 5330/6925 5727/7506
f 5816/7609 5872/7682 5871/7680
f 5815/7607 5816/7609 5779/7565
f 5816/7608 5330/6926 5402/7071
f 5816/7609 5815/7607 5727/7506
f 5779/7565 5816/7609 5871/7680
f 5324/6913 5330/6925 5783/7569
f 1949/2594 4315/5630 2014/2682
f 1952/2598 1955/2602 1953/2599
f 1953/2599 1954/2600 1949/2594
f 1950/2596 1957/2607 1951/2597
f 1957/2607 1956/2604 1951/2597
f 1951/2597 1955/2602 1952/2598
f 1949/2594 1954/2600 4315/5630
f 4318/5637 4314/5628 1950/2595
f 1951/2597 1956/2604 1955/2602
f 1955/2602 4288/5587 1953/2599
f 1953/2599 4288/5587 1954/2600
f 4314/5628 4287/5586 1950/2595
f 1950/2595 4287/5586 1957/2606
f 4318/5636 1537/2037 4314/5627
f 4284/5583 4283/5582 1955/2603
f 1955/2603 4283/5582 4288/5588
f 4288/5588 4283/5582 4286/5585
f 4288/5588 4286/5585 1954/2601
f 1957/2606 4287/5586 4285/5584
f 1957/2606 4285/5584 1956/2605
f 4285/5584 4284/5583 1956/2605
f 1956/2605 4284/5583 1955/2603
f 4286/5585 4279/5577 1954/2601
f 1954/2601 4279/5577 4315/5631
f 4279/5577 4317/5635 4315/5631
f 4314/5628 1598/2105 4287/5586
f 4314/5627 1537/2037 1598/2104
f 4277/5575 4283/5582 4284/5583
f 4283/5582 4279/5577 4286/5585
f 1598/2105 4281/5579 4287/5586
f 4287/5586 4280/5578 4285/5584
f 4285/5584 4280/5578 4284/5583
f 4284/5583 4280/5578 4277/5575
f 4283/5582 4278/5576 4279/5577
f 4281/5579 4280/5578 4287/5586
f 4277/5575 4278/5576 4283/5582
f 1598/2104 1537/2037 1538/2038
f 4275/5573 4276/5574 4280/5578
f 4281/5579 4275/5573 4280/5578
f 4280/5578 4276/5574 4277/5575
f 4277/5575 4271/5569 4278/5576
f 4278/5576 4271/5569 4279/5577
f 4277/5575 4276/5574 4271/5569
f 4274/5572 4316/5633 4317/5635
f 4279/5577 4274/5572 4317/5635
f 4317/5634 4316/5632 70/91
f 4271/5569 4274/5572 4279/5577
f 1598/2105 4275/5573 4281/5579
f 4275/5573 4273/5571 4276/5574
f 4276/5574 4272/5570 4271/5569
f 1598/2105 4289/5590 4275/5573
f 1598/2104 1538/2038 4289/5589
f 4273/5571 4272/5570 4276/5574
f 4272/5570 4247/5541 4271/5569
f 4247/5541 4246/5540 4271/5569
f 4271/5569 4246/5540 4274/5572
f 4246/5540 4248/5542 4274/5572
f 4275/5573 4249/5543 4273/5571
f 4273/5571 4249/5543 4250/5544
f 4273/5571 4250/5544 4272/5570
f 4272/5570 4250/5544 4247/5541
f 4248/5542 64/83 4316/5633
f 4274/5572 4248/5542 4316/5633
f 4289/5589 1538/2038 1215/1701
f 4289/5590 4224/5517 4275/5573
f 4289/5590 1215/1702 4224/5517
f 4275/5573 4224/5517 4249/5543
f 4224/5517 4238/5531 4249/5543
f 4249/5543 4238/5531 4250/5544
f 4250/5544 4238/5531 4247/5541
f 4238/5531 4246/5540 4247/5541
f 4246/5540 4240/5533 4248/5542
f 4238/5531 4239/5532 4246/5540
f 4246/5540 4239/5532 4240/5533
f 4240/5533 64/83 4248/5542
f 1947/2592 1946/2591 1944/2588
f 1944/2588 1946/2591 1940/2584
f 1946/2591 1949/2594 1941/2585
f 1940/2584 1946/2591 1941/2585
f 1941/2585 1949/2594 1945/2590
f 4319/5640 1950/2596 1943/2587
f 1950/2596 1948/2593 1943/2587
f 1943/2587 1948/2593 1944/2588
f 1944/2588 1948/2593 1947/2592
f 1949/2594 2014/2682 1945/2590
f 1951/2597 1946/2591 1947/2592
f 1532/2031 1356/1855 4319/5638
f 1950/2596 1951/2597 1947/2592
f 1948/2593 1950/2596 1947/2592
f 1951/2597 1952/2598 1946/2591
f 1952/2598 1953/2599 1946/2591
f 1946/2591 1953/2599 1949/2594
f 4319/5639 4318/5637 1950/2595
f 4319/5638 1356/1855 4318/5636
f 4318/5636 1356/1855 1537/2037
f 1356/1855 1355/1854 1537/2037
f 1537/2037 1355/1854 1538/2038
f 1538/2038 1355/1854 1215/1701
f 1215/1702 4220/5512 4224/5517
f 1215/1701 1355/1854 1214/1700
f 1215/1701 1214/1700 4220/5511
f 4238/5531 4236/5529 4237/5530
f 4238/5531 4237/5530 4239/5532
f 4224/5517 4220/5512 4223/5516
f 4223/5516 4236/5529 4238/5531
f 4224/5517 4223/5516 4238/5531
f 4237/5530 4235/5528 4240/5533
f 4239/5532 4237/5530 4240/5533
f 4240/5533 4241/5535 64/83
f 4240/5533 4235/5528 4241/5535
f 4223/5516 4229/5522 4236/5529
f 4241/5534 63/81 64/82
f 4229/5522 4230/5523 4236/5529
f 4236/5529 4230/5523 4237/5530
f 4237/5530 4230/5523 4235/5528
f 1943/2587 1944/2588 1942/2586
f 1942/2586 1944/2588 1939/2583
f 1939/2583 1941/2585 1936/2579
f 1643/2166 1943/2587 1937/2580
f 1939/2583 1940/2584 1941/2585
f 1941/2585 1945/2590 1938/2582
f 1936/2579 1941/2585 1938/2582
f 1459/1958 1532/2031 1643/2165
f 1944/2588 1940/2584 1939/2583
f 1643/2166 4319/5640 1943/2587
f 1643/2165 1532/2031 4319/5638
f 1532/2031 1352/1851 1356/1855
f 1356/1855 1353/1852 1355/1854
f 1354/1853 1214/1700 1355/1854
f 63/81 65/84 69/90
f 4220/5511 1214/1700 1213/1698
f 4220/5512 4219/5510 4223/5516
f 4223/5516 4219/5510 4229/5522
f 4229/5522 4227/5520 4230/5523
f 4230/5523 4227/5520 4235/5528
f 4235/5528 4234/5527 4241/5535
f 4227/5520 4234/5527 4235/5528
f 1213/1699 4219/5510 4220/5512
f 4219/5510 4226/5519 4229/5522
f 4229/5522 4226/5519 4227/5520
f 4241/5534 4251/5545 63/81
f 4234/5527 4251/5546 4241/5535
f 1934/2577 1942/2586 1933/2576
f 1942/2586 1935/2578 1933/2576
f 1935/2578 1939/2583 1936/2579
f 1888/2524 1936/2579 1938/2582
f 1888/2524 1938/2582 1932/2575
f 1932/2575 1938/2582 2013/2680
f 2012/2678 1643/2166 1937/2580
f 1937/2580 1943/2587 1934/2577
f 1934/2577 1943/2587 1942/2586
f 1935/2578 1942/2586 1939/2583
f 2012/2677 1459/1958 1643/2165
f 1459/1958 1352/1851 1532/2031
f 1356/1855 1352/1851 1353/1852
f 1355/1854 1353/1852 1354/1853
f 1214/1700 1354/1853 1212/1697
f 1214/1700 1212/1697 1213/1698
f 1213/1698 1212/1697 1209/1694
f 1213/1699 4218/5509 4219/5510
f 1213/1698 1209/1694 4218/5508
f 4219/5510 4221/5513 4225/5518
f 4219/5510 4225/5518 4226/5519
f 4226/5519 4225/5518 4227/5520
f 4227/5520 4228/5521 4234/5527
f 4228/5521 66/86 4251/5546
f 4234/5527 4228/5521 4251/5546
f 4218/5509 4221/5513 4219/5510
f 4227/5520 4225/5518 4228/5521
f 1898/2536 1888/2524 1932/2575
f 1898/2536 1932/2575 1931/2574
f 1885/2521 1933/2576 1888/2524
f 1932/2575 2013/2680 1931/2574
f 1605/2114 2012/2678 1937/2580
f 1605/2114 1937/2580 1904/2543
f 1937/2580 1934/2577 1904/2543
f 1934/2577 1933/2576 1904/2543
f 1885/2521 1904/2543 1933/2576
f 1933/2576 1935/2578 1888/2524
f 1605/2113 1460/1959 2012/2677
f 1935/2578 1936/2579 1888/2524
f 2012/2677 1460/1959 1459/1958
f 1459/1958 1350/1849 1352/1851
f 4218/5508 1209/1694 1199/1682
f 4221/5513 4232/5525 4225/5518
f 4225/5518 4232/5525 4228/5521
f 1199/1683 4222/5515 4218/5509
f 4218/5509 4222/5515 4221/5513
f 4232/5525 4233/5526 4228/5521
f 4228/5521 4233/5526 66/86
f 4221/5513 4222/5515 4231/5524
f 4221/5513 4231/5524 4232/5525
f 4232/5525 4231/5524 4233/5526
f 4233/5526 4252/5548 66/86
f 1892/2529 1904/2543 1887/2523
f 1898/2536 1931/2574 554/749
f 1887/2523 1885/2521 1884/2520
f 1886/2522 1888/2524 1898/2536
f 1887/2523 1904/2543 1885/2521
f 1884/2520 1885/2521 1886/2522
f 1885/2521 1888/2524 1886/2522
f 1646/2172 1605/2114 1904/2543
f 1646/2171 1500/1999 1605/2113
f 1500/1999 1460/1959 1605/2113
f 1460/1959 1350/1849 1459/1958
f 24/31 29/38 263/292
f 1354/1853 1357/1856 1212/1697
f 1357/1856 1208/1693 1212/1697
f 1212/1697 1208/1693 1209/1694
f 1209/1694 1208/1693 1199/1682
f 1199/1682 1208/1693 1194/1675
f 4222/5515 4242/5536 4231/5524
f 1199/1682 1196/1677 4222/5514
f 1199/1682 1194/1675 1196/1677
f 4231/5524 4243/5537 4233/5526
f 4222/5515 1196/1678 4242/5536
f 4231/5524 4242/5536 4243/5537
f 4243/5537 4244/5538 4233/5526
f 4244/5538 4245/5539 4233/5526
f 4233/5526 4245/5539 4252/5548
f 4252/5548 4245/5539 68/89
f 1890/2526 1887/2523 1889/2525
f 1889/2525 1887/2523 1884/2520
f 1889/2525 1898/2536 1896/2534
f 1896/2534 1898/2536 553/747
f 1646/2171 1892/2528 1497/1996
f 1892/2529 1887/2523 1890/2526
f 1889/2525 1884/2520 1886/2522
f 1889/2525 1886/2522 1898/2536
f 1898/2536 554/749 553/747
f 1646/2172 1904/2543 1892/2529
f 1646/2171 1497/1996 1500/1999
f 1500/1999 1458/1957 1460/1959
f 1458/1957 1350/1849 1460/1959
f 5988/7831 4651/6075 5985/7826
f 5982/7823 5983/7824 5984/7825
f 1353/1852 1348/1847 1354/1853
f 4252/5547 68/88 67/87
f 1194/1675 1208/1693 1195/1676
f 4245/5539 4312/5623 68/89
f 1194/1675 1195/1676 1196/1677
f 1196/1678 4253/5549 4242/5536
f 4242/5536 4253/5549 4243/5537
f 4243/5537 4254/5550 4244/5538
f 4243/5537 4253/5549 4254/5550
f 4254/5550 4255/5551 4244/5538
f 4244/5538 4255/5551 4245/5539
f 4245/5539 4261/5558 4312/5623
f 1893/2530 1498/1997 1892/2528
f 1890/2526 1889/2525 1891/2527
f 1903/2542 1896/2534 553/747
f 1893/2531 1892/2529 1890/2526
f 1889/2525 1896/2534 1891/2527
f 1498/1997 1497/1996 1892/2528
f 1497/1996 1458/1957 1500/1999
f 5990/7833 30/40 5992/7836
f 5986/7828 4658/6084 5987/7829
f 1352/1851 1350/1849 1348/1847
f 1352/1851 1348/1847 1353/1852
f 1348/1847 1346/1845 1354/1853
f 1354/1853 1346/1845 1357/1856
f 1195/1676 1197/1679 1196/1677
f 1195/1676 1198/1681 1197/1679
f 1196/1678 1197/1680 4253/5549
f 4256/5552 4254/5550 4253/5549
f 4245/5539 4255/5551 4261/5558
f 1670/2216 1893/2531 1894/2532
f 1894/2532 1890/2526 1891/2527
f 1895/2533 1891/2527 1896/2534
f 1670/2215 1499/1998 1893/2530
f 1893/2531 1890/2526 1894/2532
f 1499/1998 1498/1997 1893/2530
f 1903/2541 363/400 377/424
f 1497/1996 1423/1922 1458/1957
f 1208/1693 1211/1696 1195/1676
f 1195/1676 1211/1696 1198/1681
f 68/88 4261/5557 384/436
f 1198/1681 1200/1684 1197/1679
f 4254/5550 4257/5553 4255/5551
f 1197/1680 4256/5552 4253/5549
f 4256/5552 4257/5553 4254/5550
f 4255/5551 4265/5562 4261/5558
f 1895/2533 1896/2534 1897/2535
f 1897/2535 558/757 560/761
f 1896/2534 1903/2542 1897/2535
f 1897/2535 1903/2542 558/757
f 1498/1997 1423/1922 1497/1996
f 5974/7814 5975/7816 5970/7807
f 1350/1849 1351/1850 1348/1847
f 1357/1856 1358/1857 1208/1693
f 1208/1693 1358/1857 1211/1696
f 1198/1681 1211/1696 1205/1690
f 1198/1681 1205/1690 1200/1684
f 1200/1684 1201/1685 1197/1679
f 1197/1680 1201/1686 4259/5555
f 1197/1680 4259/5555 4256/5552
f 4256/5552 4259/5555 4260/5556
f 4256/5552 4260/5556 4257/5553
f 4257/5553 4260/5556 4258/5554
f 4257/5553 4258/5554 4255/5551
f 4255/5551 4258/5554 4265/5562
f 4258/5554 4266/5563 4265/5562
f 1894/2532 1895/2533 1899/2537
f 1902/2540 1897/2535 560/761
f 1902/2540 560/761 561/763
f 1669/2214 1670/2216 1901/2539
f 1901/2539 1670/2216 1894/2532
f 1899/2537 1895/2533 1897/2535
f 1899/2537 1897/2535 1902/2540
f 1669/2213 1470/1969 1670/2215
f 1670/2215 1470/1969 1499/1998
f 1470/1969 1423/1922 1499/1998
f 1499/1998 1423/1922 1498/1997
f 5968/7805 5399/7066 5958/7794
f 5963/7800 5953/7788 5961/7798
f 1458/1957 1423/1922 1350/1849
f 4661/6088 4659/6085 4662/6089
f 1346/1845 1358/1857 1357/1856
f 1200/1684 1202/1687 1201/1685
f 1200/1684 1205/1690 1202/1687
f 4259/5555 4264/5561 4260/5556
f 4258/5554 4267/5565 4266/5563
f 1901/2539 1894/2532 1900/2538
f 1902/2540 561/763 1913/2553
f 1913/2553 561/763 2018/2690
f 1900/2538 1894/2532 1899/2537
f 1570/2073 1470/1969 1669/2213
f 561/762 377/424 2018/2689
f 5957/7793 5936/7761 5956/7792
f 1423/1922 1351/1850 1350/1849
f 1348/1847 1351/1850 1427/1926
f 5309/6884 5220/6745 5219/6744
f 1358/1857 1210/1695 1211/1696
f 1211/1696 1210/1695 1205/1690
f 1205/1690 1210/1695 1202/1687
f 1202/1687 4282/5580 1201/1685
f 4260/5556 4264/5561 4263/5560
f 4260/5556 4263/5560 4258/5554
f 1201/1686 4282/5581 4262/5559
f 1201/1686 4262/5559 4259/5555
f 4259/5555 4262/5559 4264/5561
f 4263/5560 564/769 4258/5554
f 4258/5554 564/769 4267/5565
f 1669/2214 1901/2539 1908/2548
f 1906/2545 1902/2540 1913/2553
f 1908/2547 1570/2073 1669/2213
f 1470/1969 1424/1923 1423/1922
f 1346/1845 1344/1843 1358/1857
f 1358/1857 1359/1858 1210/1695
f 1202/1687 1210/1695 1203/1688
f 1202/1687 1203/1688 4282/5580
f 384/436 564/768 289/320
f 4262/5559 4268/5566 4264/5561
f 1908/2548 1901/2539 1909/2549
f 1909/2549 1901/2539 1907/2546
f 1906/2545 1913/2553 1921/2562
f 1908/2547 2019/2691 1570/2073
f 1901/2539 1900/2538 1907/2546
f 1907/2546 1900/2538 1905/2544
f 1905/2544 1899/2537 1906/2545
f 5938/7763 5930/7752 5943/7770
f 1423/1922 1425/1924 1351/1850
f 1351/1850 1425/1924 1426/1925
f 1351/1850 1426/1925 1427/1926
f 1346/1845 1347/1846 1344/1843
f 4269/5567 4268/5566 4262/5559
f 4264/5561 4270/5568 4263/5560
f 4282/5581 4269/5567 4262/5559
f 4268/5566 4270/5568 4264/5561
f 4263/5560 4270/5568 564/769
f 4270/5568 4298/5601 4300/5605
f 564/769 4270/5568 4300/5605
f 1910/2550 1908/2548 1909/2549
f 1906/2545 1921/2562 534/709
f 534/709 1921/2562 2017/2688
f 1974/2628 2019/2692 1908/2548
f 1911/2551 1907/2546 1905/2544
f 1911/2551 1905/2544 1906/2545
f 2019/2691 1421/1920 1570/2073
f 1421/1920 1424/1923 1470/1969
f 1570/2073 1421/1920 1470/1969
f 1426/1925 1428/1927 1427/1926
f 1427/1926 1349/1848 1348/1847
f 1348/1847 1349/1848 1346/1845
f 1349/1848 1347/1846 1346/1845
f 1203/1688 1210/1695 1204/1689
f 1203/1688 1204/1689 4282/5580
f 1204/1689 4294/5595 4282/5580
f 4294/5596 4293/5594 4269/5567
f 4282/5581 4294/5596 4269/5567
f 5379/7025 5922/7742 5418/7106
f 1210/1695 1359/1858 1204/1689
f 4293/5594 4292/5593 4269/5567
f 4269/5567 4290/5591 4268/5566
f 4268/5566 4290/5591 4270/5568
f 4290/5591 4291/5592 4270/5568
f 4269/5567 4292/5593 4290/5591
f 4291/5592 4299/5603 4298/5601
f 4270/5568 4291/5592 4298/5601
f 1914/2554 534/709 1929/2571
f 1909/2549 1907/2546 1912/2552
f 1912/2552 1907/2546 1911/2551
f 1912/2552 1911/2551 1915/2555
f 1914/2554 1906/2545 534/709
f 1475/1974 1421/1920 2019/2691
f 1974/2627 1475/1974 2019/2691
f 1421/1920 1420/1919 1424/1923
f 5997/7842 5270/6817 5948/7779
f 5948/7779 5933/7757 5940/7765
f 1424/1923 1420/1919 1423/1922
f 1427/1926 1428/1927 1349/1848
f 1359/1858 1360/1859 1204/1689
f 1204/1689 1206/1691 4294/5595
f 1919/2560 1974/2628 1910/2550
f 1919/2559 1475/1974 1974/2627
f 1919/2560 1910/2550 1909/2549
f 1475/1974 1419/1918 1421/1920
f 1421/1920 1419/1918 1420/1919
f 5881/7694 5884/7698 5906/7723
f 5895/7710 5894/7708 5933/7757
f 5933/7757 5894/7708 5917/7736
f 1420/1919 1422/1921 1423/1922
f 1423/1922 1422/1921 1425/1924
f 1358/1857 1344/1843 1359/1858
f 1204/1689 1360/1859 1206/1691
f 289/320 297/329 290/321
f 4294/5595 1206/1691 1207/1692
f 4299/5602 4303/5609 297/329
f 4293/5594 4295/5597 4292/5593
f 4292/5593 4296/5598 4290/5591
f 4290/5591 4296/5598 4291/5592
f 4291/5592 4303/5610 4299/5603
f 1917/2557 1915/2555 1914/2554
f 1917/2557 1914/2554 1918/2558
f 1914/2554 1929/2571 533/707
f 1916/2556 1909/2549 1912/2552
f 1916/2556 1912/2552 1915/2555
f 1474/1973 1419/1918 1475/1974
f 1206/1691 1360/1859 1207/1692
f 4294/5596 1216/1704 4293/5594
f 4294/5595 1207/1692 1216/1703
f 4292/5593 4295/5597 4296/5598
f 4296/5598 4297/5599 4291/5592
f 1920/2561 1919/2560 1916/2556
f 1918/2558 1914/2554 533/707
f 1919/2559 1474/1973 1475/1974
f 5896/7712 5949/7781 5897/7713
f 4293/5594 1216/1704 4295/5597
f 4297/5599 4301/5607 4291/5592
f 4291/5592 4301/5607 4303/5610
f 4297/5599 4296/5598 4304/5611
f 1920/2561 1916/2556 1922/2563
f 2015/2683 1474/1973 1919/2559
f 1920/2561 2015/2684 1919/2560
f 5883/7697 5882/7695 5947/7778
f 5951/7785 5950/7783 5902/7718
f 1422/1921 1441/1940 1425/1924
f 1426/1925 1067/1500 1428/1927
f 1428/1927 1429/1928 1349/1848
f 1207/1692 1360/1859 1362/1861
f 1207/1692 1217/1705 1216/1703
f 1216/1704 4307/5614 4295/5597
f 4295/5597 4306/5613 4305/5612
f 4295/5597 4305/5612 4296/5598
f 4305/5612 4304/5611 4296/5598
f 4297/5599 4304/5611 4302/5608
f 4297/5599 4302/5608 4301/5607
f 1918/2558 1930/2572 486/616
f 486/616 1930/2572 1987/2645
f 1924/2565 1920/2561 1922/2563
f 1922/2563 1917/2557 1923/2564
f 1923/2564 1917/2557 1918/2558
f 1930/2572 1986/2643 1987/2645
f 1416/1915 1419/1918 1474/1973
f 1067/1500 1061/1494 1428/1927
f 1428/1927 1060/1493 1429/1928
f 1359/1858 1344/1843 1342/1841
f 1359/1858 1342/1841 1360/1859
f 1207/1692 1362/1861 1217/1705
f 1216/1703 1217/1705 1218/1706
f 1216/1704 1218/1707 4307/5614
f 4307/5614 4306/5613 4295/5597
f 4302/5608 4310/5620 4301/5607
f 4301/5606 4310/5619 296/328
f 1150/1615 1473/1972 2015/2683
f 1924/2565 1150/1616 2015/2684
f 1473/1972 1416/1915 1474/1973
f 2015/2683 1473/1972 1474/1973
f 5927/7749 5154/6659 5903/7719
f 1441/1940 1070/1503 1425/1924
f 1425/1924 1070/1503 1426/1925
f 1426/1925 1070/1503 1067/1500
f 2689/3521 2686/3517 2599/3411
f 2689/3521 2599/3411 2587/3394
f 2599/3411 2660/3481 2598/3410
f 2598/3410 2660/3481 2659/3480
f 2686/3517 2660/3481 2599/3411
f 5272/6820 2687/3518 2686/3517
f 2686/3517 2687/3518 2660/3481
f 2659/3480 2665/3486 2658/3479
f 2661/3482 2655/3475 2658/3479
f 2660/3481 2665/3486 2659/3480
f 2665/3486 2661/3482 2658/3479
f 5272/6820 2706/3552 2688/3519
f 5272/6820 2688/3519 2687/3518
f 2687/3518 2688/3519 2660/3481
f 2655/3475 2664/3485 2656/3476
f 2655/3475 2663/3484 2664/3485
f 2688/3519 2668/3489 2660/3481
f 2660/3481 2668/3489 2667/3488
f 2660/3481 2667/3488 2665/3486
f 2661/3482 2663/3484 2655/3475
f 2665/3486 2666/3487 2661/3482
f 2667/3488 2666/3487 2665/3486
f 2661/3482 2662/3483 2663/3484
f 2688/3519 2690/3522 2668/3489
f 2668/3489 2671/3493 2667/3488
f 2667/3488 2671/3493 2666/3487
f 1428/1927 1061/1494 1060/1493
f 2661/3482 2666/3487 2662/3483
f 2705/3550 5282/6840 3649/4733
f 2705/3550 3649/4733 2690/3522
f 2690/3522 3649/4733 2668/3489
f 2666/3487 2672/3494 2662/3483
f 3649/4733 2674/3496 2668/3489
f 2668/3489 2674/3496 2671/3493
f 2666/3487 2671/3493 2672/3494
f 3649/4733 2680/3505 2674/3496
f 5282/6839 3648/4731 3649/4732
f 1347/1846 1345/1844 1344/1843
f 4310/5619 295/326 296/328
f 4307/5614 4309/5618 4306/5613
f 4306/5613 4309/5618 4308/5616
f 4306/5613 4308/5616 4305/5612
f 4305/5612 4308/5616 4304/5611
f 4304/5611 877/1252 4302/5608
f 4302/5608 4311/5621 4310/5620
f 1927/2568 1924/2565 1925/2566
f 1923/2564 1918/2558 1926/2567
f 5339/6945 5904/7720 5903/7719
f 5903/7719 5904/7720 5899/7715
f 1419/1918 1418/1917 1420/1919
f 5356/6980 2678/3501 2584/3391
f 2582/3389 2581/3388 2565/3371
f 2571/3377 2582/3389 2565/3371
f 2584/3391 2587/3394 2571/3377
f 2571/3377 2587/3394 2582/3389
f 2581/3388 2589/3397 2580/3387
f 2678/3501 2587/3394 2584/3391
f 2581/3388 2597/3409 2589/3397
f 2589/3397 2600/3412 763/1094
f 2580/3387 2589/3397 763/1094
f 763/1094 2600/3412 2701/3542
f 2587/3394 2598/3410 2582/3389
f 2582/3389 2596/3408 2581/3388
f 2581/3388 2596/3408 2597/3409
f 2587/3394 2599/3411 2598/3410
f 2582/3389 2598/3410 2596/3408
f 2596/3408 2655/3475 2597/3409
f 2598/3410 2659/3480 2658/3479
f 2598/3410 2658/3479 2596/3408
f 2597/3409 2656/3476 2589/3397
f 2589/3397 2656/3476 2600/3412
f 2655/3475 2656/3476 2597/3409
f 2600/3412 2704/3548 2701/3542
f 2656/3476 2670/3492 2600/3412
f 2600/3412 2670/3492 2704/3548
f 2664/3485 2669/3490 2656/3476
f 2656/3476 2669/3490 2670/3492
f 2664/3485 2673/3495 2669/3490
f 2670/3491 2702/3543 2704/3547
f 2662/3483 2672/3494 2673/3495
f 2673/3495 2677/3499 2669/3490
f 2669/3490 3635/4703 2670/3492
f 2670/3492 3635/4703 2702/3544
f 2671/3493 2674/3496 2675/3497
f 2675/3497 2676/3498 2671/3493
f 2671/3493 2676/3498 2672/3494
f 2672/3494 2677/3499 2673/3495
f 2677/3499 3622/4680 2669/3490
f 2669/3490 3622/4680 3635/4703
f 2674/3496 2680/3505 2675/3497
f 2672/3494 2676/3498 2677/3499
f 2680/3505 2684/3513 2675/3497
f 2675/3497 2684/3513 2676/3498
f 2684/3513 3621/4678 2676/3498
f 2680/3504 3617/4672 2684/3512
f 2676/3498 3621/4678 3622/4680
f 2676/3498 3622/4680 2677/3499
f 3635/4703 3634/4701 2702/3544
f 3648/4731 5247/6782 3619/4675
f 3648/4731 3619/4675 2680/3504
f 2680/3504 3619/4675 3617/4672
f 2684/3512 3610/4664 3621/4677
f 3621/4677 3610/4664 3606/4660
f 3622/4680 3618/4674 3635/4703
f 3635/4704 3618/4673 3634/4702
f 1349/1848 1430/1929 1347/1846
f 4304/5611 4308/5616 877/1252
f 1925/2566 1923/2564 1928/2569
f 1928/2569 1923/2564 1926/2567
f 1927/2568 1150/1616 1924/2565
f 1416/1915 1418/1917 1419/1918
f 1441/1940 1422/1921 1442/1941
f 1441/1940 1072/1505 1070/1503
f 6066/7944 2590/3398 6065/7942
f 6065/7943 2590/3399 2563/3369
f 2590/3399 2570/3376 2563/3369
f 2570/3376 2565/3371 2559/3365
f 2563/3369 2570/3376 2559/3365
f 2579/3386 2588/3396 2578/3385
f 2590/3399 2584/3391 2570/3376
f 2584/3391 2571/3377 2570/3376
f 2571/3377 2565/3371 2570/3376
f 2564/3370 2565/3371 2581/3388
f 2564/3370 2581/3388 2580/3387
f 2564/3370 2580/3387 2579/3386
f 2579/3386 2580/3387 2588/3396
f 2588/3396 2580/3387 735/1045
f 1068/1501 1062/1495 1067/1500
f 1067/1500 1062/1495 1061/1494
f 1062/1495 1056/1488 1061/1494
f 1061/1494 1056/1488 1060/1493
f 1060/1493 1056/1488 1055/1487
f 1060/1493 1055/1487 1429/1928
f 3617/4672 3613/4667 2684/3512
f 3613/4667 3612/4666 2684/3512
f 2684/3512 3612/4666 3610/4664
f 3621/4677 3606/4660 3607/4661
f 3621/4677 3607/4661 3622/4679
f 3622/4679 3607/4661 3618/4673
f 3619/4675 3615/4669 3613/4667
f 3619/4675 3613/4667 3617/4672
f 3607/4661 3608/4662 3618/4673
f 3618/4673 726/1033 3634/4702
f 3619/4675 5396/7060 3615/4669
f 3618/4673 3608/4662 726/1033
f 5396/7060 3616/4671 3615/4669
f 3610/4664 3609/4663 3606/4660
f 1429/1928 1430/1929 1349/1848
f 1430/1929 1345/1844 1347/1846
f 1362/1861 1361/1860 1217/1705
f 1217/1705 1361/1860 1461/1960
f 1217/1705 1461/1960 1218/1706
f 1218/1707 4313/5625 4307/5614
f 1218/1706 1577/2080 4313/5624
f 4307/5614 4313/5625 4309/5618
f 821/1184 4308/5615 4309/5617
f 877/1252 823/1187 4302/5608
f 823/1187 552/745 4311/5621
f 4302/5608 823/1187 4311/5621
f 1927/2568 1967/2619 1150/1616
f 5932/7756 5866/7675 5919/7738
f 5919/7738 5866/7675 5918/7737
f 1420/1919 1418/1917 1422/1921
f 1422/1921 1443/1942 1442/1941
f 2557/3363 2558/3364 2559/3365
f 2559/3365 2564/3370 2557/3363
f 2557/3363 2564/3370 2567/3373
f 2567/3373 2564/3370 2577/3384
f 2564/3370 2578/3385 2577/3384
f 2577/3384 2578/3385 2681/3507
f 6063/7939 6065/7943 2569/3375
f 2569/3375 2563/3369 2558/3364
f 2578/3385 718/1023 2681/3507
f 2569/3375 6065/7943 2563/3369
f 2558/3364 2563/3369 2559/3365
f 2564/3370 2579/3386 2578/3385
f 1070/1503 1069/1502 1067/1500
f 1067/1500 1069/1502 1068/1501
f 1068/1501 1069/1502 1075/1508
f 1068/1501 1075/1508 1062/1495
f 1075/1508 1063/1496 1062/1495
f 1062/1495 1063/1496 1056/1488
f 1056/1488 1042/1469 1055/1487
f 1055/1487 1042/1469 1054/1486
f 1055/1487 1054/1486 1429/1928
f 3612/4666 3611/4665 3610/4664
f 1429/1928 1054/1486 1058/1491
f 3616/4671 3614/4668 3615/4669
f 3615/4669 3614/4668 3613/4667
f 3613/4667 3614/4668 3611/4665
f 3613/4667 3611/4665 3612/4666
f 3611/4665 3609/4663 3610/4664
f 3609/4663 3605/4659 3606/4660
f 3606/4660 3605/4659 3604/4658
f 3606/4660 3604/4658 3607/4661
f 3607/4661 3604/4658 3608/4662
f 3608/4662 3604/4658 726/1033
f 3616/4671 3625/4684 3614/4668
f 3604/4658 3627/4688 726/1033
f 3625/4684 3624/4682 3614/4668
f 3605/4659 3609/4663 3601/4655
f 3605/4659 3601/4655 3604/4658
f 3604/4658 3603/4657 3627/4688
f 3625/4684 3652/4738 3624/4682
f 1429/1928 1058/1491 1430/1929
f 1344/1843 1345/1844 1342/1841
f 1362/1861 1360/1859 1361/1860
f 1218/1706 1461/1960 1577/2080
f 4313/5626 821/1184 4309/5617
f 821/1184 822/1185 4308/5615
f 4308/5615 822/1185 877/1251
f 822/1185 823/1186 877/1251
f 1967/2619 1927/2568 1960/2610
f 1958/2608 1925/2566 1928/2569
f 1962/2612 1926/2567 543/727
f 1926/2567 1996/2655 543/727
f 1442/1941 1072/1505 1441/1940
f 2575/3381 2577/3384 720/1026
f 2679/3503 2592/3402 2568/3374
f 2567/3373 2577/3384 2575/3381
f 2577/3384 2681/3507 720/1026
f 2560/3366 2557/3363 2561/3367
f 2561/3367 2557/3363 2567/3373
f 2592/3402 2569/3375 2568/3374
f 2569/3375 2558/3364 2560/3366
f 2568/3374 2569/3375 2560/3366
f 2560/3366 2558/3364 2557/3363
f 1072/1505 1071/1504 1070/1503
f 1071/1504 1069/1502 1070/1503
f 1069/1502 6135/8043 6131/8038
f 1069/1502 6131/8038 1075/1508
f 1075/1508 6131/8038 6126/8031
f 1057/1489 1042/1469 1056/1488
f 1054/1486 1042/1469 1044/1472
f 1054/1486 1044/1472 1058/1491
f 3614/4668 3620/4676 3611/4665
f 3623/4681 3620/4676 3614/4668
f 3624/4682 3623/4681 3614/4668
f 3611/4665 3620/4676 3609/4663
f 3601/4655 3603/4657 3604/4658
f 3603/4657 730/1039 3627/4688
f 3624/4682 3629/4691 3623/4681
f 3620/4676 3602/4656 3609/4663
f 3609/4663 3602/4656 3601/4655
f 3629/4691 3596/4649 3623/4681
f 3601/4655 3587/4637 3603/4657
f 3587/4637 3593/4645 3603/4657
f 3603/4657 3593/4645 3637/4708
f 3603/4657 3637/4708 730/1039
f 3652/4738 3657/4749 3629/4691
f 3602/4656 3588/4638 3601/4655
f 3601/4655 3588/4638 3587/4637
f 1342/1841 1361/1860 1360/1859
f 4313/5626 876/1250 821/1184
f 823/1187 825/1191 552/745
f 1962/2612 543/727 1965/2616
f 1958/2608 1928/2569 1959/2609
f 1959/2609 1928/2569 1926/2567
f 1959/2609 1926/2567 1962/2612
f 1141/1602 1415/1914 1150/1615
f 1967/2618 1141/1602 1150/1615
f 1150/1615 1415/1914 1473/1972
f 2573/3379 2572/3378 2562/3368
f 2574/3380 2575/3381 2595/3407
f 2575/3381 720/1026 2595/3407
f 2594/3405 2568/3374 2572/3378
f 2682/3509 2594/3405 2572/3378
f 2572/3378 2568/3374 2562/3368
f 2562/3368 2561/3367 2566/3372
f 2566/3372 2561/3367 2574/3380
f 2561/3367 2567/3373 2574/3380
f 2574/3380 2567/3373 2575/3381
f 2568/3374 2560/3366 2562/3368
f 2562/3368 2560/3366 2561/3367
f 1073/1506 1071/1504 1072/1505
f 1069/1502 6141/8051 6135/8043
f 1058/1491 1044/1472 1045/1473
f 3623/4681 3600/4654 3620/4676
f 3620/4676 3600/4654 3602/4656
f 3596/4649 3595/4648 3623/4681
f 3595/4648 3600/4654 3623/4681
f 3600/4654 3588/4638 3602/4656
f 3595/4648 3584/4634 3600/4654
f 3584/4634 3588/4638 3600/4654
f 3587/4637 3582/4632 3593/4645
f 3582/4632 748/1066 3593/4645
f 3593/4645 748/1066 3637/4708
f 3643/4720 3586/4636 3596/4649
f 3596/4649 3586/4636 3595/4648
f 3595/4648 3586/4636 3584/4634
f 3584/4634 3585/4635 3588/4638
f 3588/4638 3585/4635 3587/4637
f 3585/4635 3583/4633 3587/4637
f 3587/4637 3583/4633 3582/4632
f 3643/4720 5377/7021 3586/4636
f 3583/4633 3581/4631 3582/4632
f 295/326 552/744 300/332
f 1149/1614 1967/2619 1960/2610
f 1963/2613 1959/2609 1962/2612
f 1149/1613 1141/1602 1967/2618
f 1415/1914 1416/1915 1473/1972
f 5859/7666 5934/7758 246/275
f 5860/7668 5856/7663 5864/7673
f 1418/1917 1443/1942 1422/1921
f 2591/3400 2574/3380 714/1018
f 2641/3458 2576/3383 2573/3379
f 2585/3392 2573/3379 2562/3368
f 2585/3392 2562/3368 2566/3372
f 2585/3392 2566/3372 2586/3393
f 2586/3393 2566/3372 2583/3390
f 2583/3390 2574/3380 2591/3400
f 2574/3380 2595/3407 714/1018
f 2576/3383 2572/3378 2573/3379
f 1442/1941 1074/1507 1072/1505
f 1074/1507 1073/1506 1072/1505
f 1073/1506 1082/1517 1071/1504
f 1044/1472 6108/8009 1045/1473
f 1058/1491 1045/1473 1047/1476
f 1058/1491 1047/1476 1430/1929
f 1430/1929 1047/1476 1059/1492
f 3584/4634 3574/4624 3585/4635
f 3586/4636 5377/7021 3580/4630
f 3580/4630 3574/4624 3584/4634
f 3586/4636 3580/4630 3584/4634
f 3575/4625 3577/4627 3585/4635
f 3585/4635 3577/4627 3583/4633
f 3582/4632 749/1068 748/1066
f 5377/7020 4945/6431 5426/7121
f 5377/7021 5426/7122 3580/4630
f 3574/4624 3575/4625 3585/4635
f 3583/4633 3577/4627 3581/4631
f 4313/5624 1577/2080 912/1298
f 4313/5624 912/1298 876/1249
f 876/1250 813/1174 821/1184
f 821/1184 814/1175 822/1185
f 822/1185 815/1176 823/1186
f 815/1176 812/1173 823/1186
f 823/1186 824/1188 825/1190
f 823/1186 812/1173 824/1188
f 1964/2614 1960/2610 1961/2611
f 1962/2612 1965/2616 547/735
f 5875/7688 5314/6893 5848/7652
f 1443/1942 1078/1511 1442/1941
f 2643/3461 2641/3458 2593/3403
f 2585/3392 2586/3393 2601/3413
f 2601/3413 2586/3393 2583/3390
f 2611/3423 2583/3390 2591/3400
f 2611/3423 2591/3400 2657/3478
f 2641/3458 2573/3379 2593/3403
f 2593/3403 2573/3379 2585/3392
f 2591/3400 714/1018 2657/3478
f 1074/1507 1077/1510 1073/1506
f 1073/1506 1083/1519 1082/1517
f 5426/7122 3628/4690 3573/4623
f 5426/7122 3573/4623 3580/4630
f 3580/4630 3573/4623 3574/4624
f 3574/4624 3573/4623 3572/4622
f 3574/4624 3572/4622 3575/4625
f 3581/4631 3579/4629 3582/4632
f 3582/4632 3579/4629 747/1064
f 3582/4632 747/1064 749/1068
f 1430/1929 1431/1930 1345/1844
f 1577/2080 1461/1960 1363/1862
f 1577/2080 1363/1862 912/1298
f 821/1184 813/1174 814/1175
f 822/1185 814/1175 815/1176
f 1149/1614 1960/2610 1966/2617
f 1966/2617 1960/2610 1964/2614
f 1964/2614 1958/2608 1963/2613
f 1968/2620 1962/2612 547/735
f 1141/1602 1140/1601 1415/1914
f 2601/3413 2583/3390 2607/3419
f 2643/3461 2593/3403 2606/3418
f 6059/7931 2643/3461 2606/3418
f 2606/3418 2593/3403 2605/3417
f 2605/3417 2585/3392 2602/3414
f 2602/3414 2585/3392 2601/3413
f 2607/3419 2583/3390 2610/3422
f 2610/3422 2611/3423 713/1016
f 2593/3403 2585/3392 2605/3417
f 2583/3390 2611/3423 2610/3422
f 2611/3423 2657/3478 713/1016
f 1078/1511 1077/1510 1074/1507
f 1442/1941 1078/1511 1074/1507
f 1059/1492 1049/1479 1430/1929
f 1430/1929 1049/1479 1064/1497
f 3577/4627 3578/4628 3581/4631
f 3581/4631 3578/4628 3579/4629
f 3628/4690 5262/6805 3571/4621
f 3628/4690 3571/4621 3573/4623
f 3573/4623 3571/4621 3572/4622
f 3572/4622 3576/4626 3575/4625
f 3575/4625 3576/4626 3577/4627
f 3577/4627 3576/4626 3578/4628
f 747/1064 3579/4629 750/1070
f 1361/1860 1363/1862 1461/1960
f 824/1188 369/411 302/335
f 912/1299 813/1174 876/1250
f 812/1173 817/1179 824/1188
f 1969/2621 1964/2614 1963/2613
f 1968/2620 1963/2613 1962/2612
f 1131/1589 1140/1601 1141/1602
f 1149/1613 1131/1589 1141/1602
f 5858/7665 5920/7740 444/541
f 5844/7648 5833/7634 5834/7635
f 1415/1914 1413/1912 1416/1915
f 5388/7043 5847/7651 5848/7652
f 1443/1942 1520/2019 1078/1511
f 6060/7933 6059/7931 2606/3418
f 6060/7933 2606/3418 6067/7946
f 2606/3418 2605/3417 2604/3416
f 6067/7946 2606/3418 2604/3416
f 2604/3416 2605/3417 2602/3414
f 2607/3419 2610/3422 2609/3421
f 2609/3421 2610/3422 2685/3515
f 2610/3422 713/1016 2685/3515
f 6096/7989 781/1133 6093/7985
f 1047/1476 1049/1479 1059/1492
f 3571/4621 3570/4620 3572/4622
f 3572/4622 3570/4620 3576/4626
f 3579/4629 751/1072 750/1070
f 5262/6805 3640/4714 3569/4619
f 5262/6805 3569/4619 3571/4621
f 3571/4621 3569/4619 3570/4620
f 3566/4616 3567/4617 3579/4629
f 3578/4628 3566/4616 3579/4629
f 3579/4629 3567/4617 751/1072
f 1064/1497 1431/1930 1430/1929
f 1345/1844 1432/1931 1342/1841
f 813/1174 809/1170 814/1175
f 810/1171 815/1176 814/1175
f 814/1175 809/1170 810/1171
f 812/1173 816/1178 817/1179
f 1969/2621 1963/2613 1970/2622
f 1970/2622 1963/2613 1968/2620
f 1418/1917 1444/1943 1443/1942
f 2615/3428 6067/7946 2612/3424
f 2612/3424 6067/7946 2604/3416
f 2608/3420 2609/3421 770/1108
f 2609/3421 2685/3515 770/1108
f 1520/2019 1080/1514 1078/1511
f 1091/1534 1079/1513 6307/8283
f 6307/8283 6306/8282 6308/8284
f 6095/7987 1050/1480 1049/1479
f 1047/1476 6095/7987 1049/1479
f 3563/4613 3562/4612 3570/4620
f 3570/4620 3562/4612 3576/4626
f 3640/4714 3590/4640 3569/4619
f 3569/4619 3590/4640 3565/4615
f 3569/4619 3565/4615 3563/4613
f 3569/4619 3563/4613 3570/4620
f 3576/4626 3562/4612 3566/4616
f 3576/4626 3566/4616 3578/4628
f 3567/4617 752/1074 751/1072
f 3640/4714 4933/6416 3590/4640
f 4933/6416 3656/4747 3590/4640
f 1345/1844 1431/1930 1432/1931
f 1342/1841 1340/1839 1361/1860
f 912/1298 1363/1862 1541/2042
f 912/1299 809/1170 813/1174
f 815/1176 811/1172 812/1173
f 1968/2620 1971/2624 540/721
f 1131/1590 1149/1614 1966/2617
f 1140/1601 1413/1912 1415/1914
f 5813/7605 5831/7632 5834/7635
f 1416/1915 1250/1749 1418/1917
f 1250/1749 1445/1944 1444/1943
f 1250/1749 1444/1943 1418/1917
f 1444/1943 1520/2019 1443/1942
f 2615/3428 2612/3424 2624/3437
f 2625/3439 2615/3428 2624/3437
f 2624/3437 2612/3424 2614/3426
f 2613/3425 2608/3420 2616/3429
f 2616/3429 2608/3420 2626/3441
f 2612/3424 2604/3416 2614/3426
f 2614/3426 2604/3416 2603/3415
f 2614/3426 2603/3415 2613/3425
f 2613/3425 2603/3415 2608/3420
f 2608/3420 770/1108 2626/3441
f 2626/3440 770/1107 708/1010
f 1079/1513 6306/8282 6307/8283
f 6306/8282 6311/8290 6308/8284
f 1050/1480 1051/1482 1049/1479
f 1049/1479 1052/1484 1064/1497
f 1064/1497 1052/1484 1065/1498
f 1064/1497 1065/1498 1431/1930
f 3589/4639 3564/4614 3565/4615
f 3590/4640 3589/4639 3565/4615
f 3564/4614 3563/4613 3565/4615
f 3562/4612 3561/4611 3566/4616
f 3566/4616 3561/4611 3567/4617
f 3561/4611 3548/4594 3567/4617
f 3567/4617 3548/4594 3568/4618
f 3567/4617 3568/4618 752/1074
f 752/1074 3568/4618 738/1050
f 3656/4747 5424/7118 3589/4639
f 1361/1860 1340/1839 1363/1862
f 912/1298 1541/2042 1540/2040
f 912/1299 1540/2041 809/1170
f 810/1171 811/1172 815/1176
f 811/1172 808/1169 812/1173
f 812/1173 808/1169 816/1178
f 1131/1589 1129/1586 1140/1601
f 1444/1943 1564/2067 1520/2019
f 5275/6826 2625/3439 2622/3435
f 2625/3439 2624/3437 2622/3435
f 2614/3426 2613/3425 2618/3431
f 2613/3425 2616/3429 2617/3430
f 2616/3429 2626/3441 2617/3430
f 2624/3437 2614/3426 2622/3435
f 1520/2019 1084/1521 1080/1514
f 1080/1514 1081/1515 1079/1512
f 1051/1482 6087/7978 1052/1484
f 3589/4639 3552/4598 3564/4614
f 3564/4614 3552/4598 3563/4613
f 3563/4613 3552/4598 3551/4597
f 3563/4613 3551/4597 3562/4612
f 3568/4618 3639/4712 738/1050
f 5424/7118 3591/4642 3589/4639
f 3589/4639 3591/4642 3552/4598
f 3551/4597 3546/4592 3562/4612
f 3546/4592 3547/4593 3561/4611
f 3562/4612 3546/4592 3561/4611
f 5424/7117 5234/6762 3591/4641
f 810/1171 804/1165 811/1172
f 1968/2620 540/721 1976/2630
f 1976/2630 540/721 517/676
f 5833/7634 5814/7606 5813/7605
f 2620/3433 2617/3430 2683/3511
f 2622/3435 2614/3426 2621/3434
f 2623/3436 2622/3435 2621/3434
f 2614/3426 2618/3431 2621/3434
f 2617/3430 2699/3538 2683/3511
f 1084/1521 6302/8275 1080/1514
f 1080/1514 6302/8275 1081/1515
f 1052/1484 1066/1499 1065/1498
f 3561/4611 3547/4593 3548/4594
f 3568/4618 3638/4710 3639/4712
f 5234/6762 3592/4643 3591/4641
f 3591/4642 3592/4644 3552/4598
f 3548/4594 3549/4595 3568/4618
f 3568/4618 3549/4595 3638/4710
f 5234/6762 4606/6015 3592/4643
f 369/410 818/1180 308/341
f 1540/2041 790/1151 809/1170
f 810/1171 809/1170 804/1165
f 804/1165 805/1166 811/1172
f 811/1172 805/1166 808/1169
f 805/1166 806/1167 808/1169
f 808/1169 818/1181 816/1178
f 1973/2626 1969/2621 1972/2625
f 4676/6109 5811/7603 5810/7601
f 1414/1913 1413/1912 1140/1601
f 2703/3546 2623/3436 2642/3459
f 2642/3459 2623/3436 2629/3444
f 2629/3444 2623/3436 2621/3434
f 2629/3444 2621/3434 2628/3443
f 2619/3432 2617/3430 2620/3433
f 2619/3432 2618/3431 2617/3430
f 2620/3433 2683/3511 706/1008
f 1564/2067 1084/1521 1520/2019
f 1084/1521 6304/8278 6302/8275
f 1065/1498 1066/1499 1076/1509
f 1065/1498 1076/1509 1431/1930
f 3592/4644 4591/5998 3552/4598
f 3552/4598 4591/5998 3551/4597
f 3551/4597 4591/5998 3538/4584
f 3551/4597 3538/4584 3546/4592
f 3549/4595 3642/4718 3638/4710
f 3547/4593 3537/4583 3548/4594
f 3548/4594 3537/4583 3549/4595
f 809/1170 790/1151 803/1164
f 809/1170 803/1164 804/1165
f 808/1169 806/1167 818/1181
f 1975/2629 1968/2620 1976/2630
f 1129/1586 1414/1913 1140/1601
f 4676/6108 4675/6107 5811/7602
f 5811/7603 4674/6105 5810/7601
f 1413/1912 1248/1747 1416/1915
f 2628/3443 2621/3434 2627/3442
f 2630/3445 2619/3432 2631/3446
f 2645/3463 2642/3459 2629/3444
f 2621/3434 2619/3432 2627/3442
f 2627/3442 2619/3432 2630/3445
f 2619/3432 2620/3433 2631/3446
f 2631/3446 2620/3433 706/1008
f 1444/1943 1563/2066 1564/2067
f 1563/2066 1084/1521 1564/2067
f 6301/8274 6299/8272 6300/8273
f 1431/1930 1076/1509 1556/2058
f 1431/1930 1556/2058 1432/1931
f 4591/5997 4590/5996 4584/5987
f 4591/5998 4584/5988 3538/4584
f 3538/4584 3536/4582 3546/4592
f 3546/4592 3536/4582 3547/4593
f 3547/4593 3536/4582 3537/4583
f 3537/4583 3545/4591 3549/4595
f 3549/4595 3545/4591 3642/4718
f 4603/6011 4600/6008 4590/5996
f 1340/1839 1342/1841 1343/1842
f 1363/1862 1364/1863 1541/2042
f 803/1164 801/1162 804/1165
f 818/1181 806/1167 565/771
f 1130/1588 1973/2626 1127/1584
f 1976/2630 517/676 1981/2636
f 5805/7595 5798/7587 5809/7600
f 5809/7600 5840/7642 5850/7655
f 5205/6726 2645/3463 2638/3454
f 2638/3454 2645/3463 2629/3444
f 2629/3444 2628/3443 2634/3449
f 2634/3449 2628/3443 2627/3442
f 2630/3445 2631/3446 2632/3447
f 2632/3447 2631/3446 2640/3456
f 2640/3456 2631/3446 2700/3540
f 2631/3446 706/1008 2700/3540
f 1563/2066 6313/8293 1084/1521
f 1875/2503 1085/1522 1076/1509
f 1066/1499 1875/2503 1076/1509
f 3545/4591 740/1053 3642/4718
f 4600/6008 4573/5972 4590/5996
f 4590/5996 4573/5972 4584/5987
f 3536/4582 3527/4571 3537/4583
f 3537/4583 3527/4571 3535/4581
f 3537/4583 3535/4581 3545/4591
f 3545/4591 3535/4581 740/1053
f 4600/6008 4566/5963 4573/5972
f 1363/1862 1340/1839 1364/1863
f 1127/1584 1973/2626 1977/2631
f 1975/2629 1976/2630 1981/2636
f 1127/1583 1129/1586 1130/1587
f 1127/1583 1128/1585 1129/1586
f 1133/1593 1414/1913 1129/1586
f 4672/6102 4671/6100 4674/6105
f 1248/1747 1250/1749 1416/1915
f 2652/3471 2638/3454 2635/3450
f 2635/3450 2629/3444 2634/3449
f 2636/3451 2634/3449 2627/3442
f 2627/3442 2630/3445 2633/3448
f 2633/3448 2630/3445 2632/3447
f 2638/3454 2629/3444 2635/3450
f 2640/3456 2700/3540 705/1006
f 1445/1944 1523/2022 1444/1943
f 1523/2022 1563/2066 1444/1943
f 4573/5972 4571/5969 4584/5987
f 4571/5970 3526/4570 3538/4584
f 4584/5988 4571/5970 3538/4584
f 3526/4570 3525/4569 3538/4584
f 3538/4584 3525/4569 3536/4582
f 3536/4582 3525/4569 3527/4571
f 3535/4581 743/1057 740/1053
f 4566/5963 4571/5969 4573/5972
f 1432/1931 1343/1842 1342/1841
f 4953/6439 4960/6449 4879/6357
f 1541/2042 1364/1863 1540/2040
f 1540/2040 788/1146 790/1150
f 801/1162 802/1163 804/1165
f 804/1165 802/1163 805/1166
f 805/1166 802/1163 806/1167
f 802/1163 799/1160 806/1167
f 806/1167 566/773 565/771
f 1973/2626 1972/2625 1977/2631
f 1977/2631 1972/2625 1978/2632
f 1979/2633 1975/2629 1981/2636
f 1128/1585 1133/1593 1129/1586
f 4673/6104 4670/6099 4672/6103
f 4671/6100 5790/7577 5803/7593
f 5802/7592 5788/7575 5805/7595
f 5798/7587 5841/7643 5840/7642
f 1446/1945 1445/1944 1250/1749
f 2652/3471 2646/3464 5199/6714
f 2646/3464 2652/3471 2635/3450
f 2635/3450 2634/3449 2636/3451
f 2636/3451 2627/3442 2637/3452
f 2637/3452 2627/3442 2633/3448
f 2633/3448 2632/3447 2639/3455
f 2639/3455 2632/3447 2640/3456
f 2640/3456 705/1006 703/1003
f 2639/3455 2640/3456 703/1003
f 1445/1944 1522/2021 1523/2022
f 6313/8294 1677/2230 6303/8277
f 6305/8281 6370/8387 6337/8329
f 6337/8328 6370/8386 6286/8253
f 1085/1522 1086/1524 1076/1509
f 1432/1931 1556/2058 1557/2059
f 4566/5963 3524/4567 4571/5969
f 4566/5963 4567/5964 3524/4567
f 3524/4568 3521/4563 4571/5970
f 4571/5970 3521/4563 3526/4570
f 3521/4563 3525/4569 3526/4570
f 3527/4571 3520/4562 3535/4581
f 3535/4581 3520/4562 3550/4596
f 3535/4581 3550/4596 743/1057
f 3243/4216 3229/4199 3249/4223
f 1364/1863 1483/1982 1540/2040
f 791/1152 801/1162 803/1164
f 806/1167 799/1160 566/773
f 1978/2632 1975/2629 1979/2633
f 1133/1593 1417/1916 1414/1913
f 4670/6099 4671/6101 4672/6103
f 4671/6100 4669/6098 5790/7577
f 5802/7592 5787/7574 5788/7575
f 5790/7577 5801/7591 5803/7593
f 2692/3527 5199/6714 2646/3464
f 2646/3464 2635/3450 2644/3462
f 2635/3450 2636/3451 2644/3462
f 2639/3455 703/1003 702/1001
f 1626/2143 1677/2229 1563/2066
f 1523/2022 1626/2143 1563/2066
f 1563/2066 1677/2229 6313/8293
f 1076/1509 1087/1526 1556/2058
f 1432/1931 1557/2059 1433/1932
f 3525/4569 3521/4563 3518/4560
f 3525/4569 3518/4560 3527/4571
f 3518/4560 3519/4561 3527/4571
f 3527/4571 3519/4561 3520/4562
f 3550/4596 3594/4647 743/1057
f 1432/1931 1433/1932 1343/1842
f 566/772 360/397 308/341
f 790/1151 791/1152 803/1164
f 802/1163 801/1162 800/1161
f 800/1161 799/1160 802/1163
f 799/1160 567/775 566/773
f 1126/1582 1128/1585 1127/1583
f 4670/6099 4668/6096 4669/6097
f 4670/6099 4669/6097 4671/6101
f 5798/7587 5842/7645 5841/7643
f 2692/3527 2644/3462 2653/3472
f 2649/3467 2644/3462 2648/3466
f 2644/3462 2636/3451 2648/3466
f 2647/3465 2637/3452 2633/3448
f 2647/3465 2633/3448 2650/3468
f 1626/2143 6369/8384 1677/2229
f 1677/2230 6369/8385 6341/8334
f 4567/5964 4568/5965 3524/4567
f 3524/4568 4568/5966 3521/4563
f 3594/4647 3531/4577 3626/4686
f 4567/5964 4569/5967 4568/5965
f 1433/1932 1434/1933 1343/1842
f 1540/2040 1483/1982 788/1146
f 801/1162 791/1152 800/1161
f 566/772 567/774 360/397
f 799/1160 807/1168 567/775
f 1979/2633 548/737 512/666
f 1980/2634 1977/2631 1978/2632
f 5798/7587 5843/7647 5842/7645
f 1446/1945 1448/1947 1445/1944
f 2653/3472 2644/3462 2649/3467
f 2651/3469 2691/3525 2654/3474
f 1556/2058 1087/1526 1557/2059
f 4568/5966 4574/5974 3521/4563
f 4569/5967 4570/5968 4568/5965
f 3519/4561 3513/4555 3520/4562
f 3520/4562 3513/4555 3528/4572
f 3520/4562 3528/4572 3531/4577
f 3531/4577 3528/4572 3626/4686
f 3528/4572 3636/4706 3626/4686
f 807/1168 378/426 567/775
f 1126/1582 1133/1593 1128/1585
f 5791/7579 5774/7558 4669/6098
f 1417/1916 1252/1751 1414/1913
f 1414/1913 1252/1751 1413/1912
f 1248/1747 1249/1748 1250/1749
f 1250/1749 1249/1748 1446/1945
f 5295/6859 5296/6862 6464/8501
f 1445/1944 1448/1947 1522/2021
f 6464/8500 2653/3472 2649/3467
f 6464/8500 2649/3467 2698/3536
f 2650/3468 2651/3469 2654/3474
f 1597/2102 1626/2143 1523/2022
f 1522/2021 1597/2102 1523/2022
f 1626/2143 6360/8367 6369/8384
f 1088/1527 1089/1529 1087/1526
f 1089/1529 1863/2486 1087/1526
f 1433/1932 1557/2059 1568/2071
f 4570/5968 4572/5971 4568/5965
f 4568/5965 4572/5971 4574/5973
f 3518/4560 3521/4563 3517/4559
f 3518/4560 3483/4523 3519/4561
f 4602/6010 4572/5971 4570/5968
f 788/1147 789/1149 790/1151
f 790/1151 789/1149 791/1152
f 789/1149 792/1153 791/1152
f 791/1152 798/1159 800/1161
f 1982/2638 1977/2631 1983/2639
f 4664/6091 4665/6092 5791/7578
f 5787/7574 5769/7552 5788/7575
f 5788/7575 5769/7552 5775/7559
f 5791/7579 4665/6093 5774/7558
f 5774/7558 5790/7577 4669/6098
f 6464/8500 2698/3536 2697/3535
f 1565/2068 1597/2102 1522/2021
f 1597/2102 1704/2282 1626/2143
f 1626/2143 1704/2282 6360/8367
f 1087/1526 1568/2071 1557/2059
f 3522/4564 3517/4559 3521/4563
f 3518/4560 3517/4559 3483/4523
f 3483/4523 3513/4555 3519/4561
f 4601/6009 4575/5975 4602/6010
f 1364/1863 1365/1864 1483/1982
f 788/1146 1483/1982 789/1148
f 791/1152 792/1153 798/1159
f 798/1159 797/1158 799/1160
f 800/1161 798/1159 799/1160
f 799/1160 797/1158 807/1168
f 1983/2639 1980/2634 1984/2640
f 4664/6091 4666/6094 4665/6092
f 5789/7576 5766/7549 5768/7551
f 5789/7576 5768/7551 5787/7574
f 5787/7574 5768/7551 5769/7552
f 1446/1945 1447/1946 1448/1947
f 2693/3528 2654/3474 6517/8569
f 6517/8568 2654/3473 6518/8570
f 1448/1947 1565/2068 1522/2021
f 6359/8366 6278/8242 6280/8244
f 6278/8242 6279/8243 6280/8244
f 6281/8246 6279/8243 700/998
f 1863/2486 1701/2276 1568/2071
f 4572/5971 4575/5975 3523/4565
f 4572/5971 3523/4565 4574/5973
f 3523/4566 3522/4564 4574/5974
f 3513/4555 3529/4573 3528/4572
f 3529/4573 3646/4727 3636/4706
f 3528/4572 3529/4573 3636/4706
f 1340/1839 1365/1864 1364/1863
f 1483/1982 1606/2115 789/1148
f 798/1159 795/1156 797/1158
f 797/1158 830/1197 807/1168
f 807/1168 830/1197 378/426
f 5775/7559 5827/7624 373/418
f 4667/6095 4677/6110 4665/6092
f 4665/6093 4677/6111 5774/7558
f 4677/6111 5770/7553 5774/7558
f 5774/7558 5770/7553 5766/7549
f 2697/3535 2695/3531 2696/3533
f 2694/3530 2695/3531 2647/3465
f 6517/8568 6518/8570 697/993
f 6518/8570 6519/8572 697/993
f 6279/8243 6282/8248 700/998
f 1433/1932 1568/2071 1434/1933
f 4575/5975 4576/5976 3523/4565
f 4576/5976 4577/5977 3523/4565
f 3523/4566 4577/5978 3489/4529
f 3522/4564 3523/4566 3489/4529
f 3522/4564 3489/4529 3517/4559
f 3489/4529 3486/4526 3517/4559
f 3517/4559 3486/4526 3483/4523
f 3513/4555 3511/4553 3529/4573
f 4601/6009 4599/6007 4576/5976
f 792/1153 795/1156 798/1159
f 378/425 830/1196 374/419
f 795/1156 796/1157 797/1158
f 1985/2641 1992/2650 1995/2653
f 1132/1591 1133/1593 1126/1582
f 1133/1593 1138/1599 1417/1916
f 5770/7553 5767/7550 5766/7549
f 5761/7544 5772/7555 5775/7559
f 5769/7552 5761/7544 5775/7559
f 5775/7559 5772/7555 5827/7624
f 1252/1751 1248/1747 1413/1912
f 6434/8460 2697/3534 2696/3532
f 2694/3530 2693/3528 6533/8594
f 1565/2068 6274/8236 1597/2102
f 1597/2103 6287/8254 6361/8369
f 1701/2276 1857/2479 1568/2071
f 4576/5976 3496/4536 4577/5977
f 4577/5978 3496/4537 3489/4529
f 3513/4555 3483/4523 3511/4553
f 3529/4573 3647/4729 3646/4727
f 796/1157 570/781 830/1197
f 797/1158 796/1157 830/1197
f 5766/7549 5758/7541 5768/7551
f 5768/7551 5758/7541 5769/7552
f 5769/7552 5758/7541 5761/7544
f 5827/7624 5772/7555 5952/7787
f 4667/6095 4678/6112 4677/6110
f 6465/8503 6434/8460 6435/8461
f 1447/1946 1565/2068 1448/1947
f 1597/2102 6274/8236 6287/8255
f 6359/8366 6270/8231 6278/8242
f 6278/8242 6276/8239 6279/8243
f 1857/2479 1673/2222 1568/2071
f 4576/5976 4578/5979 3496/4536
f 3485/4525 3511/4553 3483/4523
f 3511/4553 3530/4576 3529/4573
f 3529/4573 3530/4576 3647/4729
f 4599/6007 4598/6006 4578/5979
f 4598/6006 4579/5980 4578/5979
f 1340/1839 1339/1838 1365/1864
f 1483/1982 1365/1864 1484/1983
f 1483/1982 1484/1983 1606/2115
f 789/1149 793/1154 792/1153
f 793/1154 794/1155 792/1153
f 794/1155 796/1157 795/1156
f 1134/1594 1138/1599 1133/1593
f 1132/1591 1134/1594 1133/1593
f 1138/1599 1252/1751 1417/1916
f 5772/7555 5765/7548 5952/7787
f 4678/6112 4679/6113 4677/6110
f 4679/6114 5771/7554 5770/7553
f 4677/6111 4679/6114 5770/7553
f 5770/7553 5771/7554 5767/7550
f 5766/7549 5767/7550 5757/7540
f 5766/7549 5757/7540 5758/7541
f 6556/8630 6465/8503 6435/8461
f 6287/8254 6270/8231 6359/8366
f 6270/8231 6276/8239 6278/8242
f 6279/8243 6276/8239 6282/8248
f 4578/5979 4579/5980 3496/4536
f 4579/5980 4580/5981 3496/4536
f 3496/4537 4580/5982 3489/4529
f 3486/4526 3484/4524 3483/4523
f 3483/4523 3484/4524 3485/4525
f 4598/6006 4581/5983 4579/5980
f 1434/1933 1435/1934 1343/1842
f 570/780 911/1296 374/419
f 789/1149 1649/2177 793/1154
f 792/1153 794/1155 795/1156
f 794/1155 819/1182 796/1157
f 796/1157 819/1182 820/1183
f 796/1157 820/1183 831/1198
f 796/1157 831/1198 570/781
f 1993/2651 1985/2641 1994/2652
f 1995/2653 398/462 495/633
f 5771/7554 5757/7540 5767/7550
f 5761/7544 5765/7548 5772/7555
f 4678/6112 4680/6115 4679/6113
f 6556/8630 6435/8461 6439/8467
f 6439/8467 6435/8461 6430/8455
f 6430/8455 6434/8460 6433/8459
f 1559/2062 1565/2068 1447/1946
f 1565/2068 6273/8234 6274/8236
f 6273/8235 6271/8232 6274/8237
f 1673/2222 1595/2099 1568/2071
f 1568/2071 1595/2099 1434/1933
f 4579/5980 4581/5983 4580/5981
f 3489/4529 4580/5982 3490/4530
f 3489/4529 3490/4530 3487/4527
f 3489/4529 3487/4527 3486/4526
f 3511/4553 3485/4525 3510/4552
f 3511/4553 3510/4552 3530/4576
f 3530/4576 3510/4552 3676/4779
f 4593/6000 4582/5984 4581/5983
f 3486/4526 3487/4527 3484/4524
f 1606/2115 1484/1983 1649/2176
f 1606/2116 1649/2177 789/1149
f 1994/2652 1995/2653 495/633
f 1132/1591 1135/1595 1134/1594
f 5757/7540 5755/7538 5758/7541
f 5758/7541 5755/7538 5760/7543
f 5758/7541 5760/7543 5761/7544
f 5761/7544 5760/7543 5764/7547
f 5761/7544 5764/7547 5765/7548
f 5765/7548 5764/7547 364/402
f 4680/6115 5773/7556 4679/6113
f 4679/6114 5773/7557 5771/7554
f 1264/1763 1559/2062 1447/1946
f 1446/1945 1264/1763 1447/1946
f 6442/8470 6431/8456 6475/8517
f 6432/8458 6439/8467 6430/8455
f 6475/8517 6509/8559 6442/8470
f 1559/2062 6273/8234 1565/2068
f 6271/8232 6268/8229 6270/8231
f 6270/8231 6275/8238 6276/8239
f 1673/2222 1699/2272 1595/2099
f 4582/5984 4583/5985 4580/5981
f 4580/5982 4583/5986 3490/4530
f 3510/4552 3544/4590 3676/4779
f 3487/4527 3488/4528 3484/4524
f 1343/1842 1341/1840 1340/1839
f 1484/1983 1578/2081 1649/2176
f 820/1183 836/1204 831/1198
f 831/1198 836/1204 911/1297
f 1999/2658 1991/2649 1989/2647
f 1999/2658 1989/2647 1997/2656
f 1989/2647 1993/2651 1997/2656
f 5764/7547 382/433 364/402
f 4680/6116 5909/7728 5773/7557
f 5773/7557 5781/7567 5771/7554
f 5781/7567 5756/7539 5771/7554
f 5771/7554 5756/7539 5757/7540
f 6424/8447 6432/8458 6430/8455
f 6431/8456 6442/8470 6429/8454
f 6514/8565 785/1141 6516/8567
f 6516/8567 785/1141 693/988
f 6270/8231 6269/8230 6275/8238
f 6275/8238 6277/8241 6276/8239
f 1434/1933 1595/2099 1542/2043
f 1434/1933 1542/2043 1435/1934
f 4582/5984 4585/5989 4583/5985
f 4583/5986 4586/5991 3490/4530
f 3490/4530 3491/4531 3487/4527
f 3491/4531 3488/4528 3487/4527
f 3544/4590 3654/4744 3676/4779
f 4593/6000 4592/5999 4582/5984
f 3484/4524 3488/4528 3493/4533
f 3484/4524 3493/4533 3485/4525
f 3485/4525 3493/4533 3510/4552
f 1435/1934 1436/1935 1343/1842
f 1340/1839 1341/1840 1339/1838
f 1649/2177 828/1194 793/1154
f 793/1154 828/1194 826/1192
f 819/1182 827/1193 820/1183
f 1135/1595 1136/1597 1134/1594
f 1136/1597 1251/1750 1138/1599
f 1134/1594 1136/1597 1138/1599
f 1138/1599 1251/1750 1252/1751
f 5909/7728 5781/7567 5773/7557
f 5757/7540 5756/7539 5755/7538
f 1252/1751 1249/1748 1248/1747
f 1249/1748 1264/1763 1446/1945
f 6424/8447 6430/8455 6429/8454
f 6276/8239 6277/8241 760/1089
f 4585/5989 4586/5990 4583/5985
f 3544/4590 3512/4554 3654/4744
f 4587/5992 4585/5989 4592/5999
f 4923/6403 4587/5992 4592/5999
f 3493/4533 3512/4554 3510/4552
f 3510/4552 3512/4554 3544/4590
f 1484/1983 1365/1864 1482/1981
f 793/1154 826/1192 794/1155
f 826/1192 827/1193 794/1155
f 794/1155 827/1193 819/1182
f 827/1193 832/1199 820/1183
f 820/1183 832/1199 836/1204
f 5313/6891 5780/7566 5781/7567
f 5781/7567 5780/7566 5756/7539
f 5756/7539 5737/7516 5755/7538
f 5755/7538 5759/7542 5760/7543
f 5759/7542 5763/7546 5764/7547
f 5760/7543 5759/7542 5764/7547
f 5764/7547 5763/7546 382/433
f 6423/8446 6442/8470 6565/8649
f 6442/8470 6512/8563 6565/8649
f 6455/8487 6424/8447 6467/8506
f 5338/6942 6455/8488 6467/8507
f 6423/8446 6429/8454 6442/8470
f 6514/8565 6516/8567 6515/8566
f 6515/8566 6516/8567 691/984
f 1559/2062 6362/8370 6273/8234
f 6273/8235 6362/8371 6272/8233
f 1699/2272 1700/2274 1595/2099
f 4586/5991 3491/4531 3490/4530
f 3512/4554 3673/4774 3654/4744
f 1484/1983 1482/1981 1578/2081
f 1578/2082 835/1203 1649/2177
f 1649/2177 835/1203 828/1194
f 832/1199 837/1205 836/1204
f 5780/7566 5738/7517 5756/7539
f 5756/7539 5738/7517 5737/7516
f 1254/1753 1264/1763 1249/1748
f 6565/8649 6513/8564 6528/8585
f 1521/2020 6362/8370 1559/2062
f 1264/1763 1521/2020 1559/2062
f 6269/8230 6288/8256 6275/8238
f 1700/2274 1635/2154 1595/2099
f 1595/2099 1635/2154 1542/2043
f 4588/5993 3501/4542 4586/5990
f 3501/4543 3497/4538 4586/5991
f 4586/5991 3497/4538 3491/4531
f 3493/4533 3506/4548 3512/4554
f 4594/6001 4588/5993 4587/5992
f 3491/4531 3492/4532 3488/4528
f 3488/4528 3494/4534 3493/4533
f 1436/1935 1437/1936 1343/1842
f 1343/1842 1437/1936 1341/1840
f 1339/1838 1366/1865 1365/1864
f 1365/1864 1366/1865 1482/1981
f 826/1192 833/1200 827/1193
f 5321/6908 5322/6910 5780/7566
f 5322/6910 5786/7573 5780/7566
f 5780/7566 5786/7573 5738/7517
f 5763/7546 5861/7670 6006/7855
f 6428/8453 5338/6943 6421/8444
f 6520/8573 6515/8566 6521/8574
f 6521/8574 6515/8566 689/981
f 6289/8257 6266/8227 6268/8229
f 6268/8229 6266/8227 6267/8228
f 6267/8228 6288/8256 6269/8230
f 4588/5993 4589/5994 3501/4542
f 3491/4531 3497/4538 3492/4532
f 3506/4548 3672/4772 3673/4774
f 4594/6001 4589/5994 4588/5993
f 835/1203 829/1195 828/1194
f 828/1194 829/1195 826/1192
f 826/1192 829/1195 833/1200
f 827/1193 833/1200 834/1201
f 827/1193 834/1201 832/1199
f 2004/2664 1998/2657 2003/2663
f 1999/2658 1997/2656 2002/2662
f 2002/2662 1997/2656 2001/2661
f 1136/1597 1137/1598 1251/1750
f 5786/7573 5782/7568 5738/7517
f 5738/7517 5726/7505 5737/7516
f 5726/7505 5725/7504 5737/7516
f 5737/7516 5725/7504 5728/7507
f 5759/7542 5731/7510 5763/7546
f 5763/7546 5731/7510 5799/7588
f 5763/7546 5799/7588 5861/7670
f 1265/1764 1521/2020 1264/1763
f 6362/8371 6266/8227 6289/8257
f 6277/8241 783/1137 767/1102
f 1700/2274 1706/2285 1635/2154
f 1435/1934 1542/2043 1436/1935
f 4589/5995 3500/4541 3501/4543
f 3501/4543 3500/4541 3497/4538
f 3497/4538 3498/4539 3492/4532
f 3492/4532 3494/4534 3488/4528
f 3492/4532 3495/4535 3494/4534
f 3493/4533 3505/4547 3506/4548
f 3493/4533 3494/4534 3505/4547
f 3506/4548 3505/4547 3672/4772
f 4594/6001 4595/6002 4589/5994
f 1578/2081 1482/1981 835/1202
f 832/1199 846/1215 837/1205
f 2000/2659 1137/1598 1136/1597
f 1254/1753 1263/1762 1264/1763
f 1264/1763 1263/1762 1265/1764
f 5297/6864 6428/8453 6425/8448
f 6420/8443 6422/8445 6452/8480
f 6564/8648 6565/8650 6528/8584
f 6520/8573 6527/8583 6513/8564
f 6520/8573 6521/8574 6522/8575
f 6522/8575 6521/8574 688/979
f 1521/2020 6292/8261 6362/8370
f 6362/8371 6292/8262 6266/8227
f 6266/8227 6256/8212 6267/8228
f 1706/2285 1845/2464 1635/2154
f 1542/2043 1543/2044 1436/1935
f 4589/5995 4596/6004 3500/4541
f 3500/4541 3498/4539 3497/4538
f 3498/4539 3495/4535 3492/4532
f 3505/4547 3671/4770 3672/4772
f 1482/1981 1549/2050 835/1202
f 829/1195 839/1207 833/1200
f 833/1200 839/1207 834/1201
f 2011/2675 1137/1598 2000/2659
f 5324/6913 5783/7569 5786/7573
f 5786/7573 5783/7569 5782/7568
f 5731/7510 5800/7590 5799/7588
f 5799/7588 5800/7590 368/409
f 5783/7569 5726/7505 5782/7568
f 1252/1751 1251/1750 1249/1748
f 6417/8440 6420/8443 6452/8480
f 1521/2020 1662/2200 6292/8261
f 6266/8227 6265/8226 6256/8212
f 783/1136 6312/8291 690/983
f 4596/6004 3514/4556 3500/4541
f 3514/4556 3499/4540 3500/4541
f 3500/4541 3499/4540 3498/4539
f 3495/4535 3502/4544 3494/4534
f 3494/4534 3507/4549 3505/4547
f 3505/4547 3507/4549 3534/4580
f 3505/4547 3534/4580 3671/4770
f 3534/4580 3655/4746 3671/4770
f 4595/6002 4597/6005 4596/6003
f 1366/1865 1367/1866 1482/1981
f 835/1203 854/1224 838/1206
f 835/1203 838/1206 829/1195
f 1137/1598 1257/1756 1251/1750
f 5783/7569 5727/7506 5726/7505
f 5727/7506 5718/7497 5726/7505
f 5726/7505 5718/7497 5725/7504
f 5728/7507 5731/7510 5759/7542
f 5214/6738 5297/6864 6440/8468
f 5297/6864 6425/8448 6440/8468
f 6440/8468 6425/8448 6419/8442
f 6523/8576 6522/8575 6524/8577
f 6524/8577 6522/8575 6546/8611
f 6292/8262 6264/8225 6265/8226
f 6256/8212 6288/8256 6267/8228
f 1542/2043 1635/2154 1543/2044
f 3514/4556 3515/4557 3499/4540
f 1436/1935 1543/2044 1437/1936
f 1482/1981 1367/1866 1549/2050
f 846/1214 355/391 359/395
f 1549/2051 854/1224 835/1203
f 5728/7507 5725/7504 5717/7496
f 5731/7510 385/439 5800/7590
f 1251/1750 1257/1756 1253/1752
f 5727/7506 5762/7545 5718/7497
f 1251/1750 1253/1752 1249/1748
f 1249/1748 1253/1752 1254/1753
f 6524/8577 6546/8611 685/975
f 1662/2200 6264/8224 6292/8261
f 6256/8212 6339/8332 6288/8256
f 6339/8332 6259/8216 783/1137
f 6288/8256 6339/8332 783/1137
f 783/1137 6259/8216 6312/8292
f 1635/2154 1634/2153 1543/2044
f 3560/4610 3515/4557 3514/4556
f 3495/4535 3498/4539 3499/4540
f 3495/4535 3499/4540 3502/4544
f 3494/4534 3502/4544 3507/4549
f 3507/4549 3533/4579 3534/4580
f 3534/4580 3645/4725 3655/4746
f 3534/4580 3533/4579 3645/4725
f 846/1215 847/1216 916/1308
f 846/1214 916/1307 355/391
f 829/1195 838/1206 840/1208
f 829/1195 840/1208 839/1207
f 839/1207 840/1208 834/1201
f 843/1211 832/1199 834/1201
f 843/1211 844/1212 832/1199
f 832/1199 847/1216 846/1215
f 2011/2675 1139/1600 1137/1598
f 5779/7565 5719/7498 5762/7545
f 5815/7607 5779/7565 5762/7545
f 5762/7545 5719/7498 5718/7497
f 5718/7497 5717/7496 5725/7504
f 1254/1753 1262/1761 1263/1762
f 6419/8442 6417/8440 6416/8439
f 6416/8439 6417/8440 6415/8438
f 6415/8438 6564/8647 6441/8469
f 6441/8469 6564/8647 6563/8645
f 6523/8576 6524/8577 685/975
f 6259/8216 686/977 6312/8292
f 1635/2154 1678/2231 1634/2153
f 3560/4610 3559/4608 3515/4557
f 3559/4608 3516/4558 3515/4557
f 3516/4558 3499/4540 3515/4557
f 3502/4544 3508/4550 3507/4549
f 4604/6012 4605/6013 3559/4607
f 1339/1838 1367/1866 1366/1865
f 1367/1866 1536/2036 1549/2050
f 1549/2050 1536/2036 854/1223
f 840/1208 843/1211 834/1201
f 1139/1600 1257/1756 1137/1598
f 5872/7682 5826/7622 5777/7562
f 5872/7682 5777/7562 5871/7680
f 5871/7680 5777/7562 5779/7565
f 5779/7565 5777/7562 5719/7498
f 5717/7496 5722/7501 5728/7507
f 5728/7507 5722/7501 5731/7510
f 5731/7510 5722/7501 380/429
f 5731/7510 380/429 385/439
f 6412/8435 6415/8438 6441/8469
f 1263/1762 1262/1761 1521/2020
f 1263/1762 1521/2020 1265/1764
f 6264/8225 1703/2281 6256/8212
f 6256/8212 6258/8215 6339/8332
f 4605/6013 4607/6017 3559/4607
f 3559/4608 4607/6016 3516/4558
f 3499/4540 3503/4545 3504/4546
f 3499/4540 3504/4546 3502/4544
f 3504/4546 3508/4550 3502/4544
f 3508/4550 3509/4551 3507/4549
f 3509/4551 3760/4911 3533/4579
f 3507/4549 3509/4551 3533/4579
f 3533/4579 3662/4756 3645/4725
f 3533/4579 3760/4911 3662/4756
f 838/1206 841/1209 840/1208
f 844/1212 845/1213 832/1199
f 832/1199 845/1213 847/1216
f 1142/1603 1139/1600 2011/2675
f 5778/7564 5732/7511 5777/7562
f 5722/7501 5784/7571 380/429
f 5777/7562 5732/7511 5719/7498
f 5732/7511 5712/7491 5719/7498
f 5719/7498 5712/7491 5718/7497
f 5718/7497 5712/7491 5717/7496
f 1521/2020 1619/2133 1662/2200
f 1703/2281 6255/8211 6256/8212
f 6258/8215 6252/8206 6339/8332
f 4605/6014 3630/4693 4607/6016
f 4607/6016 3532/4578 3516/4558
f 3516/4558 3503/4545 3499/4540
f 3516/4558 3532/4578 3503/4545
f 841/1209 842/1210 843/1211
f 841/1209 843/1211 840/1208
f 847/1216 845/1213 549/739
f 5826/7621 5134/6638 5778/7563
f 1261/1760 1262/1761 1254/1753
f 6454/8485 6525/8579 6526/8581
f 6255/8211 6251/8205 6256/8212
f 6256/8212 6251/8205 6258/8215
f 1634/2153 1866/2490 1437/1936
f 1634/2153 1437/1936 1543/2044
f 3760/4910 3660/4753 3662/4755
f 3508/4550 3543/4589 3509/4551
f 3509/4551 3543/4589 3760/4911
f 1536/2036 915/1305 854/1223
f 854/1224 848/1217 838/1206
f 838/1206 848/1217 841/1209
f 4456/5818 2005/2665 2008/2670
f 5722/7501 5785/7572 5784/7571
f 5778/7564 5733/7512 5732/7511
f 5732/7511 5733/7512 5712/7491
f 5712/7491 5715/7494 5717/7496
f 1262/1761 1619/2133 1521/2020
f 1619/2133 6255/8210 1703/2280
f 6258/8215 6251/8205 6252/8206
f 6251/8205 6250/8204 6252/8206
f 3630/4693 3540/4586 4607/6016
f 4607/6016 3540/4586 3532/4578
f 3503/4545 3539/4585 3541/4587
f 3503/4545 3541/4587 3504/4546
f 3504/4546 3542/4588 3508/4550
f 3508/4550 3542/4588 3543/4589
f 549/738 356/392 916/1307
f 842/1210 849/1218 843/1211
f 843/1211 850/1219 844/1212
f 844/1212 850/1219 845/1213
f 845/1213 850/1219 853/1222
f 845/1213 853/1222 549/739
f 5854/7660 5804/7594 5778/7564
f 5804/7594 5733/7512 5778/7564
f 5717/7496 5715/7494 5722/7501
f 5722/7501 5729/7508 5785/7572
f 1253/1752 1259/1758 1254/1753
f 1261/1760 1619/2133 1262/1761
f 6255/8211 6253/8207 6251/8205
f 6252/8206 6250/8204 686/977
f 1835/2453 1861/2484 1866/2491
f 3630/4693 3651/4737 3540/4586
f 3532/4578 3539/4585 3503/4545
f 3504/4546 3541/4587 3542/4588
f 3543/4589 3556/4604 3760/4911
f 3760/4910 3556/4603 3660/4753
f 915/1306 848/1217 854/1224
f 841/1209 848/1217 842/1210
f 842/1210 852/1221 849/1218
f 843/1211 849/1218 850/1219
f 853/1222 895/1273 549/739
f 1142/1603 1143/1605 1139/1600
f 1139/1600 1143/1605 1257/1756
f 5722/7501 5715/7494 5716/7495
f 5722/7501 5716/7495 5729/7508
f 5785/7572 5729/7508 5874/7686
f 5733/7512 5711/7490 5712/7491
f 1254/1753 1260/1759 1261/1760
f 1261/1760 1645/2169 1619/2133
f 3651/4737 3632/4697 3540/4586
f 3532/4578 3540/4586 3539/4585
f 3543/4589 3557/4605 3556/4604
f 1437/1936 1438/1937 1341/1840
f 1367/1866 1368/1867 1536/2036
f 1536/2036 1368/1867 915/1305
f 848/1217 851/1220 842/1210
f 851/1220 852/1221 842/1210
f 1142/1603 4453/5813 1143/1605
f 5729/7508 5873/7684 5874/7686
f 5708/7486 5710/7489 5711/7490
f 5807/7597 5708/7486 5711/7490
f 5711/7490 5710/7489 5712/7491
f 5710/7489 5713/7492 5712/7491
f 1257/1756 1256/1755 1253/1752
f 1437/1936 1866/2490 1438/1937
f 3632/4697 3553/4599 3540/4586
f 3553/4599 3558/4606 3539/4585
f 3540/4586 3553/4599 3539/4585
f 3539/4585 3558/4606 3541/4587
f 3543/4589 3555/4602 3557/4605
f 3557/4605 3641/4716 3556/4604
f 915/1306 896/1274 848/1217
f 5716/7495 5730/7509 5729/7508
f 5729/7508 5730/7509 5873/7684
f 6545/8609 6541/8603 6543/8606
f 1261/1760 1630/2148 1645/2169
f 1645/2170 6257/8214 6253/8207
f 6253/8207 6257/8214 6254/8209
f 6249/8203 6248/8202 6250/8204
f 3633/4699 3597/4650 3553/4599
f 3632/4697 3633/4699 3553/4599
f 3542/4588 3554/4601 3543/4589
f 3543/4589 3554/4601 3555/4602
f 3557/4605 3555/4602 3641/4716
f 915/1305 1368/1867 914/1303
f 915/1306 914/1304 896/1274
f 850/1219 857/1227 853/1222
f 857/1227 542/725 895/1273
f 853/1222 857/1227 895/1273
f 1143/1605 1255/1754 1257/1756
f 5750/7532 5736/7515 5705/7482
f 6207/8144 5750/7530 5705/7481
f 5730/7509 270/300 5873/7684
f 6207/8145 5707/7484 5750/7531
f 5705/7482 5736/7515 5710/7489
f 5736/7515 5720/7499 5710/7489
f 5710/7489 5720/7499 5713/7492
f 5713/7492 5714/7493 5715/7494
f 5715/7494 5714/7493 5716/7495
f 1259/1758 1260/1759 1254/1753
f 5244/6778 6553/8624 6547/8612
f 1630/2148 6257/8213 1645/2169
f 6250/8204 6248/8202 761/1091
f 761/1091 6248/8202 683/972
f 1866/2490 1653/2184 1438/1937
f 3553/4599 3597/4650 3558/4606
f 3541/4587 2418/3176 3542/4588
f 3542/4588 2418/3176 3554/4601
f 1341/1840 1440/1939 1339/1838
f 1339/1838 1338/1837 1367/1866
f 896/1274 856/1226 848/1217
f 856/1226 855/1225 851/1220
f 848/1217 856/1226 851/1220
f 851/1220 855/1225 852/1221
f 852/1221 858/1228 849/1218
f 1144/1606 1255/1754 1143/1605
f 4453/5813 1144/1606 1143/1605
f 5750/7532 4720/6179 5754/7537
f 5750/7532 5754/7537 5736/7515
f 1256/1755 1259/1758 1253/1752
f 1260/1759 1266/1765 1261/1760
f 6254/8209 6262/8221 6249/8203
f 6262/8221 6246/8199 6249/8203
f 6249/8203 6246/8199 6248/8202
f 1825/2438 1824/2437 1866/2491
f 1438/1937 1653/2184 1439/1938
f 3633/4699 3598/4651 3597/4650
f 3597/4650 3598/4651 3558/4606
f 3558/4606 2418/3176 3541/4587
f 3554/4601 3599/4652 3555/4602
f 3599/4652 3631/4695 3555/4602
f 3555/4602 3631/4695 3641/4716
f 1439/1938 1440/1939 1341/1840
f 1438/1937 1439/1938 1341/1840
f 1440/1939 1337/1836 1339/1838
f 1339/1838 1337/1836 1338/1837
f 1367/1866 1338/1837 1368/1867
f 1368/1867 1512/2011 914/1303
f 852/1221 855/1225 858/1228
f 849/1218 858/1228 850/1219
f 4453/5813 4450/5808 1144/1606
f 5747/7527 5735/7514 5754/7537
f 1255/1754 1256/1755 1257/1756
f 4720/6179 5747/7527 5754/7537
f 5754/7537 5735/7514 5736/7515
f 6398/8419 6453/8482 6477/8520
f 1261/1760 1266/1765 1630/2148
f 1630/2148 1702/2277 6257/8213
f 6246/8199 6247/8201 6248/8202
f 6248/8202 6247/8201 683/972
f 1824/2436 1705/2284 1653/2184
f 3598/4651 2405/3159 3558/4606
f 3558/4606 2405/3159 2418/3176
f 3644/4723 3598/4651 3633/4699
f 896/1274 914/1304 856/1226
f 4446/5803 4455/5817 4445/5802
f 5747/7527 5746/7525 5735/7514
f 5736/7515 5735/7514 5720/7499
f 5716/7495 5724/7503 5730/7509
f 5730/7509 5753/7536 387/443
f 1266/1765 1648/2175 1630/2148
f 3644/4723 2419/3178 3598/4651
f 3598/4651 2419/3178 2405/3159
f 2418/3176 2405/3159 2416/3173
f 2416/3172 2417/3174 2418/3175
f 2418/3175 2417/3174 2406/3160
f 2418/3175 2406/3160 3554/4600
f 3554/4600 2406/3160 3599/4653
f 3599/4652 3650/4735 3631/4695
f 542/724 357/393 356/392
f 850/1219 859/1229 857/1227
f 857/1227 859/1229 866/1238
f 857/1227 866/1238 542/725
f 5753/7536 5776/7561 387/443
f 5747/7527 5233/6761 5746/7525
f 5746/7525 5745/7524 5735/7514
f 5735/7514 5721/7500 5720/7499
f 5720/7499 5721/7500 5714/7493
f 5714/7493 5723/7502 5716/7495
f 5716/7495 5723/7502 5724/7503
f 5730/7509 5724/7503 5753/7536
f 1256/1755 1270/1769 1259/1758
f 6257/8214 1702/2278 6254/8209
f 6254/8208 1702/2279 6244/8197
f 6254/8208 6244/8197 6262/8222
f 6262/8221 6244/8196 6246/8199
f 6244/8196 6245/8198 6246/8199
f 6246/8199 6245/8198 6247/8201
f 6247/8200 6260/8217 681/968
f 3644/4722 2433/3204 2419/3177
f 2406/3160 2413/3168 3599/4653
f 2413/3168 3653/4741 3599/4653
f 914/1304 1647/2174 856/1226
f 856/1226 865/1236 855/1225
f 855/1225 860/1230 858/1228
f 858/1228 860/1230 859/1229
f 858/1228 859/1229 850/1219
f 5233/6761 5428/7126 5746/7525
f 5746/7525 5428/7126 5745/7524
f 5724/7503 5776/7561 5753/7536
f 6247/8201 6245/8198 6260/8218
f 2433/3204 2415/3171 2419/3177
f 2419/3177 2415/3171 2410/3164
f 2419/3177 2410/3164 2405/3158
f 914/1303 1512/2011 1647/2173
f 856/1226 863/1234 865/1236
f 5233/6760 5113/6615 5428/7125
f 5721/7500 5734/7513 5714/7493
f 5734/7513 5723/7502 5714/7493
f 5723/7502 5739/7518 5724/7503
f 1260/1759 1267/1766 1266/1765
f 6403/8424 6476/8518 6389/8409
f 1648/2175 6243/8194 1702/2277
f 1702/2278 6243/8195 6244/8196
f 6244/8196 6243/8195 6241/8192
f 6241/8192 6315/8297 6245/8198
f 6244/8196 6241/8192 6245/8198
f 1653/2184 1636/2155 1439/1938
f 1439/1938 1636/2155 1440/1939
f 4853/6329 2415/3171 2433/3204
f 6056/7923 3309/4298 6070/7952
f 1368/1867 1369/1868 1512/2011
f 855/1225 865/1236 860/1230
f 859/1229 568/777 866/1238
f 4450/5808 1145/1607 1144/1606
f 1144/1606 1145/1607 1255/1754
f 5113/6615 5751/7533 5428/7125
f 5751/7534 5748/7528 5745/7524
f 5428/7126 5751/7534 5745/7524
f 5745/7524 5748/7528 5721/7500
f 5724/7503 5741/7520 272/303
f 5724/7503 272/303 5776/7561
f 5776/7560 272/302 222/251
f 1270/1769 1269/1768 1259/1758
f 1259/1758 1269/1768 1260/1759
f 6391/8411 6401/8422 6396/8417
f 6245/8198 6315/8297 6260/8218
f 4853/6329 2411/3165 2415/3171
f 2415/3171 2411/3165 2410/3164
f 2405/3158 2404/3157 2403/3156
f 2405/3158 2403/3156 2416/3172
f 2403/3156 2402/3155 2417/3174
f 2416/3172 2403/3156 2417/3174
f 2417/3174 2402/3155 2406/3160
f 2406/3160 2412/3167 2413/3168
f 2413/3168 2412/3167 3653/4741
f 3653/4740 3665/4760 3650/4734
f 3653/4741 2412/3167 3665/4761
f 5748/7528 5742/7521 5721/7500
f 5734/7513 5740/7519 5723/7502
f 5723/7502 5740/7519 5739/7518
f 5739/7518 5741/7520 5724/7503
f 1267/1766 1648/2175 1266/1765
f 6241/8192 6242/8193 6315/8297
f 6315/8298 6240/8191 6260/8219
f 2411/3165 2409/3163 2410/3164
f 2410/3164 2409/3163 2404/3157
f 2410/3164 2404/3157 2405/3158
f 2406/3160 2402/3155 2400/3153
f 2406/3160 2400/3153 2412/3167
f 1368/1867 1338/1837 1369/1868
f 1512/2011 1513/2012 1647/2173
f 860/1230 861/1231 859/1229
f 859/1229 861/1231 862/1232
f 859/1229 867/1239 568/777
f 867/1239 539/719 568/777
f 4450/5808 1146/1608 1145/1607
f 1145/1607 1258/1757 1255/1754
f 5741/7520 5830/7631 272/303
f 1260/1759 1268/1767 1267/1766
f 6242/8193 6240/8190 6315/8297
f 1814/2421 1810/2416 1636/2155
f 2411/3165 2437/3212 2409/3163
f 2409/3163 2408/3162 2404/3157
f 1440/1939 1466/1965 1337/1836
f 1647/2173 1513/2012 863/1233
f 1647/2174 863/1234 856/1226
f 863/1234 864/1235 865/1236
f 865/1236 861/1231 860/1230
f 4441/5798 4444/5801 4442/5799
f 1146/1608 1147/1610 1145/1607
f 5751/7534 5209/6731 5742/7521
f 5742/7521 5752/7535 5734/7513
f 5739/7518 5740/7519 5743/7522
f 5739/7518 5743/7522 5741/7520
f 5743/7522 5744/7523 5741/7520
f 5741/7520 5744/7523 5830/7631
f 1267/1766 1681/2237 1648/2175
f 1681/2238 6237/8186 6243/8195
f 6243/8195 6237/8186 6241/8192
f 6972/9188 6968/9183 6970/9186
f 6970/9186 6968/9183 6966/9181
f 6970/9186 6966/9181 6971/9187
f 6971/9187 6966/9181 6974/9191
f 6966/9181 6986/9205 6974/9191
f 6973/9190 6968/9183 6972/9188
f 6973/9190 7208/9483 6969/9185
f 6973/9190 6969/9185 6968/9183
f 6968/9183 6964/9179 6966/9181
f 6964/9179 6965/9180 6966/9181
f 6966/9181 6967/9182 6981/9199
f 6966/9181 6981/9199 6986/9205
f 6965/9180 6967/9182 6966/9181
f 6968/9183 6969/9185 6964/9179
f 6967/9182 6978/9195 6981/9199
f 6969/9184 7208/9482 7014/9248
f 6969/9185 6980/9197 6979/9196
f 6969/9185 6979/9196 6964/9179
f 6964/9179 6979/9196 6965/9180
f 6979/9196 6978/9195 6965/9180
f 6965/9180 6978/9195 6967/9182
f 6978/9195 6690/8813 6981/9199
f 6969/9185 7014/9249 6980/9197
f 6982/9200 6983/9201 6979/9196
f 6980/9197 6982/9200 6979/9196
f 6979/9196 6983/9201 6978/9195
f 6978/9195 6985/9203 6690/8813
f 6983/9201 6984/9202 6978/9195
f 6984/9202 6985/9203 6978/9195
f 1440/1939 1636/2155 1466/1965
f 2426/3192 2408/3162 2409/3163
f 2437/3212 2426/3192 2409/3163
f 2408/3162 2407/3161 2404/3157
f 2404/3157 2407/3161 2401/3154
f 2404/3157 2401/3154 2403/3156
f 2403/3156 2401/3154 2402/3155
f 2402/3155 2399/3152 2400/3153
f 2400/3153 2414/3170 2412/3167
f 2412/3167 2414/3170 3665/4761
f 1512/2011 1369/1868 1513/2012
f 357/393 539/718 358/394
f 864/1235 861/1231 865/1236
f 859/1229 862/1232 867/1239
f 1146/1608 1148/1611 1147/1610
f 1147/1610 1258/1757 1145/1607
f 5209/6731 5752/7535 5742/7521
f 1255/1754 1258/1757 1256/1755
f 5734/7513 5749/7529 5740/7519
f 6538/8600 6567/8654 6539/8601
f 6539/8601 6567/8654 6390/8410
f 6390/8410 6444/8472 6388/8408
f 6241/8192 6237/8186 6238/8187
f 6238/8187 6242/8193 6241/8192
f 6242/8193 6238/8187 6240/8190
f 6240/8190 6238/8187 6239/8188
f 6239/8188 6261/8220 6240/8190
f 6240/8190 6261/8220 678/964
f 7010/9243 6973/9190 6972/9188
f 7010/9243 6972/9188 6977/9194
f 6977/9194 6970/9186 6976/9193
f 6975/9192 6970/9186 6971/9187
f 6971/9187 6974/9191 6694/8821
f 6975/9192 6971/9187 6694/8821
f 6977/9194 6972/9188 6970/9186
f 6974/9191 6986/9205 6694/8821
f 7010/9242 7181/9454 6973/9189
f 6973/9189 7181/9454 7208/9482
f 6986/9204 6653/8756 6654/8757
f 7181/9454 7203/9477 7208/9482
f 7208/9482 7203/9477 7014/9248
f 6990/9210 6982/9200 6980/9197
f 7014/9249 6990/9210 6980/9197
f 7014/9248 7203/9477 6990/9209
f 6690/8813 6985/9203 7005/9232
f 6982/9200 6990/9210 6988/9207
f 6982/9200 6988/9207 6983/9201
f 6983/9201 6988/9207 6989/9208
f 6983/9201 6989/9208 6984/9202
f 6984/9202 6987/9206 6985/9203
f 6985/9203 6987/9206 6991/9211
f 6985/9203 6991/9211 7005/9232
f 6989/9208 6987/9206 6984/9202
f 1636/2155 1616/2129 1466/1965
f 2402/3155 2401/3154 2399/3152
f 2400/3153 2397/3149 2414/3170
f 1337/1836 1336/1835 1338/1837
f 1513/2012 1628/2145 863/1233
f 867/1239 907/1288 539/719
f 5209/6731 5112/6614 5752/7535
f 5792/7580 5749/7529 5752/7535
f 5752/7535 5749/7529 5734/7513
f 5744/7523 5795/7583 6027/7882
f 5744/7523 6027/7882 5830/7631
f 1260/1759 1269/1768 1268/1767
f 1267/1766 6235/8182 1681/2237
f 1681/2238 6235/8183 6237/8186
f 7011/9244 6977/9194 6976/9193
f 7216/9497 7010/9243 6977/9194
f 7216/9496 7171/9444 7010/9242
f 6975/9192 6694/8821 6693/8819
f 7010/9242 7171/9444 7181/9454
f 7171/9444 7158/9431 7181/9454
f 7181/9454 7158/9431 7203/9477
f 7203/9477 7158/9431 7201/9475
f 7203/9477 7201/9475 6990/9209
f 6990/9209 7201/9475 6992/9212
f 6990/9210 6992/9213 6988/9207
f 6991/9211 6696/8825 7005/9232
f 6992/9213 6993/9215 6988/9207
f 6988/9207 6994/9216 6989/9208
f 6994/9216 6987/9206 6989/9208
f 6987/9206 6696/8825 6991/9211
f 6987/9206 6995/9217 6696/8825
f 5311/6888 2396/3148 2408/3162
f 2426/3192 5311/6888 2408/3162
f 2407/3161 2392/3143 2401/3154
f 2400/3153 2399/3152 2388/3139
f 2397/3149 3667/4764 2414/3170
f 1466/1965 1465/1964 1337/1836
f 863/1234 868/1241 864/1235
f 864/1235 869/1242 861/1231
f 862/1232 557/755 867/1239
f 4439/5796 4444/5801 4441/5798
f 5749/7529 5794/7582 5740/7519
f 5740/7519 5794/7582 5743/7522
f 5743/7522 5794/7582 5796/7584
f 5796/7584 5795/7583 5743/7522
f 5743/7522 5795/7583 5744/7523
f 1268/1767 1587/2091 1267/1766
f 7012/9245 6693/8819 6698/8829
f 7216/9497 6977/9194 7229/9525
f 7229/9525 6977/9194 7011/9244
f 7011/9244 6975/9192 7012/9245
f 7012/9245 6975/9192 6693/8819
f 7205/9479 7171/9444 7216/9496
f 7229/9524 7205/9479 7216/9496
f 6668/8771 6667/8770 6631/8724
f 6992/9212 7201/9475 7202/9476
f 6992/9212 7202/9476 6993/9214
f 6993/9215 6994/9216 6988/9207
f 6994/9216 6995/9217 6987/9206
f 6995/9217 7000/9223 6696/8825
f 2408/3162 2396/3148 2393/3144
f 2408/3162 2393/3144 2407/3161
f 2407/3161 2393/3144 2392/3143
f 2392/3143 2399/3152 2401/3154
f 2388/3139 2397/3149 2400/3153
f 1338/1837 1336/1835 1369/1868
f 1628/2146 868/1241 863/1234
f 868/1241 869/1242 864/1235
f 861/1231 870/1243 862/1232
f 1148/1611 1516/2015 1147/1610
f 1516/2015 1258/1757 1147/1610
f 5375/7017 5797/7586 5752/7535
f 5752/7535 5797/7586 5793/7581
f 1587/2091 1683/2241 6235/8182
f 6239/8188 6263/8223 6261/8220
f 6261/8220 6263/8223 678/964
f 6835/9003 7012/9245 6833/8999
f 6833/8999 6698/8829 6834/9000
f 6837/9008 7229/9525 7013/9247
f 7229/9525 7011/9244 7013/9247
f 7011/9244 7012/9245 7013/9247
f 7013/9247 7012/9245 6835/9003
f 6837/9006 7205/9479 7229/9524
f 7158/9431 7170/9443 7201/9475
f 7201/9475 7170/9443 7202/9476
f 6993/9214 7202/9476 7198/9472
f 6993/9214 7198/9472 7226/9518
f 6993/9215 6996/9218 6994/9216
f 6996/9218 6997/9219 6994/9216
f 6997/9219 6998/9220 6994/9216
f 6994/9216 6998/9220 6995/9217
f 6998/9220 6999/9221 6995/9217
f 6995/9217 6999/9221 7000/9223
f 6993/9215 7226/9519 6996/9218
f 1810/2416 1804/2407 1616/2129
f 2423/3186 2387/3138 2396/3148
f 5311/6888 2423/3186 2396/3148
f 2396/3148 2387/3138 2393/3144
f 2392/3143 2388/3139 2399/3152
f 2388/3139 2391/3142 2397/3149
f 2391/3142 2394/3146 3667/4764
f 2397/3149 2391/3142 3667/4764
f 861/1231 869/1242 870/1243
f 5375/7016 5111/6612 5797/7585
f 5792/7580 5817/7610 5749/7529
f 5749/7529 5817/7610 5794/7582
f 5794/7582 5819/7612 5796/7584
f 5819/7612 5795/7583 5796/7584
f 5795/7583 219/248 6027/7882
f 1256/1755 1271/1770 1270/1769
f 1269/1768 1449/1948 1268/1767
f 6237/8186 6233/8180 6238/8187
f 6233/8180 6364/8375 6239/8188
f 6364/8375 6263/8223 6239/8188
f 6837/9006 7182/9455 7205/9479
f 7205/9479 7182/9455 7155/9428
f 7205/9479 7155/9428 7171/9444
f 7171/9444 7155/9428 7158/9431
f 7226/9518 7198/9472 7009/9240
f 7226/9519 7009/9241 7002/9226
f 7226/9519 7002/9226 6996/9218
f 1466/1965 1616/2129 1465/1964
f 2387/3138 2386/3137 2393/3144
f 2393/3144 2386/3137 2385/3136
f 2393/3144 2385/3136 2392/3143
f 2392/3143 2385/3136 2388/3139
f 1513/2012 1514/2013 1628/2145
f 1628/2145 1514/2013 868/1240
f 862/1232 871/1244 557/755
f 4439/5795 1516/2015 1148/1611
f 5111/6612 2814/3687 5797/7585
f 5817/7610 5821/7614 5794/7582
f 5794/7582 5821/7614 5819/7612
f 5820/7613 5822/7615 5795/7583
f 5795/7583 5822/7615 219/248
f 1258/1757 1271/1770 1256/1755
f 1449/1948 1587/2091 1268/1767
f 6263/8223 673/955 678/964
f 6837/9007 7013/9246 7231/9529
f 6829/8990 6835/9002 6833/8998
f 6833/8998 6834/9001 6832/8996
f 6834/9000 6689/8811 6832/8997
f 7158/9431 7161/9434 7170/9443
f 7202/9476 7170/9443 7198/9472
f 6996/9218 7002/9226 7001/9225
f 6996/9218 7001/9225 6997/9219
f 6997/9219 7001/9225 6998/9220
f 6998/9220 7003/9228 6999/9221
f 6999/9221 7007/9237 7004/9230
f 6999/9221 7003/9228 7007/9237
f 2388/3139 2389/3140 2391/3142
f 2391/3142 2389/3140 2394/3146
f 1337/1836 1373/1872 1336/1835
f 1513/2012 1369/1868 1514/2013
f 868/1241 872/1245 869/1242
f 869/1242 872/1245 874/1247
f 870/1243 873/1246 871/1244
f 870/1243 871/1244 862/1232
f 871/1244 527/696 557/755
f 4439/5795 4436/5791 1516/2015
f 2814/3688 5808/7598 5793/7581
f 5797/7586 2814/3688 5793/7581
f 5793/7581 5808/7598 5792/7580
f 5792/7580 5818/7611 5817/7610
f 1270/1769 1282/1781 1269/1768
f 1683/2241 1684/2242 6235/8182
f 6235/8183 1684/2243 6232/8179
f 6235/8183 6232/8179 6233/8180
f 6825/8984 6829/8990 6833/8998
f 7155/9428 7157/9430 7158/9431
f 7009/9240 7198/9472 7199/9473
f 7009/9241 7222/9511 7002/9226
f 7009/9240 7199/9473 7222/9509
f 7001/9225 7003/9228 6998/9220
f 1804/2407 1798/2400 1616/2129
f 4838/6311 2395/3147 2387/3138
f 2423/3186 4838/6311 2387/3138
f 2395/3147 2384/3135 2387/3138
f 2387/3138 2384/3135 2386/3137
f 2386/3137 2384/3135 2385/3136
f 2385/3136 2383/3134 2388/3139
f 2388/3139 2383/3134 2389/3140
f 2389/3140 2398/3151 2394/3146
f 1465/1964 1464/1963 1337/1836
f 1514/2013 909/1291 868/1240
f 868/1241 909/1292 872/1245
f 869/1242 874/1247 870/1243
f 874/1247 873/1246 870/1243
f 5808/7598 5818/7611 5792/7580
f 5820/7613 376/423 5822/7615
f 5822/7615 376/423 375/421
f 6263/8223 6358/8365 673/955
f 7227/9521 7231/9529 6824/8983
f 7231/9529 6829/8990 6826/8985
f 6824/8983 7231/9529 6826/8985
f 6825/8984 6832/8996 6823/8982
f 6823/8982 6832/8996 6836/9005
f 7227/9520 6837/9006 7231/9528
f 7188/9461 7182/9455 6837/9006
f 7227/9520 7188/9461 6837/9006
f 7222/9511 7006/9234 7002/9226
f 7002/9226 7006/9234 7001/9225
f 7001/9224 6741/8877 7003/9227
f 7003/9227 6741/8877 6739/8874
f 7003/9228 7008/9239 7007/9237
f 7007/9236 7008/9238 6758/8902
f 1465/1964 1616/2129 1464/1963
f 2384/3135 2383/3134 2385/3136
f 4436/5791 1515/2014 1516/2015
f 5109/6610 5193/6705 2814/3687
f 1271/1770 1282/1781 1270/1769
f 1282/1781 1449/1948 1269/1768
f 6377/8397 6392/8412 6373/8393
f 1449/1948 1614/2126 1587/2091
f 6263/8223 6364/8375 6358/8365
f 6821/8980 6826/8985 6825/8984
f 7188/9461 7154/9427 7182/9455
f 7182/9455 7154/9427 7155/9428
f 7158/9431 7157/9430 7161/9434
f 7170/9443 7169/9442 7198/9472
f 7169/9442 7199/9473 7198/9472
f 7199/9473 7209/9484 7222/9509
f 7222/9510 7228/9523 7006/9233
f 7001/9224 7006/9233 6741/8877
f 6739/8874 7008/9238 7003/9227
f 1616/2129 1593/2097 1464/1963
f 4838/6311 5256/6795 2395/3147
f 1369/1868 1481/1980 1514/2013
f 1514/2013 1481/1980 909/1291
f 527/695 331/367 358/394
f 5818/7611 2801/3665 5817/7610
f 5817/7610 2801/3665 5821/7614
f 5819/7612 5823/7617 5820/7613
f 6394/8414 671/952 6511/8562
f 1614/2126 1684/2242 1587/2091
f 1587/2091 1684/2242 1683/2241
f 6233/8180 6234/8181 6364/8375
f 6818/8976 6823/8982 6822/8981
f 7227/9521 6824/8983 6820/8979
f 6824/8983 6826/8985 6821/8980
f 6820/8979 6824/8983 6821/8980
f 6818/8976 6821/8980 6825/8984
f 6818/8976 6825/8984 6823/8982
f 6822/8981 6823/8982 6836/9005
f 7222/9509 7209/9484 7228/9522
f 7006/9233 6738/8873 6741/8877
f 6741/8877 6738/8873 6739/8874
f 7008/9238 6744/8883 6758/8902
f 5256/6795 2382/3133 2395/3147
f 2395/3147 2381/3132 2384/3135
f 2384/3135 2381/3132 2383/3134
f 2383/3134 2377/3127 2390/3141
f 2383/3134 2390/3141 2389/3140
f 2390/3141 3679/4784 2398/3151
f 2389/3140 2390/3141 2398/3151
f 1464/1963 1373/1872 1337/1836
f 872/1245 884/1259 874/1247
f 884/1259 879/1254 874/1247
f 871/1244 873/1246 875/1248
f 4436/5791 1603/2110 1515/2014
f 1515/2014 1258/1757 1516/2015
f 5193/6706 2800/3662 5808/7599
f 2800/3663 5828/7626 5808/7598
f 5808/7598 5828/7626 5818/7611
f 5818/7611 5828/7626 2801/3665
f 5820/7613 5823/7617 376/423
f 376/422 5823/7616 209/234
f 2801/3665 5824/7619 5821/7614
f 5821/7614 5824/7619 5819/7612
f 5819/7612 5824/7619 5825/7620
f 5819/7612 5825/7620 5823/7617
f 6472/8513 6473/8514 6500/8545
f 6379/8399 6392/8412 6377/8397
f 6373/8393 6376/8396 6377/8397
f 6232/8179 6230/8176 6233/8180
f 6827/8986 7188/9461 7227/9520
f 6820/8979 6827/8987 7227/9521
f 6822/8981 6836/9005 6695/8823
f 7209/9484 6740/8875 7228/9522
f 7228/9523 6740/8876 6733/8868
f 7228/9523 6733/8868 7006/9233
f 6733/8868 6734/8869 7006/9233
f 7006/9233 6734/8869 6738/8873
f 6738/8873 6735/8870 6739/8874
f 6735/8870 6736/8871 6739/8874
f 6739/8874 6736/8871 7008/9238
f 7008/9238 6736/8871 6744/8883
f 2383/3134 2381/3132 2377/3127
f 2377/3127 2378/3128 2390/3141
f 1464/1963 1467/1966 1373/1872
f 909/1292 885/1261 872/1245
f 885/1261 884/1259 872/1245
f 874/1247 879/1254 873/1246
f 875/1248 551/743 871/1244
f 871/1244 551/743 527/696
f 1684/2243 6231/8178 6232/8179
f 6234/8181 6342/8337 6364/8375
f 6364/8374 6342/8338 6358/8364
f 6817/8975 6818/8976 6815/8973
f 6815/8973 6818/8976 6822/8981
f 6815/8973 6822/8981 6695/8823
f 6827/8987 6820/8979 6816/8974
f 6820/8979 6817/8975 6816/8974
f 6821/8980 6818/8976 6817/8975
f 7187/9460 7154/9427 7188/9461
f 7170/9443 7161/9434 7169/9442
f 7209/9484 7199/9473 7200/9474
f 7209/9484 7200/9474 6740/8875
f 6736/8871 6743/8881 6744/8883
f 1798/2400 1687/2249 1593/2097
f 1593/2097 1467/1966 1464/1963
f 5256/6795 5382/7031 2382/3133
f 2382/3133 2381/3132 2395/3147
f 2390/3141 2378/3128 3679/4784
f 1369/1868 1370/1869 1481/1980
f 873/1246 879/1254 878/1253
f 873/1246 878/1253 875/1248
f 1603/2110 1457/1956 1515/2014
f 5828/7625 2799/3661 2801/3664
f 1271/1770 1412/1911 1282/1781
f 1614/2126 6231/8177 1684/2242
f 6814/8972 6817/8975 6815/8973
f 6816/8974 6817/8975 6814/8972
f 6827/8986 7187/9460 7188/9461
f 7169/9442 7200/9474 7199/9473
f 6738/8873 6734/8869 6735/8870
f 6736/8871 6742/8879 6743/8881
f 5382/7031 2376/3126 2382/3133
f 2382/3133 2376/3126 2381/3132
f 2376/3126 2375/3125 2381/3132
f 2375/3125 2377/3127 2381/3132
f 2378/3128 2438/3214 3679/4784
f 1369/1868 1336/1835 1370/1869
f 1370/1869 1480/1979 1481/1980
f 1481/1980 1480/1979 885/1260
f 1481/1980 885/1260 909/1291
f 2799/3661 2795/3656 2801/3664
f 5825/7620 2791/3652 5823/7617
f 5823/7616 5829/7627 209/234
f 775/1118 668/947 758/1084
f 1449/1948 1450/1949 1614/2126
f 6232/8179 6231/8178 6230/8176
f 7169/9442 7168/9441 7200/9474
f 6740/8876 6729/8862 6733/8868
f 6735/8870 6727/8858 6736/8871
f 2377/3127 2374/3124 2378/3128
f 2378/3128 2380/3131 2438/3214
f 4842/6316 2376/3126 5382/7031
f 885/1261 883/1258 884/1259
f 884/1259 883/1258 879/1254
f 882/1257 878/1253 879/1254
f 875/1248 550/741 551/743
f 1457/1956 1272/1771 1258/1757
f 1515/2014 1457/1956 1258/1757
f 5193/6706 2798/3660 2800/3662
f 2800/3662 2798/3660 5828/7625
f 2795/3657 5824/7619 2801/3665
f 5824/7619 2791/3652 5825/7620
f 2791/3652 5829/7629 5823/7617
f 1412/1911 1451/1950 1282/1781
f 1449/1948 1282/1781 1450/1949
f 1614/2126 1450/1949 6231/8177
f 6234/8181 6340/8333 6342/8337
f 6811/8968 7189/9462 6827/8986
f 6812/8970 6811/8969 6827/8987
f 6827/8986 7189/9462 7187/9460
f 7187/9460 7153/9426 7154/9427
f 6740/8875 7200/9474 6729/8861
f 6729/8862 6725/8856 6733/8868
f 6733/8868 6725/8856 6734/8869
f 6734/8869 6727/8858 6735/8870
f 6727/8858 6737/8872 6736/8871
f 6736/8871 6737/8872 6742/8879
f 1593/2097 1609/2121 1467/1966
f 4842/6316 4843/6318 2376/3126
f 879/1254 883/1258 882/1257
f 878/1253 882/1257 881/1256
f 881/1256 880/1255 878/1253
f 878/1253 880/1255 875/1248
f 4435/5789 1511/2010 1603/2110
f 1603/2110 1511/2010 1457/1956
f 1258/1757 1272/1771 1271/1770
f 5193/6706 5289/6849 2798/3660
f 5828/7625 2798/3660 2799/3661
f 1450/1949 1685/2244 6231/8177
f 6231/8178 1685/2245 6230/8176
f 1685/2245 6229/8175 6230/8176
f 6230/8176 6229/8175 6234/8181
f 7152/9425 7157/9430 7155/9428
f 6734/8869 6725/8856 6727/8858
f 6737/8872 6680/8793 6742/8879
f 6727/8858 6726/8857 6737/8872
f 4843/6318 2379/3129 2376/3126
f 2376/3126 2370/3119 2375/3125
f 2375/3125 2370/3119 2369/3118
f 2375/3125 2363/3109 2377/3127
f 2374/3124 2367/3116 2378/3128
f 2378/3128 2367/3116 2380/3131
f 2367/3116 3684/4791 2380/3131
f 875/1248 880/1255 550/741
f 4423/5774 4429/5782 4428/5781
f 4423/5774 4428/5781 4427/5780
f 1511/2010 1272/1771 1457/1956
f 5289/6849 5327/6920 2798/3660
f 2798/3660 2795/3656 2799/3661
f 2795/3656 2794/3655 5824/7618
f 2794/3655 2793/3654 5824/7618
f 5824/7618 2793/3654 2791/3651
f 1282/1781 1451/1950 1450/1949
f 6234/8181 6229/8175 6340/8333
f 6340/8333 669/949 6342/8337
f 7169/9442 7160/9433 7168/9441
f 7200/9474 7194/9468 7217/9498
f 7200/9474 7217/9498 6729/8861
f 2379/3129 2370/3119 2376/3126
f 2375/3125 2369/3118 2363/3109
f 2377/3127 2363/3109 2374/3124
f 2374/3124 2362/3108 2367/3116
f 2367/3116 2366/3115 3684/4791
f 4958/6447 2379/3129 4843/6318
f 1467/1966 1468/1967 1373/1872
f 1480/1979 1584/2088 885/1260
f 883/1258 889/1265 882/1257
f 889/1265 888/1264 882/1257
f 882/1257 888/1264 881/1256
f 5327/6920 2797/3659 2798/3660
f 2798/3660 2797/3659 2795/3656
f 2791/3651 2725/3576 5829/7628
f 5160/6666 6470/8510 6469/8509
f 1450/1949 1623/2138 1685/2244
f 6224/8169 6225/8170 1685/2245
f 1685/2245 6225/8170 6229/8175
f 6805/8961 7189/9463 6811/8969
f 7189/9462 7153/9426 7187/9460
f 7168/9441 7194/9468 7200/9474
f 6729/8862 6721/8852 6725/8856
f 6725/8856 6724/8855 6723/8854
f 6725/8856 6723/8854 6727/8858
f 6727/8858 6723/8854 6726/8857
f 6726/8857 6731/8866 6737/8872
f 6737/8872 6731/8866 6680/8793
f 1609/2121 1618/2132 1467/1966
f 4958/6447 2372/3121 2379/3129
f 2374/3124 2363/3109 2362/3108
f 5242/6775 4836/6308 5241/6774
f 885/1261 886/1262 883/1258
f 883/1258 886/1262 889/1265
f 881/1256 887/1263 880/1255
f 880/1255 893/1270 550/741
f 1511/2010 1462/1961 1272/1771
f 5327/6920 2802/3666 2797/3659
f 2795/3656 2796/3658 2794/3655
f 2725/3576 406/476 5829/7628
f 5829/7627 406/475 367/407
f 1273/1772 1412/1911 1271/1770
f 1623/2138 6224/8168 1685/2244
f 7189/9462 7177/9450 7153/9426
f 7160/9433 7167/9440 7168/9441
f 7217/9499 6721/8852 6729/8862
f 6721/8852 6724/8855 6725/8856
f 6726/8857 6722/8853 6731/8866
f 1688/2251 1618/2132 1609/2121
f 1755/2345 1688/2251 1609/2121
f 1618/2132 1468/1967 1467/1966
f 2372/3121 2370/3119 2379/3129
f 2367/3116 2362/3108 2366/3115
f 1584/2088 1596/2100 885/1260
f 885/1261 1596/2101 886/1262
f 881/1256 888/1264 887/1263
f 4435/5789 1625/2141 1511/2010
f 5327/6920 2812/3684 2802/3666
f 2797/3659 2796/3658 2795/3656
f 2793/3654 2792/3653 2791/3651
f 2791/3651 2792/3653 2725/3576
f 6393/8413 665/943 6405/8428
f 1451/1950 1623/2138 1450/1949
f 6229/8175 6314/8296 6340/8333
f 6340/8333 6314/8296 669/949
f 6805/8961 7224/9515 7189/9463
f 7154/9427 7152/9425 7155/9428
f 7168/9441 7167/9440 7194/9468
f 6723/8854 6722/8853 6726/8857
f 2372/3121 2371/3120 2370/3119
f 2371/3120 2368/3117 2370/3119
f 2370/3119 2368/3117 2369/3118
f 2362/3108 2363/3109 2361/3107
f 2362/3108 2365/3113 2366/3115
f 2365/3112 3685/4792 2366/3114
f 1373/1872 1334/1833 1336/1835
f 1480/1979 1479/1978 1584/2088
f 1625/2141 1462/1961 1511/2010
f 406/476 2724/3575 393/453
f 1271/1770 1272/1771 1273/1772
f 6503/8550 6510/8560 6386/8406
f 7157/9430 7152/9425 7161/9434
f 7194/9468 7193/9467 7217/9498
f 6722/8853 6730/8864 6731/8866
f 2369/3118 2368/3117 2363/3109
f 2360/3106 2361/3107 2363/3109
f 2429/3198 2371/3120 2372/3121
f 1370/1869 1479/1978 1480/1979
f 1584/2088 1479/1978 1596/2100
f 880/1255 892/1268 893/1270
f 1625/2141 1586/2090 1462/1961
f 2796/3658 2770/3628 2794/3655
f 2794/3655 2770/3628 2793/3654
f 2793/3654 2765/3622 2792/3653
f 2792/3653 2765/3622 2722/3572
f 2792/3653 2722/3572 2725/3576
f 6386/8406 6380/8400 6383/8403
f 1623/2138 6221/8163 6224/8168
f 6224/8169 6223/8167 6225/8170
f 6229/8175 6227/8173 6314/8296
f 7224/9514 7177/9450 7189/9462
f 7194/9468 7167/9440 7193/9467
f 7217/9499 7230/9527 6721/8852
f 7217/9498 7193/9467 7230/9526
f 2429/3198 5251/6788 2371/3120
f 2371/3120 2373/3123 2368/3117
f 2368/3117 2358/3103 2363/3109
f 2363/3109 2358/3103 2360/3106
f 2362/3108 2359/3105 2365/3113
f 1596/2101 890/1266 886/1262
f 886/1262 890/1266 889/1265
f 889/1265 891/1267 888/1264
f 888/1264 891/1267 894/1271
f 888/1264 894/1271 887/1263
f 887/1263 894/1271 880/1255
f 2725/3576 2722/3572 2724/3575
f 2770/3628 2765/3622 2793/3654
f 6221/8164 6223/8167 6224/8169
f 6225/8170 6223/8167 6229/8175
f 6229/8175 6223/8167 6227/8173
f 7153/9426 7152/9425 7154/9427
f 7161/9434 7152/9425 7159/9432
f 7159/9432 7160/9433 7161/9434
f 7161/9434 7160/9433 7169/9442
f 7230/9527 6719/8850 6721/8852
f 6719/8850 6718/8849 6721/8852
f 6724/8855 6721/8852 6718/8849
f 6723/8854 6717/8848 6722/8853
f 6722/8853 6720/8851 6730/8864
f 1618/2132 1600/2107 1468/1967
f 2362/3108 2361/3107 2359/3105
f 890/1266 891/1267 889/1265
f 880/1255 894/1271 892/1268
f 892/1268 423/504 893/1270
f 2802/3666 2803/3667 2797/3659
f 2797/3659 2803/3667 2796/3658
f 2796/3658 2771/3629 2770/3628
f 2770/3628 2764/3621 2765/3622
f 2724/3575 2723/3574 393/453
f 1412/1911 1546/2047 1451/1950
f 6797/8950 7176/9449 7224/9514
f 6793/8943 6798/8952 6791/8941
f 7224/9514 7176/9449 7177/9450
f 7153/9426 7151/9424 7152/9425
f 6724/8855 6718/8849 6723/8854
f 6723/8854 6718/8849 6717/8848
f 6720/8851 6681/8795 6730/8864
f 6717/8848 6720/8851 6722/8853
f 1600/2107 1469/1968 1468/1967
f 2373/3123 2353/3096 2368/3117
f 2368/3117 2353/3096 2355/3098
f 2368/3117 2355/3098 2358/3103
f 2365/3112 2359/3104 3688/4795
f 1596/2101 1607/2118 890/1266
f 1462/1961 1276/1775 1272/1771
f 5238/6770 2808/3676 2807/3675
f 2807/3675 2808/3676 2803/3667
f 2807/3675 2803/3667 2802/3666
f 2722/3572 2723/3574 2724/3575
f 6384/8404 654/920 6456/8490
f 7177/9450 7176/9449 7153/9426
f 7152/9425 7156/9429 7159/9432
f 7193/9467 7221/9507 7230/9526
f 7230/9527 7221/9508 6719/8850
f 2361/3107 2360/3106 2347/3088
f 5251/6788 2354/3097 2373/3123
f 2373/3123 2354/3097 2353/3096
f 1468/1967 1469/1968 1373/1872
f 890/1266 898/1276 891/1267
f 2723/3574 2721/3571 208/233
f 2803/3667 2771/3629 2796/3658
f 2771/3629 2759/3613 2770/3628
f 2770/3628 2759/3613 2764/3621
f 2765/3622 2764/3621 2722/3572
f 6222/8166 6219/8161 6221/8164
f 6221/8164 6219/8161 6220/8162
f 7162/9435 7192/9466 7193/9467
f 7167/9440 7162/9435 7193/9467
f 7193/9467 7211/9487 7221/9507
f 1753/2342 1739/2324 1600/2107
f 5251/6788 5252/6790 2354/3097
f 1370/1869 1372/1871 1479/1978
f 1479/1978 1372/1871 1596/2100
f 1596/2100 1372/1871 1607/2117
f 891/1267 897/1275 894/1271
f 1625/2141 1463/1962 1586/2090
f 1463/1962 1276/1775 1462/1961
f 1586/2090 1463/1962 1462/1961
f 2808/3676 2772/3630 2803/3667
f 2803/3667 2772/3630 2771/3629
f 2764/3621 2720/3570 2722/3572
f 2722/3572 2720/3570 2721/3571
f 5238/6770 2813/3686 2808/3676
f 1546/2047 1612/2124 1451/1950
f 1451/1950 1612/2124 1623/2138
f 1623/2138 6222/8165 6221/8163
f 6220/8162 6226/8171 6223/8167
f 6227/8173 6226/8171 759/1087
f 6227/8172 759/1086 757/1083
f 6797/8950 6794/8944 7176/9449
f 6801/8955 6666/8769 6658/8761
f 7193/9467 7192/9466 7211/9487
f 6719/8850 6713/8844 6718/8849
f 6713/8844 6715/8846 6718/8849
f 6718/8849 6715/8846 6717/8848
f 6715/8846 6714/8845 6717/8848
f 6717/8848 6714/8845 6720/8851
f 6720/8851 6714/8845 6728/8860
f 2358/3103 2356/3099 2360/3106
f 2359/3104 3689/4796 3688/4795
f 1607/2118 902/1280 890/1266
f 891/1267 898/1276 897/1275
f 894/1271 897/1275 899/1277
f 894/1271 899/1277 892/1268
f 892/1268 906/1286 423/504
f 1625/2141 1624/2139 1463/1962
f 2808/3676 2804/3669 2772/3630
f 2771/3629 2757/3611 2759/3613
f 1273/1772 1411/1910 1412/1911
f 1612/2124 6222/8165 1623/2138
f 6794/8944 7180/9453 7176/9449
f 7176/9449 7151/9424 7153/9426
f 1600/2107 1627/2144 1469/1968
f 2354/3097 2350/3091 2353/3096
f 2355/3098 2356/3099 2358/3103
f 2346/3087 2345/3086 2360/3106
f 2356/3099 2346/3087 2360/3106
f 2360/3106 2345/3086 2347/3088
f 2361/3107 2347/3088 2348/3089
f 2361/3107 2348/3089 2359/3105
f 2804/3669 2756/3610 2772/3630
f 2772/3630 2756/3610 2771/3629
f 2720/3570 216/243 2721/3571
f 2721/3571 216/243 208/233
f 6459/8493 6462/8497 6466/8505
f 6219/8161 6218/8160 6220/8162
f 6220/8162 6353/8353 6226/8171
f 7180/9453 7151/9424 7176/9449
f 7211/9487 7192/9466 7221/9507
f 7221/9508 6709/8840 6719/8850
f 6719/8850 6709/8840 6713/8844
f 6714/8845 6712/8843 6728/8860
f 2353/3096 2349/3090 2355/3098
f 2355/3098 2349/3090 2356/3099
f 2348/3089 2351/3093 2359/3105
f 2359/3104 2351/3092 3689/4796
f 1373/1872 1329/1828 1334/1833
f 1372/1871 1567/2070 1607/2117
f 890/1266 902/1280 898/1276
f 897/1275 903/1281 899/1277
f 892/1268 899/1277 906/1286
f 4416/5767 4412/5761 1624/2140
f 2756/3610 2757/3611 2771/3629
f 2757/3611 2758/3612 2759/3613
f 2759/3613 2758/3612 2760/3614
f 2759/3613 2760/3614 2764/3621
f 2764/3621 2760/3614 2720/3570
f 6218/8160 6228/8174 6220/8162
f 6220/8162 6228/8174 6353/8353
f 7151/9424 7136/9409 7152/9425
f 7192/9466 7214/9492 7221/9507
f 7221/9508 7214/9493 6709/8840
f 6709/8840 6710/8841 6713/8844
f 6713/8844 6710/8841 6715/8846
f 2428/3196 2339/3079 2350/3091
f 2350/3091 2349/3090 2353/3096
f 2349/3090 2346/3087 2356/3099
f 1469/1968 1329/1828 1373/1872
f 1567/2070 910/1293 1607/2117
f 1607/2118 910/1295 902/1280
f 902/1280 901/1279 898/1276
f 898/1276 901/1279 900/1278
f 898/1276 900/1278 897/1275
f 900/1278 903/1281 897/1275
f 906/1286 913/1302 423/504
f 4408/5756 4415/5766 4410/5758
f 2813/3685 5095/6596 2804/3668
f 2720/3570 2713/3562 216/243
f 6222/8166 1682/2239 6219/8161
f 6353/8353 6356/8359 6226/8171
f 6794/8944 7179/9452 7180/9453
f 7180/9453 7179/9452 7151/9424
f 7152/9425 7135/9408 7156/9429
f 7165/9438 7162/9435 7167/9440
f 7160/9433 7165/9438 7167/9440
f 6715/8846 6710/8841 6711/8842
f 6715/8846 6711/8842 6714/8845
f 2339/3079 2341/3081 2350/3091
f 2350/3091 2341/3081 2349/3090
f 2348/3089 2340/3080 2351/3093
f 2340/3080 3691/4798 2351/3093
f 1370/1869 1371/1870 1372/1871
f 2763/3619 2748/3601 2756/3610
f 2756/3610 2755/3609 2757/3611
f 2760/3614 2713/3562 2720/3570
f 1412/1911 1547/2048 1546/2047
f 1546/2047 1547/2048 1612/2124
f 1682/2239 6214/8155 6219/8161
f 6219/8161 6214/8155 6218/8160
f 6353/8353 6228/8174 6356/8359
f 6356/8359 6236/8185 6226/8171
f 6226/8171 6236/8185 759/1087
f 759/1087 6236/8185 657/926
f 6794/8944 7212/9488 7179/9452
f 7192/9466 7162/9435 7191/9465
f 7192/9466 7191/9465 7214/9492
f 6711/8842 6712/8843 6714/8845
f 6712/8843 6716/8847 6676/8785
f 2428/3196 5307/6881 2339/3079
f 2349/3090 2342/3082 2346/3087
f 2347/3088 2338/3078 2348/3089
f 2348/3089 2338/3078 2340/3080
f 4412/5760 1539/2039 1624/2139
f 1624/2139 1539/2039 1463/1962
f 2757/3611 2755/3609 2758/3612
f 2758/3612 2739/3592 2760/3614
f 2713/3562 429/513 216/243
f 1547/2048 1682/2240 1612/2124
f 1612/2124 1682/2240 6222/8165
f 7152/9425 7136/9409 7135/9408
f 7159/9432 7133/9406 7160/9433
f 7133/9406 7165/9438 7160/9433
f 6716/8847 6672/8777 6676/8785
f 1627/2144 1124/1579 1469/1968
f 2349/3090 2341/3081 2342/3082
f 2346/3087 2342/3082 2345/3086
f 2342/3082 2336/3076 2345/3086
f 2345/3086 2336/3076 2347/3088
f 2347/3088 2336/3076 2338/3078
f 4412/5760 1657/2192 1539/2039
f 2748/3601 2755/3609 2756/3610
f 2760/3614 2733/3586 2713/3562
f 1272/1771 1274/1773 1273/1772
f 1412/1911 1411/1910 1547/2048
f 6218/8160 6214/8155 6217/8159
f 6218/8160 6217/8159 6228/8174
f 6228/8174 6217/8159 6356/8359
f 7135/9408 7134/9407 7156/9429
f 7156/9429 7134/9407 7159/9432
f 7191/9465 7218/9500 7214/9492
f 7214/9493 7218/9501 6705/8836
f 7214/9493 6705/8836 6709/8840
f 6705/8836 6699/8830 6709/8840
f 6709/8840 6699/8830 6710/8841
f 6711/8842 6704/8835 6712/8843
f 1469/1968 1124/1579 1329/1828
f 2341/3081 2335/3075 2342/3082
f 2342/3082 2335/3075 2336/3076
f 1336/1835 1371/1870 1370/1869
f 910/1295 908/1290 902/1280
f 4649/6072 2762/3618 2763/3619
f 2763/3619 2762/3618 2748/3601
f 5095/6596 4650/6073 2804/3668
f 6710/8841 6699/8830 6711/8842
f 6699/8830 6702/8833 6711/8842
f 6711/8842 6702/8833 6704/8835
f 6712/8843 6704/8835 6716/8847
f 2337/3077 2335/3075 2341/3081
f 5253/6791 5254/6792 5307/6880
f 4560/5951 905/1285 901/1279
f 902/1280 4560/5951 901/1279
f 901/1279 905/1285 900/1278
f 900/1278 905/1285 903/1281
f 903/1281 904/1283 4559/5949
f 903/1281 4559/5949 899/1277
f 899/1277 4559/5949 906/1286
f 906/1286 4559/5949 913/1302
f 2755/3609 2745/3598 2758/3612
f 2739/3592 2733/3586 2760/3614
f 1276/1775 1274/1773 1272/1771
f 1273/1772 1280/1779 1411/1910
f 6217/8159 6214/8155 6210/8149
f 6217/8159 6210/8149 6356/8359
f 7212/9488 7178/9451 7179/9452
f 7179/9452 7178/9451 7151/9424
f 7134/9407 7133/9406 7159/9432
f 2339/3079 2331/3071 2341/3081
f 2341/3081 2331/3071 2337/3077
f 1334/1833 1335/1834 1336/1835
f 1336/1835 1335/1834 1371/1870
f 908/1290 4560/5951 902/1280
f 903/1281 905/1285 904/1283
f 2758/3612 2745/3598 2739/3592
f 6356/8360 6212/8152 6236/8184
f 6236/8184 6212/8152 657/927
f 7148/9421 7136/9409 7151/9424
f 7024/9260 7025/9262 7238/9540
f 7024/9260 7238/9540 7240/9544
f 7235/9536 7237/9539 7025/9262
f 7238/9540 7241/9545 7240/9544
f 7233/9533 7234/9534 7235/9536
f 7235/9536 7234/9534 7237/9539
f 7237/9539 7238/9540 7025/9262
f 7233/9533 7236/9538 7234/9534
f 7234/9534 7236/9538 7237/9539
f 7237/9539 7236/9538 7238/9540
f 7238/9540 7236/9538 7239/9541
f 7238/9540 7239/9541 7241/9545
f 7239/9541 7244/9548 7241/9545
f 7233/9533 7243/9547 7236/9538
f 7243/9547 7242/9546 7236/9538
f 7236/9538 7242/9546 7239/9541
f 7242/9546 7244/9548 7239/9541
f 6702/8833 6699/8830 6701/8832
f 6702/8833 6701/8832 6703/8834
f 6702/8833 6703/8834 6704/8835
f 6704/8835 6703/8834 6716/8847
f 2762/3618 2750/3604 2748/3601
f 2748/3601 2745/3598 2755/3609
f 429/513 2712/3561 2711/3560
f 6356/8359 6210/8149 6212/8151
f 1682/2239 6213/8154 6214/8155
f 7178/9451 7150/9423 7151/9424
f 6636/8737 7025/9261 7021/9256
f 7021/9256 7025/9261 7024/9259
f 7021/9256 7024/9259 7020/9255
f 7024/9259 7240/9543 7026/9263
f 7020/9255 7024/9259 7026/9263
f 6636/8737 7235/9537 7025/9261
f 7026/9263 7240/9543 7039/9282
f 7240/9542 7086/9341 7039/9281
f 7086/9342 7244/9548 7252/9558
f 7246/9551 7245/9549 7243/9547
f 7243/9547 7245/9549 7242/9546
f 7244/9548 7248/9553 7252/9558
f 7245/9549 7249/9554 7247/9552
f 7245/9549 7247/9552 7242/9546
f 7242/9546 7247/9552 7244/9548
f 7244/9548 7247/9552 7248/9553
f 7162/9435 7190/9464 7191/9465
f 6630/8723 6672/8776 6639/8742
f 7191/9465 7190/9464 7218/9500
f 6705/8836 6700/8831 6699/8830
f 6699/8830 6700/8831 6701/8832
f 6703/8834 6732/8867 6716/8847
f 6716/8847 6732/8867 6672/8777
f 2339/3079 2334/3074 2331/3071
f 2337/3077 2329/3069 2335/3075
f 2335/3075 2333/3073 2336/3076
f 2336/3076 2324/3064 2338/3078
f 2338/3078 2324/3064 2340/3080
f 5254/6792 5255/6793 5307/6880
f 1329/1828 1330/1829 1334/1833
f 1372/1871 1371/1870 1567/2070
f 1567/2070 1371/1870 910/1293
f 4649/6071 4648/6070 2762/3617
f 1547/2048 6213/8153 1682/2240
f 7212/9488 7150/9423 7178/9451
f 7150/9423 7148/9421 7151/9424
f 7135/9408 7132/9405 7134/9407
f 7019/9254 7021/9256 7020/9255
f 7019/9254 7020/9255 7018/9253
f 7020/9255 7026/9263 7018/9253
f 7232/9531 6636/8737 7019/9254
f 7019/9254 6636/8737 7021/9256
f 7246/9551 7249/9554 7245/9549
f 7246/9551 6629/8721 7249/9554
f 7249/9554 7250/9555 7247/9552
f 7250/9555 7251/9556 7247/9552
f 7250/9555 7253/9560 7251/9556
f 7251/9556 7253/9560 7044/9288
f 7247/9552 7251/9556 7248/9553
f 7190/9464 7213/9490 7218/9500
f 7218/9501 7213/9491 6706/8837
f 7218/9501 6706/8837 6705/8836
f 6705/8836 6706/8837 6700/8831
f 1124/1579 1123/1578 1329/1828
f 2336/3076 2333/3073 2324/3064
f 1274/1773 1275/1774 1273/1772
f 6213/8154 6210/8149 6214/8155
f 7212/9488 6787/8937 7150/9423
f 7018/9253 7033/9271 7085/9340
f 7252/9557 7087/9343 7080/9332
f 6629/8721 7255/9564 7249/9554
f 7249/9554 7254/9562 7250/9555
f 7250/9555 7254/9562 7253/9560
f 7248/9553 7044/9288 7087/9345
f 7162/9435 7164/9437 7190/9464
f 6732/8867 6677/8786 6672/8777
f 1124/1579 1118/1573 1123/1578
f 2329/3069 2332/3072 2335/3075
f 2332/3072 2333/3073 2335/3075
f 5255/6793 2422/3183 5307/6880
f 4559/5948 4564/5960 913/1301
f 1657/2192 1608/2120 1539/2039
f 1463/1962 1455/1954 1276/1775
f 1276/1775 1455/1954 1277/1776
f 4648/6070 2750/3603 2762/3617
f 2750/3604 2747/3600 2748/3601
f 2748/3601 2747/3600 2745/3598
f 2745/3598 2741/3594 2739/3592
f 1411/1910 1629/2147 1547/2048
f 1547/2048 1629/2147 6213/8153
f 7080/9332 7087/9343 7079/9331
f 6629/8722 7050/9296 7255/9563
f 7249/9554 7255/9564 7254/9562
f 7255/9563 7040/9283 7254/9561
f 7254/9561 7040/9283 7253/9559
f 7044/9287 7048/9292 7087/9344
f 2337/3077 2331/3071 2329/3069
f 2324/3064 3761/4912 2340/3080
f 2340/3080 3761/4912 3691/4798
f 1371/1870 4565/5961 910/1293
f 910/1294 4565/5962 908/1289
f 908/1289 4484/5855 4560/5950
f 4560/5950 4486/5857 905/1284
f 905/1284 4486/5857 904/1282
f 2745/3598 2747/3600 2742/3595
f 2745/3598 2742/3595 2741/3594
f 2732/3585 2710/3558 2713/3562
f 2713/3562 2710/3558 2712/3561
f 1275/1774 1280/1779 1273/1772
f 1696/2266 6208/8147 6210/8149
f 6213/8154 1696/2266 6210/8149
f 6210/8149 6209/8148 6212/8151
f 6212/8151 6215/8157 657/926
f 7050/9296 7041/9284 7255/9563
f 7255/9563 7041/9284 7040/9283
f 7087/9344 7048/9292 7083/9336
f 7253/9559 7040/9283 7042/9285
f 7253/9559 7042/9285 7044/9287
f 7044/9287 7042/9285 7048/9292
f 6701/8832 6708/8839 6703/8834
f 6708/8839 6685/8802 6732/8867
f 6703/8834 6708/8839 6732/8867
f 2332/3072 2322/3062 2333/3073
f 4565/5962 4484/5855 908/1289
f 2712/3561 2710/3558 2711/3560
f 2739/3592 2737/3590 2733/3586
f 2737/3590 2732/3585 2733/3586
f 1411/1910 1410/1909 1629/2147
f 1629/2147 1696/2267 6213/8153
f 6209/8148 6215/8157 6212/8151
f 7040/9283 7041/9284 7043/9286
f 7040/9283 7043/9286 7042/9285
f 7190/9464 7210/9485 7213/9490
f 7213/9491 7210/9486 6706/8837
f 6706/8837 6707/8838 6700/8831
f 6700/8831 6707/8838 6701/8832
f 6701/8832 6707/8838 6708/8839
f 2331/3071 2330/3070 2329/3069
f 3761/4913 3692/4800 3691/4799
f 4484/5855 4486/5857 4560/5950
f 4559/5948 904/1282 4485/5856
f 4559/5948 4485/5856 4564/5960
f 1539/2039 1455/1954 1463/1962
f 2739/3592 2741/3594 2737/3590
f 6208/8147 6209/8148 6210/8149
f 6787/8937 7175/9448 7150/9423
f 7050/9296 7045/9289 7041/9284
f 7041/9284 7045/9289 7043/9286
f 7043/9286 7045/9289 7046/9290
f 7043/9286 7046/9290 7047/9291
f 7043/9286 7047/9291 7042/9285
f 7047/9291 7051/9297 7048/9292
f 7042/9285 7047/9291 7048/9292
f 7051/9297 7056/9303 7048/9292
f 7190/9464 7164/9437 7210/9485
f 7210/9486 6707/8838 6706/8837
f 2334/3074 2330/3070 2331/3071
f 2329/3069 2322/3062 2332/3072
f 2333/3073 2323/3063 2324/3064
f 1123/1578 1328/1827 1329/1828
f 1329/1828 1328/1827 1330/1829
f 1371/1870 1471/1970 4565/5961
f 904/1282 4486/5857 4485/5856
f 4648/6070 4647/6069 2750/3603
f 7135/9408 7136/9409 7132/9405
f 7050/9296 7049/9294 7045/9289
f 7045/9289 7049/9294 7046/9290
f 7046/9290 7052/9298 7047/9291
f 2333/3073 2322/3062 2323/3063
f 2741/3594 2740/3593 2737/3590
f 2737/3590 2735/3588 2732/3585
f 2732/3585 2731/3584 2710/3558
f 6208/8147 1696/2266 6216/8158
f 6208/8147 6211/8150 6209/8148
f 6209/8148 6211/8150 6215/8157
f 6215/8157 6211/8150 6317/8302
f 7063/9315 7068/9320 7062/9314
f 7054/9300 7052/9298 7049/9294
f 7049/9294 7052/9298 7046/9290
f 7052/9298 7053/9299 7047/9291
f 7047/9291 7053/9299 7051/9297
f 6685/8803 6671/8774 6677/8787
f 6708/8839 6707/8838 6745/8884
f 1718/2300 1723/2305 1714/2295
f 2334/3074 2328/3068 2330/3070
f 2330/3070 2327/3067 2329/3069
f 2329/3069 2327/3067 2321/3061
f 2329/3069 2321/3061 2322/3062
f 5255/6793 4812/6283 2422/3183
f 2750/3604 2746/3599 2747/3600
f 2710/3558 218/246 2711/3560
f 1411/1910 1280/1779 1410/1909
f 6208/8147 6216/8158 6211/8150
f 6787/8937 6786/8935 7175/9448
f 7049/9294 6624/8714 7054/9300
f 7054/9300 7055/9301 7052/9298
f 7055/9301 7053/9299 7052/9298
f 7053/9299 7112/9374 7051/9297
f 7210/9486 6748/8887 6707/8838
f 6707/8838 6748/8887 6747/8886
f 6707/8838 6746/8885 6745/8884
f 6708/8839 6745/8884 6750/8889
f 6708/8839 6750/8889 6685/8802
f 2328/3068 2326/3066 2330/3070
f 2330/3070 2326/3066 2327/3067
f 4565/5962 4480/5851 4484/5855
f 4485/5856 4483/5854 4564/5960
f 2769/3627 2751/3605 2750/3604
f 4647/6069 2769/3626 2750/3603
f 2750/3604 2751/3605 2746/3599
f 2747/3600 2746/3599 2742/3595
f 2742/3595 2746/3599 2743/3596
f 2742/3595 2743/3596 2740/3593
f 2742/3595 2740/3593 2741/3594
f 2735/3588 2731/3584 2732/3585
f 2740/3593 2738/3591 2737/3590
f 2738/3591 2735/3588 2737/3590
f 1410/1909 1620/2134 1629/2147
f 1696/2266 6316/8300 6216/8158
f 7150/9423 7149/9422 7148/9421
f 6624/8715 6571/8660 7055/9302
f 7058/9308 7112/9374 7059/9310
f 7055/9301 7110/9370 7053/9299
f 7110/9370 7057/9305 7053/9299
f 7053/9299 7057/9305 7112/9374
f 7165/9438 7133/9406 7163/9436
f 7165/9438 7163/9436 7162/9435
f 7162/9435 7163/9436 7164/9437
f 7164/9437 6757/8899 7210/9485
f 7210/9486 6757/8900 6748/8887
f 1718/2300 1725/2307 1723/2305
f 4812/6283 2421/3181 2422/3183
f 1471/1970 1617/2130 4565/5961
f 4565/5962 1617/2131 4480/5851
f 4484/5855 4481/5852 4486/5857
f 4486/5857 4481/5852 4485/5856
f 4647/6069 4645/6066 2769/3626
f 2731/3584 2708/3555 2710/3558
f 2710/3558 2708/3555 218/246
f 1276/1775 1275/1774 1274/1773
f 1629/2147 1620/2134 1696/2267
f 6571/8660 7107/9365 7055/9302
f 7107/9365 7110/9371 7055/9302
f 6671/8774 6638/8741 6639/8742
f 6757/8900 6749/8888 6748/8887
f 6748/8887 6749/8888 6747/8886
f 6746/8885 6751/8890 6745/8884
f 6685/8802 6750/8889 6671/8775
f 2322/3062 2321/3061 2316/3054
f 2324/3064 2315/3053 3761/4912
f 3761/4912 2315/3053 3692/4801
f 1371/1870 1335/1834 1332/1831
f 1371/1870 1332/1831 1471/1970
f 4484/5855 4482/5853 4481/5852
f 4483/5854 386/441 4564/5960
f 1608/2120 1576/2079 1539/2039
f 1539/2039 1576/2079 1455/1954
f 1620/2134 6316/8299 1696/2267
f 6316/8300 6338/8330 6216/8158
f 6317/8302 6318/8304 6215/8157
f 7059/9309 7111/9372 7077/9329
f 6571/8660 7103/9361 7107/9365
f 7103/9361 7104/9362 7107/9365
f 7106/9364 7111/9373 7059/9311
f 7107/9365 7105/9363 7110/9371
f 7105/9363 7106/9364 7057/9306
f 7110/9371 7105/9363 7057/9306
f 6749/8888 6746/8885 6747/8886
f 6745/8884 6751/8890 6750/8889
f 1118/1573 1117/1571 1123/1578
f 2326/3066 2325/3065 2327/3067
f 2322/3062 2316/3054 2317/3055
f 2322/3062 2317/3055 2323/3063
f 2323/3063 2317/3055 2324/3064
f 1123/1578 1117/1571 1328/1827
f 1334/1833 1330/1829 1335/1834
f 4484/5855 4480/5851 4482/5853
f 4481/5852 4483/5854 4485/5856
f 1608/2120 4390/5732 1576/2079
f 2735/3588 2734/3587 2731/3584
f 2734/3587 2708/3555 2731/3584
f 1276/1775 1277/1776 1275/1774
f 6216/8158 6338/8330 6211/8150
f 6211/8150 6319/8305 6317/8302
f 6786/8935 6839/9010 7175/9448
f 7150/9423 7175/9448 7149/9422
f 6571/8660 7108/9367 7103/9361
f 7104/9362 7105/9363 7107/9365
f 7164/9437 6759/8903 6757/8899
f 6749/8888 6753/8892 6746/8885
f 6752/8891 6751/8890 6746/8885
f 1118/1573 1111/1564 1117/1571
f 2325/3065 2321/3061 2327/3067
f 2317/3055 2315/3053 2324/3064
f 2740/3593 2744/3597 2738/3591
f 6316/8301 6329/8315 6338/8331
f 6338/8330 6319/8305 6211/8150
f 1620/2134 1686/2246 6316/8299
f 6319/8305 6318/8304 6317/8302
f 7148/9421 7145/9418 7136/9409
f 7102/9360 7084/9338 7111/9373
f 7164/9437 7172/9445 6759/8903
f 6746/8885 6753/8892 6752/8891
f 6751/8890 6756/8897 6750/8889
f 6750/8889 6756/8897 6671/8775
f 2769/3627 4646/6067 2751/3605
f 4646/6067 2749/3602 2746/3599
f 2751/3605 4646/6067 2746/3599
f 2746/3599 2749/3602 2743/3596
f 2708/3555 2709/3557 218/246
f 2743/3596 2744/3597 2740/3593
f 1410/1909 1611/2123 1620/2134
f 6316/8301 1686/2247 6329/8315
f 6319/8305 6320/8306 6318/8304
f 6756/8897 6760/8906 6671/8775
f 2738/3591 2736/3589 2735/3588
f 2734/3587 2714/3563 2708/3555
f 1620/2134 1611/2123 1686/2246
f 7136/9409 7137/9410 7132/9405
f 7163/9436 7172/9445 7164/9437
f 6759/8904 6753/8892 6749/8888
f 6757/8900 6759/8904 6749/8888
f 6753/8892 6935/9137 6752/8891
f 2328/3068 2301/3033 2326/3066
f 2301/3033 2314/3052 2325/3065
f 2326/3066 2301/3033 2325/3065
f 2325/3065 2312/3050 2321/3061
f 2312/3050 2316/3054 2321/3061
f 4480/5851 4478/5849 4482/5853
f 4482/5853 4478/5849 4481/5852
f 4477/5848 4479/5850 4481/5852
f 4481/5852 4479/5850 4483/5854
f 4645/6066 4642/6062 4644/6065
f 2743/3596 2752/3606 2744/3597
f 2736/3589 2734/3587 2735/3588
f 2708/3555 2714/3563 2709/3557
f 1275/1774 1279/1778 1280/1779
f 6839/9010 7184/9457 7175/9448
f 7175/9448 7184/9457 7149/9422
f 7145/9418 7137/9410 7136/9409
f 6751/8890 6754/8893 6756/8897
f 2325/3065 2314/3052 2312/3050
f 1330/1829 1332/1831 1335/1834
f 1332/1831 1472/1971 1471/1970
f 4478/5849 4477/5848 4481/5852
f 2743/3596 2749/3602 2752/3606
f 2744/3597 2752/3606 2736/3589
f 2744/3597 2736/3589 2738/3591
f 6329/8316 6328/8314 6321/8307
f 6329/8316 6321/8307 6338/8330
f 6338/8330 6321/8307 6319/8305
f 6321/8307 6320/8306 6319/8305
f 7172/9445 7219/9502 6759/8903
f 7219/9503 6755/8895 6753/8892
f 6759/8904 7219/9503 6753/8892
f 6753/8892 6755/8895 6935/9137
f 6935/9137 6754/8893 6752/8891
f 6752/8891 6754/8893 6751/8890
f 1726/2308 1729/2311 1733/2316
f 2317/3055 2316/3054 2235/2964
f 2235/2964 2234/2963 2315/3053
f 2317/3055 2235/2964 2315/3053
f 4812/6283 4810/6280 2421/3181
f 337/373 338/374 342/378
f 1617/2131 4474/5845 4480/5851
f 4479/5850 4476/5847 4483/5854
f 4483/5854 4476/5847 4487/5858
f 4483/5854 4487/5858 386/441
f 1280/1779 1286/1785 1410/1909
f 6839/9010 7223/9512 7184/9457
f 7163/9436 7174/9447 7172/9445
f 6754/8894 6761/8909 6756/8898
f 6756/8897 6761/8908 6760/8906
f 2312/3050 2235/2964 2316/3054
f 1330/1829 1331/1830 1332/1831
f 1472/1971 4561/5952 1471/1970
f 1471/1970 4561/5952 1617/2130
f 4480/5851 4474/5845 4478/5849
f 4646/6067 2761/3615 2749/3602
f 2749/3602 2761/3615 2752/3606
f 2714/3563 2715/3564 2709/3557
f 2709/3557 2715/3564 2716/3566
f 1277/1776 1278/1777 1275/1774
f 1410/1909 1409/1908 1611/2123
f 1611/2123 6332/8320 1686/2246
f 6320/8306 6333/8323 6318/8304
f 7132/9405 7133/9406 7134/9407
f 7133/9406 7166/9439 7163/9436
f 7174/9447 7219/9502 7172/9445
f 6755/8896 6934/9136 6935/9138
f 1098/1545 1110/1562 1111/1564
f 1111/1564 1110/1562 1117/1571
f 2328/3068 2343/3083 2301/3033
f 2314/3052 2300/3032 2312/3050
f 2300/3032 2235/2964 2312/3050
f 1117/1571 1116/1569 1328/1827
f 4487/5858 4542/5921 386/441
f 4644/6065 2761/3616 4646/6068
f 2736/3589 2753/3607 2734/3587
f 2753/3607 2714/3563 2734/3587
f 1286/1785 1409/1908 1410/1909
f 1409/1908 1592/2096 1611/2123
f 1611/2123 1592/2096 6332/8320
f 1686/2248 6326/8312 6329/8316
f 6329/8316 6326/8312 6328/8314
f 6328/8314 6326/8312 6321/8307
f 6321/8307 6322/8308 6320/8306
f 6322/8308 6330/8318 6320/8306
f 6320/8306 6330/8318 6333/8323
f 7149/9422 7147/9420 7148/9421
f 7147/9420 7145/9418 7148/9421
f 6755/8896 6931/9132 6934/9136
f 6754/8894 6934/9136 6761/8909
f 1732/2315 1744/2331 1098/1545
f 2301/3033 2300/3032 2314/3052
f 2300/3032 2249/2979 2235/2964
f 2249/2979 2232/2961 2235/2964
f 2235/2964 2232/2961 2234/2963
f 2234/2963 3748/4886 2315/3053
f 2315/3053 3748/4886 3692/4801
f 1332/1831 1333/1832 1472/1971
f 1617/2131 4561/5953 4474/5845
f 4474/5845 4472/5843 4478/5849
f 4472/5843 4471/5842 4477/5848
f 4478/5849 4472/5843 4477/5848
f 4477/5848 4470/5841 4479/5850
f 4390/5732 1621/2135 1576/2079
f 1576/2079 1621/2135 1455/1954
f 1455/1954 1281/1780 1277/1776
f 2761/3615 2767/3624 2752/3606
f 2767/3624 2753/3607 2752/3606
f 2752/3606 2753/3607 2736/3589
f 1277/1776 1281/1780 1278/1777
f 1686/2248 6332/8321 6326/8312
f 7184/9457 7185/9458 7149/9422
f 7219/9504 6929/9130 6755/8896
f 6934/9136 6933/9135 6761/8909
f 6761/8909 6933/9135 6675/8783
f 2301/3033 2252/2982 2300/3032
f 2300/3032 2252/2982 2249/2979
f 4477/5848 4471/5842 4470/5841
f 4479/5850 4470/5841 4476/5847
f 4644/6065 4643/6063 2761/3616
f 2715/3564 197/221 2716/3566
f 6326/8312 6325/8311 6321/8307
f 6321/8307 6325/8311 6323/8309
f 6321/8307 6323/8309 6322/8308
f 7184/9457 7223/9512 7185/9458
f 7163/9436 7173/9446 7174/9447
f 6934/9136 6931/9132 6930/9131
f 6930/9131 6933/9135 6934/9136
f 1098/1545 1097/1544 1110/1562
f 2249/2979 2250/2980 2237/2966
f 3748/4885 2238/2967 3695/4804
f 2343/3083 2274/3004 2301/3033
f 2301/3033 2274/3004 2252/2982
f 1117/1572 1110/1563 1116/1570
f 1331/1830 1333/1832 1332/1831
f 4561/5953 4473/5844 4474/5845
f 4474/5845 4473/5844 4472/5843
f 2761/3615 2768/3625 2767/3624
f 2753/3607 2718/3568 2714/3563
f 4642/6062 4641/6061 4640/6060
f 2767/3624 2768/3625 2766/3623
f 2767/3624 2766/3623 2753/3607
f 1279/1778 1286/1785 1280/1779
f 6332/8321 1690/2255 6327/8313
f 6332/8321 6327/8313 6326/8312
f 6327/8313 6325/8311 6326/8312
f 7223/9512 6851/9025 7185/9458
f 7174/9447 7220/9505 7219/9502
f 7219/9504 7220/9506 6929/9130
f 6755/8896 6929/9130 6931/9132
f 1750/2339 1743/2330 1751/2340
f 2274/3004 2251/2981 2252/2982
f 2252/2982 2251/2981 2250/2980
f 2249/2979 2237/2966 2232/2961
f 2343/3083 2420/3180 2274/3004
f 3378/4381 3385/4391 3386/4392
f 3378/4381 3386/4392 3377/4380
f 4476/5847 4475/5846 4487/5858
f 4487/5858 4475/5846 4542/5921
f 1621/2135 1551/2053 1455/1954
f 1455/1954 1551/2053 1281/1780
f 2718/3568 2717/3567 2714/3563
f 2714/3563 2717/3567 2715/3564
f 2715/3564 2717/3567 197/221
f 2753/3607 2754/3608 2718/3568
f 1592/2096 1690/2254 6332/8320
f 6322/8308 646/910 6330/8318
f 7185/9458 7183/9456 7149/9422
f 7163/9436 7142/9415 7173/9446
f 7173/9446 7220/9505 7174/9447
f 6931/9132 6929/9130 6925/9124
f 6931/9132 6925/9124 6930/9131
f 1098/1545 1096/1543 1097/1544
f 2430/3199 2275/3005 2274/3004
f 2274/3004 2275/3005 2251/2981
f 2251/2981 2244/2974 2250/2980
f 2244/2974 2237/2966 2250/2980
f 2237/2966 2233/2962 2232/2961
f 2232/2961 2233/2962 2234/2963
f 2238/2967 2318/3056 3695/4804
f 3397/4405 5294/6857 3386/4392
f 4468/5839 4470/5841 4471/5842
f 4469/5840 4475/5846 4476/5847
f 4470/5841 4469/5840 4476/5847
f 4641/6061 4639/6059 4640/6060
f 4640/6060 4639/6059 2781/3639
f 4640/6060 2781/3639 4643/6063
f 4643/6064 2781/3640 2761/3615
f 2761/3615 2781/3640 2768/3625
f 2766/3623 2754/3608 2753/3607
f 1278/1777 1279/1778 1275/1774
f 1409/1908 1283/1782 1592/2096
f 6325/8311 6331/8319 6323/8309
f 6323/8309 6324/8310 6322/8308
f 6322/8308 6324/8310 646/910
f 7149/9422 7183/9456 7147/9420
f 7132/9405 7138/9411 7133/9406
f 6929/9130 6924/9123 6925/9124
f 6930/9131 6926/9125 6932/9133
f 6930/9131 6932/9133 6933/9135
f 1097/1544 1116/1569 1110/1562
f 2275/3005 2256/2986 2251/2981
f 2251/2981 2256/2986 2244/2974
f 2233/2962 2236/2965 2234/2963
f 2234/2963 2236/2965 2238/2968
f 4472/5843 4473/5844 4468/5839
f 4472/5843 4468/5839 4471/5842
f 4468/5839 4469/5840 4470/5841
f 2717/3567 2719/3569 197/221
f 2717/3567 2718/3568 2719/3569
f 1283/1782 1591/2095 1592/2096
f 6325/8311 6327/8313 6331/8319
f 6331/8319 6324/8310 6323/8309
f 7185/9458 6851/9025 7183/9456
f 7220/9506 6923/9122 6929/9130
f 6929/9130 6923/9122 6924/9123
f 6930/9131 6925/9124 6926/9125
f 6932/9134 6927/9126 6675/8782
f 2256/2986 2245/2975 2244/2974
f 2238/2968 2236/2965 2318/3057
f 1116/1569 1327/1826 1328/1827
f 1333/1832 1164/1634 1165/1635
f 1333/1832 1165/1635 1472/1971
f 1472/1971 1165/1635 4561/5952
f 2768/3625 2773/3631 2766/3623
f 2766/3623 2773/3631 2754/3608
f 2719/3569 2726/3578 197/221
f 1286/1785 1283/1782 1409/1908
f 1690/2255 1691/2257 6327/8313
f 6324/8310 6357/8362 646/910
f 6851/9025 6855/9031 7183/9456
f 7166/9439 7142/9415 7163/9436
f 7173/9446 7131/9403 7220/9505
f 7220/9506 7131/9404 6923/9122
f 6926/9125 6927/9127 6932/9133
f 2275/3005 2320/3060 2254/2984
f 2275/3005 2254/2984 2256/2986
f 2237/2966 2244/2974 2233/2962
f 4803/6271 4809/6279 2430/3199
f 1328/1827 1327/1826 1330/1829
f 1330/1829 1327/1826 1331/1830
f 4561/5953 1165/1636 4473/5844
f 4469/5840 4489/5860 4475/5846
f 4475/5846 4558/5947 4542/5921
f 2773/3631 2768/3625 2777/3635
f 6324/8310 6331/8319 6334/8324
f 6324/8310 6334/8324 6357/8362
f 7137/9410 7138/9411 7132/9405
f 7133/9406 7138/9411 7166/9439
f 6657/8760 6674/8780 6656/8759
f 6657/8760 6656/8759 6597/8686
f 6924/9123 6919/9116 6925/9124
f 6919/9116 6920/9117 6925/9124
f 6925/9124 6920/9117 6926/9125
f 2256/2986 2254/2984 2245/2975
f 2244/2974 2243/2973 2233/2962
f 4468/5839 4489/5860 4469/5840
f 1551/2053 1476/1975 1281/1780
f 1281/1780 1476/1975 1278/1777
f 2718/3568 2727/3579 2719/3569
f 2719/3569 2727/3579 2726/3578
f 4638/6058 4637/6056 2781/3639
f 2781/3640 4637/6057 2768/3625
f 2768/3625 4637/6057 2777/3635
f 2773/3631 2775/3633 2754/3608
f 2754/3608 2727/3579 2718/3568
f 2754/3608 2729/3582 2727/3579
f 1284/1783 1283/1782 1286/1785
f 1592/2096 1591/2095 1690/2254
f 1591/2095 1691/2256 1690/2254
f 6331/8319 6335/8325 6334/8324
f 6855/9031 6856/9033 7183/9456
f 7173/9446 7122/9391 7131/9403
f 6923/9122 6917/9113 6924/9123
f 6924/9123 6917/9113 6919/9116
f 6926/9125 6920/9117 6927/9127
f 2245/2975 2243/2973 2244/2974
f 2236/2965 3697/4809 2318/3057
f 3387/4393 3401/4410 3398/4406
f 1333/1832 1331/1830 1164/1634
f 1165/1636 4491/5862 4473/5844
f 4473/5844 4491/5862 4488/5859
f 4473/5844 4488/5859 4468/5839
f 4489/5860 4490/5861 4475/5846
f 1621/2135 4402/5748 1551/2053
f 2727/3579 2728/3581 2726/3578
f 4637/6057 2778/3636 2777/3635
f 2773/3631 2777/3635 2775/3633
f 2775/3633 2729/3582 2754/3608
f 1691/2257 6335/8325 6327/8313
f 6327/8313 6335/8325 6331/8319
f 6357/8362 6334/8324 6351/8349
f 7183/9456 7206/9480 7147/9420
f 7142/9415 7122/9391 7173/9446
f 7131/9404 6916/9112 6923/9122
f 6923/9122 6916/9112 6917/9113
f 6920/9117 6922/9121 6927/9127
f 6927/9127 6922/9121 6674/8781
f 1096/1543 1095/1541 1097/1544
f 1097/1544 1095/1541 1116/1569
f 2245/2975 2246/2976 2243/2973
f 4809/6279 2319/3059 2320/3060
f 2233/2962 2239/2969 2236/2965
f 2236/2965 2239/2969 3697/4809
f 1164/1634 1163/1632 1165/1635
f 1165/1636 1163/1633 4491/5862
f 4490/5861 4499/5870 4475/5846
f 4475/5846 4499/5870 4558/5947
f 4402/5748 1572/2075 1551/2053
f 1551/2053 1572/2075 1476/1975
f 4638/6058 4619/6029 4637/6056
f 2727/3579 573/788 2728/3581
f 1286/1785 1279/1778 1284/1783
f 1283/1782 1588/2092 1591/2095
f 7183/9456 6856/9033 7206/9480
f 7142/9415 7123/9392 7122/9391
f 7122/9391 6916/9111 7131/9403
f 6919/9116 6917/9113 6914/9109
f 6919/9116 6914/9109 6920/9117
f 2254/2984 2246/2976 2245/2975
f 2233/2962 2243/2973 2240/2970
f 2233/2962 2240/2970 2239/2969
f 1116/1569 1095/1541 1327/1826
f 4488/5859 4491/5862 4497/5868
f 4492/5863 4489/5860 4488/5859
f 4619/6029 4626/6039 4637/6056
f 4637/6057 4626/6040 2778/3636
f 2729/3582 573/788 2727/3579
f 573/787 371/414 2728/3580
f 1591/2095 1588/2092 1697/2268
f 1591/2095 1697/2268 1691/2256
f 6351/8349 6347/8345 6357/8362
f 6856/9033 6860/9038 7206/9480
f 7206/9480 7146/9419 7147/9420
f 7122/9391 7121/9390 6916/9111
f 6920/9117 6914/9109 6922/9121
f 1096/1543 1092/1535 1095/1541
f 2319/3059 2253/2983 2254/2984
f 2239/2969 3745/4880 3697/4809
f 1331/1830 1162/1631 1164/1634
f 1164/1634 1162/1631 1163/1632
f 2778/3636 2779/3637 2777/3635
f 2777/3635 2776/3634 2775/3633
f 2775/3633 2774/3632 2729/3582
f 2774/3632 2730/3583 2729/3582
f 1697/2269 6343/8339 1691/2257
f 1691/2257 6343/8339 6335/8325
f 6335/8325 6343/8339 6334/8324
f 6917/9113 6916/9112 6913/9108
f 6917/9113 6913/9108 6914/9109
f 6914/9109 6921/9119 6922/9121
f 4802/6269 2253/2983 2319/3059
f 2254/2984 2253/2983 2246/2976
f 2240/2970 2241/2971 2239/2969
f 2239/2969 2241/2971 3745/4880
f 4497/5868 4492/5863 4488/5859
f 4489/5860 4492/5863 4496/5867
f 4489/5860 4496/5867 4490/5861
f 4490/5861 436/526 4499/5870
f 4499/5870 436/526 4558/5947
f 4618/6028 4617/6027 4619/6029
f 4626/6040 2779/3637 2778/3636
f 2779/3637 2776/3634 2777/3635
f 2776/3634 2774/3632 2775/3633
f 2729/3582 2730/3583 573/788
f 1283/1782 1284/1783 1285/1784
f 6334/8324 6345/8341 6351/8349
f 6860/9038 7215/9494 7206/9480
f 7123/9392 7121/9390 7122/9391
f 6914/9109 6915/9110 6921/9119
f 1092/1535 1094/1539 1095/1541
f 2246/2976 2247/2977 2243/2973
f 3745/4880 2241/2971 3698/4811
f 4802/6269 2311/3049 2253/2983
f 1327/1826 1326/1825 1331/1830
f 573/787 372/415 371/414
f 1283/1782 1285/1784 1588/2092
f 1588/2092 1589/2093 6368/8382
f 1588/2092 6368/8382 1697/2268
f 6368/8383 6344/8340 6343/8339
f 1697/2269 6368/8383 6343/8339
f 6343/8339 6344/8340 6334/8324
f 6334/8324 6344/8340 6345/8341
f 6345/8341 6347/8345 6351/8349
f 7147/9420 7146/9419 7145/9418
f 7143/9416 7123/9392 7142/9415
f 7121/9390 7120/9388 6916/9111
f 6916/9112 7120/9389 6908/9101
f 6916/9112 6908/9101 6913/9108
f 6913/9108 6910/9103 6914/9109
f 6921/9119 6915/9110 6679/8791
f 2311/3049 2255/2985 2253/2983
f 2253/2983 2255/2985 2247/2977
f 2253/2983 2247/2977 2246/2976
f 2247/2977 2248/2978 2243/2973
f 2243/2973 2248/2978 2240/2970
f 4802/6268 2439/3215 2311/3048
f 3424/4447 3394/4402 3393/4400
f 4373/5713 1650/2178 1572/2075
f 4402/5748 4373/5713 1572/2075
f 1572/2075 1650/2178 1477/1976
f 1572/2075 1477/1976 1476/1975
f 4618/6028 4608/6018 4617/6027
f 4626/6040 4627/6041 2779/3637
f 1278/1777 1287/1786 1279/1778
f 1279/1778 1287/1786 1284/1783
f 1588/2092 1285/1784 1589/2093
f 7145/9418 7146/9419 7139/9412
f 7145/9418 7139/9412 7137/9410
f 7138/9411 7142/9415 7166/9439
f 7119/9387 7120/9388 7121/9390
f 7123/9392 7119/9387 7121/9390
f 6908/9101 6909/9102 6913/9108
f 6913/9108 6909/9102 6910/9103
f 6914/9109 6910/9103 6915/9110
f 2241/2971 2352/3095 3698/4811
f 1094/1540 1093/1538 1095/1542
f 1095/1541 1093/1537 1327/1826
f 1162/1631 1161/1629 1163/1632
f 1163/1633 1161/1630 4491/5862
f 4497/5868 4495/5866 4492/5863
f 4492/5863 4494/5865 4496/5867
f 4496/5867 4494/5865 4498/5869
f 4496/5867 4498/5869 4490/5861
f 4490/5861 4498/5869 436/526
f 4608/6018 4610/6020 4617/6027
f 4610/6020 4627/6042 4626/6039
f 4617/6027 4610/6020 4626/6039
f 4627/6041 2780/3638 2779/3637
f 2779/3637 2780/3638 2776/3634
f 573/788 2782/3641 372/416
f 6344/8340 6346/8342 6345/8341
f 6345/8341 6346/8342 6347/8345
f 6346/8342 656/924 6347/8345
f 6862/9041 6866/9046 7215/9495
f 7206/9480 7215/9494 7207/9481
f 7206/9480 7207/9481 7146/9419
f 7138/9411 7141/9414 7142/9415
f 1092/1535 1832/2448 1093/1537
f 1092/1535 1093/1537 1094/1539
f 2247/2977 2257/2987 2248/2978
f 2248/2978 2257/2987 2240/2970
f 2439/3216 2310/3047 2311/3049
f 2311/3049 2310/3047 2255/2985
f 2240/2970 2242/2972 2241/2971
f 2241/2971 2242/2972 2352/3095
f 1093/1537 1324/1823 1327/1826
f 1331/1830 1326/1825 1162/1631
f 4491/5862 4501/5872 4495/5866
f 4491/5862 4495/5866 4497/5868
f 4492/5863 4493/5864 4494/5865
f 1477/1976 1456/1955 1278/1777
f 1476/1975 1477/1976 1278/1777
f 2730/3583 2782/3641 573/788
f 4608/6018 4609/6019 4610/6020
f 1589/2093 1698/2270 6368/8382
f 6368/8383 6350/8348 6344/8340
f 7215/9494 6874/9056 7207/9481
f 6611/8700 6610/8699 6612/8701
f 7124/9393 7116/9382 7123/9392
f 7143/9416 7124/9393 7123/9392
f 7123/9392 7116/9382 7119/9387
f 6910/9103 6912/9107 6679/8791
f 2310/3047 2291/3021 2255/2985
f 2255/2985 2291/3021 2270/3000
f 2255/2985 2270/3000 2247/2977
f 2270/3000 2257/2987 2247/2977
f 2240/2970 2258/2988 2242/2972
f 2439/3216 2364/3111 2310/3047
f 1162/1631 1160/1628 1161/1629
f 436/526 4498/5869 415/491
f 4610/6020 2785/3644 4627/6042
f 2782/3641 2805/3671 372/416
f 2776/3634 2780/3638 2783/3642
f 2776/3634 2783/3642 2774/3632
f 6368/8383 1698/2271 6350/8348
f 6344/8340 6350/8348 6346/8342
f 7146/9419 7207/9481 7186/9459
f 7146/9419 7186/9459 7139/9412
f 7137/9410 7139/9412 7138/9411
f 7142/9415 7141/9414 7143/9416
f 7126/9396 7124/9393 7143/9416
f 7116/9382 7118/9385 7119/9387
f 1772/2366 1099/1547 1832/2449
f 2310/3047 2364/3111 2291/3021
f 2257/2987 2258/2988 2240/2970
f 2258/2988 2266/2996 2242/2972
f 2242/2972 2344/3085 2352/3095
f 4495/5866 4501/5872 4493/5864
f 1650/2178 1656/2189 1477/1976
f 2783/3642 2784/3643 2774/3632
f 2774/3632 2784/3643 2730/3583
f 2784/3643 2782/3641 2730/3583
f 1698/2271 6365/8377 6350/8348
f 6346/8342 6348/8346 655/922
f 6346/8342 655/922 656/924
f 6908/9101 6907/9100 6909/9102
f 2271/3001 2263/2993 2270/3000
f 2270/3000 2263/2993 2257/2987
f 2257/2987 2259/2989 2258/2988
f 2242/2972 2266/2996 2344/3085
f 1324/1823 1326/1825 1327/1826
f 1326/1825 1160/1628 1162/1631
f 1160/1628 4507/5879 1161/1629
f 1161/1630 4507/5880 4491/5862
f 4491/5862 4507/5880 4501/5872
f 4500/5871 4494/5865 4493/5864
f 4498/5869 438/529 415/491
f 1656/2189 1580/2084 1477/1976
f 1477/1976 1580/2084 1456/1955
f 4627/6041 2785/3645 2780/3638
f 2782/3641 2789/3649 2805/3671
f 1285/1784 1502/2001 1589/2093
f 1589/2093 6365/8376 1698/2270
f 6350/8348 6363/8372 6348/8346
f 6350/8348 6348/8346 6346/8342
f 7141/9414 7126/9396 7143/9416
f 1100/1548 1112/1565 1093/1537
f 2271/3001 2427/3194 2265/2995
f 2265/2995 2263/2993 2271/3001
f 4501/5872 4500/5871 4493/5864
f 4500/5871 4502/5873 4494/5865
f 4502/5873 4503/5874 4498/5869
f 4494/5865 4502/5873 4498/5869
f 4503/5874 438/529 4498/5869
f 4377/5719 4362/5701 4363/5702
f 4611/6021 4613/6023 2785/3644
f 2785/3645 4625/6038 2786/3646
f 2785/3645 2786/3646 2780/3638
f 2780/3638 2786/3646 2787/3647
f 2784/3643 2789/3649 2782/3641
f 2789/3649 2806/3673 2805/3671
f 2806/3672 396/458 2805/3670
f 1285/1784 1292/1791 1502/2001
f 1589/2093 1502/2001 1631/2149
f 1589/2093 1631/2149 6365/8376
f 6365/8377 6363/8372 6350/8348
f 6874/9056 6963/9176 7207/9481
f 6904/9097 6901/9092 6905/9098
f 6907/9100 6906/9099 6911/9105
f 1099/1546 1101/1549 1100/1548
f 1099/1546 1100/1548 1093/1537
f 2259/2989 2260/2990 2258/2988
f 2258/2988 2260/2990 2266/2996
f 2266/2996 3701/4815 2344/3085
f 1160/1628 1156/1623 4507/5879
f 1656/2189 1644/2167 1580/2084
f 192/215 191/214 193/216
f 4613/6023 4625/6037 2785/3644
f 2780/3638 2787/3647 2783/3642
f 2783/3642 2788/3648 2784/3643
f 1284/1783 1292/1791 1285/1784
f 7139/9412 7140/9413 7138/9411
f 7141/9414 7127/9397 7126/9396
f 7124/9393 7117/9383 7116/9382
f 7116/9382 7117/9383 6904/9096
f 4788/6252 2272/3002 2265/2995
f 2263/2993 2262/2992 2259/2989
f 2259/2989 2261/2991 2260/2990
f 2266/2996 2267/2997 3701/4815
f 1112/1565 1374/1873 1093/1537
f 1374/1873 1324/1823 1093/1537
f 3413/4426 3410/4422 3411/4423
f 1326/1825 1325/1824 1160/1628
f 4501/5872 4504/5875 4500/5871
f 1580/2084 1644/2167 1456/1955
f 1278/1777 1456/1955 1288/1787
f 4625/6038 3168/4133 2786/3646
f 2787/3647 2788/3648 2783/3642
f 1278/1777 1288/1787 1287/1786
f 1631/2149 6366/8378 6365/8376
f 6365/8377 6366/8379 6363/8372
f 6963/9176 6962/9174 7207/9481
f 7207/9481 6962/9174 7186/9459
f 7186/9459 6962/9174 7197/9471
f 7186/9459 7197/9471 7139/9412
f 7138/9411 7140/9413 7141/9414
f 7141/9414 7140/9413 7144/9417
f 7126/9396 7125/9394 7124/9393
f 7125/9394 7117/9383 7124/9393
f 1101/1549 1102/1550 1100/1548
f 4788/6252 2424/3188 2272/3002
f 2272/3002 2264/2994 2265/2995
f 2265/2995 2264/2994 2263/2993
f 2263/2993 2264/2994 2262/2992
f 2262/2992 2261/2991 2259/2989
f 2266/2996 2260/2990 2267/2997
f 5373/7013 3416/4431 3414/4427
f 3414/4427 3410/4422 3413/4426
f 1325/1824 1155/1622 1160/1628
f 1160/1628 1155/1622 1156/1623
f 1156/1624 4506/5878 4507/5880
f 4507/5880 4506/5878 4501/5872
f 4503/5874 4465/5835 438/529
f 1644/2167 1544/2045 1456/1955
f 4613/6023 4615/6025 4625/6037
f 4615/6025 3168/4132 4625/6037
f 3168/4133 2790/3650 2786/3646
f 2786/3646 2790/3650 2787/3647
f 2784/3643 2788/3648 2789/3649
f 2788/3648 585/811 2789/3649
f 2789/3649 585/811 402/469
f 2789/3649 402/469 2806/3673
f 2806/3672 402/468 396/458
f 1292/1791 1501/2000 1502/2001
f 6348/8346 6349/8347 655/922
f 7197/9471 7196/9470 7139/9412
f 7117/9384 7125/9395 6901/9092
f 2267/2997 2299/3031 3701/4815
f 4500/5871 4504/5875 4505/5876
f 4500/5871 4505/5876 4502/5873
f 4502/5873 4505/5876 4503/5874
f 1502/2001 1501/2000 1631/2149
f 1631/2149 1641/2162 6367/8380
f 1631/2149 6367/8380 6366/8378
f 6366/8379 6367/8381 3817/4985
f 6366/8379 3817/4985 6363/8372
f 6348/8346 6363/8372 3818/4988
f 6348/8346 3818/4988 6349/8347
f 6349/8347 772/1112 655/922
f 6962/9174 7225/9516 7197/9471
f 7197/9471 7225/9516 7196/9470
f 7127/9397 6898/9088 7126/9396
f 7126/9396 6898/9088 7125/9394
f 1100/1548 1103/1552 1112/1565
f 2424/3188 2273/3003 2272/3002
f 2273/3003 2269/2999 2264/2994
f 2272/3002 2273/3003 2264/2994
f 2264/2994 2268/2998 2262/2992
f 2262/2992 2268/2998 2261/2991
f 2261/2991 2276/3006 2260/2990
f 2260/2990 2299/3031 2267/2997
f 1324/1823 1325/1824 1326/1825
f 1155/1622 4506/5877 1156/1623
f 4501/5872 4506/5878 4504/5875
f 1644/2167 4358/5696 1544/2045
f 1456/1955 1544/2045 1288/1787
f 402/468 585/812 383/434
f 1290/1789 1292/1791 1284/1783
f 1287/1786 1290/1789 1284/1783
f 1631/2149 1501/2000 1641/2162
f 7225/9516 6958/9167 7196/9470
f 7139/9412 7196/9470 7195/9469
f 7139/9412 7195/9469 7140/9413
f 6894/9082 6898/9088 7127/9397
f 1102/1550 1782/2380 1100/1548
f 2424/3188 2435/3208 2273/3003
f 2269/2999 2268/2998 2264/2994
f 2268/2998 2277/3007 2261/2991
f 2260/2990 2303/3036 2299/3031
f 1325/1824 1154/1621 1155/1622
f 4504/5875 4508/5881 4505/5876
f 4503/5874 4505/5876 4512/5886
f 4503/5874 4512/5886 4465/5835
f 4358/5696 4357/5694 1544/2045
f 4620/6030 4621/6031 3168/4132
f 4616/6026 4620/6030 3168/4132
f 3168/4133 2811/3681 2790/3650
f 2790/3650 2811/3681 2809/3677
f 2790/3650 2809/3677 2787/3647
f 2809/3677 2810/3679 2787/3647
f 2787/3647 2810/3679 2788/3648
f 2788/3648 2810/3679 585/811
f 585/811 2810/3679 3164/4124
f 585/812 3164/4122 383/434
f 3815/4982 3818/4989 6363/8373
f 3818/4988 774/1116 6349/8347
f 6349/8347 774/1116 772/1112
f 7196/9470 6958/9167 7195/9469
f 6603/8692 6601/8690 6626/8717
f 7144/9417 7129/9400 7141/9414
f 7141/9414 7129/9400 7127/9397
f 7129/9400 7128/9398 7127/9397
f 7127/9397 7128/9398 6894/9082
f 1782/2380 1103/1552 1100/1548
f 1103/1552 1374/1873 1112/1565
f 2260/2990 2276/3006 2303/3036
f 1154/1621 4506/5877 1155/1622
f 4506/5878 4508/5881 4504/5875
f 4512/5886 4461/5828 4465/5835
f 4465/5835 4461/5828 4463/5832
f 4357/5694 1554/2056 1544/2045
f 4621/6032 3167/4131 3168/4134
f 3168/4134 3167/4131 2811/3682
f 3164/4125 366/406 383/435
f 1292/1791 1408/1907 1501/2000
f 6367/8380 1707/2287 3817/4986
f 3817/4987 1707/2288 3815/4982
f 3817/4987 3815/4982 6363/8373
f 6950/9157 6949/9155 7195/9469
f 6958/9167 6950/9157 7195/9469
f 7140/9413 7195/9469 7204/9478
f 7140/9413 7204/9478 7144/9417
f 1782/2380 1106/1555 1104/1553
f 2432/3202 2292/3022 2273/3003
f 2273/3003 2292/3022 2269/2999
f 2292/3022 2283/3013 2269/2999
f 2269/2999 2283/3013 2268/2998
f 2268/2998 2283/3013 2277/3007
f 2276/3006 3702/4817 2303/3036
f 4182/5438 4183/5440 4166/5414
f 1544/2045 1554/2056 1288/1787
f 4620/6030 4622/6033 4621/6031
f 1501/2000 1579/2083 1641/2162
f 3815/4982 774/1117 3818/4989
f 7195/9469 6949/9155 6944/9149
f 7195/9469 6944/9149 7204/9478
f 7204/9478 7130/9401 7144/9417
f 7144/9417 7130/9401 7129/9400
f 7129/9400 7130/9401 7128/9398
f 2276/3006 2279/3009 2280/3010
f 2276/3006 2280/3010 3702/4817
f 1154/1621 1151/1617 4506/5877
f 4505/5876 4510/5883 4512/5886
f 4621/6031 4623/6034 3167/4130
f 3164/4123 3165/4127 366/405
f 3165/4126 365/403 366/404
f 1501/2000 1408/1907 1579/2083
f 1641/2162 1674/2224 6367/8380
f 6367/8380 1674/2224 1707/2287
f 7204/9478 6944/9149 6936/9139
f 7204/9478 6936/9139 7130/9401
f 1105/1554 1374/1873 1103/1552
f 2432/3202 2425/3190 2431/3200
f 2431/3200 2286/3016 2292/3022
f 2286/3016 2284/3014 2292/3022
f 2292/3022 2284/3014 2283/3013
f 2282/3012 2281/3011 2283/3013
f 2283/3013 2281/3011 2277/3007
f 2281/3011 2278/3008 2277/3007
f 2278/3008 2279/3009 2276/3006
f 2280/3010 3704/4820 3702/4817
f 1325/1824 1376/1875 1154/1621
f 1157/1625 1151/1617 1154/1621
f 4506/5878 4511/5885 4508/5881
f 4508/5881 4509/5882 4510/5883
f 4357/5694 4351/5686 1554/2056
f 1554/2056 1548/2049 1288/1787
f 4623/6035 3158/4114 3167/4131
f 3167/4131 3157/4113 2811/3682
f 2811/3682 3157/4113 2809/3678
f 2809/3678 3157/4113 2810/3680
f 3157/4113 3159/4115 2810/3680
f 2810/3680 3163/4121 3164/4123
f 1641/2162 1579/2083 1674/2224
f 1674/2224 1579/2083 1610/2122
f 1106/1555 1107/1557 1104/1553
f 1104/1553 1105/1554 1103/1552
f 2279/3009 2293/3023 2280/3010
f 2280/3010 2293/3023 3704/4820
f 1324/1823 1376/1875 1325/1824
f 4174/5424 4173/5423 4164/5412
f 1554/2056 4351/5686 1548/2049
f 4622/6033 4624/6036 4623/6034
f 3167/4131 3158/4114 3157/4113
f 3164/4123 3163/4121 3165/4127
f 1707/2288 3813/4979 3815/4982
f 3813/4979 6205/8140 3815/4982
f 3815/4982 6205/8140 774/1117
f 1107/1557 1109/1560 1108/1559
f 1788/2387 1786/2385 1787/2386
f 1376/1875 1157/1625 1154/1621
f 1151/1617 4511/5884 4506/5877
f 4508/5881 4511/5885 4509/5882
f 4461/5828 4462/5830 4463/5832
f 1548/2049 1534/2033 1288/1787
f 1288/1787 1534/2033 1289/1788
f 4624/6036 3161/4118 4623/6034
f 4623/6035 3161/4119 3158/4114
f 2810/3680 3162/4120 3163/4121
f 3163/4121 392/451 3165/4127
f 2810/3680 3159/4115 3162/4120
f 1288/1787 1289/1788 1287/1786
f 1287/1786 1289/1788 1290/1789
f 1674/2224 3814/4980 1707/2287
f 3813/4979 3811/4975 6205/8140
f 6205/8140 3811/4975 3812/4978
f 1104/1553 1108/1559 1105/1554
f 2425/3189 4784/6246 2294/3024
f 2425/3190 2294/3025 2286/3016
f 2294/3025 2285/3015 2286/3016
f 2286/3016 2285/3015 2284/3014
f 2284/3014 2285/3015 2282/3012
f 2281/3011 2289/3019 2278/3008
f 2278/3008 2289/3019 2279/3009
f 2279/3009 2289/3019 2295/3026
f 2279/3009 2295/3026 2293/3023
f 2293/3023 2295/3026 2436/3210
f 2293/3023 2436/3210 3704/4820
f 4512/5886 4464/5833 4461/5828
f 4461/5828 4464/5833 4462/5830
f 1548/2049 4351/5686 1534/2033
f 4628/6043 3161/4118 4624/6036
f 1408/1907 1503/2002 1579/2083
f 1579/2083 1503/2002 1610/2122
f 1610/2122 1675/2225 1674/2224
f 1674/2224 1675/2225 3814/4980
f 3814/4981 3813/4979 1707/2288
f 2282/3012 2285/3015 2287/3017
f 2282/3012 2287/3017 2281/3011
f 2287/3017 2290/3020 2281/3011
f 1374/1873 1113/1566 1324/1823
f 1376/1875 1151/1617 1157/1625
f 4511/5885 4515/5889 4509/5882
f 4351/5686 4353/5689 1534/2033
f 4628/6043 3160/4116 3161/4118
f 3161/4119 3160/4117 3158/4114
f 3163/4121 391/449 392/451
f 1292/1791 1290/1789 1408/1907
f 1408/1907 1407/1906 1503/2002
f 1109/1560 1829/2443 1108/1559
f 2294/3025 4787/6250 2288/3018
f 2294/3025 2288/3018 2285/3015
f 2285/3015 2288/3018 2287/3017
f 2290/3020 2296/3027 2289/3019
f 2281/3011 2290/3020 2289/3019
f 2289/3019 2308/3043 2295/3026
f 2295/3026 2308/3043 3706/4823
f 2295/3026 3706/4823 2436/3210
f 4168/5416 4164/5412 4157/5403
f 1376/1875 1153/1620 1151/1617
f 4511/5885 4516/5890 4515/5889
f 4510/5883 4514/5888 4513/5887
f 4510/5883 4513/5887 4512/5886
f 4512/5886 4513/5887 4464/5833
f 4628/6043 4629/6044 3160/4116
f 3158/4114 3160/4117 3151/4104
f 3158/4114 3151/4104 3157/4113
f 3157/4113 3151/4104 3149/4102
f 3157/4113 3149/4102 3159/4115
f 3163/4121 3162/4120 391/449
f 3814/4981 3810/4974 3813/4979
f 3813/4979 3810/4974 3811/4975
f 3811/4975 3809/4973 3812/4978
f 1829/2443 1114/1567 1108/1559
f 1108/1559 1113/1566 1105/1554
f 2287/3017 2298/3029 2290/3020
f 4787/6250 5326/6918 2288/3018
f 1324/1823 1375/1874 1376/1875
f 1153/1620 1152/1618 1151/1617
f 1151/1617 1152/1618 4511/5884
f 4515/5889 4514/5888 4509/5882
f 4509/5882 4514/5888 4510/5883
f 4464/5833 460/570 4462/5830
f 1534/2033 1535/2034 1289/1788
f 4629/6044 4630/6045 3160/4116
f 3162/4120 418/497 391/449
f 1675/2226 3816/4984 3814/4981
f 1675/2225 1676/2227 3816/4983
f 3814/4981 3816/4984 3810/4974
f 3810/4974 3808/4971 3811/4975
f 3811/4975 3808/4971 3809/4973
f 1791/2390 1790/2389 1793/2393
f 1114/1567 1113/1566 1108/1559
f 5326/6918 2313/3051 2288/3018
f 2288/3018 2313/3051 2306/3040
f 2296/3027 2297/3028 2289/3019
f 2289/3019 2297/3028 2309/3045
f 2289/3019 2309/3045 2308/3043
f 2308/3043 2309/3045 3706/4823
f 1105/1554 1113/1566 1374/1873
f 1376/1875 1158/1626 1153/1620
f 4516/5890 4518/5892 4515/5889
f 4513/5887 4466/5836 4464/5833
f 4464/5833 4466/5836 460/570
f 4353/5689 1535/2034 1534/2033
f 4629/6044 4631/6047 4630/6045
f 3160/4117 4630/6046 3151/4104
f 1675/2225 1610/2122 1676/2227
f 1829/2443 1221/1710 1114/1567
f 2290/3020 2298/3029 2296/3027
f 1152/1619 4516/5890 4511/5885
f 4631/6047 4632/6048 4630/6045
f 3159/4115 3155/4110 3162/4120
f 3150/4103 3156/4112 418/497
f 3162/4120 3150/4103 418/497
f 1289/1788 1291/1790 1290/1789
f 1407/1906 1406/1905 1503/2002
f 1503/2002 1406/1905 1575/2078
f 1503/2002 1575/2078 1610/2122
f 1610/2122 1575/2078 1676/2227
f 3816/4984 1676/2228 3810/4974
f 3810/4974 3799/4961 3808/4971
f 3809/4973 3808/4971 3796/4958
f 3809/4973 3796/4958 3804/4967
f 3804/4967 626/873 3809/4973
f 1221/1710 1220/1709 1114/1567
f 1795/2396 1221/1711 1791/2390
f 1114/1567 1115/1568 1113/1566
f 2302/3034 5616/7345 2298/3029
f 2297/3028 2296/3027 5617/7348
f 2297/3028 5617/7348 2309/3045
f 2309/3046 5617/7347 3707/4825
f 1323/1822 1375/1874 1324/1823
f 4157/5403 4156/5402 4154/5400
f 1376/1875 1375/1874 1158/1626
f 1158/1626 1152/1618 1153/1620
f 4515/5889 4518/5892 4517/5891
f 4514/5888 4519/5893 4513/5887
f 4466/5836 4467/5838 460/570
f 4631/6047 4633/6050 4632/6048
f 4632/6049 3141/4091 4630/6046
f 4630/6046 3141/4091 3138/4087
f 4630/6046 3138/4087 3151/4104
f 3151/4104 3138/4087 3149/4102
f 3149/4102 3155/4110 3159/4115
f 3162/4120 3155/4110 3150/4103
f 1676/2228 3799/4961 3810/4974
f 3799/4961 3798/4960 3808/4971
f 3798/4960 3796/4958 3808/4971
f 2434/3206 2304/3037 2313/3051
f 2313/3051 2304/3037 2306/3040
f 2306/3040 2304/3037 2302/3034
f 2302/3034 5609/7335 5616/7345
f 3707/4825 5617/7347 3711/4830
f 1113/1566 1323/1822 1324/1823
f 1158/1626 1159/1627 1152/1618
f 1152/1619 4518/5892 4516/5890
f 4326/5653 4327/5655 1535/2035
f 1535/2034 4327/5654 1569/2072
f 1535/2034 1569/2072 1487/1986
f 1535/2034 1487/1986 1289/1788
f 4633/6050 3140/4089 4632/6048
f 4632/6049 3140/4090 3141/4091
f 1290/1789 1407/1906 1408/1907
f 1676/2228 3837/5014 3799/4961
f 1114/1567 1220/1709 1115/1568
f 1115/1568 1119/1574 1113/1566
f 2434/3206 2357/3101 2304/3037
f 2304/3037 5609/7335 2302/3034
f 5616/7345 2307/3041 2298/3029
f 2307/3041 5610/7337 2296/3027
f 2298/3029 2307/3041 2296/3027
f 2296/3027 5610/7337 5617/7348
f 5610/7338 5611/7339 5617/7347
f 5617/7347 5611/7339 5679/7431
f 5617/7347 5679/7431 3711/4830
f 3150/4103 417/495 3156/4112
f 4633/6050 4634/6051 3140/4089
f 3141/4091 3140/4090 3138/4087
f 3149/4102 3137/4086 3155/4110
f 3137/4086 3150/4103 3155/4110
f 3837/5014 3793/4955 3799/4961
f 3796/4958 3797/4959 3804/4967
f 3804/4967 3797/4959 626/873
f 1831/2446 1220/1709 1795/2395
f 2357/3102 5680/7433 2305/3039
f 2357/3101 2305/3038 2304/3037
f 2304/3037 2305/3038 5609/7335
f 5609/7336 2307/3042 5616/7346
f 1159/1627 1166/1637 1152/1618
f 4518/5892 4521/5895 4517/5891
f 4519/5893 506/655 4466/5836
f 4466/5836 506/655 4467/5838
f 3137/4086 3147/4099 3150/4103
f 3147/4099 417/495 3150/4103
f 3138/4087 3136/4085 3149/4102
f 3793/4955 3784/4943 3799/4961
f 3799/4961 3784/4943 3798/4960
f 3797/4959 3796/4958 3788/4949
f 1219/1708 1220/1709 1831/2446
f 1219/1708 1115/1568 1220/1709
f 2305/3039 5601/7327 5609/7336
f 5679/7430 3744/4877 3710/4828
f 1375/1874 1167/1639 1158/1626
f 1158/1626 1167/1639 1159/1627
f 1152/1619 1166/1638 4518/5892
f 4518/5892 4522/5896 4521/5895
f 4520/5894 4523/5897 4519/5893
f 4635/6053 3142/4092 4634/6051
f 4634/6052 3142/4093 3140/4090
f 3140/4090 3139/4088 3138/4087
f 3138/4087 3139/4088 3136/4085
f 3149/4102 3136/4085 3137/4086
f 3137/4086 3134/4083 3147/4099
f 1291/1790 1293/1792 1290/1789
f 1406/1905 1566/2069 1575/2078
f 1676/2227 1575/2078 3837/5013
f 3837/5014 3803/4966 3793/4955
f 3803/4966 3786/4945 3793/4955
f 3784/4943 3796/4958 3798/4960
f 3796/4958 3784/4943 3785/4944
f 3796/4958 3785/4944 3788/4949
f 5325/6916 5602/7328 5680/7433
f 5680/7433 5602/7328 2305/3039
f 2305/3039 5602/7328 5601/7327
f 2307/3042 5603/7329 5610/7338
f 5611/7339 5604/7330 3744/4878
f 5611/7339 3744/4878 5679/7431
f 1323/1822 1377/1876 1375/1874
f 4518/5892 1166/1638 4522/5896
f 4521/5895 4520/5894 4517/5891
f 4327/5654 4325/5651 1569/2072
f 1569/2072 4325/5651 1527/2026
f 1569/2072 1527/2026 1487/1986
f 1289/1788 1487/1986 1291/1790
f 3147/4099 404/472 417/495
f 4635/6053 4636/6054 3142/4092
f 3148/4100 3143/4094 3142/4093
f 3140/4090 3142/4093 3139/4088
f 3142/4093 3143/4094 3139/4088
f 3136/4085 3126/4072 3137/4086
f 3837/5014 1668/2212 3803/4966
f 3786/4945 3784/4943 3793/4955
f 1876/2505 1830/2445 1877/2506
f 1877/2506 1830/2445 3753/4896
f 1219/1708 1120/1575 1115/1568
f 1115/1568 1120/1575 1119/1574
f 5609/7336 5601/7327 5599/7325
f 5609/7336 5599/7325 2307/3042
f 5611/7339 5603/7329 5604/7330
f 1167/1639 1166/1637 1159/1627
f 4523/5897 4524/5898 4519/5893
f 4524/5898 484/612 506/655
f 4519/5893 4524/5898 506/655
f 4636/6055 3148/4100 3142/4093
f 3126/4072 3134/4083 3137/4086
f 3147/4099 577/796 404/472
f 1575/2078 1566/2069 1668/2211
f 1575/2078 1668/2211 3837/5013
f 3785/4944 3787/4947 3788/4949
f 1880/2512 1877/2506 3753/4896
f 5328/6922 5600/7326 5602/7328
f 1119/1574 1323/1822 1113/1566
f 1167/1639 1168/1640 1166/1637
f 1168/1641 4527/5901 1166/1638
f 1166/1638 4527/5901 4522/5896
f 4522/5896 4526/5900 4521/5895
f 4525/5899 4523/5897 4520/5894
f 1487/1986 1527/2026 1291/1790
f 577/795 403/470 404/471
f 4636/6055 5331/6928 3148/4100
f 3143/4094 3144/4095 3139/4088
f 1290/1789 1293/1792 1407/1906
f 1878/2507 1222/1712 1120/1575
f 1878/2507 1120/1575 1219/1708
f 5602/7328 5600/7326 5601/7327
f 5600/7326 5598/7324 5601/7327
f 5677/7426 3714/4834 3713/4832
f 5328/6922 5630/7364 5600/7326
f 4142/5386 41/54 42/55
f 1375/1874 1377/1876 1167/1639
f 4521/5895 4525/5899 4520/5894
f 5394/7054 3154/4109 3148/4100
f 5331/6929 5394/7056 3148/4101
f 3148/4100 3154/4109 3143/4094
f 3134/4083 3128/4074 3147/4099
f 3147/4099 3128/4074 577/796
f 1293/1792 1406/1905 1407/1906
f 2066/2740 2051/2724 2065/2739
f 1406/1905 1452/1951 1566/2069
f 1566/2069 1560/2063 1668/2211
f 1668/2212 3802/4965 3803/4966
f 1668/2211 1560/2063 3802/4964
f 3803/4966 3802/4965 3786/4945
f 3779/4938 3780/4939 3784/4943
f 3786/4945 3779/4938 3784/4943
f 3784/4943 3780/4939 3781/4940
f 3784/4943 3781/4940 3785/4944
f 3785/4944 3781/4940 3787/4947
f 1222/1712 1878/2507 1879/2509
f 5598/7324 5595/7321 5594/7320
f 5630/7364 5693/7459 5629/7362
f 5630/7364 5629/7362 5600/7326
f 5599/7325 5593/7319 5603/7329
f 5604/7330 5646/7384 5677/7427
f 5677/7427 5646/7384 3714/4835
f 1377/1876 1168/1640 1167/1639
f 4522/5896 4527/5901 4526/5900
f 4525/5899 4528/5902 4523/5897
f 4523/5897 4528/5902 4524/5898
f 4524/5898 4535/5911 484/612
f 4325/5651 4323/5648 1527/2026
f 3154/4109 3145/4096 3143/4094
f 3143/4094 3145/4096 3144/4095
f 3144/4095 3130/4077 3139/4088
f 3139/4088 3130/4077 3136/4085
f 3136/4085 3130/4077 3126/4072
f 3126/4072 3127/4073 3134/4083
f 3134/4083 3127/4073 3128/4074
f 3802/4965 3779/4938 3786/4945
f 3779/4938 3778/4937 3780/4939
f 3787/4947 3781/4940 779/1129
f 1877/2506 1882/2516 1883/2518
f 1120/1575 1121/1576 1119/1574
f 5600/7326 5595/7321 5598/7324
f 5599/7325 5594/7320 5593/7319
f 5593/7319 5596/7322 5603/7329
f 5603/7329 5596/7322 5604/7330
f 5604/7330 5596/7322 5646/7384
f 1377/1876 1573/2076 1168/1640
f 4528/5902 4535/5911 4524/5898
f 4323/5648 1604/2112 1527/2026
f 3128/4074 3129/4076 577/796
f 577/795 3129/4075 403/470
f 3145/4096 3135/4084 3144/4095
f 3144/4095 3135/4084 3130/4077
f 3135/4084 3131/4078 3130/4077
f 1406/1905 1404/1903 1452/1951
f 1566/2069 1452/1951 1560/2063
f 1560/2063 3841/5018 3802/4964
f 3802/4965 3841/5019 3779/4938
f 1879/2509 1223/1713 1222/1712
f 5693/7459 5290/6851 5628/7361
f 5693/7459 5628/7361 5629/7362
f 5629/7362 5628/7361 5592/7318
f 5629/7362 5592/7318 5600/7326
f 5600/7326 5592/7318 5595/7321
f 1168/1641 4530/5905 4527/5901
f 4526/5900 4529/5903 4525/5899
f 4525/5899 4529/5903 4528/5902
f 1527/2026 1604/2112 1528/2027
f 1527/2026 1528/2027 1291/1790
f 403/470 178/201 180/203
f 1291/1790 1528/2027 1294/1793
f 3166/4129 3122/4065 3135/4084
f 3135/4084 3122/4065 3131/4078
f 3127/4073 576/794 3128/4074
f 3128/4074 576/794 3129/4076
f 1452/1951 1453/1952 1560/2063
f 1222/1712 1224/1715 1122/1577
f 1122/1577 1121/1576 1120/1575
f 1222/1712 1122/1577 1120/1575
f 5595/7321 5591/7317 5594/7320
f 5593/7319 5582/7308 5596/7322
f 1573/2076 4530/5904 1168/1640
f 576/793 453/557 3129/4075
f 3131/4078 3122/4065 3115/4056
f 3131/4078 3115/4056 3111/4052
f 3131/4078 3111/4052 3130/4077
f 3130/4077 3109/4050 3126/4072
f 3126/4072 3110/4051 3127/4073
f 3110/4051 576/794 3127/4073
f 1294/1793 1293/1792 1291/1790
f 3841/5019 3789/4950 3779/4938
f 3779/4938 3789/4950 3778/4937
f 3781/4940 3776/4934 779/1129
f 6071/7954 3758/4905 3740/4869
f 5590/7316 5581/7307 5593/7319
f 5596/7322 5597/7323 5682/7437
f 1121/1576 1320/1819 1119/1574
f 1119/1574 1320/1819 1323/1822
f 1323/1822 1322/1821 1377/1876
f 45/59 44/58 46/60
f 4530/5905 4531/5906 4527/5901
f 4527/5901 4531/5906 4526/5900
f 4528/5902 509/661 4535/5911
f 3118/4060 3116/4057 3122/4065
f 3122/4065 3116/4057 3115/4056
f 576/793 3125/4070 453/557
f 3111/4052 3109/4050 3130/4077
f 3109/4050 3110/4051 3126/4072
f 1294/1793 1295/1794 1293/1792
f 2050/2723 2046/2719 2026/2699
f 1560/2063 1453/1952 1562/2065
f 1560/2063 1562/2065 3841/5018
f 3778/4937 3775/4933 3780/4939
f 3780/4939 3775/4933 3781/4940
f 3781/4940 3775/4933 3776/4934
f 3776/4934 3777/4936 779/1129
f 1224/1715 1223/1713 6085/7974
f 6085/7975 1223/1714 6074/7958
f 5581/7307 5582/7308 5593/7319
f 5582/7308 5597/7323 5596/7322
f 1633/2151 4530/5904 1573/2076
f 4531/5906 4532/5907 4526/5900
f 4529/5903 4533/5908 4528/5902
f 4323/5648 1655/2187 1528/2027
f 4323/5648 1528/2027 1604/2112
f 3118/4060 3117/4058 3116/4057
f 3110/4051 3119/4061 576/794
f 576/794 3119/4061 3125/4071
f 1562/2065 1666/2207 3841/5018
f 3841/5019 1666/2208 3789/4950
f 6085/7975 6074/7958 6075/7959
f 5597/7323 5622/7355 5685/7443
f 4201/5476 4127/5363 4118/5349
f 1377/1876 1485/1984 1573/2076
f 4526/5900 4532/5907 4529/5903
f 4533/5908 4534/5909 4528/5902
f 4528/5902 510/663 509/661
f 3118/4060 3146/4098 3117/4058
f 3117/4058 3112/4053 3116/4057
f 3116/4057 3112/4053 3115/4056
f 3111/4052 3115/4056 3107/4048
f 3111/4052 3107/4048 3109/4050
f 3778/4937 3772/4928 3775/4933
f 3775/4933 3770/4926 3776/4934
f 6085/7974 1246/1743 1224/1715
f 1246/1744 6085/7975 6075/7959
f 6075/7959 6074/7958 6073/7957
f 1224/1715 1226/1717 1225/1716
f 1225/1716 1230/1721 1122/1577
f 1224/1715 1225/1716 1122/1577
f 1122/1577 1230/1721 1121/1576
f 5588/7314 5585/7311 5589/7315
f 5584/7310 5605/7331 5622/7355
f 1320/1819 1322/1821 1323/1822
f 4114/5345 4111/5342 4108/5338
f 1322/1821 1485/1984 1377/1876
f 47/61 46/60 48/62
f 1573/2076 1485/1984 1633/2151
f 4528/5902 4534/5909 510/663
f 3119/4061 473/594 3125/4071
f 3125/4070 473/593 474/595
f 3146/4098 5363/6993 3117/4058
f 3115/4056 3112/4053 3107/4048
f 3107/4048 3101/4039 3109/4050
f 3109/4050 3101/4039 3110/4051
f 1293/1792 1404/1903 1406/1905
f 3789/4950 1666/2208 3772/4928
f 3789/4950 3772/4928 3778/4937
f 3772/4928 3768/4924 3775/4933
f 3775/4933 3768/4924 3770/4926
f 3776/4934 3770/4926 3777/4936
f 1226/1717 1224/1715 1246/1743
f 5585/7311 5574/7300 5581/7307
f 5580/7306 5583/7309 5582/7308
f 5582/7308 5583/7309 5584/7310
f 5584/7310 5583/7309 5605/7331
f 4115/5346 4114/5345 4108/5338
f 4099/5327 4108/5338 4107/5337
f 1633/2152 4540/5917 4530/5905
f 4530/5905 4540/5917 4531/5906
f 4533/5908 4536/5912 4534/5909
f 1528/2027 1655/2187 1529/2028
f 1528/2027 1529/2028 1294/1793
f 5363/6993 3114/4055 3117/4058
f 3117/4058 3114/4055 3112/4053
f 1293/1792 1295/1794 1296/1795
f 1293/1792 1296/1795 1404/1903
f 1452/1951 1404/1903 1453/1952
f 1562/2065 1453/1952 1561/2064
f 1562/2065 1561/2064 1666/2207
f 3770/4926 778/1127 3777/4936
f 5351/6970 5587/7313 5618/7349
f 5585/7311 5586/7312 5574/7300
f 5624/7357 5608/7334 5694/7461
f 5583/7309 5608/7334 5624/7357
f 4752/6212 4128/5365 4117/5348
f 1485/1984 4540/5916 1633/2151
f 4534/5909 4541/5919 510/663
f 510/662 4541/5918 511/664
f 1294/1793 1529/2028 1295/1794
f 3101/4039 3099/4037 3110/4051
f 3099/4037 3119/4061 3110/4051
f 3119/4061 3124/4069 473/594
f 1561/2064 1665/2205 1666/2207
f 1666/2208 3767/4923 3772/4928
f 1666/2208 1665/2206 3767/4923
f 1245/1742 1226/1717 1246/1743
f 5574/7300 5573/7299 5580/7306
f 5580/7306 5573/7299 5583/7309
f 5573/7299 5572/7298 5583/7309
f 1485/1984 4548/5929 4540/5916
f 4540/5917 4539/5915 4531/5906
f 4531/5906 4539/5915 4538/5914
f 4533/5908 4537/5913 4536/5912
f 4534/5909 4536/5912 4541/5919
f 1655/2187 4321/5644 1529/2028
f 1529/2028 1509/2008 1295/1794
f 473/593 173/196 176/199
f 5363/6993 5364/6995 3114/4055
f 5364/6995 3113/4054 3114/4055
f 3114/4055 3113/4054 3112/4053
f 3107/4048 3102/4040 3101/4039
f 1453/1952 1454/1953 1561/2064
f 6082/7968 6078/7963 6086/7977
f 6079/7965 6075/7959 6076/7960
f 6082/7968 6077/7961 6078/7963
f 5579/7305 5577/7303 5586/7312
f 1319/1818 1121/1576 1230/1721
f 51/67 52/68 53/69
f 1590/2094 4548/5929 1485/1984
f 3101/4039 3097/4034 3099/4037
f 3099/4037 3100/4038 3119/4061
f 3100/4038 3103/4041 3119/4061
f 3103/4041 472/592 3124/4069
f 3119/4061 3103/4041 3124/4069
f 5364/6995 5365/6997 3113/4054
f 3113/4054 3108/4049 3112/4053
f 3112/4053 3108/4049 3107/4048
f 3101/4039 3102/4040 3097/4034
f 1665/2206 1664/2204 3767/4923
f 3772/4928 3767/4923 3768/4924
f 3770/4926 780/1131 778/1127
f 6079/7965 6076/7960 6081/7967
f 5371/7009 5681/7435 5613/7342
f 5371/7009 5613/7342 5579/7305
f 5579/7305 5613/7342 5578/7304
f 5577/7303 5575/7301 5586/7312
f 5586/7312 5575/7301 5574/7300
f 5574/7300 5575/7301 5570/7296
f 4123/5357 4122/5355 4116/5347
f 51/67 53/69 54/70
f 4540/5917 4548/5930 4539/5915
f 3108/4049 3102/4040 3107/4048
f 5365/6997 5387/7041 3113/4054
f 1561/2064 1664/2203 1665/2205
f 3771/4927 780/1131 3770/4926
f 1226/1717 1227/1718 1225/1716
f 5577/7303 5576/7302 5575/7301
f 5575/7301 5566/7292 5570/7296
f 5683/7439 5615/7344 5678/7429
f 5571/7297 5615/7344 5683/7439
f 1121/1576 1319/1818 1320/1819
f 4211/5493 4123/5357 4110/5341
f 1486/1985 1590/2094 1485/1984
f 1322/1821 1486/1985 1485/1984
f 4537/5913 4543/5922 4536/5912
f 3103/4041 466/582 472/592
f 5387/7041 3121/4063 3113/4054
f 3113/4054 3121/4063 3120/4062
f 3113/4054 3120/4062 3108/4049
f 3108/4049 3120/4062 3102/4040
f 1404/1903 1296/1795 1299/1798
f 1453/1952 1404/1903 1454/1953
f 1664/2204 3764/4919 3767/4923
f 3770/4926 3768/4924 3769/4925
f 3767/4923 3766/4922 3768/4924
f 3770/4926 3769/4925 3771/4927
f 5681/7435 5612/7341 5613/7342
f 5613/7342 5612/7341 5578/7304
f 5565/7291 5566/7292 5575/7301
f 5566/7292 5567/7293 5570/7296
f 5570/7296 5567/7293 5571/7297
f 5571/7297 5567/7293 5615/7344
f 1320/1819 1321/1820 1322/1821
f 4103/5331 4091/5317 4110/5341
f 4098/5326 4104/5332 4094/5320
f 1590/2094 1632/2150 4548/5929
f 4536/5912 4543/5922 4545/5925
f 4321/5644 4320/5641 1509/2008
f 4321/5644 1509/2008 1529/2028
f 1509/2008 1296/1795 1295/1794
f 3103/4041 483/610 466/582
f 5387/7041 3104/4043 3121/4063
f 3121/4063 3094/4031 3120/4062
f 3120/4062 3094/4031 3102/4040
f 3094/4031 3091/4028 3102/4040
f 3097/4034 3092/4029 3099/4037
f 3099/4037 3092/4029 3100/4038
f 1561/2064 1660/2197 1664/2203
f 3764/4919 3766/4922 3767/4923
f 3768/4924 3766/4922 3769/4925
f 6083/7970 6080/7966 6082/7968
f 1228/1719 1230/1721 1225/1716
f 1227/1718 1228/1719 1225/1716
f 5578/7304 5569/7295 5576/7302
f 5569/7295 5565/7291 5576/7302
f 5678/7429 5606/7332 5698/7469
f 5567/7293 5606/7332 5678/7429
f 4103/5331 4102/5330 4084/5308
f 4084/5308 4102/5330 4101/5329
f 4097/5325 4098/5326 4093/5319
f 3092/4029 3096/4033 3100/4038
f 3100/4038 3096/4033 3103/4041
f 3103/4041 3096/4033 483/610
f 3102/4040 3091/4028 3097/4034
f 3091/4028 3090/4027 3097/4034
f 3097/4034 3090/4027 3092/4029
f 1561/2064 1454/1953 1555/2057
f 1561/2064 1555/2057 1660/2197
f 1664/2203 1660/2197 3764/4918
f 1660/2197 3765/4920 3764/4918
f 3764/4919 3765/4921 3766/4922
f 3771/4927 3773/4930 780/1131
f 1227/1718 1229/1720 1228/1719
f 5612/7341 5688/7449 5614/7343
f 5612/7341 5614/7343 5547/7273
f 5567/7293 5568/7294 5606/7332
f 4126/5361 5374/7015 4091/5317
f 1632/2150 4555/5940 4548/5929
f 4548/5930 4555/5941 4547/5928
f 4538/5914 4547/5928 4544/5923
f 4537/5913 4544/5923 4543/5922
f 5386/7039 3095/4032 3104/4043
f 3121/4063 3104/4043 3094/4031
f 3104/4043 3095/4032 3094/4031
f 3096/4033 480/604 483/610
f 3765/4921 3795/4957 3766/4922
f 3773/4930 3771/4927 3774/4932
f 6084/7972 1229/1720 1231/1722
f 6084/7973 1231/1723 3940/5144
f 6083/7969 3763/4916 3725/4849
f 1229/1720 1227/1718 1231/1722
f 5563/7289 5561/7287 5568/7294
f 5568/7294 5561/7287 5562/7288
f 5568/7294 5562/7288 5674/7422
f 5674/7422 5692/7457 5698/7469
f 4153/5399 4126/5361 4085/5309
f 1321/1820 1486/1985 1322/1821
f 1486/1985 1632/2150 1590/2094
f 4547/5928 4552/5936 4544/5923
f 4543/5922 4549/5932 4546/5927
f 4320/5642 2511/3297 1615/2128
f 4320/5641 1615/2127 1509/2008
f 1509/2008 1510/2009 1296/1795
f 5386/7039 5406/7080 3095/4032
f 3095/4032 3093/4030 3094/4031
f 3094/4031 3093/4030 3091/4028
f 3096/4033 3087/4024 480/604
f 1299/1798 1298/1797 1404/1903
f 1454/1953 1403/1902 1555/2057
f 1555/2057 1661/2198 1660/2197
f 1660/2197 1661/2198 3765/4920
f 3766/4922 3795/4957 3782/4941
f 3766/4922 3782/4941 3769/4925
f 3782/4941 3783/4942 3769/4925
f 3769/4925 3783/4942 3771/4927
f 1232/1724 1229/1720 6084/7972
f 5614/7343 5548/7274 5547/7273
f 5547/7273 5564/7290 5569/7295
f 5569/7295 5564/7290 5565/7291
f 5563/7289 5560/7286 5561/7287
f 5692/7457 5562/7288 3724/4848
f 1230/1721 1228/1719 1319/1818
f 5688/7449 5316/6898 5614/7343
f 1319/1818 1318/1817 1320/1819
f 4085/5309 4071/5290 4069/5288
f 4069/5288 4071/5290 4070/5289
f 4083/5307 4106/5336 4109/5340
f 4106/5335 56/72 4109/5339
f 1505/2004 4555/5940 1632/2150
f 1486/1985 1505/2004 1632/2150
f 1509/2008 1615/2127 1510/2009
f 480/603 3087/4023 451/554
f 480/603 451/554 171/194
f 5406/7080 3086/4022 3095/4032
f 3095/4032 3086/4022 3093/4030
f 3092/4029 3080/4012 3096/4033
f 1454/1953 1404/1903 1403/1902
f 1661/2199 3782/4941 3795/4957
f 3765/4921 1661/2199 3795/4957
f 3783/4942 3790/4951 3771/4927
f 3790/4951 3791/4953 3771/4927
f 3771/4927 3791/4953 3774/4932
f 3937/5139 6083/7971 3741/4871
f 3939/5143 6084/7973 3940/5144
f 3938/5140 6083/7971 3937/5139
f 6083/7969 3726/4850 3741/4870
f 5561/7287 5556/7282 5562/7288
f 5316/6898 5695/7463 5548/7274
f 1318/1817 1321/1820 1320/1819
f 4084/5308 4092/5318 4079/5301
f 4069/5288 4070/5289 4063/5281
f 1321/1820 1505/2004 1486/1985
f 4552/5936 4551/5935 4544/5923
f 4551/5935 4550/5933 4544/5923
f 4544/5923 4550/5933 4543/5922
f 4550/5933 4554/5939 4549/5932
f 4543/5922 4550/5933 4549/5932
f 171/194 451/554 167/190
f 3090/4027 3079/4011 3092/4029
f 3079/4011 3080/4012 3092/4029
f 3096/4033 3080/4012 3087/4024
f 1404/1903 1298/1797 1403/1902
f 3783/4942 3782/4941 3792/4954
f 1661/2199 3794/4956 3782/4941
f 3791/4953 3790/4951 610/848
f 1247/1745 1232/1724 3939/5141
f 1232/1724 1233/1725 1229/1720
f 5560/7286 5553/7279 5556/7282
f 5619/7350 3746/4882 3724/4848
f 1318/1817 1378/1877 1321/1820
f 4083/5307 4109/5340 4086/5310
f 4713/6167 3082/4014 3086/4022
f 3086/4022 3082/4014 3093/4030
f 3087/4023 3132/4079 451/554
f 3087/4024 3089/4026 3132/4080
f 3093/4030 3082/4014 3091/4028
f 3091/4028 3082/4014 3081/4013
f 3081/4013 3079/4011 3090/4027
f 3091/4028 3081/4013 3090/4027
f 1296/1795 1405/1904 1299/1798
f 1555/2057 1585/2089 1661/2198
f 1585/2089 3836/5011 1661/2198
f 1661/2199 3836/5012 3794/4956
f 3782/4941 3794/4956 3792/4954
f 3783/4942 3792/4954 3790/4951
f 3790/4951 6068/7948 610/848
f 3931/5130 3938/5140 3935/5136
f 3937/5139 3741/4871 3935/5136
f 1232/1724 1234/1726 1233/1725
f 1247/1746 3939/5142 3931/5130
f 3931/5130 3939/5142 3938/5140
f 1233/1725 1386/1885 1229/1720
f 1386/1885 1319/1818 1228/1719
f 1229/1720 1386/1885 1228/1719
f 4074/5293 4075/5295 4073/5292
f 4086/5310 4109/5340 4192/5458
f 4556/5942 93/114 94/115
f 4555/5941 1672/2220 4553/5937
f 4550/5933 4556/5943 4554/5939
f 3080/4012 3071/3999 3087/4024
f 3087/4024 3071/3999 3089/4026
f 3080/4012 3069/3997 3071/3999
f 3836/5012 3801/4963 3794/4956
f 3794/4956 3801/4963 3800/4962
f 3794/4956 3800/4962 3792/4954
f 3792/4954 6068/7948 3790/4951
f 1234/1727 1247/1746 3930/5129
f 3930/5129 1247/1746 3931/5130
f 3935/5136 3741/4871 3934/5135
f 5619/7350 3727/4852 3746/4882
f 4067/5286 4074/5293 4072/5291
f 4086/5310 4192/5458 405/474
f 1504/2003 4555/5940 1505/2004
f 4552/5936 1017/1429 1015/1425
f 4552/5936 1015/1425 4551/5935
f 1615/2127 2555/3359 1510/2009
f 4713/6167 3085/4020 3082/4014
f 3085/4020 3078/4010 3082/4014
f 3071/3999 3088/4025 3089/4026
f 3089/4026 450/553 3132/4080
f 3089/4026 3088/4025 450/553
f 3082/4014 3078/4010 3081/4013
f 1298/1797 1402/1901 1403/1902
f 1555/2057 1403/1902 1402/1901
f 1555/2057 1402/1901 1585/2089
f 3800/4962 3806/4969 3805/4968
f 3800/4962 3805/4968 3792/4954
f 3792/4954 3805/4968 6068/7948
f 3928/5126 3931/5130 3935/5136
f 3928/5126 3935/5136 3934/5135
f 1235/1728 1233/1725 1234/1726
f 5552/7278 5554/7280 5553/7279
f 5553/7279 5554/7280 5555/7281
f 5553/7279 5555/7281 5556/7282
f 3727/4852 5623/7356 5689/7451
f 5687/7447 5543/7269 5542/7267
f 1378/1877 1504/2003 1321/1820
f 1321/1820 1504/2003 1505/2004
f 1638/2158 1672/2219 4555/5940
f 1504/2003 1638/2158 4555/5940
f 4550/5933 4557/5944 4556/5943
f 4556/5943 4557/5944 4562/5955
f 3085/4020 4715/6170 3078/4010
f 3081/4013 3070/3998 3079/4011
f 3079/4011 3069/3997 3080/4012
f 1585/2089 1582/2086 3836/5011
f 3836/5012 3822/4995 3801/4963
f 3822/4995 3807/4970 3801/4963
f 3801/4963 3807/4970 3800/4962
f 3805/4968 611/851 6068/7948
f 3927/5124 3936/5137 1234/1726
f 3927/5125 1234/1727 3930/5129
f 3927/5125 3930/5129 3926/5123
f 3930/5129 3931/5130 3926/5123
f 3926/5123 3931/5130 3928/5126
f 3928/5126 3934/5135 3920/5114
f 1234/1726 3936/5137 1235/1728
f 1233/1725 1385/1884 1386/1885
f 5543/7269 5686/7445 5544/7270
f 5555/7281 5557/7283 5556/7282
f 4060/5277 4062/5280 4053/5269
f 4066/5285 4067/5286 4065/5284
f 4068/5287 405/474 4189/5451
f 4550/5934 1011/1421 4557/5945
f 1296/1795 1510/2009 1405/1904
f 3071/3999 3083/4016 3088/4025
f 3088/4025 3133/4082 450/553
f 3088/4025 3083/4016 3133/4082
f 3078/4010 3072/4000 3081/4013
f 3081/4013 3072/4000 3070/3998
f 3079/4011 3070/3998 3069/3997
f 1585/2089 1402/1901 1582/2086
f 1582/2086 3822/4994 3836/5011
f 3800/4962 3807/4970 3806/4969
f 1582/2086 3827/5001 3822/4994
f 3822/4995 3827/5002 3807/4970
f 3805/4968 3820/4992 611/851
f 3936/5138 3927/5125 3925/5122
f 3925/5122 3927/5125 3926/5123
f 3918/5111 3926/5123 3928/5126
f 3918/5111 3928/5126 3920/5114
f 1235/1728 1385/1884 1233/1725
f 1318/1817 1379/1878 1378/1877
f 4050/5265 4060/5277 4026/5239
f 4026/5239 4060/5277 4053/5269
f 4064/5283 4066/5285 4065/5284
f 4065/5284 4069/5288 4051/5266
f 1011/1421 4563/5958 4557/5945
f 4557/5944 4563/5957 4562/5955
f 4715/6170 4699/6145 3078/4010
f 4699/6145 3073/4001 3078/4010
f 3078/4010 3073/4001 3072/4000
f 3073/4001 3062/3984 3072/4000
f 3072/4000 3062/3984 3070/3998
f 3070/3998 3062/3984 3058/3979
f 3070/3998 3058/3979 3069/3997
f 3069/3997 3058/3979 3059/3980
f 3069/3997 3059/3980 3060/3981
f 3069/3997 3060/3981 3071/3999
f 3060/3981 3068/3996 3071/3999
f 1297/1796 1298/1797 1299/1798
f 1402/1901 1401/1900 1582/2086
f 3805/4968 3819/4990 3820/4992
f 3827/5002 3821/4993 3807/4970
f 3807/4970 3821/4993 3806/4969
f 3806/4969 3819/4990 3805/4968
f 1236/1730 3936/5138 3925/5122
f 1236/1730 3925/5122 3916/5109
f 3925/5122 3926/5123 3919/5112
f 3936/5137 1236/1729 1235/1728
f 3926/5123 3918/5111 3919/5112
f 5644/7381 3731/4856 3729/4854
f 5555/7281 5626/7359 5557/7283
f 4026/5239 4053/5269 4019/5232
f 1478/1977 1504/2003 1378/1877
f 4064/5283 4065/5284 4059/5276
f 4061/5279 4064/5283 4059/5276
f 4059/5276 4065/5284 4051/5266
f 1638/2158 1694/2262 1672/2219
f 1672/2221 1694/2263 1014/1424
f 1672/2221 1014/1424 1017/1430
f 1012/1422 1011/1421 4550/5934
f 4699/6145 3067/3995 3073/4001
f 3071/3999 3068/3996 3083/4016
f 3068/3996 455/560 3083/4016
f 3073/4001 3067/3995 3062/3984
f 1405/1904 1297/1796 1299/1798
f 1582/2086 1581/2085 3827/5001
f 3821/4993 3823/4996 3806/4969
f 3827/5002 3823/4996 3821/4993
f 3823/4996 3824/4997 3806/4969
f 3806/4969 3824/4997 3819/4990
f 3819/4990 3825/4999 3820/4992
f 3915/5108 3919/5112 3918/5111
f 3925/5122 3919/5112 3915/5108
f 1236/1729 1237/1731 1235/1728
f 1237/1731 1385/1884 1235/1728
f 4782/6244 5666/7409 5641/7377
f 1385/1884 1317/1816 1386/1885
f 1386/1885 1317/1816 1319/1818
f 1317/1816 1318/1817 1319/1818
f 1379/1878 1478/1977 1378/1877
f 4025/5238 4050/5265 4026/5239
f 2555/3360 2500/3283 2541/3342
f 2555/3359 2541/3341 1510/2009
f 3068/3996 3061/3983 455/560
f 3060/3981 3061/3983 3068/3996
f 3062/3984 3048/3968 3058/3979
f 1402/1901 1303/1802 1401/1900
f 1582/2086 1401/1900 1581/2085
f 1581/2085 1602/2109 3827/5001
f 3827/5001 1602/2109 1693/2260
f 3827/5002 1693/2261 3823/4996
f 3819/4990 3824/4997 3826/5000
f 3819/4990 3826/5000 3825/4999
f 3915/5108 3918/5111 3914/5107
f 3914/5107 3918/5111 3750/4890
f 3914/5107 3750/4890 3917/5110
f 3917/5110 3750/4890 3923/5120
f 3933/5133 1236/1730 3916/5109
f 1236/1729 1238/1732 1237/1731
f 5638/7373 5639/7374 5627/7360
f 4014/5227 4025/5238 4026/5239
f 4014/5227 4026/5239 4019/5232
f 4058/5275 4051/5266 4015/5228
f 4015/5228 4051/5266 4024/5237
f 4024/5237 4050/5265 4025/5238
f 4019/5232 4049/5264 4021/5234
f 4061/5279 4059/5276 4058/5275
f 4058/5275 4059/5276 4051/5266
f 1012/1422 1005/1413 1011/1421
f 1510/2009 2541/3341 1558/2060
f 1510/2009 1558/2060 1405/1904
f 3061/3982 163/186 455/559
f 4700/6147 3046/3966 3067/3995
f 3067/3995 3046/3966 3062/3984
f 3062/3984 3046/3966 3047/3967
f 3061/3983 3060/3981 3052/3972
f 3052/3972 3063/3986 3061/3983
f 3062/3984 3047/3967 3048/3968
f 3058/3979 3048/3968 3050/3970
f 3058/3979 3050/3970 3059/3980
f 1602/2109 1692/2258 1693/2260
f 3823/4996 3828/5003 3824/4997
f 1692/2259 3830/5005 1693/2261
f 1693/2261 3830/5005 3823/4996
f 3823/4996 3830/5005 3828/5003
f 3828/5003 3829/5004 3824/4997
f 3824/4997 3829/5004 3826/5000
f 3826/5000 606/841 3825/4999
f 3932/5131 3933/5133 3916/5109
f 3932/5131 3916/5109 3911/5103
f 3911/5103 3916/5109 3910/5102
f 3916/5109 3915/5108 3910/5102
f 3915/5108 3914/5107 3910/5102
f 3917/5110 3923/5120 3922/5118
f 3933/5132 1238/1732 1236/1729
f 1237/1731 1238/1732 1385/1884
f 5699/7470 5700/7472 5667/7410
f 5626/7359 5640/7375 5632/7367
f 5632/7367 5640/7375 5643/7380
f 4018/5231 4014/5227 4019/5232
f 4076/5297 4058/5275 4034/5248
f 4034/5248 4058/5275 4015/5228
f 4024/5237 4025/5238 4013/5226
f 4020/5233 4019/5232 4021/5234
f 1478/1977 1524/2023 1504/2003
f 1014/1424 1004/1412 1013/1423
f 1013/1423 1006/1414 1012/1422
f 1012/1422 1006/1414 1005/1413
f 1011/1421 1005/1413 1009/1418
f 1405/1904 1558/2060 1507/2006
f 1405/1904 1507/2006 1297/1796
f 3061/3982 3063/3985 163/186
f 4700/6147 3098/4036 3046/3966
f 3098/4036 3045/3965 3046/3966
f 3059/3980 3050/3970 3060/3981
f 3060/3981 3050/3970 3052/3972
f 1602/2109 3887/5072 1692/2258
f 3829/5004 3831/5006 3826/5000
f 3826/5000 3831/5006 606/841
f 3912/5104 3917/5110 3921/5116
f 3917/5110 3922/5118 3921/5116
f 3911/5103 3929/5128 3932/5131
f 3910/5102 3914/5107 3912/5104
f 3929/5128 3933/5133 3932/5131
f 3929/5127 1239/1733 3933/5132
f 3933/5132 1239/1733 1238/1732
f 5647/7385 5642/7378 5639/7374
f 4013/5226 4025/5238 4014/5227
f 4018/5231 4019/5232 4020/5233
f 4076/5297 4034/5248 4032/5245
f 4077/5299 4076/5297 4032/5245
f 4032/5245 4034/5248 4015/5228
f 4015/5228 4024/5237 4013/5226
f 4020/5233 4021/5234 4022/5235
f 4022/5235 4021/5234 4037/5251
f 4021/5234 4038/5252 4037/5251
f 4038/5252 4096/5324 4037/5251
f 4096/5324 4038/5252 412/486
f 1524/2023 1637/2156 1504/2003
f 1637/2156 1694/2262 1638/2158
f 1504/2003 1637/2156 1638/2158
f 1007/1415 1006/1414 1013/1423
f 3045/3965 3043/3961 3046/3966
f 3046/3966 3043/3961 3042/3960
f 3046/3966 3042/3960 3047/3967
f 3042/3960 3039/3957 3047/3967
f 3050/3970 3051/3971 3052/3972
f 3048/3968 3049/3969 3050/3970
f 1401/1900 1400/1899 1581/2085
f 1581/2085 1400/1899 1602/2109
f 1692/2259 3867/5049 3830/5005
f 1692/2259 3887/5073 3867/5049
f 3830/5005 3834/5009 3828/5003
f 3830/5005 3835/5010 3834/5009
f 3829/5004 3833/5008 3832/5007
f 3829/5004 3832/5007 3831/5006
f 3924/5121 1241/1736 3929/5128
f 3924/5121 3929/5128 3911/5103
f 3910/5102 3912/5104 3908/5099
f 3929/5127 1241/1735 1240/1734
f 3929/5127 1240/1734 1239/1733
f 5652/7390 5653/7391 5650/7388
f 1238/1732 1384/1883 1385/1884
f 4012/5225 4014/5227 4018/5231
f 4015/5228 4013/5226 4011/5224
f 4011/5224 4013/5226 4012/5225
f 4012/5225 4013/5226 4014/5227
f 1694/2263 1637/2157 1004/1412
f 1009/1418 98/120 1018/1432
f 3052/3972 3057/3978 3063/3986
f 3063/3986 3057/3978 461/572
f 3045/3965 3044/3963 3043/3961
f 3043/3961 3040/3958 3042/3960
f 3042/3960 3040/3958 3039/3957
f 3047/3967 3039/3957 3048/3968
f 3048/3968 3039/3957 3049/3969
f 3050/3970 3049/3969 3051/3971
f 1402/1901 1298/1797 1303/1802
f 1602/2109 1400/1899 1571/2074
f 1602/2109 1571/2074 3887/5072
f 3867/5049 3835/5010 3830/5005
f 3887/5073 3835/5010 3867/5049
f 3828/5003 3834/5009 3829/5004
f 3829/5004 3834/5009 3833/5008
f 3832/5007 603/837 3831/5006
f 1241/1736 3924/5121 3907/5098
f 3908/5099 3912/5104 3904/5094
f 3904/5094 3912/5104 3913/5106
f 3904/5094 3913/5106 3909/5101
f 3924/5121 3911/5103 3907/5098
f 3911/5103 3910/5102 3907/5098
f 3907/5098 3910/5102 3908/5099
f 1238/1732 1239/1733 1384/1883
f 4017/5230 4012/5225 4018/5231
f 4018/5231 4020/5233 4017/5230
f 4017/5230 4020/5233 4022/5235
f 4089/5314 4033/5247 4031/5244
f 4016/5229 4015/5228 4011/5224
f 4022/5235 4037/5251 4035/5249
f 4033/5247 4032/5245 4031/5244
f 4031/5244 4032/5245 4015/5228
f 1478/1977 1379/1878 1524/2023
f 1524/2023 1008/1416 1637/2156
f 3057/3978 3055/3976 461/572
f 3044/3963 3041/3959 3043/3961
f 3043/3961 3041/3959 3040/3958
f 3052/3972 3032/3944 3057/3978
f 3057/3978 3032/3944 3055/3976
f 3044/3963 5335/6937 3041/3959
f 5335/6937 3077/4009 3041/3959
f 3041/3959 3030/3942 3040/3958
f 1303/1802 1400/1899 1401/1900
f 1400/1899 1517/2016 1571/2074
f 3887/5073 3860/5041 3835/5010
f 3887/5072 1571/2074 3860/5040
f 3835/5010 3838/5015 3834/5009
f 3834/5009 3838/5015 3833/5008
f 3832/5007 602/835 603/837
f 3860/5041 3838/5015 3835/5010
f 3838/5015 3839/5016 3833/5008
f 1243/1739 3907/5098 3903/5093
f 3904/5094 3909/5101 3743/4876
f 3907/5098 3908/5099 3905/5095
f 3905/5095 3908/5099 3904/5094
f 1242/1737 1241/1735 1243/1738
f 1243/1739 1241/1736 3907/5098
f 1242/1737 1240/1734 1241/1735
f 1242/1737 1519/2018 1240/1734
f 1519/2018 1239/1733 1240/1734
f 5655/7394 5392/7052 5675/7423
f 1318/1817 1317/1816 1379/1878
f 4017/5230 4022/5235 4006/5219
f 4089/5314 4031/5244 4030/5243
f 4792/6257 4089/5314 4030/5243
f 4030/5243 4031/5244 4015/5228
f 4030/5243 4015/5228 4016/5229
f 1001/1409 1002/1410 1006/1414
f 1002/1410 996/1401 1005/1413
f 1006/1414 1002/1410 1005/1413
f 2541/3342 2486/3268 1558/2061
f 3051/3971 3032/3944 3052/3972
f 3077/4009 3056/3977 3041/3959
f 3041/3959 3056/3977 3030/3942
f 3040/3958 3030/3942 3029/3941
f 3040/3958 3029/3941 3039/3957
f 3039/3957 3027/3939 3049/3969
f 3049/3969 3028/3940 3025/3937
f 3049/3969 3025/3937 3051/3971
f 3051/3971 3025/3937 3032/3944
f 3029/3941 3027/3939 3039/3957
f 3049/3969 3027/3939 3028/3940
f 1400/1899 1399/1898 1517/2016
f 1571/2074 1517/2016 1518/2017
f 1571/2074 1518/2017 3860/5040
f 1518/2017 3861/5042 3860/5040
f 3860/5041 3861/5043 3838/5015
f 3833/5008 3839/5016 3832/5007
f 3839/5016 3840/5017 3832/5007
f 3861/5043 3852/5031 3838/5015
f 3832/5007 3842/5021 602/835
f 3852/5031 3843/5022 3838/5015
f 3838/5015 3843/5022 3839/5016
f 3840/5017 3842/5021 3832/5007
f 3901/5090 3904/5094 771/1110
f 771/1110 3904/5094 3743/4876
f 3903/5092 1244/1740 1243/1738
f 3902/5091 3907/5098 3905/5095
f 3902/5091 3905/5095 3901/5090
f 3901/5090 3905/5095 3904/5094
f 1244/1740 1242/1737 1243/1738
f 4000/5212 4012/5225 4017/5230
f 4002/5214 4016/5229 3999/5211
f 3999/5211 4016/5229 4011/5224
f 4001/5213 4017/5230 4006/5219
f 4130/5369 4087/5311 381/431
f 1379/1878 1525/2024 1524/2023
f 996/1401 562/765 1009/1418
f 1558/2061 2486/3268 2512/3299
f 1558/2060 2512/3298 1507/2006
f 1507/2006 2512/3298 1594/2098
f 1507/2006 1508/2007 1297/1796
f 3032/3944 3053/3973 3055/3976
f 3055/3976 3053/3973 3152/4106
f 3077/4009 3076/4007 3056/3977
f 1298/1797 1301/1800 1303/1802
f 1518/2017 1640/2160 3861/5042
f 3861/5043 3854/5034 3852/5031
f 3854/5034 3843/5022 3852/5031
f 3839/5016 3844/5023 3840/5017
f 3840/5017 3844/5023 3842/5021
f 3861/5042 1640/2160 3854/5033
f 3843/5022 3845/5024 3839/5016
f 3845/5024 3844/5023 3839/5016
f 3844/5023 773/1114 3842/5021
f 3845/5024 3847/5026 3844/5023
f 3896/5084 771/1110 591/821
f 3899/5088 3903/5093 3898/5087
f 3898/5087 3901/5090 3900/5089
f 3900/5089 3901/5090 771/1110
f 3900/5089 771/1110 3896/5084
f 1244/1741 3903/5093 3906/5097
f 3906/5097 3903/5093 3899/5088
f 3903/5093 3902/5091 3898/5087
f 3898/5087 3902/5091 3901/5090
f 1613/2125 1383/1882 1242/1737
f 1244/1740 1613/2125 1242/1737
f 1242/1737 1383/1882 1519/2018
f 1383/1882 1384/1883 1519/2018
f 1519/2018 1384/1883 1239/1733
f 1384/1883 1315/1814 1385/1884
f 1385/1884 1315/1814 1317/1816
f 4000/5212 4017/5230 4001/5213
f 5258/6798 5259/6800 4023/5236
f 4023/5236 4030/5243 4002/5214
f 5259/6800 4030/5243 4023/5236
f 4087/5311 4130/5369 439/531
f 4035/5249 4087/5311 439/531
f 1008/1417 994/1399 1003/1411
f 1003/1411 994/1399 1001/1409
f 1001/1409 994/1399 995/1400
f 996/1401 998/1404 562/765
f 3076/4007 3033/3945 3056/3977
f 3056/3977 3033/3945 3030/3942
f 3076/4007 3075/4005 3033/3945
f 3030/3942 3007/3912 3029/3941
f 3028/3940 3009/3914 3025/3937
f 3027/3939 3008/3913 3028/3940
f 1297/1796 1300/1799 1298/1797
f 1298/1797 1300/1799 1301/1800
f 1517/2016 1399/1898 1518/2017
f 1640/2160 1518/2017 1552/2054
f 1640/2161 3859/5039 3854/5034
f 3854/5034 3859/5039 3843/5022
f 3843/5022 3847/5026 3845/5024
f 1552/2054 1642/2163 1640/2160
f 1640/2161 1642/2164 3859/5039
f 3859/5039 3847/5026 3843/5022
f 3847/5026 3848/5027 3844/5023
f 3844/5023 3848/5027 3846/5025
f 3844/5023 3846/5025 773/1114
f 3846/5025 599/831 773/1114
f 3894/5082 3900/5089 3896/5084
f 1651/2181 3899/5088 3895/5083
f 3899/5088 3898/5087 3895/5083
f 3895/5083 3898/5087 3894/5082
f 3894/5082 3898/5087 3900/5089
f 3896/5084 591/821 588/817
f 1613/2125 3906/5096 1651/2180
f 1651/2181 3906/5097 3899/5088
f 3973/5182 4000/5212 4001/5213
f 1317/1816 1380/1879 1379/1878
f 4003/5215 4002/5214 3969/5178
f 3969/5178 4002/5214 3999/5211
f 4023/5236 4002/5214 4003/5215
f 4006/5219 4035/5249 4036/5250
f 4036/5250 4035/5249 440/533
f 4035/5249 439/531 440/533
f 1663/2201 1008/1416 1524/2023
f 1525/2024 1663/2201 1524/2023
f 1002/1410 995/1400 996/1401
f 1507/2006 1594/2098 1508/2007
f 3053/3973 449/551 3152/4106
f 3025/3937 3024/3936 3032/3944
f 3032/3944 3024/3936 3053/3973
f 3053/3973 3024/3936 3054/3974
f 3053/3973 3054/3974 449/551
f 3075/4005 3074/4003 3033/3945
f 3033/3945 3006/3911 3030/3942
f 3033/3945 3005/3910 3006/3911
f 3030/3942 3006/3911 3007/3912
f 3029/3941 3007/3912 3027/3939
f 3027/3939 3007/3912 3008/3913
f 3028/3940 3008/3913 3009/3914
f 1303/1802 1301/1800 1400/1899
f 1399/1898 1392/1891 1518/2017
f 1518/2017 1392/1891 1552/2054
f 1552/2054 1553/2055 1642/2163
f 3859/5039 1642/2164 3847/5026
f 3847/5026 3849/5028 3848/5027
f 3846/5025 3853/5032 599/831
f 1642/2164 3851/5030 3847/5026
f 3851/5030 3849/5028 3847/5026
f 3848/5027 3849/5028 3850/5029
f 3848/5027 3850/5029 3846/5025
f 3851/5030 3856/5036 3849/5028
f 3850/5029 3855/5035 3846/5025
f 3846/5025 3855/5035 3853/5032
f 3886/5071 3890/5076 3885/5070
f 3889/5075 3893/5081 3895/5083
f 3888/5074 3894/5082 3891/5077
f 3889/5075 3894/5082 3888/5074
f 3885/5069 588/816 586/813
f 3893/5081 1651/2181 3895/5083
f 3889/5075 3895/5083 3894/5082
f 3894/5082 3896/5084 3891/5077
f 3891/5077 3896/5084 3890/5076
f 3890/5076 3896/5084 588/817
f 3890/5076 588/817 3885/5070
f 1545/2046 1530/2029 1651/2180
f 1651/2180 1530/2029 1613/2125
f 1530/2029 1383/1882 1613/2125
f 5452/7154 5451/7153 5471/7175
f 5458/7161 5459/7162 5473/7179
f 5672/7419 632/884 5671/7418
f 1315/1814 1316/1815 1317/1816
f 3969/5178 3999/5211 3972/5181
f 3972/5181 3999/5211 4000/5212
f 3972/5181 4000/5212 3973/5182
f 3973/5182 4001/5213 3980/5189
f 4057/5273 4003/5215 3971/5180
f 3971/5180 4003/5215 3969/5178
f 3971/5180 3969/5178 3970/5179
f 3980/5189 4001/5213 4006/5219
f 5260/6802 4023/5236 4057/5273
f 4057/5273 4023/5236 4003/5215
f 4036/5250 440/533 4088/5312
f 1380/1879 1488/1987 1379/1878
f 1379/1878 1488/1987 1525/2024
f 995/1400 989/1393 996/1401
f 998/1404 997/1403 563/767
f 1297/1796 1508/2007 1506/2005
f 1506/2005 1300/1799 1297/1796
f 3026/3938 448/549 449/551
f 3054/3974 3026/3938 449/551
f 3074/4003 3005/3910 3033/3945
f 3004/3909 2994/3895 3005/3910
f 3074/4003 3004/3909 3005/3910
f 3025/3937 3010/3915 3024/3936
f 3025/3937 3009/3914 3010/3915
f 1301/1800 1399/1898 1400/1899
f 1552/2054 1392/1891 1553/2055
f 1553/2055 1392/1891 1393/1892
f 1553/2055 1574/2077 1642/2163
f 1642/2164 3872/5055 3851/5030
f 3856/5036 3857/5037 3849/5028
f 3850/5029 3858/5038 3855/5035
f 1642/2163 1574/2077 3872/5054
f 3872/5055 3856/5036 3851/5030
f 3849/5028 3857/5037 3858/5038
f 3849/5028 3858/5038 3850/5029
f 3872/5055 3863/5045 3856/5036
f 3856/5036 3863/5045 3862/5044
f 3862/5044 3857/5037 3856/5036
f 3858/5038 3866/5048 3855/5035
f 3855/5035 3866/5048 3853/5032
f 3872/5055 1679/2234 3863/5045
f 3857/5037 3864/5046 3858/5038
f 3858/5038 3864/5046 3866/5048
f 3864/5046 3869/5051 3866/5048
f 3881/5065 587/815 3879/5063
f 3892/5079 3893/5081 3884/5068
f 3892/5079 3884/5068 3882/5066
f 3892/5078 1639/2159 3893/5080
f 3881/5065 3885/5070 587/815
f 3883/5067 3886/5071 3881/5065
f 3881/5065 3886/5071 3885/5070
f 3884/5068 3888/5074 3883/5067
f 3883/5067 3888/5074 3886/5071
f 3885/5069 586/813 587/814
f 3893/5081 3889/5075 3884/5068
f 3884/5068 3889/5075 3888/5074
f 3888/5074 3891/5077 3886/5071
f 3891/5077 3890/5076 3886/5071
f 5534/7252 5401/7070 5450/7152
f 5435/7137 5437/7139 5458/7161
f 1383/1882 1315/1814 1384/1883
f 4095/5322 5260/6802 4056/5272
f 4056/5272 4057/5273 3971/5180
f 3980/5189 4006/5219 4007/5220
f 4007/5220 4006/5219 4039/5253
f 4039/5253 4036/5250 4088/5312
f 5260/6802 4057/5273 4056/5272
f 105/127 101/123 104/126
f 993/1398 990/1394 994/1399
f 995/1400 990/1394 989/1393
f 1594/2098 2512/3298 1695/2264
f 1594/2098 1695/2264 1508/2007
f 3054/3974 3024/3936 3026/3938
f 3004/3909 5359/6986 2994/3895
f 2994/3895 2990/3890 3005/3910
f 3005/3910 2990/3890 3006/3911
f 2990/3890 3007/3912 3006/3911
f 3007/3912 2989/3889 3008/3913
f 3008/3913 2995/3896 3009/3914
f 2990/3890 2989/3889 3007/3912
f 3008/3913 2989/3889 2995/3896
f 1553/2055 1393/1892 1574/2077
f 1599/2106 1679/2233 3872/5054
f 1574/2077 1599/2106 3872/5054
f 3862/5044 3865/5047 3857/5037
f 3865/5047 3864/5046 3857/5037
f 3865/5047 3868/5050 3864/5046
f 1599/2106 1601/2108 1679/2233
f 3862/5044 3870/5052 3865/5047
f 3868/5050 3869/5051 3864/5046
f 1679/2234 3870/5052 3863/5045
f 3863/5045 3870/5052 3862/5044
f 3870/5052 3871/5053 3865/5047
f 3865/5047 3871/5053 3868/5050
f 3871/5053 3869/5051 3868/5050
f 1679/2234 1652/2183 3870/5052
f 3871/5053 3874/5057 3869/5051
f 3870/5052 3873/5056 3871/5053
f 3873/5056 3874/5057 3871/5053
f 1679/2233 1601/2108 1652/2182
f 1652/2183 3876/5060 3870/5052
f 3876/5060 3873/5056 3870/5052
f 3874/5057 3875/5059 3869/5051
f 3874/5057 3879/5063 3875/5059
f 3876/5060 3877/5061 3873/5056
f 3873/5056 3877/5061 3874/5057
f 3874/5057 3877/5061 3878/5062
f 3874/5057 3878/5062 3879/5063
f 3876/5060 3882/5066 3877/5061
f 3877/5061 3880/5064 3878/5062
f 3878/5062 3880/5064 3881/5065
f 1652/2182 1601/2108 1550/2052
f 1652/2183 3882/5066 3876/5060
f 3878/5062 3881/5065 3879/5063
f 3882/5066 3880/5064 3877/5061
f 1652/2182 1639/2159 3892/5078
f 1652/2182 1550/2052 1639/2159
f 1652/2183 3892/5079 3882/5066
f 3882/5066 3884/5068 3880/5064
f 3884/5068 3883/5067 3880/5064
f 3880/5064 3883/5067 3881/5065
f 1639/2159 1550/2052 1545/2046
f 1550/2052 1311/1810 1545/2046
f 1545/2046 1311/1810 1530/2029
f 5463/7166 5535/7254 5469/7172
f 5463/7166 5469/7172 5446/7148
f 5446/7148 5439/7141 5438/7140
f 5438/7140 5439/7141 5436/7138
f 5436/7138 5445/7147 5453/7155
f 1530/2029 1311/1810 1383/1882
f 3967/5176 3969/5178 3972/5181
f 3967/5176 3972/5181 3966/5175
f 3966/5175 3973/5182 3979/5188
f 3973/5182 3980/5189 3979/5188
f 4055/5271 3971/5180 3968/5177
f 3968/5177 3971/5180 3970/5179
f 3968/5177 3970/5179 3969/5178
f 3979/5188 3980/5189 4007/5220
f 4095/5322 4056/5272 4055/5271
f 4090/5316 4095/5322 4055/5271
f 4055/5271 4056/5272 3971/5180
f 4039/5253 4088/5312 4120/5352
f 1525/2024 993/1397 1663/2201
f 3024/3936 3012/3918 3026/3938
f 3026/3938 3012/3918 448/549
f 5359/6986 2993/3893 2994/3895
f 2994/3895 2993/3893 2990/3890
f 3024/3936 3010/3915 3012/3918
f 5359/6986 5345/6957 2993/3893
f 3003/3905 3002/3904 2993/3893
f 5345/6958 3003/3906 2993/3894
f 2993/3893 2991/3891 2990/3890
f 2990/3890 2988/3888 2989/3889
f 3009/3914 2995/3896 2987/3887
f 3009/3914 2987/3887 3010/3915
f 2990/3890 2991/3891 2988/3888
f 2988/3888 2979/3878 2989/3889
f 2989/3889 2979/3878 2995/3896
f 1393/1892 1398/1897 1574/2077
f 1574/2077 1398/1897 1599/2106
f 1599/2106 1398/1897 1601/2108
f 1398/1897 1396/1895 1601/2108
f 1601/2108 1396/1895 1550/2052
f 1396/1895 1397/1896 1550/2052
f 1550/2052 1397/1896 1311/1810
f 5457/7160 5456/7159 5439/7141
f 3968/5177 3967/5176 3947/5154
f 4090/5316 4055/5271 5380/7027
f 5380/7027 4055/5271 3950/5158
f 3950/5158 4055/5271 3968/5177
f 4007/5220 4039/5253 4040/5254
f 4039/5253 4120/5352 4040/5254
f 1583/2087 1671/2217 1525/2024
f 1488/1987 1583/2087 1525/2024
f 1671/2217 993/1397 1525/2024
f 3012/3918 3106/4047 448/549
f 3002/3904 2991/3891 2993/3893
f 5346/6960 5344/6955 3001/3903
f 5346/6960 3001/3903 3002/3904
f 3002/3904 3001/3903 2991/3891
f 3001/3903 2992/3892 2991/3891
f 2991/3891 2992/3892 2988/3888
f 2988/3888 2992/3892 2980/3879
f 2979/3878 2986/3886 2995/3896
f 2995/3896 2986/3886 2987/3887
f 2980/3879 2979/3878 2988/3888
f 1398/1897 1393/1892 1395/1894
f 1398/1897 1395/1894 1396/1895
f 1311/1810 1315/1814 1383/1882
f 3958/5167 3947/5154 3959/5168
f 3967/5176 3966/5175 3959/5168
f 3947/5154 3944/5150 3941/5146
f 3947/5154 3967/5176 3959/5168
f 3941/5146 3948/5155 3950/5158
f 3941/5146 3950/5158 3968/5177
f 3941/5146 3968/5177 3947/5154
f 3979/5188 4007/5220 4010/5223
f 4010/5223 4007/5220 4042/5256
f 3948/5155 3949/5157 3950/5158
f 4007/5220 4040/5254 4042/5256
f 992/1396 489/621 526/694
f 1508/2007 1695/2264 2443/3220
f 1508/2007 2443/3220 1506/2005
f 3012/3918 3019/3928 3106/4047
f 3010/3915 2997/3898 3012/3918
f 3012/3918 2997/3898 3019/3928
f 2987/3887 2997/3898 3010/3915
f 5344/6955 5349/6966 3000/3902
f 5344/6955 3000/3902 3001/3903
f 3001/3903 3000/3902 2992/3892
f 2992/3892 3000/3902 2981/3880
f 2992/3892 2981/3880 2980/3879
f 2979/3878 2976/3875 2986/3886
f 5496/7204 5494/7201 5491/7197
f 5485/7191 5477/7183 5478/7184
f 1309/1808 1311/1810 1397/1896
f 1317/1816 1316/1815 1381/1880
f 3978/5187 3979/5188 3998/5210
f 3998/5210 3979/5188 4010/5223
f 1317/1816 1381/1880 1380/1879
f 3945/5152 3943/5149 3946/5153
f 5317/6900 3945/5152 3946/5153
f 3946/5153 3943/5149 3947/5154
f 3946/5153 3947/5154 3958/5167
f 3943/5149 3944/5150 3947/5154
f 4042/5256 416/493 395/457
f 2997/3898 447/547 3019/3928
f 2997/3898 2996/3897 447/547
f 5349/6966 2984/3883 3000/3902
f 5349/6966 2985/3885 2984/3883
f 2985/3885 2983/3882 2984/3883
f 2984/3883 2981/3880 3000/3902
f 2981/3880 2978/3877 2980/3879
f 2980/3879 2978/3877 2979/3878
f 2986/3886 2975/3874 2987/3887
f 2978/3877 2976/3875 2979/3878
f 1399/1898 1301/1800 1392/1891
f 1396/1895 1309/1808 1397/1896
f 3957/5166 3955/5163 3958/5167
f 3957/5166 3958/5167 3959/5168
f 3957/5166 3959/5168 3960/5169
f 3959/5168 3966/5175 3960/5169
f 3960/5169 3966/5175 3977/5186
f 3977/5186 3966/5175 3978/5187
f 3978/5187 3998/5210 3977/5186
f 4082/5306 5317/6900 3955/5163
f 5317/6900 3946/5153 3955/5163
f 3955/5163 3946/5153 3958/5167
f 4010/5223 4042/5256 4046/5261
f 4042/5256 395/457 4046/5261
f 1381/1880 1493/1992 1380/1879
f 1380/1879 1493/1992 1488/1987
f 1493/1992 1583/2087 1488/1987
f 1583/2087 986/1388 1671/2217
f 1506/2005 2443/3220 1531/2030
f 1506/2005 1531/2030 1300/1799
f 1300/1799 1531/2030 1193/1674
f 2987/3887 2975/3874 2973/3872
f 2987/3887 2973/3872 2997/3898
f 2997/3898 2973/3872 2996/3897
f 1300/1799 1302/1801 1301/1800
f 2984/3883 2983/3882 2981/3880
f 2985/3885 5360/6988 2983/3882
f 3023/3934 3022/3933 2983/3882
f 5360/6988 3023/3934 2983/3882
f 2983/3882 3022/3933 2982/3881
f 2983/3882 2982/3881 2981/3880
f 2982/3881 2978/3877 2981/3880
f 2986/3886 2976/3875 2975/3874
f 2982/3881 6055/7922 2978/3877
f 1392/1891 1306/1805 1393/1892
f 1311/1810 1312/1811 1315/1814
f 3957/5166 3960/5169 3961/5170
f 5342/6950 4082/5306 3954/5162
f 3952/5160 3955/5163 3957/5166
f 3954/5162 3955/5163 3952/5160
f 3998/5210 4010/5223 4046/5261
f 4046/5261 395/457 4193/5460
f 2443/3220 2537/3333 1531/2030
f 2996/3897 3066/3993 447/547
f 3022/3933 3020/3929 2982/3881
f 5361/6990 3021/3932 3020/3929
f 3065/3989 3036/3950 3021/3930
f 3020/3929 3021/3932 6055/7922
f 3020/3929 6055/7922 2982/3881
f 3021/3930 3036/3950 6055/7921
f 6055/7922 2958/3853 2978/3877
f 2978/3877 2954/3849 2976/3875
f 2976/3875 2954/3849 2975/3874
f 6055/7922 2977/3876 2958/3853
f 2978/3877 2958/3853 2954/3849
f 1392/1891 1301/1800 1306/1805
f 1393/1892 1394/1893 1395/1894
f 1396/1895 1395/1894 1309/1808
f 3963/5172 3961/5170 3960/5169
f 3963/5172 3960/5169 3974/5183
f 1316/1815 1382/1881 1381/1880
f 3953/5161 4028/5241 4203/5479
f 3953/5161 3957/5166 3962/5171
f 3962/5171 3957/5166 3961/5170
f 3974/5183 3960/5169 3977/5186
f 3974/5183 3977/5186 3995/5207
f 3951/5159 3952/5160 3953/5161
f 3953/5161 3952/5160 3957/5166
f 3977/5186 3998/5210 3995/5207
f 3951/5159 3954/5162 3952/5160
f 3998/5210 4046/5261 4044/5259
f 4044/5259 4046/5261 4137/5381
f 4137/5381 4046/5261 4193/5460
f 1492/1991 1493/1992 1381/1880
f 1493/1992 1038/1461 986/1388
f 1493/1992 986/1388 1583/2087
f 982/1384 985/1387 980/1382
f 982/1384 980/1382 983/1385
f 983/1385 980/1382 978/1380
f 1531/2030 2537/3333 1193/1674
f 1300/1799 1193/1674 1302/1801
f 2973/3872 2974/3873 2996/3897
f 2996/3897 2974/3873 3066/3993
f 3066/3993 2974/3873 414/489
f 3065/3990 3035/3949 3064/3988
f 3035/3949 3031/3943 3036/3951
f 3064/3988 3035/3949 3036/3951
f 3036/3951 3031/3943 6055/7922
f 3031/3943 2977/3876 6055/7922
f 2977/3876 2960/3855 2958/3853
f 1306/1805 1394/1893 1393/1892
f 4134/5376 4204/5480 4028/5241
f 4133/5375 4134/5376 4028/5241
f 3995/5207 3998/5210 4008/5221
f 4204/5480 4203/5479 4028/5241
f 4008/5221 3998/5210 4044/5259
f 4044/5259 4137/5381 422/502
f 4137/5380 390/447 422/501
f 1492/1991 1038/1461 1493/1992
f 2537/3333 2540/3339 1193/1674
f 2974/3873 3034/3947 414/489
f 3035/3949 3014/3921 3013/3919
f 3035/3949 3013/3919 3031/3943
f 3013/3919 2962/3858 2977/3876
f 3031/3943 3013/3919 2977/3876
f 2977/3876 2962/3858 2960/3855
f 2954/3849 2953/3848 2975/3874
f 2975/3874 2953/3848 2973/3872
f 2973/3872 2953/3848 2955/3850
f 2960/3855 2957/3852 2958/3853
f 2958/3853 2957/3852 2954/3849
f 2954/3849 2957/3852 2947/3841
f 2954/3849 2947/3841 2953/3848
f 1302/1801 1304/1803 1301/1800
f 1394/1893 1308/1807 1395/1894
f 1395/1894 1308/1807 1309/1808
f 1311/1810 1310/1809 1312/1811
f 1312/1811 1314/1813 1315/1814
f 1315/1814 1382/1881 1316/1815
f 3975/5184 3974/5183 3981/5190
f 3981/5190 3974/5183 3990/5200
f 3974/5183 3995/5207 3990/5200
f 4196/5466 4133/5375 4027/5240
f 4027/5240 3965/5174 3964/5173
f 3964/5173 3965/5174 3962/5171
f 3964/5173 3962/5171 3963/5172
f 4133/5375 4028/5241 4027/5240
f 4027/5240 4028/5241 3965/5174
f 4008/5221 4044/5259 4045/5260
f 4045/5260 4044/5259 4136/5379
f 4044/5259 422/502 4136/5379
f 1381/1880 1382/1881 1491/1990
f 1381/1880 1491/1990 1492/1991
f 978/1380 928/1326 979/1381
f 1193/1674 1192/1673 1302/1801
f 2974/3873 2999/3901 3034/3947
f 2973/3872 2955/3850 2972/3871
f 2973/3872 2972/3871 2974/3873
f 2974/3873 2972/3871 2999/3901
f 3014/3921 2965/3861 3013/3919
f 3013/3919 2965/3861 2962/3858
f 3014/3921 5306/6878 2965/3861
f 6206/8141 2970/3868 2965/3861
f 5306/6879 6206/8143 2965/3862
f 2965/3861 2970/3868 2964/3860
f 2965/3861 2964/3860 2962/3858
f 2970/3868 2967/3864 2964/3860
f 2964/3860 2967/3864 2963/3859
f 2964/3860 2963/3859 2962/3858
f 2962/3858 2959/3854 2960/3855
f 2962/3858 2963/3859 2959/3854
f 2960/3855 2959/3854 2957/3852
f 1302/1801 1305/1804 1304/1803
f 1301/1800 1304/1803 1306/1805
f 1308/1807 1310/1809 1309/1808
f 1309/1808 1310/1809 1311/1810
f 1312/1811 1313/1812 1314/1813
f 4967/6456 4196/5465 5348/6963
f 4196/5466 4029/5242 5348/6964
f 3976/5185 4029/5242 3964/5173
f 3976/5185 4177/5428 4029/5242
f 3976/5185 3964/5173 3963/5172
f 3976/5185 3963/5172 3975/5184
f 4029/5242 4027/5240 3964/5173
f 4045/5260 4136/5379 4135/5378
f 4135/5378 4136/5379 4208/5488
f 1492/1991 1658/2193 953/1353
f 1492/1991 953/1353 1038/1461
f 1193/1674 2540/3339 1192/1673
f 2972/3871 2998/3899 2999/3901
f 2998/3899 3037/3953 2999/3901
f 2968/3865 2966/3863 2967/3864
f 2967/3864 2966/3863 2963/3859
f 2947/3841 2945/3838 2953/3848
f 2953/3848 2945/3838 2955/3850
f 2968/3865 5305/6876 2966/3863
f 5305/6876 3017/3925 2966/3863
f 2963/3859 2966/3863 2959/3854
f 2966/3863 2949/3843 2959/3854
f 2949/3843 2948/3842 2959/3854
f 2959/3854 2948/3842 2957/3852
f 2957/3852 2948/3842 2947/3841
f 1315/1814 1314/1813 1382/1881
f 3986/5196 3987/5197 3982/5191
f 3987/5197 3975/5184 3982/5191
f 3982/5191 3975/5184 3981/5190
f 3981/5190 3990/5200 3991/5201
f 3991/5201 3990/5200 3996/5208
f 4054/5270 4177/5428 3976/5185
f 4054/5270 3976/5185 3987/5197
f 3987/5197 3976/5185 3975/5184
f 3996/5208 3995/5207 4009/5222
f 3995/5207 4008/5221 4009/5222
f 4009/5222 4008/5221 4047/5262
f 5413/7095 4029/5242 4177/5428
f 4008/5221 4045/5260 4047/5262
f 4047/5262 4045/5260 4135/5378
f 4135/5378 4208/5488 4198/5470
f 1491/1990 1658/2193 1492/1991
f 1658/2194 947/1347 953/1354
f 948/1348 947/1347 946/1346
f 1192/1673 1190/1670 1302/1801
f 1302/1801 1190/1670 1189/1669
f 1302/1801 1189/1669 1305/1804
f 2972/3871 2956/3851 2998/3899
f 2998/3899 2956/3851 3037/3953
f 2955/3850 2956/3851 2972/3871
f 3016/3924 2952/3847 3017/3925
f 3017/3925 2952/3847 2966/3863
f 2952/3847 2949/3843 2966/3863
f 5007/6499 5008/6501 3016/3924
f 2949/3843 2941/3833 2948/3842
f 1310/1809 1313/1812 1312/1811
f 4043/5258 4052/5268 3989/5199
f 3985/5195 3986/5196 3982/5191
f 3985/5195 3982/5191 3983/5192
f 3983/5192 3982/5191 3981/5190
f 5422/7114 4113/5344 3989/5199
f 4052/5268 5422/7114 3989/5199
f 3989/5199 4113/5344 3987/5197
f 3989/5199 3987/5197 3986/5196
f 3991/5201 3996/5208 3997/5209
f 3997/5209 3996/5208 4004/5216
f 4047/5262 4135/5378 4198/5470
f 1382/1881 1490/1989 1491/1990
f 1490/1989 1622/2137 1491/1990
f 1659/2195 1658/2193 1491/1990
f 1622/2137 1659/2195 1491/1990
f 2540/3339 2461/3239 1192/1673
f 1192/1673 2461/3239 1190/1670
f 2956/3851 3011/3917 3037/3953
f 2955/3850 2945/3838 2933/3823
f 2955/3850 2933/3823 2956/3851
f 2956/3851 2933/3823 3011/3917
f 3016/3924 3015/3923 2952/3847
f 2945/3838 2931/3821 2933/3823
f 3015/3923 2942/3834 2952/3847
f 2952/3847 2942/3834 2949/3843
f 2942/3834 2941/3833 2949/3843
f 2941/3833 2935/3825 2948/3842
f 2935/3825 2934/3824 2948/3842
f 2948/3842 2934/3824 2947/3841
f 2947/3841 2934/3824 2945/3838
f 2945/3838 2934/3824 2931/3821
f 5008/6500 5268/6813 3015/3922
f 1394/1893 1306/1805 1308/1807
f 3988/5198 3986/5196 3985/5195
f 3983/5192 3981/5190 3984/5193
f 3981/5190 3991/5201 3984/5193
f 5408/7084 4043/5258 3988/5198
f 4043/5258 3989/5199 3988/5198
f 3988/5198 3989/5199 3986/5196
f 4004/5216 4009/5222 4041/5255
f 4041/5255 4009/5222 4048/5263
f 4009/5222 4047/5262 4048/5263
f 4047/5262 4199/5472 4048/5263
f 4047/5262 4198/5470 4199/5472
f 1190/1670 2461/3239 1191/1671
f 1190/1670 1191/1671 1189/1669
f 2933/3823 2932/3822 430/515
f 2933/3823 430/515 3011/3917
f 2933/3823 2931/3821 2932/3822
f 3015/3923 5268/6814 3018/3926
f 3018/3926 2937/3827 2942/3834
f 2942/3834 2937/3827 2941/3833
f 2937/3827 2936/3826 2941/3833
f 2936/3826 2920/3808 2941/3833
f 2941/3833 2920/3808 2935/3825
f 2935/3825 2920/3808 2934/3824
f 2934/3824 2920/3808 2925/3813
f 5192/6704 2938/3828 5268/6814
f 5021/6520 5192/6703 5268/6813
f 1306/1805 1304/1803 1391/1890
f 1306/1805 1307/1806 1308/1807
f 2895/3778 3983/5192 2891/3772
f 4129/5367 3988/5198 3994/5206
f 3994/5206 3988/5198 3985/5195
f 2895/3778 3985/5195 3983/5192
f 3983/5192 3984/5193 2891/3772
f 2891/3772 3984/5193 3993/5204
f 3993/5205 3984/5194 2894/3777
f 4129/5367 5408/7084 3988/5198
f 3984/5193 3997/5209 2894/3776
f 3997/5209 4005/5217 2894/3776
f 3997/5209 4004/5216 4005/5217
f 4004/5216 4041/5255 4005/5217
f 1382/1881 1314/1813 1490/1989
f 1490/1989 1659/2195 1622/2137
f 2461/3240 2469/3248 1191/1672
f 1189/1669 1191/1671 1178/1655
f 150/173 148/171 149/172
f 2932/3822 431/517 430/515
f 2931/3821 2926/3814 2932/3822
f 2932/3822 2926/3814 431/517
f 2937/3827 2922/3810 2936/3826
f 2925/3813 2924/3812 2934/3824
f 2934/3824 2924/3812 2931/3821
f 2931/3821 2924/3812 2926/3814
f 5192/6704 2946/3840 2938/3828
f 2938/3828 2922/3810 2937/3827
f 2936/3826 2922/3810 2920/3808
f 2920/3808 2923/3811 2925/3813
f 2925/3813 2923/3811 2924/3812
f 5410/7089 4129/5367 3994/5206
f 5410/7089 3994/5206 3992/5202
f 3992/5202 3985/5195 2895/3778
f 3993/5205 2894/3777 2893/3775
f 3994/5206 3985/5195 3992/5202
f 2894/3777 4005/5218 2898/3785
f 2893/3775 2894/3777 2898/3785
f 2898/3785 4005/5218 3084/4018
f 4005/5217 4187/5447 3084/4017
f 1314/1813 1489/1988 1490/1989
f 1489/1988 944/1343 1490/1989
f 944/1343 1659/2195 1490/1989
f 2469/3248 1178/1656 1191/1672
f 1189/1669 1178/1655 1177/1654
f 1189/1669 1177/1654 1186/1664
f 1189/1669 1186/1664 1305/1804
f 2926/3814 522/686 431/517
f 2946/3840 2916/3804 2938/3828
f 2938/3828 2916/3804 2922/3810
f 2946/3840 5026/6527 2916/3804
f 2923/3811 2919/3807 2924/3812
f 2922/3810 2921/3809 2920/3808
f 2920/3808 2921/3809 2919/3807
f 2920/3808 2919/3807 2923/3811
f 1310/1809 1387/1886 1313/1812
f 2880/3761 2895/3779 2892/3774
f 2892/3774 2895/3779 2891/3773
f 2892/3774 2891/3773 2889/3770
f 2889/3770 2891/3773 3993/5205
f 2893/3775 2898/3785 4206/5484
f 4131/5371 5410/7089 3992/5202
f 2880/3761 3992/5203 2895/3779
f 2889/3770 3993/5205 2890/3771
f 2890/3771 3993/5205 2893/3775
f 2898/3785 3084/4018 4206/5484
f 3084/4017 4205/5482 4206/5483
f 3084/4017 4187/5447 4205/5482
f 1489/1988 937/1335 944/1343
f 1178/1655 1174/1649 1177/1654
f 148/171 407/477 146/169
f 1305/1804 1186/1664 1304/1803
f 2926/3814 408/479 522/686
f 522/685 408/478 407/477
f 2922/3810 2916/3804 2903/3790
f 2922/3810 2903/3790 2921/3809
f 2919/3807 2914/3801 2924/3812
f 2924/3812 2914/3801 2912/3799
f 2924/3812 2912/3799 2926/3814
f 2943/3835 2905/3792 2916/3804
f 2903/3790 2904/3791 2921/3809
f 2921/3809 2904/3791 2919/3807
f 2919/3807 2904/3791 2906/3793
f 2919/3807 2906/3793 2914/3801
f 2926/3814 2912/3799 408/479
f 2943/3835 2907/3794 2905/3792
f 2916/3804 2905/3792 2903/3790
f 5026/6527 2971/3870 2943/3835
f 1310/1809 1308/1807 1387/1886
f 2883/3764 2889/3770 2884/3765
f 2882/3763 2889/3770 2883/3764
f 2884/3765 2893/3775 2888/3769
f 2880/3761 2892/3774 2882/3763
f 2882/3763 2892/3774 2889/3770
f 2889/3770 2890/3771 2884/3765
f 2888/3769 2893/3775 571/784
f 4131/5371 3992/5202 4132/5372
f 5391/7050 4131/5371 4132/5372
f 4132/5373 3992/5203 2880/3761
f 2890/3771 2893/3775 2884/3765
f 2893/3775 4206/5484 571/784
f 4206/5483 4209/5489 571/783
f 4206/5483 4207/5486 4209/5489
f 4206/5483 4205/5482 4207/5486
f 1313/1812 1494/1993 1314/1813
f 1314/1813 1494/1993 1489/1988
f 1177/1654 1174/1649 1173/1648
f 1177/1654 1173/1648 1186/1664
f 2912/3799 2915/3803 408/479
f 408/478 2915/3802 428/511
f 2914/3801 2899/3786 2912/3799
f 2906/3793 2899/3786 2914/3801
f 2971/3870 2908/3795 2907/3794
f 2899/3786 2911/3798 2912/3799
f 2912/3799 2911/3798 2915/3803
f 2971/3870 5274/6823 2908/3795
f 2905/3792 2902/3789 2903/3790
f 2903/3790 2900/3787 2904/3791
f 2904/3791 2843/3719 2906/3793
f 2908/3795 2902/3789 2907/3794
f 2907/3794 2902/3789 2905/3792
f 2902/3789 2900/3787 2903/3790
f 2904/3791 2900/3787 2843/3719
f 2843/3719 2899/3786 2906/3793
f 5274/6823 2927/3816 2908/3795
f 2900/3787 2825/3700 2824/3699
f 5274/6822 3123/4066 2927/3815
f 1306/1805 1391/1890 1307/1806
f 1308/1807 1307/1806 1388/1887
f 1388/1887 1387/1886 1308/1807
f 2872/3750 2880/3761 2871/3749
f 2880/3761 2882/3763 2871/3749
f 2871/3749 2882/3763 2883/3764
f 2871/3749 2883/3764 2873/3751
f 4212/5497 4132/5373 2872/3750
f 2873/3751 2883/3764 2884/3765
f 2873/3751 2884/3765 2877/3757
f 2884/3765 2888/3769 2886/3767
f 2877/3757 2884/3765 2886/3767
f 2888/3769 580/803 2886/3767
f 2872/3750 4132/5373 2880/3761
f 580/803 2888/3769 571/784
f 571/783 4209/5489 4210/5491
f 4210/5491 4209/5489 4207/5486
f 1010/1419 937/1335 1489/1988
f 1494/1993 1010/1419 1489/1988
f 1186/1664 1173/1648 1182/1660
f 1186/1664 1182/1660 1304/1803
f 1304/1803 1182/1660 1185/1663
f 2915/3803 2911/3798 464/578
f 2899/3786 2910/3797 2911/3798
f 2910/3797 465/580 2911/3798
f 2911/3798 465/580 464/578
f 2927/3816 2909/3796 2908/3795
f 2908/3795 2909/3796 2902/3789
f 2902/3789 2825/3700 2900/3787
f 2900/3787 2824/3699 2843/3719
f 2843/3719 2824/3699 2815/3690
f 2843/3719 2817/3692 2899/3786
f 2899/3786 2817/3692 2910/3797
f 3123/4067 2913/3800 2927/3816
f 2927/3816 2913/3800 2909/3796
f 2843/3719 2815/3690 2817/3692
f 1391/1890 1390/1889 1307/1806
f 1390/1889 1389/1888 1307/1806
f 1307/1806 1389/1888 1388/1887
f 2866/3744 2877/3757 2870/3748
f 2868/3746 2871/3749 2867/3745
f 2867/3745 2871/3749 2866/3744
f 2877/3757 2885/3766 2870/3748
f 2944/3837 2875/3754 2874/3752
f 2875/3754 2872/3750 2874/3752
f 2874/3752 2872/3750 2868/3746
f 2868/3746 2872/3750 2871/3749
f 2866/3744 2871/3749 2873/3751
f 2873/3751 2877/3757 2866/3744
f 2885/3766 2886/3767 2896/3781
f 2877/3757 2886/3767 2885/3766
f 2896/3781 2886/3767 2897/3783
f 2886/3767 580/803 2897/3783
f 580/802 437/527 2897/3784
f 580/802 571/782 437/527
f 571/782 394/454 437/527
f 571/783 4210/5491 394/455
f 1313/1812 1496/1995 1494/1993
f 1173/1648 1170/1643 1182/1660
f 1182/1660 1170/1643 1185/1663
f 1180/1658 1181/1659 1185/1663
f 1185/1663 1181/1659 1304/1803
f 1304/1803 1181/1659 1391/1890
f 2910/3797 2820/3695 465/580
f 2817/3692 2820/3695 2910/3797
f 2820/3695 2939/3830 465/580
f 465/579 2939/3829 435/524
f 2909/3796 2913/3800 2902/3789
f 2913/3800 2901/3788 2902/3789
f 2902/3789 2901/3788 2825/3700
f 2824/3699 2816/3691 2815/3690
f 2961/3857 2841/3716 2913/3800
f 2913/3800 2841/3716 2901/3788
f 2825/3700 2816/3691 2824/3699
f 2815/3690 2816/3691 2817/3692
f 2901/3788 2840/3715 2825/3700
f 2816/3691 2818/3693 2817/3692
f 2961/3857 2860/3738 2841/3716
f 2825/3700 2826/3701 2816/3691
f 2816/3691 2826/3701 2818/3693
f 3038/3956 2878/3758 2879/3760
f 2858/3735 2867/3745 2857/3734
f 2857/3734 2866/3744 2850/3726
f 2866/3744 2870/3748 2850/3726
f 2870/3748 2861/3739 2850/3726
f 3038/3956 2876/3756 2878/3758
f 2869/3747 2868/3746 2852/3729
f 2852/3729 2868/3746 2867/3745
f 2878/3758 2876/3756 2869/3747
f 2857/3734 2867/3745 2866/3744
f 2869/3747 2876/3756 2868/3746
f 2861/3739 2870/3748 2887/3768
f 2870/3748 2885/3766 2887/3768
f 2930/3820 2928/3817 2887/3768
f 2885/3766 2930/3820 2887/3768
f 2887/3768 2928/3817 2918/3806
f 2928/3817 2929/3819 2897/3783
f 2928/3817 2897/3783 2918/3806
f 2897/3783 399/464 2918/3806
f 1387/1886 1495/1994 1313/1812
f 1495/1994 1496/1995 1313/1812
f 1496/1995 1689/2252 1010/1419
f 1496/1995 1010/1419 1494/1993
f 1170/1643 1169/1642 1185/1663
f 1185/1663 1169/1642 1180/1658
f 145/168 143/166 144/167
f 2820/3695 2940/3832 2939/3830
f 2939/3829 2940/3831 411/484
f 2817/3692 2819/3694 2820/3695
f 2820/3695 2864/3742 2940/3832
f 2841/3716 2840/3715 2901/3788
f 2818/3693 2819/3694 2817/3692
f 2819/3694 2864/3742 2820/3695
f 2825/3700 2840/3715 2826/3701
f 2860/3738 2859/3736 2841/3716
f 2841/3716 2836/3711 2840/3715
f 2860/3738 5354/6975 2859/3736
f 2859/3736 2833/3708 2841/3716
f 2841/3716 2833/3708 2836/3711
f 2836/3711 2827/3702 2840/3715
f 2840/3715 2827/3702 2826/3701
f 2826/3701 2827/3702 2818/3693
f 2818/3693 2821/3696 2819/3694
f 2864/3742 2863/3741 2940/3832
f 2819/3694 2863/3741 2864/3742
f 2863/3741 538/717 2940/3832
f 2819/3694 2823/3698 2863/3741
f 2836/3711 2833/3708 2827/3702
f 2833/3708 2832/3707 2827/3702
f 2832/3707 2822/3697 2827/3702
f 2827/3702 2822/3697 2818/3693
f 2818/3693 2822/3697 2821/3696
f 2821/3696 2823/3698 2819/3694
f 2833/3708 2834/3709 2832/3707
f 5354/6975 2842/3718 2859/3736
f 2832/3707 2829/3704 2822/3697
f 2821/3696 2828/3703 2823/3698
f 2832/3707 2834/3709 2829/3704
f 2822/3697 2829/3704 2828/3703
f 2822/3697 2828/3703 2821/3696
f 2835/3710 2830/3705 2829/3704
f 2834/3709 2835/3710 2829/3704
f 2830/3705 2831/3706 2828/3703
f 2829/3704 2830/3705 2828/3703
f 2828/3703 2831/3706 2823/3698
f 2835/3710 2845/3721 2830/3705
f 2830/3705 2845/3721 2846/3722
f 2830/3705 2846/3722 2831/3706
f 2831/3706 2846/3722 2855/3732
f 2835/3710 2847/3723 2845/3721
f 2846/3722 2856/3733 2855/3732
f 2845/3721 2850/3726 2846/3722
f 2856/3733 2865/3743 2855/3732
f 3105/4045 2848/3724 5423/7116
f 2848/3724 2852/3729 2844/3720
f 2844/3720 2852/3729 2847/3723
f 2847/3723 2849/3725 2845/3721
f 2845/3721 2849/3725 2850/3726
f 2848/3724 2854/3731 2852/3729
f 2847/3723 2853/3730 2849/3725
f 3105/4045 2879/3760 2848/3724
f 2848/3724 2879/3760 2854/3731
f 2847/3723 2852/3729 2853/3730
f 2846/3722 2850/3726 2856/3733
f 2853/3730 2857/3734 2849/3725
f 2853/3730 2852/3729 2858/3735
f 2853/3730 2858/3735 2857/3734
f 2850/3726 2861/3739 2856/3733
f 2856/3733 2861/3739 2865/3743
f 2857/3734 2850/3726 2849/3725
f 2861/3739 2881/3762 2865/3743
f 2865/3743 2881/3762 2917/3805
f 2879/3760 2869/3747 2854/3731
f 2854/3731 2869/3747 2852/3729
f 2861/3739 2887/3768 2881/3762
f 2917/3805 400/466 572/786
f 2881/3762 2918/3806 2917/3805
f 2917/3805 2918/3806 400/466
f 2918/3806 399/464 400/466
f 1388/1887 1495/1994 1387/1886
f 1496/1995 1667/2209 1689/2252
f 1180/1658 1169/1642 1175/1651
f 1180/1658 1175/1651 1181/1659
f 1391/1890 1181/1659 1390/1889
f 2940/3831 538/716 410/482
f 2842/3718 2838/3713 2833/3708
f 2833/3708 2837/3712 2834/3709
f 2863/3741 2950/3844 538/717
f 538/717 2950/3844 410/483
f 2950/3844 370/413 410/483
f 2838/3713 2837/3712 2833/3708
f 2823/3698 2862/3740 2863/3741
f 2863/3741 2862/3740 2950/3844
f 2837/3712 2839/3714 2834/3709
f 2831/3706 2862/3740 2823/3698
f 2842/3718 2851/3728 2838/3713
f 2834/3709 2839/3714 2835/3710
f 2831/3706 2855/3732 2862/3740
f 2851/3728 5423/7116 2838/3713
f 2862/3740 2951/3846 2950/3844
f 2950/3844 2951/3846 370/413
f 2838/3713 2844/3720 2837/3712
f 2951/3845 401/467 370/412
f 5423/7116 2844/3720 2838/3713
f 2837/3712 2844/3720 2839/3714
f 2839/3714 2844/3720 2847/3723
f 5423/7116 2848/3724 2844/3720
f 2855/3732 2865/3743 2862/3740
f 2862/3740 2865/3743 2951/3846
f 2865/3743 2917/3805 2951/3846
f 2951/3845 572/785 401/467
f 572/785 400/465 401/467
f 1495/1994 1667/2209 1496/1995
f 1181/1659 1175/1651 1179/1657
f 1179/1657 1183/1661 1390/1889
f 1181/1659 1179/1657 1390/1889
f 1388/1887 1533/2032 1495/1994
f 1495/1994 1680/2235 1667/2209
f 1175/1651 1176/1652 1179/1657
f 1179/1657 1176/1652 1183/1661
f 1390/1889 1183/1661 1184/1662
f 1389/1888 1526/2025 1388/1887
f 1526/2025 1039/1463 1388/1887
f 1388/1887 1039/1463 1533/2032
f 1024/1438 1680/2235 1495/1994
f 1533/2032 1024/1438 1495/1994
f 1183/1661 1176/1652 2552/3353
f 1183/1661 2552/3353 1184/1662
f 1390/1889 1184/1662 1188/1668
f 1390/1889 1188/1668 1389/1888
f 1039/1463 1024/1438 1533/2032
f 2552/3353 1187/1665 1184/1662
f 1184/1662 1187/1665 1188/1668
f 1188/1668 1187/1665 1037/1459
f 1188/1668 1037/1459 1526/2025
f 1037/1459 1654/2185 1526/2025
f 1526/2025 1654/2185 1039/1463
f 1039/1464 1654/2186 970/1372
f 971/1373 974/1376 972/1374
f 2014/2681 4315/5629 265/294
f 4315/5629 4317/5634 265/294
f 265/294 4317/5634 70/91
f 70/91 4316/5632 69/90
f 69/90 4316/5632 64/82
f 1945/2589 2014/2681 265/294
f 268/297 265/294 70/91
f 268/297 70/91 273/304
f 70/91 69/90 273/304
f 69/90 64/82 63/81
f 1938/2581 1945/2589 266/295
f 266/295 1945/2589 265/294
f 266/295 265/294 264/293
f 264/293 265/294 21/28
f 21/28 265/294 268/297
f 274/305 268/297 273/304
f 274/305 273/304 25/32
f 273/304 69/90 25/32
f 25/32 69/90 65/84
f 65/84 63/81 4251/5545
f 2013/2679 1938/2581 267/296
f 1938/2581 266/295 267/296
f 267/296 266/295 263/292
f 263/292 266/295 264/293
f 21/28 275/306 15/19
f 275/306 21/28 268/297
f 274/305 275/306 268/297
f 15/19 275/306 274/305
f 15/19 274/305 17/22
f 274/305 25/32 17/22
f 17/22 25/32 18/23
f 25/32 26/33 18/23
f 26/33 25/32 65/84
f 26/33 65/84 276/307
f 276/307 65/84 277/308
f 65/84 4251/5545 66/85
f 65/84 66/85 67/87
f 1931/2573 2013/2679 267/296
f 24/31 264/293 21/28
f 24/31 21/28 23/30
f 23/30 21/28 6008/7858
f 21/28 15/19 6008/7858
f 6013/7864 6008/7858 15/19
f 6025/7878 6013/7865 16/21
f 16/20 6013/7864 15/19
f 16/20 15/19 17/22
f 6017/7869 6025/7878 16/21
f 6033/7888 6017/7869 16/21
f 6033/7888 16/21 6034/7890
f 6034/7889 16/20 17/22
f 6034/7889 17/22 18/23
f 6040/7896 6034/7889 18/23
f 18/23 26/33 19/24
f 19/24 26/33 276/307
f 276/307 277/308 278/309
f 277/308 65/84 67/87
f 67/87 66/85 4252/5547
f 554/748 1931/2573 363/400
f 363/400 1931/2573 267/296
f 363/400 267/296 261/290
f 261/290 267/296 263/292
f 24/31 263/292 264/293
f 29/38 24/31 28/36
f 28/36 24/31 27/34
f 24/31 23/30 27/34
f 5993/7837 27/35 5999/7846
f 5999/7845 27/34 23/30
f 5999/7845 23/30 6008/7858
f 5993/7837 5999/7846 6003/7851
f 6003/7851 5999/7846 6008/7859
f 6013/7865 6003/7851 6008/7859
f 6012/7863 6003/7851 6013/7865
f 6012/7863 6013/7865 6025/7878
f 4653/6078 6005/7853 6019/7872
f 6005/7853 6011/7862 6018/7870
f 6019/7872 6005/7853 6018/7870
f 4653/6077 6019/7871 4683/6120
f 6018/7870 6011/7862 6014/7866
f 6010/7861 6016/7868 6015/7867
f 6010/7861 6012/7863 6017/7869
f 6016/7868 6010/7861 6017/7869
f 6017/7869 6012/7863 6025/7878
f 6026/7880 6019/7872 6018/7870
f 6019/7871 6026/7879 4683/6120
f 4683/6120 6026/7879 4681/6117
f 6022/7875 6018/7870 6014/7866
f 6022/7875 6014/7866 6021/7874
f 6014/7866 6015/7867 6020/7873
f 6020/7873 6015/7867 6023/7876
f 6021/7874 6014/7866 6020/7873
f 6015/7867 6016/7868 6023/7876
f 6023/7876 6016/7868 6024/7877
f 6026/7880 6018/7870 6022/7875
f 6016/7868 6017/7869 6024/7877
f 6032/7887 6024/7877 6017/7869
f 4682/6119 6026/7880 6022/7875
f 4682/6119 6022/7875 6029/7884
f 4681/6117 6026/7879 4682/6118
f 4681/6117 4682/6118 4684/6121
f 6020/7873 6023/7876 6030/7885
f 6031/7886 6024/7877 6032/7887
f 6029/7884 6022/7875 6028/7883
f 6028/7883 6022/7875 6021/7874
f 6028/7883 6021/7874 6020/7873
f 6028/7883 6020/7873 6030/7885
f 6030/7885 6023/7876 6031/7886
f 6031/7886 6023/7876 6024/7877
f 6032/7887 6017/7869 6033/7888
f 6029/7884 6028/7883 6035/7891
f 6036/7892 6028/7883 6030/7885
f 4684/6121 4682/6118 6049/7909
f 6038/7894 4682/6119 6029/7884
f 6035/7891 6028/7883 6036/7892
f 6038/7894 6029/7884 6035/7891
f 6031/7886 6032/7887 6039/7895
f 6039/7895 6032/7887 6033/7888
f 6039/7895 6033/7888 6040/7897
f 6040/7897 6033/7888 6034/7890
f 6043/7900 6031/7886 6039/7895
f 6039/7895 6040/7897 6051/7914
f 6051/7913 6040/7896 18/23
f 6051/7913 18/23 19/24
f 6051/7913 19/24 20/25
f 20/25 19/24 22/29
f 22/29 19/24 276/307
f 22/29 276/307 278/309
f 553/746 554/748 363/400
f 31/41 261/290 263/292
f 31/41 263/292 29/38
f 31/41 29/38 30/39
f 30/39 29/38 5992/7835
f 5992/7835 29/38 28/36
f 5989/7832 5990/7833 27/35
f 27/35 5990/7833 5995/7839
f 5995/7839 28/37 27/35
f 5989/7832 27/35 5993/7837
f 5988/7831 5985/7826 5984/7825
f 4651/6074 5988/7830 4652/6076
f 5994/7838 5984/7825 5983/7824
f 5991/7834 5996/7840 6001/7849
f 5983/7824 5991/7834 6001/7849
f 6001/7849 5996/7840 6002/7850
f 5996/7840 5993/7837 6002/7850
f 6002/7850 5993/7837 6003/7851
f 4653/6078 5988/7831 5984/7825
f 5988/7830 4653/6077 4652/6076
f 5994/7838 5983/7824 6004/7852
f 6004/7852 5983/7824 6001/7849
f 4653/6078 5984/7825 6005/7853
f 4652/6076 4653/6077 4654/6079
f 6005/7853 5984/7825 5994/7838
f 6002/7850 6003/7851 6012/7863
f 6005/7853 5994/7838 6011/7862
f 6011/7862 5994/7838 6004/7852
f 6004/7852 6001/7849 6009/7860
f 6009/7860 6001/7849 6002/7850
f 6002/7850 6012/7863 6010/7861
f 6009/7860 6002/7850 6010/7861
f 6011/7862 6004/7852 6014/7866
f 6014/7866 6004/7852 6009/7860
f 4654/6079 4653/6077 4655/6080
f 4655/6080 4653/6077 4683/6120
f 6014/7866 6009/7860 6015/7867
f 6009/7860 6010/7861 6015/7867
f 4683/6120 4681/6117 5248/6783
f 4927/6409 4681/6117 4684/6121
f 4927/6409 4684/6121 5227/6752
f 5227/6752 4684/6121 6049/7909
f 6036/7892 6030/7885 6037/7893
f 6037/7893 6030/7885 6031/7886
f 6049/7910 4682/6119 6038/7894
f 6041/7898 6035/7891 6036/7892
f 6041/7898 6036/7892 6037/7893
f 6048/7908 6049/7910 6038/7894
f 5227/6752 6049/7909 6048/7906
f 5227/6752 6048/7906 5228/6753
f 6038/7894 6035/7891 6042/7899
f 6042/7899 6035/7891 6041/7898
f 6043/7900 6037/7893 6031/7886
f 6045/7902 6041/7898 6037/7893
f 6044/7901 6037/7893 6043/7900
f 6042/7899 6041/7898 6045/7902
f 6045/7902 6037/7893 6044/7901
f 6048/7908 6038/7894 6156/8069
f 6156/8069 6038/7894 6047/7905
f 6047/7905 6038/7894 6042/7899
f 6047/7905 6042/7899 6046/7903
f 6042/7899 6045/7902 6046/7903
f 6050/7912 6043/7900 6039/7895
f 5228/6754 6048/7907 6156/8068
f 6155/8067 6156/8068 6047/7904
f 6046/7903 6045/7902 6044/7901
f 6050/7912 6039/7895 6051/7914
f 5228/6754 6156/8068 6200/8129
f 6200/8129 6156/8068 6155/8067
f 6050/7912 6051/7914 20/27
f 6171/8084 6050/7911 20/26
f 6171/8084 20/26 35/47
f 35/46 20/25 32/42
f 32/42 20/25 22/29
f 32/42 22/29 33/43
f 33/43 22/29 278/309
f 33/43 278/309 279/310
f 279/310 278/309 277/308
f 279/310 277/308 280/311
f 277/308 67/87 280/311
f 280/311 67/87 68/88
f 1903/2541 553/746 363/400
f 260/289 363/400 261/290
f 262/291 261/290 31/41
f 5990/7833 5992/7836 5995/7839
f 5995/7839 5992/7836 28/37
f 4658/6083 5986/7827 4657/6082
f 5986/7828 5987/7829 5982/7823
f 5982/7823 5980/7821 5983/7824
f 5980/7821 5979/7820 5991/7834
f 4657/6082 5986/7827 4651/6074
f 4651/6075 5986/7828 5985/7826
f 5986/7828 5982/7823 5985/7826
f 5983/7824 5980/7821 5991/7834
f 5979/7820 5989/7832 5993/7837
f 5996/7840 5979/7820 5993/7837
f 4657/6082 4651/6074 4656/6081
f 5985/7826 5982/7823 5984/7825
f 5991/7834 5979/7820 5996/7840
f 4656/6081 4651/6074 4652/6076
f 4656/6081 4652/6076 4654/6079
f 4655/6080 4683/6120 5248/6783
f 5248/6783 4681/6117 4927/6409
f 5227/6752 5228/6753 5226/6751
f 5226/6751 5228/6753 5225/6750
f 5228/6753 6200/8128 5225/6750
f 6047/7905 6046/7903 6053/7918
f 6052/7916 6044/7901 6043/7900
f 5225/6750 6200/8128 5308/6882
f 6155/8067 6047/7904 6151/8063
f 6165/8078 6200/8129 6155/8067
f 6200/8129 6165/8078 5308/6883
f 6151/8063 6047/7904 6053/7917
f 6053/7918 6046/7903 6044/7901
f 6043/7900 6050/7912 6054/7920
f 6054/7920 6050/7912 6171/8085
f 6165/8078 6155/8067 6152/8064
f 6152/8064 6155/8067 6151/8063
f 6053/7918 6044/7901 6052/7916
f 6053/7917 6052/7915 6147/8059
f 6052/7916 6043/7900 6054/7920
f 35/46 32/42 33/43
f 6199/8126 35/46 33/43
f 6199/8126 33/43 279/310
f 6199/8126 279/310 490/622
f 279/310 280/311 281/312
f 280/311 68/88 283/314
f 68/88 4312/5622 4261/5557
f 1894/2532 1891/2527 1895/2533
f 558/756 1903/2541 377/424
f 260/289 377/424 363/400
f 259/288 260/289 261/290
f 259/288 261/290 262/291
f 476/598 262/291 470/588
f 470/588 262/291 31/41
f 470/588 31/41 34/44
f 5976/7817 34/45 5990/7833
f 34/44 31/41 30/39
f 5990/7833 34/45 30/40
f 5979/7820 5977/7818 5976/7817
f 5989/7832 5976/7817 5990/7833
f 4658/6084 4660/6087 5981/7822
f 4660/6086 4658/6083 4659/6085
f 5982/7823 5981/7822 5980/7821
f 5980/7821 5981/7822 5969/7806
f 5980/7821 5969/7806 5979/7820
f 5969/7806 5977/7818 5979/7820
f 5979/7820 5976/7817 5989/7832
f 4658/6084 5981/7822 5987/7829
f 4659/6085 4658/6083 4657/6082
f 5987/7829 5981/7822 5982/7823
f 4656/6081 4654/6079 4900/6378
f 4654/6079 4655/6080 4900/6378
f 4655/6080 5248/6783 4900/6378
f 4900/6378 5248/6783 4927/6409
f 4894/6372 4927/6409 5227/6752
f 4894/6372 5227/6752 5226/6751
f 5308/6883 6165/8078 6174/8088
f 6174/8088 6165/8078 6152/8064
f 6147/8059 6052/7915 6149/8061
f 5308/6883 6174/8088 6201/8131
f 6152/8064 6151/8063 6150/8062
f 6150/8062 6151/8063 6053/7917
f 6149/8061 6052/7915 6054/7919
f 6146/8058 6150/8062 6053/7917
f 6146/8058 6053/7917 6147/8059
f 6164/8077 6054/7919 6171/8084
f 6153/8065 6174/8088 6152/8064
f 6149/8061 6054/7919 6164/8077
f 6171/8084 35/47 6170/8083
f 6164/8077 6171/8084 6170/8083
f 6170/8083 35/47 6177/8092
f 6177/8092 35/47 6199/8127
f 6177/8091 6199/8126 490/622
f 490/622 279/310 6179/8095
f 279/310 281/312 6179/8095
f 68/88 384/436 283/314
f 4261/5558 4265/5562 384/437
f 560/760 558/756 377/424
f 258/287 377/424 260/289
f 258/287 260/289 259/288
f 259/288 262/291 457/563
f 457/563 262/291 476/598
f 5966/7803 476/599 34/45
f 34/44 476/598 470/588
f 5975/7815 5974/7813 4663/6090
f 5974/7814 5970/7807 5971/7808
f 5967/7804 5966/7803 5976/7817
f 5978/7819 5974/7814 5971/7808
f 5976/7817 5966/7803 34/45
f 6007/7857 5974/7814 5978/7819
f 5974/7813 6007/7856 4662/6089
f 4663/6090 5974/7813 4662/6089
f 5978/7819 5971/7808 5969/7806
f 5969/7806 5971/7808 5963/7800
f 5969/7806 5963/7800 5967/7804
f 4660/6087 6007/7857 5978/7819
f 5977/7818 5967/7804 5976/7817
f 4661/6088 6007/7856 4660/6086
f 4662/6089 6007/7856 4661/6088
f 4660/6087 5978/7819 5981/7822
f 5977/7818 5969/7806 5967/7804
f 5981/7822 5978/7819 5969/7806
f 4661/6088 4660/6086 4659/6085
f 4659/6085 4657/6082 4902/6380
f 4902/6380 4657/6082 4656/6081
f 4902/6380 4656/6081 4900/6378
f 5226/6751 5225/6750 4894/6372
f 4894/6372 5225/6750 4893/6371
f 5273/6821 5225/6750 5308/6882
f 5308/6882 6201/8130 5273/6821
f 5273/6821 6201/8130 5309/6884
f 6201/8131 6174/8088 6153/8065
f 6153/8065 6152/8064 6150/8062
f 6187/8107 6201/8131 6153/8065
f 6201/8130 6187/8106 5309/6884
f 6154/8066 6150/8062 6146/8058
f 6145/8057 6146/8058 6147/8059
f 6148/8060 6149/8061 6164/8077
f 5309/6884 6187/8106 5310/6885
f 6187/8107 6153/8065 6163/8076
f 6163/8076 6153/8065 6154/8066
f 6153/8065 6150/8062 6154/8066
f 6154/8066 6146/8058 6145/8057
f 6145/8057 6147/8059 6148/8060
f 6147/8059 6149/8061 6148/8060
f 6148/8060 6164/8077 6170/8083
f 5310/6886 6187/8107 6163/8076
f 584/809 6177/8091 490/622
f 5310/6886 6163/8076 6202/8133
f 6170/8083 6177/8092 6172/8086
f 6172/8086 6177/8092 584/810
f 584/810 490/623 6179/8096
f 6179/8095 281/312 468/585
f 468/585 281/312 282/313
f 282/313 281/312 280/311
f 282/313 280/311 283/314
f 384/437 4265/5562 4266/5563
f 561/762 560/760 377/424
f 5973/7811 259/288 457/563
f 5965/7802 457/564 476/599
f 5968/7805 5958/7794 5956/7792
f 5962/7799 5965/7802 476/599
f 5975/7816 5968/7805 5970/7807
f 5399/7066 5968/7805 5975/7816
f 5399/7065 5975/7815 4904/6382
f 5966/7803 5962/7799 476/599
f 5970/7807 5968/7805 5956/7792
f 4904/6382 5975/7815 4663/6090
f 5970/7807 5956/7792 5971/7808
f 5956/7792 5955/7791 5971/7808
f 5963/7800 5961/7798 5967/7804
f 5967/7804 5962/7799 5966/7803
f 5971/7808 5955/7791 5963/7800
f 5961/7798 5962/7799 5967/7804
f 4662/6089 4659/6085 4906/6384
f 4906/6384 4659/6085 4902/6380
f 4900/6378 4927/6409 4896/6374
f 4896/6374 4927/6409 4894/6372
f 5225/6750 5273/6821 4893/6371
f 4893/6371 5273/6821 5219/6744
f 5273/6821 5309/6884 5219/6744
f 5220/6745 5309/6884 5310/6885
f 6154/8066 6145/8057 6157/8070
f 6163/8076 6154/8066 6157/8070
f 5220/6745 5310/6885 6202/8132
f 6161/8074 6148/8060 6170/8083
f 6202/8133 6163/8076 6167/8080
f 5220/6745 6202/8132 5368/7002
f 6157/8070 6145/8057 6158/8071
f 6145/8057 6148/8060 6158/8071
f 6158/8071 6148/8060 6161/8074
f 6161/8074 6170/8083 6172/8086
f 6202/8133 6167/8080 5368/7003
f 6167/8080 6163/8076 6162/8075
f 6162/8075 6163/8076 6157/8070
f 6179/8096 6172/8086 584/810
f 581/805 6172/8086 6179/8096
f 581/804 6179/8095 468/585
f 468/585 282/313 478/601
f 283/314 384/436 285/316
f 384/437 4266/5563 4267/5565
f 2018/2689 377/424 255/284
f 255/284 377/424 258/287
f 255/284 258/287 257/286
f 257/286 258/287 259/288
f 5945/7773 259/288 5973/7811
f 5964/7801 5973/7812 457/564
f 5965/7802 5964/7801 457/564
f 5412/7093 5959/7795 4932/6414
f 5958/7794 5959/7796 5957/7793
f 5958/7794 5957/7793 5956/7792
f 5961/7798 5938/7763 5962/7799
f 5938/7763 5964/7801 5962/7799
f 5962/7799 5964/7801 5965/7802
f 5399/7066 5959/7796 5958/7794
f 4932/6414 5959/7795 5399/7065
f 4932/6414 5399/7065 4904/6382
f 5956/7792 5936/7761 5955/7791
f 5936/7761 5935/7760 5955/7791
f 5963/7800 5935/7760 5953/7788
f 5955/7791 5935/7760 5963/7800
f 4663/6090 4662/6089 4904/6382
f 4904/6382 4662/6089 4906/6384
f 5220/6745 5368/7002 4901/6379
f 6158/8071 6161/8074 6160/8073
f 6162/8075 6157/8070 6159/8072
f 6159/8072 6157/8070 6158/8071
f 6159/8072 6158/8071 6160/8073
f 6160/8073 6161/8074 6172/8086
f 6192/8115 5368/7003 6167/8080
f 6192/8115 6167/8080 6176/8090
f 5368/7003 6192/8115 4935/6419
f 4901/6379 5368/7002 4935/6418
f 6167/8080 6162/8075 6176/8090
f 6159/8072 6160/8073 6166/8079
f 6172/8086 581/805 6178/8094
f 6178/8093 581/804 582/806
f 582/806 581/804 468/585
f 582/806 468/585 478/601
f 478/601 282/313 479/602
f 282/313 283/314 285/316
f 4267/5564 564/768 384/436
f 1905/2544 1900/2538 1899/2537
f 1899/2537 1902/2540 1906/2545
f 253/282 2018/2689 255/284
f 255/284 257/286 256/285
f 5945/7773 257/286 259/288
f 5944/7771 257/286 5945/7773
f 5938/7763 5943/7770 5960/7797
f 5960/7797 5945/7774 5973/7812
f 5938/7763 5960/7797 5964/7801
f 5964/7801 5960/7797 5973/7812
f 5412/7094 5403/7073 5916/7735
f 5412/7094 5916/7735 5959/7796
f 4940/6424 5403/7072 5412/7093
f 5959/7796 5916/7735 5957/7793
f 5953/7788 5937/7762 5961/7798
f 5961/7798 5937/7762 5938/7763
f 4940/6424 5412/7093 4932/6414
f 4932/6414 4904/6382 4903/6381
f 4903/6381 4904/6382 4905/6383
f 4905/6383 4904/6382 4906/6384
f 4906/6384 4902/6380 4905/6383
f 4900/6378 4896/6374 4898/6376
f 4895/6373 4896/6374 4894/6372
f 4894/6372 4893/6371 4890/6368
f 4889/6367 4893/6371 5219/6744
f 5219/6744 5220/6745 4889/6367
f 4889/6367 5220/6745 4901/6379
f 6176/8090 6162/8075 6175/8089
f 6175/8089 6162/8075 6166/8079
f 6162/8075 6159/8072 6166/8079
f 6168/8081 6166/8079 6160/8073
f 5400/7068 6192/8115 6176/8090
f 5400/7068 6176/8090 6175/8089
f 4935/6419 6192/8115 5400/7068
f 6175/8089 6166/8079 6181/8098
f 6168/8081 6160/8073 6169/8082
f 6169/8082 6160/8073 6173/8087
f 6173/8087 6160/8073 6172/8086
f 6173/8087 6172/8086 6178/8094
f 6178/8093 582/806 478/601
f 6178/8093 478/601 479/602
f 479/602 282/313 477/600
f 284/315 282/313 285/316
f 282/313 284/315 421/500
f 477/600 282/313 421/500
f 384/436 289/320 285/316
f 564/768 4300/5604 289/320
f 1921/2562 1913/2553 2018/2690
f 256/285 257/286 5972/7809
f 5972/7809 257/286 5944/7771
f 5943/7770 5944/7772 5945/7774
f 5960/7797 5943/7770 5945/7774
f 5403/7073 5417/7104 5926/7747
f 5403/7073 5926/7747 5916/7735
f 4964/6453 5417/7103 5403/7072
f 5916/7735 5926/7747 5923/7743
f 4964/6453 5403/7072 5223/6748
f 5936/7761 5916/7735 5913/7732
f 5223/6748 5403/7072 4940/6424
f 5957/7793 5916/7735 5936/7761
f 5936/7761 5913/7732 5935/7760
f 5935/7760 5937/7762 5953/7788
f 4940/6424 4932/6414 4903/6381
f 4898/6376 4905/6383 4902/6380
f 4902/6380 4900/6378 4898/6376
f 4895/6373 4894/6372 4890/6368
f 4890/6368 4893/6371 4889/6367
f 4887/6365 4889/6367 4901/6379
f 4887/6365 4901/6379 4886/6364
f 4886/6364 4901/6379 4935/6418
f 4886/6364 4935/6418 4920/6400
f 4935/6418 5400/7067 4920/6400
f 5400/7068 6175/8089 6182/8099
f 6182/8099 6175/8089 6181/8098
f 6181/8098 6166/8079 6180/8097
f 6180/8097 6166/8079 6168/8081
f 5400/7068 6182/8099 4919/6399
f 4920/6400 5400/7067 4919/6398
f 6184/8101 6168/8081 6169/8082
f 6182/8099 6181/8098 6183/8100
f 583/808 6173/8087 6178/8094
f 583/807 6178/8093 479/602
f 583/807 479/602 477/600
f 284/315 285/316 286/317
f 286/317 285/316 287/318
f 285/316 289/320 287/318
f 4300/5604 4298/5600 289/320
f 1974/2628 1908/2548 1910/2550
f 2017/2688 1921/2562 2018/2690
f 2017/2687 2018/2689 253/282
f 253/282 255/284 254/283
f 255/284 256/285 254/283
f 254/283 256/285 5941/7766
f 5941/7766 256/285 5972/7809
f 5939/7764 5972/7810 5944/7772
f 5930/7752 5939/7764 5943/7770
f 5939/7764 5944/7772 5943/7770
f 5925/7746 5924/7744 5926/7747
f 5926/7747 5924/7744 5923/7743
f 5417/7104 5925/7746 5926/7747
f 4963/6452 5925/7745 5417/7103
f 4963/6452 5417/7103 4964/6453
f 5928/7750 5930/7752 5938/7763
f 5923/7743 5915/7734 5916/7735
f 5916/7735 5915/7734 5913/7732
f 5913/7732 5911/7730 5935/7760
f 5911/7730 5928/7750 5937/7762
f 5935/7760 5911/7730 5937/7762
f 5937/7762 5928/7750 5938/7763
f 4911/6390 4964/6453 5223/6748
f 5223/6748 4940/6424 4911/6390
f 4898/6376 4896/6374 4897/6375
f 4897/6375 4896/6374 4895/6373
f 4895/6373 4890/6368 4921/6401
f 4886/6364 4920/6400 4883/6361
f 4883/6361 4920/6400 4919/6398
f 6180/8097 6168/8081 6185/8103
f 5398/7064 4919/6399 6182/8099
f 4918/6397 4919/6398 5398/7063
f 6183/8100 6181/8098 6180/8097
f 6185/8103 6168/8081 6184/8101
f 6184/8101 6169/8082 6186/8105
f 6186/8105 6169/8082 6173/8087
f 5398/7064 6182/8099 6188/8108
f 6182/8099 6183/8100 6188/8108
f 6186/8105 6173/8087 583/808
f 6186/8105 583/808 578/798
f 578/797 583/807 477/600
f 578/797 477/600 421/500
f 421/500 284/315 420/499
f 459/567 254/283 5941/7766
f 5921/7741 5941/7767 5972/7810
f 5939/7764 5921/7741 5972/7810
f 5930/7752 5921/7741 5939/7764
f 5925/7746 5418/7106 5924/7744
f 5418/7105 5925/7745 4963/6452
f 5379/7024 5418/7105 4963/6452
f 5924/7744 5418/7106 5922/7742
f 5924/7744 5922/7742 5923/7743
f 5923/7743 5922/7742 5915/7734
f 4911/6390 4940/6424 4903/6381
f 4908/6386 4905/6383 4898/6376
f 4915/6394 4921/6401 4890/6368
f 4888/6366 4890/6368 4889/6367
f 4883/6361 4919/6398 4918/6397
f 4883/6361 4918/6397 4917/6396
f 4917/6396 4918/6397 5398/7063
f 6198/8125 5398/7064 6188/8108
f 4917/6396 5398/7063 6198/8124
f 6190/8111 6184/8101 6186/8105
f 6198/8125 6188/8108 6193/8116
f 6188/8108 6183/8100 6193/8116
f 6191/8114 6186/8105 578/798
f 6191/8114 578/798 579/801
f 579/799 578/797 421/500
f 579/799 421/500 420/499
f 420/499 284/315 419/498
f 419/498 284/315 286/317
f 286/317 287/318 288/319
f 4298/5600 4299/5602 297/329
f 289/320 4298/5600 297/329
f 1911/2551 1906/2545 1914/2554
f 1915/2555 1911/2551 1914/2554
f 1929/2570 534/708 250/279
f 534/708 2017/2687 250/279
f 250/279 2017/2687 253/282
f 251/280 253/282 252/281
f 253/282 254/283 252/281
f 5954/7789 254/283 459/567
f 5906/7723 459/568 5941/7767
f 5921/7741 5906/7723 5941/7767
f 5997/7842 5948/7779 5940/7765
f 5929/7751 5881/7694 5930/7752
f 5930/7752 5881/7694 5921/7741
f 5881/7694 5906/7723 5921/7741
f 5379/7025 5997/7842 5940/7765
f 5910/7729 5929/7751 5928/7750
f 5379/7025 5940/7765 5922/7742
f 5997/7841 5379/7024 4962/6451
f 5922/7742 5940/7765 5917/7736
f 5928/7750 5929/7751 5930/7752
f 5915/7734 5922/7742 5917/7736
f 5915/7734 5917/7736 5914/7733
f 5915/7734 5914/7733 5913/7732
f 5911/7730 5910/7729 5928/7750
f 4962/6451 5379/7024 4963/6452
f 4963/6452 4964/6453 4911/6390
f 4907/6385 4903/6381 4905/6383
f 4908/6386 4898/6376 4899/6377
f 4899/6377 4898/6376 4897/6375
f 4921/6401 4897/6375 4895/6373
f 4889/6367 4887/6365 4888/6366
f 4888/6366 4887/6365 4885/6363
f 4917/6396 6198/8124 4916/6395
f 6189/8109 6183/8100 6180/8097
f 3482/4522 6185/8104 6184/8102
f 6197/8123 6198/8125 6193/8116
f 4916/6395 6198/8124 6197/8122
f 6193/8116 6183/8100 6189/8109
f 6180/8097 6185/8103 6189/8109
f 6189/8110 6185/8104 3482/4522
f 3482/4522 6184/8102 6190/8112
f 6197/8123 6193/8116 6195/8119
f 6190/8111 6186/8105 6191/8114
f 3475/4510 579/799 420/499
f 3475/4510 420/499 419/498
f 419/498 286/317 3481/4520
f 287/318 289/320 288/319
f 288/319 289/320 290/321
f 1919/2560 1909/2549 1916/2556
f 251/280 250/279 253/282
f 252/281 254/283 434/522
f 434/522 254/283 5954/7789
f 5884/7698 5954/7790 459/568
f 5906/7723 5884/7698 459/568
f 5270/6817 5895/7710 5948/7779
f 5895/7709 5270/6816 5269/6815
f 5948/7779 5895/7710 5933/7757
f 5910/7729 5881/7694 5929/7751
f 5269/6815 5270/6816 5997/7841
f 5269/6815 5997/7841 4962/6451
f 5940/7765 5933/7757 5917/7736
f 5914/7733 5912/7731 5913/7732
f 5911/7730 5912/7731 5910/7729
f 5913/7732 5912/7731 5911/7730
f 4962/6451 4963/6452 4911/6390
f 4910/6389 4911/6390 4903/6381
f 4907/6385 4905/6383 4908/6386
f 2707/3553 4921/6401 4915/6394
f 4915/6394 4890/6368 4888/6366
f 4887/6365 4886/6364 4885/6363
f 4916/6395 6197/8122 6203/8134
f 6195/8119 6193/8116 6194/8118
f 6194/8118 6193/8116 6189/8109
f 3472/4506 3482/4522 6190/8112
f 6196/8120 6197/8123 6195/8119
f 6197/8123 6196/8120 6203/8135
f 6196/8120 6195/8119 6194/8118
f 3472/4507 6190/8111 6191/8114
f 6203/8135 6196/8120 6204/8136
f 6191/8113 579/800 3475/4511
f 3475/4510 419/498 3481/4520
f 3481/4520 286/317 3480/4518
f 286/317 288/319 3480/4518
f 1916/2556 1915/2555 1917/2557
f 533/706 1929/2570 250/279
f 5883/7696 252/281 434/522
f 5884/7698 434/523 5954/7790
f 5896/7711 5895/7709 5269/6815
f 5895/7710 5896/7712 5893/7707
f 5895/7710 5893/7707 5894/7708
f 5910/7729 5879/7692 5881/7694
f 5894/7708 5891/7705 5917/7736
f 5917/7736 5891/7705 5914/7733
f 5181/6692 5269/6815 4962/6451
f 4907/6385 4908/6386 4909/6387
f 5271/6818 4899/6377 4897/6375
f 5271/6818 4897/6375 2707/3553
f 4897/6375 4921/6401 2707/3553
f 2707/3553 4915/6394 5281/6837
f 4886/6364 4883/6361 4885/6363
f 4883/6361 4917/6396 4882/6360
f 4884/6362 4916/6395 6203/8134
f 6196/8121 6194/8117 3465/4498
f 3465/4498 6194/8117 6189/8110
f 3465/4498 6189/8110 3464/4497
f 3464/4497 6189/8110 3470/4504
f 3470/4504 6189/8110 3482/4522
f 3470/4504 3482/4522 3472/4506
f 6203/8135 6204/8136 5315/6895
f 6204/8137 6196/8121 3465/4498
f 3472/4506 6191/8113 3473/4508
f 3473/4508 6191/8113 3475/4511
f 3473/4508 3475/4511 3474/4509
f 3474/4509 3475/4511 3481/4521
f 3474/4509 3481/4521 3480/4519
f 3480/4518 288/319 291/322
f 288/319 290/321 291/322
f 297/329 4303/5609 296/328
f 1918/2558 533/707 1930/2572
f 1930/2572 533/707 1986/2643
f 1986/2642 533/706 250/279
f 5946/7775 252/281 5947/7777
f 252/281 5883/7696 5947/7777
f 5884/7698 5883/7697 434/523
f 5881/7694 5883/7697 5884/7698
f 5949/7780 5896/7711 5181/6692
f 5896/7712 5897/7713 5893/7707
f 5896/7711 5269/6815 5181/6692
f 5894/7708 5893/7707 5891/7705
f 5889/7703 5879/7692 5910/7729
f 5914/7733 5891/7705 5912/7731
f 5891/7705 5889/7703 5912/7731
f 5912/7731 5889/7703 5910/7729
f 5181/6692 4962/6451 4913/6392
f 4913/6392 4962/6451 4911/6390
f 4910/6389 4903/6381 4907/6385
f 5246/6780 4908/6386 4899/6377
f 5246/6780 4899/6377 5271/6818
f 5281/6837 4915/6394 5247/6781
f 4915/6394 4888/6366 4930/6412
f 4917/6396 4916/6395 4882/6360
f 4882/6360 4916/6395 4884/6362
f 4884/6362 6203/8134 5315/6894
f 4884/6362 5315/6894 4891/6369
f 5315/6896 6204/8137 3467/4500
f 6204/8137 3465/4498 3467/4500
f 3462/4495 3464/4497 3470/4504
f 3471/4505 3472/4506 3473/4508
f 3473/4508 3474/4509 3461/4494
f 3460/4493 3473/4508 3461/4494
f 3461/4494 3474/4509 3480/4519
f 3480/4518 291/322 3479/4516
f 297/329 296/328 290/321
f 296/328 4303/5609 4301/5606
f 2015/2684 1920/2561 1924/2565
f 1922/2563 1916/2556 1917/2557
f 250/279 251/280 249/278
f 247/276 250/279 249/278
f 249/278 251/280 252/281
f 5946/7775 249/278 252/281
f 5950/7782 5951/7784 5180/6691
f 5881/7694 5880/7693 5883/7697
f 5949/7781 5951/7785 5897/7713
f 5951/7784 5949/7780 5180/6691
f 5897/7713 5951/7785 5902/7718
f 5879/7692 5880/7693 5881/7694
f 5180/6691 5949/7780 5181/6692
f 5897/7713 5902/7718 5893/7707
f 5893/7707 5902/7718 5892/7706
f 5893/7707 5892/7706 5891/7705
f 5891/7705 5892/7706 5890/7704
f 5891/7705 5890/7704 5889/7703
f 4956/6444 4907/6385 4909/6387
f 4909/6387 4908/6386 5245/6779
f 4908/6386 5246/6780 5245/6779
f 5272/6819 5246/6780 5271/6818
f 5271/6818 2707/3553 2706/3551
f 2707/3553 5281/6837 2705/3549
f 5247/6781 4915/6394 4930/6412
f 3469/4503 5315/6896 3467/4500
f 4891/6369 5315/6894 3469/4502
f 4891/6369 3469/4502 4892/6370
f 3467/4500 3465/4498 3466/4499
f 3465/4498 3464/4497 3463/4496
f 3466/4499 3465/4498 3463/4496
f 3463/4496 3464/4497 3462/4495
f 3469/4503 3467/4500 3468/4501
f 3468/4501 3467/4500 3466/4499
f 3462/4495 3470/4504 3471/4505
f 3470/4504 3472/4506 3471/4505
f 3471/4505 3473/4508 3460/4493
f 3461/4494 3480/4519 3479/4517
f 3479/4516 291/322 424/505
f 1987/2644 1986/2642 269/298
f 269/298 1986/2642 250/279
f 269/298 250/279 247/276
f 427/509 249/278 5946/7775
f 5882/7695 5946/7776 5947/7778
f 5927/7748 5905/7721 5180/6691
f 5880/7693 5882/7695 5883/7697
f 5905/7721 5950/7782 5180/6691
f 5950/7783 5905/7722 5902/7718
f 5902/7718 5905/7722 5901/7717
f 5890/7704 5888/7702 5889/7703
f 5889/7703 5888/7702 5879/7692
f 5180/6691 5181/6692 4959/6448
f 4959/6448 5181/6692 4913/6392
f 4913/6392 4911/6390 4912/6391
f 4912/6391 4911/6390 4910/6389
f 4955/6443 4907/6385 4956/6444
f 4909/6387 5245/6779 2689/3520
f 2689/3520 5245/6779 5246/6780
f 2689/3520 5246/6780 2686/3516
f 5246/6780 5272/6819 2686/3516
f 5272/6819 5271/6818 2706/3551
f 2706/3552 2707/3554 2688/3519
f 2707/3554 2705/3550 2690/3522
f 2688/3519 2707/3554 2690/3522
f 5282/6838 2705/3549 5281/6837
f 5282/6838 5281/6837 5247/6781
f 4930/6412 4888/6366 4931/6413
f 4931/6413 4888/6366 4952/6438
f 4885/6363 4883/6361 4881/6359
f 4881/6359 4883/6361 4882/6360
f 4882/6360 4884/6362 4880/6358
f 3469/4503 3468/4501 4705/6155
f 3469/4502 4705/6154 4701/6148
f 4892/6370 3469/4502 4701/6148
f 3468/4501 3466/4499 4705/6155
f 3460/4493 3461/4494 575/792
f 575/792 3461/4494 3479/4517
f 575/791 3479/4516 424/505
f 424/505 291/322 426/508
f 426/508 291/322 293/324
f 290/321 296/328 292/323
f 291/322 290/321 292/323
f 1924/2565 1922/2563 1925/2566
f 1925/2566 1922/2563 1923/2564
f 1926/2567 1918/2558 486/616
f 248/277 247/276 249/278
f 248/277 249/278 5907/7724
f 5907/7724 249/278 427/509
f 5908/7726 427/510 5946/7776
f 5880/7693 5878/7691 5882/7695
f 5878/7691 5908/7726 5882/7695
f 5882/7695 5908/7726 5946/7776
f 5927/7749 5903/7719 5905/7722
f 5905/7722 5903/7719 5901/7717
f 5877/7690 5878/7691 5880/7693
f 5154/6658 5927/7748 5180/6691
f 5901/7717 5887/7701 5892/7706
f 5879/7692 5877/7690 5880/7693
f 5902/7718 5901/7717 5892/7706
f 5892/7706 5887/7701 5890/7704
f 5888/7702 5877/7690 5879/7692
f 5155/6660 5180/6691 4959/6448
f 4910/6389 4907/6385 4914/6393
f 4914/6393 4907/6385 6062/7937
f 6062/7937 4907/6385 4955/6443
f 6062/7937 4955/6443 6064/7941
f 4955/6443 4956/6444 5356/6978
f 5356/6978 4956/6444 4909/6387
f 5356/6978 4909/6387 2678/3500
f 2678/3501 4909/6388 2587/3394
f 4909/6388 2689/3521 2587/3394
f 2596/3408 2658/3479 2655/3475
f 2664/3485 2663/3484 2662/3483
f 2664/3485 2662/3483 2673/3495
f 3649/4732 3648/4731 2680/3504
f 3648/4730 5282/6838 5247/6781
f 4952/6438 4888/6366 3625/4683
f 3625/4683 4888/6366 3652/4739
f 3652/4739 4888/6366 4885/6363
f 4884/6362 4891/6369 4880/6358
f 4891/6369 4892/6370 4877/6355
f 4892/6370 4701/6148 4703/6151
f 4702/6149 4701/6148 4705/6154
f 4701/6148 4702/6149 4703/6151
f 4705/6155 3466/4499 4702/6150
f 4702/6150 3466/4499 3463/4496
f 3463/4496 3462/4495 3457/4490
f 3462/4495 3471/4505 3456/4489
f 3456/4489 3471/4505 3460/4493
f 4703/6151 4702/6149 4704/6152
f 3452/4484 3460/4493 575/792
f 575/791 424/505 426/508
f 293/324 291/322 292/323
f 292/323 296/328 295/326
f 269/298 486/615 1987/2644
f 5908/7726 5907/7725 427/510
f 5877/7690 5868/7677 5878/7691
f 5154/6659 5339/6945 5903/7719
f 5153/6657 5339/6944 5154/6658
f 5901/7717 5903/7719 5899/7715
f 5885/7699 5876/7689 5877/7690
f 5901/7717 5899/7715 5887/7701
f 5887/7701 5885/7699 5888/7702
f 5890/7704 5887/7701 5888/7702
f 5885/7699 5877/7690 5888/7702
f 5154/6658 5180/6691 5155/6660
f 6057/7927 4910/6389 4914/6393
f 6064/7940 4955/6442 6066/7944
f 6066/7944 4955/6442 2590/3398
f 2590/3398 4955/6442 5356/6979
f 2590/3399 5356/6980 2584/3391
f 2580/3387 763/1094 735/1045
f 763/1093 2701/3541 735/1044
f 735/1044 2701/3541 719/1024
f 719/1024 2701/3541 722/1028
f 2701/3541 2704/3547 722/1028
f 722/1028 2704/3547 2702/3543
f 722/1028 2702/3543 724/1030
f 724/1030 2702/3543 3634/4700
f 5247/6781 4930/6412 5396/7059
f 3619/4675 5247/6782 5396/7060
f 5396/7059 4930/6412 4931/6413
f 5396/7059 4931/6413 4952/6438
f 4945/6431 4885/6363 4881/6359
f 4881/6359 4882/6360 4880/6358
f 4880/6358 4891/6369 4877/6355
f 4877/6355 4892/6370 4703/6151
f 4702/6150 3463/4496 3457/4490
f 4704/6153 4702/6150 3459/4492
f 3457/4490 3462/4495 3456/4489
f 3457/4490 3456/4489 3455/4488
f 3456/4489 3460/4493 3452/4484
f 3456/4489 3452/4484 3455/4488
f 3452/4484 575/792 574/790
f 574/789 575/791 426/508
f 574/789 426/508 3453/4485
f 3453/4485 426/508 293/324
f 3453/4485 293/324 294/325
f 295/327 4310/5620 4311/5621
f 1926/2567 486/616 1996/2655
f 486/615 269/298 245/274
f 1996/2654 486/615 245/274
f 245/274 269/298 247/276
f 247/276 248/277 246/275
f 248/277 5907/7724 433/520
f 5878/7691 5907/7725 5908/7726
f 5942/7769 5919/7738 5904/7720
f 5904/7720 5919/7738 5900/7716
f 5339/6945 5942/7769 5904/7720
f 5942/7768 5339/6944 5153/6657
f 5904/7720 5900/7716 5899/7715
f 5876/7689 5868/7677 5877/7690
f 5899/7715 5900/7716 5898/7714
f 5899/7715 5898/7714 5887/7701
f 5887/7701 5886/7700 5885/7699
f 4912/6391 4910/6389 6058/7929
f 6058/7929 4910/6389 6057/7927
f 4954/6441 4914/6393 6062/7937
f 6063/7938 6062/7936 6064/7940
f 6063/7938 6064/7940 6065/7942
f 6064/7940 6066/7944 6065/7942
f 2559/3365 2565/3371 2564/3370
f 2578/3385 2588/3396 718/1023
f 2588/3395 735/1044 718/1022
f 718/1022 735/1044 719/1024
f 719/1024 722/1028 721/1027
f 721/1027 722/1028 723/1029
f 722/1028 724/1030 723/1029
f 724/1030 3634/4700 726/1032
f 3616/4670 5396/7059 4952/6438
f 3616/4670 4952/6438 3625/4683
f 3657/4750 3652/4739 4885/6363
f 3657/4750 4885/6363 3643/4719
f 3643/4719 4885/6363 4945/6431
f 4876/6354 4880/6358 4877/6355
f 4703/6151 4704/6152 4928/6410
f 3477/4514 4704/6153 3459/4492
f 4928/6410 4704/6152 3477/4513
f 3459/4492 4702/6150 3458/4491
f 4702/6150 3457/4490 3458/4491
f 3458/4491 3457/4490 3454/4487
f 3457/4490 3455/4488 3454/4487
f 3477/4514 3459/4492 3478/4515
f 3452/4484 574/790 3453/4486
f 3452/4484 3453/4486 3442/4471
f 3453/4485 294/325 487/617
f 294/325 293/324 292/323
f 294/325 292/323 295/326
f 294/325 295/326 298/330
f 295/327 4311/5621 552/745
f 245/274 247/276 246/275
f 246/275 248/277 433/520
f 6000/7847 246/275 433/520
f 5907/7725 5870/7679 433/521
f 5868/7677 5870/7679 5878/7691
f 5878/7691 5870/7679 5907/7725
f 5942/7769 5932/7756 5919/7738
f 5163/6669 5932/7755 5942/7768
f 5919/7738 5918/7737 5900/7716
f 5942/7768 5153/6657 5163/6669
f 5900/7716 5918/7737 5898/7714
f 5898/7714 5886/7700 5887/7701
f 5885/7699 5886/7700 5876/7689
f 5153/6657 5154/6658 5149/6653
f 5149/6653 5154/6658 5155/6660
f 4959/6448 4913/6392 4924/6404
f 6057/7927 4914/6393 4954/6441
f 2679/3502 4954/6440 6062/7936
f 2679/3502 6062/7936 2592/3401
f 6062/7936 6063/7938 2592/3401
f 2592/3402 6063/7939 2569/3375
f 2681/3506 718/1022 715/1019
f 715/1019 718/1022 717/1021
f 717/1021 718/1022 719/1024
f 717/1021 719/1024 6129/8035
f 6129/8035 719/1024 721/1027
f 6129/8035 721/1027 6142/8053
f 6142/8053 721/1027 766/1099
f 766/1099 721/1027 769/1105
f 721/1027 723/1029 769/1105
f 724/1030 726/1032 725/1031
f 723/1029 724/1030 725/1031
f 725/1031 726/1032 727/1034
f 727/1034 726/1032 3627/4687
f 3624/4682 3652/4738 3629/4691
f 4945/6431 4881/6359 4934/6417
f 4881/6359 4880/6358 4876/6354
f 4873/6351 4877/6355 4703/6151
f 4703/6151 4928/6410 4873/6351
f 4928/6410 3477/4513 4874/6352
f 3478/4515 3459/4492 3476/4512
f 3459/4492 3458/4491 3476/4512
f 3454/4487 3455/4488 3449/4479
f 3477/4514 3478/4515 3451/4483
f 3477/4513 3451/4482 4874/6352
f 3451/4483 3478/4515 3476/4512
f 3449/4479 3455/4488 3452/4484
f 4874/6352 3451/4482 4716/6171
f 3449/4479 3452/4484 3441/4470
f 3441/4470 3452/4484 3442/4471
f 3442/4471 3453/4486 487/618
f 487/617 294/325 3437/4465
f 1960/2610 1927/2568 1961/2611
f 1961/2611 1927/2568 1925/2566
f 543/726 1996/2654 244/273
f 244/273 1996/2654 245/274
f 5862/7671 6000/7848 433/521
f 5870/7679 5862/7671 433/521
f 5932/7756 5931/7754 5866/7675
f 5931/7753 5932/7755 5163/6669
f 5866/7675 5863/7672 5918/7737
f 5886/7700 5865/7674 5867/7676
f 5876/7689 5867/7676 5868/7677
f 5918/7737 5863/7672 5898/7714
f 5898/7714 5863/7672 5864/7673
f 5898/7714 5864/7673 5886/7700
f 5864/7673 5865/7674 5886/7700
f 5886/7700 5867/7676 5876/7689
f 5147/6651 5163/6669 5153/6657
f 5149/6653 5155/6660 5156/6661
f 5156/6661 5155/6660 4959/6448
f 4913/6392 4912/6391 4924/6404
f 4926/6408 4912/6391 6058/7929
f 6057/7926 4954/6440 2682/3508
f 2682/3508 4954/6440 2594/3404
f 4954/6440 2679/3502 2594/3404
f 2594/3405 2679/3503 2568/3374
f 720/1025 2681/3506 715/1019
f 765/1097 717/1021 6129/8035
f 6130/8037 6132/8040 6127/8033
f 6127/8033 6132/8040 6128/8034
f 6131/8039 6130/8037 6126/8032
f 6126/8032 6130/8037 6124/8029
f 6124/8029 6130/8037 6127/8033
f 6127/8033 6128/8034 787/1145
f 6123/8028 6126/8032 6124/8029
f 6124/8029 6127/8033 6125/8030
f 6125/8030 6127/8033 787/1145
f 1075/1508 6126/8031 6123/8027
f 6124/8029 6125/8030 6121/8025
f 1075/1508 6123/8027 1090/1531
f 6121/8025 6125/8030 787/1145
f 1063/1496 1075/1508 1090/1531
f 6123/8028 6124/8029 6122/8026
f 6121/8025 787/1145 6120/8024
f 6120/8024 787/1145 766/1100
f 766/1099 787/1144 6142/8053
f 1090/1532 6123/8028 6122/8026
f 6122/8026 6124/8029 6121/8025
f 1057/1490 1090/1532 6122/8026
f 6118/8022 6122/8026 6119/8023
f 6122/8026 6121/8025 6119/8023
f 1063/1496 1090/1531 1057/1489
f 6118/8022 1057/1490 6122/8026
f 6119/8023 6121/8025 6120/8024
f 1063/1496 1057/1489 1056/1488
f 6119/8023 6120/8024 6117/8020
f 1043/1471 1057/1490 6118/8022
f 6119/8023 6117/8020 6115/8018
f 1043/1471 6118/8022 6116/8019
f 6116/8019 6118/8022 6115/8018
f 6115/8018 6118/8022 6119/8023
f 769/1105 723/1029 768/1103
f 768/1103 723/1029 725/1031
f 727/1034 3627/4687 730/1038
f 3596/4649 3629/4691 3657/4749
f 3657/4749 3643/4720 3596/4649
f 4873/6351 4928/6410 4874/6352
f 4873/6351 4874/6352 4872/6350
f 3458/4491 3454/4487 3448/4478
f 4874/6352 4716/6171 4872/6350
f 3446/4476 3476/4512 3445/4475
f 3476/4512 3458/4491 3445/4475
f 3445/4475 3458/4491 3448/4478
f 3448/4478 3454/4487 3449/4479
f 4716/6172 3451/4483 3447/4477
f 3451/4483 3476/4512 3446/4476
f 3447/4477 3451/4483 3446/4476
f 3442/4471 487/618 3437/4466
f 3437/4465 294/325 299/331
f 299/331 294/325 298/330
f 298/330 295/326 300/332
f 1961/2611 1925/2566 1958/2608
f 1965/2615 543/726 244/273
f 246/275 6000/7847 5859/7666
f 5853/7658 5334/6934 5164/6670
f 5857/7664 5859/7667 5862/7671
f 5862/7671 5859/7667 6000/7848
f 5931/7754 5334/6935 5866/7675
f 5334/6934 5931/7753 5164/6670
f 5866/7675 5334/6935 5852/7657
f 5866/7675 5852/7657 5863/7672
f 5863/7672 5852/7657 5860/7668
f 5868/7677 5867/7676 5855/7662
f 5855/7662 5857/7664 5868/7677
f 5868/7677 5857/7664 5870/7679
f 5870/7679 5857/7664 5862/7671
f 5863/7672 5860/7668 5864/7673
f 5164/6670 5931/7753 5163/6669
f 5164/6670 5163/6669 5147/6651
f 5147/6651 5153/6657 5149/6653
f 5156/6661 4959/6448 4924/6404
f 4924/6404 4912/6391 4925/6405
f 4925/6405 4912/6391 4926/6408
f 6058/7928 6057/7926 2641/3457
f 2641/3457 6057/7926 2682/3508
f 2641/3457 2682/3508 2576/3382
f 2583/3390 2566/3372 2574/3380
f 2576/3383 2682/3509 2572/3378
f 2595/3406 720/1025 712/1014
f 712/1014 720/1025 715/1019
f 715/1019 717/1021 716/1020
f 716/1020 717/1021 764/1095
f 764/1095 717/1021 765/1097
f 6133/8041 6135/8044 6138/8048
f 6131/8039 6135/8044 6133/8041
f 6133/8041 6138/8048 6134/8042
f 6138/8048 6137/8047 6134/8042
f 6134/8042 6137/8047 6132/8040
f 6132/8040 6137/8047 6136/8046
f 6132/8040 6136/8046 6129/8036
f 6136/8045 765/1097 6129/8035
f 6131/8039 6133/8041 6130/8037
f 6130/8037 6133/8041 6132/8040
f 6132/8040 6133/8041 6134/8042
f 6128/8034 6132/8040 6129/8036
f 787/1145 6128/8034 6129/8036
f 787/1145 6129/8036 6142/8054
f 6120/8024 766/1100 6117/8020
f 6117/8021 766/1099 769/1105
f 1042/1469 1057/1489 1043/1470
f 6117/8020 769/1106 768/1104
f 1042/1469 1043/1470 6113/8015
f 6113/8016 1043/1471 6116/8019
f 6114/8017 6115/8018 6117/8020
f 6114/8017 6117/8020 768/1104
f 1041/1468 1042/1469 6113/8015
f 6111/8013 6116/8019 6115/8018
f 6111/8013 6115/8018 6112/8014
f 6112/8014 6115/8018 6114/8017
f 6113/8016 6116/8019 6111/8013
f 1044/1472 1042/1469 1041/1468
f 768/1103 725/1031 728/1035
f 725/1031 727/1034 728/1035
f 728/1035 727/1034 729/1037
f 727/1034 730/1038 729/1037
f 729/1037 730/1038 731/1040
f 730/1038 3637/4707 731/1040
f 3637/4707 748/1065 731/1040
f 5377/7020 3643/4719 4945/6431
f 4945/6431 4934/6417 5261/6803
f 4876/6354 4877/6355 4873/6351
f 4872/6350 4716/6171 4718/6175
f 4717/6174 4716/6172 3447/4477
f 4716/6171 4717/6173 4718/6175
f 3446/4476 3445/4475 3438/4467
f 3440/4469 3448/4478 3449/4479
f 4718/6175 4717/6173 4719/6176
f 3447/4477 3446/4476 3438/4467
f 4717/6174 3447/4477 3438/4467
f 3440/4469 3449/4479 3441/4470
f 3435/4462 3441/4470 3442/4471
f 3432/4458 3441/4470 3435/4462
f 3435/4462 3442/4471 3437/4466
f 3435/4462 3437/4466 505/653
f 505/652 3437/4465 299/331
f 552/744 825/1189 302/334
f 300/332 552/744 302/334
f 1958/2608 1959/2609 1963/2613
f 241/270 244/273 243/272
f 244/273 245/274 243/272
f 243/272 245/274 246/275
f 243/272 246/275 5934/7758
f 5875/7687 5853/7658 5267/6812
f 5334/6935 5853/7659 5852/7657
f 5855/7662 5835/7636 5857/7664
f 5857/7664 5835/7636 5851/7656
f 5857/7664 5851/7656 5859/7667
f 5853/7658 5164/6670 5267/6812
f 5856/7663 5855/7662 5865/7674
f 5865/7674 5855/7662 5867/7676
f 5864/7673 5856/7663 5865/7674
f 4926/6407 6058/7928 2643/3460
f 2643/3460 6058/7928 2641/3457
f 714/1017 2595/3406 712/1014
f 6355/8356 712/1014 715/1019
f 6355/8356 715/1019 716/1020
f 1071/1504 1082/1517 6141/8051
f 6141/8052 6140/8050 6135/8044
f 6135/8044 6140/8050 6138/8048
f 6138/8048 6140/8050 6139/8049
f 1069/1502 1071/1504 6141/8051
f 6137/8047 6139/8049 6136/8046
f 6139/8049 764/1096 765/1098
f 6136/8046 6139/8049 765/1098
f 6137/8047 6138/8048 6139/8049
f 1041/1468 6113/8015 6108/8009
f 6108/8010 6113/8016 6111/8013
f 6110/8012 6114/8017 768/1104
f 1044/1472 1041/1468 6108/8009
f 6108/8010 6111/8013 6109/8011
f 6109/8011 6111/8013 6112/8014
f 6109/8011 6112/8014 6110/8012
f 6112/8014 6114/8017 6110/8012
f 6110/8012 768/1104 728/1036
f 731/1040 748/1065 733/1042
f 733/1042 748/1065 749/1067
f 5426/7121 4945/6431 3628/4689
f 4934/6417 4881/6359 4933/6415
f 4933/6415 4881/6359 4876/6354
f 4873/6351 4872/6350 4871/6349
f 3439/4468 3438/4467 3445/4475
f 3445/4475 3448/4478 3439/4468
f 4719/6177 4717/6174 3438/4467
f 4718/6175 4719/6176 4685/6122
f 4685/6123 4719/6177 3438/4467
f 3439/4468 3448/4478 3440/4469
f 3432/4458 3440/4469 3441/4470
f 505/652 299/331 3443/4472
f 299/331 298/330 300/332
f 1961/2611 1958/2608 1964/2614
f 547/734 1965/2615 244/273
f 5859/7667 5851/7656 5934/7759
f 5875/7688 5848/7652 5853/7659
f 5314/6892 5875/7687 5267/6812
f 5853/7659 5848/7652 5852/7657
f 5852/7657 5848/7652 5845/7649
f 5855/7662 5856/7663 5834/7635
f 5834/7635 5835/7636 5855/7662
f 5852/7657 5845/7649 5860/7668
f 5845/7649 5856/7663 5860/7668
f 5157/6662 5149/6653 5156/6661
f 6061/7934 4924/6404 4925/6405
f 4925/6406 4926/6407 6059/7930
f 6059/7930 4926/6407 2643/3460
f 2657/3477 714/1017 712/1014
f 6355/8356 716/1020 6372/8390
f 6372/8390 716/1020 782/1134
f 716/1020 764/1095 782/1134
f 6141/8052 6143/8055 6140/8050
f 6143/8055 6144/8056 6140/8050
f 6144/8056 782/1135 6139/8049
f 1082/1518 6143/8055 6141/8052
f 6140/8050 6144/8056 6139/8049
f 6139/8049 782/1135 764/1096
f 6108/8010 6109/8011 6103/8000
f 6104/8002 6110/8012 728/1036
f 6109/8011 6110/8012 6104/8002
f 1046/1475 6108/8010 6103/8000
f 1045/1473 6108/8009 1046/1474
f 6103/8000 6109/8011 6104/8002
f 1045/1473 1046/1474 1047/1476
f 728/1035 729/1037 762/1092
f 762/1092 729/1037 732/1041
f 729/1037 731/1040 732/1041
f 732/1041 731/1040 733/1042
f 733/1042 749/1067 747/1063
f 3628/4689 4945/6431 5261/6803
f 3628/4689 5261/6803 5262/6804
f 4876/6354 4873/6351 4875/6353
f 4871/6349 4872/6350 4869/6347
f 4872/6350 4718/6175 4869/6347
f 4870/6348 4718/6175 4685/6122
f 3429/4453 4685/6123 3438/4467
f 3425/4448 3438/4467 3439/4468
f 3439/4468 3440/4469 3427/4450
f 3427/4450 3440/4469 3432/4458
f 4685/6122 3429/4452 4686/6124
f 3429/4453 3438/4467 3425/4448
f 3432/4458 3435/4462 3433/4459
f 3433/4459 3435/4462 505/653
f 3433/4459 505/653 3443/4473
f 3443/4472 299/331 503/648
f 299/331 300/332 301/333
f 301/333 300/332 302/334
f 302/335 825/1190 824/1188
f 240/269 547/734 244/273
f 240/269 244/273 241/270
f 241/270 243/272 242/271
f 242/271 243/272 444/540
f 444/540 243/272 5934/7758
f 5835/7636 5849/7653 5851/7656
f 5849/7653 444/541 5851/7656
f 5851/7656 444/541 5934/7759
f 5856/7663 5845/7649 5834/7635
f 5314/6892 5267/6812 5146/6650
f 5162/6668 5156/6661 4924/6404
f 5162/6668 4924/6404 6061/7934
f 6061/7935 4925/6406 6060/7932
f 6060/7932 4925/6406 6059/7930
f 713/1015 2657/3477 710/1012
f 710/1012 2657/3477 712/1014
f 712/1014 6355/8356 711/1013
f 1073/1506 1077/1510 1083/1519
f 1082/1518 1083/1520 6310/8289
f 6310/8289 6336/8326 6144/8056
f 1082/1518 6310/8289 6143/8055
f 6143/8055 6310/8289 6144/8056
f 782/1135 6144/8056 6336/8326
f 782/1135 6336/8326 6372/8391
f 6104/8001 728/1035 762/1092
f 1046/1475 6103/8000 6097/7990
f 6103/8000 6104/8002 6097/7990
f 1047/1476 1046/1474 6098/7991
f 6098/7992 1046/1475 6097/7990
f 6097/7990 6104/8002 6096/7989
f 1047/1476 6098/7991 1048/1477
f 762/1092 732/1041 781/1132
f 733/1042 747/1063 734/1043
f 734/1043 747/1063 750/1069
f 5262/6804 5261/6803 3640/4713
f 3640/4713 5261/6803 4933/6415
f 4933/6415 5261/6803 4934/6417
f 4869/6347 4718/6175 4870/6348
f 4685/6122 4686/6124 4687/6126
f 4870/6348 4685/6122 4687/6126
f 4687/6126 4686/6124 3430/4454
f 3429/4453 3425/4448 4686/6125
f 3425/4448 3439/4468 3427/4450
f 301/333 503/648 299/331
f 301/333 302/334 303/336
f 303/336 302/334 369/410
f 1968/2620 547/735 1971/2624
f 240/269 1971/2623 547/734
f 242/271 444/540 5920/7739
f 5849/7653 5858/7665 444/541
f 5366/6998 5388/7042 5143/6647
f 5845/7649 5844/7648 5834/7635
f 5314/6893 5388/7043 5848/7652
f 5143/6647 5388/7042 5314/6892
f 5143/6647 5314/6892 5146/6650
f 5848/7652 5847/7651 5845/7649
f 5845/7649 5847/7651 5844/7648
f 5267/6812 5164/6670 5146/6650
f 5146/6650 5164/6670 5147/6651
f 5149/6653 5157/6662 5150/6654
f 5157/6662 5156/6661 5162/6668
f 5275/6824 5162/6668 6061/7934
f 2615/3427 6061/7935 6067/7945
f 6061/7935 6060/7932 6067/7945
f 2604/3416 2602/3414 2603/3415
f 2602/3414 2601/3413 2603/3415
f 2603/3415 2601/3413 2607/3419
f 2603/3415 2607/3419 2608/3420
f 2608/3420 2607/3419 2609/3421
f 2685/3514 713/1015 710/1012
f 711/1013 710/1012 712/1014
f 6354/8354 711/1013 6355/8356
f 6308/8284 6352/8351 6336/8327
f 1083/1519 1077/1510 6309/8285
f 1083/1520 6309/8287 6310/8289
f 6309/8286 6307/8283 6310/8288
f 6307/8283 6308/8284 6310/8288
f 6310/8288 6308/8284 6336/8327
f 6352/8352 6371/8388 6372/8392
f 6372/8392 6371/8388 6355/8357
f 6336/8326 6352/8350 6372/8391
f 6096/7989 6104/8002 781/1133
f 781/1132 6104/8001 762/1092
f 6098/7992 6097/7990 6094/7986
f 1048/1478 6098/7992 6094/7986
f 6094/7986 6097/7990 6092/7984
f 6097/7990 6096/7989 6092/7984
f 6092/7984 6096/7989 6093/7985
f 1047/1476 1048/1477 6095/7987
f 781/1132 732/1041 6107/8007
f 732/1041 733/1042 734/1043
f 734/1043 750/1069 751/1071
f 3656/4748 4876/6354 5234/6762
f 4606/6015 4876/6354 4875/6353
f 4875/6353 4873/6351 4871/6349
f 3430/4455 4686/6125 3428/4451
f 4687/6126 3430/4454 3431/4456
f 3431/4457 3430/4455 3428/4451
f 3428/4451 4686/6125 3425/4448
f 3428/4451 3425/4448 3426/4449
f 3425/4448 3427/4450 3315/4306
f 3427/4450 3432/4458 3304/4293
f 3433/4459 3443/4473 3444/4474
f 3444/4474 3443/4473 503/649
f 3444/4474 503/649 504/651
f 504/650 503/648 301/333
f 824/1188 817/1179 369/411
f 1966/2617 1964/2614 1969/2621
f 540/720 1971/2623 240/269
f 445/542 242/271 5920/7739
f 5832/7633 5838/7639 5849/7653
f 5849/7653 5838/7639 5858/7665
f 5366/6999 5869/7678 5388/7043
f 5388/7043 5869/7678 5846/7650
f 5388/7043 5846/7650 5847/7651
f 5847/7651 5846/7650 5844/7648
f 5834/7635 5831/7632 5835/7636
f 5835/7636 5832/7633 5849/7653
f 5142/6646 5146/6650 5147/6651
f 5147/6651 5149/6653 5148/6652
f 2703/3545 5157/6662 5162/6668
f 2625/3438 5275/6825 6061/7935
f 2625/3438 6061/7935 2615/3427
f 770/1107 2685/3514 708/1010
f 708/1010 2685/3514 710/1012
f 709/1011 710/1012 711/1013
f 1077/1510 1078/1511 1079/1512
f 1077/1510 1079/1512 1091/1533
f 6371/8389 6354/8355 6355/8358
f 1077/1510 1091/1533 6309/8285
f 6309/8286 1091/1534 6307/8283
f 6093/7985 781/1133 6107/8008
f 6095/7988 1048/1478 6094/7986
f 6094/7986 6092/7984 6089/7981
f 6107/8007 732/1041 736/1046
f 736/1046 732/1041 734/1043
f 736/1046 734/1043 737/1048
f 734/1043 751/1071 752/1073
f 3590/4640 3656/4747 3589/4639
f 3656/4748 4933/6415 4876/6354
f 5424/7117 3656/4748 5234/6762
f 5234/6762 4876/6354 4606/6015
f 3426/4449 3425/4448 3313/4304
f 3428/4451 3426/4449 3314/4305
f 3314/4305 3426/4449 3313/4304
f 3313/4304 3425/4448 3315/4306
f 3315/4306 3427/4450 3304/4293
f 3304/4293 3432/4458 3305/4294
f 3305/4294 3432/4458 3433/4459
f 3305/4294 3433/4459 3317/4309
f 3317/4309 3433/4459 3444/4474
f 304/337 301/333 303/336
f 369/411 817/1179 816/1178
f 239/268 540/720 240/269
f 5838/7639 445/543 5920/7740
f 5357/6981 5839/7640 5144/6648
f 5858/7665 5838/7639 5920/7740
f 5366/6999 5839/7641 5869/7678
f 5839/7640 5366/6998 5144/6648
f 5869/7678 5839/7641 5846/7650
f 5833/7634 5813/7605 5834/7635
f 5831/7632 5832/7633 5835/7636
f 5144/6648 5366/6998 5143/6647
f 5143/6647 5146/6650 5142/6646
f 5148/6652 5149/6653 5150/6654
f 2703/3545 5162/6668 5276/6827
f 5276/6827 5162/6668 5275/6824
f 2699/3537 2626/3440 708/1010
f 709/1011 708/1010 710/1012
f 709/1011 711/1013 6298/8270
f 6298/8270 711/1013 6354/8354
f 1078/1511 1080/1514 1079/1512
f 6352/8351 6311/8290 6371/8389
f 6371/8389 6311/8290 6298/8271
f 6371/8389 6298/8271 6354/8355
f 6308/8284 6311/8290 6352/8351
f 6095/7988 6094/7986 6089/7981
f 6089/7981 6092/7984 6091/7983
f 6091/7983 6092/7984 6093/7985
f 6099/7993 6093/7985 6107/8008
f 1050/1481 6095/7988 6089/7981
f 6091/7983 6093/7985 6099/7993
f 6099/7993 6107/8008 736/1047
f 734/1043 752/1073 738/1049
f 737/1048 734/1043 738/1049
f 4875/6353 4871/6349 4878/6356
f 4868/6346 4871/6349 4869/6347
f 4870/6348 4687/6126 4709/6161
f 4688/6127 4687/6126 3431/4456
f 4709/6161 4687/6126 4688/6127
f 4688/6128 3431/4457 3428/4451
f 4688/6128 3428/4451 3319/4313
f 3319/4313 3428/4451 3314/4305
f 3317/4309 3444/4474 504/651
f 3317/4308 504/650 301/333
f 3317/4308 301/333 3450/4480
f 3450/4480 301/333 304/337
f 304/337 303/336 305/338
f 303/336 369/410 306/339
f 305/338 303/336 306/339
f 1969/2621 1970/2622 1972/2625
f 1972/2625 1970/2622 1968/2620
f 1131/1590 1966/2617 1130/1588
f 1129/1586 1131/1589 1130/1587
f 517/675 540/720 239/268
f 239/268 240/269 238/267
f 238/267 240/269 241/270
f 238/267 241/270 242/271
f 242/271 445/542 446/544
f 5838/7639 446/545 445/543
f 5357/6982 5837/7638 5839/7641
f 5839/7641 5837/7638 5836/7637
f 5839/7641 5836/7637 5846/7650
f 5846/7650 5836/7637 5844/7648
f 5844/7648 5836/7637 5833/7634
f 5144/6648 5143/6647 5141/6645
f 5142/6646 5147/6651 5148/6652
f 5150/6654 5157/6662 5205/6725
f 5205/6725 5157/6662 2703/3545
f 2623/3436 5276/6828 5275/6826
f 2623/3436 5275/6826 2622/3435
f 2618/3431 2613/3425 2617/3430
f 2617/3430 2626/3441 2699/3538
f 707/1009 2699/3537 708/1010
f 707/1009 708/1010 709/1011
f 776/1121 709/1011 6298/8270
f 1081/1516 6306/8282 1079/1513
f 6088/7980 1050/1481 6089/7981
f 1051/1483 1050/1481 6088/7980
f 6088/7980 6089/7981 6090/7982
f 6089/7981 6091/7983 6090/7982
f 1049/1479 1051/1482 1052/1484
f 736/1046 737/1048 6105/8003
f 4606/6015 4875/6353 4603/6011
f 4878/6356 4871/6349 4868/6346
f 4869/6347 4870/6348 4709/6161
f 4709/6161 4688/6127 3319/4312
f 4709/6161 3319/4312 3434/4460
f 4709/6161 3434/4460 4707/6158
f 3434/4461 3319/4313 3316/4307
f 3319/4313 3314/4305 3316/4307
f 3313/4304 3315/4306 3246/4219
f 3246/4219 3315/4306 3304/4293
f 3252/4227 3305/4294 3317/4309
f 3252/4227 3317/4309 3450/4481
f 3423/4444 3450/4480 304/337
f 369/410 816/1177 818/1180
f 1130/1588 1966/2617 1973/2626
f 1966/2617 1969/2621 1973/2626
f 5850/7654 238/267 242/271
f 5850/7654 242/271 467/583
f 242/271 446/544 467/583
f 5838/7639 5809/7600 446/545
f 5357/6982 5358/6984 5837/7638
f 5358/6983 5357/6981 5183/6694
f 5813/7605 5812/7604 5831/7632
f 5831/7632 5812/7604 5832/7633
f 5812/7604 5809/7600 5832/7633
f 5832/7633 5809/7600 5838/7639
f 5357/6981 5144/6648 5183/6694
f 5183/6694 5144/6648 5141/6645
f 2703/3546 5276/6828 2623/3436
f 2621/3434 2618/3431 2619/3432
f 2683/3510 2699/3537 707/1009
f 6297/8269 776/1122 6298/8271
f 6311/8290 6297/8269 6298/8271
f 6100/7994 6091/7983 6099/7993
f 6099/7993 736/1047 6105/8004
f 6087/7979 1051/1483 6088/7980
f 6090/7982 6091/7983 6100/7994
f 6100/7994 6099/7993 6105/8004
f 1052/1484 6087/7978 1053/1485
f 6105/8003 737/1048 6106/8005
f 737/1048 738/1049 739/1051
f 739/1051 738/1049 3639/4711
f 739/1051 3639/4711 3638/4709
f 4869/6347 4709/6161 4867/6345
f 4879/6357 4709/6161 4707/6158
f 4708/6160 3434/4461 3316/4307
f 4707/6158 3434/4460 4708/6159
f 3316/4307 3314/4305 3245/4218
f 3245/4218 3314/4305 3313/4304
f 3304/4293 3305/4294 3242/4215
f 3252/4227 3450/4481 3423/4445
f 3252/4227 3423/4445 3422/4443
f 3422/4442 3423/4444 304/337
f 306/339 369/410 308/341
f 1972/2625 1968/2620 1975/2629
f 5837/7638 4676/6109 5810/7601
f 5809/7600 467/584 446/545
f 5358/6984 4676/6109 5837/7638
f 4676/6108 5358/6983 5183/6694
f 5184/6695 4676/6108 5183/6694
f 5837/7638 5810/7601 5836/7637
f 5836/7637 5810/7601 5833/7634
f 5833/7634 5810/7601 5814/7606
f 5812/7604 5805/7595 5809/7600
f 5143/6647 5142/6646 5141/6645
f 5205/6726 2703/3546 2645/3463
f 2645/3463 2703/3546 2642/3459
f 706/1007 2683/3510 707/1009
f 707/1009 709/1011 6295/8266
f 6295/8266 709/1011 776/1121
f 6302/8276 6300/8273 1081/1516
f 6311/8290 6300/8273 6296/8268
f 1081/1516 6300/8273 6306/8282
f 6306/8282 6300/8273 6311/8290
f 6311/8290 6296/8268 6297/8269
f 1053/1485 6087/7978 1881/2513
f 1881/2515 6087/7979 6088/7980
f 6100/7994 6105/8004 6106/8006
f 1052/1484 1053/1485 1066/1499
f 6106/8005 737/1048 6102/7997
f 6102/7997 737/1048 739/1051
f 3592/4643 4606/6015 4591/5997
f 4591/5997 4606/6015 4603/6011
f 4591/5997 4603/6011 4590/5996
f 4600/6008 4603/6011 4875/6353
f 4875/6353 4878/6356 4600/6008
f 4868/6346 4869/6347 4867/6345
f 4867/6345 4709/6161 4879/6357
f 4706/6156 4707/6158 4708/6159
f 4706/6157 4708/6160 3316/4307
f 4706/6157 3316/4307 3247/4220
f 3247/4220 3316/4307 3245/4218
f 3245/4218 3313/4304 3246/4219
f 3246/4219 3304/4293 3241/4214
f 3241/4214 3304/4293 3242/4215
f 3242/4215 3305/4294 3252/4227
f 3242/4215 3252/4227 3244/4217
f 305/338 3422/4442 304/337
f 1978/2632 1972/2625 1975/2629
f 237/266 239/268 238/267
f 5998/7843 238/267 5850/7654
f 4675/6107 4676/6108 5185/6696
f 5809/7600 5850/7655 467/584
f 5185/6696 4676/6108 5184/6695
f 5184/6695 5183/6694 5141/6645
f 5142/6646 5148/6652 5152/6656
f 5148/6652 5150/6654 5199/6713
f 704/1004 706/1007 6293/8263
f 6293/8263 706/1007 707/1009
f 6293/8263 707/1009 6295/8266
f 6302/8276 6301/8274 6300/8273
f 6296/8268 6295/8267 6297/8269
f 6297/8269 6295/8267 776/1122
f 1881/2515 6088/7980 1874/2502
f 6088/7980 6090/7982 1874/2502
f 1874/2502 6090/7982 6101/7996
f 6090/7982 6100/7994 6101/7996
f 3638/4709 3642/4717 740/1052
f 739/1051 3638/4709 740/1052
f 4943/6428 4600/6008 4878/6356
f 4953/6439 4879/6357 4707/6158
f 4953/6439 4707/6158 4706/6156
f 4953/6439 4706/6156 3436/4463
f 3436/4464 4706/6157 3247/4220
f 3244/4217 3252/4227 3422/4443
f 3244/4217 3422/4443 508/659
f 508/658 3422/4442 305/338
f 508/658 305/338 307/340
f 308/341 818/1180 565/770
f 1981/2635 517/675 237/266
f 237/266 517/675 239/268
f 5840/7642 5998/7844 5850/7655
f 4675/6107 4674/6106 5811/7602
f 5805/7595 5812/7604 5802/7592
f 5814/7606 5810/7601 5803/7593
f 5185/6696 5184/6695 5141/6645
f 5199/6713 5150/6654 2652/3470
f 2652/3470 5150/6654 2638/3453
f 2638/3453 5150/6654 5205/6725
f 1084/1521 6313/8293 6304/8278
f 6304/8279 6303/8277 6302/8276
f 6303/8277 6301/8274 6302/8276
f 6296/8268 6299/8272 6294/8265
f 6300/8273 6299/8272 6296/8268
f 6296/8268 6294/8265 6295/8267
f 6100/7994 6106/8006 6102/7999
f 1053/1485 1881/2513 1875/2503
f 6101/7996 6100/7994 6102/7999
f 1066/1499 1053/1485 1875/2503
f 1875/2504 1881/2514 1874/2501
f 6101/7995 6102/7998 1871/2497
f 6102/7997 739/1051 1873/2499
f 1873/2499 739/1051 741/1054
f 739/1051 740/1052 741/1054
f 4566/5963 4600/6008 4943/6428
f 3436/4464 3247/4220 3248/4221
f 3247/4220 3245/4218 3243/4216
f 3243/4216 3245/4218 3230/4200
f 3230/4200 3245/4218 3240/4213
f 3245/4218 3246/4219 3240/4213
f 3240/4213 3246/4219 3241/4214
f 3242/4215 3244/4217 3235/4208
f 3235/4208 3244/4217 508/659
f 305/338 306/339 307/340
f 4673/6104 4672/6103 4674/6106
f 4675/6107 4673/6104 4674/6106
f 4673/6104 4675/6107 5211/6733
f 4674/6105 4671/6100 5810/7601
f 4671/6100 5803/7593 5810/7601
f 5809/7600 5798/7587 5840/7642
f 5803/7593 5801/7591 5814/7606
f 5814/7606 5801/7591 5813/7605
f 5801/7591 5802/7592 5813/7605
f 5813/7605 5802/7592 5812/7604
f 5211/6733 4675/6107 5185/6696
f 5151/6655 5142/6646 5152/6656
f 5152/6656 5148/6652 5199/6713
f 705/1005 2700/3539 704/1004
f 704/1004 2700/3539 706/1007
f 6304/8279 6313/8294 6303/8277
f 6305/8280 6337/8328 6299/8272
f 6303/8277 6305/8280 6301/8274
f 6301/8274 6305/8280 6299/8272
f 6299/8272 6337/8328 6294/8265
f 6294/8265 6293/8264 6295/8267
f 1872/2498 1875/2504 1874/2501
f 1872/2498 1874/2501 6101/7995
f 1872/2498 6101/7995 1871/2497
f 4943/6428 4878/6356 4936/6420
f 4878/6356 4868/6346 4936/6420
f 4868/6346 4867/6345 4866/6344
f 4867/6345 4879/6357 4864/6342
f 4864/6342 4879/6357 4960/6449
f 4960/6449 4953/6439 3436/4463
f 5299/6867 3436/4464 3248/4221
f 3248/4221 3247/4220 3243/4216
f 3228/4198 3240/4213 3241/4214
f 3228/4198 3241/4214 3225/4194
f 3225/4194 3241/4214 3226/4195
f 3226/4195 3241/4214 3242/4215
f 3226/4195 3242/4215 3235/4208
f 3235/4207 508/658 307/340
f 307/340 306/339 308/341
f 308/341 565/770 566/772
f 5842/7644 238/267 5998/7843
f 5998/7844 5840/7642 5841/7643
f 4670/6099 4673/6104 5212/6734
f 4673/6104 5211/6733 5212/6734
f 5140/6644 5141/6645 5142/6646
f 2692/3526 5152/6656 5199/6713
f 703/1002 705/1005 704/1004
f 6291/8259 704/1004 6293/8263
f 6303/8277 6341/8334 6305/8280
f 6305/8281 6341/8335 6370/8387
f 6337/8328 6286/8253 6290/8258
f 6337/8328 6290/8258 6294/8265
f 6294/8265 6290/8258 6293/8264
f 1871/2497 6102/7998 1873/2500
f 1085/1523 1875/2504 1872/2498
f 1872/2498 1871/2497 1869/2494
f 741/1054 740/1052 742/1055
f 742/1055 740/1052 743/1056
f 4567/5964 4566/5963 4943/6428
f 3436/4463 5299/6866 5298/6865
f 4960/6449 3436/4463 5298/6865
f 5299/6867 3248/4221 3249/4223
f 3249/4223 3248/4221 3243/4216
f 3229/4199 3243/4216 3230/4200
f 3228/4198 3230/4200 3240/4213
f 3226/4195 3235/4208 3227/4197
f 3235/4207 307/340 3227/4196
f 3227/4196 307/340 309/342
f 307/340 308/341 309/342
f 1979/2633 1981/2636 548/737
f 236/265 237/266 238/267
f 236/265 238/267 5842/7644
f 5841/7643 5842/7645 5998/7844
f 5805/7595 5788/7575 5798/7587
f 5190/6701 4670/6099 5212/6734
f 5212/6734 5211/6733 5139/6643
f 5139/6643 5211/6733 5185/6696
f 5139/6643 5185/6696 5141/6645
f 5152/6656 2692/3526 5296/6860
f 2692/3527 2646/3464 2644/3462
f 2633/3448 2639/3455 2650/3468
f 2650/3468 2639/3455 2651/3469
f 2651/3469 2639/3455 2691/3525
f 2691/3525 2639/3455 702/1001
f 703/1002 704/1004 701/999
f 701/999 704/1004 6291/8259
f 1677/2230 6341/8334 6303/8277
f 6290/8258 6291/8260 6293/8264
f 1869/2494 1871/2497 1868/2493
f 1868/2493 1871/2497 1870/2496
f 1871/2497 1873/2500 1870/2496
f 1086/1525 1085/1523 1872/2498
f 1086/1525 1872/2498 1869/2494
f 1870/2495 1873/2499 741/1054
f 1076/1509 1086/1524 1087/1526
f 742/1055 743/1056 3594/4646
f 3594/4647 3550/4596 3520/4562
f 3594/4647 3520/4562 3531/4577
f 4567/5964 4943/6428 4569/5967
f 4569/5967 4943/6428 4936/6420
f 4866/6344 4867/6345 4864/6342
f 5298/6865 5299/6866 4710/6162
f 4710/6162 5299/6866 3249/4222
f 3227/4196 309/342 523/687
f 309/342 308/341 310/343
f 310/343 308/341 360/397
f 1980/2634 1978/2632 1979/2633
f 548/736 1981/2635 512/665
f 512/665 1981/2635 237/266
f 4668/6096 4670/6099 5190/6701
f 5801/7591 5790/7577 5789/7576
f 5296/6861 2692/3527 2653/3472
f 2636/3451 2637/3452 2647/3465
f 2648/3466 2636/3451 2647/3465
f 702/1000 703/1002 701/999
f 2691/3523 702/1000 701/999
f 701/999 6291/8259 6283/8249
f 6369/8385 6285/8252 6341/8334
f 6285/8252 6284/8251 6370/8386
f 6286/8253 6284/8251 6283/8250
f 6341/8334 6285/8252 6370/8386
f 6370/8386 6284/8251 6286/8253
f 6286/8253 6283/8250 6290/8258
f 6290/8258 6283/8250 6291/8260
f 1088/1528 1086/1525 1869/2494
f 1869/2494 1868/2493 1867/2492
f 1088/1527 1087/1526 1086/1524
f 742/1055 3594/4646 744/1058
f 744/1058 3594/4646 3626/4685
f 4569/5967 4936/6420 4570/5968
f 4936/6420 4868/6346 4602/6010
f 4868/6346 4866/6344 4602/6010
f 4710/6162 3249/4222 3250/4224
f 3250/4225 3249/4223 3229/4199
f 3229/4199 3230/4200 3212/4179
f 3212/4179 3230/4200 3228/4198
f 3205/4172 3226/4195 3224/4193
f 3224/4193 3226/4195 3227/4197
f 3224/4193 3227/4197 523/688
f 1982/2638 1127/1584 1977/2631
f 5843/7646 236/265 5842/7644
f 5801/7591 5789/7576 5802/7592
f 5802/7592 5789/7576 5787/7574
f 5190/6701 5212/6734 5139/6643
f 5139/6643 5141/6645 5140/6644
f 5145/6649 5142/6646 5151/6655
f 5295/6858 5152/6656 5296/6860
f 5296/6861 2653/3472 6464/8500
f 2654/3473 2691/3524 699/996
f 699/995 2691/3523 701/999
f 1865/2489 1868/2493 1870/2496
f 1867/2492 1868/2493 1865/2489
f 741/1054 742/1055 745/1059
f 1870/2495 741/1054 745/1059
f 3521/4563 4574/5974 3522/4564
f 744/1058 3626/4685 3636/4705
f 4570/5968 4936/6420 4602/6010
f 4866/6344 4864/6342 4865/6343
f 4960/6449 5298/6865 4710/6162
f 4711/6163 4710/6162 3250/4224
f 3250/4225 3229/4199 3223/4192
f 3223/4192 3229/4199 3212/4179
f 3212/4179 3228/4198 3203/4170
f 3228/4198 3225/4194 3202/4169
f 3205/4172 3225/4194 3226/4195
f 3224/4193 523/688 524/690
f 524/689 523/687 309/342
f 360/397 567/774 378/425
f 1126/1582 1127/1583 1982/2637
f 1983/2639 1977/2631 1980/2634
f 234/263 237/266 236/265
f 4668/6096 5791/7578 4669/6097
f 4664/6091 5791/7578 4668/6096
f 4664/6091 4668/6096 5191/6702
f 5191/6702 4668/6096 5190/6701
f 5140/6644 5142/6646 5145/6649
f 5151/6655 5152/6656 5295/6858
f 2698/3536 2649/3467 2648/3466
f 2654/3473 699/996 6519/8572
f 700/997 699/995 701/999
f 6369/8385 6360/8368 6285/8252
f 6284/8251 6285/8252 6280/8244
f 6284/8251 6280/8244 6283/8250
f 6283/8250 6280/8244 6281/8246
f 6283/8249 6281/8245 701/999
f 1088/1528 1869/2494 1089/1530
f 1089/1530 1869/2494 1864/2488
f 1869/2494 1867/2492 1864/2488
f 1864/2488 1867/2492 1865/2489
f 1865/2489 1870/2496 745/1060
f 745/1059 742/1055 744/1058
f 4601/6009 4602/6010 4866/6344
f 4601/6009 4866/6344 4599/6007
f 4599/6007 4866/6344 4865/6343
f 4864/6342 4960/6449 4710/6162
f 4710/6162 4711/6163 5265/6809
f 4711/6163 3250/4224 4712/6164
f 4712/6165 3250/4225 3223/4192
f 4712/6165 3223/4192 3214/4181
f 3203/4170 3228/4198 3202/4169
f 3202/4169 3225/4194 3205/4172
f 3205/4172 3224/4193 546/733
f 3224/4193 524/690 546/733
f 524/689 309/342 488/619
f 488/619 309/342 311/344
f 311/344 309/342 310/343
f 1980/2634 1979/2633 1985/2641
f 1985/2641 1979/2633 512/666
f 2016/2685 512/665 237/266
f 235/264 234/263 236/265
f 235/264 236/265 373/417
f 373/417 236/265 5843/7646
f 5788/7575 5775/7559 5798/7587
f 5798/7587 5775/7559 5843/7647
f 4664/6091 5191/6702 5138/6642
f 5191/6702 5190/6701 5137/6641
f 5190/6701 5139/6643 5137/6641
f 5139/6643 5140/6644 5137/6641
f 5145/6649 5151/6655 5295/6858
f 5295/6859 6464/8501 6436/8462
f 6436/8462 6464/8501 2697/3534
f 2697/3535 2698/3536 2648/3466
f 2697/3535 2648/3466 2695/3531
f 2695/3531 2648/3466 2647/3465
f 2647/3465 2650/3468 2693/3528
f 2693/3528 2650/3468 2654/3474
f 6518/8570 2654/3473 6519/8572
f 6519/8571 699/995 698/994
f 698/994 699/995 700/997
f 700/997 701/999 6281/8245
f 6360/8368 6359/8366 6285/8252
f 6285/8252 6359/8366 6280/8244
f 1087/1526 1863/2486 1568/2071
f 4572/5971 4602/6010 4575/5975
f 4864/6342 4710/6162 4861/6339
f 5265/6809 4711/6163 4712/6164
f 5265/6809 4712/6164 3420/4438
f 3420/4439 4712/6165 3214/4181
f 3214/4181 3223/4192 3211/4178
f 3211/4178 3223/4192 3212/4179
f 3202/4169 3205/4172 3199/4166
f 3199/4166 3205/4172 3204/4171
f 3204/4171 3205/4172 546/733
f 546/732 524/689 488/619
f 310/343 360/397 378/425
f 1132/1592 1982/2638 1988/2646
f 1988/2646 1982/2638 1983/2639
f 1980/2634 1985/2641 1984/2640
f 1985/2641 512/666 1992/2650
f 1992/2650 512/666 2016/2686
f 234/263 2016/2685 237/266
f 5775/7559 373/418 5843/7647
f 4666/6094 4664/6091 5138/6642
f 5790/7577 5774/7558 5766/7549
f 5790/7577 5766/7549 5789/7576
f 5138/6642 5191/6702 5137/6641
f 5140/6644 5145/6649 5158/6663
f 5145/6649 5295/6858 6437/8463
f 6437/8464 5295/6859 6436/8462
f 2694/3530 2647/3465 2693/3528
f 6533/8594 2693/3528 6517/8569
f 698/994 700/997 6282/8247
f 6360/8368 6361/8369 6359/8366
f 6280/8244 6279/8243 6281/8246
f 1864/2488 1865/2489 1860/2483
f 1860/2483 1865/2489 1862/2485
f 1862/2485 1865/2489 745/1060
f 1863/2487 1089/1530 1864/2488
f 1864/2488 1860/2483 1863/2487
f 745/1059 744/1058 746/1061
f 744/1058 3636/4705 746/1061
f 746/1061 3636/4705 3646/4726
f 4575/5975 4601/6009 4576/5976
f 4865/6343 4864/6342 4863/6341
f 4861/6339 4710/6162 5265/6809
f 3420/4439 3214/4181 3213/4180
f 3213/4180 3214/4181 3211/4178
f 3211/4178 3212/4179 3209/4176
f 3209/4176 3212/4179 3203/4170
f 3209/4176 3203/4170 3200/4167
f 546/732 488/619 311/344
f 546/732 311/344 3320/4314
f 310/343 378/425 312/345
f 1126/1582 1982/2637 1132/1591
f 1988/2646 1983/2639 1984/2640
f 5952/7786 235/264 373/417
f 4666/6094 4667/6095 4665/6092
f 6437/8464 6436/8462 6434/8460
f 6434/8460 6436/8462 2697/3534
f 2696/3533 2695/3531 2694/3530
f 1704/2283 6361/8369 6360/8368
f 1701/2276 1863/2486 1857/2479
f 1857/2480 1863/2487 1858/2481
f 1858/2481 1863/2487 1860/2483
f 1858/2481 1860/2483 1859/2482
f 1862/2485 745/1060 3752/4894
f 3752/4893 745/1059 746/1061
f 4863/6341 4864/6342 4861/6339
f 4861/6339 5265/6809 3420/4438
f 3200/4167 3203/4170 3202/4169
f 3204/4171 546/733 3220/4189
f 3220/4189 546/733 3320/4315
f 3320/4314 311/344 313/346
f 311/344 310/343 312/345
f 312/345 378/425 374/419
f 1991/2649 1988/2646 1989/2647
f 1989/2647 1988/2646 1984/2640
f 1989/2647 1984/2640 1985/2641
f 1989/2647 1985/2641 1993/2651
f 1995/2653 1992/2650 2016/2686
f 5827/7623 5952/7786 373/417
f 4667/6095 4666/6094 5182/6693
f 5182/6693 4666/6094 5138/6642
f 5158/6663 5145/6649 5353/6973
f 5353/6973 5145/6649 6465/8502
f 6465/8502 5145/6649 6437/8463
f 6465/8503 6437/8464 6434/8460
f 697/992 6519/8571 695/990
f 696/991 697/992 695/990
f 695/990 6519/8571 698/994
f 695/990 698/994 6282/8247
f 1704/2283 1597/2103 6361/8369
f 6361/8369 6287/8254 6359/8366
f 1859/2482 1860/2483 1862/2485
f 746/1061 3646/4726 3647/4728
f 4576/5976 4599/6007 4578/5979
f 4599/6007 4865/6343 4598/6006
f 4592/5999 4598/6006 4865/6343
f 4592/5999 4865/6343 4863/6341
f 4861/6339 3420/4438 4860/6337
f 4860/6338 3420/4439 3213/4180
f 3200/4167 3202/4169 3198/4165
f 3198/4165 3202/4169 3199/4166
f 3199/4166 3204/4171 3197/4164
f 3320/4314 313/346 463/575
f 313/346 311/344 312/345
f 374/419 830/1196 570/780
f 1132/1592 1988/2646 1990/2648
f 1990/2648 1988/2646 1991/2649
f 1995/2653 2016/2686 398/462
f 398/461 2016/2685 234/263
f 4678/6112 4667/6095 5182/6693
f 5182/6693 5138/6642 5130/6634
f 5130/6634 5138/6642 5137/6641
f 5131/6635 5137/6641 5140/6644
f 5131/6635 5140/6644 5159/6664
f 5159/6664 5140/6644 5158/6663
f 6556/8629 5353/6973 6465/8502
f 6434/8460 2696/3532 6433/8459
f 6433/8459 2696/3532 2694/3529
f 6433/8459 2694/3529 6475/8517
f 6475/8517 2694/3529 6533/8593
f 6533/8593 6517/8568 6514/8565
f 6517/8568 697/993 785/1141
f 785/1140 697/992 696/991
f 1854/2476 1858/2481 1859/2482
f 1859/2482 1862/2485 3752/4894
f 4593/6000 4598/6006 4592/5999
f 4863/6341 4861/6339 4859/6336
f 4859/6336 4861/6339 4860/6337
f 4860/6338 3213/4180 3210/4177
f 3213/4180 3211/4178 3210/4177
f 3210/4177 3211/4178 3209/4176
f 3201/4168 3209/4176 3200/4167
f 3204/4171 3220/4189 535/711
f 3220/4189 3320/4315 463/576
f 535/711 3220/4189 463/576
f 1135/1596 1132/1592 1990/2648
f 1994/2652 1985/2641 1995/2653
f 234/263 235/264 233/262
f 233/262 235/264 364/401
f 364/401 235/264 5952/7786
f 5158/6663 5353/6973 6439/8466
f 6439/8466 5353/6973 6556/8629
f 6435/8461 6434/8460 6430/8455
f 6431/8456 6433/8459 6475/8517
f 6533/8593 6514/8565 6509/8559
f 6514/8565 6517/8568 785/1141
f 785/1140 696/991 694/989
f 694/989 696/991 695/990
f 760/1088 695/990 6282/8247
f 1857/2480 1858/2481 1855/2477
f 1858/2481 1854/2476 1855/2477
f 1859/2482 3752/4894 3683/4789
f 1673/2223 1857/2480 1856/2478
f 3752/4892 746/1062 3683/4788
f 3683/4788 746/1062 3675/4777
f 746/1061 3647/4728 3675/4776
f 3675/4776 3647/4728 3530/4575
f 4581/5983 4598/6006 4593/6000
f 4859/6336 4860/6337 4858/6335
f 4860/6338 3210/4177 3219/4188
f 3201/4168 3200/4167 3195/4162
f 3195/4162 3200/4167 3198/4165
f 3219/4188 3210/4177 3208/4175
f 3210/4177 3209/4176 3208/4175
f 3208/4175 3209/4176 3201/4168
f 3198/4165 3199/4166 3197/4164
f 3197/4164 3204/4171 535/711
f 315/348 463/575 313/346
f 535/710 463/575 315/348
f 911/1297 570/781 831/1198
f 232/261 398/461 234/263
f 5765/7548 364/402 5952/7787
f 5130/6634 5137/6641 5131/6635
f 5131/6635 5159/6664 5178/6688
f 6430/8455 6433/8459 6431/8456
f 6475/8517 6533/8593 6509/8559
f 692/986 694/989 695/990
f 692/986 695/990 760/1088
f 6287/8254 6274/8237 6271/8232
f 6287/8254 6271/8232 6270/8231
f 6276/8239 760/1089 6282/8248
f 1853/2475 1859/2482 3683/4789
f 1856/2478 1857/2480 1852/2473
f 1852/2473 1857/2480 1855/2477
f 3675/4777 3530/4574 3676/4778
f 4580/5981 4581/5983 4582/5984
f 4923/6403 4592/5999 4863/6341
f 4863/6341 4859/6336 4862/6340
f 4858/6335 4860/6337 3219/4187
f 3196/4163 3198/4165 3197/4164
f 3197/4164 535/711 3222/4191
f 535/710 315/348 3382/4387
f 232/261 234/263 233/262
f 4680/6115 4678/6112 5130/6634
f 5130/6634 4678/6112 5182/6693
f 5178/6688 5159/6664 5215/6739
f 5159/6664 5158/6663 6432/8457
f 5215/6739 5159/6664 6432/8457
f 6512/8563 6442/8470 6509/8559
f 6432/8457 5158/6663 6439/8466
f 785/1140 694/989 693/987
f 693/987 694/989 692/986
f 1854/2476 1859/2482 1853/2475
f 1851/2472 1855/2477 1854/2476
f 1851/2472 1854/2476 1850/2471
f 3683/4788 3675/4777 3682/4787
f 4859/6336 4858/6335 4855/6332
f 5381/7028 4858/6335 3219/4187
f 5381/7029 3219/4188 3217/4185
f 3217/4185 3219/4188 3208/4175
f 3217/4185 3208/4175 3206/4173
f 3206/4173 3208/4175 3201/4168
f 3206/4173 3201/4168 3195/4162
f 3222/4191 535/711 3382/4388
f 312/345 374/419 314/347
f 313/346 312/345 314/347
f 314/347 374/419 911/1296
f 1993/2651 1994/2652 1997/2656
f 1994/2652 495/633 494/631
f 495/632 398/461 232/261
f 494/630 495/632 232/261
f 382/432 233/262 364/401
f 5909/7727 4680/6115 5130/6634
f 5128/6632 5130/6634 5131/6635
f 6455/8486 5215/6739 6432/8457
f 6455/8487 6432/8458 6424/8447
f 6430/8455 6431/8456 6429/8454
f 6512/8563 6509/8559 6513/8564
f 6513/8564 6509/8559 6514/8565
f 6273/8235 6272/8233 6271/8232
f 1673/2223 1856/2478 1699/2273
f 1699/2273 1856/2478 1852/2473
f 1852/2473 1855/2477 1851/2472
f 1850/2471 1854/2476 1853/2475
f 3675/4777 3676/4778 3654/4743
f 4585/5989 4582/5984 4592/5999
f 4923/6403 4863/6341 4922/6402
f 4922/6402 4863/6341 4862/6340
f 4858/6335 5381/7028 4856/6333
f 3217/4185 3206/4173 3218/4186
f 3195/4162 3198/4165 3194/4161
f 3194/4161 3198/4165 3196/4163
f 3222/4191 3382/4388 315/349
f 3222/4191 315/349 520/682
f 315/348 313/346 314/347
f 2000/2660 1135/1596 1990/2648
f 1998/2657 1990/2648 1991/2649
f 1998/2657 1991/2649 1999/2658
f 5909/7727 5130/6634 5132/6636
f 5338/6941 5215/6739 6455/8486
f 6513/8564 6514/8565 6515/8566
f 6516/8567 693/988 691/984
f 691/985 693/987 692/986
f 6272/8233 6268/8229 6271/8232
f 6277/8240 692/986 760/1088
f 6268/8229 6269/8230 6270/8231
f 1853/2474 3683/4788 3682/4787
f 3682/4787 3675/4777 3674/4775
f 3674/4775 3675/4777 3654/4743
f 4855/6332 4858/6335 4856/6333
f 4856/6333 5381/7028 3217/4184
f 3206/4173 3195/4162 3192/4158
f 3192/4158 3195/4162 3194/4161
f 3221/4190 3197/4164 3222/4191
f 3221/4190 3222/4191 520/682
f 314/347 911/1296 359/395
f 359/396 911/1297 836/1204
f 2000/2660 1990/2648 1998/2657
f 2001/2661 1994/2652 2007/2668
f 2007/2668 1994/2652 494/631
f 1136/1597 1135/1595 2000/2659
f 271/301 494/630 232/261
f 6006/7854 233/262 382/432
f 5909/7728 5313/6891 5781/7567
f 5132/6636 5130/6634 5128/6632
f 5128/6632 5131/6635 5133/6637
f 5131/6635 5178/6688 5133/6637
f 5133/6637 5178/6688 5215/6739
f 5133/6637 5215/6739 5338/6941
f 6424/8447 6429/8454 6423/8446
f 6565/8649 6512/8563 6513/8564
f 1699/2273 1852/2473 1849/2470
f 1849/2470 1852/2473 1847/2467
f 1847/2467 1852/2473 1851/2472
f 3674/4775 3654/4743 3673/4773
f 4586/5990 4585/5989 4587/5992
f 4586/5990 4587/5992 4588/5993
f 4587/5992 4923/6403 4594/6001
f 4944/6429 4856/6333 3217/4184
f 4944/6430 3217/4185 3218/4186
f 3218/4186 3206/4173 3207/4174
f 3207/4174 3206/4173 3192/4158
f 3188/4154 3196/4163 3189/4155
f 3189/4155 3196/4163 3197/4164
f 3189/4155 3197/4164 3221/4190
f 520/681 315/348 519/679
f 315/348 314/347 316/350
f 1997/2656 1994/2652 2001/2661
f 2007/2667 494/630 271/301
f 232/261 233/262 231/260
f 231/260 233/262 6006/7854
f 5313/6891 5321/6908 5780/7566
f 5321/6907 5313/6890 5172/6680
f 5763/7546 6006/7855 382/433
f 5313/6890 5909/7727 5172/6680
f 5172/6680 5909/7727 5132/6636
f 6428/8452 5133/6637 5338/6941
f 5338/6943 6467/8506 6421/8444
f 6467/8506 6424/8447 6421/8444
f 6421/8444 6424/8447 6423/8446
f 6421/8444 6423/8446 6422/8445
f 6513/8564 6515/8566 6520/8573
f 6515/8566 691/984 689/981
f 689/982 691/985 690/983
f 690/983 691/985 692/986
f 690/983 692/986 767/1101
f 6272/8233 6362/8371 6289/8257
f 6272/8233 6289/8257 6268/8229
f 6268/8229 6267/8228 6269/8230
f 692/986 6277/8240 767/1101
f 1700/2275 1699/2273 1849/2470
f 3673/4774 3512/4554 3506/4548
f 4594/6001 4923/6403 4922/6402
f 4944/6430 3218/4186 3207/4174
f 3185/4151 3207/4174 3192/4158
f 3192/4158 3194/4161 3188/4154
f 3194/4161 3196/4163 3188/4154
f 3221/4190 520/682 519/680
f 3189/4155 3221/4190 519/680
f 519/679 315/348 316/350
f 359/396 836/1204 837/1205
f 1998/2657 1999/2658 2003/2663
f 2003/2663 1999/2658 2002/2662
f 230/259 271/301 232/261
f 230/259 232/261 231/260
f 231/260 6006/7854 5861/7669
f 5322/6909 5321/6907 5172/6680
f 5755/7538 5737/7516 5728/7507
f 5755/7538 5728/7507 5759/7542
f 6422/8445 6423/8446 6565/8649
f 1850/2471 1853/2475 1848/2469
f 1700/2275 1849/2470 1706/2286
f 1847/2467 1851/2472 1850/2471
f 1847/2467 1850/2471 1846/2466
f 1846/2466 1850/2471 1848/2469
f 1848/2468 1853/2474 3682/4787
f 3682/4787 3674/4775 3678/4782
f 1848/2468 3682/4787 3678/4782
f 3674/4775 3673/4773 3670/4768
f 3670/4768 3673/4773 3672/4771
f 4594/6001 4922/6402 4595/6002
f 4862/6340 4859/6336 4855/6332
f 4854/6330 4856/6333 4944/6429
f 4944/6430 3207/4174 3215/4182
f 3215/4182 3207/4174 3185/4151
f 3189/4155 519/680 316/351
f 3189/4155 316/351 3295/4280
f 314/347 359/395 318/354
f 5171/6679 5322/6909 5172/6680
f 5172/6680 5132/6636 5126/6630
f 5297/6863 5133/6637 6428/8452
f 6428/8453 6421/8444 6425/8448
f 6421/8444 6422/8445 6420/8443
f 6422/8445 6565/8649 6452/8480
f 6528/8585 6513/8564 6527/8583
f 6521/8574 689/981 688/979
f 688/980 689/982 687/978
f 687/978 689/982 690/983
f 6275/8238 6288/8256 6277/8241
f 3678/4782 3674/4775 3670/4768
f 4589/5994 4595/6002 4596/6003
f 4595/6002 4922/6402 4597/6005
f 4922/6402 4862/6340 4597/6005
f 4855/6332 4856/6333 4854/6330
f 4854/6331 4944/6430 3215/4182
f 3185/4151 3192/4158 3176/4142
f 3192/4158 3188/4154 3176/4142
f 3215/4182 3185/4151 3216/4183
f 3188/4154 3189/4155 3179/4145
f 3179/4145 3189/4155 3295/4280
f 316/350 314/347 317/352
f 2001/2661 2007/2668 493/629
f 493/628 2007/2667 271/301
f 368/408 231/260 5861/7669
f 5323/6912 5786/7573 5322/6910
f 5323/6911 5322/6909 5171/6679
f 5782/7568 5726/7505 5738/7517
f 5171/6679 5172/6680 5126/6630
f 5126/6630 5132/6636 5128/6632
f 5129/6633 5128/6632 5133/6637
f 5129/6633 5133/6637 5214/6737
f 5214/6737 5133/6637 5297/6863
f 6425/8448 6421/8444 6419/8442
f 6419/8442 6421/8444 6420/8443
f 6452/8481 6565/8650 6564/8648
f 6563/8645 6528/8585 6527/8583
f 6312/8291 687/978 690/983
f 6288/8256 783/1137 6277/8241
f 1845/2465 1706/2286 1849/2470
f 1845/2465 1849/2470 1841/2459
f 1849/2470 1847/2467 1841/2459
f 1841/2459 1847/2467 1844/2463
f 1844/2463 1847/2467 1846/2466
f 1846/2466 1848/2469 1842/2461
f 3670/4768 3672/4771 3671/4769
f 4854/6331 3215/4182 3216/4183
f 3216/4183 3185/4151 3184/4150
f 3184/4150 3185/4151 3176/4142
f 3176/4142 3188/4154 3170/4136
f 3171/4137 3188/4154 3179/4145
f 3295/4279 316/350 317/352
f 317/352 314/347 318/354
f 359/396 837/1205 846/1215
f 2011/2676 2000/2660 2004/2664
f 2000/2660 1998/2657 2004/2664
f 2006/2666 2001/2661 493/629
f 229/258 493/628 271/301
f 229/258 271/301 230/259
f 230/259 231/260 5800/7589
f 226/255 230/259 5800/7589
f 5800/7589 231/260 368/408
f 5323/6912 5324/6913 5786/7573
f 5324/6914 5323/6911 5171/6679
f 5799/7588 368/409 5861/7670
f 5124/6628 5171/6679 5126/6630
f 5127/6631 5128/6632 5129/6633
f 6419/8442 6420/8443 6417/8440
f 6417/8440 6452/8480 6564/8647
f 6564/8648 6528/8584 6563/8646
f 6527/8583 6520/8573 6523/8576
f 6523/8576 6520/8573 6522/8575
f 6522/8575 688/979 6546/8611
f 6546/8610 688/980 687/978
f 6266/8227 6292/8262 6265/8226
f 783/1136 690/983 767/1101
f 1842/2460 1848/2468 3678/4782
f 1844/2463 1846/2466 1843/2462
f 3670/4768 3671/4769 3655/4745
f 4596/6003 4597/6005 3560/4609
f 3514/4556 4596/6004 3560/4610
f 4597/6005 4862/6340 4604/6012
f 4696/6141 4854/6331 3216/4183
f 4696/6141 3216/4183 3234/4206
f 3234/4206 3216/4183 3184/4150
f 3170/4136 3188/4154 3171/4137
f 3179/4145 3295/4280 317/353
f 3179/4145 317/353 3294/4277
f 317/352 318/354 319/355
f 318/354 359/395 355/391
f 2002/2662 2001/2661 2006/2666
f 229/258 230/259 226/255
f 5330/6926 5324/6914 5171/6679
f 5126/6630 5128/6632 5127/6631
f 6527/8583 6523/8576 6563/8645
f 3560/4609 4597/6005 4604/6012
f 4604/6012 4862/6340 4857/6334
f 4862/6340 4855/6332 4857/6334
f 4855/6332 4854/6330 4849/6324
f 4854/6330 4696/6140 4693/6135
f 3184/4150 3176/4142 3175/4141
f 3176/4142 3170/4136 3175/4141
f 3175/4141 3170/4136 3169/4135
f 3174/4140 3171/4137 3177/4143
f 3177/4143 3171/4137 3179/4145
f 3177/4143 3179/4145 3294/4277
f 3294/4278 317/352 507/656
f 2003/2663 2002/2662 2005/2665
f 2005/2665 2002/2662 2006/2666
f 2006/2666 493/629 502/647
f 502/646 493/628 229/258
f 226/255 5800/7589 385/438
f 5402/7071 5330/6926 5125/6629
f 5125/6629 5330/6926 5171/6679
f 5125/6629 5171/6679 5124/6628
f 5122/6624 5126/6630 5127/6631
f 5129/6633 5214/6737 5213/6735
f 5213/6736 5214/6738 6540/8602
f 6540/8602 5214/6738 6440/8468
f 6540/8602 6440/8468 6416/8439
f 6416/8439 6440/8468 6419/8442
f 6415/8438 6417/8440 6564/8647
f 685/974 6546/8610 687/978
f 686/976 687/978 6312/8291
f 1843/2462 1846/2466 1842/2461
f 1678/2231 1635/2154 1845/2464
f 3678/4782 3670/4768 3669/4766
f 3669/4766 3670/4768 3655/4745
f 3560/4609 4604/6012 3559/4607
f 4693/6135 4696/6140 3234/4205
f 4693/6135 3234/4205 4692/6133
f 4692/6134 3234/4206 3186/4152
f 3186/4152 3234/4206 3184/4150
f 3186/4152 3184/4150 3175/4141
f 3169/4135 3170/4136 3171/4137
f 3177/4143 3294/4277 507/657
f 507/656 317/352 319/355
f 2006/2666 502/647 2010/2674
f 2004/2664 2003/2663 2005/2665
f 226/255 385/438 380/428
f 5872/7681 5402/7071 5125/6629
f 5727/7506 5815/7607 5762/7545
f 5166/6672 5127/6631 5129/6633
f 5166/6672 5129/6633 5213/6735
f 5213/6736 6540/8602 6447/8475
f 6447/8475 6540/8602 6416/8439
f 6265/8226 6264/8225 6256/8212
f 1678/2232 1845/2465 1841/2459
f 1840/2458 1841/2459 1844/2463
f 1840/2458 1844/2463 1843/2462
f 1838/2456 1843/2462 1842/2461
f 1842/2460 3678/4782 3669/4766
f 3669/4766 3655/4745 3658/4751
f 3658/4751 3655/4745 3645/4724
f 4849/6324 4854/6330 4693/6135
f 3169/4135 3171/4137 3172/4138
f 3172/4138 3171/4137 3174/4140
f 3177/4143 507/657 491/625
f 491/624 507/656 319/355
f 2005/2665 2006/2666 2008/2670
f 2009/2672 2006/2666 2010/2674
f 2010/2673 502/646 229/258
f 225/254 229/258 226/255
f 5826/7621 5872/7681 5125/6629
f 6418/8441 5213/6736 6447/8475
f 6418/8441 6447/8475 6416/8439
f 6418/8441 6416/8439 6413/8436
f 6413/8436 6416/8439 6415/8438
f 6413/8436 6415/8438 6412/8435
f 6441/8469 6563/8645 6549/8615
f 6563/8645 6523/8576 6525/8578
f 6549/8616 6563/8644 6525/8579
f 6525/8578 6523/8576 685/975
f 6525/8578 685/975 6526/8580
f 6526/8582 685/974 684/973
f 685/974 687/978 686/976
f 684/973 685/974 686/976
f 1838/2456 1842/2461 1837/2455
f 1837/2455 1842/2461 3669/4767
f 3658/4751 3645/4724 3662/4755
f 4605/6013 4604/6012 4857/6334
f 4857/6334 4855/6332 4850/6325
f 4693/6135 4692/6133 4689/6129
f 4692/6134 3186/4152 3193/4160
f 3175/4141 3169/4135 3173/4139
f 3174/4140 3177/4143 3178/4144
f 3178/4144 3177/4143 491/625
f 916/1308 847/1216 549/739
f 1142/1604 2011/2676 4456/5818
f 2011/2676 2004/2664 4456/5818
f 225/254 2010/2673 229/258
f 225/254 226/255 227/256
f 227/256 226/255 5784/7570
f 5784/7570 226/255 380/428
f 5778/7564 5777/7562 5826/7622
f 5122/6624 5124/6628 5126/6630
f 5166/6673 5213/6736 6445/8473
f 6445/8473 5213/6736 6418/8441
f 6445/8473 6418/8441 6413/8436
f 6408/8431 6441/8469 6549/8615
f 6264/8224 1662/2200 1703/2280
f 6339/8332 6252/8206 6259/8216
f 1678/2232 1841/2459 1839/2457
f 1839/2457 1841/2459 1840/2458
f 1838/2456 1840/2458 1843/2462
f 3669/4766 3658/4751 1833/2450
f 4850/6325 4855/6332 4849/6324
f 4689/6129 4692/6133 3193/4159
f 3186/4152 3175/4141 3193/4160
f 3187/4153 3193/4160 3175/4141
f 3173/4139 3169/4135 3172/4138
f 3178/4144 491/625 3318/4311
f 3318/4310 491/624 319/355
f 319/355 318/354 320/356
f 318/354 355/391 320/356
f 320/356 355/391 916/1307
f 2008/2670 2006/2666 2009/2672
f 5826/7621 5125/6629 5134/6638
f 5134/6638 5125/6629 5119/6621
f 5119/6621 5125/6629 5124/6628
f 5122/6624 5127/6631 5136/6640
f 6414/8437 5166/6673 6445/8473
f 6414/8437 6445/8473 6413/8436
f 6413/8436 6412/8435 6411/8434
f 6411/8434 6412/8435 6408/8431
f 6412/8435 6441/8469 6408/8431
f 6408/8431 6549/8615 6410/8433
f 6549/8616 6525/8579 6454/8485
f 6454/8483 6526/8582 684/973
f 1662/2200 1619/2133 1703/2280
f 6259/8216 6252/8206 686/977
f 1835/2453 1678/2232 1839/2457
f 1837/2455 3669/4767 3762/4915
f 1866/2490 1634/2153 1678/2231
f 1866/2491 1678/2232 1835/2453
f 3658/4751 3662/4755 3660/4753
f 4605/6013 4857/6334 3651/4736
f 3651/4736 4857/6334 4850/6325
f 4689/6129 3193/4159 4690/6130
f 4690/6131 3193/4160 3187/4153
f 3187/4153 3175/4141 3173/4139
f 3182/4148 3174/4140 3178/4144
f 3182/4148 3178/4144 3293/4276
f 3293/4276 3178/4144 3318/4311
f 4456/5818 2004/2664 2005/2665
f 4457/5821 2008/2670 2009/2672
f 4457/5820 2009/2671 4459/5824
f 4459/5825 2009/2672 2010/2674
f 5874/7685 227/256 5784/7570
f 5874/7686 5784/7571 5785/7572
f 5166/6673 6414/8437 6427/8451
f 6427/8451 6414/8437 6426/8449
f 6414/8437 6413/8436 6411/8434
f 6410/8433 6549/8615 6454/8484
f 6542/8604 6454/8483 684/973
f 1835/2453 1839/2457 1834/2452
f 1839/2457 1840/2458 1834/2452
f 1834/2452 1840/2458 1838/2456
f 1836/2454 1838/2456 1837/2455
f 3630/4692 4605/6013 3651/4736
f 4849/6324 4693/6135 4689/6129
f 4689/6129 4690/6130 4691/6132
f 4691/6132 4690/6130 4694/6136
f 4690/6131 3187/4153 3190/4156
f 4694/6137 4690/6131 3190/4156
f 3190/4156 3187/4153 3181/4147
f 3181/4147 3187/4153 3173/4139
f 3173/4139 3172/4138 3180/4146
f 3180/4146 3172/4138 3183/4149
f 3172/4138 3174/4140 3183/4149
f 3183/4149 3174/4140 3182/4148
f 3293/4276 3318/4311 3303/4292
f 3303/4291 3318/4310 319/355
f 4459/5823 2010/2673 225/254
f 228/257 225/254 227/256
f 5134/6638 5854/7661 5778/7563
f 5119/6621 5124/6628 5122/6624
f 5136/6640 5127/6631 5166/6672
f 5136/6640 5166/6672 6427/8450
f 6426/8449 6414/8437 6411/8434
f 6410/8433 6454/8484 6409/8432
f 6409/8432 6454/8484 6541/8603
f 6541/8603 6454/8484 6542/8605
f 761/1090 684/973 686/976
f 1836/2454 1837/2455 1827/2440
f 1827/2440 1837/2455 3762/4915
f 1834/2452 1838/2456 1836/2454
f 3762/4914 3669/4766 1833/2450
f 3651/4736 4850/6325 4929/6411
f 4847/6322 4849/6324 4689/6129
f 4689/6129 4691/6132 4847/6322
f 3181/4147 3173/4139 3180/4146
f 3182/4148 3293/4276 3303/4292
f 321/357 319/355 320/356
f 320/356 916/1307 356/392
f 356/392 549/738 895/1272
f 1142/1604 4456/5818 4453/5815
f 4453/5814 4456/5819 4455/5817
f 4457/5820 4459/5824 4458/5822
f 4459/5823 225/254 224/253
f 224/253 225/254 228/257
f 228/257 227/256 5874/7685
f 5376/7018 5854/7661 5134/6638
f 5119/6621 5122/6624 5121/6623
f 5122/6624 5136/6640 5121/6623
f 5136/6640 6427/8450 6553/8623
f 6553/8624 6427/8451 6426/8449
f 6553/8624 6426/8449 6438/8465
f 6438/8465 6426/8449 6411/8434
f 6408/8431 6410/8433 6409/8432
f 6543/8606 6541/8603 6542/8605
f 1619/2133 1645/2169 6255/8210
f 6251/8205 6249/8203 6250/8204
f 6250/8204 761/1091 686/977
f 1826/2439 1834/2452 1836/2454
f 1827/2440 3762/4915 1833/2451
f 1833/2450 3658/4751 3659/4752
f 3658/4751 3660/4753 3556/4603
f 3632/4696 3651/4736 4929/6411
f 3191/4157 3190/4156 3181/4147
f 4694/6137 3190/4156 3231/4202
f 4691/6132 4694/6136 3231/4201
f 3182/4148 3303/4292 452/556
f 452/555 3303/4291 319/355
f 452/555 319/355 321/357
f 4455/5817 4456/5819 4454/5816
f 4456/5819 2008/2669 4454/5816
f 4458/5822 4459/5824 4460/5827
f 4460/5826 4459/5823 224/253
f 228/257 5874/7685 5873/7683
f 5733/7512 5807/7597 5711/7490
f 5376/7018 5134/6638 5135/6639
f 5135/6639 5134/6638 5119/6621
f 5121/6623 5136/6640 5244/6777
f 5136/6640 6553/8623 5244/6777
f 6438/8465 6411/8434 6407/8430
f 6411/8434 6408/8431 6407/8430
f 6543/8606 6542/8605 6544/8607
f 6542/8604 684/973 683/971
f 683/971 684/973 761/1090
f 6255/8211 1645/2170 6253/8207
f 6253/8207 6249/8203 6251/8205
f 1861/2484 1835/2453 1825/2438
f 1825/2438 1835/2453 1834/2452
f 1825/2438 1834/2452 1826/2439
f 1826/2439 1836/2454 1827/2440
f 1822/2434 1827/2440 3757/4904
f 1827/2440 1833/2451 3757/4904
f 3757/4903 1833/2450 3659/4752
f 3659/4752 3658/4751 3556/4603
f 3659/4752 3556/4603 3641/4715
f 4847/6322 4691/6132 4848/6323
f 4691/6132 3231/4201 4695/6138
f 4848/6323 4691/6132 4695/6138
f 4695/6139 3231/4202 3232/4203
f 3231/4202 3190/4156 3191/4157
f 3232/4203 3231/4202 3191/4157
f 3180/4146 3183/4149 3237/4210
f 3183/4149 3182/4148 3238/4211
f 3237/4210 3183/4149 3238/4211
f 3238/4211 3182/4148 452/556
f 320/356 356/392 322/358
f 2008/2669 4457/5820 4454/5816
f 5707/7484 5709/7487 5135/6639
f 5713/7492 5715/7494 5712/7491
f 5709/7487 5376/7018 5135/6639
f 6463/8498 5121/6623 5244/6777
f 6553/8624 6438/8465 6547/8612
f 6547/8612 6438/8465 6407/8430
f 6407/8430 6408/8431 6402/8423
f 6408/8431 6409/8432 6402/8423
f 6409/8432 6541/8603 6453/8482
f 6453/8482 6541/8603 6545/8609
f 6545/8609 6543/8606 6544/8607
f 6544/8608 6542/8604 683/971
f 6253/8207 6254/8209 6249/8203
f 1825/2438 1866/2491 1861/2484
f 1825/2438 1826/2439 1823/2435
f 3632/4696 4929/6411 3633/4698
f 4929/6411 4850/6325 3644/4721
f 4850/6325 4849/6324 4851/6326
f 4849/6324 4847/6322 4851/6326
f 4848/6323 4695/6138 4846/6321
f 3191/4157 3181/4147 3233/4204
f 3233/4204 3181/4147 3180/4146
f 3233/4204 3180/4146 3236/4209
f 3236/4209 3180/4146 3237/4210
f 4695/6139 3232/4203 5416/7102
f 4846/6321 4695/6138 5416/7101
f 3357/4357 452/555 321/357
f 356/392 895/1272 542/724
f 4458/5822 4460/5827 482/608
f 482/607 4460/5826 220/249
f 220/249 4460/5826 224/253
f 220/249 224/253 223/252
f 223/252 224/253 228/257
f 223/252 228/257 270/299
f 228/257 5873/7683 270/299
f 5708/7486 5705/7482 5710/7489
f 6463/8499 5244/6778 6451/8479
f 6451/8479 5244/6778 6547/8612
f 6545/8609 6544/8607 682/970
f 681/968 6544/8608 683/971
f 1822/2434 1826/2439 1827/2440
f 1823/2435 1826/2439 1822/2434
f 3633/4698 4929/6411 3644/4721
f 4847/6322 4848/6323 4846/6321
f 5416/7102 3232/4203 3251/4226
f 3232/4203 3191/4157 3233/4204
f 3238/4211 452/556 3357/4358
f 4453/5814 4455/5817 4446/5803
f 4445/5802 4455/5817 4454/5816
f 4454/5816 4457/5820 4452/5812
f 4457/5820 4458/5822 4452/5812
f 4452/5812 4458/5822 482/608
f 4720/6178 5750/7531 5707/7484
f 5713/7492 5720/7499 5714/7493
f 5239/6771 5121/6623 6463/8498
f 6402/8423 6409/8432 6453/8482
f 6453/8482 6545/8609 6477/8520
f 6477/8520 6545/8609 682/970
f 682/969 6544/8608 681/968
f 1824/2437 1825/2438 1823/2435
f 1822/2434 3757/4904 1821/2433
f 1653/2184 1866/2490 1824/2436
f 1821/2432 3757/4903 3659/4752
f 1821/2432 3659/4752 3663/4757
f 3659/4752 3641/4715 3661/4754
f 3661/4754 3641/4715 3631/4694
f 321/357 320/356 322/358
f 223/252 270/299 387/442
f 5730/7509 387/443 270/300
f 4720/6178 5707/7484 5135/6639
f 5123/6625 5121/6623 5239/6771
f 5239/6772 6463/8499 6450/8478
f 6463/8499 6451/8479 6450/8478
f 6450/8478 6451/8479 6446/8474
f 6446/8474 6451/8479 6547/8612
f 6446/8474 6547/8612 6407/8430
f 6477/8519 682/969 6404/8425
f 6404/8425 682/969 681/968
f 1823/2435 1822/2434 1817/2425
f 3663/4757 3659/4752 3661/4754
f 4846/6321 5416/7101 4845/6320
f 5416/7102 3251/4226 5429/7128
f 4845/6320 5416/7101 5429/7127
f 5429/7128 3251/4226 3279/4259
f 3251/4226 3232/4203 3239/4212
f 3279/4259 3251/4226 3239/4212
f 3232/4203 3233/4204 3239/4212
f 3238/4211 3357/4358 3302/4290
f 3302/4289 3357/4357 321/357
f 4454/5816 4452/5812 4447/5804
f 4447/5804 4452/5812 4451/5811
f 4451/5811 4452/5812 482/608
f 5747/7526 4720/6178 5115/6617
f 4720/6178 5135/6639 5119/6621
f 6446/8474 6407/8430 6406/8429
f 6406/8429 6407/8430 6402/8423
f 6406/8429 6402/8423 6401/8422
f 6401/8422 6402/8423 6396/8417
f 6402/8423 6453/8482 6396/8417
f 6396/8417 6453/8482 6398/8419
f 6398/8419 6477/8520 6404/8426
f 1816/2424 1822/2434 1821/2433
f 3661/4754 3631/4694 3650/4734
f 4852/6327 4850/6325 4851/6326
f 4851/6326 4847/6322 4846/6321
f 3279/4259 3239/4212 3280/4260
f 3239/4212 3233/4204 3280/4260
f 3236/4209 3237/4210 3253/4228
f 3281/4261 3237/4210 3238/4211
f 3281/4261 3238/4211 3302/4290
f 4454/5816 4447/5804 4445/5802
f 4451/5810 482/607 220/249
f 223/252 387/442 5776/7560
f 222/251 223/252 5776/7560
f 5233/6760 5747/7526 5115/6617
f 5239/6772 6450/8478 6449/8477
f 6449/8477 6450/8478 6446/8474
f 6448/8476 6446/8474 6406/8429
f 6403/8424 6398/8419 6404/8426
f 1630/2148 1648/2175 1702/2277
f 6247/8200 681/968 683/971
f 1818/2426 1705/2284 1824/2436
f 1824/2437 1823/2435 1818/2427
f 1818/2427 1823/2435 1817/2425
f 1817/2425 1822/2434 1816/2424
f 1816/2424 1821/2433 1820/2431
f 1820/2430 1821/2432 3663/4757
f 3650/4735 3599/4652 3653/4742
f 2433/3203 3644/4721 4853/6328
f 4853/6328 3644/4721 4850/6325
f 4853/6328 4850/6325 4852/6327
f 4845/6320 5429/7127 4942/6426
f 3254/4229 3280/4260 3233/4204
f 3254/4229 3233/4204 3253/4228
f 3253/4228 3233/4204 3236/4209
f 3237/4210 3281/4261 3276/4255
f 5429/7128 3279/4259 3288/4270
f 4942/6427 5429/7128 3288/4270
f 3279/4259 3280/4260 3288/4270
f 3302/4289 321/357 323/359
f 323/359 321/357 322/358
f 322/358 356/392 357/393
f 357/393 542/724 866/1237
f 4453/5814 4446/5803 4443/5800
f 4450/5809 4453/5814 4443/5800
f 4447/5804 4451/5811 4448/5805
f 214/239 4451/5810 220/249
f 220/249 223/252 222/251
f 5735/7514 5745/7524 5721/7500
f 4720/6178 5119/6621 5118/6620
f 5118/6620 5119/6621 5120/6622
f 5120/6622 5119/6621 5121/6623
f 5120/6622 5121/6623 5123/6625
f 5123/6626 5239/6772 6449/8477
f 6449/8477 6446/8474 6448/8476
f 6396/8417 6398/8419 6389/8409
f 6389/8409 6398/8419 6403/8424
f 6403/8424 6404/8426 680/966
f 679/965 6404/8425 681/968
f 1653/2184 1705/2284 1818/2426
f 1818/2427 1817/2425 1815/2423
f 4845/6320 4942/6426 6070/7951
f 3253/4228 3237/4210 3276/4255
f 6070/7951 4942/6426 6056/7924
f 3309/4299 3288/4270 3287/4268
f 3287/4268 3288/4270 3280/4260
f 3287/4268 3280/4260 3254/4229
f 3264/4239 3276/4255 3281/4261
f 3281/4261 3302/4290 441/535
f 441/534 3302/4289 323/359
f 322/358 357/393 325/361
f 4443/5800 4446/5803 4444/5801
f 4444/5801 4446/5803 4445/5802
f 4445/5802 4447/5804 4442/5799
f 4444/5801 4445/5802 4442/5799
f 4448/5805 4451/5811 214/240
f 221/250 220/249 222/251
f 221/250 222/251 272/302
f 5113/6615 5233/6760 5115/6617
f 6476/8518 6403/8424 680/966
f 680/967 6404/8425 679/965
f 1814/2422 1818/2427 1815/2423
f 1815/2423 1817/2425 1816/2424
f 3663/4757 3661/4754 3664/4758
f 1820/2430 3663/4757 3664/4758
f 4830/6302 4851/6326 4846/6321
f 4830/6302 4846/6321 4845/6320
f 6070/7952 3309/4298 6069/7949
f 6069/7949 3309/4298 3287/4267
f 3266/4241 3287/4268 3254/4229
f 3254/4229 3253/4228 3255/4230
f 3264/4239 3281/4261 441/535
f 323/359 322/358 324/360
f 324/360 322/358 325/361
f 357/393 866/1237 568/776
f 214/239 220/249 212/237
f 212/237 220/249 221/250
f 5123/6626 6449/8477 6468/8508
f 6468/8508 6449/8477 6448/8476
f 6448/8476 6406/8429 6468/8508
f 6468/8508 6406/8429 6444/8472
f 6444/8472 6406/8429 6401/8422
f 6444/8472 6401/8422 6391/8411
f 6476/8518 680/966 6550/8618
f 6550/8617 680/967 679/965
f 679/965 681/968 6260/8217
f 1812/2419 1815/2423 1816/2424
f 1812/2419 1816/2424 1820/2431
f 1814/2422 1815/2423 1813/2420
f 1636/2155 1653/2184 1818/2426
f 3664/4758 3661/4754 3650/4734
f 3664/4758 3650/4734 3665/4760
f 2411/3166 4853/6328 2437/3211
f 2437/3211 4853/6328 4852/6327
f 6070/7953 6069/7950 5411/7092
f 4941/6425 6070/7951 5411/7090
f 3266/4241 3254/4229 3265/4240
f 3265/4240 3254/4229 3255/4230
f 3255/4230 3253/4228 3256/4231
f 3256/4231 3253/4228 3276/4255
f 3276/4255 3264/4239 3256/4231
f 5411/7092 6069/7950 3287/4269
f 3287/4268 3266/4241 3311/4301
f 3310/4300 3311/4301 3266/4241
f 3264/4239 441/535 3291/4274
f 3291/4273 441/534 323/359
f 1146/1609 4450/5809 4443/5800
f 4442/5799 4447/5804 4448/5805
f 213/238 214/239 212/237
f 5742/7521 5748/7528 5751/7534
f 5115/6617 4720/6178 5114/6616
f 5114/6616 4720/6178 5118/6620
f 5120/6622 5123/6625 6566/8651
f 6554/8625 5123/6626 6468/8508
f 6391/8411 6396/8417 6389/8409
f 679/965 6260/8217 6240/8189
f 1813/2420 1815/2423 1811/2418
f 1811/2418 1815/2423 1812/2419
f 1812/2419 1820/2431 3664/4759
f 1636/2155 1818/2426 1814/2421
f 4845/6320 6070/7951 4844/6319
f 4844/6319 6070/7951 4941/6425
f 4941/6425 5411/7090 3312/4302
f 4941/6425 3312/4302 3267/4242
f 3267/4243 3312/4303 3310/4300
f 3267/4243 3310/4300 3260/4235
f 3260/4235 3310/4300 3266/4241
f 3260/4235 3266/4241 3265/4240
f 3260/4235 3265/4240 3255/4230
f 357/393 568/776 539/718
f 4448/5805 214/240 485/614
f 221/250 272/302 5830/7630
f 5721/7500 5742/7521 5734/7513
f 5118/6620 5120/6622 6537/8598
f 6566/8652 5123/6627 6554/8626
f 6554/8625 6468/8508 6567/8654
f 6567/8654 6468/8508 6390/8410
f 6390/8410 6468/8508 6444/8472
f 6388/8408 6391/8411 6389/8409
f 6389/8409 6476/8518 6397/8418
f 6397/8418 6476/8518 6550/8618
f 677/961 6550/8617 679/965
f 6243/8194 1648/2175 1681/2237
f 1813/2420 1811/2418 1806/2410
f 3664/4758 3665/4760 3666/4762
f 1819/2428 3664/4758 3666/4762
f 4844/6319 4830/6302 4845/6320
f 3264/4239 3291/4274 3278/4258
f 3278/4257 3291/4273 323/359
f 3278/4257 323/359 324/360
f 4442/5799 4448/5805 4440/5797
f 4440/5797 4448/5805 485/614
f 485/613 214/239 213/238
f 212/237 221/250 5830/7630
f 5209/6730 5751/7533 5113/6615
f 6537/8598 5120/6622 6566/8651
f 6566/8652 6554/8626 6567/8655
f 6538/8600 6566/8653 6567/8654
f 6444/8472 6391/8411 6388/8408
f 6387/8407 6388/8408 6389/8409
f 6389/8409 6397/8418 6387/8407
f 6397/8418 6550/8618 677/962
f 678/963 679/965 6240/8189
f 6986/9204 6981/9198 6653/8756
f 6653/8756 6981/9198 6690/8812
f 6653/8756 6690/8812 7005/9231
f 1810/2417 1814/2422 1808/2413
f 1808/2413 1814/2422 1813/2420
f 1805/2409 1811/2418 1812/2419
f 3666/4762 3665/4760 2414/3169
f 2437/3211 4852/6327 2426/3191
f 2426/3191 4852/6327 4835/6307
f 4830/6302 4852/6327 4851/6326
f 4844/6319 4941/6425 4937/6421
f 4941/6425 3267/4242 3274/4251
f 4937/6421 4941/6425 3274/4251
f 3267/4243 3260/4235 3261/4236
f 3274/4252 3267/4243 3261/4236
f 3261/4236 3260/4235 3259/4234
f 3259/4234 3260/4235 3255/4230
f 3259/4234 3255/4230 3257/4232
f 3257/4232 3255/4230 3256/4231
f 3257/4232 3256/4231 3258/4233
f 3258/4233 3256/4231 3263/4238
f 3256/4231 3264/4239 3263/4238
f 3263/4238 3264/4239 3278/4258
f 325/361 357/393 358/394
f 1146/1609 4443/5800 4439/5796
f 4443/5800 4444/5801 4439/5796
f 6537/8599 6566/8653 6538/8600
f 6374/8394 6390/8410 6388/8408
f 6387/8407 6397/8418 6375/8395
f 6375/8395 6397/8418 6499/8544
f 6499/8544 6397/8418 677/962
f 6976/9193 6970/9186 6975/9192
f 6694/8820 6986/9204 6654/8757
f 6653/8756 7005/9231 6668/8771
f 1812/2419 3664/4759 1819/2429
f 1805/2409 1812/2419 1819/2429
f 4835/6307 4852/6327 4830/6302
f 4937/6421 3274/4251 4938/6422
f 4938/6422 3274/4251 3273/4249
f 3274/4252 3261/4236 3262/4237
f 3273/4250 3274/4252 3262/4237
f 3263/4238 3278/4258 3277/4256
f 324/360 325/361 326/362
f 358/394 539/718 907/1287
f 485/613 213/238 211/236
f 211/236 213/238 212/237
f 212/237 5830/7630 6027/7881
f 5113/6615 5115/6617 5114/6616
f 6537/8599 6538/8600 6535/8596
f 6535/8596 6538/8600 6539/8601
f 6535/8596 6539/8601 6400/8421
f 6400/8421 6539/8601 6390/8410
f 6400/8421 6390/8410 6374/8394
f 6374/8394 6388/8408 6387/8407
f 6499/8544 677/962 676/960
f 677/961 679/965 678/963
f 673/954 677/961 678/963
f 6976/9193 6975/9192 7011/9244
f 6693/8818 6694/8820 6654/8757
f 6644/8747 6693/8818 6654/8757
f 6625/8716 6654/8757 6591/8680
f 6654/8757 6653/8756 6591/8680
f 6591/8680 6653/8756 6631/8724
f 6653/8756 6668/8771 6631/8724
f 6668/8771 7005/9231 6667/8770
f 6667/8770 7005/9231 6696/8824
f 1808/2413 1813/2420 1806/2410
f 1806/2410 1811/2418 1805/2409
f 1616/2129 1636/2155 1810/2416
f 2426/3191 4835/6307 5311/6887
f 4835/6307 4830/6302 4833/6305
f 4844/6319 4937/6421 4831/6303
f 4831/6303 4937/6421 4938/6422
f 3262/4237 3261/4236 3259/4234
f 3277/4256 3278/4258 442/537
f 442/536 3278/4257 324/360
f 442/536 324/360 326/362
f 907/1288 867/1239 557/755
f 1148/1612 1146/1609 4439/5796
f 4437/5793 4441/5798 4442/5799
f 4437/5793 4442/5799 4440/5797
f 219/247 212/237 6027/7881
f 5209/6730 5113/6615 5112/6613
f 5112/6613 5113/6615 5114/6616
f 5118/6620 6537/8598 5288/6846
f 5288/6847 6537/8599 6535/8596
f 6374/8394 6387/8407 6375/8395
f 6375/8395 6499/8544 6443/8471
f 6443/8471 6499/8544 676/960
f 676/959 677/961 674/956
f 674/956 677/961 673/954
f 6833/8999 7012/9245 6698/8829
f 6698/8828 6693/8818 6644/8747
f 6644/8747 6654/8757 6625/8716
f 6667/8770 6696/8824 7000/9222
f 1805/2409 1819/2429 3677/4781
f 3677/4780 1819/2428 3666/4762
f 3666/4762 2414/3169 3667/4763
f 5311/6887 4835/6307 5216/6740
f 4938/6422 3273/4249 3275/4253
f 3275/4254 3273/4250 3268/4244
f 3268/4244 3273/4250 3262/4237
f 3268/4244 3262/4237 3259/4234
f 3258/4233 3263/4238 3270/4246
f 3263/4238 3277/4256 3271/4247
f 3271/4247 3277/4256 442/537
f 4440/5797 485/614 14/18
f 14/17 485/613 211/236
f 211/236 212/237 210/235
f 210/235 212/237 219/247
f 5112/6614 5375/7017 5752/7535
f 5752/7535 5793/7581 5792/7580
f 5114/6616 5118/6620 5116/6618
f 6534/8595 6535/8596 6400/8421
f 6443/8471 676/960 675/958
f 675/957 676/959 674/956
f 1267/1766 1587/2091 6235/8182
f 6834/9000 6698/8829 6689/8811
f 6689/8810 6698/8828 6644/8747
f 6631/8724 6667/8770 6648/8751
f 6667/8770 7000/9222 6648/8751
f 6648/8751 7000/9222 7004/9229
f 7000/9223 6999/9221 7004/9230
f 1804/2408 1810/2417 1808/2413
f 3666/4762 3667/4763 3668/4765
f 3668/4765 3667/4763 2394/3145
f 2423/3185 5311/6887 5216/6740
f 5216/6740 4835/6307 4833/6305
f 4844/6319 4831/6303 4830/6302
f 4831/6303 4938/6422 4939/6423
f 4938/6422 3275/4253 5304/6874
f 3268/4244 3259/4234 3272/4248
f 3272/4248 3259/4234 3269/4245
f 3259/4234 3257/4232 3269/4245
f 3257/4232 3258/4233 3269/4245
f 3269/4245 3258/4233 3270/4246
f 3270/4246 3263/4238 3271/4247
f 325/361 358/394 327/363
f 326/362 325/361 327/363
f 358/394 907/1287 557/754
f 4438/5794 4439/5796 4441/5798
f 4438/5794 4441/5798 4437/5793
f 207/231 211/236 210/235
f 5111/6612 5375/7016 5112/6613
f 5116/6618 5118/6620 5201/6716
f 5201/6716 5118/6620 5288/6846
f 6375/8395 6443/8471 6395/8416
f 6395/8416 6443/8471 675/958
f 5288/6847 6535/8596 6536/8597
f 6536/8597 6535/8596 6534/8595
f 6534/8595 6400/8421 6385/8405
f 6385/8405 6400/8421 6374/8394
f 672/953 675/957 674/956
f 6238/8187 6233/8180 6239/8188
f 7013/9246 6835/9002 6829/8990
f 6643/8746 6689/8810 6644/8747
f 6592/8681 6591/8680 6631/8724
f 1804/2408 1808/2413 1799/2402
f 1808/2413 1806/2410 1799/2402
f 1806/2410 1805/2409 1801/2404
f 3677/4780 3666/4762 3668/4765
f 4939/6423 4938/6422 5304/6874
f 3275/4254 3268/4244 3282/4262
f 3282/4262 3268/4244 3272/4248
f 3270/4246 3271/4247 3285/4265
f 3271/4247 442/537 443/539
f 443/538 442/536 326/362
f 4439/5796 4438/5794 4430/5783
f 4432/5785 4438/5794 4437/5793
f 4437/5793 4440/5797 4434/5788
f 4434/5788 4440/5797 14/18
f 14/17 211/236 207/231
f 210/235 219/247 375/420
f 5112/6613 5114/6616 5110/6611
f 5110/6611 5114/6616 5116/6618
f 5201/6717 5288/6847 6536/8597
f 6534/8595 6385/8405 6557/8631
f 6557/8631 6385/8405 6392/8412
f 6385/8405 6374/8394 6373/8393
f 6373/8393 6374/8394 6375/8395
f 6395/8415 675/957 672/953
f 6235/8183 6233/8180 6237/8186
f 7231/9529 7013/9246 6829/8990
f 6825/8984 6833/8998 6832/8996
f 6832/8995 6689/8810 6643/8746
f 6643/8746 6644/8747 6590/8679
f 6590/8679 6644/8747 6625/8716
f 6631/8724 6648/8751 6623/8712
f 6592/8681 6631/8724 6623/8712
f 6648/8751 7004/9229 7007/9235
f 1805/2409 1807/2412 1760/2351
f 1805/2409 3677/4781 1807/2412
f 1799/2402 1806/2410 1803/2406
f 1803/2406 1806/2410 1801/2404
f 4832/6304 4833/6305 4830/6302
f 4829/6301 4830/6302 4831/6303
f 5304/6874 3275/4253 5367/7000
f 5367/7001 3275/4254 3282/4262
f 3285/4265 3271/4247 3286/4266
f 3286/4266 3271/4247 443/539
f 326/362 327/363 328/364
f 358/394 557/754 527/695
f 4430/5783 4438/5794 4431/5784
f 4434/5788 14/18 13/16
f 13/15 14/17 12/14
f 12/14 14/17 207/231
f 5819/7612 5820/7613 5795/7583
f 5822/7615 375/421 219/248
f 5110/6611 5116/6618 5117/6619
f 6375/8395 6395/8416 6394/8414
f 5201/6717 6536/8597 6557/8631
f 6536/8597 6534/8595 6557/8631
f 6392/8412 6385/8405 6373/8393
f 672/953 674/956 673/954
f 6826/8985 6829/8990 6825/8984
f 6832/8995 6643/8746 6665/8768
f 6648/8751 7007/9235 6758/8901
f 1801/2404 1805/2409 1760/2351
f 1807/2411 3677/4780 1809/2414
f 1809/2414 3677/4780 3668/4765
f 3668/4765 2394/3145 2398/3150
f 2423/3185 5216/6740 4838/6310
f 4838/6310 5216/6740 4833/6305
f 4838/6310 4833/6305 4832/6304
f 4939/6423 5304/6874 5367/7000
f 3282/4262 3272/4248 3284/4264
f 3284/4264 3269/4245 3283/4263
f 3269/4245 3270/4246 3283/4263
f 3283/4263 3270/4246 3285/4265
f 443/538 326/362 328/364
f 4436/5792 4439/5796 4430/5783
f 4431/5784 4438/5794 4432/5785
f 5109/6610 2814/3687 5111/6612
f 5108/6609 5111/6612 5112/6613
f 5112/6613 5110/6611 5108/6609
f 5117/6619 5116/6618 5202/6719
f 5202/6719 5116/6618 5201/6716
f 5202/6721 5201/6718 6557/8632
f 6373/8393 6375/8395 6376/8396
f 6394/8414 6395/8416 671/952
f 671/951 6395/8415 672/953
f 670/950 672/953 673/954
f 6836/9004 6832/8995 6665/8768
f 6590/8679 6625/8716 6591/8680
f 6623/8712 6648/8751 6647/8750
f 6648/8751 6758/8901 6647/8750
f 1798/2401 1804/2408 1799/2402
f 4831/6303 4939/6423 4834/6306
f 4939/6423 5367/7000 4834/6306
f 3272/4248 3269/4245 3284/4264
f 3292/4275 5367/7001 3282/4262
f 3292/4275 3282/4262 3284/4264
f 3283/4263 3285/4265 3289/4271
f 3289/4271 3285/4265 3290/4272
f 3285/4265 3286/4266 3300/4287
f 3290/4272 3285/4265 3300/4287
f 3286/4266 443/539 3300/4287
f 3300/4286 443/538 328/364
f 5808/7599 2814/3689 5193/6706
f 210/235 375/420 376/422
f 5202/6720 6557/8631 6473/8514
f 6473/8514 6557/8631 6500/8545
f 6500/8545 6557/8631 6392/8412
f 6376/8396 6375/8395 6394/8414
f 671/951 672/953 670/950
f 6584/8673 6665/8768 6643/8746
f 6584/8673 6643/8746 6590/8679
f 6590/8679 6591/8680 6589/8678
f 6591/8680 6592/8681 6589/8678
f 1760/2351 1807/2412 1809/2415
f 1798/2401 1799/2402 1759/2350
f 1759/2350 1799/2402 1800/2403
f 1799/2402 1803/2406 1802/2405
f 1800/2403 1799/2402 1802/2405
f 1803/2406 1801/2404 1802/2405
f 4838/6310 4832/6304 5256/6794
f 4832/6304 4830/6302 4829/6301
f 4829/6301 4831/6303 4834/6306
f 4834/6306 5367/7000 3403/4412
f 3403/4413 5367/7001 3292/4275
f 3300/4286 328/364 432/518
f 327/363 358/394 331/367
f 4435/5790 4436/5792 4430/5783
f 4429/5782 4430/5783 4431/5784
f 4432/5785 4437/5793 4427/5780
f 4427/5780 4437/5793 4434/5788
f 207/231 210/235 209/234
f 206/230 207/231 209/234
f 209/234 210/235 376/422
f 5109/6610 5111/6612 5108/6609
f 5117/6619 5202/6719 5203/6722
f 6472/8513 5202/6720 6473/8514
f 6500/8545 6392/8412 6379/8399
f 670/950 673/954 6358/8363
f 6622/8711 6592/8681 6623/8712
f 6647/8750 6758/8901 6744/8882
f 1593/2097 1616/2129 1798/2400
f 3668/4765 2398/3150 3679/4783
f 3290/4272 3300/4287 432/519
f 1603/2111 4436/5792 4435/5790
f 4428/5781 4431/5784 4432/5785
f 4434/5788 13/16 4449/5807
f 4449/5806 13/15 12/14
f 5203/6723 5202/6720 6472/8513
f 668/947 6511/8561 671/951
f 6820/8979 6821/8980 6817/8975
f 6695/8822 6836/9004 6665/8768
f 6583/8672 6590/8679 6589/8678
f 6647/8750 6744/8882 6646/8749
f 1758/2349 1802/2405 1801/2404
f 1758/2349 1801/2404 1760/2351
f 1809/2414 3668/4765 3680/4785
f 5256/6794 4832/6304 4842/6315
f 3292/4275 3284/4264 3297/4282
f 3283/4263 3289/4271 3296/4281
f 3299/4285 3403/4413 3292/4275
f 432/518 328/364 329/365
f 331/367 527/695 551/742
f 4429/5782 4431/5784 4428/5781
f 4428/5781 4432/5785 4427/5780
f 5105/6606 5108/6609 5110/6611
f 5110/6611 5117/6619 5105/6606
f 5203/6723 6472/8513 6471/8512
f 6471/8512 6472/8513 6500/8545
f 6471/8512 6500/8545 6399/8420
f 6399/8420 6500/8545 6379/8399
f 6399/8420 6379/8399 6378/8398
f 6379/8399 6377/8397 6378/8398
f 6394/8414 6511/8562 775/1120
f 775/1118 6511/8561 668/947
f 668/947 671/951 670/950
f 6233/8180 6230/8176 6234/8181
f 6815/8973 6695/8823 6819/8978
f 6819/8977 6695/8822 6665/8768
f 6584/8673 6590/8679 6583/8672
f 6622/8711 6623/8712 6621/8710
f 6623/8712 6647/8750 6646/8749
f 1687/2250 1798/2401 1759/2350
f 1759/2350 1800/2403 1802/2405
f 3680/4785 3668/4765 3679/4783
f 3680/4785 3679/4783 2438/3213
f 5382/7030 5256/6794 4842/6315
f 4842/6315 4832/6304 4841/6314
f 4839/6312 4832/6304 4829/6301
f 3284/4264 3283/4263 3296/4281
f 3297/4282 3284/4264 3296/4281
f 3299/4285 3292/4275 3298/4283
f 3298/4283 3292/4275 3297/4282
f 3296/4281 3289/4271 3301/4288
f 3301/4288 3289/4271 3290/4272
f 3301/4288 3290/4272 469/587
f 469/587 3290/4272 432/519
f 11/13 4449/5806 12/14
f 11/13 12/14 207/231
f 11/13 207/231 206/230
f 5193/6705 5109/6610 5103/6604
f 5160/6665 5117/6619 5203/6722
f 6470/8510 5203/6723 6471/8512
f 6378/8398 6377/8397 6376/8396
f 6376/8396 6394/8414 775/1120
f 670/950 6358/8363 6342/8336
f 6827/8987 6816/8974 6812/8970
f 6669/8772 6819/8977 6665/8768
f 6585/8674 6665/8768 6584/8673
f 6646/8749 6744/8882 6743/8880
f 1759/2350 1802/2405 1758/2349
f 4841/6314 4832/6304 4839/6312
f 4828/6300 4829/6301 4834/6306
f 4828/6300 4834/6306 3403/4412
f 4828/6300 3403/4412 5241/6774
f 5241/6774 3403/4412 3299/4284
f 469/586 432/518 329/365
f 329/365 328/364 327/363
f 4427/5780 4434/5788 4433/5787
f 4433/5787 4434/5788 4449/5807
f 367/407 206/230 209/234
f 5104/6605 5108/6609 5105/6606
f 5160/6665 5203/6722 6470/8511
f 6470/8510 6471/8512 6399/8420
f 668/947 670/950 669/948
f 669/948 670/950 6342/8336
f 6814/8972 6815/8973 6810/8967
f 6810/8967 6815/8973 6813/8971
f 6813/8971 6815/8973 6819/8978
f 6813/8971 6819/8978 6828/8989
f 6812/8970 6816/8974 6814/8972
f 6828/8988 6819/8977 6669/8772
f 6669/8772 6665/8768 6585/8674
f 6585/8674 6584/8673 6582/8671
f 6589/8678 6592/8681 6575/8664
f 6621/8710 6623/8712 6646/8749
f 6646/8749 6743/8880 6742/8878
f 1757/2348 1758/2349 1760/2351
f 1757/2348 1760/2351 1797/2399
f 1760/2351 1809/2415 1797/2399
f 1797/2398 1809/2414 3680/4785
f 5241/6774 3299/4284 5384/7034
f 5384/7035 3299/4285 3298/4283
f 3308/4297 3298/4283 3297/4282
f 3306/4295 3297/4282 3296/4281
f 3307/4296 3296/4281 3301/4288
f 469/586 329/365 3343/4341
f 329/365 327/363 330/366
f 330/366 327/363 331/367
f 345/381 331/367 551/742
f 345/381 551/742 550/740
f 4433/5786 4449/5806 11/13
f 5829/7627 367/407 209/234
f 5103/6604 5109/6610 5104/6605
f 5104/6605 5109/6610 5108/6609
f 5105/6606 5117/6619 5160/6665
f 6399/8420 6378/8398 6381/8401
f 6381/8401 6378/8398 6380/8400
f 6378/8398 6376/8396 6380/8400
f 6376/8396 775/1120 6382/8402
f 775/1119 758/1085 667/946
f 667/945 758/1084 668/947
f 666/944 668/947 669/948
f 6812/8970 6814/8972 6809/8966
f 6809/8966 6814/8972 6810/8967
f 6582/8671 6584/8673 6583/8672
f 6575/8664 6592/8681 6622/8711
f 1609/2121 1593/2097 1687/2249
f 1609/2121 1687/2249 1755/2345
f 1797/2398 3680/4785 3681/4786
f 3680/4785 2438/3213 3681/4786
f 5384/7035 3298/4283 3339/4336
f 3339/4336 3298/4283 3308/4297
f 3308/4297 3297/4282 3306/4295
f 3306/4295 3296/4281 3307/4296
f 4433/5786 11/13 10/12
f 10/12 11/13 206/230
f 5289/6848 5193/6705 5103/6604
f 6470/8510 6399/8420 6469/8509
f 6399/8420 6381/8401 6469/8509
f 6380/8400 6376/8396 6382/8402
f 6382/8402 775/1120 6506/8554
f 6506/8553 775/1118 667/945
f 6804/8960 6810/8967 6813/8971
f 6811/8969 6812/8970 6806/8962
f 6806/8962 6812/8970 6809/8966
f 6646/8749 6742/8878 6680/8792
f 1755/2346 1687/2250 1759/2350
f 3681/4786 2438/3213 2380/3130
f 3681/4786 2380/3130 3684/4790
f 4843/6317 4842/6315 4841/6314
f 4843/6317 4841/6314 4958/6446
f 3301/4288 469/587 3343/4342
f 3343/4341 329/365 332/368
f 332/368 329/365 330/366
f 4435/5790 4430/5783 4421/5772
f 4424/5775 4427/5780 4433/5787
f 205/229 206/230 367/407
f 667/945 668/947 666/944
f 6806/8962 6809/8966 6807/8963
f 6807/8963 6809/8966 6804/8960
f 6809/8966 6810/8967 6804/8960
f 6813/8971 6828/8989 6808/8965
f 6808/8964 6828/8988 6586/8675
f 6586/8675 6828/8988 6669/8772
f 6646/8749 6680/8792 6645/8748
f 1754/2344 1759/2350 1758/2349
f 5241/6774 5384/7034 5242/6775
f 3335/4331 3339/4336 3308/4297
f 3335/4331 3308/4297 3338/4335
f 3338/4335 3308/4297 3306/4295
f 5421/7112 5384/7035 3339/4336
f 5242/6775 5384/7034 5421/7111
f 3307/4296 3301/4288 3324/4319
f 345/381 550/740 893/1269
f 4421/5772 4430/5783 4429/5782
f 5105/6606 5160/6665 5161/6667
f 6382/8402 6506/8554 6393/8413
f 6393/8413 6506/8554 665/943
f 665/942 6506/8553 667/945
f 6805/8961 6811/8969 6806/8962
f 6806/8962 6807/8963 6803/8959
f 6804/8960 6813/8971 6808/8965
f 6586/8675 6669/8772 6585/8674
f 6582/8671 6583/8672 6581/8670
f 6583/8672 6589/8678 6588/8677
f 6588/8677 6589/8678 6575/8664
f 6621/8710 6646/8749 6645/8748
f 1755/2346 1759/2350 1754/2344
f 1754/2344 1758/2349 1757/2348
f 4836/6308 4828/6300 5241/6774
f 3306/4295 3307/4296 3321/4316
f 5421/7112 3339/4336 3335/4331
f 332/368 330/366 333/369
f 1625/2142 4435/5790 4421/5772
f 4421/5772 4429/5782 4422/5773
f 4429/5782 4423/5774 4422/5773
f 4423/5774 4427/5780 4424/5775
f 4424/5775 4433/5787 8/10
f 8/9 4433/5786 9/11
f 9/11 4433/5786 10/12
f 10/12 206/230 205/229
f 204/228 10/12 205/229
f 205/229 367/407 406/475
f 5327/6919 5289/6848 5102/6603
f 5102/6603 5289/6848 5103/6604
f 5161/6667 5160/6665 6474/8515
f 6474/8516 5160/6666 6469/8509
f 6474/8516 6469/8509 6510/8560
f 6469/8509 6381/8401 6510/8560
f 6510/8560 6381/8401 6386/8406
f 6382/8402 6393/8413 6384/8404
f 665/942 667/945 666/944
f 6805/8961 6806/8962 6800/8954
f 6800/8954 6806/8962 6803/8959
f 6799/8953 6804/8960 6808/8965
f 6586/8675 6585/8674 6582/8671
f 6581/8670 6583/8672 6588/8677
f 6620/8709 6621/8710 6645/8748
f 6645/8748 6680/8792 6731/8865
f 1754/2344 1757/2348 1756/2347
f 2372/3122 4958/6446 2429/3197
f 4958/6446 4841/6314 4840/6313
f 2429/3197 4958/6446 4840/6313
f 4840/6313 4841/6314 4839/6312
f 4840/6313 4839/6312 4829/6301
f 4829/6301 4828/6300 4827/6299
f 3338/4335 3306/4295 3326/4321
f 3326/4321 3306/4295 3322/4317
f 3322/4317 3306/4295 3321/4316
f 3301/4288 3343/4342 425/507
f 425/506 3343/4341 332/368
f 330/366 331/367 345/381
f 393/452 205/229 406/475
f 2812/3683 5327/6919 5102/6603
f 6386/8406 6381/8401 6380/8400
f 6380/8400 6382/8402 6383/8403
f 6383/8403 6382/8402 6384/8404
f 6384/8404 6393/8413 6405/8428
f 666/944 669/948 6314/8295
f 6803/8959 6807/8963 6804/8960
f 6803/8959 6804/8960 6799/8953
f 6692/8816 6808/8964 6586/8675
f 1756/2347 1757/2348 3755/4900
f 3755/4900 1757/2348 1797/2399
f 3681/4786 3684/4790 3685/4792
f 3685/4792 3684/4790 2366/3114
f 4827/6299 4828/6300 4824/6296
f 4824/6296 4828/6300 4836/6308
f 4836/6308 5242/6775 5421/7111
f 4836/6308 5421/7111 5407/7082
f 5407/7081 5421/7112 3335/4331
f 3335/4331 3338/4335 3328/4323
f 3328/4323 3338/4335 3326/4321
f 3321/4316 3307/4296 3324/4319
f 3324/4319 3301/4288 3342/4340
f 3342/4340 3301/4288 425/507
f 2724/3575 406/476 2725/3576
f 5179/6689 5105/6606 5161/6667
f 5409/7085 5161/6667 6474/8515
f 5409/7086 6474/8516 6510/8560
f 5409/7086 6510/8560 6551/8620
f 6551/8620 6510/8560 6503/8550
f 7224/9515 6805/8961 6800/8954
f 6800/8954 6803/8959 6798/8952
f 6798/8952 6803/8959 6799/8953
f 6799/8953 6808/8965 6692/8817
f 6692/8816 6586/8675 6666/8769
f 1618/2132 1688/2251 1753/2342
f 1755/2346 1754/2344 1749/2338
f 3755/4899 1797/2398 3681/4786
f 3755/4899 3681/4786 3686/4793
f 3686/4793 3681/4786 3685/4792
f 4837/6309 4836/6308 5407/7082
f 4421/5772 4422/5773 4419/5770
f 4422/5773 4423/5774 4419/5770
f 4420/5771 4424/5775 8/10
f 5179/6689 5161/6667 5409/7085
f 6792/8942 6799/8953 6692/8817
f 6587/8676 6586/8675 6582/8671
f 6645/8748 6731/8865 6730/8863
f 1753/2342 1688/2251 1755/2345
f 1747/2336 1749/2338 1754/2344
f 1754/2344 1756/2347 1752/2341
f 2429/3197 4840/6313 5251/6787
f 5251/6787 4840/6313 4951/6437
f 4840/6313 4829/6301 4827/6299
f 4824/6296 4836/6308 4837/6309
f 5407/7081 3335/4331 3334/4330
f 3334/4330 3335/4331 3328/4323
f 425/506 332/368 3417/4432
f 3417/4432 332/368 333/369
f 4416/5767 1625/2142 4421/5772
f 4416/5767 4421/5772 4419/5770
f 4419/5770 4423/5774 4420/5771
f 4423/5774 4424/5775 4420/5771
f 4420/5771 8/10 4418/5769
f 204/228 205/229 208/232
f 208/232 205/229 393/452
f 2812/3684 2807/3675 2802/3666
f 2807/3674 2812/3683 5102/6603
f 5102/6603 5103/6604 5104/6605
f 5106/6607 5105/6606 5179/6689
f 6384/8404 6405/8428 654/920
f 654/919 6405/8427 665/942
f 6797/8951 7224/9515 6800/8954
f 6797/8951 6800/8954 6793/8943
f 6793/8943 6800/8954 6798/8952
f 6791/8941 6798/8952 6792/8942
f 6798/8952 6799/8953 6792/8942
f 6792/8942 6692/8817 6802/8958
f 6802/8957 6692/8816 6666/8769
f 6578/8667 6588/8677 6575/8664
f 1753/2343 1755/2346 1749/2338
f 1747/2336 1754/2344 1752/2341
f 1752/2341 1756/2347 3755/4900
f 3685/4792 2365/3112 3688/4795
f 2373/3123 2371/3120 5251/6788
f 4823/6295 4827/6299 4824/6296
f 5300/6868 4837/6309 5407/7082
f 5300/6869 5407/7081 3334/4330
f 3327/4322 3328/4323 3326/4321
f 3322/4317 3321/4316 3323/4318
f 3326/4321 3322/4317 3323/4318
f 3323/4318 3321/4316 3324/4319
f 3323/4318 3324/4319 3325/4320
f 3324/4319 3342/4340 3341/4339
f 3342/4340 425/507 3341/4339
f 3341/4338 425/506 3417/4432
f 333/369 330/366 334/370
f 330/366 345/381 344/380
f 345/381 893/1269 423/503
f 344/380 345/381 423/503
f 8/9 9/11 5/6
f 5/6 9/11 10/12
f 208/232 393/452 2723/3573
f 5238/6769 2807/3674 5102/6603
f 5179/6690 5409/7086 6558/8634
f 6558/8633 5409/7087 6551/8619
f 6503/8550 6386/8406 6502/8549
f 6502/8549 6386/8406 6383/8403
f 664/941 665/942 666/944
f 664/941 666/944 757/1083
f 757/1083 666/944 6314/8295
f 6792/8942 6802/8958 6801/8956
f 6666/8769 6586/8675 6587/8676
f 6645/8748 6730/8863 6640/8743
f 6640/8743 6730/8863 6681/8794
f 1600/2107 1618/2132 1753/2342
f 3333/4329 5300/6869 3334/4330
f 3333/4329 3334/4330 3328/4323
f 3329/4324 3333/4329 3328/4323
f 3329/4324 3328/4323 3327/4322
f 3327/4322 3326/4321 3323/4318
f 3325/4320 3324/4319 3341/4339
f 334/370 330/366 344/380
f 5/6 10/12 204/228
f 5238/6769 5102/6603 5101/6602
f 6558/8633 6551/8619 6548/8613
f 6548/8614 6551/8620 6503/8550
f 6548/8614 6503/8550 6502/8549
f 6457/8491 6502/8549 6383/8403
f 654/919 665/942 664/941
f 757/1083 6314/8295 6227/8172
f 6791/8941 6792/8942 6790/8940
f 6801/8955 6802/8957 6666/8769
f 6578/8667 6581/8670 6588/8677
f 6620/8709 6645/8748 6640/8743
f 1752/2341 3755/4900 1748/2337
f 1748/2337 3755/4900 3756/4902
f 3756/4901 3755/4899 3686/4793
f 5251/6787 4951/6437 5252/6789
f 4951/6437 4840/6313 4946/6432
f 4946/6432 4840/6313 4827/6299
f 4823/6295 4824/6296 4825/6297
f 4825/6297 4824/6296 4837/6309
f 3333/4329 3329/4324 3332/4327
f 3327/4322 3323/4318 3336/4332
f 3344/4343 3341/4339 3417/4433
f 4417/5768 4420/5771 4418/5769
f 5102/6603 5104/6605 5100/6601
f 5100/6601 5104/6605 5105/6606
f 5100/6601 5105/6606 5106/6607
f 5106/6607 5179/6689 6532/8591
f 6383/8403 6384/8404 6456/8490
f 6457/8491 6383/8403 6456/8490
f 6221/8164 6220/8162 6223/8167
f 6223/8167 6226/8171 6227/8173
f 6790/8940 6792/8942 6789/8939
f 6789/8939 6792/8942 6801/8956
f 6789/8939 6801/8956 6795/8947
f 6607/8696 6582/8671 6581/8670
f 6622/8711 6621/8710 6576/8665
f 6576/8665 6621/8710 6620/8709
f 6681/8795 6720/8851 6728/8860
f 1739/2325 1753/2343 1749/2338
f 1747/2336 1752/2341 1748/2337
f 1627/2144 1600/2107 1739/2324
f 3686/4793 3685/4792 3687/4794
f 3687/4794 3685/4792 3688/4795
f 4825/6297 4837/6309 5300/6868
f 5300/6868 3333/4328 3381/4385
f 4825/6297 5300/6868 3381/4385
f 3381/4386 3333/4329 3332/4327
f 3325/4320 3341/4339 3344/4343
f 4416/5767 4419/5770 4415/5766
f 4415/5766 4419/5770 4420/5771
f 4415/5766 4420/5771 4417/5768
f 4418/5769 8/10 1/2
f 1/1 8/9 5/6
f 216/242 204/228 208/232
f 2722/3572 2721/3571 2723/3574
f 6532/8592 5179/6690 6531/8590
f 6531/8590 5179/6690 6558/8634
f 6531/8590 6558/8634 6552/8621
f 6552/8622 6558/8633 6548/8613
f 6497/8542 6548/8614 6502/8549
f 6462/8496 6456/8489 654/919
f 6794/8945 6797/8951 6788/8938
f 6788/8938 6797/8951 6793/8943
f 6788/8938 6793/8943 6791/8941
f 6791/8941 6790/8940 6788/8938
f 6658/8761 6666/8769 6587/8676
f 6575/8664 6622/8711 6576/8665
f 1749/2338 1747/2336 1740/2326
f 3687/4794 3688/4795 3689/4796
f 3330/4325 3332/4327 3329/4324
f 3330/4325 3329/4324 3327/4322
f 3330/4325 3327/4322 3331/4326
f 3323/4318 3325/4320 3340/4337
f 3340/4337 3325/4320 3346/4345
f 3346/4345 3325/4320 3344/4343
f 1624/2140 1625/2142 4416/5767
f 2804/3669 2808/3676 2813/3686
f 2813/3685 5238/6769 5101/6602
f 5101/6602 5102/6603 5100/6601
f 6552/8621 6548/8614 6497/8542
f 6497/8542 6502/8549 6460/8494
f 6460/8494 6502/8549 6457/8491
f 6460/8494 6457/8491 6458/8492
f 6457/8491 6456/8490 6458/8492
f 6458/8492 6456/8490 6459/8493
f 6459/8493 6456/8490 6462/8497
f 6462/8496 654/919 653/918
f 653/918 654/919 664/941
f 759/1086 664/941 757/1083
f 6795/8946 6801/8955 6658/8761
f 6640/8743 6681/8794 6728/8859
f 1739/2325 1749/2338 1736/2320
f 1736/2320 1749/2338 1740/2326
f 2350/3091 2354/3097 5252/6790
f 2350/3091 5252/6790 2428/3196
f 5252/6789 4951/6437 5253/6791
f 2428/3195 5252/6789 5253/6791
f 5253/6791 4951/6437 4946/6432
f 3381/4386 3332/4327 3337/4334
f 3331/4326 3327/4322 3336/4332
f 3337/4334 3332/4327 3330/4325
f 3336/4332 3323/4318 3340/4337
f 3344/4343 3417/4433 3350/4350
f 3350/4349 3417/4432 333/369
f 4408/5756 4416/5767 4415/5766
f 4410/5758 4415/5766 4411/5759
f 4415/5766 4417/5768 4411/5759
f 4/5 1/1 5/6
f 202/226 5/6 204/228
f 5100/6601 5106/6607 5107/6608
f 5106/6607 6532/8591 6530/8588
f 6530/8589 6532/8592 6531/8590
f 6785/8933 6788/8938 6784/8932
f 6788/8938 6790/8940 6784/8932
f 6784/8932 6790/8940 6789/8939
f 6784/8932 6789/8939 6782/8930
f 6782/8930 6789/8939 6795/8947
f 1737/2321 1748/2337 3756/4902
f 1737/2321 3756/4902 3742/4873
f 1740/2326 1747/2336 1735/2319
f 1747/2336 1748/2337 1737/2321
f 1735/2319 1747/2336 1737/2321
f 3756/4901 3686/4793 3742/4872
f 3742/4872 3686/4793 3687/4794
f 4827/6299 4823/6295 4818/6290
f 4823/6295 4825/6297 4822/6294
f 3336/4332 3340/4337 3349/4348
f 3346/4345 3344/4343 3350/4350
f 335/371 333/369 334/370
f 334/370 344/380 336/372
f 4412/5761 4416/5767 4409/5757
f 4409/5757 4416/5767 4408/5756
f 4411/5759 4417/5768 4418/5769
f 2813/3685 5101/6602 5095/6596
f 5107/6608 5106/6607 6530/8588
f 6530/8589 6531/8590 6498/8543
f 6498/8543 6531/8590 6552/8621
f 6461/8495 6458/8492 6459/8493
f 6501/8546 6459/8493 6466/8505
f 6782/8930 6795/8947 6796/8949
f 6796/8948 6795/8946 6658/8761
f 6658/8761 6587/8676 6619/8708
f 6577/8666 6578/8667 6579/8668
f 6579/8668 6578/8667 6575/8664
f 6640/8743 6728/8859 6676/8784
f 1739/2325 1736/2320 1721/2303
f 3742/4872 3687/4794 3694/4803
f 4818/6290 4823/6295 4822/6294
f 4822/6294 4825/6297 3381/4385
f 3345/4344 3330/4325 3331/4326
f 3350/4349 333/369 354/390
f 354/390 333/369 335/371
f 336/372 344/380 423/503
f 336/372 423/503 913/1300
f 4411/5759 4418/5769 4406/5754
f 4406/5754 4418/5769 1/2
f 4/5 5/6 7/8
f 7/8 5/6 202/226
f 2804/3669 2763/3619 2756/3610
f 5095/6596 5101/6602 5100/6601
f 6498/8543 6552/8621 6480/8523
f 6480/8523 6552/8621 6497/8542
f 6480/8523 6497/8542 6478/8521
f 6478/8521 6497/8542 6460/8494
f 6478/8521 6460/8494 6461/8495
f 6461/8495 6460/8494 6458/8492
f 6461/8495 6459/8493 6501/8546
f 6466/8504 6462/8496 652/917
f 652/917 6462/8496 653/918
f 664/941 759/1086 657/925
f 6794/8945 6788/8938 6780/8928
f 6780/8928 6788/8938 6785/8933
f 6796/8948 6658/8761 6659/8762
f 6659/8762 6658/8761 6619/8708
f 6605/8694 6581/8670 6580/8669
f 6580/8669 6581/8670 6578/8667
f 6576/8665 6620/8709 6600/8689
f 6620/8709 6640/8743 6630/8723
f 6676/8785 6728/8860 6712/8843
f 1125/1581 1739/2325 1721/2303
f 1736/2320 1740/2326 1728/2310
f 1728/2310 1740/2326 1735/2319
f 1735/2319 1737/2321 1716/2297
f 1716/2297 1737/2321 1727/2309
f 1727/2309 1737/2321 3742/4873
f 1627/2144 1739/2324 1125/1580
f 3687/4794 3689/4796 3690/4797
f 3689/4796 2351/3092 3691/4799
f 3690/4797 3689/4796 3691/4799
f 5253/6791 4946/6432 5254/6792
f 4946/6432 4827/6299 4818/6290
f 3337/4334 3330/4325 3347/4346
f 3347/4346 3330/4325 3345/4344
f 335/371 334/370 336/372
f 4649/6071 2763/3620 2804/3668
f 5095/6596 5100/6601 5096/6597
f 5096/6597 5100/6601 5107/6608
f 7212/9489 6794/8945 6780/8928
f 6780/8928 6785/8933 6784/8932
f 6780/8928 6784/8932 6781/8929
f 6781/8929 6784/8932 6782/8930
f 6782/8930 6796/8949 6783/8931
f 6619/8708 6587/8676 6607/8696
f 6606/8695 6581/8670 6605/8694
f 6579/8668 6575/8664 6574/8663
f 6600/8689 6620/8709 6630/8723
f 6630/8723 6640/8743 6676/8784
f 5307/6880 2428/3195 5253/6791
f 3345/4344 3331/4326 3348/4347
f 3348/4347 3331/4326 3336/4332
f 3336/4332 3349/4348 3348/4347
f 555/751 3350/4349 354/390
f 4408/5756 4410/5758 4405/5752
f 202/226 204/228 203/227
f 203/227 204/228 216/242
f 203/227 216/242 2711/3559
f 2711/3559 216/242 429/512
f 5107/6608 6530/8588 6529/8586
f 653/918 664/941 657/925
f 6779/8927 6782/8930 6783/8931
f 6783/8931 6796/8949 6831/8994
f 6831/8993 6796/8948 6659/8762
f 6607/8696 6587/8676 6582/8671
f 6607/8696 6581/8670 6606/8695
f 6580/8669 6578/8667 6577/8666
f 6630/8723 6676/8784 6672/8776
f 1721/2303 1736/2320 1728/2310
f 1728/2310 1735/2319 1716/2297
f 1124/1579 1627/2144 1125/1580
f 3694/4803 3687/4794 3690/4797
f 4818/6290 4822/6294 4817/6289
f 4822/6294 3381/4385 3337/4333
f 4409/5757 4408/5756 4404/5751
f 4405/5752 4410/5758 4411/5759
f 4406/5753 1/1 2/3
f 2/3 1/1 4/5
f 6529/8587 6530/8589 6498/8543
f 6480/8523 6478/8521 6479/8522
f 6479/8522 6478/8521 6461/8495
f 6479/8522 6461/8495 6501/8546
f 6501/8548 6466/8504 652/917
f 6781/8929 6782/8930 6779/8927
f 6575/8664 6576/8665 6574/8663
f 1727/2309 3742/4873 3747/4884
f 1715/2296 1721/2303 1728/2310
f 3747/4883 3742/4872 3694/4803
f 5254/6792 4946/6432 4948/6434
f 4948/6434 4946/6432 4818/6290
f 4822/6294 3337/4333 5266/6810
f 5266/6811 3337/4334 3362/4363
f 3362/4363 3337/4334 3347/4346
f 1657/2191 4412/5761 4409/5757
f 1657/2191 4409/5757 4403/5750
f 4403/5750 4409/5757 4404/5751
f 4404/5751 4408/5756 4405/5752
f 4405/5752 4411/5759 4407/5755
f 4649/6071 2804/3668 4650/6073
f 6481/8524 6480/8523 6479/8522
f 662/936 6501/8548 652/917
f 7212/9489 6780/8928 6778/8926
f 6780/8928 6781/8929 6777/8925
f 6781/8929 6779/8927 6777/8925
f 6580/8669 6577/8666 7235/9535
f 6577/8666 6579/8668 7246/9550
f 1746/2335 1125/1581 1721/2303
f 3347/4346 3345/4344 3351/4351
f 354/390 335/371 339/375
f 4407/5755 4411/5759 4406/5754
f 5096/6597 5107/6608 5165/6671
f 6498/8543 6480/8523 6481/8524
f 6555/8627 6479/8522 6501/8546
f 6559/8636 6501/8547 662/938
f 6778/8926 6780/8928 6777/8925
f 6636/8735 6580/8669 7235/9535
f 7235/9535 6577/8666 7233/9532
f 7233/9532 6577/8666 7246/9550
f 1717/2298 1716/2297 1727/2309
f 1717/2298 1727/2309 3747/4884
f 1124/1579 1125/1580 1746/2334
f 1715/2296 1728/2310 1716/2297
f 3348/4347 3349/4348 3352/4352
f 3355/4355 3349/4348 3340/4337
f 3356/4356 3340/4337 3346/4345
f 3346/4345 3350/4350 3356/4356
f 3356/4356 3350/4350 555/750
f 4650/6073 5095/6596 5094/6595
f 5165/6671 5107/6608 6529/8586
f 6776/8924 6779/8927 6783/8931
f 6831/8993 6659/8762 6650/8753
f 6650/8753 6659/8762 6619/8708
f 6635/8732 6580/8669 6636/8735
f 7240/9544 7241/9545 7086/9342
f 7086/9342 7241/9545 7244/9548
f 7243/9547 7233/9533 7246/9551
f 6600/8689 6630/8723 6639/8742
f 1746/2335 1721/2303 1720/2302
f 1720/2302 1721/2303 1712/2293
f 1712/2293 1721/2303 1715/2296
f 5255/6793 5254/6792 4948/6434
f 4947/6433 4948/6434 4818/6290
f 3353/4353 3347/4346 3351/4351
f 3351/4351 3345/4344 3348/4347
f 3352/4352 3349/4348 3355/4355
f 3355/4355 3340/4337 3356/4356
f 5094/6595 5095/6596 5096/6597
f 5165/6671 6529/8586 5208/6729
f 6482/8525 6481/8524 6479/8522
f 6555/8628 6501/8547 6559/8636
f 652/917 653/918 650/915
f 6777/8925 6779/8927 6776/8924
f 6619/8708 6607/8696 6618/8707
f 6635/8733 6636/8736 7232/9530
f 7039/9281 7086/9341 7082/9334
f 7081/9333 7039/9281 7082/9334
f 7082/9334 7086/9341 7080/9332
f 7080/9332 7086/9341 7252/9557
f 7246/9550 6579/8668 6629/8720
f 6579/8668 6574/8663 6573/8662
f 1709/2290 1715/2296 1716/2297
f 1714/2295 1716/2297 1717/2298
f 2334/3074 2339/3079 5307/6881
f 4818/6290 4817/6289 4816/6288
f 4817/6289 4822/6294 4821/6293
f 4821/6293 4822/6294 5266/6810
f 3362/4363 3347/4346 3353/4353
f 4398/5742 4405/5752 4407/5755
f 4398/5742 4407/5755 4406/5754
f 4648/6070 4649/6071 4650/6073
f 6498/8543 6481/8524 6483/8526
f 7212/9489 6778/8926 6773/8921
f 6778/8926 6777/8925 6773/8921
f 6774/8922 6777/8925 6776/8924
f 6783/8931 6831/8994 6688/8808
f 6688/8809 6831/8993 6650/8753
f 7019/9254 7018/9253 7015/9250
f 7015/9250 7018/9253 7016/9251
f 7018/9253 7026/9263 7033/9271
f 7033/9271 7026/9263 7039/9282
f 7033/9270 7039/9281 7081/9333
f 7081/9333 7082/9334 7069/9321
f 7069/9321 7082/9334 7080/9332
f 7252/9558 7248/9553 7087/9345
f 7248/9553 7251/9556 7044/9288
f 3351/4351 3348/4347 3352/4352
f 339/375 335/371 337/373
f 337/373 335/371 336/372
f 337/373 336/372 338/374
f 4397/5741 1657/2191 4403/5750
f 2713/3562 2712/3561 429/513
f 6482/8525 6479/8522 6555/8627
f 6787/8936 7212/9489 6773/8921
f 6773/8921 6777/8925 6774/8922
f 6776/8924 6783/8931 6775/8923
f 6775/8923 6783/8931 6688/8808
f 6580/8669 6635/8732 6632/8725
f 6635/8734 7232/9531 7015/9250
f 7232/9531 7019/9254 7015/9250
f 7016/9251 7018/9253 7085/9340
f 7033/9270 7081/9333 7070/9322
f 7070/9322 7081/9333 7069/9321
f 7069/9321 7080/9332 7065/9317
f 7065/9317 7080/9332 7079/9331
f 6629/8720 6579/8668 7050/9295
f 6639/8742 6672/8776 6677/8787
f 1118/1573 1124/1579 1746/2334
f 1118/1573 1746/2334 1734/2317
f 1712/2293 1715/2296 1709/2290
f 1709/2290 1716/2297 1714/2295
f 3747/4883 3694/4803 1718/2299
f 2334/3074 5307/6881 2422/3184
f 4947/6433 4818/6290 4816/6288
f 5266/6811 3362/4363 3366/4367
f 3366/4367 3362/4363 3353/4353
f 336/372 913/1300 4564/5959
f 1608/2119 1657/2191 4397/5741
f 4648/6070 4650/6073 5094/6595
f 5099/6600 5096/6597 5165/6671
f 5208/6729 6529/8586 6560/8637
f 6529/8587 6498/8543 6560/8638
f 6560/8638 6498/8543 6483/8526
f 6482/8525 6483/8526 6481/8524
f 662/936 652/917 651/916
f 6772/8920 6774/8922 6776/8924
f 6772/8920 6776/8924 6775/8923
f 6635/8734 7015/9250 7022/9257
f 7022/9257 7015/9250 7017/9252
f 7015/9250 7016/9251 7017/9252
f 7017/9252 7016/9251 7027/9264
f 7027/9264 7016/9251 7085/9340
f 7085/9339 7033/9270 7070/9322
f 7064/9316 7070/9322 7069/9321
f 7064/9316 7069/9321 7065/9317
f 7079/9331 7087/9343 7083/9335
f 1717/2298 3747/4884 1718/2300
f 3353/4353 3351/4351 3354/4354
f 3356/4356 555/750 559/759
f 559/758 555/751 354/390
f 4403/5750 4404/5751 4399/5743
f 4398/5742 4406/5754 4400/5745
f 4400/5744 4406/5753 2/3
f 2/3 4/5 7/8
f 4648/6070 5094/6595 5097/6598
f 2713/3562 2733/3586 2732/3585
f 5094/6595 5096/6597 5092/6593
f 6559/8635 662/937 6505/8552
f 653/918 657/925 6215/8156
f 6688/8809 6650/8753 6618/8707
f 6650/8753 6619/8708 6618/8707
f 7022/9257 7017/9252 7028/9265
f 7028/9265 7017/9252 7027/9264
f 6635/8734 7022/9257 7023/9258
f 7085/9339 7070/9322 7075/9327
f 7075/9327 7070/9322 7066/9318
f 7066/9318 7070/9322 7064/9316
f 7063/9315 7065/9317 7079/9331
f 6677/8786 6732/8867 6685/8802
f 1746/2335 1720/2302 1719/2301
f 1720/2302 1712/2293 1719/2301
f 1710/2291 1709/2290 1714/2295
f 4821/6293 5266/6810 5292/6854
f 5292/6854 5266/6810 3366/4368
f 3355/4355 3356/4356 3361/4362
f 4397/5741 4403/5750 4399/5743
f 4404/5751 4405/5752 4399/5743
f 4399/5743 4405/5752 4398/5742
f 6495/8540 6482/8525 6555/8627
f 663/939 662/936 651/916
f 6765/8913 6773/8921 6774/8922
f 6765/8913 6774/8922 6763/8911
f 6763/8911 6774/8922 6772/8920
f 6764/8912 6772/8920 6775/8923
f 6764/8912 6775/8923 6688/8808
f 6580/8669 6632/8725 6570/8658
f 7023/9258 7022/9257 7029/9266
f 7029/9266 7022/9257 7028/9265
f 7028/9265 7027/9264 7032/9269
f 6632/8726 6635/8734 7023/9258
f 7036/9276 7027/9264 7085/9340
f 7036/9275 7085/9339 7075/9327
f 7063/9315 7064/9316 7065/9317
f 7063/9315 7079/9331 7078/9330
f 7078/9330 7079/9331 7083/9335
f 3690/4797 3691/4799 3692/4800
f 5255/6793 4948/6434 4949/6435
f 4949/6435 4948/6434 4947/6433
f 3354/4354 3351/4351 3358/4359
f 3358/4359 3351/4351 3359/4360
f 3359/4360 3351/4351 3352/4352
f 3352/4352 3355/4355 3360/4361
f 3360/4361 3355/4355 3361/4362
f 3366/4367 3353/4353 3354/4354
f 3361/4362 3356/4356 559/759
f 5092/6593 5096/6597 5099/6600
f 6555/8627 6559/8635 6505/8552
f 6505/8552 662/937 663/940
f 6483/8526 6482/8525 6484/8527
f 6484/8527 6482/8525 6495/8540
f 650/915 653/918 6215/8156
f 6787/8936 6773/8921 6765/8913
f 6786/8934 6787/8936 6765/8913
f 6763/8911 6772/8920 6764/8912
f 6632/8726 7023/9258 7030/9267
f 7030/9267 7023/9258 7029/9266
f 7029/9266 7028/9265 7031/9268
f 7031/9268 7028/9265 7032/9269
f 7032/9269 7027/9264 7036/9276
f 7075/9327 7066/9318 7067/9319
f 7061/9313 7066/9318 7064/9316
f 7078/9330 7083/9335 7056/9304
f 7056/9303 7083/9336 7048/9292
f 7050/9295 6579/8668 6573/8662
f 1718/2300 1714/2295 1717/2298
f 1734/2318 1746/2335 1719/2301
f 1708/2289 1719/2301 1712/2293
f 1708/2289 1712/2293 1709/2290
f 338/374 336/372 4564/5959
f 4647/6069 4648/6070 5097/6598
f 6495/8540 6555/8627 6505/8552
f 6605/8694 6580/8669 6570/8658
f 7034/9272 7030/9267 7029/9266
f 7034/9272 7029/9266 7031/9268
f 7032/9269 7036/9276 7270/9585
f 7036/9275 7075/9327 7076/9328
f 7270/9584 7036/9275 7076/9328
f 7076/9328 7075/9327 7067/9319
f 7067/9319 7066/9318 7061/9313
f 7064/9316 7063/9315 7061/9313
f 7068/9320 7063/9315 7078/9330
f 7049/9293 7050/9295 6573/8662
f 1708/2289 1709/2290 1710/2291
f 1718/2299 3694/4803 3693/4802
f 3693/4802 3694/4803 3690/4797
f 4949/6435 4947/6433 4816/6288
f 202/226 203/227 200/224
f 200/224 203/227 2711/3559
f 5093/6594 5097/6598 5094/6595
f 651/916 652/917 650/915
f 6762/8910 6763/8911 6764/8912
f 6768/8916 6764/8912 6688/8808
f 6686/8804 6688/8809 6618/8707
f 6686/8804 6618/8707 6664/8767
f 6570/8658 6632/8725 6633/8727
f 6632/8726 7030/9267 6633/8728
f 6633/8728 7030/9267 7034/9272
f 7034/9272 7031/9268 7035/9273
f 7035/9273 7031/9268 7032/9269
f 7037/9277 7032/9269 7270/9585
f 7067/9319 7061/9313 7060/9312
f 7061/9313 7063/9315 7062/9314
f 7078/9330 7056/9304 7058/9307
f 7058/9308 7056/9303 7051/9297
f 6671/8774 6639/8742 6677/8787
f 1708/2289 1710/2291 1711/2292
f 1710/2291 1714/2295 1723/2305
f 2328/3068 2334/3074 2422/3184
f 4812/6283 5255/6793 4949/6435
f 4815/6287 4816/6288 4817/6289
f 4819/6291 4817/6289 4821/6293
f 3359/4360 3352/4352 3360/4361
f 3366/4367 3354/4354 5425/7120
f 5425/7120 3354/4354 3363/4364
f 4397/5741 4399/5743 4391/5734
f 4391/5734 4399/5743 4398/5742
f 4398/5742 4400/5745 4395/5738
f 4395/5738 4400/5745 4396/5740
f 4396/5739 4400/5744 2/3
f 200/224 2711/3559 218/245
f 4647/6069 5097/6598 4645/6066
f 4645/6066 5097/6598 5093/6594
f 5094/6595 5092/6593 5093/6594
f 6765/8913 6763/8911 6762/8910
f 6767/8915 6765/8913 6762/8910
f 6762/8910 6764/8912 6766/8914
f 6766/8914 6764/8912 6768/8916
f 6768/8916 6688/8808 6686/8805
f 6664/8767 6618/8707 6617/8706
f 6633/8728 7034/9272 7038/9279
f 7038/9279 7034/9272 7035/9273
f 7035/9273 7032/9269 7037/9277
f 7076/9328 7067/9319 7071/9323
f 7062/9314 7068/9320 7073/9325
f 7068/9320 7078/9330 7073/9325
f 7073/9325 7078/9330 7058/9307
f 7058/9308 7051/9297 7112/9374
f 6568/8656 7049/9293 6573/8662
f 6598/8687 6576/8665 6600/8689
f 6600/8689 6639/8742 6638/8741
f 4815/6287 4817/6289 4819/6291
f 3358/4359 3359/4360 3365/4366
f 3354/4354 3358/4359 3363/4364
f 559/758 354/390 347/383
f 347/383 354/390 339/375
f 1608/2119 4397/5741 4390/5733
f 4390/5733 4397/5741 4392/5735
f 4392/5735 4397/5741 4391/5734
f 4394/5737 4398/5742 4395/5738
f 4396/5739 2/3 3/4
f 3/4 2/3 7/8
f 6786/8934 6765/8913 6767/8915
f 7038/9280 7035/9274 7259/9569
f 7259/9569 7035/9274 7037/9278
f 7256/9566 6633/8729 7257/9567
f 7257/9567 6633/8729 7038/9280
f 7267/9579 7037/9278 7270/9586
f 7267/9578 7270/9584 7076/9328
f 7267/9578 7076/9328 7268/9580
f 7268/9580 7076/9328 7071/9323
f 7071/9323 7067/9319 7060/9312
f 7060/9312 7061/9313 7062/9314
f 7073/9325 7058/9307 7059/9309
f 7054/9300 6624/8714 7055/9301
f 6574/8663 6576/8665 6598/8687
f 6707/8838 6747/8886 6746/8885
f 1725/2307 1718/2300 1738/2322
f 1118/1573 1734/2317 1732/2315
f 1719/2301 1708/2289 1722/2304
f 1708/2289 1711/2292 1713/2294
f 1711/2292 1710/2291 1723/2305
f 3693/4802 3690/4797 3692/4800
f 2328/3068 2422/3184 2421/3182
f 5292/6854 3366/4368 5425/7119
f 3364/4365 3358/4359 3365/4366
f 4391/5734 4398/5742 4393/5736
f 3/4 7/8 6/7
f 7/8 202/226 201/225
f 201/225 202/226 200/224
f 5089/6590 5093/6594 5092/6593
f 6504/8551 6495/8540 6505/8552
f 6504/8551 6505/8552 6508/8557
f 5208/6729 6560/8637 5390/7047
f 6560/8638 6483/8526 6561/8640
f 6483/8526 6484/8527 6561/8640
f 6561/8640 6484/8527 6485/8528
f 6485/8528 6484/8527 6495/8540
f 6617/8706 6618/8707 6607/8696
f 7257/9567 7038/9280 7258/9568
f 7258/9568 7038/9280 7259/9569
f 7259/9569 7037/9278 7267/9579
f 7062/9314 7073/9325 7077/9329
f 7077/9329 7073/9325 7059/9309
f 7059/9311 7112/9375 7106/9364
f 7057/9306 7106/9364 7112/9375
f 1722/2304 1708/2289 1713/2294
f 4950/6436 4949/6435 4816/6288
f 4821/6293 5292/6854 5293/6855
f 5293/6855 5292/6854 5425/7119
f 3363/4364 3358/4359 3364/4365
f 338/374 4564/5959 386/440
f 4393/5736 4398/5742 4394/5737
f 6/7 7/8 201/225
f 5089/6590 5092/6593 5090/6591
f 5099/6600 5165/6671 5206/6727
f 5206/6727 5165/6671 5208/6729
f 5390/7046 6560/8639 6561/8641
f 6485/8528 6495/8540 6487/8530
f 6762/8910 6766/8914 6769/8917
f 6769/8917 6766/8914 6768/8916
f 6769/8917 6768/8916 6830/8992
f 6830/8992 6768/8916 6686/8805
f 7256/9566 7257/9567 7260/9570
f 7260/9570 7257/9567 7258/9568
f 7260/9570 7258/9568 7261/9571
f 7258/9568 7259/9569 7262/9572
f 7267/9579 7268/9581 7266/9577
f 7269/9582 7268/9580 7071/9323
f 7071/9323 7060/9312 7074/9326
f 7074/9326 7060/9312 7072/9324
f 7072/9324 7060/9312 7062/9314
f 7072/9324 7062/9314 7077/9329
f 6571/8659 6624/8713 6568/8656
f 6568/8656 6624/8713 7049/9293
f 6599/8688 6600/8689 6638/8741
f 1732/2314 1734/2318 1722/2304
f 1722/2304 1734/2318 1719/2301
f 1713/2294 1711/2292 1724/2306
f 3365/4366 3359/4360 3368/4370
f 3367/4369 3361/4362 559/759
f 3370/4372 559/758 347/383
f 5092/6593 5099/6600 5090/6591
f 5206/6727 5208/6729 5207/6728
f 5207/6728 5208/6729 5390/7047
f 6487/8530 6495/8540 6504/8551
f 648/913 650/915 6215/8156
f 648/913 6215/8156 6318/8303
f 6839/9011 6786/8934 6767/8915
f 6839/9011 6767/8915 6771/8919
f 6771/8919 6767/8915 6770/8918
f 6770/8918 6767/8915 6762/8910
f 6617/8706 6607/8696 6616/8705
f 6609/8698 6607/8696 6608/8697
f 6607/8696 6606/8695 6608/8697
f 6608/8697 6606/8695 6604/8693
f 6570/8658 6633/8727 7256/9565
f 7261/9571 7258/9568 7262/9572
f 6634/8731 7256/9566 7260/9570
f 7263/9573 7260/9570 7261/9571
f 7266/9577 7259/9569 7267/9579
f 7262/9572 7259/9569 7266/9577
f 7266/9577 7268/9581 7269/9583
f 7074/9326 7269/9582 7071/9323
f 7111/9372 7072/9324 7077/9329
f 7084/9337 7072/9324 7111/9372
f 7102/9360 7111/9373 7106/9364
f 7108/9366 6571/8659 6568/8656
f 1111/1564 1118/1573 1732/2315
f 1724/2306 1711/2292 1723/2305
f 1724/2306 1723/2305 1725/2307
f 1738/2322 1718/2300 3696/4806
f 3696/4805 1718/2299 3693/4802
f 4812/6283 4949/6435 4811/6282
f 4811/6282 4949/6435 4950/6436
f 3359/4360 3360/4361 3368/4370
f 3367/4369 3360/4361 3361/4362
f 3367/4369 559/759 3370/4373
f 4645/6066 5093/6594 5098/6599
f 5098/6599 5093/6594 5089/6590
f 5090/6591 5099/6600 5206/6727
f 6770/8918 6762/8910 6769/8917
f 6616/8705 6607/8696 6609/8698
f 6570/8658 7256/9565 6634/8730
f 7263/9573 7261/9571 7264/9574
f 7264/9574 7261/9571 7262/9572
f 6634/8731 7260/9570 7263/9573
f 7266/9577 7269/9583 7115/9380
f 7269/9582 7074/9326 7271/9587
f 7115/9380 7269/9583 7271/9588
f 7074/9326 7072/9324 7113/9376
f 7271/9587 7074/9326 7113/9376
f 7113/9376 7072/9324 7084/9337
f 7108/9367 7097/9355 7103/9361
f 7103/9361 7097/9355 7098/9356
f 7103/9361 7098/9356 7104/9362
f 7104/9362 7098/9356 7105/9363
f 7105/9363 7098/9356 7102/9360
f 7105/9363 7102/9360 7106/9364
f 6568/8656 6573/8662 6572/8661
f 6598/8687 6600/8689 6599/8688
f 1732/2314 1722/2304 1726/2308
f 1726/2308 1722/2304 1713/2294
f 5425/7120 3363/4364 3369/4371
f 3368/4370 3360/4361 3367/4369
f 6508/8557 6505/8552 663/940
f 6496/8541 6504/8551 6508/8557
f 6830/8991 6686/8804 6664/8767
f 6634/8731 7263/9573 7265/9575
f 7263/9573 7264/9574 7265/9575
f 7265/9575 7264/9574 7114/9378
f 7114/9378 7264/9574 7262/9572
f 7114/9378 7262/9572 7266/9577
f 7114/9378 7266/9577 7115/9380
f 6634/8731 7265/9575 6637/8739
f 7115/9381 7271/9589 7100/9358
f 7271/9589 7113/9377 7100/9358
f 7099/9357 7113/9377 7084/9338
f 7100/9358 7113/9377 7099/9357
f 7109/9369 7093/9351 7097/9355
f 7108/9367 7109/9369 7097/9355
f 7097/9355 7093/9351 7094/9352
f 7097/9355 7094/9352 7096/9354
f 7097/9355 7096/9354 7098/9356
f 7098/9356 7096/9354 7095/9353
f 7098/9356 7095/9353 7102/9360
f 7095/9353 7099/9357 7102/9360
f 7102/9360 7099/9357 7084/9338
f 6572/8661 6573/8662 6574/8663
f 6638/8741 6671/8774 6760/8905
f 4820/6292 4819/6291 4821/6293
f 4821/6293 5293/6855 5294/6856
f 5294/6856 5293/6855 5425/7119
f 2769/3626 4645/6066 4644/6065
f 6486/8529 6562/8642 6561/8640
f 6487/8530 6504/8551 6496/8541
f 6508/8558 663/939 651/916
f 6604/8693 6606/8695 6605/8694
f 6570/8658 6634/8730 6637/8738
f 6637/8740 7265/9576 7089/9347
f 7089/9347 7265/9576 7090/9348
f 7265/9576 7114/9379 7090/9348
f 7090/9348 7114/9379 7101/9359
f 7101/9359 7114/9379 7115/9381
f 7109/9369 6637/8740 7092/9350
f 6637/8740 7089/9347 7092/9350
f 7101/9359 7115/9381 7100/9358
f 7109/9369 7092/9350 7093/9351
f 7093/9351 7092/9350 7088/9346
f 7088/9346 7092/9350 7089/9347
f 7088/9346 7089/9347 7090/9348
f 7088/9346 7090/9348 7091/9349
f 7090/9348 7101/9359 7091/9349
f 7091/9349 7101/9359 7100/9358
f 7094/9352 7093/9351 7088/9346
f 7094/9352 7088/9346 7091/9349
f 7094/9352 7091/9349 7095/9353
f 7091/9349 7100/9358 7099/9357
f 7095/9353 7091/9349 7099/9357
f 7096/9354 7094/9352 7095/9353
f 6572/8661 6574/8663 6598/8687
f 1731/2313 1725/2307 1738/2322
f 1098/1545 1111/1564 1732/2315
f 1726/2308 1713/2294 1729/2311
f 1729/2311 1713/2294 1724/2306
f 4805/6273 4950/6436 4815/6287
f 4815/6287 4950/6436 4816/6288
f 4390/5733 4392/5735 4388/5730
f 4388/5730 4392/5735 4391/5734
f 4386/5728 4393/5736 4394/5737
f 4386/5728 4394/5737 4395/5738
f 200/224 218/245 2716/3565
f 2716/3565 218/245 2709/3556
f 4642/6062 4645/6066 5098/6599
f 5198/6712 5090/6591 5206/6727
f 5390/7046 6561/8641 6562/8643
f 6561/8640 6485/8528 6486/8529
f 6485/8528 6487/8530 6486/8529
f 6487/8530 6496/8541 6488/8531
f 6508/8558 651/916 6507/8555
f 6496/8541 6508/8557 6507/8556
f 6507/8555 651/916 650/915
f 6769/8917 6830/8992 6838/9009
f 6771/8919 6770/8918 6840/9012
f 6840/9012 6770/8918 6841/9013
f 6770/8918 6769/8917 6841/9013
f 6841/9013 6769/8917 6842/9014
f 6599/8688 6638/8741 6649/8752
f 6649/8752 6638/8741 6760/8905
f 1732/2314 1726/2308 1733/2316
f 1730/2312 1724/2306 1725/2307
f 4815/6287 4819/6291 4820/6292
f 4820/6292 4821/6293 5294/6856
f 5294/6857 5425/7120 3371/4374
f 3371/4374 5425/7120 3369/4371
f 3375/4378 3367/4369 3376/4379
f 3376/4379 3367/4369 3370/4373
f 342/378 338/374 386/440
f 4388/5730 4391/5734 4387/5729
f 4391/5734 4393/5736 4387/5729
f 4387/5729 4393/5736 4389/5731
f 4393/5736 4386/5728 4389/5731
f 5089/6590 5090/6591 5091/6592
f 5091/6592 5090/6591 5198/6712
f 6486/8529 6487/8530 6488/8531
f 6839/9011 6771/8919 6840/9012
f 6842/9014 6769/8917 6838/9009
f 6570/8658 6637/8738 7109/9368
f 7109/9368 7108/9366 6568/8656
f 1730/2312 1725/2307 1731/2313
f 1731/2313 1738/2322 1741/2328
f 1729/2311 1724/2306 1730/2312
f 1741/2327 1738/2323 3696/4807
f 2328/3068 2421/3182 4810/6281
f 4810/6280 4812/6283 4811/6282
f 3369/4371 3363/4364 3364/4365
f 3368/4370 3367/4369 3372/4375
f 3372/4375 3367/4369 3375/4378
f 4396/5739 3/4 4413/5762
f 4413/5762 3/4 6/7
f 4646/6068 2769/3626 4644/6065
f 6507/8555 650/915 649/914
f 650/915 648/913 649/914
f 7223/9513 6839/9011 6840/9012
f 6838/9009 6830/8992 6845/9018
f 6845/9017 6830/8991 6664/8767
f 6845/9017 6664/8767 6663/8766
f 6664/8767 6617/8706 6663/8766
f 6663/8766 6617/8706 6616/8705
f 6649/8752 6760/8905 6761/8907
f 4811/6282 4950/6436 4805/6273
f 3364/4365 3365/4366 3374/4377
f 3365/4366 3368/4370 3373/4376
f 3374/4377 3365/4366 3373/4376
f 3373/4376 3368/4370 3372/4375
f 3376/4379 3370/4373 3379/4383
f 3379/4382 3370/4372 347/383
f 6/7 201/225 199/223
f 199/223 201/225 200/224
f 5198/6712 5206/6727 5207/6728
f 5390/7048 6562/8642 6491/8534
f 6491/8534 6562/8642 6486/8529
f 6492/8535 6488/8531 6496/8541
f 648/913 6318/8303 6333/8322
f 7223/9513 6840/9012 6843/9015
f 6843/9015 6840/9012 6841/9013
f 6842/9014 6838/9009 6845/9018
f 6605/8694 6570/8658 6569/8657
f 6570/8658 7109/9368 6569/8657
f 7109/9368 6568/8656 6569/8657
f 1742/2329 1733/2316 1729/2311
f 1742/2329 1729/2311 1730/2312
f 1743/2330 1731/2313 1741/2328
f 2343/3083 2328/3068 4810/6281
f 4815/6287 4820/6292 4808/6277
f 3371/4374 3369/4371 3377/4380
f 3369/4371 3364/4365 3377/4380
f 3377/4380 3364/4365 3378/4381
f 3378/4381 3364/4365 3374/4377
f 342/378 386/440 4542/5920
f 4390/5733 4388/5730 4383/5725
f 4383/5725 4388/5730 4387/5729
f 4385/5727 4387/5729 4384/5726
f 4384/5726 4387/5729 4389/5731
f 4384/5726 4389/5731 4386/5728
f 4386/5728 4395/5738 4396/5740
f 4386/5728 4396/5740 4382/5724
f 4382/5724 4396/5740 4413/5763
f 5207/6728 5390/7047 6494/8538
f 6494/8539 5390/7048 6491/8534
f 6491/8534 6486/8529 6490/8533
f 6489/8532 6486/8529 6488/8531
f 6492/8535 6496/8541 784/1139
f 784/1139 6496/8541 6507/8556
f 6844/9016 6842/9014 6845/9018
f 6843/9015 6841/9013 6842/9014
f 6935/9138 6934/9136 6754/8894
f 1744/2332 1732/2314 1733/2316
f 1744/2332 1733/2316 1745/2333
f 1743/2330 1742/2329 1730/2312
f 1730/2312 1731/2313 1743/2330
f 3693/4802 3692/4800 3695/4804
f 3695/4804 3692/4800 3748/4885
f 347/383 339/375 340/376
f 340/376 339/375 337/373
f 4383/5725 4387/5729 4385/5727
f 6486/8529 6489/8532 6490/8533
f 6489/8532 6488/8531 6492/8535
f 6843/9015 6842/9014 6844/9016
f 6844/9016 6845/9018 6691/8815
f 6691/8814 6845/9017 6663/8766
f 6649/8752 6761/8907 6675/8782
f 1745/2333 1733/2316 1742/2329
f 4810/6280 4811/6282 4805/6273
f 4815/6287 4808/6277 4806/6274
f 3372/4375 3375/4378 3380/4384
f 3380/4384 3375/4378 3376/4379
f 3379/4382 347/383 346/382
f 346/382 347/383 340/376
f 340/376 337/373 341/377
f 341/377 337/373 342/378
f 1621/2136 4390/5733 4383/5725
f 4643/6063 4644/6065 4642/6062
f 4643/6063 4642/6062 4640/6060
f 4642/6062 5098/6599 4641/6061
f 5098/6599 5089/6590 4641/6061
f 4641/6061 5089/6590 5088/6589
f 5091/6592 5198/6712 5175/6683
f 5175/6683 5198/6712 5207/6728
f 5207/6728 6494/8538 5176/6684
f 5175/6683 5207/6728 5176/6684
f 6494/8539 6491/8534 2212/2924
f 6491/8534 6490/8533 2213/2926
f 2212/2924 6491/8534 2213/2926
f 2213/2926 6490/8533 6489/8532
f 648/913 6333/8322 6330/8317
f 7223/9513 6843/9015 6848/9021
f 6599/8688 6649/8752 6657/8760
f 1745/2333 1742/2329 1750/2339
f 1742/2329 1743/2330 1750/2339
f 2252/2982 2250/2980 2249/2979
f 4804/6272 4810/6280 4805/6273
f 4797/6262 4805/6273 4815/6287
f 4797/6262 4815/6287 4806/6274
f 4808/6277 4820/6292 5320/6905
f 5320/6905 4820/6292 5294/6856
f 5294/6857 3371/4374 3377/4380
f 5176/6685 6494/8539 2212/2924
f 6489/8532 6492/8535 6493/8536
f 6492/8535 784/1139 6493/8536
f 6493/8536 784/1139 2215/2930
f 784/1138 6507/8555 649/914
f 2215/2929 784/1138 649/914
f 6851/9026 7223/9513 6848/9021
f 6691/8814 6663/8766 6662/8765
f 6663/8766 6616/8705 6662/8765
f 6615/8704 6616/8705 6609/8698
f 6593/8682 6568/8656 6572/8661
f 6657/8760 6649/8752 6675/8782
f 1098/1545 1744/2331 1096/1543
f 3696/4805 3693/4802 2318/3056
f 2318/3056 3693/4802 3695/4804
f 2234/2963 2238/2968 3748/4886
f 2420/3180 2343/3083 4810/6281
f 2420/3179 4810/6280 4804/6272
f 5320/6906 5294/6857 3397/4405
f 3385/4391 3378/4381 3374/4377
f 3374/4377 3373/4376 3383/4389
f 3383/4389 3373/4376 3372/4375
f 5294/6857 3377/4380 3386/4392
f 4385/5727 4384/5726 4379/5721
f 4380/5722 4384/5726 4381/5723
f 4384/5726 4386/5728 4381/5723
f 5088/6589 5089/6590 5091/6592
f 5175/6683 5176/6684 2231/2959
f 2213/2926 6489/8532 6493/8536
f 649/914 648/913 647/912
f 2230/2957 649/914 647/912
f 6848/9021 6843/9015 6846/9019
f 6843/9015 6844/9016 6846/9019
f 6846/9019 6844/9016 6847/9020
f 6844/9016 6691/8815 6850/9024
f 6850/9023 6691/8814 6662/8765
f 6662/8765 6616/8705 6615/8704
f 6604/8693 6605/8694 6569/8657
f 6569/8657 6568/8656 6593/8682
f 6597/8686 6599/8688 6657/8760
f 1751/2340 1743/2330 1741/2328
f 1751/2340 1741/2328 1765/2358
f 1765/2357 1741/2327 3696/4807
f 2420/3180 2430/3199 2274/3004
f 3387/4393 3372/4375 3380/4384
f 3380/4384 3376/4379 3401/4410
f 3401/4410 3376/4379 3379/4383
f 4378/5720 4383/5725 4379/5721
f 4383/5725 4385/5727 4379/5721
f 4379/5721 4384/5726 4380/5722
f 4381/5723 4386/5728 4382/5724
f 4382/5724 4413/5763 4426/5779
f 4426/5778 4413/5762 6/7
f 4426/5778 6/7 199/223
f 200/224 2716/3565 195/218
f 195/218 2716/3565 197/220
f 4639/6059 4641/6061 5088/6589
f 5088/6589 5091/6592 5087/6588
f 5176/6686 2212/2925 2210/2922
f 2231/2960 5176/6686 2210/2922
f 2210/2922 2212/2925 2211/2923
f 2212/2925 2213/2927 2211/2923
f 2211/2923 2213/2927 2214/2928
f 2213/2927 6493/8537 2214/2928
f 2214/2928 6493/8537 2215/2931
f 2215/2929 649/914 2230/2957
f 648/913 6330/8317 646/909
f 6847/9020 6844/9016 6850/9024
f 6849/9022 6848/9021 6846/9019
f 6610/8699 6608/8697 6604/8693
f 6572/8661 6598/8687 6594/8683
f 6594/8683 6598/8687 6597/8686
f 6597/8686 6598/8687 6599/8688
f 6933/9135 6932/9133 6675/8783
f 1096/1543 1744/2331 1762/2353
f 1762/2354 1744/2332 1745/2333
f 1763/2355 1750/2339 1751/2340
f 1765/2357 3696/4807 4213/5499
f 4213/5498 3696/4805 3697/4808
f 3697/4808 3696/4805 2318/3056
f 2430/3199 2420/3180 4803/6271
f 4803/6270 2420/3179 4804/6272
f 4804/6272 4805/6273 4797/6262
f 4807/6275 4806/6274 4808/6277
f 3384/4390 3386/4392 3385/4391
f 3401/4409 3379/4382 362/399
f 362/399 3379/4382 346/382
f 1621/2136 4383/5725 4378/5720
f 199/223 200/224 195/218
f 4639/6059 5088/6589 5170/6678
f 2214/2928 2215/2931 2216/2932
f 647/912 648/913 646/909
f 6851/9026 6848/9021 6849/9022
f 6847/9020 6850/9024 6852/9028
f 6852/9027 6850/9023 6662/8765
f 6657/8760 6675/8782 6927/9126
f 1761/2352 1745/2333 1750/2339
f 4803/6270 4804/6272 4797/6262
f 4807/6275 4808/6277 5320/6905
f 4807/6275 5320/6905 3391/4397
f 5320/6906 3397/4405 3391/4398
f 3391/4398 3397/4405 3386/4392
f 3391/4398 3386/4392 3384/4390
f 3384/4390 3385/4391 3374/4377
f 3384/4390 3374/4377 3383/4389
f 3383/4389 3372/4375 3387/4393
f 3387/4393 3380/4384 3401/4410
f 3421/4440 3401/4409 362/399
f 195/218 197/220 196/219
f 196/219 197/220 2726/3577
f 2781/3639 4639/6059 4638/6058
f 2209/2921 2231/2960 2210/2922
f 5174/6682 2231/2959 2209/2920
f 2210/2922 2211/2923 2204/2913
f 2204/2913 2211/2923 2217/2933
f 2217/2933 2211/2923 2214/2928
f 2217/2933 2214/2928 2218/2934
f 2216/2932 2215/2931 2230/2958
f 6855/9032 6851/9026 6849/9022
f 6670/8773 6662/8765 6615/8704
f 6615/8704 6609/8698 6614/8703
f 6609/8698 6608/8697 6610/8699
f 6657/8760 6927/9126 6674/8780
f 1762/2354 1745/2333 1761/2352
f 1761/2352 1750/2339 1764/2356
f 1764/2356 1750/2339 1763/2355
f 1766/2359 1751/2340 1765/2358
f 4214/5500 1765/2357 4213/5499
f 2275/3005 2430/3199 4809/6279
f 2320/3060 2275/3005 4809/6279
f 4809/6278 4803/6270 4801/6267
f 4801/6267 4803/6270 4797/6262
f 4797/6262 4806/6274 4799/6264
f 341/377 342/378 4558/5946
f 342/378 4542/5920 4558/5946
f 4379/5721 4380/5722 4376/5717
f 4376/5717 4380/5722 4381/5723
f 4375/5716 4381/5723 4382/5724
f 4638/6058 4639/6059 5170/6678
f 5175/6683 2231/2959 5174/6682
f 5174/6682 2209/2920 5264/6808
f 2209/2921 2210/2922 2204/2913
f 2214/2928 2216/2932 786/1143
f 2216/2932 2230/2958 2220/2938
f 786/1143 2216/2932 2220/2938
f 2220/2937 2230/2957 647/912
f 6849/9022 6846/9019 6853/9029
f 6853/9029 6846/9019 6847/9020
f 6853/9029 6847/9020 6854/9030
f 6854/9030 6847/9020 6852/9028
f 6852/9027 6662/8765 6670/8773
f 6614/8703 6609/8698 6611/8700
f 6602/8691 6604/8693 6569/8657
f 6602/8691 6569/8657 6593/8682
f 1763/2355 1751/2340 1766/2359
f 1766/2359 1765/2358 4214/5501
f 4796/6261 4797/6262 4799/6264
f 5395/7057 4807/6275 5419/7107
f 5419/7107 4807/6275 3391/4397
f 3398/4406 3401/4410 3421/4441
f 4374/5715 4378/5720 4379/5721
f 4376/5717 4381/5723 4375/5716
f 4382/5724 4426/5779 458/566
f 5264/6808 2209/2920 2208/2918
f 2208/2919 2209/2921 2204/2913
f 2218/2934 2214/2928 2205/2914
f 2205/2914 2214/2928 786/1143
f 6697/8826 6852/9027 6670/8773
f 6670/8773 6615/8704 6614/8703
f 1096/1543 1762/2353 1768/2361
f 1768/2362 1762/2354 1761/2352
f 1764/2356 1763/2355 1767/2360
f 1767/2360 1763/2355 1766/2359
f 4795/6260 4797/6262 4796/6261
f 4799/6264 4806/6274 4807/6275
f 3391/4398 3384/4390 3390/4396
f 3390/4396 3384/4390 3383/4389
f 3389/4395 3383/4389 3388/4394
f 3388/4394 3383/4389 3387/4393
f 3398/4406 3421/4441 3408/4420
f 3408/4419 3421/4440 389/446
f 389/446 3421/4440 362/399
f 346/382 340/376 343/379
f 343/379 340/376 341/377
f 4375/5716 4382/5724 458/566
f 4402/5749 1621/2136 4378/5720
f 4374/5715 4379/5721 4376/5717
f 458/565 4426/5778 199/223
f 4638/6058 5170/6678 4618/6028
f 5086/6587 5088/6589 5087/6588
f 647/912 646/909 645/907
f 6855/9032 6849/9022 6856/9034
f 6856/9034 6849/9022 6853/9029
f 6854/9030 6852/9028 6697/8827
f 6593/8682 6572/8661 6594/8683
f 6596/8685 6594/8683 6597/8686
f 3698/4810 4213/5498 3697/4808
f 2254/2984 2320/3060 2319/3059
f 4801/6267 4797/6262 4800/6266
f 5419/7108 3391/4398 3392/4399
f 3392/4399 3391/4398 3390/4396
f 3390/4396 3383/4389 3389/4395
f 3388/4394 3387/4393 3398/4406
f 4488/5859 4489/5860 4468/5839
f 196/219 2726/3577 2728/3580
f 4619/6029 4638/6058 4618/6028
f 4618/6028 5170/6678 5240/6773
f 5170/6678 5088/6589 5086/6587
f 5240/6773 5170/6678 5086/6587
f 5091/6592 5175/6683 5082/6583
f 5082/6583 5175/6683 5174/6682
f 5264/6808 2208/2918 2228/2953
f 5174/6682 5264/6808 2228/2953
f 2228/2954 2208/2919 2207/2917
f 2207/2917 2208/2919 2204/2913
f 2204/2913 2217/2933 2203/2912
f 2203/2912 2217/2933 2218/2934
f 2203/2912 2218/2934 2205/2914
f 2205/2914 786/1143 2206/2916
f 786/1142 2220/2937 647/912
f 6859/9037 6854/9030 6697/8827
f 6611/8700 6609/8698 6610/8699
f 6656/8759 6674/8780 6922/9120
f 1768/2362 1761/2352 1769/2363
f 1769/2363 1761/2352 1764/2356
f 1770/2364 1766/2359 4214/5501
f 1770/2364 4214/5501 1792/2392
f 1096/1543 1768/2361 1092/1535
f 1792/2391 4214/5500 4213/5499
f 2319/3058 4809/6278 4801/6267
f 5395/7057 5419/7107 3394/4401
f 3424/4446 5395/7057 3394/4401
f 3394/4402 5419/7108 3392/4399
f 3388/4394 3398/4406 3399/4407
f 4402/5749 4378/5720 4373/5714
f 4373/5714 4378/5720 4374/5715
f 4373/5714 4374/5715 4371/5710
f 4375/5716 458/566 515/672
f 458/565 199/223 198/222
f 198/222 199/223 195/218
f 196/219 2728/3580 371/414
f 5087/6588 5091/6592 5082/6583
f 786/1142 647/912 2206/2915
f 2206/2915 647/912 645/907
f 646/911 6357/8361 6347/8344
f 6856/9034 6853/9029 6857/9035
f 6857/9035 6853/9029 6858/9036
f 6853/9029 6854/9030 6858/9036
f 6858/9036 6854/9030 6859/9037
f 6865/9044 6697/8826 6670/8773
f 6610/8699 6604/8693 6603/8692
f 6603/8692 6604/8693 6602/8691
f 1767/2360 1766/2359 1770/2364
f 3698/4810 3697/4808 3745/4879
f 4802/6268 2319/3058 4801/6267
f 4793/6258 4801/6267 4800/6266
f 4800/6266 4797/6262 4795/6260
f 3399/4407 3398/4406 3408/4420
f 389/446 362/399 348/384
f 348/384 362/399 346/382
f 348/384 346/382 343/379
f 4371/5710 4374/5715 4370/5709
f 4370/5709 4374/5715 4376/5717
f 4370/5709 4376/5717 4368/5707
f 4368/5707 4376/5717 4375/5716
f 515/671 458/565 198/222
f 5082/6583 5174/6682 5173/6681
f 5174/6682 2228/2953 2222/2941
f 5173/6681 5174/6682 2222/2941
f 2222/2942 2228/2954 2207/2917
f 2201/2910 2205/2914 2206/2916
f 6860/9039 6856/9034 6857/9035
f 6859/9037 6697/8827 6861/9040
f 6861/9040 6697/8827 6865/9045
f 6651/8754 6670/8773 6614/8703
f 6651/8754 6614/8703 6611/8700
f 6602/8691 6593/8682 6601/8690
f 6596/8685 6597/8686 6655/8758
f 6597/8686 6656/8759 6655/8758
f 6921/9118 6656/8759 6922/9120
f 1092/1536 1768/2362 1769/2363
f 4802/6268 4801/6267 4793/6258
f 4799/6264 5395/7057 3424/4446
f 3392/4399 3390/4396 3393/4400
f 3408/4419 389/446 361/398
f 361/398 389/446 348/384
f 341/377 4558/5946 436/525
f 4368/5707 4375/5716 4369/5708
f 4369/5708 4375/5716 515/672
f 198/222 195/218 193/216
f 195/218 196/219 194/217
f 194/217 196/219 371/414
f 4626/6039 4619/6029 4617/6027
f 4618/6028 5240/6773 4608/6018
f 4608/6018 5240/6773 5086/6587
f 2207/2917 2204/2913 2202/2911
f 2202/2911 2204/2913 2203/2912
f 2200/2909 2203/2912 2205/2914
f 645/907 646/909 644/906
f 2225/2947 645/907 644/906
f 644/906 646/909 6347/8343
f 6865/9044 6670/8773 6651/8754
f 1832/2449 1092/1536 1769/2363
f 1792/2391 4213/5499 4215/5503
f 4215/5502 4213/5498 3698/4810
f 3393/4400 3390/4396 3395/4403
f 3395/4403 3390/4396 3396/4404
f 3396/4404 3390/4396 3389/4395
f 3396/4404 3389/4395 3400/4408
f 3400/4408 3389/4395 3388/4394
f 3400/4408 3388/4394 3399/4407
f 3394/4402 3392/4399 3393/4400
f 3399/4407 3408/4420 3407/4418
f 3407/4417 3408/4419 361/398
f 343/379 341/377 436/525
f 193/216 195/218 194/217
f 5173/6681 2222/2941 5263/6806
f 2222/2942 2207/2917 2202/2911
f 5263/6807 2222/2942 2202/2911
f 2202/2911 2203/2912 2191/2898
f 2191/2898 2203/2912 2200/2909
f 2200/2909 2205/2914 2201/2910
f 2201/2910 2206/2916 645/908
f 7215/9495 6860/9039 6862/9041
f 6860/9039 6857/9035 6862/9041
f 6862/9041 6857/9035 6858/9036
f 6862/9041 6858/9036 6863/9042
f 6863/9042 6858/9036 6859/9037
f 6863/9042 6859/9037 6861/9040
f 6655/8758 6656/8759 6679/8790
f 6656/8759 6921/9118 6679/8790
f 1769/2363 1764/2356 1773/2367
f 1773/2367 1764/2356 1771/2365
f 1764/2356 1767/2360 1771/2365
f 1771/2365 1767/2360 1774/2368
f 1767/2360 1770/2364 1774/2368
f 4215/5502 3698/4810 3699/4812
f 2439/3215 4802/6268 4793/6258
f 514/669 3407/4417 361/398
f 361/398 348/384 349/385
f 349/385 348/384 343/379
f 4364/5703 4371/5710 4370/5709
f 4609/6019 4608/6018 5086/6587
f 5082/6583 5086/6587 5087/6588
f 2201/2910 645/908 2225/2948
f 2197/2905 2201/2910 2225/2948
f 6868/9049 6861/9040 6865/9045
f 6868/9048 6865/9044 6651/8754
f 1774/2368 1770/2364 1775/2370
f 1832/2449 1769/2363 1772/2366
f 1772/2366 1769/2363 1773/2367
f 1775/2370 1770/2364 1792/2392
f 3699/4812 3698/4810 2352/3094
f 4799/6264 3424/4446 3415/4428
f 3415/4429 3424/4447 3393/4400
f 3402/4411 3393/4400 3395/4403
f 415/490 343/379 436/525
f 4373/5714 4371/5710 4364/5703
f 4370/5709 4368/5707 4366/5705
f 4369/5708 515/672 516/674
f 516/673 515/671 198/222
f 194/217 371/414 372/415
f 5086/6587 5082/6583 4612/6022
f 5082/6583 5173/6681 5085/6586
f 5173/6681 5263/6806 5169/6677
f 2199/2908 5263/6807 2202/2911
f 5169/6677 5263/6806 2199/2907
f 2199/2908 2202/2911 2190/2897
f 2200/2909 2201/2910 2196/2904
f 6864/9043 6863/9042 6861/9040
f 6864/9043 6861/9040 6868/9049
f 6862/9041 6863/9042 6866/9046
f 6867/9047 6863/9042 6864/9043
f 6595/8684 6594/8683 6596/8685
f 6655/8758 6679/8790 6912/9106
f 6910/9103 6679/8791 6915/9110
f 1099/1547 1772/2366 1773/2367
f 1775/2369 1792/2391 4215/5503
f 4793/6258 4800/6266 4795/6260
f 4796/6261 4799/6264 3415/4428
f 3402/4411 3395/4403 3410/4422
f 3410/4422 3395/4403 3396/4404
f 3409/4421 3407/4418 514/670
f 349/385 343/379 350/386
f 350/386 343/379 415/490
f 4364/5703 4370/5709 4366/5705
f 4365/5704 4368/5707 4369/5708
f 4609/6019 5086/6587 4612/6022
f 5085/6586 5173/6681 5169/6677
f 2202/2911 2191/2898 2190/2897
f 2191/2898 2200/2909 2192/2899
f 2200/2909 2196/2904 2192/2899
f 2196/2904 2201/2910 2197/2905
f 2225/2947 644/906 2223/2943
f 644/906 6347/8343 656/923
f 6866/9046 6863/9042 6867/9047
f 6868/9048 6651/8754 6869/9050
f 6869/9050 6651/8754 6660/8763
f 6651/8754 6611/8700 6612/8701
f 3410/4422 3396/4404 3411/4423
f 3406/4416 3396/4404 3400/4408
f 3415/4429 3393/4400 3404/4414
f 3404/4414 3393/4400 3402/4411
f 3400/4408 3399/4407 3405/4415
f 3399/4407 3407/4418 3405/4415
f 3405/4415 3407/4418 3409/4421
f 3409/4421 514/670 3418/4435
f 3418/4434 514/669 379/427
f 379/427 514/669 361/398
f 4492/5863 4495/5866 4493/5864
f 4366/5705 4368/5707 4365/5704
f 4365/5704 4369/5708 4363/5702
f 4363/5702 4369/5708 516/674
f 193/216 194/217 192/215
f 194/217 372/415 2805/3670
f 4610/6020 4609/6019 4611/6021
f 2785/3644 4610/6020 4611/6021
f 4611/6021 4609/6019 4612/6022
f 5169/6677 2199/2907 2193/2900
f 2193/2901 2199/2908 2190/2897
f 2192/2899 2196/2904 2195/2903
f 2195/2903 2196/2904 2197/2905
f 2197/2905 2225/2948 2223/2944
f 6874/9057 7215/9495 6866/9046
f 6874/9057 6866/9046 6871/9053
f 6864/9043 6868/9049 6869/9051
f 6870/9052 6864/9043 6869/9051
f 6871/9053 6866/9046 6867/9047
f 6660/8763 6651/8754 6612/8701
f 6601/8690 6593/8682 6595/8684
f 6595/8684 6593/8682 6594/8683
f 7119/9387 7118/9385 7120/9388
f 7120/9389 7118/9386 6908/9101
f 1093/1537 1832/2448 1099/1546
f 4215/5502 3699/4812 2344/3084
f 3700/4813 4215/5502 2344/3084
f 3699/4812 2352/3094 2344/3084
f 3406/4416 3400/4408 3405/4415
f 1656/2190 1650/2179 4373/5714
f 1656/2190 4373/5714 4364/5703
f 4364/5703 4366/5705 4367/5706
f 4363/5702 516/674 4377/5719
f 516/673 198/222 4377/5718
f 4377/5718 198/222 193/216
f 5081/6582 5082/6583 5085/6586
f 5085/6586 5169/6677 5168/6675
f 2195/2903 2197/2905 2198/2906
f 2198/2906 2197/2905 2223/2944
f 2193/2901 2190/2897 2188/2895
f 2190/2897 2191/2898 2189/2896
f 2188/2895 2190/2897 2189/2896
f 2189/2896 2191/2898 2192/2899
f 6870/9052 6867/9047 6864/9043
f 6875/9058 6869/9050 6660/8763
f 6613/8702 6610/8699 6603/8692
f 6602/8691 6601/8690 6603/8692
f 6911/9104 6655/8758 6912/9106
f 6909/9102 6907/9100 6910/9103
f 1773/2367 1771/2365 1776/2371
f 1778/2373 1774/2368 4217/5507
f 4217/5507 1774/2368 1775/2370
f 2364/3111 2271/3001 2291/3021
f 2291/3021 2271/3001 2270/3000
f 2364/3110 2439/3215 4742/6201
f 4742/6201 2439/3215 4793/6258
f 4794/6259 4795/6260 4796/6261
f 4794/6259 4796/6261 4826/6298
f 4826/6298 4796/6261 3415/4428
f 3411/4423 3396/4404 3406/4416
f 361/398 349/385 351/387
f 351/387 349/385 350/386
f 350/386 415/490 438/528
f 4367/5706 4366/5705 4365/5704
f 5169/6677 2193/2900 5168/6675
f 5168/6676 2193/2901 2188/2895
f 2189/2896 2192/2899 2194/2902
f 2194/2902 2192/2899 2195/2903
f 2179/2881 2195/2903 2198/2906
f 2223/2943 644/906 2219/2935
f 6867/9047 6870/9052 6872/9054
f 6870/9052 6869/9051 6875/9059
f 6871/9053 6867/9047 6873/9055
f 6873/9055 6867/9047 6872/9054
f 7118/9386 6904/9097 6908/9101
f 6908/9101 6904/9097 6907/9100
f 6907/9100 6911/9105 6912/9107
f 6910/9103 6907/9100 6912/9107
f 1102/1551 1099/1547 1773/2367
f 1102/1551 1773/2367 1777/2372
f 1773/2367 1776/2371 1777/2372
f 1776/2371 1771/2365 1778/2373
f 1778/2373 1771/2365 1774/2368
f 4217/5506 1775/2369 4216/5505
f 4216/5505 1775/2369 4215/5503
f 4216/5504 4215/5502 3700/4813
f 3701/4814 3700/4813 2344/3084
f 2427/3194 2271/3001 2364/3111
f 2427/3193 2364/3110 4742/6201
f 4742/6201 4793/6258 4741/6200
f 4793/6258 4795/6260 4741/6200
f 4826/6298 3415/4428 3416/4430
f 3416/4431 3415/4429 3404/4414
f 379/427 361/398 351/387
f 4377/5718 193/216 191/214
f 192/215 194/217 2805/3670
f 4613/6023 4611/6021 4612/6022
f 4613/6023 4612/6022 4614/6024
f 5080/6581 5081/6582 5085/6586
f 2198/2906 2223/2944 2219/2936
f 2179/2881 2198/2906 2219/2936
f 2219/2935 644/906 637/893
f 644/906 656/923 637/893
f 637/893 656/923 655/921
f 6872/9054 6870/9052 6876/9060
f 6876/9060 6870/9052 6875/9059
f 6963/9177 6874/9057 6871/9053
f 6876/9060 6875/9059 6879/9066
f 6879/9065 6875/9058 6660/8763
f 6595/8684 6596/8685 6641/8744
f 6596/8685 6655/8758 6641/8744
f 6641/8744 6655/8758 6918/9114
f 6918/9114 6655/8758 6911/9104
f 7118/9385 7116/9382 6904/9096
f 6904/9097 6905/9098 6907/9100
f 1778/2373 4217/5507 1779/2375
f 1101/1549 1099/1546 1102/1550
f 2257/2987 2263/2993 2259/2989
f 4788/6251 2427/3193 4742/6201
f 4795/6260 4794/6259 4741/6200
f 3416/4431 3404/4414 3414/4427
f 3414/4427 3404/4414 3402/4411
f 3414/4427 3402/4411 3410/4422
f 3406/4416 3405/4415 4184/5441
f 3418/4434 379/427 103/125
f 103/125 379/427 351/387
f 4359/5698 4367/5706 4365/5704
f 4414/5764 4377/5718 191/214
f 192/215 2805/3670 190/213
f 190/213 2805/3670 396/458
f 4612/6022 5082/6583 4614/6024
f 4614/6024 5082/6583 5081/6582
f 5420/7110 5168/6676 2188/2895
f 5420/7110 2188/2895 2182/2884
f 2182/2884 2188/2895 2180/2882
f 2180/2882 2188/2895 2189/2896
f 2194/2902 2195/2903 2177/2879
f 6963/9177 6871/9053 6878/9063
f 6878/9063 6871/9053 6873/9055
f 6878/9063 6873/9055 6877/9061
f 6873/9055 6872/9054 6877/9061
f 6872/9054 6876/9060 6877/9061
f 6877/9061 6876/9060 6879/9066
f 6660/8763 6612/8701 6613/8702
f 6613/8702 6612/8701 6610/8699
f 6906/9099 6918/9115 6911/9105
f 6907/9100 6905/9098 6906/9099
f 1779/2374 4217/5506 4216/5505
f 4788/6252 2265/2995 2427/3194
f 4740/6199 4742/6201 4741/6200
f 3412/4424 3411/4423 3406/4416
f 5373/7012 4826/6298 3416/4430
f 3405/4415 3409/4421 4184/5441
f 4184/5441 3409/4421 3418/4435
f 4184/5441 3418/4435 3419/4437
f 3419/4436 3418/4434 103/125
f 352/388 351/387 350/386
f 352/388 350/386 438/528
f 1644/2168 1656/2190 4364/5703
f 4364/5703 4367/5706 4359/5698
f 4359/5698 4365/5704 4360/5699
f 4365/5704 4363/5702 4360/5699
f 4362/5701 4377/5719 4414/5765
f 4613/6023 4614/6024 4615/6025
f 5168/6675 5420/7109 2187/2893
f 2189/2896 2194/2902 2178/2880
f 2180/2882 2189/2896 2178/2880
f 2178/2880 2194/2902 2177/2879
f 2177/2879 2195/2903 2179/2881
f 637/893 655/921 636/892
f 6962/9175 6963/9178 6878/9064
f 6879/9065 6660/8763 6960/9170
f 6960/9170 6660/8763 6661/8764
f 6660/8763 6613/8702 6661/8764
f 6928/9128 6641/8744 6918/9114
f 7117/9384 6901/9092 6904/9097
f 6905/9098 6901/9092 6900/9091
f 6905/9098 6900/9091 6906/9099
f 1776/2371 1778/2373 1779/2375
f 2424/3187 4788/6251 4751/6210
f 4751/6210 4788/6251 4742/6201
f 4751/6210 4742/6201 4740/6199
f 4794/6259 4826/6298 4961/6450
f 4961/6450 4826/6298 5373/7012
f 353/389 103/125 351/387
f 352/388 438/528 4465/5834
f 1644/2168 4364/5703 4358/5697
f 4358/5697 4364/5703 4359/5698
f 4360/5699 4363/5702 4362/5701
f 191/214 192/215 190/213
f 190/213 396/458 402/468
f 4616/6026 4615/6025 4614/6024
f 5079/6580 5081/6582 5080/6581
f 2187/2894 5420/7110 2182/2884
f 2181/2883 2182/2884 2180/2882
f 2179/2881 2219/2936 643/905
f 643/904 2219/2935 637/893
f 6961/9173 6877/9061 6879/9066
f 6957/9166 6878/9064 6877/9062
f 6957/9166 6877/9062 6959/9169
f 6959/9169 6877/9062 6961/9172
f 6961/9172 6879/9067 6960/9171
f 6642/8745 6595/8684 6641/8744
f 6903/9095 6928/9129 6918/9115
f 6900/9091 6903/9095 6906/9099
f 6906/9099 6903/9095 6918/9115
f 1781/2378 1779/2374 4216/5505
f 3700/4813 3701/4814 2299/3030
f 4741/6200 4794/6259 4798/6263
f 4798/6263 4794/6259 4961/6450
f 3414/4427 3413/4426 4186/5444
f 3413/4426 3411/4423 4186/5444
f 4186/5444 3411/4423 3412/4424
f 4184/5441 3419/4437 4191/5455
f 4191/5454 3419/4436 103/125
f 190/213 402/468 383/434
f 3168/4132 4615/6025 4616/6026
f 4616/6026 4614/6024 5079/6580
f 5079/6580 4614/6024 5081/6582
f 5080/6581 5085/6586 5167/6674
f 5085/6586 5168/6675 5167/6674
f 5167/6674 5168/6675 2187/2893
f 2187/2894 2182/2884 2181/2883
f 636/892 655/921 772/1111
f 7225/9517 6962/9175 6957/9166
f 6962/9175 6878/9064 6957/9166
f 6957/9166 6959/9169 6956/9165
f 6956/9165 6959/9169 6954/9162
f 6959/9169 6961/9172 6960/9171
f 6960/9170 6661/8764 6955/9163
f 6661/8764 6613/8702 6628/8719
f 6613/8702 6603/8692 6628/8719
f 6601/8690 6595/8684 6626/8717
f 6626/8717 6595/8684 6642/8745
f 6902/9093 6641/8744 6928/9128
f 7125/9395 6897/9087 6901/9092
f 6901/9092 6897/9087 6900/9091
f 6900/9091 6897/9087 6899/9090
f 6900/9091 6899/9090 6903/9095
f 1777/2372 1776/2371 1783/2382
f 1783/2382 1776/2371 1780/2376
f 1780/2376 1776/2371 1779/2375
f 1780/2376 1779/2375 1781/2379
f 4216/5504 3700/4813 2303/3035
f 2303/3035 3700/4813 2299/3030
f 4961/6450 5373/7012 4179/5431
f 4179/5432 5373/7013 3414/4427
f 4179/5432 3414/4427 4176/5426
f 4176/5426 3414/4427 4186/5444
f 3412/4424 3406/4416 4183/5439
f 4183/5439 3406/4416 4184/5441
f 353/389 351/387 352/388
f 4356/5693 4358/5697 4359/5698
f 4356/5693 4359/5698 4355/5692
f 4355/5692 4359/5698 4360/5699
f 4360/5699 4362/5701 4354/5691
f 4354/5691 4362/5701 4372/5712
f 4362/5701 4414/5765 4372/5712
f 4372/5711 4414/5764 191/214
f 191/214 190/213 189/212
f 5167/6674 2187/2893 2174/2873
f 2174/2874 2187/2894 2181/2883
f 2173/2872 2181/2883 2180/2882
f 2171/2870 2180/2882 2178/2880
f 2178/2880 2177/2879 2166/2865
f 2169/2868 2178/2880 2166/2865
f 2166/2865 2177/2879 2168/2867
f 2168/2867 2177/2879 2179/2881
f 2168/2867 2179/2881 643/905
f 642/902 643/904 637/893
f 6954/9162 6959/9169 6960/9171
f 6954/9162 6960/9171 6955/9164
f 6955/9163 6661/8764 6683/8798
f 6683/8798 6661/8764 6628/8719
f 6628/8719 6603/8692 6627/8718
f 6642/8745 6641/8744 6684/8800
f 6684/8800 6641/8744 6902/9093
f 6898/9089 6897/9087 7125/9395
f 6899/9090 6902/9094 6903/9095
f 6903/9095 6902/9094 6928/9129
f 1782/2381 1102/1551 1777/2372
f 1777/2372 1783/2382 1782/2381
f 2435/3207 2424/3187 4751/6210
f 4729/6188 4740/6199 4741/6200
f 4798/6263 4961/6450 4179/5431
f 4957/6445 4798/6263 4179/5431
f 4176/5427 4186/5445 4165/5413
f 4165/5413 4186/5445 4182/5438
f 4182/5438 4186/5445 3412/4425
f 4182/5438 3412/4425 4183/5440
f 4184/5442 4191/5456 388/445
f 4191/5454 103/125 72/93
f 388/444 4191/5454 72/93
f 103/125 353/389 73/94
f 72/93 103/125 73/94
f 73/94 353/389 352/388
f 4463/5831 352/388 4465/5834
f 4357/5695 4358/5697 4356/5693
f 4355/5692 4360/5699 4354/5691
f 4372/5711 191/214 189/212
f 190/213 383/434 188/211
f 4620/6030 4616/6026 5079/6580
f 5077/6578 5079/6580 5080/6581
f 5080/6581 5167/6674 5078/6579
f 2168/2867 643/905 642/903
f 2173/2872 2180/2882 2171/2870
f 2171/2870 2178/2880 2169/2868
f 7225/9517 6957/9166 6952/9160
f 6958/9168 7225/9517 6952/9160
f 6952/9160 6957/9166 6956/9165
f 6952/9160 6956/9165 6954/9162
f 6952/9160 6954/9162 6951/9159
f 6954/9162 6955/9164 6953/9161
f 6953/9161 6955/9164 6683/8799
f 6652/8755 6628/8719 6627/8718
f 6627/8718 6603/8692 6626/8717
f 6896/9085 6642/8745 6684/8800
f 6894/9083 6892/9080 6897/9087
f 6899/9090 6684/8801 6902/9094
f 6898/9089 6894/9083 6897/9087
f 6897/9087 6892/9080 6899/9090
f 1782/2381 1783/2382 1786/2385
f 3702/4816 4216/5504 2303/3035
f 4729/6188 4741/6200 4813/6284
f 4741/6200 4798/6263 4813/6284
f 4957/6445 4179/5431 4178/5429
f 4178/5430 4179/5433 4176/5427
f 4173/5423 4176/5427 4165/5413
f 4183/5440 4184/5442 4170/5418
f 4170/5418 4184/5442 4172/5421
f 4172/5421 4184/5442 388/445
f 73/94 352/388 4463/5831
f 189/212 190/213 188/211
f 187/210 189/212 188/211
f 188/211 383/434 366/404
f 4622/6033 5079/6580 5077/6578
f 5167/6674 2174/2873 5277/6829
f 2174/2874 2181/2883 2173/2872
f 5277/6830 2174/2874 2173/2872
f 2168/2867 642/903 638/895
f 638/894 642/902 637/893
f 6951/9159 6954/9162 6953/9161
f 6958/9168 6952/9160 6950/9158
f 6950/9158 6952/9160 6947/9153
f 6947/9153 6952/9160 6951/9159
f 6947/9153 6951/9159 6946/9152
f 6683/8798 6628/8719 6687/8806
f 6687/8806 6628/8719 6652/8755
f 6626/8717 6642/8745 6682/8796
f 6682/8796 6642/8745 6896/9085
f 6889/9077 6888/9076 6893/9081
f 6893/9081 6888/9076 6892/9080
f 6892/9080 6896/9086 6684/8801
f 6894/9083 7128/9399 6893/9081
f 6893/9081 6892/9080 6894/9083
f 6899/9090 6892/9080 6684/8801
f 1106/1556 1782/2381 1786/2385
f 1103/1552 1782/2380 1104/1553
f 3703/4818 1781/2377 4216/5504
f 3703/4818 4216/5504 3702/4816
f 2435/3208 2432/3202 2273/3003
f 2261/2991 2277/3007 2276/3006
f 4730/6189 4740/6199 4729/6188
f 4813/6284 4798/6263 4957/6445
f 4178/5430 4176/5427 4173/5423
f 4166/5414 4183/5440 4170/5418
f 4172/5421 388/445 62/80
f 62/79 388/444 120/142
f 120/142 388/444 72/93
f 4401/5746 4372/5711 189/212
f 4622/6033 4620/6030 5079/6580
f 5077/6578 5080/6581 5078/6579
f 5078/6579 5167/6674 5083/6584
f 5083/6584 5167/6674 5277/6829
f 2166/2865 2168/2867 638/895
f 638/894 637/893 627/874
f 627/874 637/893 636/892
f 636/892 772/1111 774/1115
f 6946/9152 6951/9159 6953/9161
f 6946/9152 6953/9161 6687/8807
f 6687/8807 6953/9161 6683/8799
f 6949/9156 6950/9158 6948/9154
f 6948/9154 6950/9158 6947/9153
f 6941/9146 6948/9154 6947/9153
f 6687/8806 6652/8755 6940/9144
f 6940/9144 6652/8755 6673/8778
f 6652/8755 6627/8718 6673/8778
f 6673/8778 6627/8718 6678/8788
f 6678/8788 6627/8718 6626/8717
f 6678/8788 6626/8717 6682/8796
f 6896/9086 6890/9078 6682/8797
f 6888/9076 6887/9075 6892/9080
f 7128/9399 6889/9077 6893/9081
f 6892/9080 6887/9075 6890/9078
f 6892/9080 6890/9078 6896/9086
f 1780/2376 1781/2379 1785/2384
f 1785/2384 1781/2379 1828/2442
f 1828/2441 1781/2377 3703/4818
f 2431/3200 2292/3022 2432/3202
f 2435/3207 4751/6210 4732/6191
f 4732/6191 4751/6210 4740/6199
f 4732/6191 4740/6199 4730/6189
f 4957/6445 4178/5429 4180/5435
f 4180/5434 4178/5430 4173/5423
f 4165/5413 4182/5438 4166/5414
f 4508/5881 4510/5883 4505/5876
f 4354/5691 4372/5712 4361/5700
f 4361/5700 4372/5712 4401/5747
f 4401/5746 189/212 187/210
f 4623/6034 4621/6031 4622/6033
f 5083/6584 5277/6829 5278/6831
f 5278/6832 5277/6830 2172/2871
f 5277/6830 2173/2872 2172/2871
f 2172/2871 2173/2872 2170/2869
f 2170/2869 2173/2872 2171/2870
f 2170/2869 2171/2870 2169/2868
f 2170/2869 2169/2868 2160/2858
f 2160/2858 2169/2868 2166/2865
f 2160/2858 2166/2865 2164/2863
f 2164/2863 2166/2865 2167/2866
f 2166/2865 638/895 2167/2866
f 2167/2866 638/895 639/897
f 639/896 638/894 627/874
f 6942/9147 6946/9152 6687/8807
f 6949/9156 6948/9154 6941/9146
f 6941/9146 6947/9153 6943/9148
f 6943/9148 6947/9153 6946/9152
f 6943/9148 6946/9152 6942/9147
f 6942/9147 6687/8807 6945/9151
f 6945/9151 6687/8807 6940/9145
f 6944/9150 6949/9156 6941/9146
f 6891/9079 6678/8789 6682/8797
f 7128/9399 7130/9402 6885/9073
f 6888/9076 6885/9073 6887/9075
f 6887/9075 6885/9073 6886/9074
f 6887/9075 6886/9074 6890/9078
f 6886/9074 6891/9079 6890/9078
f 6890/9078 6891/9079 6682/8797
f 7128/9399 6885/9073 6889/9077
f 6889/9077 6885/9073 6888/9076
f 1787/2386 1786/2385 1783/2382
f 2277/3007 2278/3008 2276/3006
f 2432/3201 2435/3207 4732/6191
f 4729/6188 4813/6284 4814/6286
f 4813/6284 4957/6445 4180/5435
f 4180/5434 4173/5423 4174/5424
f 4173/5423 4165/5413 4164/5412
f 4170/5418 4172/5421 60/77
f 4171/5420 4170/5418 60/77
f 60/76 4172/5422 62/79
f 120/142 72/93 71/92
f 71/92 72/93 73/94
f 71/92 73/94 74/95
f 74/95 73/94 4463/5831
f 4357/5695 4356/5693 4348/5683
f 4356/5693 4355/5692 4349/5684
f 187/210 188/211 186/209
f 188/211 366/404 186/209
f 186/209 366/404 365/403
f 5069/6570 5078/6579 5083/6584
f 636/892 774/1115 6205/8138
f 6941/9146 6943/9148 6937/9141
f 6939/9143 6942/9147 6945/9151
f 6944/9150 6941/9146 6938/9142
f 6938/9142 6941/9146 6937/9141
f 6937/9141 6943/9148 6942/9147
f 6937/9141 6942/9147 6939/9143
f 6939/9143 6945/9151 6940/9145
f 6944/9150 6938/9142 6884/9072
f 6883/9071 6937/9141 6939/9143
f 6939/9143 6940/9145 6895/9084
f 6883/9071 6939/9143 6895/9084
f 6895/9084 6940/9145 6673/8779
f 6936/9140 6944/9150 6884/9072
f 6884/9072 6938/9142 6937/9141
f 6884/9072 6937/9141 6880/9068
f 6880/9068 6937/9141 6883/9071
f 6881/9069 6883/9071 6895/9084
f 6880/9068 6883/9071 6881/9069
f 7130/9402 6936/9140 6884/9072
f 7130/9402 6884/9072 6882/9070
f 6884/9072 6880/9068 6882/9070
f 6880/9068 6881/9069 6882/9070
f 6895/9084 6673/8779 6678/8789
f 6881/9069 6895/9084 6891/9079
f 6891/9079 6895/9084 6678/8789
f 6885/9073 6882/9070 6881/9069
f 7130/9402 6882/9070 6885/9073
f 6885/9073 6881/9069 6886/9074
f 6886/9074 6881/9069 6891/9079
f 1784/2383 1787/2386 1783/2382
f 1783/2382 1780/2376 1784/2383
f 3703/4818 3702/4816 3704/4819
f 2286/3016 2431/3200 2425/3190
f 2284/3014 2282/3012 2283/3013
f 2425/3189 2432/3201 4732/6191
f 4814/6286 4813/6284 4180/5435
f 4165/5413 4166/5414 4167/5415
f 4167/5415 4166/5414 4170/5418
f 4167/5415 4170/5418 4171/5420
f 60/76 62/79 61/78
f 61/78 62/79 120/142
f 4351/5687 4357/5695 4348/5683
f 4348/5683 4356/5693 4349/5684
f 4355/5692 4350/5685 4349/5684
f 4350/5685 4355/5692 4354/5691
f 4624/6036 4622/6033 5186/6697
f 5186/6697 4622/6033 5077/6578
f 5069/6570 5083/6584 5084/6585
f 5083/6584 5278/6831 5084/6585
f 5278/6832 2172/2871 2163/2862
f 2163/2862 2172/2871 2170/2869
f 2163/2862 2170/2869 2101/2778
f 2101/2778 2170/2869 2160/2858
f 2160/2858 2164/2863 2092/2768
f 2167/2866 639/897 640/899
f 640/898 639/896 627/874
f 627/874 636/892 6205/8138
f 1109/1561 1107/1558 1788/2387
f 1107/1558 1106/1556 1788/2387
f 1788/2387 1106/1556 1786/2385
f 1784/2383 1780/2376 1785/2384
f 1104/1553 1107/1557 1108/1559
f 4784/6246 2425/3189 4732/6191
f 4732/6191 4730/6189 4725/6184
f 4725/6184 4730/6189 4729/6188
f 4814/6285 4180/5434 4185/5443
f 4185/5443 4180/5434 4174/5424
f 4185/5443 4174/5424 4175/5425
f 4175/5425 4174/5424 4168/5416
f 4174/5424 4164/5412 4168/5416
f 4165/5413 4167/5415 4164/5412
f 4171/5419 60/76 59/75
f 59/75 60/76 61/78
f 61/78 120/142 71/92
f 74/95 4463/5831 4462/5829
f 4361/5700 4401/5747 492/627
f 492/626 4401/5746 187/210
f 365/403 3165/4126 392/450
f 5084/6585 5278/6831 5279/6833
f 5279/6834 5278/6832 2163/2862
f 2164/2863 2167/2866 2165/2864
f 2165/2864 2167/2866 640/899
f 1784/2383 1785/2384 1789/2388
f 1828/2441 3703/4818 3705/4821
f 3705/4821 3703/4818 2436/3209
f 3703/4818 3704/4819 2436/3209
f 4784/6246 4732/6191 4731/6190
f 4725/6184 4729/6188 4728/6187
f 4728/6187 4729/6188 4814/6286
f 4728/6187 4814/6286 4200/5474
f 59/75 61/78 71/92
f 4350/5685 4354/5691 4342/5673
f 4342/5673 4354/5691 4361/5700
f 4342/5673 4361/5700 492/627
f 187/210 186/209 185/208
f 492/626 187/210 185/208
f 185/208 186/209 184/207
f 186/209 365/403 184/207
f 184/207 365/403 392/450
f 4628/6043 4624/6036 5186/6697
f 5186/6697 5077/6578 5073/6574
f 5073/6574 5077/6578 5065/6566
f 5065/6566 5077/6578 5078/6579
f 5279/6834 2163/2862 2104/2782
f 2104/2782 2163/2862 2101/2778
f 2092/2768 2164/2863 2093/2769
f 2164/2863 2165/2864 2099/2776
f 2165/2864 640/899 641/901
f 641/900 640/898 627/874
f 1788/2387 1787/2386 1790/2389
f 1787/2386 1784/2383 1790/2389
f 1790/2389 1784/2383 1789/2388
f 1789/2388 1785/2384 1828/2442
f 1789/2388 1828/2442 3749/4888
f 3749/4887 1828/2441 3705/4821
f 4200/5473 4814/6285 4185/5443
f 4164/5412 4167/5415 4156/5402
f 4156/5402 4167/5415 4158/5404
f 4158/5404 4167/5415 4171/5420
f 4158/5404 4171/5420 4159/5406
f 75/96 71/92 74/95
f 4351/5687 4348/5683 4345/5679
f 184/207 392/450 391/448
f 183/206 184/207 391/448
f 4628/6043 5186/6697 5073/6574
f 5065/6566 5078/6579 5069/6570
f 5084/6585 5279/6833 2186/2891
f 2186/2892 5279/6834 2104/2782
f 2101/2778 2160/2858 2092/2768
f 2093/2769 2164/2863 2099/2776
f 2099/2776 2165/2864 641/901
f 641/900 627/874 628/875
f 627/874 6205/8138 626/870
f 626/871 6205/8139 3812/4976
f 1109/1561 1788/2387 1829/2444
f 3705/4821 2436/3209 3706/4822
f 4787/6249 2294/3024 4784/6246
f 4731/6190 4732/6191 4725/6184
f 4157/5403 4164/5412 4156/5402
f 4200/5473 4185/5443 4169/5417
f 4169/5417 4185/5443 4175/5425
f 4169/5417 4175/5425 4168/5416
f 4171/5419 59/75 57/73
f 57/73 59/75 58/74
f 58/74 59/75 76/97
f 59/75 71/92 76/97
f 76/97 71/92 75/96
f 4345/5679 4348/5683 4342/5673
f 4348/5683 4349/5684 4342/5673
f 4342/5673 4349/5684 4350/5685
f 4425/5776 492/626 185/208
f 4629/6044 4628/6043 5073/6574
f 5084/6585 2186/2891 5217/6741
f 5070/6571 5084/6585 5217/6741
f 2186/2892 2104/2782 2096/2772
f 2096/2772 2104/2782 2101/2778
f 2096/2772 2101/2778 2095/2771
f 2095/2771 2101/2778 2092/2768
f 1829/2444 1788/2387 1221/1711
f 1221/1711 1788/2387 1790/2389
f 1221/1711 1790/2389 1791/2390
f 1790/2389 1789/2388 1793/2393
f 4787/6249 4784/6246 4731/6190
f 4169/5417 4168/5416 4161/5408
f 4161/5408 4168/5416 4157/5403
f 4159/5405 4171/5419 57/73
f 75/96 74/95 460/569
f 74/95 4462/5829 460/569
f 4353/5690 4351/5687 4340/5671
f 4340/5671 4351/5687 4345/5679
f 4342/5673 492/627 4352/5688
f 4352/5688 492/627 4425/5777
f 183/206 391/448 418/496
f 5069/6570 5084/6585 5070/6571
f 5217/6742 2186/2892 2096/2772
f 2093/2769 2099/2776 2098/2775
f 2099/2776 641/901 628/876
f 2098/2775 2099/2776 628/876
f 626/872 3812/4977 3809/4972
f 1793/2393 1789/2388 3749/4888
f 3709/4827 3749/4887 3705/4821
f 3705/4821 3706/4822 3707/4824
f 3708/4826 3705/4821 3707/4824
f 3707/4824 3706/4822 2309/3044
f 4724/6183 4731/6190 4725/6184
f 4728/6187 4200/5474 4190/5452
f 5236/6765 4728/6187 4190/5452
f 4155/5401 4156/5402 4158/5404
f 4190/5453 4200/5473 4169/5417
f 4190/5453 4169/5417 4161/5408
f 4159/5405 57/73 39/52
f 39/52 57/73 58/74
f 77/98 58/74 76/97
f 185/208 184/207 181/204
f 4631/6047 4629/6044 5073/6574
f 5066/6567 5069/6570 5070/6571
f 5217/6742 2096/2772 2100/2777
f 2100/2777 2096/2772 2089/2765
f 2089/2765 2096/2772 2087/2763
f 2087/2763 2096/2772 2095/2771
f 2087/2763 2095/2771 2082/2757
f 2082/2757 2095/2771 2092/2768
f 2094/2770 2093/2769 2098/2775
f 2098/2775 628/876 2183/2886
f 628/875 627/874 621/861
f 621/861 627/874 626/870
f 3709/4827 3705/4821 3708/4826
f 2306/3040 2302/3034 2288/3018
f 2288/3018 2302/3034 2287/3017
f 2287/3017 2302/3034 2298/3029
f 4725/6184 4728/6187 4727/6186
f 5236/6766 4190/5453 4161/5408
f 4161/5408 4157/5403 4160/5407
f 4154/5400 4156/5402 4155/5401
f 4155/5401 4158/5404 4159/5406
f 37/50 4159/5405 39/52
f 39/52 58/74 77/98
f 4515/5889 4517/5891 4514/5888
f 4340/5671 4345/5679 4342/5673
f 181/204 4425/5776 185/208
f 183/206 418/496 3156/4111
f 4631/6047 5073/6574 5064/6565
f 5064/6565 5073/6574 5065/6566
f 5065/6566 5069/6570 5066/6567
f 2091/2767 2092/2768 2093/2769
f 2091/2767 2093/2769 2094/2770
f 2094/2770 2098/2775 2183/2886
f 628/875 621/861 2183/2885
f 1220/1709 1221/1710 1795/2395
f 1795/2396 1791/2390 1796/2397
f 1796/2397 1791/2390 1794/2394
f 1794/2394 1791/2390 1793/2393
f 1793/2393 3749/4888 3754/4898
f 3754/4897 3749/4887 3709/4827
f 2434/3206 2313/3051 5326/6918
f 2434/3205 5326/6917 4786/6248
f 5326/6917 4787/6249 4786/6248
f 4787/6249 4731/6190 4724/6183
f 4786/6248 4787/6249 4724/6183
f 4736/6195 4728/6187 5236/6765
f 5236/6766 4161/5408 4162/5409
f 4162/5409 4161/5408 4160/5407
f 119/141 39/52 77/98
f 77/98 76/97 75/96
f 75/96 460/569 4467/5837
f 4513/5887 4519/5893 4466/5836
f 4326/5653 1535/2035 4353/5690
f 4326/5653 4353/5690 4340/5671
f 4340/5671 4342/5673 4338/5669
f 4338/5669 4342/5673 4339/5670
f 4339/5670 4342/5673 4352/5688
f 4352/5688 4425/5777 497/637
f 497/636 4425/5776 181/204
f 181/204 184/207 183/206
f 4633/6050 4631/6047 5064/6565
f 5070/6571 5217/6741 5177/6687
f 5369/7005 5217/6742 2100/2777
f 5177/6687 5217/6741 5369/7004
f 5369/7005 2100/2777 2088/2764
f 2088/2764 2100/2777 2089/2765
f 2082/2757 2092/2768 2091/2767
f 2091/2767 2094/2770 2090/2766
f 2094/2770 2183/2886 624/867
f 3708/4826 3707/4824 3711/4829
f 4723/6182 4724/6183 4725/6184
f 4727/6186 4728/6187 4736/6195
f 4736/6195 5236/6765 4197/5467
f 4197/5468 5236/6766 4162/5409
f 4160/5407 4157/5403 4150/5395
f 4157/5403 4154/5400 4150/5395
f 4159/5405 37/50 36/48
f 37/50 39/52 38/51
f 38/51 39/52 119/141
f 4339/5670 4352/5688 4347/5682
f 4347/5682 4352/5688 497/637
f 5066/6567 5070/6571 5071/6572
f 2090/2766 2094/2770 624/867
f 2089/2765 2087/2763 2088/2764
f 624/866 2183/2885 621/861
f 624/866 621/861 2097/2773
f 1794/2394 1793/2393 3754/4898
f 3709/4827 3708/4826 3710/4828
f 3710/4828 3708/4826 3711/4829
f 2357/3100 2434/3205 4786/6248
f 4726/6185 4725/6184 4727/6186
f 4150/5395 4154/5400 4144/5389
f 4197/5468 4162/5409 4152/5397
f 4152/5397 4162/5409 4160/5407
f 4152/5397 4160/5407 4151/5396
f 4151/5396 4160/5407 4150/5395
f 4143/5388 4159/5406 36/49
f 36/48 37/50 38/51
f 4338/5669 4339/5670 4337/5668
f 181/204 183/206 182/205
f 183/206 3156/4111 417/494
f 4633/6050 5064/6565 4635/6053
f 4634/6051 4633/6050 4635/6053
f 5064/6565 5065/6566 5066/6567
f 5071/6572 5070/6571 5177/6687
f 5177/6687 5369/7004 2175/2875
f 2175/2876 5369/7005 2088/2764
f 2088/2764 2087/2763 2069/2743
f 2068/2742 2087/2763 2082/2757
f 2090/2766 624/867 2097/2774
f 1831/2447 1795/2396 1830/2445
f 1830/2445 1795/2396 1796/2397
f 1796/2397 1794/2394 1830/2445
f 3751/4891 3754/4897 3709/4827
f 3751/4891 3709/4827 3712/4831
f 3712/4831 3709/4827 3710/4828
f 5680/7432 2357/3100 4722/6181
f 2357/3100 4786/6248 4722/6181
f 4722/6181 4786/6248 4724/6183
f 4723/6182 4725/6184 4726/6185
f 4154/5400 4155/5401 4144/5389
f 4144/5389 4155/5401 4143/5388
f 4143/5388 4155/5401 4159/5406
f 79/100 119/141 77/98
f 79/100 77/98 78/99
f 77/98 75/96 78/99
f 78/99 75/96 4467/5837
f 4517/5891 4520/5894 4514/5888
f 4514/5888 4520/5894 4519/5893
f 4340/5671 4338/5669 4328/5656
f 4326/5653 4340/5671 4328/5656
f 4336/5667 4338/5669 4337/5668
f 4337/5668 4339/5670 4347/5682
f 183/206 417/494 182/205
f 2175/2876 2088/2764 2073/2748
f 2073/2748 2088/2764 2069/2743
f 2068/2742 2069/2743 2087/2763
f 621/861 626/870 3788/4948
f 626/873 3797/4959 3788/4949
f 1794/2394 3754/4898 3753/4896
f 3753/4895 3754/4897 3751/4891
f 5679/7430 3710/4828 3711/4829
f 4723/6182 4722/6181 4724/6183
f 5337/6940 4197/5468 4152/5397
f 5337/6940 4152/5397 4148/5393
f 4148/5393 4152/5397 4151/5396
f 4148/5393 4151/5396 4150/5395
f 40/53 36/48 38/51
f 38/51 119/141 79/100
f 80/101 38/51 79/100
f 78/99 4467/5837 506/654
f 4338/5669 4336/5667 4328/5656
f 4347/5682 497/637 498/639
f 497/636 181/204 179/202
f 498/638 497/636 179/202
f 179/202 181/204 182/205
f 182/205 417/494 404/471
f 4635/6053 5064/6565 5067/6568
f 5071/6572 5177/6687 5074/6575
f 5177/6687 2175/2875 2153/2845
f 5074/6575 5177/6687 2153/2845
f 2153/2846 2175/2876 2073/2748
f 2091/2767 2090/2766 2081/2756
f 2082/2757 2091/2767 2081/2756
f 2081/2756 2090/2766 2070/2744
f 2090/2766 2097/2774 2070/2744
f 2070/2744 2097/2774 2184/2888
f 2184/2887 2097/2773 621/861
f 2184/2887 621/861 620/860
f 621/861 3788/4948 620/860
f 1831/2447 1830/2445 1876/2505
f 1830/2445 1794/2394 3753/4896
f 3753/4895 3751/4891 3712/4831
f 5325/6915 5680/7432 4722/6181
f 5610/7338 5603/7329 5611/7339
f 4736/6195 4197/5467 5337/6939
f 4148/5393 4150/5395 4145/5390
f 4147/5392 4148/5393 4145/5390
f 4145/5390 4150/5395 4144/5389
f 4143/5388 36/49 4142/5387
f 4142/5386 36/48 40/53
f 40/53 38/51 41/54
f 41/54 38/51 80/101
f 4337/5668 4347/5682 4341/5672
f 4341/5672 4347/5682 498/639
f 182/205 404/471 180/203
f 4636/6054 4635/6053 5067/6568
f 5067/6568 5064/6565 5066/6567
f 2153/2846 2073/2748 2066/2740
f 2066/2740 2073/2748 2069/2743
f 2066/2740 2069/2743 2068/2742
f 2068/2742 2082/2757 2064/2738
f 2070/2744 2184/2888 625/869
f 625/868 2184/2887 620/860
f 1219/1708 1831/2446 1878/2507
f 1878/2508 1831/2447 1876/2505
f 3713/4832 3710/4828 3744/4877
f 5325/6916 5328/6922 5602/7328
f 5328/6921 5325/6915 4721/6180
f 4721/6180 5325/6915 4722/6181
f 5329/6923 4736/6195 5337/6939
f 5329/6924 5337/6940 4148/5393
f 5329/6924 4148/5393 4147/5392
f 4142/5386 40/53 41/54
f 80/101 79/100 78/99
f 484/611 78/99 506/654
f 4325/5652 4327/5655 4326/5653
f 4325/5652 4326/5653 4324/5650
f 4326/5653 4328/5656 4324/5650
f 4335/5666 4336/5667 4337/5668
f 5074/6575 2153/2845 5076/6577
f 5341/6949 2153/2846 2066/2740
f 5076/6577 2153/2845 5341/6948
f 2066/2740 2068/2742 2025/2698
f 2025/2698 2068/2742 2064/2738
f 2064/2738 2082/2757 2062/2736
f 2062/2736 2082/2757 2081/2756
f 3716/4838 3753/4895 3712/4831
f 3712/4831 3710/4828 3713/4832
f 5599/7325 5603/7329 2307/3042
f 3713/4833 3744/4878 5604/7330
f 5677/7427 3713/4833 5604/7330
f 4721/6180 4722/6181 4723/6182
f 4737/6196 4727/6186 4736/6195
f 4737/6196 4736/6195 4163/5410
f 4736/6195 5329/6923 4163/5410
f 4163/5411 5329/6924 4147/5392
f 4147/5392 4145/5390 4140/5384
f 4140/5384 4145/5390 4138/5382
f 4145/5390 4144/5389 4138/5382
f 4138/5382 4144/5389 4139/5383
f 4139/5383 4144/5389 4143/5388
f 4139/5383 4143/5388 4141/5385
f 4141/5385 4143/5388 4142/5387
f 4324/5650 4328/5656 4336/5667
f 180/203 404/471 403/470
f 5331/6927 4636/6054 5067/6568
f 5331/6927 5067/6568 5068/6569
f 5067/6568 5066/6567 5068/6569
f 5066/6567 5071/6572 5063/6564
f 2062/2736 2081/2756 2070/2744
f 2062/2736 2070/2744 2063/2737
f 2063/2737 2070/2744 625/869
f 5341/6949 2066/2740 2065/2739
f 2051/2724 2066/2740 2025/2698
f 2025/2698 2064/2738 2021/2694
f 625/868 620/860 622/862
f 620/860 3788/4948 619/859
f 1878/2508 1876/2505 1879/2510
f 1879/2510 1876/2505 1877/2506
f 3712/4831 3713/4832 3714/4834
f 5601/7327 5598/7324 5599/7325
f 5630/7363 5328/6921 4721/6180
f 4726/6185 4727/6186 4737/6196
f 4163/5411 4147/5392 4149/5394
f 41/54 80/101 81/102
f 81/102 80/101 78/99
f 82/103 78/99 484/611
f 4324/5650 4336/5667 4335/5666
f 4335/5666 4337/5668 4341/5672
f 4341/5672 498/639 4346/5681
f 4346/5680 498/638 179/202
f 179/202 182/205 180/203
f 5394/7055 5331/6927 3153/4107
f 3153/4107 5331/6927 5068/6569
f 5063/6564 5068/6569 5066/6567
f 5071/6572 5074/6575 5055/6556
f 5076/6577 5341/6948 5340/6946
f 5340/6947 5341/6949 2065/2739
f 2021/2694 2064/2738 2062/2736
f 2063/2737 625/869 622/863
f 622/862 620/860 619/859
f 1879/2510 1877/2506 1883/2518
f 1877/2506 1880/2512 1882/2516
f 1880/2512 3753/4896 3758/4906
f 1882/2516 1880/2512 3758/4906
f 3758/4905 3753/4895 3716/4838
f 3715/4836 3712/4831 3714/4834
f 5693/7458 5630/7363 4743/6202
f 4743/6202 5630/7363 4721/6180
f 4721/6180 4723/6182 4733/6192
f 4737/6196 4163/5410 4181/5436
f 4181/5437 4163/5411 4149/5394
f 4149/5394 4147/5392 4124/5358
f 4147/5392 4140/5384 4124/5358
f 4141/5385 4142/5387 43/57
f 43/56 4142/5386 42/55
f 42/55 41/54 81/102
f 81/102 78/99 82/103
f 82/103 484/611 4535/5910
f 4521/5895 4526/5900 4525/5899
f 4335/5666 4341/5672 4346/5681
f 5072/6573 5068/6569 5063/6564
f 5063/6564 5071/6572 5055/6556
f 5055/6556 5074/6575 5076/6577
f 5076/6577 5340/6946 5075/6576
f 5340/6947 2065/2739 2054/2727
f 2054/2727 2065/2739 2051/2724
f 2051/2724 2025/2698 2024/2697
f 2024/2697 2025/2698 2021/2694
f 2062/2736 2063/2737 2050/2723
f 2050/2723 2063/2737 622/863
f 619/859 3788/4948 3787/4946
f 1223/1714 1879/2511 6074/7958
f 3716/4838 3712/4831 3715/4836
f 5598/7324 5594/7320 5599/7325
f 4743/6202 4721/6180 4733/6192
f 4733/6192 4723/6182 4734/6193
f 4734/6193 4723/6182 4726/6185
f 4124/5358 4140/5384 4125/5359
f 4140/5384 4138/5382 4125/5359
f 4125/5359 4138/5382 4121/5353
f 4121/5353 4138/5382 4139/5383
f 4121/5353 4139/5383 4112/5343
f 4112/5343 4139/5383 4141/5385
f 4112/5343 4141/5385 50/66
f 4181/5437 4149/5394 4146/5391
f 4146/5391 4149/5394 4124/5358
f 43/56 42/55 44/58
f 4323/5649 4325/5652 4324/5650
f 4323/5649 4324/5650 4322/5646
f 4329/5657 4324/5650 4334/5665
f 4324/5650 4335/5666 4334/5665
f 4334/5665 4335/5666 4332/5662
f 4335/5666 4346/5681 521/684
f 3153/4107 5068/6569 3166/4128
f 3166/4128 5068/6569 5072/6573
f 5075/6576 5055/6556 5076/6577
f 2157/2853 5340/6947 2054/2727
f 5075/6576 5340/6946 2157/2852
f 2054/2727 2051/2724 2020/2693
f 2051/2724 2024/2697 2020/2693
f 2020/2693 2024/2697 2021/2694
f 2021/2694 2062/2736 2050/2723
f 2026/2699 2021/2694 2050/2723
f 2050/2723 622/863 623/865
f 623/864 622/862 619/859
f 6074/7958 1879/2511 1883/2519
f 3717/4839 3716/4838 3715/4836
f 5646/7384 3715/4837 3714/4835
f 5290/6850 5693/7458 4743/6202
f 4737/6196 4181/5436 5343/6952
f 5343/6953 4181/5437 4146/5391
f 50/66 4141/5385 43/57
f 45/59 43/56 44/58
f 44/58 42/55 83/104
f 83/104 42/55 81/102
f 83/104 81/102 82/103
f 4322/5646 4324/5650 4329/5657
f 178/201 403/470 3129/4075
f 3122/4064 3166/4128 5072/6573
f 3122/4064 5072/6573 3118/4059
f 2157/2853 2054/2727 2039/2712
f 2039/2712 2054/2727 2020/2693
f 2020/2693 2021/2694 2022/2695
f 2022/2695 2021/2694 2026/2699
f 2083/2759 2050/2723 623/865
f 619/859 3787/4946 618/858
f 623/864 619/859 618/858
f 1224/1715 1222/1712 1223/1713
f 3740/4869 3758/4905 3716/4838
f 3740/4869 3716/4838 3717/4839
f 3717/4839 3715/4836 3718/4840
f 3718/4840 3715/4836 5682/7436
f 5646/7384 5682/7437 3715/4837
f 5682/7437 5646/7384 5596/7322
f 5290/6850 4743/6202 4744/6203
f 4734/6193 4726/6185 4737/6196
f 4119/5350 4124/5358 4114/5345
f 50/65 43/56 45/59
f 5343/6953 4146/5391 4119/5350
f 4146/5391 4124/5358 4119/5350
f 84/105 83/104 82/103
f 84/105 82/103 509/660
f 509/660 82/103 4535/5910
f 4332/5662 4335/5666 521/684
f 521/683 4346/5680 179/202
f 179/202 180/203 178/201
f 178/201 3129/4075 453/557
f 5072/6573 5063/6564 5062/6563
f 5058/6559 5063/6564 5055/6556
f 5055/6556 5075/6576 5056/6557
f 5075/6576 2157/2852 5056/6557
f 2155/2850 2157/2853 2039/2712
f 5056/6557 2157/2852 2155/2849
f 2038/2711 2039/2712 2020/2693
f 2083/2758 623/864 618/858
f 618/858 3787/4946 616/856
f 3787/4946 779/1128 616/856
f 1882/2517 3758/4907 6071/7955
f 6073/7957 6074/7958 1883/2519
f 6073/7957 1883/2519 1882/2517
f 3722/4845 3740/4869 3717/4839
f 5696/7465 5620/7352 5628/7361
f 5628/7361 5620/7352 5592/7318
f 5592/7318 5591/7317 5595/7321
f 5591/7317 5590/7316 5594/7320
f 5594/7320 5590/7316 5593/7319
f 5685/7442 3718/4840 5682/7436
f 5685/7443 5682/7437 5597/7323
f 5696/7465 5628/7361 5290/6851
f 5696/7464 5290/6850 4744/6203
f 4743/6202 4733/6192 4744/6203
f 4734/6193 4737/6196 4738/6197
f 4114/5345 4124/5358 4111/5342
f 4124/5358 4125/5359 4111/5342
f 4111/5342 4125/5359 4121/5353
f 4107/5337 4121/5353 4112/5343
f 4737/6196 5343/6952 4127/5362
f 4127/5363 5343/6953 4119/5350
f 50/65 45/59 47/61
f 47/61 45/59 46/60
f 46/60 44/58 85/106
f 85/106 44/58 83/104
f 4330/5658 4329/5657 4334/5665
f 4331/5660 4334/5665 4332/5662
f 4343/5674 521/683 179/202
f 179/202 178/201 177/200
f 178/201 453/557 176/199
f 3118/4059 5072/6573 5062/6563
f 5062/6563 5063/6564 5058/6559
f 2050/2723 2083/2759 2046/2719
f 5385/7037 2155/2850 2039/2712
f 5056/6557 2155/2849 5385/7036
f 5385/7037 2039/2712 2038/2711
f 2038/2711 2020/2693 2023/2696
f 2023/2696 2020/2693 2022/2695
f 2083/2758 618/858 661/934
f 616/856 779/1128 3777/4935
f 3719/4841 3717/4839 3718/4840
f 5620/7351 5696/7464 5224/6749
f 5620/7352 5588/7314 5592/7318
f 5592/7318 5588/7314 5591/7317
f 5224/6749 5696/7464 4744/6203
f 4733/6192 4734/6193 4735/6194
f 4735/6194 4734/6193 4738/6197
f 4738/6197 4737/6196 4201/5475
f 4111/5342 4121/5353 4107/5337
f 4201/5475 4737/6196 4127/5362
f 4127/5363 4119/5350 4118/5349
f 4118/5349 4119/5350 4114/5345
f 4112/5343 50/66 49/64
f 49/63 50/65 47/61
f 84/105 509/660 510/662
f 4332/5662 521/684 4343/5675
f 1655/2188 4323/5649 4322/5646
f 4330/5658 4334/5665 4331/5660
f 4343/5674 179/202 177/200
f 176/199 453/557 3125/4070
f 3118/4059 5062/6563 3146/4097
f 5056/6557 5385/7036 5057/6558
f 2046/2719 2083/2759 661/935
f 5057/6558 5385/7036 2118/2798
f 2118/2799 5385/7037 2038/2711
f 2036/2709 2038/2711 2023/2696
f 6073/7957 1882/2517 6072/7956
f 6072/7956 1882/2517 6071/7955
f 3721/4844 3740/4869 3722/4845
f 3722/4845 3717/4839 3719/4841
f 5620/7352 5350/6968 5588/7314
f 5350/6967 5620/7351 4745/6204
f 5588/7314 5589/7315 5591/7317
f 5591/7317 5589/7315 5590/7316
f 5622/7354 3719/4841 3718/4840
f 5685/7442 5622/7354 3718/4840
f 4745/6204 5620/7351 5224/6749
f 5582/7308 5584/7310 5597/7323
f 5224/6749 4744/6203 4745/6204
f 4744/6203 4733/6192 4739/6198
f 4738/6197 4201/5475 4128/5364
f 4128/5365 4201/5476 4118/5349
f 4118/5349 4114/5345 4117/5348
f 85/106 83/104 84/105
f 4322/5646 4329/5657 4330/5658
f 177/200 178/201 176/199
f 176/199 3125/4070 474/595
f 5061/6562 5062/6563 5058/6559
f 2026/2699 2046/2719 2040/2713
f 2040/2713 2046/2719 661/935
f 2118/2799 2038/2711 2036/2709
f 2027/2700 2036/2709 2023/2696
f 2022/2695 2026/2699 2028/2701
f 661/934 618/858 660/932
f 618/858 616/856 617/857
f 6071/7954 3740/4869 3721/4844
f 3721/4844 3722/4845 5694/7460
f 5694/7460 3722/4845 3719/4841
f 5350/6968 5618/7349 5588/7314
f 5589/7315 5581/7307 5590/7316
f 3719/4842 5622/7355 5605/7331
f 5624/7357 3719/4842 5605/7331
f 5597/7323 5584/7310 5622/7355
f 4739/6198 4733/6192 4735/6194
f 4752/6211 4738/6197 4128/5364
f 4108/5338 4111/5342 4107/5337
f 4104/5332 4107/5337 4112/5343
f 4104/5332 4112/5343 49/64
f 4128/5365 4118/5349 4117/5348
f 49/63 47/61 48/62
f 48/62 46/60 87/108
f 87/108 46/60 85/106
f 4529/5903 4532/5907 4533/5908
f 4331/5660 4332/5662 4333/5663
f 4333/5663 4332/5662 4343/5675
f 513/667 4343/5674 177/200
f 5363/6992 3146/4097 5062/6563
f 5052/6553 5055/6556 5056/6557
f 2033/2706 2026/2699 2040/2713
f 2040/2713 661/935 660/933
f 5352/6972 2118/2799 2036/2709
f 5057/6558 2118/2798 5352/6971
f 2036/2709 2027/2700 2029/2702
f 2023/2696 2022/2695 2027/2700
f 2027/2700 2022/2695 2028/2701
f 660/932 618/858 617/857
f 616/856 3777/4935 778/1126
f 6075/7959 6073/7957 6076/7960
f 6076/7960 6073/7957 6072/7956
f 6077/7961 6072/7956 6071/7955
f 5350/6968 5351/6970 5618/7349
f 5351/6969 5350/6967 4748/6207
f 5618/7349 5587/7313 5588/7314
f 5588/7314 5587/7313 5585/7311
f 5589/7315 5585/7311 5581/7307
f 5624/7357 5694/7461 3719/4842
f 5350/6967 4745/6204 4748/6207
f 5581/7307 5580/7306 5582/7308
f 4099/5327 4107/5337 4104/5332
f 4117/5348 4114/5345 4115/5346
f 4104/5332 49/64 4105/5334
f 52/68 48/62 87/108
f 4333/5663 4343/5675 513/668
f 177/200 176/199 175/198
f 174/197 177/200 175/198
f 176/199 474/595 473/593
f 5363/6992 5062/6563 5061/6562
f 5061/6562 5058/6559 5059/6560
f 5058/6559 5055/6556 5051/6552
f 5051/6552 5055/6556 5052/6553
f 5052/6553 5056/6557 5057/6558
f 5057/6558 5352/6971 5194/6707
f 2028/2701 2026/2699 2033/2706
f 2041/2714 2040/2713 2072/2747
f 2072/2747 2040/2713 660/933
f 2072/2747 660/933 2176/2878
f 5389/7045 5352/6972 2036/2709
f 5194/6707 5352/6971 5389/7044
f 5389/7045 2036/2709 2037/2710
f 2037/2710 2036/2709 2029/2702
f 2176/2877 660/932 617/857
f 6077/7961 6071/7955 6078/7963
f 6076/7960 6072/7956 6077/7961
f 6078/7962 6071/7954 3721/4844
f 5581/7307 5574/7300 5580/7306
f 4750/6209 5351/6969 4748/6207
f 5583/7309 5624/7357 5605/7331
f 4745/6204 4744/6203 4739/6198
f 4735/6194 4738/6197 4752/6211
f 4108/5338 4099/5327 4100/5328
f 4122/5355 4752/6212 4117/5348
f 4122/5355 4117/5348 4115/5346
f 4102/5330 4115/5346 4108/5338
f 4105/5333 49/63 48/62
f 4105/5333 48/62 51/67
f 51/67 48/62 52/68
f 87/108 85/106 86/107
f 86/107 85/106 84/105
f 84/105 510/662 511/664
f 1655/2188 4322/5646 2518/3305
f 4322/5647 4330/5659 2518/3306
f 2518/3306 4330/5659 2519/3307
f 2517/3304 4331/5661 4333/5664
f 4333/5663 513/668 4344/5677
f 5363/6992 5061/6562 5364/6994
f 5364/6994 5061/6562 5059/6560
f 5052/6553 5057/6558 5053/6554
f 2033/2706 2040/2713 2041/2714
f 5194/6707 5389/7044 2103/2780
f 2103/2781 5389/7045 2037/2710
f 2037/2710 2029/2702 2034/2707
f 2029/2702 2027/2700 2028/2701
f 616/856 778/1126 614/854
f 1246/1744 6075/7959 6079/7965
f 1245/1742 1246/1743 6079/7964
f 6078/7962 3721/4844 3720/4843
f 3720/4843 3721/4844 5690/7452
f 5690/7452 3721/4844 5694/7460
f 5371/7009 5579/7305 5587/7313
f 5351/6970 5371/7009 5587/7313
f 5371/7008 5351/6969 4749/6208
f 5579/7305 5586/7312 5585/7311
f 5587/7313 5579/7305 5585/7311
f 5607/7333 5694/7461 5608/7334
f 4749/6208 5351/6969 4750/6209
f 4750/6209 4748/6207 4746/6205
f 4746/6205 4745/6204 4739/6198
f 4739/6198 4735/6194 4211/5492
f 4116/5347 4122/5355 4115/5346
f 4116/5347 4115/5346 4102/5330
f 4102/5330 4108/5338 4100/5328
f 4099/5327 4104/5332 4098/5326
f 4531/5906 4538/5914 4532/5907
f 4537/5913 4533/5908 4532/5907
f 4330/5659 4331/5661 2519/3307
f 2520/3308 4333/5663 4344/5677
f 513/667 177/200 174/197
f 4344/5676 513/667 174/197
f 173/196 473/593 3124/4068
f 5364/6994 5059/6560 5365/6996
f 5059/6560 5058/6559 5051/6552
f 2041/2714 2072/2747 659/931
f 2072/2747 2176/2878 659/931
f 5194/6707 2103/2780 5378/7022
f 2103/2781 2037/2710 2034/2707
f 5378/7023 2103/2781 2034/2707
f 2034/2707 2029/2702 2031/2704
f 2029/2702 2028/2701 2030/2703
f 659/930 2176/2877 617/857
f 617/857 616/856 615/855
f 614/854 778/1126 780/1130
f 5683/7438 3720/4843 5690/7452
f 5607/7333 5690/7453 5694/7461
f 5572/7298 5607/7333 5608/7334
f 5583/7309 5572/7298 5608/7334
f 4749/6208 4750/6209 4746/6205
f 4748/6207 4745/6204 4746/6205
f 4211/5492 4735/6194 4752/6211
f 4211/5492 4752/6211 4123/5356
f 4123/5356 4752/6211 4122/5354
f 53/69 52/68 87/108
f 88/109 87/108 86/107
f 86/107 84/105 511/664
f 86/107 511/664 4541/5918
f 4532/5907 4538/5914 4537/5913
f 4321/5645 1655/2188 2518/3305
f 2519/3307 4331/5661 2517/3304
f 2520/3309 2517/3304 4333/5664
f 175/198 176/199 173/196
f 5365/6996 5059/6560 5362/6991
f 5053/6554 5057/6558 5194/6707
f 5194/6707 5378/7022 5195/6708
f 2032/2705 2028/2701 2033/2706
f 2032/2705 2033/2706 2041/2714
f 5378/7023 2034/2707 2084/2760
f 5195/6708 5378/7022 2119/2800
f 2119/2801 5378/7023 2084/2760
f 2084/2760 2034/2707 2035/2708
f 2034/2707 2031/2704 2035/2708
f 2029/2702 2030/2703 2031/2704
f 659/930 617/857 615/855
f 615/855 616/856 614/854
f 6076/7960 6077/7961 6080/7966
f 6080/7966 6077/7961 6082/7968
f 6086/7976 6078/7962 3720/4843
f 5681/7434 5371/7008 4756/6216
f 5579/7305 5578/7304 5577/7303
f 5683/7439 5690/7453 5607/7333
f 5371/7008 4749/6208 4756/6216
f 5574/7300 5570/7296 5573/7299
f 5573/7299 5570/7296 5572/7298
f 4097/5325 4100/5328 4099/5327
f 4099/5327 4098/5326 4097/5325
f 4123/5357 4116/5347 4110/5341
f 4110/5341 4116/5347 4102/5330
f 4105/5333 51/67 54/70
f 54/70 53/69 87/108
f 4320/5643 4321/5645 2518/3305
f 4344/5676 174/197 556/752
f 173/196 3124/4068 472/591
f 5387/7040 5365/6996 5362/6991
f 5362/6991 5059/6560 5060/6561
f 5051/6552 5052/6553 5047/6548
f 5047/6548 5052/6553 5053/6554
f 2030/2703 2028/2701 2032/2705
f 2032/2705 2041/2714 2042/2715
f 2042/2715 2041/2714 659/931
f 5195/6708 2119/2800 2107/2785
f 2107/2786 2119/2801 2084/2760
f 2158/2854 659/930 615/855
f 1227/1718 1245/1742 6079/7964
f 6081/7967 6076/7960 6080/7966
f 1227/1718 1226/1717 1245/1742
f 3720/4843 5683/7438 5678/7428
f 4766/6226 5681/7434 4756/6216
f 5570/7296 5571/7297 5572/7298
f 5572/7298 5571/7297 5607/7333
f 5571/7297 5683/7439 5607/7333
f 4739/6198 4211/5492 4755/6215
f 5374/7015 4211/5493 4110/5341
f 4110/5341 4102/5330 4103/5331
f 4102/5330 4100/5328 4101/5329
f 4101/5329 4100/5328 4097/5325
f 4094/5320 4104/5332 4105/5334
f 54/70 87/108 88/109
f 4545/5924 86/107 4541/5918
f 4536/5912 4545/5925 4541/5919
f 4320/5642 2518/3306 2516/3303
f 2518/3306 2519/3307 2516/3303
f 2513/3300 2517/3304 2520/3309
f 2513/3300 2520/3309 556/753
f 2520/3309 4344/5678 556/753
f 174/197 175/198 173/196
f 173/196 472/591 466/581
f 5387/7040 5362/6991 5060/6561
f 5060/6561 5059/6560 5051/6552
f 5195/6708 2107/2785 5054/6555
f 2042/2715 659/931 2158/2855
f 2107/2786 2084/2760 2035/2708
f 613/853 615/855 614/854
f 614/854 780/1130 3773/4929
f 6082/7968 6086/7977 3763/4917
f 1227/1718 6079/7964 1231/1722
f 1231/1723 6079/7965 6081/7967
f 6086/7976 3720/4843 3723/4846
f 3723/4846 3720/4843 5698/7468
f 5698/7468 3720/4843 5678/7428
f 5612/7340 5681/7434 4766/6226
f 5578/7304 5576/7302 5577/7303
f 4106/5335 4105/5333 54/70
f 4106/5335 54/70 55/71
f 5374/7015 4110/5341 4091/5317
f 55/71 54/70 88/109
f 89/110 88/109 86/107
f 4548/5930 4547/5928 4539/5915
f 2516/3303 2519/3307 2515/3302
f 2515/3302 2519/3307 2517/3304
f 174/197 173/196 172/195
f 3104/4042 5387/7040 5060/6561
f 5194/6707 5195/6708 5053/6554
f 5053/6554 5195/6708 5054/6555
f 2042/2715 2158/2855 658/929
f 2107/2786 2035/2708 2058/2732
f 5054/6555 2107/2785 2152/2843
f 2152/2844 2107/2786 2058/2732
f 2058/2732 2035/2708 2049/2722
f 2049/2722 2035/2708 2031/2704
f 2049/2722 2031/2704 2030/2703
f 658/928 2158/2854 615/855
f 3940/5144 6081/7967 6080/7966
f 3725/4849 3763/4916 6086/7976
f 5575/7301 5576/7302 5565/7291
f 5688/7448 5612/7340 4766/6226
f 5567/7293 5678/7429 5615/7344
f 4756/6216 4749/6208 4746/6205
f 4739/6198 4755/6215 4753/6213
f 4755/6215 4211/5492 4126/5360
f 4103/5331 4084/5308 4070/5289
f 4101/5329 4097/5325 4092/5318
f 4084/5308 4101/5329 4092/5318
f 4092/5318 4097/5325 4093/5319
f 4093/5319 4098/5326 4094/5320
f 4094/5320 4105/5334 4106/5336
f 4126/5360 4211/5492 5374/7014
f 4071/5290 4091/5317 4103/5331
f 90/111 55/71 88/109
f 89/110 86/107 4545/5924
f 89/110 4545/5924 4546/5926
f 4538/5914 4539/5915 4547/5928
f 4538/5914 4544/5923 4537/5913
f 2515/3302 2517/3304 2514/3301
f 2514/3301 2517/3304 2513/3300
f 556/752 174/197 397/459
f 2521/3310 556/753 397/460
f 173/196 466/581 171/194
f 171/194 466/581 483/609
f 3104/4042 5060/6561 5386/7038
f 5386/7038 5060/6561 5189/6700
f 2044/2717 2032/2705 2043/2716
f 2043/2716 2032/2705 2042/2715
f 2043/2716 2042/2715 658/929
f 658/928 615/855 613/853
f 613/853 614/854 3774/4931
f 614/854 3773/4929 3774/4931
f 1231/1723 6081/7967 3940/5144
f 3940/5144 6080/7966 6083/7970
f 6083/7970 6082/7968 3763/4917
f 5612/7341 5547/7273 5578/7304
f 5578/7304 5547/7273 5569/7295
f 5606/7332 5674/7422 5698/7469
f 5565/7291 5563/7289 5566/7292
f 5566/7292 5563/7289 5567/7293
f 4758/6218 4766/6226 4756/6216
f 4081/5304 4093/5319 4094/5320
f 4153/5398 4755/6215 4126/5360
f 4126/5361 4091/5317 4085/5309
f 4085/5309 4091/5317 4071/5290
f 4071/5290 4103/5331 4070/5289
f 4106/5335 55/71 56/72
f 56/72 55/71 90/111
f 90/111 88/109 89/110
f 2513/3300 556/753 2521/3310
f 397/459 174/197 172/195
f 171/194 483/609 480/603
f 5386/7038 5189/6700 5286/6844
f 5189/6700 5060/6561 5188/6699
f 5188/6699 5060/6561 5051/6552
f 5054/6555 2152/2843 5048/6549
f 2045/2718 2043/2716 2071/2746
f 2071/2746 2043/2716 658/929
f 5048/6549 2152/2843 5318/6901
f 2152/2844 2058/2732 2086/2762
f 5318/6902 2152/2844 2086/2762
f 2086/2762 2058/2732 2059/2733
f 2059/2733 2058/2732 2049/2722
f 2049/2722 2030/2703 2047/2720
f 2052/2725 2049/2722 2047/2720
f 2030/2703 2032/2705 2047/2720
f 2047/2720 2032/2705 2044/2717
f 2071/2745 658/928 613/853
f 3940/5145 6083/7971 3938/5140
f 3725/4849 6086/7976 3723/4846
f 3723/4846 5698/7468 5692/7456
f 5563/7289 5568/7294 5567/7293
f 5568/7294 5674/7422 5606/7332
f 5688/7448 4766/6226 4758/6218
f 4757/6217 4758/6218 4756/6216
f 4757/6217 4756/6216 4746/6205
f 4747/6206 4746/6205 4739/6198
f 4747/6206 4739/6198 4753/6213
f 4079/5301 4092/5318 4093/5319
f 4094/5320 4106/5336 4083/5307
f 91/112 90/111 89/110
f 4549/5931 89/110 4546/5926
f 4543/5922 4546/5927 4545/5925
f 397/459 172/195 170/193
f 172/195 173/196 171/194
f 5386/7038 5286/6844 5406/7079
f 5286/6844 5189/6700 5188/6699
f 5047/6548 5053/6554 5046/6547
f 2045/2718 2044/2717 2043/2716
f 2052/2725 2059/2733 2049/2722
f 2071/2745 613/853 2056/2729
f 2056/2729 613/853 3774/4931
f 2056/2729 3774/4931 612/852
f 612/852 3774/4931 3791/4952
f 6083/7969 3725/4849 3726/4850
f 3725/4849 3723/4846 3724/4847
f 3723/4846 5692/7456 3724/4847
f 5548/7274 5614/7343 5316/6898
f 5565/7291 5560/7286 5563/7289
f 5692/7457 5674/7422 5562/7288
f 4753/6213 4755/6215 5237/6767
f 5237/6767 4755/6215 4153/5398
f 5237/6767 4153/5398 4075/5294
f 4075/5295 4153/5399 4085/5309
f 4075/5295 4085/5309 4069/5288
f 4081/5304 4094/5320 4083/5307
f 4109/5339 56/72 90/111
f 91/112 89/110 94/115
f 2511/3297 4320/5642 2516/3303
f 2508/3294 2516/3303 2515/3302
f 2515/3302 2514/3301 2509/3295
f 2513/3300 2521/3310 2510/3296
f 2510/3296 2521/3310 397/460
f 172/195 171/194 170/193
f 170/193 171/194 167/190
f 3086/4021 5406/7079 5286/6844
f 3086/4021 5286/6844 5287/6845
f 5053/6554 5054/6555 5046/6547
f 5048/6549 5318/6901 5319/6903
f 5318/6902 2086/2762 5319/6904
f 5319/6904 2086/2762 2059/2733
f 2059/2733 2052/2725 2060/2734
f 2060/2734 2052/2725 2053/2726
f 2053/2726 2052/2725 2047/2720
f 2047/2720 2044/2717 2048/2721
f 2048/2721 2044/2717 2045/2718
f 2048/2721 2045/2718 2056/2730
f 1232/1724 6084/7972 3939/5141
f 3939/5142 3940/5145 3938/5140
f 5565/7291 5564/7290 5560/7286
f 5695/7462 5316/6897 4767/6227
f 5316/6897 5688/7448 4767/6227
f 4767/6227 5688/7448 4758/6218
f 4747/6206 4753/6213 4754/6214
f 4754/6214 4753/6213 5237/6767
f 4079/5301 4093/5319 4081/5304
f 4073/5292 4075/5295 4069/5288
f 4070/5289 4084/5308 4078/5300
f 4063/5281 4070/5289 4078/5300
f 4549/5931 94/115 89/110
f 4555/5941 4553/5937 4547/5928
f 4547/5928 4553/5937 4552/5936
f 2511/3297 2516/3303 2508/3294
f 2508/3294 2515/3302 2509/3295
f 2509/3295 2514/3301 2513/3300
f 2509/3295 2513/3300 2510/3296
f 3086/4021 5287/6845 4713/6166
f 5051/6552 5047/6548 5050/6551
f 2045/2718 2071/2746 2056/2730
f 2074/2749 5319/6904 2059/2733
f 2047/2720 2048/2721 2055/2728
f 2057/2731 2048/2721 2056/2730
f 2056/2729 612/852 2151/2841
f 3935/5136 3938/5140 3937/5139
f 3726/4850 3725/4849 3724/4847
f 5548/7274 5546/7272 5547/7273
f 5547/7273 5550/7276 5564/7290
f 5564/7290 5553/7279 5560/7286
f 5560/7286 5556/7282 5561/7287
f 5556/7282 5559/7285 5562/7288
f 5559/7285 5619/7350 5562/7288
f 5562/7288 5619/7350 3724/4848
f 4757/6217 4746/6205 4747/6206
f 5235/6763 4754/6214 5237/6767
f 4078/5300 4084/5308 4079/5301
f 4062/5280 4081/5304 4083/5307
f 4062/5280 4083/5307 4086/5310
f 4074/5293 5237/6768 4075/5295
f 4192/5457 4109/5339 92/113
f 92/113 4109/5339 90/111
f 92/113 90/111 91/112
f 4553/5937 1017/1429 4552/5936
f 4554/5938 94/115 4549/5931
f 2510/3296 397/460 531/703
f 397/459 170/193 168/191
f 531/702 397/459 168/191
f 167/190 451/554 3132/4079
f 5287/6845 5286/6844 4714/6168
f 4713/6166 5287/6845 4714/6168
f 5286/6844 5188/6699 5283/6841
f 4714/6168 5286/6844 5283/6841
f 5188/6699 5051/6552 5187/6698
f 5187/6698 5051/6552 5050/6551
f 5046/6547 5054/6555 5048/6549
f 5048/6549 5319/6903 5291/6852
f 5291/6853 5319/6904 2074/2749
f 2074/2749 2059/2733 2060/2734
f 2053/2726 2047/2720 2055/2728
f 2055/2728 2048/2721 2057/2731
f 2056/2730 2151/2842 2057/2731
f 1232/1724 1247/1745 1234/1726
f 3741/4870 3726/4850 3728/4853
f 3728/4853 3726/4850 3727/4851
f 3727/4851 3726/4850 3724/4847
f 3727/4851 3724/4847 3746/4881
f 5695/7463 5687/7447 5546/7272
f 5687/7446 5695/7462 4769/6229
f 5546/7272 5545/7271 5547/7273
f 5545/7271 5550/7276 5547/7273
f 5564/7290 5550/7276 5553/7279
f 5695/7463 5546/7272 5548/7274
f 4769/6229 5695/7462 4767/6227
f 4759/6219 4758/6218 4757/6217
f 4063/5281 4078/5300 4050/5265
f 4078/5300 4079/5301 4050/5265
f 4060/5277 4081/5304 4062/5280
f 4067/5286 5237/6768 4074/5293
f 4074/5293 4073/5292 4072/5291
f 4072/5291 4073/5292 4069/5288
f 93/114 91/112 94/115
f 1672/2220 1017/1429 4553/5937
f 4556/5942 94/115 4554/5938
f 2503/3288 2510/3296 531/703
f 1615/2128 2511/3297 2507/3293
f 2507/3293 2511/3297 2508/3294
f 2508/3294 2509/3295 2504/3289
f 2509/3295 2510/3296 2505/3290
f 168/191 170/193 167/190
f 4713/6166 4714/6168 3085/4019
f 5283/6841 5188/6699 5187/6698
f 2159/2857 5291/6853 2074/2749
f 2159/2857 2074/2749 2067/2741
f 2067/2741 2074/2749 2060/2734
f 2053/2726 2055/2728 2061/2735
f 2060/2734 2053/2726 2061/2735
f 2151/2841 612/852 2125/2807
f 612/852 3791/4952 609/844
f 609/844 3791/4952 610/846
f 3934/5134 3741/4870 3728/4853
f 5687/7447 5542/7267 5546/7272
f 5546/7272 5542/7267 5545/7271
f 5545/7271 5549/7275 5550/7276
f 5550/7276 5549/7275 5553/7279
f 5235/6764 5237/6768 4067/5286
f 4050/5265 4079/5301 4060/5277
f 4079/5301 4081/5304 4060/5277
f 4062/5280 4086/5310 4068/5287
f 4068/5287 4086/5310 405/474
f 405/473 4192/5457 92/113
f 92/113 91/112 93/114
f 2503/3288 2505/3290 2510/3296
f 2507/3293 2508/3294 2504/3289
f 2504/3289 2509/3295 2505/3290
f 167/190 3132/4079 450/552
f 3085/4019 4714/6168 4715/6169
f 5049/6550 5048/6549 5291/6852
f 5049/6550 5291/6852 2159/2856
f 2117/2797 2159/2857 2067/2741
f 5049/6550 2159/2856 2117/2796
f 2077/2752 2055/2728 2057/2731
f 2077/2752 2057/2731 2079/2754
f 2079/2754 2057/2731 2080/2755
f 2080/2755 2057/2731 2151/2842
f 2080/2755 2151/2842 2125/2808
f 2067/2741 2060/2734 2061/2735
f 2125/2807 612/852 609/844
f 3728/4853 3727/4851 5689/7450
f 5542/7267 5543/7269 5544/7270
f 5542/7267 5544/7270 5545/7271
f 5545/7271 5544/7270 5549/7275
f 5549/7275 5552/7278 5553/7279
f 5556/7282 5558/7284 5559/7285
f 5543/7268 5687/7446 4769/6229
f 5559/7285 5623/7356 5619/7350
f 5619/7350 5623/7356 3727/4852
f 4759/6219 4757/6217 4760/6220
f 4757/6217 4747/6206 4760/6220
f 4762/6222 4747/6206 4754/6214
f 4069/5288 4063/5281 4051/5266
f 4051/5266 4063/5281 4050/5265
f 4053/5269 4062/5280 4049/5264
f 4049/5264 4062/5280 4068/5287
f 4066/5285 5235/6764 4067/5286
f 4067/5286 4072/5291 4065/5284
f 4065/5284 4072/5291 4069/5288
f 93/114 4556/5942 4562/5954
f 4551/5935 1015/1425 1016/1427
f 4551/5935 1016/1427 4550/5933
f 2555/3360 1615/2128 2507/3293
f 168/191 167/190 165/188
f 4714/6168 5283/6841 5284/6842
f 5284/6842 5283/6841 5187/6698
f 5049/6550 2117/2796 2221/2939
f 2117/2797 2067/2741 2078/2753
f 2221/2940 2117/2797 2078/2753
f 2078/2753 2067/2741 2075/2750
f 2075/2750 2067/2741 2061/2735
f 2075/2750 2061/2735 2055/2728
f 2075/2750 2055/2728 2076/2751
f 2076/2751 2055/2728 2077/2752
f 609/844 610/846 611/849
f 610/847 6068/7947 611/850
f 3920/5113 3934/5134 3728/4853
f 3729/4854 3728/4853 5689/7450
f 5544/7270 5551/7277 5549/7275
f 5549/7275 5551/7277 5552/7278
f 5556/7282 5557/7283 5558/7284
f 5686/7444 5543/7268 4768/6228
f 5559/7285 5558/7284 5623/7356
f 4768/6228 5543/7268 4769/6229
f 4767/6227 4758/6218 4759/6219
f 4760/6220 4747/6206 4762/6222
f 4762/6222 4754/6214 5235/6763
f 4064/5283 5235/6764 4066/5285
f 4189/5450 405/473 96/117
f 96/117 405/473 92/113
f 2505/3290 2503/3288 2498/3281
f 2506/3292 2503/3288 531/703
f 2500/3283 2555/3360 2507/3293
f 531/702 168/191 2506/3291
f 165/188 167/190 166/189
f 167/190 450/552 166/189
f 166/189 450/552 3133/4081
f 4715/6169 4714/6168 4699/6144
f 4699/6144 4714/6168 5284/6842
f 4699/6144 5284/6842 4697/6142
f 4697/6142 5284/6842 5285/6843
f 5284/6842 5187/6698 5285/6843
f 5285/6843 5187/6698 4698/6143
f 4698/6143 5187/6698 5210/6732
f 5210/6732 5187/6698 5050/6551
f 5046/6547 5048/6549 5049/6550
f 5049/6550 2221/2939 5045/6546
f 2079/2754 2080/2755 2125/2808
f 2221/2940 2078/2753 2102/2779
f 2102/2779 2078/2753 2075/2750
f 2085/2761 2076/2751 2077/2752
f 2085/2761 2077/2752 2079/2754
f 2079/2754 2125/2808 609/845
f 609/844 611/849 608/843
f 2150/2839 609/844 608/843
f 3918/5111 3920/5114 3750/4890
f 3730/4855 3920/5113 3728/4853
f 3730/4855 3728/4853 3729/4854
f 5631/7365 3729/4854 5689/7450
f 5686/7445 5621/7353 5544/7270
f 5544/7270 5621/7353 5551/7277
f 5558/7284 5631/7366 5623/7356
f 5623/7356 5631/7366 5689/7451
f 4765/6225 4767/6227 4759/6219
f 4762/6222 5235/6763 4061/5278
f 4061/5278 5235/6763 4064/5282
f 4049/5264 4068/5287 4080/5303
f 4080/5303 4068/5287 4189/5451
f 4080/5302 4189/5450 96/117
f 93/114 4562/5954 4563/5956
f 2497/3280 2507/3293 2504/3289
f 2499/3282 2503/3288 2506/3292
f 2506/3291 168/191 165/188
f 166/189 3133/4081 3083/4015
f 5047/6548 5042/6543 5050/6551
f 5042/6543 5047/6548 5046/6547
f 5045/6546 2221/2939 5301/6870
f 2224/2946 2221/2940 2102/2779
f 2221/2939 2224/2945 5301/6870
f 2105/2783 2076/2751 2085/2761
f 2085/2761 2079/2754 2106/2784
f 2106/2784 2079/2754 609/845
f 2106/2784 609/845 2150/2840
f 2224/2946 2102/2779 2109/2788
f 2109/2788 2102/2779 2075/2750
f 2075/2750 2076/2751 2105/2783
f 2109/2788 2075/2750 2108/2787
f 2150/2839 608/843 755/1079
f 3750/4889 3920/5113 3733/4859
f 3733/4859 3920/5113 3730/4855
f 3730/4855 3729/4854 3731/4856
f 5697/7467 5641/7377 5621/7353
f 5641/7377 5633/7368 5551/7277
f 5621/7353 5641/7377 5551/7277
f 5551/7277 5633/7368 5552/7278
f 5552/7278 5633/7368 5554/7280
f 5625/7358 5644/7382 5631/7366
f 5631/7365 5644/7381 3729/4854
f 5686/7445 5697/7467 5621/7353
f 5697/7466 5686/7444 4768/6228
f 5557/7283 5625/7358 5558/7284
f 5558/7284 5625/7358 5631/7366
f 4769/6229 4767/6227 4765/6225
f 4761/6221 4760/6220 4762/6222
f 4019/5232 4053/5269 4049/5264
f 4195/5463 4080/5302 96/117
f 96/117 92/113 95/116
f 95/116 92/113 93/114
f 1014/1424 1013/1423 1015/1426
f 1017/1430 1014/1424 1015/1426
f 1016/1428 1012/1422 4550/5934
f 2500/3283 2507/3293 2497/3280
f 2497/3280 2504/3289 2505/3290
f 2497/3280 2505/3290 2498/3281
f 2498/3281 2503/3288 2499/3282
f 2499/3282 2506/3292 532/705
f 2506/3291 165/188 532/704
f 166/189 3083/4015 455/559
f 3067/3994 4699/6144 4697/6142
f 4697/6142 5285/6843 4698/6143
f 3067/3994 4697/6142 4698/6143
f 5210/6732 5050/6551 5041/6542
f 5046/6547 5049/6550 5045/6546
f 2185/2890 2224/2946 2109/2788
f 5301/6870 2224/2945 2185/2889
f 2105/2783 2085/2761 2111/2790
f 2111/2790 2085/2761 2106/2784
f 2116/2795 2106/2784 2150/2840
f 2116/2795 2150/2840 755/1080
f 2075/2750 2105/2783 2108/2787
f 2116/2795 755/1080 754/1078
f 755/1079 608/843 754/1077
f 611/849 3820/4991 607/842
f 3820/4991 3825/4998 607/842
f 3916/5109 3925/5122 3915/5108
f 3733/4859 3923/5119 3750/4889
f 3732/4858 3730/4855 3731/4856
f 5635/7370 5641/7377 5666/7409
f 5641/7377 5635/7370 5633/7368
f 5633/7368 5635/7370 5634/7369
f 5633/7368 5634/7369 5627/7360
f 5625/7358 5632/7367 5644/7382
f 5697/7466 4782/6243 5641/7376
f 4771/6231 4782/6243 5697/7466
f 5554/7280 5633/7368 5627/7360
f 5554/7280 5627/7360 5555/7281
f 5555/7281 5627/7360 5626/7359
f 5557/7283 5626/7359 5625/7358
f 5625/7358 5626/7359 5632/7367
f 5697/7466 4768/6228 4771/6231
f 4765/6225 4759/6219 4763/6223
f 4759/6219 4760/6220 4761/6221
f 4051/5266 4050/5265 4024/5237
f 4058/5274 4762/6222 4061/5278
f 4049/5264 4080/5303 4038/5252
f 4038/5252 4080/5303 4195/5464
f 4195/5463 96/117 97/118
f 97/118 96/117 95/116
f 4563/5956 95/116 93/114
f 541/722 95/116 4563/5956
f 1013/1423 1012/1422 1015/1426
f 1015/1426 1012/1422 1016/1428
f 532/704 165/188 2502/3286
f 165/188 166/189 163/186
f 166/189 455/559 163/186
f 3067/3994 4698/6143 4700/6146
f 4700/6146 4698/6143 5210/6732
f 5046/6547 5045/6546 5042/6543
f 5044/6545 5045/6546 5301/6870
f 5301/6870 2185/2889 5044/6545
f 2185/2890 2109/2788 2122/2804
f 5044/6545 2185/2889 2226/2949
f 2226/2950 2185/2890 2122/2804
f 2122/2804 2109/2788 2110/2789
f 2110/2789 2109/2788 2108/2787
f 2113/2792 2105/2783 2114/2793
f 2114/2793 2105/2783 2111/2790
f 2106/2784 2116/2795 2111/2790
f 2116/2795 754/1078 2115/2794
f 2108/2787 2105/2783 2113/2792
f 754/1077 608/843 2161/2859
f 611/849 607/842 608/843
f 5643/7379 3730/4855 3732/4858
f 5666/7409 5636/7371 5635/7370
f 5635/7370 5636/7371 5634/7369
f 5627/7360 5639/7374 5626/7359
f 3759/4908 3732/4858 3731/4856
f 4782/6244 5699/7470 5666/7409
f 5632/7367 3759/4909 5644/7382
f 5644/7382 3759/4909 3731/4857
f 4782/6243 4771/6231 4772/6232
f 4768/6228 4769/6229 4770/6230
f 4763/6223 4759/6219 4761/6221
f 4076/5296 4761/6221 4762/6222
f 4076/5296 4762/6222 4058/5274
f 4021/5234 4049/5264 4038/5252
f 4038/5252 4195/5464 412/486
f 412/485 4195/5463 97/118
f 1018/1431 95/116 541/722
f 4563/5958 1011/1421 541/723
f 2497/3280 2498/3281 2495/3278
f 2495/3278 2498/3281 2499/3282
f 4700/6146 5210/6732 3098/4035
f 3098/4035 5210/6732 5041/6542
f 5041/6542 5050/6551 5042/6543
f 5042/6543 5045/6546 5044/6545
f 5034/6535 5044/6545 2226/2949
f 2111/2790 2116/2795 2115/2794
f 2123/2805 2122/2804 2110/2789
f 2226/2950 2122/2804 2123/2805
f 2112/2791 2110/2789 2108/2787
f 2112/2791 2108/2787 2113/2792
f 2114/2793 2111/2790 2115/2794
f 2115/2794 754/1078 2161/2860
f 2161/2859 608/843 2154/2847
f 3912/5104 3914/5107 3917/5110
f 3734/4860 3922/5117 3923/5119
f 3734/4860 3923/5119 3733/4859
f 3734/4860 3733/4859 5691/7454
f 3733/4859 3730/4855 5691/7454
f 5691/7454 3730/4855 5643/7379
f 5699/7470 5667/7410 5666/7409
f 5666/7409 5667/7410 5636/7371
f 5636/7371 5637/7372 5634/7369
f 5634/7369 5637/7372 5638/7373
f 5634/7369 5638/7373 5627/7360
f 5632/7367 5643/7380 3759/4909
f 3759/4908 5643/7379 3732/4858
f 5700/7472 5699/7470 4782/6244
f 4771/6231 4768/6228 4770/6230
f 4772/6232 4771/6231 4770/6230
f 4770/6230 4769/6229 4765/6225
f 4763/6223 4761/6221 4764/6224
f 4764/6224 4761/6221 4077/5298
f 4077/5298 4761/6221 4076/5296
f 1694/2263 1004/1412 1014/1424
f 1011/1421 1018/1432 541/723
f 2500/3283 2497/3280 2493/3276
f 2493/3276 2497/3280 2496/3279
f 2497/3280 2495/3278 2496/3279
f 2495/3278 2499/3282 2494/3277
f 2499/3282 532/705 2502/3287
f 2494/3277 2499/3282 2502/3287
f 2541/3342 2500/3283 2493/3276
f 2502/3286 165/188 164/187
f 164/187 165/188 163/186
f 164/187 163/186 162/185
f 3098/4035 5041/6542 5336/6938
f 3045/3964 3098/4035 5336/6938
f 5280/6836 2226/2950 2123/2805
f 5034/6535 2226/2949 5280/6835
f 5332/6931 5280/6836 2123/2805
f 2112/2791 2113/2792 2120/2802
f 2162/2861 2115/2794 2161/2860
f 5332/6931 2123/2805 2131/2814
f 2123/2805 2110/2789 2131/2814
f 2131/2814 2110/2789 2112/2791
f 2126/2809 2112/2791 2120/2802
f 2120/2802 2113/2792 2114/2793
f 2114/2793 2115/2794 2124/2806
f 2124/2806 2115/2794 2162/2861
f 2162/2861 2161/2860 2154/2848
f 2154/2847 608/843 753/1075
f 753/1075 608/843 2149/2837
f 608/843 607/842 2149/2837
f 2149/2837 607/842 604/838
f 607/842 3825/4998 606/840
f 604/838 607/842 606/840
f 3921/5115 3922/5117 3734/4860
f 5652/7390 5648/7386 5638/7373
f 5673/7421 5691/7455 5645/7383
f 5700/7472 5669/7414 5667/7410
f 4781/6241 5669/7413 5700/7471
f 5667/7410 5669/7414 5652/7390
f 5667/7410 5652/7390 5636/7371
f 5636/7371 5652/7390 5637/7372
f 5637/7372 5652/7390 5638/7373
f 5648/7386 5647/7385 5639/7374
f 5638/7373 5648/7386 5639/7374
f 5639/7374 5642/7378 5626/7359
f 5626/7359 5642/7378 5640/7375
f 5640/7375 5645/7383 5643/7380
f 5645/7383 5691/7455 5643/7380
f 4096/5323 412/485 413/487
f 413/487 412/485 97/118
f 97/118 95/116 98/119
f 99/121 97/118 98/119
f 1004/1412 1007/1415 1013/1423
f 1009/1418 1018/1432 1011/1421
f 2501/3284 2502/3286 164/187
f 163/186 3063/3985 461/571
f 3045/3964 5336/6938 3044/3962
f 5336/6938 5041/6542 5335/6936
f 3044/3962 5336/6938 5335/6936
f 5335/6936 5041/6542 5040/6541
f 5040/6541 5041/6542 5042/6543
f 5033/6534 5044/6545 5034/6535
f 5034/6535 5280/6835 5036/6537
f 5280/6835 5332/6930 5036/6537
f 2124/2806 2162/2861 2154/2848
f 5333/6933 5332/6931 2131/2814
f 5036/6537 5332/6930 5333/6932
f 5036/6537 5333/6932 5011/6505
f 5333/6933 2131/2814 2127/2810
f 2131/2814 2112/2791 2127/2810
f 2127/2810 2112/2791 2126/2809
f 2114/2793 2124/2806 2121/2803
f 2124/2806 2154/2848 753/1076
f 5011/6506 5333/6933 2127/2810
f 606/841 3831/5006 603/837
f 3912/5104 3921/5116 3913/5106
f 3913/5105 3921/5115 3735/4861
f 3921/5115 3734/4860 3735/4861
f 3735/4861 3734/4860 5676/7424
f 5676/7424 3734/4860 5691/7454
f 5668/7412 5664/7406 5652/7390
f 4781/6242 5668/7412 5669/7414
f 5669/7414 5668/7412 5652/7390
f 5652/7390 5650/7388 5648/7386
f 5648/7386 5650/7388 5649/7387
f 5648/7386 5649/7387 5647/7385
f 5647/7385 5649/7387 5642/7378
f 5640/7375 5673/7421 5645/7383
f 5700/7471 4782/6243 4772/6232
f 4765/6225 4763/6223 4773/6233
f 4773/6233 4763/6223 4792/6256
f 4792/6256 4763/6223 4089/5313
f 4089/5313 4763/6223 4764/6224
f 4089/5313 4764/6224 4033/5246
f 4764/6224 4077/5298 4033/5246
f 4033/5247 4077/5299 4032/5245
f 99/121 413/487 97/118
f 1018/1431 98/119 95/116
f 2487/3269 2495/3278 2494/3277
f 2494/3277 2502/3287 2501/3285
f 2493/3276 2496/3279 2488/3270
f 2488/3270 2496/3279 2495/3278
f 162/185 163/186 160/183
f 160/183 163/186 461/571
f 5040/6541 5042/6543 5043/6544
f 5033/6534 5034/6535 5029/6530
f 5029/6530 5034/6535 5036/6537
f 5036/6537 5011/6505 5006/6497
f 2120/2802 2114/2793 2121/2803
f 2121/2803 2124/2806 753/1076
f 5011/6506 2127/2810 2128/2811
f 2121/2803 753/1076 2149/2838
f 2128/2811 2127/2810 2126/2809
f 2149/2837 604/838 2147/2834
f 606/840 603/836 604/838
f 3909/5100 3913/5105 3735/4861
f 3735/4861 5676/7424 3736/4862
f 5665/7408 5654/7392 5664/7406
f 5668/7412 5665/7408 5664/7406
f 5665/7407 5668/7411 4791/6255
f 4973/6462 5665/7407 4791/6255
f 5654/7392 5653/7391 5652/7390
f 5664/7406 5654/7392 5652/7390
f 5649/7387 5651/7389 5642/7378
f 5642/7378 5651/7389 5659/7399
f 5642/7378 5676/7425 5673/7421
f 5673/7421 5676/7425 5691/7455
f 4791/6255 5668/7411 4781/6241
f 5640/7375 5642/7378 5673/7421
f 4791/6255 4781/6241 4780/6240
f 4780/6240 4781/6241 5700/7471
f 4770/6230 4765/6225 4773/6233
f 4035/5249 4037/5251 4087/5311
f 4087/5311 4037/5251 4096/5324
f 4087/5311 4096/5324 4188/5449
f 4188/5448 4096/5323 413/487
f 4188/5448 413/487 99/121
f 100/122 99/121 98/119
f 1007/1415 1001/1409 1006/1414
f 2541/3342 2493/3276 2486/3268
f 2488/3270 2495/3278 2487/3269
f 2487/3269 2494/3277 2489/3272
f 2489/3271 2501/3284 164/187
f 2489/3271 164/187 544/728
f 160/183 461/571 3055/3975
f 3077/4008 5335/6936 5040/6541
f 5042/6543 5044/6545 5033/6534
f 5029/6530 5036/6537 5006/6497
f 5006/6497 5011/6505 2227/2951
f 2227/2952 5011/6506 2128/2811
f 2148/2836 2121/2803 2149/2838
f 2138/2821 2128/2811 2137/2820
f 2227/2952 2128/2811 2138/2821
f 2137/2820 2128/2811 2126/2809
f 2120/2802 2121/2803 2129/2812
f 2129/2812 2121/2803 2130/2813
f 2130/2813 2121/2803 2148/2836
f 2148/2836 2149/2838 2147/2835
f 2137/2820 2126/2809 2134/2817
f 2147/2834 604/838 2146/2832
f 604/838 603/836 601/833
f 601/833 603/836 602/834
f 3903/5093 3907/5098 3902/5091
f 3739/4868 3909/5100 3735/4861
f 3739/4868 3735/4861 3738/4866
f 3738/4866 3735/4861 3737/4864
f 3737/4864 3735/4861 3736/4862
f 5655/7394 5675/7423 5653/7391
f 5653/7391 5656/7395 5650/7388
f 5665/7408 5655/7394 5654/7392
f 5655/7393 5665/7407 4973/6462
f 5392/7051 5655/7393 4973/6462
f 5654/7392 5655/7394 5653/7391
f 5650/7388 5656/7395 5651/7389
f 5650/7388 5651/7389 5649/7387
f 5659/7399 3736/4863 5676/7425
f 5642/7378 5659/7399 5676/7425
f 4780/6240 5700/7471 4772/6232
f 4770/6230 4773/6233 4774/6234
f 3999/5211 4011/5224 4000/5212
f 4011/5224 4012/5225 4000/5212
f 4006/5219 4022/5235 4035/5249
f 5259/6800 4792/6257 4030/5243
f 4087/5311 4188/5449 381/431
f 381/430 4188/5448 99/121
f 100/122 98/119 562/764
f 1637/2157 1008/1417 1003/1411
f 1637/2157 1003/1411 1004/1412
f 1003/1411 1001/1409 1004/1412
f 1004/1412 1001/1409 1007/1415
f 1005/1413 996/1401 1009/1418
f 1009/1418 562/765 98/120
f 2494/3277 2501/3285 2489/3272
f 2486/3268 2493/3276 2488/3270
f 160/183 3055/3975 3152/4105
f 3077/4008 5040/6541 3076/4006
f 3076/4006 5040/6541 5043/6544
f 5032/6533 5033/6534 5029/6530
f 5006/6497 2227/2951 5009/6502
f 2126/2809 2120/2802 2134/2817
f 2134/2817 2120/2802 2129/2812
f 2130/2813 2148/2836 2147/2835
f 5010/6504 2227/2952 2138/2821
f 5009/6502 2227/2951 5010/6503
f 5009/6502 5010/6503 5302/6871
f 5010/6504 2138/2821 2137/2820
f 5010/6504 2137/2820 2136/2819
f 2130/2813 2147/2835 2146/2833
f 2137/2820 2134/2817 2136/2819
f 2146/2832 604/838 634/888
f 634/888 604/838 605/839
f 604/838 601/833 605/839
f 593/823 771/1109 3743/4875
f 3743/4874 3909/5100 3739/4868
f 593/823 3743/4875 3739/4867
f 5684/7441 5660/7400 5675/7423
f 5653/7391 5660/7400 5656/7395
f 5392/7052 5684/7441 5675/7423
f 5393/7053 5684/7440 5392/7051
f 5393/7053 5392/7051 4968/6457
f 5675/7423 5660/7400 5653/7391
f 5651/7389 5658/7398 5659/7399
f 5658/7398 3737/4865 3736/4863
f 5659/7399 5658/7398 3736/4863
f 4968/6457 5392/7051 4973/6462
f 4973/6462 4791/6255 4790/6254
f 4773/6233 4792/6256 5259/6799
f 5258/6797 4773/6233 5259/6799
f 4030/5243 4016/5229 4002/5214
f 563/766 100/122 562/764
f 2487/3269 2489/3272 2483/3265
f 2483/3265 2489/3272 544/729
f 161/184 164/187 162/185
f 544/728 164/187 161/184
f 161/184 162/185 160/183
f 3076/4006 5043/6544 3075/4004
f 5043/6544 5042/6543 5033/6534
f 5032/6533 5029/6530 5030/6531
f 2129/2812 2130/2813 2132/2815
f 2133/2816 2130/2813 2146/2833
f 5303/6872 5302/6871 5010/6503
f 5303/6873 5010/6504 2136/2819
f 2134/2817 2129/2812 2132/2815
f 2132/2815 2130/2813 2133/2816
f 2133/2816 2146/2833 634/889
f 5302/6871 5303/6872 5012/6507
f 5012/6508 5303/6873 2156/2851
f 5303/6873 2136/2819 2135/2818
f 2135/2818 2136/2819 2134/2817
f 2135/2818 2134/2817 2132/2815
f 2156/2851 5303/6873 2135/2818
f 2156/2851 2135/2818 2141/2824
f 602/834 3842/5020 600/832
f 3842/5020 773/1113 600/832
f 1613/2125 1244/1740 3906/5096
f 591/820 771/1109 593/823
f 633/886 3739/4867 5670/7415
f 5670/7416 3739/4868 3738/4866
f 5397/7062 5661/7401 5660/7400
f 5684/7441 5397/7062 5660/7400
f 4969/6458 5397/7061 5684/7440
f 5660/7400 5661/7401 5471/7174
f 5660/7400 5471/7174 5472/7176
f 4969/6458 5684/7440 5393/7053
f 5660/7400 5472/7176 5656/7395
f 5656/7395 5472/7176 5473/7178
f 5656/7395 5473/7178 5651/7389
f 5651/7389 5473/7178 5657/7396
f 5651/7389 5657/7396 5658/7398
f 5657/7396 5670/7417 5658/7398
f 5670/7416 3738/4866 3737/4864
f 5658/7398 5670/7417 3737/4865
f 4968/6457 4973/6462 4790/6254
f 4790/6254 4791/6255 4780/6240
f 4779/6239 4780/6240 4772/6232
f 4770/6230 4774/6234 4785/6247
f 4774/6234 4773/6233 5258/6797
f 439/530 4130/5368 101/123
f 101/123 4130/5368 381/430
f 101/123 381/430 99/121
f 101/123 99/121 100/122
f 1001/1409 995/1400 1002/1410
f 2485/3267 2488/3270 2487/3269
f 2484/3266 2487/3269 2483/3265
f 2486/3268 2488/3270 2485/3267
f 545/730 544/728 161/184
f 161/184 160/183 158/181
f 3075/4004 5043/6544 3074/4002
f 5039/6540 5043/6544 5033/6534
f 5039/6540 5033/6534 5038/6539
f 5006/6497 5009/6502 5002/6493
f 5009/6502 5302/6871 5012/6507
f 5012/6508 2156/2851 2229/2956
f 2132/2815 2133/2816 5530/7245
f 5530/7245 2133/2816 777/1125
f 777/1125 2133/2816 634/889
f 777/1123 634/888 605/839
f 2156/2851 2141/2824 2229/2956
f 2141/2824 2135/2818 2139/2822
f 2135/2818 2132/2815 2139/2822
f 2139/2822 2132/2815 2140/2823
f 2140/2823 2132/2815 5530/7245
f 2229/2956 2141/2824 5405/7078
f 777/1123 605/839 629/877
f 605/839 601/833 629/877
f 602/834 600/832 601/833
f 600/832 773/1113 599/830
f 588/816 591/820 590/819
f 590/819 591/820 592/822
f 592/822 591/820 593/823
f 592/822 593/823 3739/4867
f 632/883 3739/4867 633/886
f 5663/7405 5662/7403 5661/7401
f 5661/7401 5662/7403 5471/7174
f 5397/7062 5663/7405 5661/7401
f 5663/7404 5397/7061 4974/6463
f 5671/7418 633/887 5670/7417
f 4974/6463 5397/7061 4969/6458
f 5657/7396 5671/7418 5670/7417
f 4969/6458 5393/7053 4968/6457
f 4779/6239 4772/6232 4775/6235
f 4775/6235 4772/6232 4770/6230
f 4775/6235 4770/6230 4776/6236
f 4776/6236 4770/6230 4785/6247
f 4774/6234 5258/6797 5260/6801
f 5260/6802 5258/6798 4023/5236
f 440/532 439/530 101/123
f 562/765 998/1404 563/767
f 2484/3266 2485/3267 2487/3269
f 2483/3265 544/729 545/731
f 2486/3268 2485/3267 2444/3222
f 161/184 158/181 536/712
f 545/730 161/184 536/712
f 158/181 160/183 159/182
f 3152/4105 449/550 159/182
f 160/183 3152/4105 159/182
f 3074/4002 5043/6544 5359/6985
f 5359/6985 5043/6544 5039/6540
f 5033/6534 5032/6533 5038/6539
f 5002/6493 5009/6502 5012/6507
f 5530/7245 777/1125 2142/2826
f 5405/7078 2141/2824 2143/2827
f 2143/2827 2141/2824 2139/2822
f 2145/2830 2139/2822 2144/2828
f 2139/2822 2140/2823 2144/2828
f 2144/2828 2140/2823 5530/7245
f 2142/2825 777/1124 629/878
f 5523/7233 2143/2827 2139/2822
f 5523/7233 2139/2822 2145/2830
f 629/877 601/833 5431/7130
f 5431/7130 601/833 5433/7133
f 601/833 600/832 5433/7133
f 600/832 599/830 598/829
f 5433/7133 600/832 598/829
f 1545/2046 1651/2180 3893/5080
f 586/813 588/816 590/819
f 592/822 3739/4867 631/881
f 631/881 3739/4867 632/883
f 5404/7075 5449/7151 5662/7402
f 5662/7402 5449/7151 5452/7154
f 5662/7402 5452/7154 5471/7175
f 5663/7405 5404/7076 5662/7403
f 5404/7074 5663/7404 4975/6464
f 5471/7175 5451/7153 5472/7177
f 5472/7177 5451/7153 5458/7161
f 5472/7177 5458/7161 5473/7179
f 5671/7418 632/884 633/887
f 4975/6464 5663/7404 4974/6463
f 5473/7179 5459/7162 5657/7397
f 5657/7397 5459/7162 5672/7420
f 5657/7396 5672/7419 5671/7418
f 4969/6458 4968/6457 4966/6455
f 4968/6457 4790/6254 4966/6455
f 4090/5315 4785/6247 4774/6234
f 4090/5315 4774/6234 4095/5321
f 4095/5321 4774/6234 5260/6801
f 4006/5219 4036/5250 4039/5253
f 4088/5312 440/533 4194/5462
f 4194/5461 440/532 105/127
f 105/127 440/532 101/123
f 996/1401 989/1393 998/1404
f 100/122 563/766 997/1402
f 1008/1417 1663/2202 994/1399
f 536/713 2483/3265 545/731
f 2512/3299 2486/3268 2450/3228
f 2450/3228 2486/3268 2444/3222
f 2444/3222 2485/3267 2441/3218
f 2485/3267 2484/3266 2442/3219
f 159/182 449/550 448/548
f 3074/4002 5359/6985 3004/3908
f 5002/6493 5012/6507 2229/2955
f 5002/6493 2229/2955 5013/6509
f 2229/2955 5405/7077 5013/6509
f 5013/6510 5405/7078 2143/2827
f 5530/7246 2142/2825 5430/7129
f 5013/6510 2143/2827 5529/7243
f 5529/7243 2143/2827 5523/7233
f 5430/7129 2142/2825 629/878
f 5430/7129 629/878 5431/7131
f 5013/6509 5529/7242 5015/6512
f 2145/2831 2144/2829 5519/7229
f 5519/7229 2144/2829 5430/7129
f 2144/2829 5530/7246 5430/7129
f 5529/7244 5523/7234 5522/7232
f 5528/7241 5529/7244 5522/7232
f 5522/7232 5523/7234 2145/2831
f 5516/7225 2145/2831 5519/7229
f 599/831 3853/5032 3897/5086
f 3897/5086 3853/5032 3866/5048
f 3897/5086 3866/5048 3869/5051
f 3897/5086 3869/5051 3875/5059
f 3875/5059 3879/5063 587/815
f 3875/5058 587/814 589/818
f 587/814 586/813 589/818
f 1639/2159 1545/2046 3893/5080
f 589/818 586/813 590/819
f 596/826 590/819 592/822
f 596/826 592/822 5537/7257
f 5401/7070 5534/7252 4996/6487
f 5533/7251 5534/7252 5450/7152
f 5534/7252 5533/7251 4996/6487
f 5449/7151 5450/7152 5438/7140
f 5449/7151 5438/7140 5440/7142
f 5537/7257 592/822 631/881
f 5533/7251 5450/7152 5449/7151
f 5440/7142 5435/7137 5451/7153
f 5451/7153 5435/7137 5458/7161
f 5452/7154 5449/7151 5440/7142
f 5452/7154 5440/7142 5451/7153
f 5458/7161 5437/7139 5459/7162
f 5437/7139 5453/7155 5459/7162
f 5459/7162 5453/7155 5672/7420
f 5404/7075 5533/7251 5449/7151
f 4996/6487 5533/7251 5404/7075
f 5672/7419 5453/7156 632/884
f 5453/7155 631/882 632/885
f 4996/6486 5404/7074 4975/6464
f 4974/6463 4969/6458 4971/6460
f 4971/6460 4969/6458 4966/6455
f 4790/6254 4780/6240 4779/6239
f 4777/6237 4775/6235 4776/6236
f 4776/6236 4785/6247 4090/5315
f 3972/5181 3973/5182 3966/5175
f 102/124 104/126 101/123
f 102/124 101/123 100/122
f 525/691 102/124 100/122
f 525/691 100/122 997/1402
f 1663/2202 993/1398 994/1399
f 994/1399 990/1394 995/1400
f 998/1404 989/1393 997/1403
f 2441/3218 2485/3267 2442/3219
f 2484/3266 2483/3265 2442/3219
f 2442/3219 2483/3265 2451/3229
f 5359/6985 5039/6540 5345/6956
f 5345/6956 5039/6540 5038/6539
f 5005/6496 5029/6530 5006/6497
f 5005/6496 5006/6497 5002/6493
f 5002/6493 5013/6509 5014/6511
f 5014/6511 5013/6509 5015/6512
f 5432/7132 5430/7129 5431/7131
f 5015/6513 5529/7244 5528/7241
f 5519/7229 5430/7129 5518/7228
f 5432/7132 5431/7131 5433/7134
f 5518/7228 5430/7129 5432/7132
f 5527/7240 5015/6513 5528/7241
f 5015/6512 5527/7239 5538/7259
f 5527/7240 5528/7241 5522/7232
f 5516/7225 5519/7229 5515/7224
f 5515/7224 5519/7229 5518/7228
f 5434/7136 5432/7132 5433/7134
f 5432/7132 5434/7136 5514/7223
f 5527/7240 5522/7232 5524/7235
f 5524/7235 5522/7232 5516/7225
f 5522/7232 2145/2831 5516/7225
f 5434/7135 5433/7133 5532/7249
f 5532/7249 5433/7133 598/829
f 599/830 3897/5085 598/829
f 3897/5085 3875/5058 595/825
f 3875/5058 589/818 595/825
f 594/824 589/818 590/819
f 594/824 590/819 596/826
f 5401/7070 5463/7166 5450/7152
f 5463/7166 5401/7070 5196/6710
f 5535/7254 5463/7166 5196/6710
f 5450/7152 5463/7166 5446/7148
f 5435/7137 5438/7140 5436/7138
f 5536/7255 596/826 5537/7257
f 5450/7152 5446/7148 5438/7140
f 5435/7137 5436/7138 5437/7139
f 5196/6709 5401/7069 5197/6711
f 5438/7140 5435/7137 5440/7142
f 5437/7139 5436/7138 5453/7155
f 5197/6711 5401/7069 4996/6486
f 631/882 5445/7147 5537/7258
f 5453/7155 5445/7147 631/882
f 4975/6464 4974/6463 4971/6460
f 3968/5177 3969/5178 3967/5176
f 5380/7026 4776/6236 4090/5315
f 4120/5352 4088/5312 4194/5462
f 4120/5351 4194/5461 105/127
f 2483/3265 536/713 537/715
f 2451/3229 2483/3265 537/715
f 1695/2265 2512/3299 2450/3228
f 537/714 536/712 158/181
f 158/181 159/182 156/179
f 3003/3907 5345/6956 5346/6959
f 5345/6956 5038/6539 5344/6954
f 5346/6959 5345/6956 5344/6954
f 5344/6954 5038/6539 5037/6538
f 5037/6538 5038/6539 5032/6533
f 5032/6533 5030/6531 5031/6532
f 5030/6531 5029/6530 5005/6496
f 5014/6511 5015/6512 5016/6514
f 5016/6514 5015/6512 5538/7259
f 5538/7260 5527/7240 5524/7235
f 5515/7224 5518/7228 5510/7219
f 5518/7228 5432/7132 5510/7219
f 5510/7219 5432/7132 5514/7223
f 5514/7223 5434/7136 5532/7250
f 5538/7260 5524/7235 5526/7238
f 5538/7260 5526/7238 5509/7218
f 5526/7238 5524/7235 5516/7225
f 5512/7221 5516/7225 5515/7224
f 5509/7218 5526/7238 5513/7222
f 5526/7238 5516/7225 5513/7222
f 5513/7222 5516/7225 5512/7221
f 630/879 5532/7249 598/829
f 598/829 3897/5085 595/825
f 595/825 589/818 594/824
f 635/890 596/826 756/1081
f 5531/7248 5457/7160 5469/7172
f 5439/7141 5441/7143 5436/7138
f 756/1081 596/826 5536/7255
f 5355/6976 5531/7247 5257/6796
f 5469/7172 5457/7160 5446/7148
f 5457/7160 5439/7141 5446/7148
f 5436/7138 5441/7143 5443/7145
f 5535/7254 5531/7248 5469/7172
f 5257/6796 5531/7247 5535/7253
f 5436/7138 5443/7145 5445/7147
f 5257/6796 5535/7253 5196/6709
f 5443/7145 5466/7169 5445/7147
f 5466/7169 5536/7256 5537/7258
f 5445/7147 5466/7169 5537/7258
f 4976/6465 5196/6709 5197/6711
f 4976/6465 5197/6711 4996/6486
f 4996/6486 4975/6464 4971/6460
f 4779/6239 4775/6235 4778/6238
f 4778/6238 4775/6235 4777/6237
f 4778/6238 4777/6237 4783/6245
f 4777/6237 4776/6236 4789/6253
f 3978/5187 3966/5175 3979/5188
f 4789/6253 4776/6236 5372/7010
f 5372/7010 4776/6236 5380/7026
f 5372/7010 5380/7026 3949/5156
f 3949/5157 5380/7027 3950/5158
f 106/128 4120/5351 105/127
f 106/128 105/127 104/126
f 102/124 525/691 526/693
f 993/1398 991/1395 990/1394
f 989/1393 992/1396 997/1403
f 997/1403 992/1396 526/694
f 997/1403 526/694 525/692
f 537/714 158/181 2482/3263
f 159/182 448/548 156/179
f 156/179 448/548 3106/4046
f 5344/6954 5037/6538 5349/6965
f 5037/6538 5032/6533 5035/6536
f 5035/6536 5032/6533 5031/6532
f 5005/6496 5002/6493 5004/6495
f 5002/6493 5014/6511 5001/6492
f 5541/7266 5538/7260 5509/7218
f 5016/6514 5538/7259 5541/7265
f 5511/7220 5514/7223 5532/7250
f 5512/7221 5515/7224 5510/7219
f 5510/7219 5514/7223 5511/7220
f 5511/7220 5532/7250 630/880
f 5509/7218 5513/7222 5503/7211
f 5541/7266 5509/7218 5508/7217
f 5503/7211 5513/7222 5501/7209
f 5501/7209 5513/7222 5512/7221
f 5501/7209 5512/7221 5510/7219
f 5501/7209 5510/7219 5502/7210
f 5502/7210 5510/7219 5505/7213
f 5510/7219 5511/7220 5505/7213
f 5507/7216 5511/7220 630/880
f 5508/7217 5509/7218 5503/7211
f 5504/7212 5508/7217 5503/7211
f 5504/7212 5503/7211 5500/7208
f 5503/7211 5501/7209 5500/7208
f 630/879 598/829 5539/7261
f 5507/7215 630/879 5539/7261
f 5500/7208 5501/7209 5498/7206
f 598/829 595/825 5539/7261
f 5539/7261 595/825 597/827
f 597/827 595/825 594/824
f 594/824 596/826 597/827
f 5454/7157 5448/7150 5444/7146
f 5444/7146 5448/7150 5447/7149
f 597/827 596/826 635/890
f 5506/7214 5470/7173 5467/7170
f 5470/7173 5455/7158 5467/7170
f 5467/7170 5455/7158 5454/7157
f 5441/7143 5444/7146 5447/7149
f 5467/7170 5454/7157 5456/7159
f 5456/7159 5454/7157 5444/7146
f 5441/7143 5447/7149 5442/7144
f 5468/7171 635/891 756/1082
f 635/891 5468/7171 5460/7163
f 5506/7214 5467/7170 5457/7160
f 5467/7170 5456/7159 5457/7160
f 5439/7141 5456/7159 5444/7146
f 5439/7141 5444/7146 5441/7143
f 5441/7143 5442/7144 5443/7145
f 5442/7144 5460/7163 5443/7145
f 5443/7145 5460/7163 5468/7171
f 5355/6977 5506/7214 5531/7248
f 5370/7007 5506/7214 5355/6977
f 5531/7248 5506/7214 5457/7160
f 5370/7006 5355/6976 4981/6470
f 5443/7145 5468/7171 5466/7169
f 5468/7171 756/1082 5536/7256
f 5466/7169 5468/7171 5536/7256
f 5355/6976 5257/6796 4981/6470
f 4981/6470 5257/6796 5196/6709
f 4981/6470 5196/6709 4976/6465
f 4971/6460 4976/6465 4996/6486
f 4971/6460 4966/6455 4970/6459
f 4783/6245 4777/6237 5317/6899
f 4777/6237 4789/6253 3945/5151
f 5317/6899 4777/6237 3945/5151
f 3945/5151 4789/6253 3942/5148
f 3942/5148 4789/6253 5372/7010
f 4042/5256 4040/5254 416/493
f 416/493 4040/5254 4120/5352
f 416/492 4120/5351 106/128
f 489/620 104/126 102/124
f 489/620 102/124 526/693
f 993/1398 1671/2218 991/1395
f 990/1394 983/1385 989/1393
f 2451/3229 537/715 2482/3264
f 2443/3221 2450/3228 2444/3222
f 2444/3222 2441/3218 2445/3223
f 2445/3223 2441/3218 2440/3217
f 2440/3217 2441/3218 2442/3219
f 2440/3217 2442/3219 2451/3229
f 2482/3263 158/181 2522/3311
f 2522/3311 158/181 155/178
f 155/178 158/181 156/179
f 156/179 3106/4046 3019/3927
f 5349/6965 5037/6538 2985/3884
f 2985/3884 5037/6538 5035/6536
f 5031/6532 5030/6531 5005/6496
f 5001/6492 5014/6511 5016/6514
f 5016/6514 5541/7265 5540/7263
f 5541/7266 5508/7217 5540/7264
f 5505/7213 5511/7220 5507/7216
f 5540/7264 5508/7217 5521/7231
f 5521/7231 5508/7217 5504/7212
f 5501/7209 5502/7210 5497/7205
f 5502/7210 5505/7213 5496/7204
f 5497/7205 5502/7210 5496/7204
f 5521/7231 5504/7212 5493/7200
f 5493/7200 5504/7212 5500/7208
f 5498/7206 5501/7209 5497/7205
f 5505/7213 5507/7216 5494/7201
f 5496/7204 5505/7213 5494/7201
f 5494/7201 5507/7216 5539/7262
f 5520/7230 5521/7231 5493/7200
f 5521/7231 5520/7230 5540/7264
f 5493/7200 5500/7208 5490/7196
f 5490/7196 5500/7208 5498/7206
f 5495/7203 5494/7201 5539/7262
f 5540/7264 5520/7230 5019/6518
f 5488/7194 5497/7205 5496/7204
f 5490/7196 5498/7206 5489/7195
f 5489/7195 5498/7206 5497/7205
f 5489/7195 5497/7205 5488/7194
f 5488/7194 5496/7204 5491/7197
f 5495/7202 5539/7261 5525/7236
f 5487/7193 5520/7230 5493/7200
f 5520/7230 5487/7193 5024/6524
f 5019/6518 5520/7230 5024/6524
f 5487/7193 5493/7200 5490/7196
f 5487/7193 5490/7196 5483/7189
f 5483/7189 5490/7196 5489/7195
f 5484/7190 5489/7195 5488/7194
f 5525/7236 5539/7261 597/827
f 5485/7191 5488/7194 5491/7197
f 5484/7190 5483/7189 5489/7195
f 5484/7190 5488/7194 5485/7191
f 5024/6524 5487/7193 5415/7100
f 5415/7100 5487/7193 5499/7207
f 5483/7189 5484/7190 5478/7184
f 5478/7184 5484/7190 5485/7191
f 5499/7207 5487/7193 5481/7187
f 5487/7193 5483/7189 5479/7185
f 5481/7187 5487/7193 5479/7185
f 5479/7185 5483/7189 5478/7184
f 5415/7100 5499/7207 5414/7098
f 5525/7236 597/827 5492/7198
f 5414/7098 5499/7207 5250/6786
f 5481/7187 5479/7185 5465/7168
f 5479/7185 5478/7184 5465/7168
f 5461/7164 5478/7184 5477/7183
f 5461/7164 5477/7183 5475/7181
f 5499/7207 5481/7187 5474/7180
f 5474/7180 5481/7187 5465/7168
f 5461/7164 5465/7168 5478/7184
f 5461/7164 5475/7181 5462/7165
f 5250/6786 5499/7207 5474/7180
f 5464/7167 5492/7199 597/828
f 5476/7182 5492/7199 5464/7167
f 5447/7149 5462/7165 5464/7167
f 5517/7227 5250/6786 5474/7180
f 5250/6786 5517/7227 5229/6756
f 5474/7180 5465/7168 5455/7158
f 5461/7164 5462/7165 5448/7150
f 5448/7150 5462/7165 5447/7149
f 5517/7227 5474/7180 5470/7173
f 5470/7173 5474/7180 5455/7158
f 5465/7168 5461/7164 5455/7158
f 5455/7158 5461/7164 5448/7150
f 5447/7149 5464/7167 5460/7163
f 5229/6755 5517/7226 4982/6471
f 5455/7158 5448/7150 5454/7157
f 5460/7163 5464/7167 635/891
f 635/891 5464/7167 597/828
f 5447/7149 5460/7163 5442/7144
f 5517/7227 5470/7173 5506/7214
f 5370/7007 5517/7227 5506/7214
f 5517/7226 5370/7006 4982/6471
f 4982/6471 5370/7006 4981/6470
f 4966/6455 4790/6254 4965/6454
f 4790/6254 4779/6239 4965/6454
f 4082/5305 4783/6245 5317/6899
f 107/129 106/128 104/126
f 985/1387 982/1384 990/1394
f 991/1395 985/1387 990/1394
f 990/1394 982/1384 983/1385
f 1695/2265 2450/3228 2443/3221
f 2443/3221 2444/3222 2445/3223
f 155/178 156/179 157/180
f 156/179 3019/3927 157/180
f 157/180 3019/3927 447/546
f 2985/3884 5035/6536 5360/6987
f 5360/6987 5035/6536 5031/6532
f 5004/6495 5002/6493 5003/6494
f 5001/6492 5016/6514 4998/6489
f 4998/6489 5016/6514 5017/6515
f 5017/6515 5016/6514 5540/7263
f 5017/6515 5540/7263 5019/6517
f 5017/6515 5019/6517 5023/6522
f 5491/7197 5494/7201 5482/7188
f 5482/7188 5494/7201 5495/7203
f 5019/6517 5024/6523 5023/6522
f 5482/7188 5495/7203 5486/7192
f 5486/7192 5495/7203 5525/7237
f 5480/7186 5491/7197 5482/7188
f 5485/7191 5491/7197 5480/7186
f 5023/6522 5024/6523 5025/6525
f 5025/6525 5024/6523 5415/7099
f 5485/7191 5480/7186 5477/7183
f 5480/7186 5482/7188 5476/7182
f 5476/7182 5482/7188 5486/7192
f 5232/6759 5025/6525 5415/7099
f 5232/6759 5415/7099 5414/7097
f 5025/6525 5232/6759 5231/6758
f 5475/7181 5477/7183 5480/7186
f 5486/7192 5525/7237 5492/7199
f 5475/7181 5480/7186 5476/7182
f 5476/7182 5486/7192 5492/7199
f 5232/6759 5414/7097 5250/6785
f 5475/7181 5476/7182 5464/7167
f 5462/7165 5475/7181 5464/7167
f 5229/6755 5232/6759 5250/6785
f 5231/6758 5232/6759 5229/6755
f 5231/6758 5229/6755 5230/6757
f 5204/6724 5229/6755 4982/6471
f 5230/6757 5229/6755 5204/6724
f 4971/6460 4970/6459 4972/6461
f 4965/6454 4779/6239 4778/6238
f 5249/6784 4778/6238 4783/6245
f 5249/6784 4783/6245 5342/6951
f 5342/6951 4783/6245 4082/5305
f 4082/5306 3955/5163 3954/5162
f 109/131 395/456 416/492
f 109/131 416/492 106/128
f 109/131 106/128 108/130
f 108/130 106/128 107/129
f 456/561 107/129 104/126
f 456/561 104/126 988/1391
f 104/126 489/620 988/1391
f 1671/2218 986/1389 991/1395
f 991/1395 986/1389 985/1387
f 983/1385 984/1386 989/1393
f 989/1393 984/1386 992/1396
f 992/1396 984/1386 988/1392
f 992/1396 988/1392 489/621
f 2451/3229 2482/3264 2456/3234
f 2446/3224 2443/3221 2445/3223
f 2445/3223 2440/3217 2447/3225
f 2440/3217 2451/3229 2452/3230
f 2448/3226 2440/3217 2452/3230
f 2452/3230 2451/3229 2456/3234
f 2456/3234 2482/3264 2522/3312
f 5360/6987 5031/6532 5361/6989
f 3023/3935 5360/6987 5361/6989
f 5361/6989 5031/6532 3021/3931
f 5218/6743 5031/6532 5005/6496
f 5003/6494 5002/6493 5000/6491
f 5000/6491 5002/6493 5001/6492
f 5023/6522 5025/6525 5020/6519
f 5231/6758 5230/6757 5204/6724
f 5204/6724 4982/6471 4979/6468
f 4982/6471 4981/6470 4979/6468
f 4979/6468 4981/6470 4976/6465
f 4976/6465 4971/6460 4972/6461
f 4970/6459 4966/6455 4967/6456
f 4966/6455 4965/6454 4967/6456
f 5243/6776 4778/6238 5249/6784
f 5243/6776 5249/6784 4202/5478
f 5249/6784 5342/6951 3956/5165
f 4202/5478 5249/6784 3956/5165
f 3956/5164 5342/6950 3954/5162
f 112/134 4193/5459 395/456
f 112/134 395/456 109/131
f 983/1385 978/1380 984/1386
f 2449/3227 2443/3221 2446/3224
f 2446/3224 2445/3223 2447/3225
f 2447/3225 2440/3217 2448/3226
f 2537/3334 2443/3221 2449/3227
f 2522/3311 155/178 2477/3256
f 155/178 157/180 153/176
f 157/180 447/546 3066/3992
f 3021/3931 5031/6532 3035/3948
f 3065/3991 3021/3931 3035/3948
f 3035/3948 5031/6532 5218/6743
f 5218/6743 5005/6496 5028/6529
f 5005/6496 5004/6495 5028/6529
f 5018/6516 5017/6515 5023/6522
f 5018/6516 5023/6522 5020/6519
f 5020/6519 5025/6525 5022/6521
f 5022/6521 5025/6525 5200/6715
f 5200/6715 5025/6525 5231/6758
f 5200/6715 5231/6758 4987/6476
f 4987/6476 5231/6758 5204/6724
f 4987/6476 5204/6724 4979/6468
f 4196/5465 4965/6454 4778/6238
f 4196/5465 4778/6238 4133/5374
f 3962/5171 3961/5170 3963/5172
f 4133/5374 4778/6238 5243/6776
f 4133/5374 5243/6776 4134/5377
f 4028/5241 3953/5161 3965/5174
f 3965/5174 3953/5161 3962/5171
f 4134/5377 5243/6776 5427/7124
f 3951/5159 3953/5161 4203/5479
f 5427/7124 5243/6776 4202/5478
f 4137/5380 4193/5459 390/447
f 390/447 4193/5459 112/134
f 108/130 107/129 456/561
f 1000/1407 108/130 456/561
f 986/1389 953/1354 985/1387
f 984/1386 979/1381 456/562
f 984/1386 456/562 988/1392
f 2452/3230 2456/3234 2477/3257
f 2477/3257 2456/3234 2522/3312
f 2477/3256 155/178 496/634
f 496/634 155/178 154/177
f 154/177 155/178 153/176
f 157/180 3066/3992 153/176
f 153/176 3066/3992 414/488
f 3035/3948 5218/6743 3014/3920
f 5007/6498 5004/6495 5003/6494
f 5000/6491 5001/6492 4998/6489
f 4998/6489 5017/6515 5018/6516
f 4998/6489 5018/6516 4991/6480
f 4977/6466 4979/6468 4976/6465
f 4972/6461 4970/6459 4984/6473
f 4970/6459 4967/6456 4984/6473
f 4967/6456 4965/6454 4196/5465
f 3975/5184 3963/5172 3974/5183
f 110/132 109/131 108/130
f 110/132 108/130 1000/1407
f 986/1389 1038/1462 953/1354
f 987/1390 1000/1408 456/562
f 953/1354 981/1383 985/1387
f 985/1387 981/1383 980/1382
f 978/1380 979/1381 984/1386
f 979/1381 987/1390 456/562
f 2449/3227 2446/3224 2455/3233
f 2455/3233 2446/3224 2447/3225
f 2453/3231 2455/3233 2447/3225
f 2447/3225 2448/3226 2453/3231
f 153/176 414/488 3034/3946
f 3014/3920 5218/6743 5306/6877
f 5306/6877 5218/6743 5028/6529
f 5306/6877 5028/6529 5305/6875
f 5028/6529 5004/6495 5007/6498
f 4196/5466 4027/5240 4029/5242
f 4136/5379 422/502 4208/5488
f 4208/5487 422/501 113/135
f 422/501 390/447 113/135
f 113/135 390/447 112/134
f 999/1405 110/132 1000/1407
f 980/1382 949/1349 978/1380
f 2537/3334 2449/3227 2460/3238
f 2460/3238 2449/3227 2455/3233
f 2448/3226 2454/3232 2453/3231
f 2448/3226 2452/3230 2454/3232
f 2452/3230 2477/3257 496/635
f 2454/3232 2452/3230 496/635
f 2540/3340 2537/3334 2460/3238
f 496/634 154/177 518/677
f 153/176 3034/3946 151/174
f 151/174 3034/3946 2999/3900
f 6206/8142 5306/6877 2969/3867
f 5306/6877 5305/6875 2969/3867
f 2969/3866 5305/6876 2968/3865
f 5305/6875 5028/6529 5007/6498
f 5007/6498 5003/6494 5008/6500
f 5000/6491 4998/6489 4999/6490
f 4997/6488 4998/6489 4991/6480
f 4986/6475 5020/6519 5022/6521
f 4987/6476 4979/6468 4985/6474
f 4983/6472 4972/6461 4984/6473
f 4984/6473 4967/6456 4052/5267
f 4967/6456 5348/6963 5347/6961
f 4052/5267 4967/6456 5347/6961
f 3996/5208 3990/5200 3995/5207
f 5347/6961 5348/6963 5413/7096
f 5413/7095 5348/6964 4029/5242
f 113/135 112/134 111/133
f 111/133 112/134 109/131
f 111/133 109/131 110/132
f 949/1349 928/1326 978/1380
f 953/1354 948/1348 981/1383
f 981/1383 948/1348 980/1382
f 980/1382 948/1348 949/1349
f 979/1381 928/1326 987/1390
f 928/1326 999/1406 1000/1408
f 987/1390 928/1326 1000/1408
f 2454/3232 496/635 518/678
f 2455/3233 2453/3231 2457/3235
f 2457/3235 2453/3231 2454/3232
f 518/677 154/177 2539/3337
f 154/177 153/176 152/175
f 153/176 151/174 152/175
f 151/174 2999/3900 3037/3952
f 3017/3925 5305/6876 5007/6499
f 3017/3925 5007/6499 3016/3924
f 5008/6500 5003/6494 5021/6520
f 5021/6520 5003/6494 5000/6491
f 5018/6516 5020/6519 4991/6480
f 4991/6480 5020/6519 4986/6475
f 4986/6475 5022/6521 5200/6715
f 4986/6475 5200/6715 4987/6476
f 4977/6466 4976/6465 4972/6461
f 4980/6469 4972/6461 4983/6472
f 4043/5257 4984/6473 4052/5267
f 4113/5344 4054/5270 3987/5197
f 4052/5267 5347/6961 5383/7032
f 5422/7113 4052/5267 5383/7032
f 4198/5469 4208/5487 115/137
f 115/137 4208/5487 113/135
f 111/133 110/132 927/1324
f 927/1324 110/132 999/1405
f 953/1354 947/1347 948/1348
f 948/1348 946/1346 949/1349
f 949/1349 926/1323 928/1326
f 928/1326 927/1325 999/1406
f 2458/3236 2457/3235 2454/3232
f 2540/3340 2460/3238 2461/3240
f 2460/3238 2455/3233 2457/3235
f 2459/3237 2458/3236 2454/3232
f 154/177 152/175 475/596
f 2539/3337 154/177 475/596
f 151/174 3037/3952 150/173
f 3016/3924 5008/6501 3015/3923
f 5008/6500 5021/6520 5268/6813
f 4999/6490 4998/6489 4997/6488
f 4986/6475 4987/6476 4985/6474
f 4985/6474 4979/6468 4977/6466
f 4977/6466 4972/6461 4978/6467
f 4972/6461 4980/6469 4978/6467
f 4983/6472 4984/6473 5408/7083
f 5408/7083 4984/6473 4043/5257
f 4004/5216 3996/5208 4009/5222
f 4199/5471 4198/5469 117/139
f 117/139 4198/5469 115/137
f 115/137 113/135 114/136
f 114/136 113/135 111/133
f 921/1315 111/133 927/1324
f 949/1349 946/1346 926/1323
f 928/1326 926/1323 927/1325
f 2461/3240 2460/3238 2457/3235
f 2454/3232 518/678 2465/3244
f 2465/3244 518/678 2539/3338
f 2462/3241 2457/3235 2458/3236
f 2459/3237 2454/3232 2463/3242
f 2463/3242 2454/3232 2465/3244
f 152/175 151/174 149/172
f 151/174 150/173 149/172
f 150/173 3037/3952 3011/3916
f 2942/3834 3015/3923 3018/3926
f 5192/6703 5021/6520 5000/6491
f 4980/6469 4983/6472 4129/5366
f 4129/5366 4983/6472 5408/7083
f 3984/5193 3991/5201 3997/5209
f 121/144 4048/5263 4199/5472
f 121/143 4199/5471 117/139
f 117/139 115/137 114/136
f 114/136 111/133 919/1311
f 919/1311 111/133 921/1315
f 1658/2194 1659/2196 947/1347
f 947/1347 935/1333 946/1346
f 935/1333 926/1323 946/1346
f 926/1323 921/1316 927/1325
f 2461/3240 2457/3235 2464/3243
f 2457/3235 2462/3241 2464/3243
f 2458/3236 2459/3237 2462/3241
f 2462/3241 2459/3237 2463/3242
f 2465/3244 2539/3338 475/597
f 152/175 149/172 2481/3261
f 475/596 152/175 2481/3261
f 150/173 3011/3916 148/171
f 148/171 3011/3916 430/514
f 2937/3827 3018/3926 5268/6814
f 2937/3827 5268/6814 2938/3828
f 4999/6490 4997/6488 5027/6528
f 4988/6477 4986/6475 4985/6474
f 5702/7475 4985/6474 4977/6466
f 5702/7475 4977/6466 4994/6483
f 4994/6483 4977/6466 4995/6484
f 4995/6484 4977/6466 4978/6467
f 5410/7088 4980/6469 4129/5366
f 4005/5217 4041/5255 4187/5447
f 4041/5255 4048/5263 4187/5447
f 4187/5447 4048/5263 121/144
f 118/140 117/139 114/136
f 945/1345 935/1333 947/1347
f 926/1323 935/1333 930/1328
f 917/1309 919/1312 921/1316
f 1659/2196 945/1345 947/1347
f 926/1323 930/1328 917/1309
f 926/1323 917/1309 921/1316
f 2463/3242 2465/3244 2481/3262
f 2481/3262 2465/3244 475/597
f 2461/3240 2464/3243 2466/3245
f 2481/3261 149/172 2536/3331
f 149/172 148/171 147/170
f 148/171 430/514 431/516
f 2946/3839 5192/6703 5026/6526
f 5026/6526 5192/6703 5000/6491
f 5026/6526 5000/6491 4999/6490
f 5026/6526 4999/6490 5221/6746
f 5221/6746 4999/6490 5027/6528
f 4992/6481 4997/6488 4991/6480
f 4992/6481 4991/6480 4990/6479
f 4990/6479 4991/6480 4986/6475
f 4131/5370 4978/6467 4980/6469
f 4131/5370 4980/6469 5410/7088
f 4187/5446 121/143 122/145
f 122/145 121/143 116/138
f 116/138 121/143 117/139
f 116/138 117/139 118/140
f 118/140 114/136 471/589
f 471/589 114/136 919/1311
f 945/1345 934/1332 935/1333
f 935/1333 934/1332 930/1328
f 930/1328 918/1310 917/1309
f 2469/3248 2461/3240 2466/3245
f 2466/3245 2464/3243 2462/3241
f 2466/3245 2462/3241 2468/3247
f 2468/3247 2462/3241 2467/3246
f 2462/3241 2463/3242 2467/3246
f 2463/3242 2481/3262 2473/3252
f 2467/3246 2463/3242 2473/3252
f 2473/3252 2481/3262 2536/3332
f 148/171 431/516 407/477
f 407/477 431/516 522/685
f 2916/3804 5026/6527 2943/3835
f 2971/3869 5026/6526 5221/6746
f 5222/6747 5221/6746 5027/6528
f 5027/6528 4997/6488 4992/6481
f 4990/6479 4986/6475 4988/6477
f 5704/7479 4985/6474 5701/7473
f 4985/6474 5702/7475 5701/7473
f 4995/6484 4978/6467 5391/7049
f 5391/7049 4978/6467 4131/5370
f 4205/5481 4187/5446 122/145
f 920/1313 118/140 471/589
f 933/1331 929/1327 930/1328
f 934/1332 933/1331 930/1328
f 918/1310 471/590 919/1312
f 1659/2196 944/1344 945/1345
f 944/1344 933/1331 934/1332
f 945/1345 944/1344 934/1332
f 930/1328 929/1327 918/1310
f 917/1309 918/1310 919/1312
f 1178/1656 2469/3248 1174/1650
f 1174/1650 2469/3248 2466/3245
f 1174/1650 2466/3245 2470/3249
f 2470/3249 2466/3245 2471/3250
f 2466/3245 2468/3247 2471/3250
f 2471/3250 2468/3247 2467/3246
f 2536/3331 149/172 499/640
f 149/172 147/170 499/640
f 499/640 147/170 500/642
f 147/170 148/171 146/169
f 146/169 407/477 408/478
f 146/169 408/478 428/511
f 2907/3794 2943/3835 2971/3870
f 2971/3869 5221/6746 5274/6822
f 5274/6822 5221/6746 5222/6747
f 5222/6747 5027/6528 3123/4066
f 3123/4066 5027/6528 4992/6481
f 5704/7479 4988/6477 4985/6474
f 5703/7477 5702/7475 4994/6483
f 5703/7477 4994/6483 4212/5494
f 4212/5494 4994/6483 4995/6484
f 4212/5495 4995/6485 4132/5372
f 4995/6485 5391/7050 4132/5372
f 4205/5481 122/145 124/147
f 4207/5485 4205/5481 124/147
f 124/147 122/145 123/146
f 123/146 122/145 116/138
f 923/1318 116/138 118/140
f 923/1318 118/140 920/1313
f 936/1334 932/1330 929/1327
f 933/1331 936/1334 929/1327
f 929/1327 922/1317 918/1310
f 918/1310 922/1317 920/1314
f 918/1310 920/1314 471/590
f 2467/3246 2473/3252 2474/3253
f 2472/3251 2467/3246 2474/3253
f 2474/3253 2473/3252 2536/3332
f 2471/3250 2467/3246 2472/3251
f 2474/3253 2536/3332 499/641
f 147/170 146/169 144/167
f 144/167 146/169 145/168
f 146/169 428/511 145/168
f 145/168 428/511 2915/3802
f 145/168 2915/3802 464/577
f 3123/4066 5274/6822 5222/6747
f 4992/6481 4990/6479 4993/6482
f 4990/6479 4988/6477 4989/6478
f 4993/6482 4990/6479 4989/6478
f 4989/6478 4988/6477 5704/7479
f 5701/7474 5702/7476 2944/3836
f 5702/7476 5703/7478 2875/3753
f 2944/3836 5702/7476 2875/3753
f 2875/3753 5703/7478 4212/5496
f 2875/3754 4212/5497 2872/3750
f 4210/5490 4207/5485 394/454
f 394/454 4207/5485 127/150
f 127/150 4207/5485 125/148
f 125/148 4207/5485 124/147
f 462/573 123/146 116/138
f 462/573 116/138 924/1320
f 924/1320 116/138 923/1318
f 929/1327 932/1330 922/1317
f 922/1317 923/1319 920/1314
f 944/1344 937/1336 933/1331
f 937/1336 936/1334 933/1331
f 2475/3254 2470/3249 2471/3250
f 2471/3250 2472/3251 2476/3255
f 2475/3254 2471/3250 2476/3255
f 2474/3253 499/641 500/643
f 500/642 147/170 501/644
f 501/644 147/170 215/241
f 147/170 144/167 215/241
f 145/168 464/577 465/579
f 145/168 465/579 435/524
f 2913/3800 3123/4067 2961/3857
f 2961/3856 3123/4066 4992/6481
f 2961/3856 4992/6481 5312/6889
f 4992/6481 4993/6482 5312/6889
f 5704/7480 5701/7474 3038/3955
f 3038/3955 5701/7474 2876/3755
f 5701/7474 2944/3836 2876/3755
f 2876/3756 2944/3837 2874/3752
f 2876/3756 2874/3752 2868/3746
f 2930/3820 2885/3766 2896/3781
f 2929/3818 2896/3780 2897/3782
f 399/463 2897/3784 437/527
f 125/148 124/147 123/146
f 937/1336 1010/1420 939/1338
f 941/1340 938/1337 932/1330
f 932/1330 938/1337 931/1329
f 931/1329 925/1322 922/1317
f 922/1317 925/1322 924/1321
f 936/1334 941/1340 932/1330
f 932/1330 931/1329 922/1317
f 922/1317 924/1321 923/1319
f 937/1336 939/1338 936/1334
f 1172/1647 1174/1650 2470/3249
f 2472/3251 2474/3253 501/645
f 501/645 2474/3253 500/643
f 1173/1648 1174/1649 1172/1646
f 1172/1647 2470/3249 2475/3254
f 501/644 215/241 2538/3335
f 143/166 145/168 435/524
f 143/166 435/524 2939/3829
f 143/166 2939/3829 411/484
f 2860/3737 2961/3856 5312/6889
f 2860/3737 5312/6889 5354/6974
f 5354/6974 5312/6889 4993/6482
f 5354/6974 4993/6482 2842/3717
f 2842/3717 4993/6482 2851/3727
f 2851/3727 4993/6482 4989/6478
f 2851/3727 4989/6478 3105/4044
f 3105/4044 4989/6478 5704/7479
f 5704/7479 3038/3954 3105/4044
f 3105/4044 3038/3954 2879/3759
f 2879/3760 2878/3758 2869/3747
f 2867/3745 2858/3735 2852/3729
f 2881/3762 2887/3768 2918/3806
f 399/463 437/527 128/151
f 437/527 394/454 128/151
f 128/151 394/454 127/150
f 127/150 125/148 126/149
f 128/151 127/150 126/149
f 126/149 125/148 123/146
f 126/149 123/146 454/558
f 454/558 123/146 462/573
f 938/1337 943/1342 931/1329
f 925/1322 462/574 924/1321
f 939/1338 941/1340 936/1334
f 2479/3259 2475/3254 2476/3255
f 2479/3259 2476/3255 2478/3258
f 2478/3258 2476/3255 2472/3251
f 2472/3251 501/645 2480/3260
f 1170/1643 1173/1648 1172/1646
f 1172/1647 2475/3254 2479/3259
f 2478/3258 2472/3251 2480/3260
f 2480/3260 501/645 2538/3336
f 215/241 144/167 169/192
f 169/192 144/167 142/165
f 144/167 143/166 142/165
f 140/163 143/166 411/484
f 140/163 411/484 410/482
f 410/482 411/484 2940/3831
f 2833/3708 2859/3736 2842/3718
f 2851/3727 3105/4044 5423/7115
f 2839/3714 2847/3723 2835/3710
f 2951/3846 2917/3805 572/786
f 400/465 399/463 130/153
f 130/153 399/463 128/151
f 130/153 128/151 129/152
f 129/152 128/151 126/149
f 958/1359 126/149 454/558
f 958/1359 454/558 569/778
f 939/1338 1689/2253 940/1339
f 938/1337 942/1341 943/1342
f 931/1329 943/1342 925/1322
f 925/1322 943/1342 569/779
f 569/778 454/558 462/573
f 1010/1420 1689/2253 939/1338
f 939/1338 940/1339 941/1340
f 940/1339 942/1341 941/1340
f 941/1340 942/1341 938/1337
f 925/1322 569/779 462/574
f 1170/1643 1172/1646 1171/1644
f 1171/1645 1172/1647 2491/3274
f 1172/1647 2479/3259 2491/3274
f 2479/3259 2478/3258 2490/3273
f 2490/3273 2478/3258 2480/3260
f 2492/3275 2480/3260 2526/3318
f 2526/3318 2480/3260 2538/3336
f 2491/3274 2479/3259 2490/3273
f 2526/3317 2538/3335 215/241
f 1169/1642 1170/1643 1171/1644
f 2490/3273 2480/3260 2492/3275
f 2526/3317 215/241 2530/3323
f 2530/3323 215/241 169/192
f 169/192 142/165 217/244
f 143/166 140/163 142/165
f 140/163 410/482 139/162
f 139/162 410/482 370/412
f 370/412 401/467 132/155
f 401/467 400/465 132/155
f 132/155 400/465 130/153
f 129/152 126/149 1030/1445
f 1030/1445 126/149 958/1359
f 1689/2253 1667/2210 951/1351
f 951/1351 950/1350 940/1339
f 940/1339 950/1350 942/1341
f 942/1341 950/1350 952/1352
f 1689/2253 951/1351 940/1339
f 942/1341 952/1352 943/1342
f 943/1342 952/1352 958/1360
f 943/1342 958/1360 569/779
f 2523/3314 1171/1645 2491/3274
f 2491/3274 2490/3273 2524/3315
f 2524/3315 2490/3273 2492/3275
f 2492/3275 2526/3318 2530/3324
f 1169/1642 1171/1644 2523/3313
f 2523/3314 2491/3274 2524/3315
f 2524/3315 2492/3275 2525/3316
f 1175/1651 1169/1642 2523/3313
f 2530/3323 169/192 528/697
f 169/192 217/244 528/697
f 528/697 217/244 529/699
f 140/163 139/162 136/159
f 136/159 139/162 134/157
f 139/162 370/412 134/157
f 370/412 132/155 134/157
f 134/157 132/155 133/156
f 133/156 132/155 131/154
f 131/154 132/155 130/153
f 131/154 130/153 129/152
f 129/152 1030/1445 481/605
f 954/1355 955/1356 952/1352
f 957/1358 956/1357 951/1351
f 951/1351 956/1357 950/1350
f 950/1350 956/1357 954/1355
f 950/1350 954/1355 952/1352
f 958/1360 955/1356 1030/1446
f 1667/2210 957/1358 951/1351
f 952/1352 955/1356 958/1360
f 2525/3316 2492/3275 2530/3324
f 1175/1651 2523/3313 2529/3321
f 2527/3319 2524/3315 2525/3316
f 2525/3316 2530/3324 528/698
f 2529/3322 2523/3314 2528/3320
f 2523/3314 2524/3315 2528/3320
f 2528/3320 2524/3315 2527/3319
f 137/160 217/244 142/165
f 137/160 142/165 140/163
f 140/163 136/159 137/160
f 136/159 134/157 137/160
f 137/160 134/157 135/158
f 135/158 134/157 133/156
f 135/158 133/156 138/161
f 138/161 133/156 131/154
f 1035/1455 131/154 129/152
f 1035/1455 129/152 481/605
f 956/1357 961/1363 960/1362
f 1667/2210 1680/2236 957/1358
f 1680/2236 961/1363 957/1358
f 956/1357 960/1362 954/1355
f 954/1355 960/1362 959/1361
f 957/1358 961/1363 956/1357
f 954/1355 959/1361 955/1356
f 955/1356 959/1361 968/1370
f 968/1370 481/606 1030/1446
f 955/1356 968/1370 1030/1446
f 2527/3319 2525/3316 528/698
f 1176/1652 1175/1651 2529/3321
f 2529/3322 2528/3320 2531/3326
f 2532/3327 2528/3320 2527/3319
f 2528/3320 2532/3327 2531/3326
f 2527/3319 528/698 530/701
f 530/700 528/697 529/699
f 1176/1652 2529/3321 2531/3325
f 530/700 529/699 217/244
f 530/700 217/244 2556/3361
f 217/244 137/160 2556/3361
f 2556/3361 137/160 141/164
f 141/164 137/160 135/158
f 138/161 131/154 1036/1457
f 1036/1457 131/154 1035/1455
f 1680/2236 1024/1439 962/1364
f 962/1364 963/1365 961/1363
f 961/1363 963/1365 960/1362
f 963/1365 964/1366 960/1362
f 960/1362 964/1366 959/1361
f 1680/2236 962/1364 961/1363
f 959/1361 969/1371 968/1370
f 969/1371 1035/1456 481/606
f 968/1370 969/1371 481/606
f 2535/3330 2527/3319 530/701
f 1176/1653 2531/3326 2542/3343
f 2533/3328 2531/3326 2532/3327
f 2542/3343 2531/3326 2533/3328
f 2533/3328 2532/3327 2534/3329
f 2534/3329 2532/3327 2527/3319
f 2534/3329 2527/3319 2535/3330
f 2535/3330 530/701 2545/3346
f 2545/3346 530/701 2556/3362
f 2533/3328 2534/3329 2543/3344
f 2544/3345 2534/3329 2535/3330
f 2552/3354 1176/1653 2542/3343
f 2542/3343 2533/3328 2543/3344
f 2543/3344 2534/3329 2544/3345
f 2556/3361 141/164 1040/1465
f 1040/1465 141/164 135/158
f 1389/1888 1188/1668 1526/2025
f 1040/1465 135/158 409/480
f 409/480 135/158 138/161
f 409/480 138/161 1036/1457
f 1024/1439 1039/1464 970/1372
f 970/1372 971/1373 967/1369
f 967/1369 971/1373 972/1374
f 967/1369 972/1374 966/1368
f 966/1368 972/1374 965/1367
f 1024/1439 970/1372 962/1364
f 962/1364 970/1372 967/1369
f 967/1369 966/1368 964/1366
f 964/1366 966/1368 965/1367
f 973/1375 1036/1458 1035/1456
f 962/1364 967/1369 963/1365
f 963/1365 967/1369 964/1366
f 959/1361 964/1366 965/1367
f 959/1361 965/1367 973/1375
f 959/1361 973/1375 969/1371
f 969/1371 973/1375 1035/1456
f 2546/3347 2535/3330 2545/3346
f 2544/3345 2535/3330 2546/3347
f 2546/3347 2545/3346 2551/3352
f 2551/3352 2545/3346 2556/3362
f 2548/3349 2542/3343 2543/3344
f 2548/3349 2543/3344 2549/3350
f 2547/3348 2543/3344 2544/3345
f 2552/3354 2542/3343 2548/3349
f 2549/3350 2543/3344 2547/3348
f 2550/3351 2547/3348 2544/3345
f 2544/3345 2546/3347 2550/3351
f 1187/1667 2552/3354 1031/1448
f 1031/1448 2552/3354 2548/3349
f 2550/3351 2546/3347 1033/1451
f 1032/1449 2547/3348 2550/3351
f 2546/3347 2551/3352 2554/3357
f 2554/3357 2551/3352 2556/3362
f 2554/3357 2556/3362 1040/1466
f 1031/1448 2548/3349 2553/3355
f 2548/3349 2549/3350 2553/3355
f 2553/3355 2549/3350 2547/3348
f 2553/3355 2547/3348 1032/1449
f 1032/1449 2550/3351 1033/1451
f 1033/1451 2546/3347 1034/1453
f 1034/1453 2546/3347 2554/3357
f 1027/1442 1031/1447 2553/3356
f 1027/1442 2553/3356 1032/1450
f 1026/1441 1033/1452 1034/1454
f 1037/1460 1187/1666 1031/1447
f 1027/1442 1032/1450 1025/1440
f 1025/1440 1032/1450 1026/1441
f 1026/1441 1032/1450 1033/1452
f 1037/1460 1031/1447 1028/1443
f 1029/1444 1034/1454 2554/3358
f 1031/1447 1027/1442 1028/1443
f 1026/1441 1034/1454 1029/1444
f 1029/1444 2554/3358 1040/1467
f 1026/1441 1029/1444 1020/1434
f 1025/1440 1026/1441 1021/1435
f 1037/1460 1028/1443 1023/1437
f 1654/2186 1037/1460 1023/1437
f 1023/1437 1028/1443 1027/1442
f 1027/1442 1025/1440 1022/1436
f 1023/1437 1027/1442 1022/1436
f 1021/1435 1026/1441 1020/1434
f 1022/1436 1025/1440 1021/1435
f 1020/1434 1029/1444 1019/1433
f 1029/1444 1040/1467 409/481
f 1019/1433 1029/1444 409/481
f 1023/1437 1022/1436 975/1377
f 1022/1436 1021/1435 977/1379
f 977/1379 1021/1435 1020/1434
f 1654/2186 1023/1437 976/1378
f 976/1378 1023/1437 975/1377
f 975/1377 1022/1436 974/1376
f 974/1376 1022/1436 977/1379
f 977/1379 1020/1434 1019/1433
f 1019/1433 409/481 1036/1458
f 975/1377 974/1376 971/1373
f 972/1374 974/1376 977/1379
f 977/1379 1019/1433 973/1375
f 972/1374 977/1379 973/1375
f 973/1375 1019/1433 1036/1458
f 970/1372 1654/2186 976/1378
f 976/1378 975/1377 970/1372
f 970/1372 975/1377 971/1373
f 965/1367 972/1374 973/1375

