# https://github.com/mikedh/trimesh
mtllib material.mtl

o geometry_0.001
usemtl Material_0.001
v 0.10589955 0.01352318 0.12714498
v 0.07098246 0.01124998 -0.00942552
v 0.06073818 0.01124138 0.01961536
v 0.06314011 0.01125391 -0.00517745
v 0.05252821 0.01124044 0.00644081
v 0.04977112 0.01123319 -0.01131942
v 0.03735340 0.01116068 0.00725014
v 0.03156595 0.01112983 -0.01332942
v 0.02529544 0.01109147 -0.01918007
v 0.04565814 0.01125843 -0.03643068
v 0.05774705 0.01127109 -0.02712056
v 0.02284021 0.01114843 -0.03212292
v 0.03459129 0.01126680 -0.04773569
v 0.04619512 0.01133178 -0.07009137
v 0.05990697 0.01131440 -0.05750057
v 0.06089571 0.01139051 -0.08527144
v 0.02506139 0.01130287 -0.06590179
v 0.01908027 0.01124408 -0.04986259
v 0.00904335 0.01115399 -0.03413709
v 0.01139116 0.01128605 -0.06052044
v 0.00966458 0.01104512 -0.02028470
v 0.00001802 0.01104670 -0.02538430
v 0.00381055 0.01122397 -0.05164449
v -0.01150544 0.01118171 -0.05207769
v -0.01738166 0.01104290 -0.03230879
v -0.02796390 0.01121650 -0.05636109
v -0.02629904 0.01096733 -0.02392146
v -0.04795488 0.01123487 -0.04401428
v -0.04946868 0.01112277 -0.02620133
v -0.07849898 0.01127261 -0.02442987
v -0.06476390 0.01134974 -0.04807770
v -0.06467349 0.01115324 -0.00875933
v -0.04297044 0.01100805 -0.00900431
v -0.05320271 0.01105194 0.00839671
v -0.08231123 0.01124254 0.00520720
v -0.07311337 0.01118864 0.01743710
v -0.05509152 0.01104913 0.01793495
v -0.03834873 0.01095785 0.01242860
v -0.02850387 0.01090244 -0.00244502
v -0.01534028 0.01084426 0.00682538
v -0.00670156 0.01082790 -0.00937209
v -0.01888777 0.01088875 0.02100423
v -0.00596211 0.01089955 0.02047430
v -0.00468154 0.01083068 0.00839896
v -0.00544606 0.01078267 0.00381509
v -0.01348791 0.01095961 0.03442402
v -0.00050935 0.01102809 0.03734119
v -0.01780543 0.01111066 0.05387313
v -0.02402306 0.01098013 0.03238686
v -0.04223844 0.01113743 0.04093948
v -0.04058833 0.01101247 0.02495946
v -0.05580029 0.01109050 0.02793083
v -0.06665652 0.01118337 0.02592478
v -0.06265577 0.01122617 0.03942164
v -0.07258920 0.01132692 0.03993097
v -0.08005441 0.01128314 0.02734830
v -0.09511528 0.01131506 0.01771216
v -0.09461368 0.01140025 0.03445932
v -0.11165830 0.01140339 0.02818744
v -0.10964923 0.01133308 0.00685277
v -0.09471130 0.01130081 -0.00364503
v -0.09792482 0.01136767 -0.03070053
v -0.08321663 0.01141139 -0.04656588
v -0.10848023 0.01132193 -0.01594023
v -0.11646913 0.01140980 -0.02974566
v -0.09990772 0.01152134 -0.05124334
v -0.13200425 0.01137819 -0.01611581
v -0.13185003 0.01144614 -0.02599137
v -0.13213198 0.01155843 -0.04539054
v -0.12317890 0.01158102 -0.05036791
v -0.14314173 0.01151595 -0.02742022
v -0.14734185 0.01161012 -0.05743394
v -0.15550916 0.01162406 -0.03261014
v -0.15694974 0.01151515 -0.01552339
v -0.15649863 0.01149998 -0.00570124
v -0.13062415 0.01138832 -0.00273130
v -0.11965322 0.01132913 -0.00804363
v -0.12606676 0.01138466 0.01458088
v -0.13561277 0.01141287 0.00398706
v -0.15801562 0.01151182 0.00338629
v -0.14742002 0.01147148 0.01348712
v -0.15687951 0.01155100 0.01859634
v -0.13126016 0.01145087 0.02520652
v -0.13088684 0.01154975 0.04143836
v -0.15024628 0.01166697 0.04588343
v -0.14365561 0.01178607 0.06179052
v -0.12414337 0.01163305 0.05141181
v -0.12956294 0.01183007 0.06350368
v -0.11192470 0.01176237 0.06173666
v -0.10894201 0.01152622 0.04374636
v -0.09970957 0.01176139 0.07073241
v -0.11815399 0.01199956 0.07149921
v -0.10741220 0.01196867 0.09116971
v -0.09226199 0.01185057 0.09030492
v -0.08430785 0.01167121 0.07090486
v -0.08340488 0.01181339 0.09536419
v -0.06871062 0.01160664 0.07823731
v -0.06195132 0.01165704 0.09650926
v -0.04645926 0.01145266 0.08084922
v -0.04449607 0.01156856 0.11043349
v -0.02828407 0.01146088 0.11003505
v -0.02084024 0.01135876 0.09391239
v -0.00918305 0.01139667 0.10496135
v -0.01045107 0.01128536 0.08306140
v 0.00650604 0.01131102 0.08581256
v 0.00550710 0.01141938 0.10760609
v 0.01827343 0.01146337 0.11073730
v 0.02532534 0.01137872 0.08865353
v 0.03695210 0.01147132 0.09632496
v 0.03771017 0.01130780 0.06249229
v 0.05020601 0.01141053 0.07601095
v 0.04871378 0.01152224 0.10181587
v 0.05909018 0.01155337 0.10131255
v 0.06710003 0.01150782 0.08586694
v 0.07663204 0.01154596 0.09483507
v 0.08146822 0.01147785 0.07380163
v 0.09226275 0.01152946 0.08521084
v 0.10122842 0.01151813 0.07149191
v 0.11257149 0.01157483 0.08608630
v 0.10747891 0.01151078 0.10718222
v 0.12359330 0.01141323 0.11125863
v 0.12442970 0.01153811 0.08809747
v 0.12919295 0.01143981 0.10278172
v 0.13198312 0.01142232 0.10054572
v 0.13540380 0.01141529 0.09681202
v 0.13878977 0.01146346 0.07901924
v 0.12506570 0.01156272 0.07847037
v 0.11774385 0.01136411 0.11730213
v 0.11119085 0.01142387 0.12372287
v 0.10665746 0.01147560 0.12600556
v 0.07625873 0.01168546 0.12483899
v 0.08747767 0.01160165 0.11066221
v 0.06848256 0.01166731 0.11668528
v 0.06713329 0.01165380 0.12396013
v 0.07616817 0.01156568 0.13817725
v 0.08449955 0.01149957 0.14293675
v 0.10159240 0.01147200 0.12991576
v 0.09396891 0.01146588 0.13708954
v 0.08104356 0.01147975 0.14482011
v 0.07689741 0.01152813 0.14731698
v 0.06275886 0.01157813 0.14435226
v 0.05183805 0.01160939 0.13830443
v 0.05639055 0.01161718 0.11974983
v 0.04376142 0.01158349 0.11569181
v 0.04331211 0.01161048 0.12887920
v 0.01936179 0.01155576 0.13001107
v 0.02828734 0.01158949 0.14242271
v 0.03950895 0.01158338 0.15437579
v 0.05439172 0.01152785 0.15639795
v 0.04410284 0.01149963 0.16096222
v 0.05021546 0.01150149 0.15895788
v 0.03898876 0.01149599 0.16140732
v 0.01735692 0.01155245 0.15047069
v 0.03504311 0.01148883 0.16297020
v 0.02785519 0.01149980 0.16405514
v 0.00388459 0.01150726 0.16159926
v -0.00010567 0.01154877 0.15641461
v 0.00524527 0.01151634 0.12396834
v -0.00099536 0.01145198 0.11670988
v -0.01138285 0.01146369 0.12401012
v -0.00870155 0.01154843 0.15642945
v -0.01768057 0.01153042 0.14339389
v -0.02601141 0.01152667 0.13199231
v -0.03706999 0.01153091 0.12060184
v -0.04125831 0.01160031 0.14063354
v -0.05579074 0.01166364 0.11931777
v -0.05895393 0.01165338 0.14584687
v -0.06540724 0.01176388 0.12804995
v -0.06061086 0.01167429 0.10735969
v -0.07106613 0.01186658 0.11803927
v -0.07304969 0.01184721 0.12888160
v -0.07480527 0.01180797 0.14102328
v -0.08078831 0.01187405 0.13735665
v -0.08990439 0.01193670 0.11953469
v -0.08692721 0.01192820 0.11203960
v -0.10375272 0.01198177 0.10577678
v -0.10219043 0.01192683 0.12087982
v -0.11518770 0.01206092 0.10549190
v -0.09481768 0.01178355 0.13610637
v -0.10216829 0.01177589 0.12946764
v -0.10643342 0.01172915 0.12805444
v -0.11138383 0.01189188 0.11864915
v -0.11866242 0.01194548 0.11192187
v -0.12802942 0.01184933 0.10629665
v -0.13192984 0.01193122 0.09878241
v -0.09092947 0.01175757 0.13947046
v -0.08625867 0.01180422 0.13913989
v -0.08111679 0.01179379 0.14455961
v -0.04236463 0.01152937 0.15937300
v -0.03195876 0.01146621 0.16315323
v -0.01390430 0.01147693 0.16541365
v -0.00418754 0.01143785 0.16543828
v 0.00429545 0.01149941 0.16539818
v 0.06281206 0.01151917 0.15423706
v 0.06784625 0.01148698 0.15226138
v 0.07335687 0.01146306 0.14990555
v 0.11153146 0.01155532 0.06779778
v 0.10092676 0.01146759 0.05724815
v 0.08538253 0.01141825 0.05147957
v 0.10165649 0.01140334 0.03100810
v 0.07933348 0.01132600 0.03344747
v 0.08469828 0.01129383 0.01645903
v 0.07822885 0.01126602 0.00325615
v 0.09964355 0.01132650 0.00435141
v 0.05808966 0.01127120 0.03654359
v 0.05669856 0.01129729 0.05032703
v 0.04609469 0.01124055 0.03981673
v 0.04400751 0.01118793 0.02110001
v 0.02874732 0.01116002 0.02383838
v 0.02286334 0.01105904 0.01242353
v 0.02108653 0.01109118 0.03425143
v 0.00983267 0.01092902 0.00988994
v 0.01340138 0.01097564 -0.00385140
v 0.01217106 0.01116114 0.05302397
v 0.02280881 0.01126240 0.06598339
v 0.03859487 0.01123156 0.04754035
v 0.02930580 0.01115791 0.03387441
v -0.00163994 0.01119517 0.06165077
v 0.06519362 0.01140868 0.06522177
v -0.03295373 0.01123946 0.05940712
v -0.04179075 0.01136174 0.06674239
v -0.06002717 0.01145086 0.06106254
v -0.06073203 0.01132229 0.04803072
v -0.08493885 0.01155931 0.05575288
v -0.09381169 0.01151288 0.04766303
v -0.12502766 0.01203716 0.09009556
v -0.12520804 0.01204735 0.07290801
v -0.13870491 0.01203320 0.07429674
v -0.15144730 0.01174100 0.06507407
v -0.15529656 0.01165188 0.05824725
v -0.15592147 0.01162275 0.05437373
v -0.15970072 0.01162325 0.04199938
v -0.15588297 0.01164240 0.02702847
v -0.16140522 0.01165825 0.03488716
v -0.14724976 0.01186201 0.07275249
v -0.14483057 0.01192554 0.08024059
v -0.14334850 0.01194146 0.08133962
v -0.16399531 0.01147040 -0.01948041
v -0.16526334 0.01140417 -0.00118847
v -0.16364393 0.01149706 0.01714819
v -0.16150376 0.01158325 -0.03475000
v -0.16074465 0.01159055 -0.03985324
v -0.00182914 0.01075704 -0.00577414
v 0.00057371 0.01077802 -0.00576799
v 0.08291529 0.01128052 -0.01852319
v 0.06836785 0.01128266 -0.03842478
v 0.09253366 0.01129210 -0.01189647
v 0.10867411 0.01150946 0.04992266
v 0.14129445 0.01152073 0.06550884
v 0.12488928 0.01160874 0.06965516
v 0.14148174 0.01153361 0.05005818
v 0.13003810 0.01154210 0.04204781
v 0.15688692 0.01147358 0.00264333
v 0.14402835 0.01151951 0.02787437
v 0.14315473 0.01149655 0.01382799
v 0.11412341 0.01145940 0.02401545
v 0.12874715 0.01148957 0.01946798
v 0.12092932 0.01143662 0.00358409
v 0.11098296 0.01140462 0.00514504
v 0.11325152 0.01139018 -0.01721817
v 0.10126016 0.01132373 -0.02662743
v 0.10961428 0.01139183 -0.03515448
v 0.10650384 0.01139689 -0.05237975
v 0.13796170 0.01147820 -0.01719953
v 0.12732823 0.01143072 -0.01285938
v 0.12295008 0.01145697 -0.03742798
v 0.13786075 0.01146811 0.00148593
v 0.15515754 0.01145242 -0.04056428
v 0.16332705 0.01132892 -0.03233244
v 0.16185246 0.01131901 -0.03968254
v 0.15955737 0.01136822 -0.04538601
v 0.14591926 0.01149005 -0.02279629
v 0.13305037 0.01150037 -0.04827188
v 0.14749187 0.01149235 -0.03971067
v 0.11849370 0.01146629 -0.05863727
v 0.12730852 0.01149598 -0.06802372
v 0.11288081 0.01145899 -0.06908260
v 0.10382989 0.01140056 -0.06983063
v 0.08904313 0.01133441 -0.04660231
v 0.09439003 0.01140304 -0.07587960
v 0.13152885 0.01144122 -0.08563254
v 0.11430725 0.01147324 -0.08282489
v 0.10564282 0.01145730 -0.10052551
v 0.12239791 0.01142991 -0.09577563
v 0.12802185 0.01133857 -0.10270005
v 0.13276236 0.01129044 -0.10014863
v 0.13731183 0.01125322 -0.09399599
v 0.13932656 0.01123263 -0.09099669
v 0.13670121 0.01140244 -0.07819445
v 0.14072934 0.01120777 -0.08844434
v 0.12362035 0.01132299 -0.11183091
v 0.11738817 0.01136180 -0.11353536
v 0.10533036 0.01149875 -0.11722960
v 0.08751796 0.01153401 -0.11019730
v 0.08831351 0.01160754 -0.13182476
v 0.10130751 0.01145241 -0.13155247
v 0.10638993 0.01140325 -0.12831703
v 0.10949740 0.01136621 -0.12581155
v 0.11306620 0.01131778 -0.12275741
v 0.11826377 0.01127384 -0.11764888
v 0.09807756 0.01142547 -0.13479862
v 0.09045146 0.01144591 -0.14007835
v 0.08733597 0.01148750 -0.14162795
v 0.08490246 0.01151485 -0.14313692
v 0.07970310 0.01159697 -0.13992035
v 0.08209033 0.01151026 -0.14407204
v 0.07146551 0.01163961 -0.12333478
v 0.06460883 0.01165971 -0.14282471
v 0.07434686 0.01151401 -0.14854532
v 0.06819685 0.01142604 -0.15251893
v 0.05456412 0.01161502 -0.12767704
v 0.04563463 0.01166064 -0.14316002
v 0.03893796 0.01170587 -0.15591142
v 0.04693425 0.01163784 -0.15853256
v 0.05185390 0.01158573 -0.15784504
v 0.05779577 0.01152314 -0.15629651
v 0.06286276 0.01152876 -0.15398291
v 0.04356071 0.01166496 -0.16008797
v 0.02652891 0.01163509 -0.14199059
v 0.01109691 0.01167993 -0.15493849
v 0.01570076 0.01159907 -0.14325498
v 0.00480836 0.01152445 -0.13759921
v -0.00107342 0.01160243 -0.15546356
v 0.00899977 0.01162391 -0.16537847
v 0.02049766 0.01164697 -0.16403045
v 0.02717699 0.01161484 -0.16271950
v 0.03443341 0.01162140 -0.16129853
v 0.04152868 0.01163612 -0.16117671
v -0.00208483 0.01155060 -0.16536579
v -0.00115759 0.01142873 -0.12234807
v -0.00647957 0.01146762 -0.13042215
v -0.01729191 0.01163166 -0.14622954
v -0.03030791 0.01171367 -0.15041202
v -0.03379584 0.01172434 -0.16155146
v -0.01788468 0.01169359 -0.16406941
v -0.04335168 0.01172787 -0.15964632
v -0.04433086 0.01171818 -0.15005112
v -0.05140613 0.01166592 -0.15803668
v -0.05636736 0.01164411 -0.15603040
v -0.06434935 0.01164980 -0.15309857
v -0.06092143 0.01175307 -0.14398715
v -0.06919112 0.01170449 -0.15119478
v -0.07203759 0.01183408 -0.13847776
v -0.07711264 0.01174972 -0.14635311
v -0.08362653 0.01181704 -0.13186972
v -0.08081313 0.01177154 -0.14484502
v -0.08349010 0.01180005 -0.11674404
v -0.10388269 0.01183097 -0.12099508
v -0.09610809 0.01176935 -0.10561952
v -0.11049702 0.01181752 -0.11549733
v -0.10648733 0.01177029 -0.09739795
v -0.08762131 0.01164377 -0.08624785
v -0.10037068 0.01165711 -0.07332999
v -0.11547580 0.01177687 -0.08079740
v -0.12063410 0.01181224 -0.10457376
v -0.13364843 0.01179365 -0.08097094
v -0.13254772 0.01174652 -0.09458776
v -0.12750135 0.01168539 -0.10682391
v -0.14103000 0.01164466 -0.08578126
v -0.14376116 0.01165682 -0.08103947
v -0.12216276 0.01184982 -0.07225277
v -0.10584837 0.01168238 -0.06419344
v -0.07510823 0.01163513 -0.09302808
v -0.07165428 0.01172681 -0.10806710
v -0.06354892 0.01151938 -0.08497861
v -0.05992621 0.01161407 -0.10482895
v -0.04652342 0.01150292 -0.10173083
v -0.06085620 0.01172020 -0.12386975
v -0.04657007 0.01164057 -0.12808625
v -0.03963201 0.01157572 -0.12520602
v -0.02642696 0.01143162 -0.11262546
v -0.03834468 0.01138744 -0.08530104
v -0.02626802 0.01152247 -0.12725955
v -0.01375695 0.01137100 -0.11243361
v -0.02636227 0.01159809 -0.13541898
v -0.01754311 0.01129937 -0.09569451
v -0.00745250 0.01129787 -0.10382062
v 0.00307013 0.01135411 -0.11024392
v 0.01004691 0.01129873 -0.09994612
v 0.01368362 0.01142018 -0.11816189
v 0.01940940 0.01135637 -0.10750195
v 0.03692826 0.01149394 -0.11579519
v 0.04862328 0.01142901 -0.09942204
v 0.05783455 0.01148519 -0.10651516
v 0.07230844 0.01149928 -0.10591641
v 0.06504277 0.01160438 -0.11552078
v 0.08123294 0.01144407 -0.09438245
v 0.04068311 0.01159906 -0.13160107
v 0.02672498 0.01153346 -0.12899339
v 0.02408373 0.01133119 -0.09100001
v -0.00503351 0.01125929 -0.08930556
v -0.06602299 0.01177943 -0.11408568
v -0.07994679 0.01154913 -0.07262921
v -0.09578499 0.01176441 -0.13589711
v -0.09090117 0.01170073 -0.13921972
v 0.08093604 0.01133444 -0.05967412
v 0.07926378 0.01136383 -0.07913183
v 0.04027076 0.01137578 -0.08907239
v 0.00855185 0.01128286 -0.08225270
v -0.00111602 0.01124787 -0.06934627
v -0.01577814 0.01125237 -0.07492349
v -0.04733706 0.01136073 -0.06613834
v -0.06732724 0.01145841 -0.06705139
v -0.11267221 0.01163056 -0.05700227
v -0.13016732 0.01173889 -0.06757064
v -0.14490810 0.01169389 -0.07642016
v -0.15939407 0.01147938 -0.04569305
v -0.15704635 0.01148984 -0.05258415
v -0.15402582 0.01154215 -0.06046356
v -0.14874929 0.01163711 -0.06814052
v -0.14453970 0.01170596 -0.06650285
v 0.14450824 0.01147599 -0.06092557
v 0.14809252 0.01127921 -0.07414366
v 0.15094237 0.01125304 -0.07000964
v 0.14385435 0.01123605 -0.08206736
v 0.14181086 0.01125669 -0.08518287
v 0.15294963 0.01137805 -0.06191534
v 0.14953126 0.01149044 0.04551513
v 0.15579925 0.01147205 0.03003738
v 0.15983249 0.01142768 0.04253330
v 0.15872590 0.01137848 0.04907202
v 0.15692283 0.01136186 0.05336232
v 0.16407625 0.01140756 0.02511822
v 0.16354072 0.01132839 0.03231044
v 0.16196193 0.01135648 0.03792741
v 0.16444588 0.01143610 0.00476886
v 0.16542891 0.01143443 -0.00318953
v 0.16509627 0.01135834 -0.02162425
v 0.15506978 0.01144431 0.05912694
v 0.15148392 0.01137001 0.06841744
v 0.15387222 0.01141136 0.06302038
v 0.14988595 0.01137414 0.07180979
v 0.14839838 0.01134638 0.07500340
v 0.14627431 0.01135538 0.07756393
v 0.14444068 0.01136270 0.08167370
v 0.14296311 0.01139744 0.08420017
v 0.12077637 0.01154252 0.04870167
v -0.11125952 0.01172224 0.12362071
v -0.11812930 0.01176958 0.11665805
v -0.12401967 0.01178924 0.11065819
v -0.03859165 0.01151249 0.16227236
v 0.14011022 0.01135496 0.08979125
v -0.11751062 0.01176245 -0.11226273
v -0.10244840 0.01170138 -0.13048322
v -0.10750142 0.01168167 -0.12704319
v -0.11688814 0.01162940 -0.11793573
v -0.12387497 0.01162344 -0.11087129
v 0.00471022 0.01083106 0.00430454
v -0.00382639 0.01080306 -0.00478904
v -0.00532369 0.01083321 -0.00327703
v -0.00626650 0.01081636 -0.00152703
v -0.07259397 0.01162724 0.14975241
v -0.06929307 0.01161760 0.15129042
v 0.15794674 0.01130429 -0.05172237
v 0.15560611 0.01129172 -0.05875394
v -0.05135632 0.01148171 0.15791957
v -0.05987706 0.01146148 0.15539959
v -0.06644108 0.01149453 0.15281193
v -0.04417960 0.01147883 0.16094100
v -0.07788642 0.01163642 0.14701095
v 0.07900422 0.01141321 -0.14687306
v 0.10069051 0.01142879 0.13238110
v 0.12745470 0.01138780 0.10736953
v -0.00293806 0.01073336 0.00596718
v 0.12687720 0.01127939 -0.10816590
v -0.05565646 0.01148039 0.15687630
v -0.13902023 0.01182557 0.09121743
v -0.14316092 0.01182515 0.08376138
v 0.16537575 0.01132657 0.02318134
v -0.14982836 0.01184187 0.06970354
v 0.10554928 0.01139145 0.12902421
v -0.08573698 0.01163146 0.14284475
v 0.13063674 0.01118091 -0.10359529
v 0.05947789 0.01148791 0.15570983
v -0.15168622 0.01149654 -0.06769168
v -0.14690909 0.01157501 -0.07510253
v -0.16350576 0.01152414 0.02906292
v -0.16532065 0.01139739 0.01440959
v -0.16452271 0.01142834 0.02264793
v -0.13860415 0.01157434 -0.09103621
v -0.13416570 0.01169395 -0.09764121
v -0.13066298 0.01158530 -0.10273688
v 0.02519819 0.01142192 0.16535139
v -0.09903616 0.01169658 0.13377979
v -0.16116731 0.01152762 0.04115496
v -0.16531202 0.01137080 -0.01489579
v -0.02578587 0.01135337 0.16525339
v -0.01636474 0.01158230 -0.16528901
v -0.04113915 0.01162302 -0.16119237
v -0.16326632 0.01144630 -0.03006918
v -0.14960583 0.01166207 0.07276087
v -0.14630434 0.01181105 0.07866038
v 0.02605349 0.01151694 -0.16390099
v 0.16051626 0.01121425 0.04784837
v -0.15784959 0.01150529 0.05159610
v -0.15979224 0.01153225 0.04509786
v -0.15148260 0.01166723 0.06900147
v -0.15281653 0.01159835 0.06621784
v -0.15402490 0.01160279 0.06217349
v -0.09923963 0.01167454 -0.13376182
v 0.08927580 0.01145754 0.14024219
v -0.10358800 0.01156201 0.13059919
v 0.15330340 0.01107811 -0.06768771
v 0.13138792 0.01111732 0.10406828
v 0.16112436 0.01114543 0.04551499
v -0.16263165 0.01153834 0.03332237
v 0.16517621 0.01110546 0.02867045
v -0.06048484 0.01158382 -0.15499657
v -0.02692619 0.01170004 -0.16271667
v -0.02465919 0.01166953 -0.16390580
v -0.13616264 0.01186111 0.09566644
v -0.04671212 0.01156156 -0.15980294
v -0.09600874 0.01166274 0.13611190
v 0.14242619 0.01100518 -0.08673732
v 0.05787956 0.01129097 0.15702462
v -0.15703788 0.01133964 0.05563243
v -0.08644776 0.01165842 -0.14215827
v -0.02028763 0.01129760 -0.16535118
v 0.13331243 0.01110193 0.10152537
v 0.02147453 0.01137822 -0.16525491
v 0.09466659 0.01132407 0.13745189
v 0.15698701 0.01109285 -0.05771612
v -0.15607825 0.01143357 -0.05619521
v 0.15574893 0.01108360 -0.06124874
v 0.16297705 0.01099586 -0.04056966
v -0.16511054 0.01109281 -0.02319227
v 0.14397202 0.01110057 0.08518137
v 0.15869460 0.01105566 0.05272937
v -0.16095932 0.01116774 0.04362740
v 0.02952933 0.01111778 0.16523807
v -0.05669000 0.01140363 -0.15703100
v 0.08760464 0.01121146 0.14251234
v 0.08981008 0.01117454 0.14115325
v 0.15831074 0.01107215 -0.05381924
v -0.16260794 0.01124536 0.03640316
v 0.16238368 0.01109605 0.04085176
v -0.14659518 0.01122539 -0.07738540
v 0.08290781 0.01119058 -0.14505556
v 0.15873469 0.01089630 -0.05353787
v 0.16637750 0.01111566 -0.01225797
v 0.16654845 0.01115234 -0.00235545
v -0.03505442 0.01141068 -0.16261467
v 0.16382362 0.01108197 0.03501214
v 0.07127097 0.01138287 -0.15091881
v 0.07340165 0.01116787 -0.15060644
v 0.13850906 0.01104084 -0.09348684
v -0.00418946 0.01119353 0.16633411
v 0.06514423 0.01112664 0.15469956
v -0.06431036 0.01123290 0.15454751
v -0.02325160 0.01114734 0.16603811
v 0.12945193 0.01094149 -0.10631507
v 0.06528364 0.01119346 -0.15428998
v 0.07136714 0.01106050 0.15218596
v 0.12517451 0.01111406 0.11090282
v 0.05398206 0.01112684 -0.15857087
v 0.06902049 0.01098432 -0.15318547
v 0.08090546 0.01118353 0.14597741
v 0.01665770 0.01122560 -0.16604887
v -0.05719418 0.01122577 0.15713128
v -0.04068857 0.01122397 0.16262154
v 0.08623519 0.01101599 -0.14366455
v -0.14171861 0.01169257 0.08715553
v 0.13610698 0.01100948 0.09779787
v 0.10834243 0.01117298 -0.12752381
v 0.10610858 0.01101346 -0.12986141
v 0.10825461 0.01113719 0.12751867
v 0.11099982 0.01113095 0.12509578
v 0.16443789 0.01085978 0.03402676
v 0.12011544 0.01108309 0.11616197
v 0.11816151 0.01115965 0.11797088
v -0.14231434 0.01123919 -0.08576100
v -0.14397895 0.01120148 -0.08223072
v -0.16602036 0.01114481 0.01403317
v -0.16604534 0.01110438 -0.01410921
v -0.04336854 0.01116568 -0.16120405
v -0.07732063 0.01126875 -0.14764722
v 0.09271678 0.01117933 -0.13934962
v -0.16169518 0.01113490 -0.04090858
v -0.16101278 0.01115044 -0.04272062
v -0.15926148 0.01117101 0.04999897
v -0.16025257 0.01109092 0.04698440
v 0.04348063 0.01132551 -0.16110751
v 0.09669149 0.01108115 -0.13683134
v 0.12218045 0.01093052 -0.11472171
v 0.07415267 0.01097323 0.15078534
v -0.05656882 0.01101672 0.15768196
v -0.07024916 0.01112408 0.15210947
v -0.15582107 0.01109709 -0.05881694
v -0.15754586 0.01102895 -0.05457595
v -0.08029000 0.01124610 0.14623268
v -0.07564504 0.01113361 0.14922711
v 0.11525575 0.01090366 -0.12181813
v 0.11795967 0.01097706 -0.11887249
v 0.09076846 0.01108948 -0.14077631
v -0.16361614 0.01114093 -0.03127523
v -0.14933723 0.01112273 -0.07300718
v 0.02538456 0.01109653 0.16599962
v -0.15979216 0.01106826 -0.04711293
v -0.15557039 0.01122291 0.05974028
v -0.04777336 0.01114350 -0.16031051
v -0.05299825 0.01117929 -0.15832905
v 0.03585266 0.01101814 -0.16317232
v -0.01940711 0.01109023 -0.16577119
v 0.13202518 0.01058222 -0.10323463
v -0.09269677 0.01118075 -0.13897204
v -0.08873764 0.01120417 -0.14151450
v -0.13646632 0.01123826 -0.09538906
v -0.13930613 0.01121530 -0.09105162
v 0.02096401 0.01109087 -0.16576777
v -0.08263380 0.01118043 -0.14482455
v -0.03452593 0.01105198 -0.16320106
v -0.15184341 0.01114116 -0.06865317
v -0.15059653 0.01101257 -0.07085883
v -0.16312081 0.01088096 0.03573747
v 0.07885058 0.01103351 -0.14761147
v 0.08111151 0.01092313 -0.14638488
v 0.09471651 0.01096747 -0.13834415
v -0.13783228 0.01127063 0.09441392
v -0.10006003 0.01105449 -0.13415755
v -0.15079544 0.01117982 0.07163485
v 0.15960862 0.00660272 -0.07062443
v 0.15768950 0.01816208 -0.07513046
v 0.16005479 0.01777572 -0.06997935
v 0.16156183 0.00694444 -0.06612843
v 0.16168858 0.01802563 -0.06602328
v 0.15446016 0.01826495 -0.08162109
v 0.15449171 0.00611468 -0.08130398
v 0.15225738 0.01820217 -0.08576579
v 0.14892323 0.00613706 -0.09125247
v 0.14978603 0.01846240 -0.09002568
v 0.14565709 0.01171346 -0.09670155
v 0.14613672 0.01820155 -0.09616557
v 0.16107975 0.01915922 -0.06733014
v 0.16415678 0.01753057 -0.05956065
v 0.16458453 0.00667864 -0.05807108
v 0.16726236 0.01107538 -0.05089045
v 0.16712400 0.01783259 -0.05132384
v 0.16767077 0.00608361 -0.04900337
v 0.16825160 0.00673815 -0.04712053
v 0.17019558 0.01776028 -0.04034064
v 0.16986080 0.00676594 -0.04130933
v 0.16956024 0.00609285 -0.04211494
v 0.14348422 0.00609001 -0.09965957
v 0.15517080 0.01913952 -0.07989576
v 0.17156528 0.00662447 -0.03375901
v 0.17167938 0.01665096 -0.03380249
v 0.17167920 0.01899659 -0.03305689
v 0.16706464 0.01914649 -0.05081324
v 0.16883372 0.01956727 -0.04413251
v 0.17041089 0.01946832 -0.03785291
v 0.15850765 0.01975036 -0.07242736
v 0.15142682 0.01945481 -0.08680356
v 0.14063640 0.00930946 -0.10369506
v 0.13954586 0.01809378 -0.10523768
v 0.13987407 0.00610838 -0.10460662
v 0.13587838 0.00981243 -0.11011375
v 0.13426964 0.01812791 -0.11234789
v 0.13336691 0.00984051 -0.11325213
v 0.14571880 0.01909600 -0.09655537
v 0.14234681 0.01941246 -0.10108630
v 0.13144696 0.00606808 -0.11526428
v 0.13639277 0.01935159 -0.10918423
v 0.12794888 0.00663462 -0.11921239
v 0.12911090 0.01829099 -0.11814145
v 0.17153347 0.00613046 -0.03338272
v 0.12377200 0.01816553 -0.12386418
v 0.13295895 0.01925931 -0.11365891
v 0.17266354 0.01805520 -0.02713851
v 0.17260529 0.00655088 -0.02727317
v 0.17411087 0.00979040 -0.01737627
v 0.17407323 0.01729925 -0.01760195
v 0.17460336 0.00648608 -0.00902498
v 0.17328247 0.01952965 -0.02112602
v 0.17467730 0.01777926 -0.00753592
v 0.17500000 0.01772351 -0.00013125
v 0.13436894 0.01977414 -0.11140153
v 0.16563228 0.01965425 -0.05381780
v 0.13849641 0.01996641 -0.10538688
v -0.06523470 0.01939565 -0.16166858
v -0.06657272 0.01701681 -0.16157003
v -0.08191893 0.01747227 -0.15435988
v -0.08960815 0.01855248 -0.14997745
v -0.09307901 0.01934054 -0.14768177
v -0.10747094 0.01847561 -0.13784136
v -0.11299024 0.01926026 -0.13330729
v -0.06353911 0.01625648 -0.16270779
v -0.05526392 0.01604172 -0.16575605
v -0.05231699 0.01920643 -0.16650784
v -0.07234444 0.01776362 0.15921056
v -0.07547510 0.00632990 0.15768144
v -0.07239205 0.00679502 0.15913358
v -0.07698210 0.01753565 0.15696365
v -0.08179040 0.00885814 0.15451659
v -0.08349130 0.01799007 0.15361427
v -0.09015667 0.00686066 0.14987057
v -0.08902892 0.01827804 0.15053664
v -0.09371278 0.01826215 0.14784788
v -0.08247906 0.00610601 0.15401487
v -0.07794099 0.00608800 0.15633170
v -0.09610700 0.00675991 0.14620765
v -0.06524271 0.00676914 0.16207944
v -0.06644990 0.01622493 0.16162853
v -0.06689554 0.01846790 0.16136700
v -0.08108002 0.01838645 0.15477499
v -0.05933899 0.00913988 0.16425297
v -0.05439715 0.01802327 0.16609685
v -0.05222274 0.00666830 0.16684408
v -0.05783426 0.01859173 0.16477722
v -0.05963762 0.00604828 0.16402370
v -0.04858781 0.01666242 0.16796932
v -0.04650518 0.00666331 0.16856495
v -0.04049647 0.01562787 0.17025490
v -0.04331180 0.00903147 0.16945645
v -0.04356684 0.01882551 0.16931373
v -0.03871062 0.01872594 0.17060252
v -0.03845985 0.00918789 0.17066018
v -0.03922179 0.00595475 0.17028549
v -0.03270836 0.00663364 0.17177424
v -0.03400077 0.01645382 0.17161620
v -0.04912418 0.00598284 0.16764170
v -0.07057218 0.01878846 0.15975593
v -0.02917513 0.01925105 0.17231752
v -0.02685946 0.01765147 0.17280680
v -0.02732059 0.00660484 0.17269371
v -0.02057233 0.01859532 0.17366120
v -0.01693922 0.00868682 0.17412084
v -0.01527051 0.00590268 0.17415161
v -0.00974058 0.00840701 0.17462477
v -0.00696857 0.00662422 0.17473866
v -0.00866817 0.01825389 0.17466795
v -0.00007694 0.00654216 0.17491558
v 0.00091358 0.01838145 0.17497359
v -0.10117505 0.01830776 0.14272794
v -0.10270507 0.00690611 0.14155290
v -0.09759234 0.00634715 0.14512916
v -0.11016218 0.00688523 0.13581461
v -0.10063972 0.00615869 0.14288358
v -0.10919701 0.01823845 0.13651557
v -0.11570090 0.00883897 0.13134536
v -0.08767015 0.01932951 0.15091200
v -0.10973688 0.00627819 0.13588004
v 0.00983198 0.01840206 0.17464380
v 0.01064622 0.00868967 0.17455877
v 0.01685089 0.00652577 0.17403778
v 0.01346673 0.01922952 0.17435227
v 0.00042386 0.00593033 0.17464419
v -0.06802936 0.01932422 0.16039371
v -0.03234571 0.01931425 0.17153539
v 0.16396545 0.01876822 0.05999703
v 0.16380204 0.00663981 0.06031613
v 0.16548650 0.00654294 0.05535709
v 0.16507210 0.01860228 0.05687466
v 0.16646332 0.01854372 0.05301837
v 0.16756266 0.00686041 0.04934807
v 0.16760007 0.01811613 0.04961661
v 0.16196045 0.00665345 0.06546763
v 0.16196832 0.01813784 0.06582133
v 0.16169830 0.01014057 0.06640530
v 0.16022606 0.01809251 0.06996450
v 0.16839476 0.01805090 0.04654085
v 0.17046258 0.01818247 0.03913113
v 0.17189769 0.01804275 0.03305815
v 0.17175102 0.01012147 0.03310247
v 0.15921514 0.00609853 0.07176210
v 0.15749694 0.00609913 0.07573639
v 0.15749419 0.01807380 0.07590203
v 0.15490027 0.01824045 0.08126237
v 0.15484813 0.00666903 0.08110014
v 0.15534215 0.00604205 0.08004324
v 0.15092602 0.01808533 0.08853021
v 0.15129748 0.00679073 0.08749253
v 0.14839710 0.01860400 0.09283643
v 0.14602768 0.00627226 0.09633684
v 0.14600568 0.01812917 0.09676588
v 0.16803835 0.01920387 0.04708434
v 0.14335948 0.00620097 0.10027729
v 0.14102402 0.00889806 0.10370822
v 0.14314632 0.01860430 0.10081018
v 0.14034662 0.01792312 0.10475511
v 0.16033220 0.01889925 0.06920504
v 0.15756868 0.01902743 0.07508543
v 0.13466905 0.00725078 0.11196353
v 0.13494930 0.01802310 0.11183193
v 0.13514794 0.00605196 0.11115588
v 0.17298448 0.00600661 0.02340998
v 0.17401922 0.01053221 0.01708291
v 0.17282037 0.01803854 0.02616271
v 0.17397414 0.01772401 0.01721351
v 0.17171611 0.01899524 0.03291018
v 0.17449369 0.00641426 0.00989533
v 0.17457329 0.01907623 0.00869717
v 0.17366283 0.01945704 0.01780578
v 0.17499122 0.00646295 -0.00003944
v 0.17486757 0.01928332 0.00042765
v 0.17037407 0.01939001 0.03794569
v 0.16251430 0.01944133 0.06318916
v 0.17479438 0.00597527 0.00220127
v 0.14596441 0.01933185 0.09628405
v 0.14181758 0.01944443 0.10208948
v 0.12877390 0.01418449 0.11860386
v 0.12887852 0.00658433 0.11845208
v 0.16629583 0.01959438 0.05144078
v 0.17177258 0.01952059 0.03038608
v 0.15865628 0.01957884 0.07170821
v 0.06657255 0.01799276 -0.16146560
v 0.06575847 0.00649184 -0.16171981
v 0.06078238 0.00662112 -0.16351292
v 0.06091298 0.01791028 -0.16354938
v 0.05567608 0.01867866 -0.16548598
v 0.05707173 0.00587496 -0.16478911
v 0.05004023 0.01667410 -0.16734761
v 0.05346642 0.00583524 -0.16603608
v 0.04408659 0.00673622 -0.16906229
v 0.04441151 0.01793891 -0.16907617
v 0.05267418 0.01886234 -0.16641791
v 0.07156961 0.00594239 -0.15922923
v 0.07026533 0.01812703 -0.15990332
v 0.03963528 0.01884650 -0.17033115
v 0.03898276 0.00580081 -0.17032559
v 0.07764335 0.01199516 -0.15637815
v 0.08011594 0.01819586 -0.15532245
v 0.07500126 0.00595821 -0.15769933
v 0.07900692 0.00608666 -0.15574788
v 0.08286624 0.01291011 -0.15377061
v 0.08687051 0.00593952 -0.15154089
v 0.08868231 0.01826322 -0.15064275
v 0.06937906 0.01896612 -0.16015053
v 0.03410655 0.01821850 -0.17149377
v 0.03280517 0.00927176 -0.17164753
v 0.04442895 0.01926031 -0.16888261
v 0.09600690 0.01373585 -0.14612620
v 0.09553872 0.00593971 -0.14629245
v 0.09587698 0.01813190 -0.14632341
v 0.06640949 0.00589671 -0.16132557
v 0.06215698 0.01945510 -0.16277461
v 0.02737797 0.00719628 -0.17254312
v 0.02767234 0.01800292 -0.17254071
v 0.01589940 0.01716777 -0.17422360
v 0.01555932 0.00999011 -0.17425963
v 0.01661925 0.00579337 -0.17395675
v 0.09943336 0.00595674 -0.14367427
v 0.10194828 0.01802823 -0.14198370
v 0.10433239 0.00600133 -0.14007172
v 0.11010984 0.01762147 -0.13596600
v 0.11029704 0.00606571 -0.13560922
v 0.10080535 0.01947054 -0.14256963
v 0.11315966 0.00959216 -0.13334869
v 0.11740741 0.01827148 -0.12974617
v 0.12009004 0.00660919 -0.12713058
v 0.02162082 0.01947492 -0.17307045
v 0.01420898 0.01935898 -0.17407547
v 0.00946791 0.01781539 -0.17456806
v -0.00031374 0.01555584 -0.17497359
v -0.00033207 0.00953358 -0.17491914
v 0.00020805 0.00639430 -0.17484693
v -0.00006086 0.01916464 -0.17484617
v -0.01005165 0.01754487 -0.17454180
v -0.01167295 0.00641215 -0.17436086
v -0.01707967 0.01799326 -0.17403169
v -0.01482683 0.01935862 -0.17397381
v -0.01662827 0.00574306 -0.17399365
v 0.05397609 0.01956545 -0.16552125
v -0.02730777 0.01934689 -0.17254375
v -0.15698150 0.01468726 -0.07651102
v -0.15463653 0.01793037 -0.08127857
v -0.15452580 0.00671790 -0.08123467
v -0.15137234 0.01778652 -0.08724913
v -0.15119036 0.00608461 -0.08731491
v -0.14834841 0.00672486 -0.09231707
v -0.15626428 0.01879430 -0.07782380
v -0.15962812 0.01067061 -0.07059424
v -0.15961756 0.01866728 -0.07077195
v -0.16223525 0.01786804 -0.06460280
v -0.16347818 0.00658753 -0.06109129
v -0.16429190 0.01866097 -0.05922571
v -0.16615531 0.00882428 -0.05365997
v -0.16622916 0.01602045 -0.05382770
v -0.16716221 0.01896083 -0.05095185
v -0.16776462 0.01474753 -0.04915849
v -0.16571586 0.00606749 -0.05450880
v -0.16745795 0.00607185 -0.04928496
v -0.15505409 0.00605677 -0.07997028
v -0.16946675 0.01797495 -0.04330723
v -0.14594233 0.01841288 -0.09645475
v -0.14886667 0.00602444 -0.09117045
v -0.14110796 0.01772339 -0.10325868
v -0.14101805 0.00654519 -0.10317466
v -0.13700156 0.00657612 -0.10852755
v -0.13799594 0.01836507 -0.10748082
v -0.14129898 0.01860355 -0.10284971
v -0.13334842 0.01805011 -0.11340009
v -0.13196558 0.00612195 -0.11489286
v -0.13817132 0.00606363 -0.10682161
v -0.14278932 0.00606255 -0.10043862
v -0.16423061 0.00603367 -0.05861047
v -0.12800549 0.00611959 -0.11933467
v -0.12914850 0.01799730 -0.11812034
v -0.12378098 0.01789519 -0.12390238
v -0.11856776 0.01799734 -0.12874427
v -0.11804201 0.00609987 -0.12918603
v -0.13580543 0.01850417 -0.11014670
v -0.11307878 0.00606530 -0.13351059
v -0.11304515 0.01792505 -0.13364868
v -0.12175962 0.01922616 -0.12538052
v -0.11619874 0.01928363 -0.13038558
v -0.10565225 0.01645691 -0.13931461
v -0.10441350 0.00605000 -0.14004622
v -0.10239811 0.01848093 -0.14149523
v -0.09657862 0.01770748 -0.14580783
v -0.09612399 0.00602696 -0.14598659
v -0.13680910 0.01940851 -0.10810127
v -0.09281923 0.01206022 -0.14803950
v -0.09123851 0.00597729 -0.14893183
v -0.08778027 0.01615358 -0.15112036
v -0.09280144 0.01767078 -0.14821301
v -0.08431521 0.00654011 -0.15295386
v -0.16588451 0.01469613 -0.01477353
v -0.16607982 0.01465356 -0.00328721
v -0.16595586 0.01855820 -0.01474668
v -0.08385721 0.01392123 -0.14328948
v -0.08634170 0.01829059 -0.14196721
v -0.07709827 0.01834190 -0.14689885
v -0.07857230 0.01388800 -0.14626631
v -0.07300057 0.01384374 -0.14920262
v -0.07295020 0.01560334 -0.14910422
v -0.07151692 0.01845230 -0.14986631
v -0.06606591 0.01829590 -0.15248030
v -0.06524012 0.01383602 -0.15305898
v -0.09004558 0.01387057 -0.13975886
v -0.09366072 0.01656648 -0.13757041
v -0.09395158 0.01388024 -0.13746847
v -0.09030574 0.01906493 -0.13973908
v -0.09908364 0.01826185 -0.13375385
v -0.09491657 0.01925479 -0.13709992
v 0.16526456 0.01821795 -0.01955035
v 0.16513842 0.01466469 -0.02353991
v 0.16447207 0.01941446 -0.02611884
v 0.16598973 0.01377692 -0.01556206
v 0.16568474 0.01778645 -0.01418866
v 0.16623506 0.01453500 -0.00460209
v 0.16604030 0.01920306 -0.00128047
v 0.16626585 0.01676849 -0.00028735
v 0.16607861 0.01952525 0.00148084
v 0.16601890 0.01786206 0.01038531
v 0.16607827 0.01374961 0.01499903
v 0.16534187 0.01959026 -0.01883192
v 0.16397448 0.01763272 -0.02926592
v 0.16419055 0.01373514 -0.03096631
v 0.16604263 0.01988826 0.01034420
v -0.08088326 0.00686621 -0.14687654
v -0.08340277 0.00827141 -0.14509396
v -0.08360352 0.00665991 -0.14548448
v -0.08731947 0.00827990 -0.14300656
v -0.07966373 0.01121723 -0.14655362
v -0.08642986 0.00666643 -0.14388555
v -0.08931879 0.00669389 -0.14230946
v -0.08521104 0.01117717 -0.14362973
v -0.07805160 0.00929248 -0.14771916
v -0.07378631 0.01112931 -0.14971797
v -0.07818242 0.00677434 -0.14823017
v -0.07389387 0.00801904 -0.15003681
v -0.06984796 0.01110944 -0.15180509
v -0.07034374 0.00690645 -0.15235412
v -0.07414077 0.00667469 -0.15026528
v -0.06727439 0.00869969 -0.15336777
v -0.09276080 0.00820142 -0.13954628
v -0.09528575 0.01034734 -0.13749290
v -0.09875179 0.00694747 -0.13596748
v -0.09766992 0.01121821 -0.13573700
v -0.09346467 0.00636827 -0.13974260
v -0.09681714 0.00615293 -0.13767301
v -0.10301139 0.00833218 -0.13248324
v -0.10202995 0.00665494 -0.13368192
v -0.10406538 0.00654891 -0.13222887
v -0.06714262 0.01136107 -0.15282069
v -0.10099642 0.00620201 -0.13495292
v -0.08097302 0.00628715 -0.14753874
v -0.07408284 0.00623307 -0.15083456
v -0.07394512 0.01156173 -0.14906214
v -0.14129378 0.01827075 -0.08706066
v -0.14320891 0.01831861 -0.08383105
v -0.14239712 0.01393695 -0.08514741
v -0.14102323 0.01388504 -0.08775720
v -0.13978314 0.01829263 -0.08951511
v -0.13839239 0.01387295 -0.09173393
v -0.13701542 0.01680255 -0.09388770
v -0.13678233 0.01387079 -0.09446909
v -0.14515783 0.01825077 -0.08014753
v -0.14744262 0.01822781 -0.07595330
v -0.14905553 0.01397914 -0.07309771
v -0.14943954 0.01883133 -0.07237446
v -0.15094291 0.01825322 -0.06926171
v -0.15146549 0.01470214 -0.06863997
v -0.15205806 0.01393257 -0.06774895
v -0.13830006 0.01894527 -0.09214847
v -0.13617636 0.01840273 -0.09526480
v -0.15230571 0.01829038 -0.06615211
v -0.13295743 0.01656025 -0.09943797
v -0.13151839 0.01848652 -0.10134146
v -0.12807511 0.01628298 -0.10546395
v -0.15311936 0.01398252 -0.06504306
v -0.15331182 0.01822687 -0.06374530
v -0.15427269 0.01396891 -0.06212775
v -0.15497200 0.01847306 -0.06010147
v -0.15605715 0.01847935 -0.05711628
v -0.15711583 0.01396420 -0.05463630
v -0.15760830 0.01840765 -0.05290682
v -0.15843786 0.01392703 -0.05089259
v -0.15872528 0.01831393 -0.04989236
v -0.16047110 0.01847711 -0.04453487
v -0.16095473 0.01504033 -0.04254321
v -0.16176246 0.01844389 -0.03949502
v -0.16234735 0.01478672 -0.03764064
v -0.16318126 0.01837155 -0.03450328
v -0.13611424 0.01913444 -0.09568998
v -0.16374339 0.01485100 -0.03200932
v -0.16442201 0.01840552 -0.02831818
v -0.15659800 0.01931895 -0.05694392
v -0.15113537 0.01913859 -0.06951246
v -0.15242562 0.01919032 -0.06682933
v -0.14704651 0.01914437 -0.07746000
v -0.13221559 0.01927475 -0.10099804
v -0.14163789 0.01924764 -0.08723728
v -0.14271434 0.01914448 -0.08510252
v -0.14555457 0.01930001 -0.08042511
v -0.13977034 0.01930469 -0.09034078
v -0.15383665 0.01923445 -0.06383099
v -0.15788528 0.01927080 -0.05318551
v -0.15931787 0.01916977 -0.04969055
v -0.16042890 0.01918892 -0.04509999
v -0.16114996 0.01923177 -0.04393865
v -0.16204593 0.01926558 -0.03958921
v -0.12560531 0.01923943 -0.10883891
v -0.16452019 0.01915426 -0.02914152
v -0.16508317 0.01836800 -0.02397724
v -0.16536981 0.01483556 -0.02168415
v -0.00771333 0.02602877 0.00202136
v 0.00081521 0.02596658 0.00559667
v 0.00141744 0.02611652 -0.00064402
v -0.00459775 0.02592274 -0.00491452
v 0.00394052 0.02604195 -0.00216781
v 0.00388360 0.02588421 0.00332712
v -0.00679973 0.02575807 -0.00345984
v -0.00155096 0.02567387 0.00719588
v -0.00791283 0.02550582 -0.00234959
v -0.00410451 0.01007831 0.16672537
v -0.01135973 0.00992488 0.16657335
v 0.01115734 0.01043225 0.16650060
v 0.01270864 0.01118264 0.16627893
v 0.00577687 0.00869122 0.16682108
v 0.00884028 0.00678744 0.16696285
v -0.00272311 0.00677798 0.16703744
v 0.02301964 0.00811552 0.16619666
v 0.02125074 0.00646765 0.16663322
v -0.01317422 0.00815284 0.16660850
v -0.01573030 0.00641238 0.16683604
v -0.02213644 0.00809572 0.16615921
v -0.02214470 0.00652700 0.16635162
v 0.02672515 0.00656245 0.16602780
v -0.02580116 0.01022101 0.16581567
v -0.02957163 0.01107163 0.16516598
v -0.02647825 0.00628126 0.16559939
v -0.03343040 0.00671364 0.16481420
v 0.02778404 0.00707262 0.16562150
v 0.03005225 0.01000213 0.16530566
v 0.03388152 0.00676814 0.16482902
v 0.03457114 0.01103097 0.16452001
v 0.03148107 0.00624849 0.16527352
v 0.03824186 0.01004941 0.16377510
v 0.04104474 0.00826281 0.16325435
v 0.04021477 0.00648897 0.16352917
v 0.04096763 0.01089484 0.16310163
v 0.04583386 0.00651732 0.16204341
v 0.03504137 0.01134976 0.16390011
v 0.00172279 0.00631929 0.16770390
v -0.15219943 0.00701494 0.06999056
v -0.15112802 0.00851499 0.07158443
v -0.15323105 0.00642351 0.06854559
v -0.15077639 0.00663923 0.07287295
v -0.14939210 0.00676032 0.07543429
v -0.14889261 0.01117385 0.07542805
v -0.14821230 0.00682965 0.07786052
v -0.14738640 0.01108329 0.07796597
v -0.14677209 0.00688653 0.08069810
v -0.14607131 0.01133927 0.08019044
v -0.14511307 0.00698311 0.08362345
v -0.14492320 0.00994630 0.08285102
v -0.14360367 0.00675670 0.08640281
v -0.14324574 0.01120018 0.08561050
v -0.14194980 0.01120797 0.08806647
v -0.14253652 0.00812490 0.08801709
v -0.15348010 0.00698911 0.06711580
v -0.15322894 0.01124530 0.06622996
v -0.14248109 0.00643080 0.08905213
v -0.14083005 0.00827197 0.09059625
v -0.14068282 0.01130872 0.08996527
v -0.13944095 0.01124387 0.09197949
v -0.13842879 0.00678078 0.09464572
v -0.13609231 0.00831284 0.09785689
v -0.13541104 0.01134522 0.09786307
v -0.13501412 0.01006666 0.09886988
v -0.14109412 0.00673065 0.09091999
v -0.15419550 0.01117654 0.06386804
v -0.14452894 0.01136619 0.08268294
v -0.13131662 0.00800822 0.10446099
v -0.13162558 0.00667463 0.10468370
v -0.13722175 0.00636991 0.09716703
v -0.13565910 0.00672330 0.09915045
v -0.15444419 0.00670366 0.06436507
v -0.15595424 0.00821427 0.05974094
v -0.15765466 0.00815384 0.05560117
v -0.15748802 0.01108493 0.05523973
v -0.15615106 0.01114717 0.05875730
v -0.15903877 0.00680323 0.05192256
v -0.15817861 0.01117850 0.05265076
v -0.15955621 0.00910962 0.04942358
v -0.15989450 0.00634816 0.04935410
v -0.16023451 0.00678384 0.04771666
v -0.16123208 0.00632598 0.04495344
v -0.16153747 0.00700731 0.04245484
v -0.16185130 0.00826149 0.04139647
v -0.16165450 0.01118170 0.04179719
v -0.16334045 0.00632330 0.03703066
v -0.16324830 0.00794473 0.03547155
v -0.16366374 0.01117214 0.03090086
v -0.16428776 0.00795118 0.02961698
v -0.16451964 0.00675944 0.02960586
v -0.16340831 0.00671450 0.03550011
v -0.16476312 0.00640346 0.02983958
v -0.13928330 0.00637136 0.09430262
v -0.14891110 0.00642639 0.07724148
v -0.14385721 0.00637711 0.08672311
v 0.02375824 0.01980020 0.02101272
v 0.02300647 0.01991735 0.02463827
v 0.02784138 0.01968871 0.02380564
v 0.02044192 0.01998001 0.02265821
v 0.01800947 0.01999991 0.02102683
v 0.02126823 0.01964924 0.01832581
v 0.01697182 0.01980888 0.01537993
v 0.03642011 0.01962835 0.02938372
v 0.01556026 0.01989330 0.01873625
v 0.03072549 0.01973906 0.02971830
v 0.03342332 0.01973849 0.03215404
v 0.03616295 0.01979165 0.03407874
v 0.04347983 0.01956674 0.03553016
v 0.04105872 0.01969582 0.03866339
v 0.04529703 0.01962955 0.03717437
v 0.04639158 0.01954703 0.04307019
v 0.04876237 0.01951652 0.04056942
v 0.04795500 0.01960319 0.04394860
v 0.00890337 0.01993688 0.01336534
v 0.01037436 0.01983963 0.00949023
v 0.00287782 0.02051375 0.00960070
v 0.00400656 0.02052853 0.00606026
v 0.00067247 0.02105939 0.00845242
v 0.03573236 0.01946357 0.03432290
v 0.04249789 0.01917042 0.03398959
v 0.04452982 0.01901541 0.03578638
v -0.00254256 0.02173507 0.00836165
v 0.04312561 0.01953998 0.04047481
v 0.00309968 0.02136411 0.00636002
v -0.10407961 0.00804204 0.13172050
v -0.10249303 0.00682079 0.13318187
v -0.10405008 0.00665397 0.13227957
v -0.10362787 0.00992054 0.13171567
v -0.10006448 0.01097597 0.13418855
v -0.10084044 0.00677478 0.13445607
v -0.09860943 0.00681114 0.13594697
v -0.09755132 0.01119771 0.13578556
v -0.09443878 0.00729285 0.13851017
v -0.09329912 0.01034531 0.13881530
v -0.09168897 0.00829052 0.14012727
v -0.08847956 0.00984890 0.14221708
v -0.09036729 0.00691536 0.14131729
v -0.09228199 0.01130830 0.13916968
v -0.08595677 0.01111264 0.14352256
v -0.08793563 0.00824622 0.14283752
v -0.08628380 0.00689428 0.14403117
v -0.08350688 0.00709447 0.14551681
v -0.08893196 0.00646166 0.14270808
v -0.10225043 0.01119066 0.13238813
v -0.08069443 0.00692160 0.14698543
v -0.09311830 0.00661412 0.13969237
v -0.09566765 0.00662613 0.13798624
v -0.07842923 0.01111605 0.14751701
v -0.07822610 0.00678532 0.14831340
v -0.10763862 0.01125787 0.12761152
v -0.11049762 0.00809321 0.12595652
v -0.10728994 0.00676502 0.12920575
v -0.11131349 0.01122770 0.12444271
v -0.11102901 0.00653088 0.12598430
v -0.09237047 0.00641672 0.14049624
v -0.11203215 0.00701822 0.12461884
v -0.11345628 0.00727027 0.12311426
v -0.11338052 0.01129273 0.12236135
v -0.11553116 0.00817305 0.12100621
v -0.11666940 0.01127926 0.11910297
v -0.11458084 0.00677521 0.12241374
v -0.11602889 0.00678410 0.12100039
v -0.11760254 0.00705965 0.11912187
v -0.11869402 0.00819639 0.11767067
v -0.11858360 0.01134975 0.11711645
v -0.12101968 0.00998883 0.11512203
v -0.12028916 0.00709557 0.11648307
v -0.12168976 0.00725337 0.11503952
v -0.12295484 0.01134488 0.11254370
v -0.11933314 0.00678126 0.11765029
v -0.12292997 0.00828358 0.11327688
v -0.12524922 0.00745065 0.11111510
v -0.12773255 0.01021034 0.10779696
v -0.12282562 0.00657881 0.11415314
v -0.12997445 0.01100108 0.10520289
v -0.12519985 0.01134801 0.11005000
v -0.13240902 0.01120461 0.10198119
v -0.08526503 0.00662525 0.14487746
v -0.08231787 0.00640178 0.14659213
v -0.09739795 0.00632553 0.13725819
v -0.13044856 0.01169963 0.10361697
v -0.08291877 0.01140375 0.14475317
v -0.13406856 0.01193662 0.09834178
v -0.16516443 0.00828150 -0.02478186
v -0.16620362 0.00808849 -0.01426173
v -0.16540991 0.00671825 -0.02429050
v -0.16513042 0.00632993 -0.02719152
v -0.16459627 0.01112345 -0.02777700
v -0.16627204 0.01018853 -0.00765511
v -0.16641591 0.00825963 -0.00424572
v -0.16624168 0.01021304 0.00753244
v -0.16634189 0.00822242 0.00862157
v -0.16659723 0.00673497 0.00476449
v -0.16567880 0.00831324 0.02098227
v -0.16552632 0.01104802 0.02071987
v -0.16581421 0.00660748 0.02227208
v -0.16413653 0.00829741 -0.03087347
v -0.16498789 0.01112112 0.02400219
v -0.16524398 0.00633152 0.02405023
v -0.16460532 0.01116244 0.02780526
v -0.16325037 0.00787992 -0.03589756
v -0.16316009 0.01098245 -0.03567788
v -0.16330253 0.00670551 -0.03651375
v -0.16305456 0.01015342 -0.03596056
v -0.16252851 0.01129722 -0.03627206
v 0.05439527 0.01745646 0.15725948
v 0.05692532 0.01850575 0.15645732
v 0.06100223 0.01887446 0.15487984
v 0.05238703 0.01374935 0.15850447
v 0.04862687 0.01683981 0.15927221
v 0.04489076 0.01849919 0.16050003
v 0.04879285 0.01842477 0.15918645
v 0.04111918 0.01849475 0.16160429
v 0.04246720 0.01377993 0.16154155
v 0.03739546 0.01830184 0.16263162
v 0.03594604 0.01472295 0.16351484
v 0.05281031 0.01848017 0.15790418
v 0.06518918 0.01707518 0.15300082
v 0.06329431 0.01923820 0.15389572
v 0.06653359 0.01628115 0.15262115
v 0.06679162 0.01456024 0.15286954
v 0.06963836 0.01377894 0.15190732
v 0.03601831 0.01911056 0.16330163
v 0.03404052 0.01658066 0.16376939
v 0.03350788 0.01373693 0.16431196
v 0.03270537 0.01846455 0.16397494
v 0.03030526 0.01767391 0.16423391
v 0.02658187 0.01383719 0.16519557
v 0.02604111 0.01628713 0.16493690
v 0.02202714 0.01846805 0.16541390
v 0.02936971 0.01848428 0.16443290
v 0.03501787 0.01366500 0.16360340
v 0.05772940 0.01937132 0.15638015
v 0.04505730 0.01926513 0.16070737
v 0.03011068 0.01916410 0.16453373
v 0.04111071 0.01931269 0.16194810
v 0.06615177 0.01593923 0.15335868
v 0.06556837 0.01455132 0.15383174
v 0.04818085 0.01934507 0.16015112
v 0.15498967 0.01852113 0.06012193
v 0.15581349 0.01466764 0.05868588
v 0.15484196 0.01375108 0.06186406
v 0.15625623 0.01930603 0.05649507
v 0.15390891 0.01939957 0.06260393
v 0.15727551 0.01717979 0.05337437
v 0.15822433 0.01370172 0.05131057
v 0.15615921 0.01368756 0.05795978
v 0.15762712 0.01919125 0.05247295
v 0.15881898 0.01825733 0.04894781
v 0.15985951 0.01463471 0.04664157
v 0.16049485 0.01889400 0.04394036
v 0.16113327 0.01468631 0.04266672
v 0.16168851 0.01849963 0.03975072
v 0.16163056 0.01372228 0.04133275
v 0.16035920 0.01366579 0.04559799
v 0.16251186 0.01464853 0.03720840
v 0.16317929 0.01815346 0.03399625
v 0.16404738 0.01812206 0.02943676
v 0.15565366 0.01947976 0.05875697
v 0.16513082 0.01461354 0.02335891
v 0.16443735 0.01840128 0.02677121
v 0.16553167 0.01850955 0.01779962
v 0.16449200 0.01939545 0.02708015
v 0.16547024 0.01956980 0.01950395
v 0.16329318 0.01965315 0.03444877
v 0.16247906 0.01370454 0.03662815
v 0.16203964 0.01974546 0.03942369
v 0.16083995 0.01970105 0.04352459
v 0.15921719 0.01965429 0.04902501
v 0.16633792 0.00813619 -0.02173001
v 0.16562034 0.00737516 -0.02868014
v 0.16593619 0.00662718 -0.02804169
v 0.16677287 0.00653214 -0.02148597
v 0.16488650 0.00671759 -0.03524521
v 0.16707154 0.00679041 -0.01300558
v 0.16668597 0.00997953 -0.01325407
v 0.16714488 0.00692245 -0.00932350
v 0.16603185 0.01108217 -0.02366713
v 0.16553475 0.01079740 -0.02830358
v 0.16712128 0.00803609 -0.00858220
v 0.16690630 0.01091820 -0.00462361
v 0.16722524 0.00810897 -0.00096692
v 0.16438814 0.01095995 -0.03495905
v 0.16687171 0.01061093 0.00847739
v 0.16711013 0.00791357 0.00883711
v 0.16680302 0.00973426 0.01266167
v 0.16716948 0.00688161 0.00939030
v 0.16647722 0.00814050 0.01945194
v 0.16576377 0.01102122 0.02672358
v 0.16676541 0.00654393 0.02044974
v 0.16579749 0.00674886 0.02838346
v 0.16640887 0.01110705 0.01279266
v 0.16765502 0.00652808 -0.00860999
v 0.16766845 0.00645068 0.00870069
v 0.16784780 0.00651674 -0.00074221
v 0.16514811 0.01110806 -0.02893144
v -0.15366715 0.01847188 0.06339581
v -0.15215036 0.01832233 0.06643308
v -0.15362881 0.01689504 0.06347027
v -0.15445241 0.01388732 0.06218831
v -0.15292640 0.01446727 0.06598206
v -0.15196276 0.01480308 0.06817072
v -0.15544656 0.01390187 0.05931922
v -0.15610775 0.01722814 0.05687959
v -0.15850082 0.01382242 0.05127670
v -0.15886663 0.01691785 0.04962785
v -0.16033822 0.01832504 0.04459838
v -0.16097155 0.01391581 0.04251754
v -0.16136776 0.01765281 0.04043849
v -0.16220804 0.01472842 0.03824163
v -0.16183229 0.01849961 0.03903367
v -0.16300647 0.01831309 0.03464492
v -0.16287147 0.01477633 0.03641099
v -0.16258141 0.01385367 0.03693134
v -0.16358852 0.01487242 0.03270793
v -0.15003149 0.01382670 0.07175162
v -0.14863265 0.01835603 0.07354498
v -0.14915754 0.01383433 0.07357613
v -0.14788057 0.01686985 0.07511370
v -0.14746030 0.01455438 0.07670244
v -0.14681788 0.01826899 0.07679658
v -0.14609212 0.01597617 0.07884494
v -0.14616962 0.01384145 0.07916921
v -0.14443655 0.01665632 0.08141013
v -0.14421682 0.01904002 0.08212951
v -0.14440183 0.01455616 0.08166734
v -0.14331853 0.01378363 0.08389559
v -0.14267667 0.01804843 0.08449527
v -0.14210665 0.01377152 0.08635259
v -0.14107312 0.01711390 0.08740402
v -0.14060491 0.01379153 0.08914586
v -0.13864529 0.01821073 0.09123627
v -0.13768719 0.01376139 0.09383060
v -0.14445747 0.01380171 0.08119494
v -0.16408056 0.01480720 0.03075997
v -0.16428660 0.01757172 0.02841819
v -0.16502489 0.01477848 0.02379090
v -0.16510360 0.01702436 0.02280711
v -0.16516474 0.01850558 0.02301995
v -0.16555955 0.01489397 0.01843927
v -0.16562720 0.01821423 0.01611407
v -0.16478208 0.01386646 0.02507667
v -0.16587140 0.01405237 0.01205043
v -0.16602896 0.01850230 0.00720185
v -0.16619775 0.01851894 -0.00290994
v 0.13287531 0.00671829 -0.10309128
v 0.12890159 0.00816854 -0.10766763
v 0.13181582 0.00661671 -0.10459360
v 0.12732032 0.00681972 -0.11010193
v 0.12646639 0.00998365 -0.11034249
v 0.13535166 0.00683372 -0.09969015
v 0.13440147 0.01092736 -0.10011483
v 0.13575499 0.01092348 -0.09834922
v 0.13609171 0.00651163 -0.09872787
v 0.13679655 0.00972590 -0.09706274
v 0.13698962 0.01101836 -0.09628059
v 0.13820639 0.00994514 -0.09471452
v 0.13859709 0.00685888 -0.09456242
v 0.12508713 0.00709498 -0.11227753
v 0.12430289 0.01104404 -0.11205097
v 0.12170616 0.00783055 -0.11604759
v 0.12027285 0.01089318 -0.11672401
v 0.11906543 0.00815022 -0.11839941
v 0.11600050 0.00776759 -0.12180518
v 0.12793052 0.01107057 -0.10803597
v 0.11379346 0.00808485 -0.12362067
v 0.12166408 0.00664143 -0.11659554
v 0.11912483 0.00664098 -0.11920992
v 0.12440441 0.00665297 -0.11360881
v 0.11650399 0.00665835 -0.12175576
v 0.11288525 0.01101253 -0.12376063
v 0.11070294 0.00788112 -0.12674603
v 0.12606466 0.01107198 -0.11016568
v 0.13422008 0.00625122 -0.10189050
v 0.13977137 0.01095822 -0.09117584
v 0.13981926 0.00815039 -0.09171999
v 0.14121191 0.01013963 -0.08910187
v 0.14023341 0.00668388 -0.09176295
v 0.14133462 0.00811129 -0.08914534
v 0.14262718 0.01007053 -0.08688118
v 0.14392637 0.01007270 -0.08484016
v 0.14378005 0.00814677 -0.08543741
v 0.14157236 0.00678039 -0.08918024
v 0.14427331 0.00667978 -0.08513034
v 0.14552920 0.00702352 -0.08241276
v 0.14525388 0.01086909 -0.08213376
v 0.14634781 0.01091369 -0.07988365
v 0.14760107 0.01095387 -0.07746470
v 0.14417993 0.01107255 -0.08359605
v 0.13310659 0.01102123 -0.10144693
v 0.13119498 0.00625993 -0.10609496
v -0.13759711 0.00814528 -0.09471640
v -0.13811445 0.00673350 -0.09480154
v -0.13579130 0.00674056 -0.09864035
v -0.13503294 0.00837348 -0.09874675
v -0.13900924 0.00641669 -0.09363106
v -0.13950409 0.00823463 -0.09147331
v -0.13417205 0.00672796 -0.10095954
v -0.13250630 0.00828398 -0.10242958
v -0.13216001 0.00658408 -0.10401907
v -0.13077298 0.00801272 -0.10491090
v -0.13332780 0.01040046 -0.10050933
v -0.13524534 0.01119282 -0.09747408
v -0.14097838 0.01108292 -0.08840468
v -0.14131472 0.00700020 -0.08907581
v -0.13989198 0.00678866 -0.09161378
v -0.14288518 0.00813586 -0.08576863
v -0.14291342 0.00682601 -0.08646501
v -0.14383267 0.00673977 -0.08475752
v -0.14531907 0.00668912 -0.08200002
v -0.14488986 0.01121657 -0.08076418
v -0.14496972 0.00831133 -0.08163780
v -0.14672621 0.01035887 -0.07781301
v -0.14662164 0.00653138 -0.07985891
v -0.14687003 0.00716926 -0.07841703
v -0.14858407 0.00822742 -0.07487288
v -0.14786974 0.00674456 -0.07698005
v -0.14925303 0.00684213 -0.07422372
v -0.14794700 0.01104238 -0.07549912
v -0.15068573 0.00737364 -0.07115649
v -0.15192142 0.00825368 -0.06897688
v -0.15319055 0.01110508 -0.06567434
v -0.15341951 0.00691376 -0.06666916
v -0.15180491 0.00669438 -0.07002715
v -0.15427877 0.00816656 -0.06384588
v -0.15448554 0.00639402 -0.06440981
v -0.15611860 0.00651896 -0.06008140
v -0.15445432 0.01109776 -0.06240326
v -0.15594585 0.00815326 -0.05917738
v -0.15743534 0.00816785 -0.05571847
v -0.15777569 0.00670719 -0.05589017
v -0.15787031 0.00818709 -0.05448302
v -0.15853560 0.00640354 -0.05467444
v -0.15817215 0.01116335 -0.05167319
v -0.15884578 0.00718126 -0.05194144
v -0.15883853 0.01128472 -0.05012450
v -0.15994892 0.00693167 -0.04832745
v -0.16013557 0.00819813 -0.04713901
v -0.16153015 0.00703538 -0.04239674
v -0.16192763 0.00837548 -0.04092718
v 0.08829761 0.00649880 0.14320630
v 0.08533556 0.00622552 0.14510362
v 0.08650151 0.00695407 0.14400101
v 0.08380421 0.00685422 0.14552006
v 0.08240733 0.00615808 0.14685073
v 0.08101099 0.00668454 0.14702342
v 0.07972866 0.00625259 0.14831959
v 0.07749675 0.00690012 0.14923179
v 0.07615414 0.00638068 0.15029883
v 0.07414732 0.00685235 0.15105192
v 0.07249149 0.00624361 0.15218064
v 0.07103054 0.00818433 0.15252742
v 0.07096999 0.00662968 0.15265930
v 0.06950019 0.00622641 0.15364689
v 0.06849299 0.00663733 0.15370885
v 0.06887315 0.01102648 0.15340950
v 0.07212690 0.01005371 0.15203154
v 0.06664249 0.00814481 0.15437722
v 0.06587340 0.00640000 0.15489455
v 0.06582128 0.01008209 0.15466660
v 0.06188016 0.00630507 0.15645614
v 0.06193010 0.00717594 0.15618381
v 0.08991543 0.00635779 0.14214799
v 0.06233330 0.01102588 0.15567632
v 0.05795342 0.01085780 0.15739930
v 0.05822093 0.00665249 0.15780967
v 0.05476790 0.00678272 0.15929532
v 0.05448886 0.00987381 0.15899287
v 0.05054240 0.01097023 0.16002609
v 0.05475355 0.01114744 0.15855615
v 0.05082975 0.00676577 0.16019224
v 0.04799223 0.00833090 0.16087058
v 0.04726499 0.01116489 0.16087520
v 0.04659629 0.00665260 0.16156955
v 0.04530814 0.00979174 0.16182160
v 0.04176557 0.01121391 0.16254838
v 0.05107091 0.01118990 0.15961212
v 0.05190507 0.00624056 0.16021895
v 0.05551031 0.00620488 0.15952213
v 0.04703585 0.00617192 0.16192943
v 0.05931207 0.00609407 0.15780672
v 0.12694997 0.00993531 0.10973815
v 0.12741566 0.00681686 0.11001239
v 0.12604764 0.00669150 0.11136660
v 0.12379473 0.01015841 0.11266637
v 0.12469380 0.00674012 0.11264440
v 0.12325332 0.00687744 0.11405817
v 0.12165791 0.00690574 0.11580786
v 0.12121575 0.01023136 0.11553816
v 0.11972495 0.00682153 0.11766818
v 0.11866920 0.01019011 0.11786117
v 0.11802559 0.00700326 0.11929039
v 0.11613865 0.00820968 0.12107000
v 0.11658462 0.01101613 0.11990025
v 0.12958027 0.01099639 0.10644084
v 0.11353375 0.01109582 0.12251578
v 0.11463557 0.00706925 0.12264608
v 0.11232859 0.00673602 0.12500012
v 0.11131134 0.01006861 0.12525409
v 0.11092605 0.00685142 0.12645604
v 0.10940794 0.00639074 0.12822080
v 0.10976700 0.00697629 0.12742606
v 0.10853054 0.01001898 0.12774947
v 0.10735501 0.00799826 0.12917677
v 0.10498139 0.01001777 0.13095100
v 0.10430521 0.00679963 0.13224101
v 0.12282121 0.01115615 0.11335238
v 0.12803382 0.01109340 0.10805847
v 0.10485656 0.01102167 0.13064599
v 0.12920213 0.00807557 0.10754882
v 0.13229896 0.00667631 0.10445324
v 0.12892862 0.00651047 0.10846571
v 0.13033195 0.00623831 0.10704945
v 0.11714853 0.00637427 0.12097907
v 0.10800233 0.00661679 0.12918253
v 0.10695788 0.00631284 0.13028713
v 0.10152066 0.01014166 0.13350460
v 0.10195624 0.01109487 0.13279709
v 0.10028454 0.01112145 0.13409120
v 0.10291870 0.00699907 0.13301700
v 0.09858007 0.01004006 0.13563004
v 0.10092439 0.00806409 0.13424231
v 0.09889280 0.00679703 0.13586010
v 0.09628575 0.01093817 0.13716967
v 0.10170990 0.00652956 0.13416445
v 0.09627489 0.00817026 0.13751581
v 0.09460848 0.01067239 0.13837913
v 0.09849586 0.00624910 0.13651876
v 0.09725413 0.00628484 0.13738707
v 0.09772407 0.01112844 0.13580070
v 0.09476119 0.00690828 0.13857999
v 0.11395523 0.00669769 0.12351448
v 0.09116661 0.01015113 0.14043500
v 0.09205359 0.01115166 0.13957027
v 0.08826688 0.00922532 0.14265281
v 0.08599803 0.01084085 0.14376415
v 0.09057094 0.00681133 0.14125283
v 0.09236124 0.00830148 0.13981216
v 0.09350122 0.00662589 0.13958712
v 0.08393051 0.01103617 0.14473131
v 0.08090790 0.01059417 0.14646938
v 0.07865526 0.01102235 0.14792013
v 0.07690241 0.01063215 0.14921972
v 0.07524700 0.01116695 0.14982228
v 0.11896476 0.00632061 0.11892197
v 0.13338000 0.00626409 0.10369474
v 0.12439674 0.00630968 0.11357089
v 0.12198044 0.00634587 0.11641683
v 0.11340132 0.00629539 0.12465123
v 0.12796545 0.00631541 0.11032656
v 0.13440800 0.00661963 0.10152452
v 0.13629247 0.00624503 0.09969173
v 0.00971079 0.00597528 -0.16694996
v -0.00712323 0.00592966 -0.16694762
v -0.00123849 0.00589338 -0.17243612
v -0.02302375 0.00577211 -0.17310202
v -0.01981886 0.00594990 -0.16636489
v -0.02925556 0.00592366 -0.17019163
v -0.02689263 0.00614700 -0.16469890
v -0.03306914 0.00627144 -0.16413397
v 0.02425138 0.00575803 -0.17293833
v 0.01987726 0.00595208 -0.16637689
v 0.02790197 0.00584758 -0.17009322
v 0.02650609 0.00596344 -0.16505179
v 0.03325985 0.00575576 -0.17147613
v 0.02094245 0.00598320 -0.16572134
v 0.03201400 0.00609988 -0.16636114
v 0.04275135 0.00596444 -0.16745631
v 0.03555274 0.00612323 -0.16403238
v 0.02745771 0.00597066 -0.16452086
v 0.04269135 0.00596955 -0.16291311
v -0.04113702 0.00599613 -0.16808553
v -0.03942151 0.00585849 -0.17024948
v -0.04150798 0.00608844 -0.16275525
v -0.04842277 0.00612999 -0.16101374
v -0.05111453 0.00589095 -0.16690119
v -0.04942303 0.00619636 -0.16021094
v -0.06232761 0.00595672 -0.16292375
v -0.05313798 0.00621872 -0.15920591
v -0.05716430 0.00618200 -0.15818074
v -0.06443185 0.00613842 -0.15562180
v -0.06723205 0.00620520 -0.15405706
v -0.07990994 0.00599729 -0.15528812
v -0.07106771 0.00622822 -0.15259545
v -0.07263704 0.00600523 -0.15879929
v -0.07669375 0.00629007 -0.14934881
v -0.08576970 0.00601803 -0.15196863
v 0.05157125 0.00596339 -0.16399583
v 0.06127979 0.00594750 -0.16313826
v 0.04887767 0.00583561 -0.16756040
v 0.04393137 0.00581715 -0.16895534
v 0.07554621 0.00608975 -0.15507837
v 0.06916800 0.00610011 -0.15355857
v 0.07690710 0.00616633 -0.14967401
v 0.08491774 0.00607689 -0.15008168
v 0.07904587 0.00615120 -0.14834483
v 0.08226880 0.00608951 -0.14709945
v 0.08513076 0.00611984 -0.14546797
v 0.09386490 0.00609506 -0.14475767
v 0.09965751 0.00608498 -0.14046115
v -0.08696797 0.00620778 -0.14412627
v -0.09168227 0.00620512 -0.14141300
v -0.10008387 0.00600928 -0.14320603
v -0.09982534 0.00614707 -0.13635916
v -0.10792105 0.00603303 -0.13743770
v -0.11443222 0.00619860 -0.13069758
v 0.09834408 0.00605899 -0.13665518
v 0.10131995 0.00615772 -0.13466154
v 0.10772663 0.00615775 -0.13524929
v 0.10732273 0.00621428 -0.13037664
v 0.11290930 0.00631755 -0.13014776
v 0.11188693 0.00639085 -0.12668213
v 0.10499046 0.00618235 -0.13216317
v 0.11720168 0.00628965 -0.12753142
v 0.11945184 0.00636701 -0.11952813
v 0.11578222 0.00642069 -0.12305327
v 0.12392357 0.00618654 -0.12348896
v 0.12624516 0.00630307 -0.11592108
v 0.12373076 0.00633975 -0.11502389
v 0.12626640 0.00641294 -0.11172600
v 0.11373491 0.00613666 -0.13272759
v 0.13473451 0.00609410 -0.11141661
v 0.13640000 0.00617949 -0.10672782
v 0.13780770 0.00631036 -0.09657880
v 0.14302056 0.00644800 -0.08787670
v 0.14026028 0.00635125 -0.09284266
v 0.14851789 0.00622545 -0.08908301
v 0.14601363 0.00641935 -0.08311840
v 0.15159258 0.00612182 -0.08662139
v 0.14947942 0.00646861 -0.07712157
v 0.15684582 0.00614283 -0.07663373
v 0.15251018 0.00638457 -0.07248765
v 0.15834907 0.00608047 -0.07316652
v 0.08187354 0.00592197 -0.15427563
v 0.09086640 0.00592322 -0.14916152
v -0.02155539 0.00598926 -0.16571194
v 0.12657849 0.00614846 -0.12049252
v 0.15384935 0.00644813 -0.06839413
v 0.16133407 0.00615284 -0.06308873
v 0.15532660 0.00635436 -0.06560618
v 0.15869863 0.00635422 -0.05710781
v 0.16017649 0.00649876 -0.05152001
v 0.16662198 0.00611172 -0.05233281
v 0.16423458 0.00609514 -0.05867709
v 0.16514930 0.00637754 -0.03581621
v 0.16570096 0.00636098 -0.03041594
v 0.17310287 0.00602128 -0.02334459
v 0.16724494 0.00618508 -0.02015829
v 0.16851960 0.00609585 -0.00721889
v 0.17251813 0.00601546 0.00465313
v 0.17390044 0.00591321 0.01653845
v 0.16831785 0.00604090 0.01094910
v 0.17142123 0.00605167 0.01974004
v 0.16717720 0.00617595 0.01988908
v 0.16641285 0.00633685 0.02842651
v 0.17061681 0.00617729 0.03255644
v 0.16535430 0.00641407 0.03236844
v 0.17159927 0.00607264 0.03308625
v 0.17021360 0.00606749 0.03936430
v 0.16680910 0.00615488 0.04332532
v 0.16914335 0.00604199 0.04361653
v 0.16764778 0.00598220 0.04871460
v 0.16173412 0.00629960 0.04658494
v 0.16559817 0.00607560 0.05471674
v 0.15930136 0.00635647 0.05347150
v 0.15667908 0.00630082 0.06296468
v 0.15824783 0.00633732 0.05717710
v 0.16289452 0.00604665 0.06251454
v 0.16051713 0.00609866 0.06849729
v 0.14593214 0.00608590 -0.09600170
v 0.15502892 0.00644983 0.06560389
v 0.15236528 0.00605686 0.08515503
v 0.14979564 0.00603165 0.08981597
v 0.14795920 0.00603899 0.09314683
v 0.15061279 0.00638012 0.07534990
v 0.14045784 0.00626801 0.09269379
v 0.14399081 0.00605197 0.09910100
v 0.13900325 0.00634252 0.09509730
v 0.13729897 0.00625792 0.09749250
v 0.14084104 0.00606814 0.10371305
v 0.13850646 0.00610012 0.10674977
v 0.13250801 0.00610366 0.11420566
v 0.12265905 0.00611543 0.12473626
v 0.11776978 0.00610868 0.12932837
v 0.10483592 0.00634167 0.13262957
v 0.10122078 0.00625387 0.13498639
v 0.09381787 0.00634585 0.13987876
v 0.08972106 0.00604697 0.14984055
v 0.08247569 0.00601486 0.15403618
v 0.07694546 0.00619352 0.15418656
v 0.07051030 0.00614887 0.15776815
v 0.06115844 0.00599060 0.16341658
v -0.12144778 0.00612515 -0.12599768
v 0.11897901 0.00614213 -0.12795408
v 0.16118547 0.00604024 -0.06689745
v -0.12443423 0.00614313 -0.12313519
v -0.12260372 0.00657381 -0.11574346
v -0.12698759 0.00653895 -0.11118119
v -0.13360184 0.00612378 -0.11292019
v -0.13820596 0.00617664 -0.10510067
v -0.13459940 0.00632906 -0.10155162
v -0.14582603 0.00626180 -0.08601842
v -0.14557444 0.00607969 -0.09666405
v -0.13727981 0.00631142 -0.09739788
v -0.14734197 0.00642381 -0.07969616
v -0.15421051 0.00622717 -0.07239053
v -0.15764640 0.00605602 -0.07500047
v -0.15969551 0.00601217 -0.07001405
v -0.15552557 0.00628353 -0.06376651
v -0.16154376 0.00604149 -0.06589013
v -0.16305010 0.00621133 -0.05360607
v -0.15958542 0.00649526 -0.05088715
v -0.16288173 0.00628907 -0.04236037
v -0.16369900 0.00631980 -0.03729463
v -0.16908230 0.00605940 -0.04393659
v -0.16954991 0.00610683 -0.03425173
v -0.16478917 0.00636274 -0.03130083
v -0.16105820 0.00642707 -0.04572780
v -0.16606051 0.00624823 -0.02495550
v -0.16985077 0.00610114 -0.02018473
v -0.17286813 0.00598523 -0.02498652
v -0.16807730 0.00618508 -0.00435312
v -0.17110488 0.00607462 -0.00473127
v -0.17299184 0.00595914 0.02333612
v -0.16784267 0.00611078 0.01078055
v -0.16626328 0.00628017 0.02260192
v -0.17164764 0.00598927 0.03216338
v -0.16679159 0.00634762 -0.01529081
v -0.17008545 0.00599521 0.03936829
v -0.16283070 0.00621698 0.04167078
v -0.16867323 0.00603458 0.04538315
v -0.16590899 0.00604791 0.05420995
v -0.15876347 0.00635594 0.05441613
v -0.15759428 0.00629692 0.05892741
v -0.16014689 0.00602747 0.06937015
v -0.15460542 0.00638224 0.06471952
v -0.15177798 0.00645401 0.07161018
v -0.15349828 0.00610884 0.08306188
v -0.14630570 0.00646670 0.08241271
v -0.14625837 0.00613461 0.09555130
v -0.14354582 0.00615305 0.09932828
v -0.13379703 0.00633521 0.10422231
v -0.13360113 0.00627145 0.11279553
v -0.12679282 0.00656083 0.10992929
v -0.12442482 0.00653099 0.11245040
v -0.12639566 0.00628422 0.12062297
v -0.12120790 0.00659848 0.11601241
v -0.11853746 0.00656063 0.11873253
v -0.12173458 0.00627369 0.12539893
v -0.11708427 0.00659074 0.12016900
v -0.11307605 0.00652389 0.12411342
v -0.11761276 0.00627709 0.12935042
v -0.10608874 0.00645184 0.13088836
v -0.10199329 0.00633665 0.13410212
v -0.10658116 0.00619465 0.13842984
v -0.08780868 0.00617571 0.15088715
v -0.09294462 0.00619205 0.14807917
v -0.08436448 0.00638669 0.14592546
v -0.07767436 0.00641266 0.14901201
v -0.07223722 0.00633958 0.15203303
v -0.06985708 0.00627756 0.15481175
v -0.06948294 0.00597392 0.16014561
v -0.06303530 0.00605341 0.16272041
v -0.05722816 0.00621604 0.15814650
v -0.05214199 0.00630360 0.15991537
v -0.05332200 0.00628325 0.15904193
v -0.05571614 0.00600869 0.16535293
v -0.04513190 0.00625067 0.16258098
v -0.04425175 0.00614680 0.16598411
v -0.04213399 0.00611699 0.16320238
v -0.04020412 0.00613908 0.16406560
v -0.03450697 0.00625703 0.16490272
v -0.03586866 0.00622393 0.16681638
v -0.04465514 0.00602103 0.16891357
v -0.02418848 0.00600534 0.17091247
v -0.03192675 0.00593343 0.17176615
v -0.02551937 0.00620154 0.16635327
v -0.01295915 0.00594024 0.16724780
v -0.00801119 0.00597002 0.17180154
v 0.01157049 0.00601944 0.17194524
v 0.01520287 0.00603142 0.16831568
v 0.03009885 0.00595926 0.17091444
v -0.00332403 0.00597704 0.16840908
v -0.02350777 0.00591229 0.17309146
v 0.02756571 0.00617631 0.16638277
v 0.04019609 0.00598528 0.16998750
v 0.03158069 0.00589513 0.17184263
v 0.04416133 0.00604233 0.16627397
v 0.05242068 0.00590663 0.16644363
v 0.04493793 0.00606180 0.16288494
v 0.03574104 0.00616837 0.16464797
v 0.04156740 0.00595135 0.16331919
v 0.04044089 0.00601896 0.16404387
v -0.17411493 0.00594577 -0.01636961
v -0.12990840 0.00644286 0.10715113
v -0.13262862 0.00637262 0.10397892
v -0.13487642 0.00640966 0.10098995
v -0.14259925 0.00640536 -0.08806013
v -0.15011166 0.00650223 -0.07309536
v -0.15315072 0.00638891 -0.06849352
v 0.17408447 0.00605543 -0.01644431
v 0.01824758 0.00613139 0.16719151
v 0.12874782 0.00634320 -0.10875024
v 0.01400242 0.00595664 0.17420954
v -0.04357287 0.00622535 -0.16162412
v -0.16722859 0.00636839 0.00011690
v -0.06092904 0.00623730 -0.15653260
v 0.15646218 0.00647651 0.06184325
v -0.15619151 0.00655829 0.06020806
v -0.15784073 0.00663516 0.05610336
v 0.10282270 0.00636139 -0.13305336
v -0.16244535 0.00664310 -0.04116153
v 0.15084325 0.00671451 -0.07396593
v 0.14822218 0.00670900 -0.07820863
v 0.14659227 0.00670870 -0.08120441
v 0.04122185 0.00645054 -0.16266842
v 0.15639137 0.00668454 -0.06174420
v -0.12449095 0.00701280 -0.11255352
v -0.12326092 0.00702913 -0.11381397
v -0.13286544 0.00672274 0.10267740
v -0.16211818 0.00662274 0.04172675
v -0.13307250 0.00675638 -0.10248168
v 0.10535761 0.00667947 -0.13135199
v -0.04222220 0.00662281 -0.16177548
v -0.04506505 0.00668081 0.16189533
v -0.16618742 0.00663407 -0.01841344
v -0.16660723 0.00670379 -0.00693649
v -0.16629827 0.00658100 0.01661444
v 0.15920137 0.00673171 -0.05360330
v -0.16444872 0.00669491 -0.03118761
v 0.02542321 0.00652760 -0.16489688
v -0.03404962 0.00669817 -0.16342182
v -0.01321211 0.00644259 -0.16631387
v -0.06017346 0.00678641 -0.15640613
v 0.14787646 0.01757785 -0.07518334
v 0.14446396 0.01932148 -0.08114214
v 0.14594151 0.01471603 -0.07904430
v 0.14478251 0.01371948 -0.08114159
v 0.14645141 0.01371336 -0.07843473
v 0.14757945 0.01449927 -0.07641578
v 0.14185973 0.01760702 -0.08587754
v 0.14194693 0.01368475 -0.08659415
v 0.14075339 0.01364422 -0.08835019
v 0.13789709 0.01632849 -0.09263290
v 0.13791749 0.01371349 -0.09315139
v 0.13960752 0.01936150 -0.08960913
v 0.13749681 0.01936702 -0.09299839
v 0.13500299 0.01469840 -0.09693921
v 0.13402273 0.01370369 -0.09867764
v 0.13495326 0.01840778 -0.09657490
v 0.14205708 0.01960086 -0.08571503
v 0.14659673 0.01956291 -0.07756447
v 0.14866821 0.01945818 -0.07380242
v 0.14944294 0.01372868 -0.07385448
v 0.13238491 0.01646941 -0.10008936
v 0.12751451 0.01593637 -0.10629334
v 0.12986697 0.01371288 -0.10391096
v 0.13275638 0.01958885 -0.09946477
v 0.15392485 0.01985235 -0.06268777
v 0.15256934 0.01952825 -0.06583936
v 0.15404023 0.01856429 -0.06217761
v 0.15546668 0.01943145 -0.05857645
v 0.15062328 0.01953856 -0.07026852
v 0.15134932 0.01747509 -0.06861590
v 0.15035611 0.02003857 -0.07130377
v 0.14824031 0.02010386 -0.07520735
v 0.14354175 0.02007799 -0.08357005
v 0.14639568 0.02004588 -0.07841057
v 0.14090055 0.02003171 -0.08805575
v 0.13871531 0.02000079 -0.09163890
v 0.15531141 0.01995528 -0.05984360
v 0.16051924 0.01996896 -0.04439737
v 0.15926278 0.01936727 -0.04803972
v 0.16071710 0.01947041 -0.04322994
v 0.15950426 0.01999952 -0.04897904
v 0.15752327 0.01933774 -0.05280522
v 0.16208476 0.01996312 -0.03934177
v 0.16219403 0.01945929 -0.03784194
v 0.16364691 0.01991344 -0.03302987
v 0.16332230 0.01950285 -0.03280587
v 0.15376732 0.01716798 -0.06312116
v 0.15491134 0.01384760 -0.06206540
v 0.15184146 0.01373042 -0.06888051
v 0.15002148 0.01489993 -0.07221469
v 0.15587236 0.01378575 -0.05913346
v 0.15699731 0.01372166 -0.05544527
v 0.15820934 0.01476598 -0.05165616
v 0.16048662 0.01506216 -0.04518252
v 0.15992551 0.01374994 -0.04719455
v 0.16118881 0.01439493 -0.04266678
v 0.16247746 0.01467762 -0.03751248
v 0.16174743 0.01374355 -0.04083474
v 0.16296300 0.01746507 -0.03483059
v 0.16372158 0.01482757 -0.03202133
v 0.16315062 0.01378898 -0.03575516
v 0.16361538 0.01362145 -0.03204456
v 0.16032588 0.01375178 -0.04654174
v 0.16106287 0.01369271 -0.04233116
v 0.08652630 0.00679732 -0.14394493
v 0.08885956 0.00962153 -0.14231279
v 0.08377144 0.01042793 -0.14499548
v 0.08382504 0.00670638 -0.14553687
v 0.08172863 0.00673362 -0.14683400
v 0.07668271 0.01001989 -0.14914057
v 0.07677760 0.00659730 -0.14939348
v 0.07412663 0.00813950 -0.15055467
v 0.07398103 0.00654403 -0.15099688
v 0.07131103 0.00647189 -0.15249987
v 0.07393280 0.01005952 -0.15058568
v 0.07574762 0.01114629 -0.14937960
v 0.07144137 0.01101245 -0.15208746
v 0.08838972 0.00616038 -0.14325190
v 0.09134373 0.00621103 -0.14145090
v 0.08858460 0.01116873 -0.14206304
v 0.09254793 0.00814732 -0.13991450
v 0.09603888 0.00663181 -0.13800460
v 0.09926131 0.00656503 -0.13565782
v 0.09872484 0.01094139 -0.13555621
v 0.09324557 0.00621630 -0.14004533
v 0.10165398 0.00825451 -0.13338163
v 0.10064158 0.01106875 -0.13391015
v 0.10246947 0.00999085 -0.13267168
v 0.10480048 0.01081898 -0.13104020
v 0.10802280 0.00890747 -0.12858447
v 0.10863892 0.00667826 -0.12883899
v 0.10950048 0.01061936 -0.12713453
v 0.11300904 0.00667216 -0.12508912
v 0.11117940 0.01091284 -0.12558505
v 0.06487589 0.01091137 -0.15475883
v 0.10241301 0.01122901 -0.13214132
v 0.07343709 0.00613132 -0.15177613
v 0.06566002 0.00612857 -0.15507796
v 0.06162530 0.00615437 -0.15661019
v 0.06092376 0.00658001 -0.15654476
v 0.09612511 0.00611337 -0.13846861
v 0.05880200 0.00611983 -0.15789306
v 0.05536256 0.00609226 -0.15939212
v -0.07487712 0.01818612 0.14822122
v -0.07221320 0.01716606 0.14983767
v -0.07534152 0.01380532 0.14888896
v -0.06922803 0.01374205 0.15178132
v -0.06680287 0.01678138 0.15240282
v -0.06689232 0.01450152 0.15286890
v -0.07267151 0.01903947 0.14958143
v -0.07606861 0.01746487 0.14755930
v -0.07750483 0.01657013 0.14695649
v -0.06532779 0.01468077 0.15389366
v -0.06625415 0.01370217 0.15350947
v -0.07700886 0.01607783 0.14787780
v -0.07788077 0.01448509 0.14725302
v -0.07617690 0.01469270 0.14868273
v -0.07714894 0.01368078 0.14806558
v 0.01060900 0.02023513 -0.00781259
v 0.00818251 0.01979516 -0.00534157
v 0.00751661 0.01786186 -0.00485683
v 0.00692743 0.02059525 -0.00384435
v 0.00568843 0.01937818 -0.00272575
v 0.00556380 0.01500606 -0.00340917
v 0.01153633 0.01981765 -0.00859623
v 0.00911668 0.01669138 -0.00693093
v 0.01330375 0.01686352 -0.01071871
v 0.01349722 0.02014078 -0.01045923
v 0.01512660 0.01709438 -0.01208936
v 0.01524584 0.01983208 -0.01209986
v 0.01767449 0.01948949 -0.01475692
v 0.00740703 0.01590695 -0.00587934
v 0.00622578 0.01614515 -0.00410065
v 0.00668162 0.01470586 -0.00559062
v 0.00809064 0.01451333 -0.00808361
v 0.00876012 0.01544137 -0.00851801
v 0.00863080 0.01399525 -0.00843103
v 0.01221944 0.02052758 -0.00965317
v 0.00780742 0.02060935 -0.00544975
v 0.01534858 0.02045145 -0.01274376
v 0.00684504 0.01390012 -0.00499776
v 0.01753162 0.02046611 -0.01552718
v 0.00587436 0.01935623 -0.00155362
v 0.00600095 0.01681816 0.00018071
v 0.00605864 0.02052482 0.00205161
v 0.00611517 0.01707956 0.00224491
v 0.00576472 0.01986492 0.00410491
v 0.00584472 0.01796960 0.00393077
v 0.00574140 0.01501079 0.00234086
v 0.00531796 0.01605635 0.00448932
v 0.00531123 0.01395816 0.00406623
v 0.00584433 0.02100132 0.00081492
v 0.00580062 0.02057247 -0.00137354
v 0.00482792 0.02506975 0.00103764
v 0.00544137 0.02141546 0.00244058
v 0.00361458 0.02490159 0.00470144
v 0.00481737 0.02097503 0.00430038
v 0.00216957 0.02489250 0.00633983
v 0.00045721 0.02174478 0.00806004
v 0.00524232 0.02049692 0.00460425
v 0.00186312 0.02567627 0.00600792
v -0.05733971 0.01672463 0.02812074
v -0.05468311 0.01756400 0.02833967
v -0.05871152 0.01687092 0.02947577
v -0.05976855 0.01758787 0.03143495
v -0.06097667 0.01654733 0.02949504
v -0.06132201 0.01672387 0.03095630
v -0.06402439 0.01647814 0.03091301
v -0.06416597 0.01682598 0.03234322
v -0.06687252 0.01662719 0.03218939
v -0.06625789 0.01714563 0.03365975
v -0.06843346 0.01669592 0.03363648
v -0.06812296 0.01766220 0.03532976
v -0.06973808 0.01684565 0.03500464
v -0.07045728 0.01755346 0.03674630
v -0.07212704 0.01651087 0.03498056
v -0.07229906 0.01668889 0.03641628
v -0.07380735 0.01699967 0.03774270
v -0.07499848 0.01648922 0.03625311
v -0.07665199 0.01669898 0.03763954
v -0.07717272 0.01712436 0.03916563
v -0.07937076 0.01679526 0.03906242
v -0.08061093 0.01689861 0.04046413
v -0.08224568 0.01697142 0.04190167
v -0.08303787 0.01652583 0.04044962
v -0.08455542 0.01654402 0.04200625
v -0.08585510 0.01687835 0.04325930
v -0.08739340 0.01657570 0.04186120
v -0.08887709 0.01675298 0.04323582
v -0.08786745 0.01762019 0.04516482
v -0.09022641 0.01693800 0.04468551
v -0.09160860 0.01708519 0.04602394
v -0.09222573 0.01748831 0.04737256
v -0.09406622 0.01674054 0.04604269
v -0.07852951 0.01676909 0.03747584
v -0.09286632 0.01684690 0.04456440
v -0.09421941 0.01685093 0.04745183
v -0.09568924 0.01702986 0.04879262
v -0.09708264 0.01662609 0.04730549
v -0.09763453 0.01674279 0.04874810
v -0.09683830 0.01773714 0.05034818
v -0.09846755 0.01703285 0.05009098
v -0.10106780 0.01673802 0.05005069
v -0.09972581 0.01673315 0.04851756
v -0.10128342 0.01691720 0.05153367
v -0.10273053 0.01690308 0.05298363
v -0.10376117 0.01665390 0.05143051
v -0.10501882 0.01661145 0.05291216
v -0.10400783 0.01708444 0.05427119
v -0.10679444 0.01673829 0.05430965
v -0.10796288 0.01688369 0.05574651
v -0.10926421 0.01693470 0.05714415
v -0.10931376 0.01764571 0.05885970
v -0.11004134 0.01675526 0.05564929
v -0.07022998 0.01667661 0.03356384
v -0.11110602 0.01684619 0.05868497
v -0.08167256 0.01675647 0.03889330
v -0.05979031 0.01675667 0.02806531
v -0.11231130 0.01672168 0.05691978
v -0.11198060 0.01694617 0.05564971
v -0.11376161 0.01660545 0.05842428
v -0.11230215 0.01701781 0.06005773
v -0.11481161 0.01673011 0.05985449
v -0.11350643 0.01764117 0.06203540
v -0.10934753 0.01683247 0.05414760
v -0.10371778 0.01692200 0.04986454
v -0.07206790 0.01688348 0.03353144
v -0.09699386 0.01696528 0.04587431
v -0.06388558 0.01687710 0.02947988
v -0.07488361 0.01683471 0.03485467
v -0.09088641 0.01693068 0.04269622
v -0.09276247 0.01713081 0.04309544
v -0.08570073 0.01665217 0.04039973
v -0.06662004 0.01688391 0.03080228
v -0.10789581 0.01688012 0.05274593
v -0.09956159 0.01701466 0.04717690
v -0.08037833 0.01701920 0.03743571
v -0.11639939 0.01704427 0.05825225
v -0.07765067 0.01693883 0.03608906
v -0.11490411 0.01691562 0.06132806
v -0.11671083 0.01669633 0.06195679
v -0.11607229 0.01694721 0.06353392
v -0.11815333 0.01645618 0.06390965
v -0.11767236 0.01681044 0.05981192
v -0.11975568 0.01649060 0.06348736
v -0.06933097 0.01697560 0.03212227
v -0.12033936 0.01687214 0.06113914
v -0.10638501 0.01700652 0.05140024
v -0.10230874 0.01713847 0.04846065
v -0.09538505 0.01715839 0.04456956
v -0.11668486 0.01748153 0.06510612
v -0.08419334 0.01701163 0.03903087
v -0.11935081 0.01718929 0.05942691
v -0.09036400 0.01757327 0.04054984
v -0.11544973 0.01740748 0.05698215
v -0.10529561 0.01762098 0.04931213
v -0.09293400 0.01788683 0.04156661
v -0.10119038 0.01773567 0.04684242
v -0.07936840 0.01769014 0.03568124
v -0.07673740 0.01763581 0.03454771
v -0.06563536 0.01764582 0.02915845
v -0.11377756 0.01775731 0.05537155
v -0.10835136 0.01774002 0.05134338
v -0.09690612 0.01786164 0.04411008
v -0.12150729 0.01783432 0.06020373
v -0.12147377 0.01764070 0.06291556
v -0.10209324 0.01779126 0.05401539
v -0.05159352 0.01759539 0.02717277
v -0.05243837 0.01652985 0.02552106
v -0.05038611 0.01668410 0.02551335
v -0.11534189 0.01757038 0.06371585
v 0.00357472 0.00969905 0.00470752
v 0.00271244 0.00411991 0.00456435
v 0.00432449 0.00492518 0.00327841
v 0.00479135 0.00973062 0.00338476
v 0.00159935 0.00622996 0.00555788
v 0.00228189 0.00960486 0.00545468
v 0.00060744 0.00480376 0.00558539
v 0.00256490 0.01079213 0.00592792
v 0.00255956 0.00192822 0.00315645
v 0.00078076 0.00970723 0.00590464
v 0.00005937 0.00182649 0.00442419
v 0.00006836 0.01075711 0.00636785
v 0.00070957 0.00060923 0.00309472
v 0.00418980 0.00189634 0.00083290
v 0.00277288 0.00049003 0.00117244
v 0.00576812 0.01076231 0.00176227
v 0.00576318 0.00842386 0.00007420
v 0.00419390 0.00176791 -0.00032111
v -0.04879197 0.01654767 0.02266211
v -0.05007010 0.01645190 0.02409466
v -0.04694712 0.01631543 0.02276972
v -0.05164867 0.01748909 0.02248950
v -0.05293985 0.01695709 0.02401411
v -0.04597318 0.01644990 0.02118850
v -0.05174862 0.01802939 0.02210148
v -0.05457648 0.01773588 0.02364465
v -0.05439989 0.01670457 0.02541107
v -0.05705891 0.01768727 0.02493151
v -0.05520418 0.01667505 0.02679142
v -0.05702326 0.01678099 0.02666580
v -0.04576417 0.01766688 0.01919914
v -0.04414817 0.01616747 0.02128342
v -0.04316367 0.01633602 0.01980194
v -0.04128226 0.01603709 0.01989575
v -0.04042893 0.01636196 0.01845629
v -0.03862861 0.01611616 0.01855566
v -0.03783846 0.01637636 0.01717016
v -0.03789030 0.01758501 0.01531982
v -0.03598116 0.01660810 0.01565290
v -0.03544679 0.01772132 0.01395984
v -0.03465259 0.01629618 0.01571951
v -0.03368654 0.01666784 0.01437521
v -0.03279395 0.01765320 0.01263382
v -0.03188496 0.01619516 0.01438308
v -0.03185465 0.01695270 0.01289432
v -0.03005071 0.01639250 0.01290225
v -0.03327147 0.01621391 0.01583276
v -0.03139730 0.01647069 0.01587713
v -0.02774041 0.01610026 0.01310519
v -0.02819673 0.01656521 0.01154577
v -0.03003762 0.01765124 0.01104810
v -0.02747764 0.01758333 0.00967580
v -0.02638554 0.01614611 0.01164733
v -0.02545295 0.01639967 0.01018037
v -0.02502248 0.01607568 0.01176479
v -0.02366184 0.01597639 0.01023135
v -0.02268361 0.01615349 0.00881549
v -0.01980300 0.01578502 0.00732096
v -0.02639107 0.01631727 0.01317782
v -0.01890570 0.01565968 0.00897728
v -0.04269811 0.01622534 0.02137192
v -0.02082533 0.01610647 0.01040864
v -0.01805944 0.01546224 0.00740788
v -0.01712616 0.01561943 0.00599447
v -0.01666212 0.01641349 0.00457706
v -0.01514002 0.01556528 0.00484582
v -0.01629718 0.01758097 0.00314072
v -0.01385022 0.01570772 0.00334094
v -0.01101007 0.01555294 0.00169087
v -0.02369425 0.01632325 0.01180188
v -0.03733457 0.01629942 0.01863032
v -0.01304157 0.01759259 0.00064640
v -0.01089560 0.01728932 -0.00034842
v -0.05323387 0.01686437 0.02688953
v -0.04136261 0.01657930 0.02137206
v -0.03605391 0.01677806 0.01862133
v 0.15333582 0.01010927 -0.06826246
v 0.15349355 0.00817069 -0.06826436
v 0.15606296 0.00793082 -0.06201683
v 0.15491955 0.01101064 -0.06448312
v 0.15605567 0.00993941 -0.06171368
v 0.15639125 0.01095656 -0.06056499
v 0.15785679 0.00685366 -0.05763987
v 0.15746015 0.01081536 -0.05749469
v 0.16021085 0.01088215 -0.04933779
v 0.16035175 0.00810075 -0.04930365
v 0.16122769 0.01011654 -0.04624237
v 0.16184287 0.00700653 -0.04538416
v 0.16161232 0.01097093 -0.04521566
v 0.16318114 0.00711302 -0.04170111
v 0.16293508 0.01040183 -0.04137209
v 0.16372170 0.00671382 -0.04021762
v 0.16059838 0.00679164 -0.04933478
v 0.16404195 0.01001487 -0.03688645
v 0.15736955 0.00639005 -0.05985604
v 0.16470666 0.00813018 -0.03461077
v 0.16102189 0.01117679 -0.04595357
v 0.15213339 0.01095619 -0.07046716
v 0.15209147 0.00809805 -0.07106613
v 0.15231070 0.00663830 -0.07140402
v 0.15054643 0.00812594 -0.07367743
v 0.15074326 0.01001172 -0.07307296
v 0.15062509 0.01105080 -0.07288365
v 0.14927277 0.01097805 -0.07515414
v 0.14734243 0.00827825 -0.07891522
v 0.16376324 0.01107278 -0.03622913
v 0.16370572 0.00625044 -0.04190856
v 0.16262715 0.00657500 -0.04426458
v 0.16227615 0.00633918 -0.04605185
v 0.15976718 0.01118721 -0.04964957
v -0.02984176 0.01117406 -0.16349261
v -0.03559966 0.00834989 -0.16310814
v -0.03041100 0.00833751 -0.16363113
v -0.03516742 0.01016754 -0.16314751
v -0.02692974 0.01116415 -0.16394977
v -0.02786183 0.00653334 -0.16428001
v -0.03820302 0.00616736 -0.16303360
v -0.04163442 0.01127954 -0.16173379
v -0.04194976 0.00847856 -0.16169193
v -0.04805683 0.00810639 -0.16024692
v -0.05538766 0.00831588 -0.15801881
v -0.04838590 0.01114684 -0.15996389
v -0.05634759 0.01100078 -0.15751413
v -0.05601346 0.00664553 -0.15815917
v -0.06088955 0.01113397 -0.15570058
v -0.06339087 0.00827245 -0.15503599
v -0.06370682 0.01113473 -0.15473972
v -0.06437407 0.00661417 -0.15486468
v -0.02593226 0.01107448 -0.16441597
v -0.02102382 0.00822961 -0.16547821
v -0.02051299 0.01018410 -0.16558464
v -0.01417477 0.00817372 -0.16606382
v -0.02022651 0.00646182 -0.16577086
v -0.01512321 0.01121826 -0.16604359
v -0.00272497 0.00643536 -0.16675428
v -0.00248635 0.00818014 -0.16656570
v -0.00158438 0.01000259 -0.16656031
v -0.00216915 0.01121007 -0.16632597
v 0.01106436 0.00646643 -0.16653664
v 0.01144051 0.00822485 -0.16629393
v 0.02004560 0.00843399 -0.16566721
v 0.01972503 0.00647506 -0.16582492
v 0.02189412 0.01013735 -0.16559765
v -0.01148740 0.01827635 -0.01093464
v -0.01229983 0.01752100 -0.01145139
v -0.01507279 0.02031158 -0.01279757
v -0.01188064 0.01994335 -0.01068431
v -0.01687720 0.01974142 -0.01411905
v -0.00874833 0.01854639 -0.00933305
v -0.00764054 0.01977921 -0.00849102
v -0.01953170 0.02039771 -0.01569065
v -0.02110728 0.01978234 -0.01691460
v -0.02113486 0.01767007 -0.01722723
v -0.02382999 0.01774389 -0.01944452
v -0.02220903 0.02042174 -0.01715031
v -0.00879055 0.01765892 -0.00917566
v -0.00671831 0.02046853 -0.00780919
v -0.01289972 0.02030968 -0.01084898
v -0.02251882 0.01756508 -0.01824249
v -0.01783921 0.01971418 -0.00763242
v -0.02004235 0.01980494 -0.00912627
v -0.01685450 0.01755159 -0.00734220
v -0.01842237 0.01730064 -0.00859237
v -0.02111376 0.01740636 -0.01038620
v -0.02169265 0.02037604 -0.01017085
v -0.02251057 0.01741880 -0.01133380
v -0.01569338 0.01738635 -0.00660875
v -0.02420994 0.02035499 -0.01162973
v -0.02471114 0.01759260 -0.01261728
v -0.02644454 0.01984260 -0.01313034
v -0.01431475 0.01843644 -0.00518614
v -0.01503149 0.01974875 -0.00561869
v -0.01338906 0.01748171 -0.00494222
v -0.01153649 0.01844854 -0.00359691
v -0.02796740 0.01777361 -0.01408584
v -0.00988343 0.02036338 -0.00282943
v -0.00992913 0.01703283 -0.00284848
v -0.01112807 0.01697376 -0.00411085
v -0.01738608 0.02039644 -0.00758352
v -0.01469595 0.02038546 -0.00576791
v -0.01959244 0.01687578 -0.00991614
v -0.01678400 0.01647704 -0.00859409
v -0.02102848 0.01664306 -0.01143853
v -0.01106084 0.01608260 -0.00567657
v -0.01245448 0.01652096 -0.00562807
v -0.00966306 0.01624632 -0.00426576
v -0.02097364 0.01614101 -0.01304861
v -0.00973490 0.02031358 -0.00212075
v -0.00551043 0.00336906 -0.00003914
v -0.00455606 0.00464784 -0.00296450
v -0.00447787 0.00193678 -0.00048530
v -0.00277085 0.00135601 -0.00272243
v -0.00265502 0.00316669 -0.00419592
v -0.00604097 0.00620792 -0.00110676
v -0.00304890 0.00046796 -0.00068606
v -0.00320111 0.00567372 -0.00464963
v -0.00103100 0.00142739 -0.00411733
v -0.00498385 0.00850221 -0.00300508
v -0.00115931 0.00468649 -0.00569897
v -0.00297297 0.00883378 -0.00496486
v -0.00610657 0.00979733 -0.00096011
v -0.00114690 0.00046618 -0.00299819
v -0.00655074 0.01076765 0.00114960
v -0.00307092 0.00045917 0.00136748
v -0.00149380 0.00003385 0.00057347
v 0.00065776 0.00020639 -0.00285318
v -0.00498298 0.02512066 -0.00516306
v -0.00675479 0.02167568 -0.00432767
v -0.00862356 0.02169003 -0.00222246
v -0.00868910 0.02067341 -0.00282707
v -0.00609763 0.02074044 -0.00532418
v -0.00851045 0.02579253 -0.00072391
v -0.00908783 0.02168336 -0.00062399
v -0.00457834 0.02050146 -0.00757891
v -0.00118061 0.02072689 -0.00930744
v -0.00183981 0.01961199 -0.00920491
v -0.00023966 0.02034000 -0.01013553
v -0.05489205 0.01847187 0.02387264
v -0.05753489 0.01873965 0.02520913
v -0.05965268 0.01765786 0.02627273
v -0.06009167 0.01870276 0.02643707
v -0.06255861 0.01767020 0.02762824
v -0.06277715 0.01864688 0.02777399
v -0.06562313 0.01850008 0.02919205
v -0.06835017 0.01770931 0.03041324
v -0.06856184 0.01852403 0.03055874
v -0.07105849 0.01771236 0.03175020
v -0.07105188 0.01850385 0.03179363
v -0.07387147 0.01768414 0.03308921
v -0.07385076 0.01847911 0.03318298
v -0.07668110 0.01847288 0.03464802
v -0.07944229 0.01851045 0.03591444
v -0.08211774 0.01768770 0.03697859
v -0.08432661 0.01763847 0.03802082
v -0.05021745 0.01945146 0.02190953
v -0.04827830 0.01866645 0.02052730
v -0.04417733 0.01847085 0.01852132
v -0.04755212 0.01773114 0.02016773
v -0.04309008 0.01755369 0.01813544
v -0.04122245 0.01852238 0.01697283
v -0.03791278 0.01940048 0.01550085
v -0.03741712 0.01859071 0.01492749
v -0.04048633 0.01765314 0.01670003
v -0.03239948 0.01858322 0.01239318
v -0.02838266 0.01954748 0.01031954
v -0.02705871 0.01824505 0.00928093
v -0.02524670 0.01763731 0.00844914
v -0.02347978 0.01865882 0.00756028
v -0.02243780 0.01727352 0.00738478
v -0.02351694 0.01964085 0.00808650
v -0.02138497 0.01833136 0.00636509
v -0.01818871 0.01989079 0.00472600
v -0.01801421 0.01856181 0.00438723
v -0.01584218 0.01957736 0.00283121
v -0.01466235 0.01823647 0.00164272
v -0.01815195 0.01741529 0.00466365
v -0.04868143 0.01744622 0.02102723
v -0.08739931 0.01782801 0.03871104
v -0.01548253 0.01994761 0.00290622
v -0.01002602 0.01978473 -0.00151135
v -0.01985551 0.01728363 0.00578871
v -0.01348387 0.01682592 0.00162746
v -0.07080531 0.01930069 0.03223503
v -0.06455327 0.01931898 0.02925495
v -0.05799129 0.01942672 0.02594995
v -0.08157177 0.01922571 0.03746456
v -0.07350164 0.01927153 0.03363257
v -0.00948123 0.02051835 -0.00116049
v -0.08795121 0.01882197 0.03982440
v -0.09003785 0.01786427 0.03987129
v 0.00217273 0.02508529 -0.00540330
v 0.00378919 0.02520578 -0.00369887
v 0.00366646 0.02074220 -0.00485074
v 0.00483738 0.02079610 -0.00352907
v 0.00207628 0.02610874 -0.00494481
v 0.00155049 0.02078204 -0.00617892
v -0.00027653 0.02512181 -0.00660087
v -0.00045880 0.02597011 -0.00634106
v -0.00111165 0.02090433 -0.00681924
v -0.00235380 0.02574917 -0.00646204
v -0.00213953 0.02183339 -0.00675411
v -0.00271003 0.02102085 -0.00732751
v -0.00264692 0.02383817 -0.00669816
v -0.00410941 0.02104090 -0.00642286
v 0.00517046 0.02196849 -0.00199794
v 0.00473662 0.02518648 -0.00094016
v 0.00489266 0.01629644 -0.01067256
v 0.00355078 0.01682144 -0.01135393
v 0.00473174 0.01659611 -0.01163630
v 0.00796013 0.01555765 -0.01193956
v 0.00721576 0.01667560 -0.01280897
v 0.00881118 0.01658527 -0.01355284
v 0.01017547 0.01535939 -0.01158084
v 0.01033860 0.01665444 -0.01456257
v 0.01419502 0.01575108 -0.01559698
v 0.01281233 0.01687761 -0.01648128
v 0.01443043 0.01782026 -0.01802706
v 0.01650284 0.01729754 -0.01713419
v 0.00886410 0.01974150 -0.01418210
v 0.00672811 0.02046685 -0.01306003
v 0.00413587 0.02003467 -0.01182691
v 0.01123456 0.02041380 -0.01583516
v 0.00136385 0.01859317 -0.01081564
v 0.00287305 0.02057456 -0.01134525
v 0.01305117 0.01981621 -0.01702135
v 0.01455533 0.01963984 -0.01827336
v 0.01400657 0.02053856 -0.01733457
v -0.17466092 0.01916680 -0.00656714
v -0.17500000 0.01832913 0.00027007
v -0.17462827 0.01830453 0.00894430
v -0.17290929 0.01927520 -0.02643487
v -0.17351265 0.01897833 -0.02202784
v -0.17418624 0.01419458 -0.01718365
v -0.17292225 0.01580216 -0.02669208
v -0.17265029 0.00688179 -0.02718660
v -0.17155010 0.00599215 -0.03324242
v -0.17199630 0.01602840 -0.03205546
v -0.17069429 0.01578871 -0.03830507
v -0.17033587 0.00600890 -0.03886163
v -0.17060442 0.01902798 -0.03854750
v -0.17470714 0.01813618 -0.00947645
v -0.17458849 0.00656721 -0.00975281
v -0.17492633 0.00642467 -0.00033338
v -0.17495762 0.00967959 0.00147589
v -0.17463289 0.00597007 -0.00622149
v -0.17457673 0.00648113 0.00922598
v -0.17408052 0.01402506 0.01753242
v -0.17402603 0.00672802 0.01701084
v -0.17416002 0.00593344 0.01431741
v -0.17333427 0.01889819 0.02288218
v -0.17232722 0.01688001 0.03022542
v -0.17289552 0.00681832 0.02527411
v -0.17176196 0.00672165 0.03230579
v -0.17179546 0.01927562 0.03252762
v -0.17069751 0.01894690 0.03825111
v -0.17044285 0.00679105 0.03860562
v 0.00041936 0.00581342 -0.17461874
v -0.13577591 0.01928216 0.09673934
v -0.13153565 0.01922307 0.10190922
v -0.13378912 0.01834792 0.09842546
v -0.13166328 0.01820791 0.10101167
v -0.13014065 0.01839486 0.10288256
v -0.13583729 0.01823634 0.09564743
v -0.13671605 0.01920759 0.09528105
v -0.13717709 0.01825081 0.09381673
v -0.13798013 0.01926891 0.09373543
v -0.12973481 0.01918486 0.10372460
v -0.13882254 0.01930328 0.09174621
v -0.13994157 0.01900482 0.08922363
v -0.14146969 0.01926338 0.08774937
v -0.14148657 0.01848143 0.08670343
v -0.12850825 0.01931639 0.10556509
v -0.10888156 0.01920595 0.12565240
v -0.10859418 0.01838416 0.12529625
v -0.11083345 0.01921481 0.12389837
v -0.11055740 0.01830360 0.12346041
v -0.11220182 0.01921553 0.12258041
v -0.11252510 0.01824561 0.12162723
v -0.11494515 0.01821220 0.11923618
v -0.11639671 0.01918551 0.11843539
v -0.11653663 0.01830658 0.11761843
v -0.11809926 0.01920590 0.11677809
v -0.11813344 0.01836019 0.11606488
v -0.11969103 0.01915151 0.11498440
v -0.12016811 0.01846484 0.11401635
v -0.12126999 0.01923607 0.11352772
v -0.12254713 0.01877161 0.11154331
v -0.12234420 0.01918868 0.11219155
v -0.12438358 0.01930754 0.11021284
v -0.12308350 0.01824163 0.11082166
v -0.12547052 0.01833154 0.10816800
v -0.12585191 0.01925568 0.10852769
v -0.12820022 0.01852806 0.10524442
v -0.11967099 0.01720497 0.11451394
v -0.11554632 0.01364874 0.11933020
v -0.11844756 0.01365375 0.11648991
v -0.11984680 0.01471257 0.11472291
v -0.12293532 0.01366789 0.11166016
v -0.12467375 0.01368586 0.10978620
v -0.12838759 0.01373378 0.10558776
v -0.12827159 0.01680762 0.10518634
v -0.10984419 0.01450850 0.12480553
v -0.10735675 0.01374444 0.12719776
v -0.13075221 0.01371224 0.10258573
v -0.13277695 0.01369891 0.10031037
v -0.13458166 0.01367529 0.09799277
v -0.13677618 0.01464993 0.09499013
v -0.10340372 0.01818068 0.12976199
v -0.10261121 0.01366735 0.13103642
v -0.10106860 0.01825476 0.13176532
v -0.10017320 0.01374412 0.13310842
v -0.09863988 0.01834850 0.13376087
v -0.09586014 0.01821186 0.13583872
v -0.10969273 0.01366231 0.12486904
v -0.09280667 0.01374690 0.13842361
v -0.08660252 0.01377621 0.14223179
v -0.08409518 0.01708686 0.14308095
v -0.08232458 0.01896237 0.14422511
v -0.08392911 0.01366294 0.14349994
v -0.08179851 0.01381136 0.14461441
v -0.08035967 0.01828407 0.14511131
v -0.07999308 0.01363218 0.14571758
v -0.07748556 0.01842147 0.14674157
v -0.07769620 0.01361774 0.14694792
v 0.00294781 0.00986189 -0.00467705
v 0.00444579 0.00617624 -0.00339066
v 0.00243991 0.00611210 -0.00515625
v 0.00479469 0.00996855 -0.00276307
v 0.00276914 0.00373535 -0.00434226
v 0.00440581 0.00361246 -0.00249950
v 0.00556987 0.00620567 -0.00121054
v 0.00345744 0.01082374 -0.00473971
v 0.00566226 0.01076983 -0.00121318
v 0.00573005 0.00495207 0.00019302
v 0.00266531 0.00099304 -0.00246757
v 0.00100898 0.00127237 -0.00396064
v 0.00294467 0.00045993 -0.00078949
v -0.00014247 0.00353969 -0.00559181
v 0.00066389 0.00891467 -0.00551721
v 0.00040968 0.00663072 -0.00593540
v -0.00110022 0.00629236 -0.00602285
v -0.00098639 0.00967776 -0.00555365
v 0.00131898 0.00000000 0.00018757
v -0.16531982 0.01921097 -0.02684644
v -0.16601263 0.01918787 -0.01496529
v -0.16674641 0.01922051 -0.01376204
v -0.16663642 0.01920914 0.01019334
v -0.16591872 0.01886031 0.01070650
v -0.16576482 0.01919121 0.02052651
v -0.16516539 0.01922273 0.02821196
v -0.08780718 0.01921443 0.14136790
v -0.08720607 0.01824778 0.14113103
v -0.09023879 0.01839410 0.13940094
v -0.08497915 0.01925934 0.14307688
v -0.08491302 0.01834117 0.14260255
v -0.09171866 0.01925355 0.13889754
v -0.09311223 0.01829902 0.13775803
v -0.09275483 0.01928869 0.13855630
v -0.09648272 0.01927194 0.13578743
v -0.09790490 0.01919648 0.13463846
v -0.10190528 0.01932028 0.13161106
v -0.10386308 0.01922844 0.12967461
v -0.10588029 0.01830257 0.12772082
v -0.08151437 0.01929482 0.14513905
v -0.07801002 0.01920872 0.14704463
v -0.07561740 0.01888873 0.14795737
v -0.07491302 0.01925910 0.14905126
v -0.07180601 0.01923918 0.15048565
v -0.06991357 0.01873234 0.15086214
v -0.06904611 0.01927826 0.15186790
v -0.06637251 0.01845507 0.15242241
v -0.06686166 0.01918351 0.15269032
v -0.06385778 0.01924033 0.15443024
v -0.16048138 0.01920822 0.04503163
v -0.15970033 0.01916778 0.04958795
v -0.16113876 0.01925490 0.04404110
v -0.16224410 0.01923149 0.03946111
v -0.16349509 0.01917122 0.03495322
v -0.16434860 0.01846628 0.02853503
v -0.15897052 0.01843435 0.04956464
v -0.15889829 0.01913290 0.05071905
v -0.15759918 0.01821192 0.05289618
v -0.15782690 0.01913539 0.05349346
v -0.15628827 0.01848876 0.05646677
v -0.15647320 0.01918391 0.05720791
v -0.15491670 0.01831541 0.05994036
v -0.15515587 0.01922976 0.06036640
v -0.15376782 0.01928188 0.06435254
v -0.15242222 0.01925121 0.06706537
v -0.15028244 0.01932191 0.07173106
v -0.15131971 0.01923984 0.06947154
v -0.15077490 0.01836523 0.06934942
v -0.14941768 0.01876705 0.07222296
v -0.14885326 0.01924375 0.07453994
v -0.14723393 0.01915431 0.07663017
v -0.16450019 0.01912446 0.02897187
v -0.14560498 0.01905526 0.07943434
v 0.11882292 0.01950098 0.12797137
v 0.11507003 0.01936301 0.13155954
v 0.12380593 0.01900885 0.12369598
v 0.10868913 0.01935277 0.13679686
v 0.12909904 0.01830364 0.11840049
v 0.12942886 0.01927906 0.11770352
v 0.13469559 0.01945374 0.11175688
v 0.13810858 0.01915904 0.10729481
v 0.12379989 0.01959296 0.12304712
v 0.13788293 0.01958259 0.10709361
v 0.12986286 0.01962351 0.11646266
v 0.14012770 0.01975620 0.10342779
v 0.14437923 0.01972565 0.09764153
v 0.13589440 0.01973460 0.10914953
v 0.11347029 0.01953660 0.13218269
v 0.14726447 0.01976488 0.09306759
v 0.15031971 0.01933707 0.08900430
v 0.15146782 0.01971782 0.08598191
v -0.05632350 0.01958360 -0.16414505
v -0.04871146 0.01960688 -0.16057335
v -0.04831231 0.01959606 -0.16690961
v -0.03721533 0.01958740 -0.16291541
v -0.03791374 0.01956948 -0.16973540
v -0.02942288 0.01962387 -0.16470768
v -0.01882736 0.01961670 -0.16796790
v -0.02514191 0.01953278 -0.17218326
v -0.00478362 0.01965047 -0.16789204
v -0.00001960 0.01956412 -0.17433947
v 0.01794068 0.01956046 -0.17252579
v 0.01747040 0.01960830 -0.16752598
v -0.06764942 0.01964745 -0.15274979
v -0.05910632 0.01960438 -0.15683775
v -0.06550047 0.01964275 -0.16073923
v -0.07210983 0.01962043 -0.15787888
v -0.07654799 0.01963633 -0.14878862
v -0.08142261 0.01959022 -0.15332052
v -0.08925062 0.01960845 -0.14932710
v -0.08767793 0.01965142 -0.14267129
v -0.09534193 0.01958192 -0.14558430
v -0.09479558 0.01958291 -0.13790506
v -0.10351248 0.01962263 -0.13974081
v -0.09920216 0.01957165 -0.13488185
v -0.10816418 0.01956191 -0.12796395
v -0.11274929 0.01955242 -0.13254505
v -0.11683858 0.01951710 -0.11909221
v -0.12244906 0.01956471 -0.12394657
v -0.12149004 0.01950271 -0.11489065
v -0.13230795 0.01953387 -0.11292894
v -0.13016804 0.01948621 -0.10458666
v -0.14360139 0.01944677 -0.09889480
v -0.13679989 0.01942681 -0.09619974
v -0.14163642 0.01943422 -0.08936308
v -0.14721441 0.01941327 -0.09351286
v -0.14939408 0.01942865 -0.08960988
v -0.14684197 0.01945912 -0.08066422
v -0.02000673 0.01954175 -0.16560854
v -0.15622804 0.01930701 -0.07725153
v -0.15156966 0.01942463 -0.07146064
v -0.15893857 0.01934948 -0.06828444
v -0.16386491 0.01929606 -0.05899847
v -0.16198131 0.01924726 -0.06480747
v -0.15912174 0.01925806 -0.07100498
v 0.02731676 0.01980098 -0.17165409
v 0.02654205 0.01990730 -0.16494429
v 0.03763369 0.01979290 -0.16993207
v 0.03957164 0.01990413 -0.16621171
v 0.04633052 0.01983654 -0.16737999
v 0.04894109 0.01991130 -0.16293001
v 0.05544710 0.01983431 -0.16441403
v 0.06240939 0.01979574 -0.16195591
v 0.04734513 0.02007542 -0.15952195
v 0.03752984 0.02007857 -0.16284530
v 0.05876662 0.02004552 -0.15670459
v 0.06299428 0.02003688 -0.15417504
v 0.06959853 0.01987113 -0.15896690
v 0.07436749 0.01990576 -0.15682670
v 0.06741826 0.01984582 -0.16019091
v 0.07227825 0.02015724 -0.15090305
v 0.08492093 0.01990200 -0.15158737
v 0.08303827 0.02019858 -0.14478892
v 0.08969861 0.01989905 -0.14904040
v 0.09431373 0.01988089 -0.14634521
v 0.08978798 0.02018530 -0.14092442
v 0.09528213 0.02009227 -0.13766326
v 0.07853425 0.01992591 -0.15487550
v 0.09965786 0.01991174 -0.14266200
v 0.10552128 0.01996419 -0.13823895
v 0.10282856 0.02022529 -0.13158962
v -0.16243708 0.01935383 -0.04323792
v -0.17129748 0.01924158 0.01893032
v -0.16965038 0.01927990 0.04242375
v -0.17277350 0.01927686 0.02637845
v -0.17167361 0.01926942 -0.01569747
v -0.16660970 0.01928712 -0.02531946
v -0.17140363 0.01933797 -0.03067543
v -0.16933009 0.01931947 -0.04143098
v -0.16333276 0.01927556 -0.03518937
v -0.16730700 0.01933500 -0.05012183
v -0.16583766 0.01930723 -0.05394216
v -0.16420923 0.01928350 0.03637934
v -0.16822650 0.01932115 0.04717522
v -0.17461640 0.01929836 0.00466362
v -0.17407241 0.01926359 -0.01661222
v -0.16501766 0.01929311 0.05673868
v -0.16110446 0.01930320 0.06715714
v -0.16023739 0.01927901 0.05085411
v -0.15859731 0.01932387 0.07270499
v -0.15584835 0.01927864 0.07877143
v -0.15446624 0.01933119 0.08151918
v -0.14882809 0.01931059 0.07616392
v -0.15164281 0.01934647 0.08622252
v -0.14483957 0.01932410 0.08363773
v -0.12946402 0.01938557 0.11619743
v -0.11658105 0.01932165 0.11960892
v -0.11706121 0.01939538 0.12865266
v -0.10874733 0.01932592 0.12699194
v -0.09676398 0.01925977 0.13972405
v -0.09816044 0.01931952 0.14451784
v -0.08173766 0.01932023 0.15385516
v -0.05647400 0.01928145 0.15718530
v -0.05751273 0.01930304 0.16447820
v -0.05084451 0.01924825 0.15915366
v -0.05196227 0.01931955 0.16659559
v -0.06414466 0.01931350 0.16216740
v -0.07423320 0.01931348 0.15785801
v -0.07764913 0.01931833 0.15602078
v -0.04419936 0.01925329 0.16141236
v -0.04653614 0.01935178 0.16827203
v -0.04015705 0.01927837 0.16274369
v -0.04028179 0.01930369 0.16988328
v 0.02033548 0.01929012 0.17324390
v 0.02837744 0.01930063 0.17253013
v 0.01296224 0.01924831 0.16675228
v 0.02956514 0.01925064 0.16521752
v 0.03629901 0.01924696 0.17124727
v -0.00075467 0.01929757 0.17475241
v -0.02054442 0.01930148 0.17317154
v 0.00251449 0.01924544 0.16695082
v -0.01253490 0.01924988 0.16669573
v -0.03147280 0.01922637 0.16608657
v 0.04335574 0.01931448 0.16947353
v 0.03522719 0.01928918 0.16399232
v 0.04844647 0.01934447 0.16790591
v 0.05329501 0.01936227 0.15809377
v 0.05990775 0.01930099 0.16403323
v 0.06018403 0.01943828 0.15549392
v 0.06531818 0.01944096 0.15384351
v 0.07068233 0.01951718 0.15127385
v 0.09372690 0.01954289 0.13814470
v 0.09763734 0.01942713 0.14494415
v 0.09389472 0.01944218 0.14656720
v 0.08491947 0.01940420 0.15278953
v 0.07756786 0.01947107 0.14930081
v 0.09866443 0.01960314 0.13464683
v 0.10843243 0.01965438 0.12647080
v 0.11557246 0.01955351 0.12529522
v 0.12554458 0.01959171 0.11511632
v 0.11339417 0.01959136 0.12164769
v 0.13045914 0.01987017 0.10407882
v 0.13675657 0.01986848 0.09724078
v 0.14117077 0.01991741 0.09065795
v 0.14570940 0.01986354 0.08272993
v 0.15320365 0.01981587 0.08190291
v 0.15273517 0.01993455 0.06975415
v 0.16025019 0.01979856 0.06759287
v 0.16255237 0.01973415 0.06107565
v 0.15512578 0.01984915 0.06127634
v 0.15691772 0.01985226 0.05627351
v 0.16528547 0.01969548 0.05387787
v 0.16096620 0.01977514 0.04992515
v 0.16760901 0.01974163 0.04549130
v 0.16974372 0.01975803 0.03758949
v 0.16405675 0.01982286 0.03414084
v 0.17150638 0.01968345 0.02865264
v 0.16539180 0.01978463 0.02622206
v 0.17280133 0.01967600 0.01754749
v 0.15700936 0.01985284 0.07410800
v 0.15251860 0.01985919 0.06747736
v 0.16642696 0.01995961 0.00960144
v 0.16522564 0.01992699 -0.02598682
v 0.17039336 0.01976303 -0.03454328
v 0.16448653 0.02001855 -0.03512734
v 0.16704798 0.01987786 -0.04665482
v 0.16136867 0.02007968 -0.04330002
v 0.17189206 0.01971328 -0.02833871
v 0.17302942 0.01971258 -0.01522409
v 0.16580027 0.01997819 -0.01702161
v 0.16682139 0.01996062 -0.00255842
v 0.17456327 0.01968604 0.00183355
v 0.16492563 0.01981224 -0.05334523
v 0.16334812 0.01983990 -0.05872194
v 0.15786690 0.02006354 -0.05581458
v 0.15403464 0.02016024 -0.06597546
v 0.15921541 0.01998075 -0.06976660
v 0.15698923 0.02001952 -0.07426800
v 0.14809631 0.02022106 -0.07746597
v 0.15447858 0.01999133 -0.07926416
v 0.15121342 0.01996756 -0.08587366
v 0.14229590 0.02022477 -0.08793638
v 0.14634183 0.01988884 -0.09436338
v 0.14300814 0.01992989 -0.09894212
v 0.13726644 0.02012339 -0.09459081
v 0.13206655 0.02022655 -0.10231887
v 0.11764448 0.02009625 -0.11742517
v 0.12394676 0.01988207 -0.12241048
v 0.11399619 0.02006884 -0.12189960
v 0.11643219 0.01986727 -0.12899138
v 0.10942846 0.02002163 -0.13091211
v 0.11199013 0.01991366 -0.13320072
v 0.12560192 0.02000236 -0.11433194
v 0.13408764 0.01995793 -0.11099943
v 0.12796654 0.01989092 -0.11830734
v 0.12644464 0.02016075 -0.10811660
v 0.16852282 0.01986334 -0.04312426
v 0.11557302 0.02005058 -0.11900857
v 0.15766305 0.01971553 0.05338691
v -0.00072589 0.01952745 -0.16620743
v 0.01613594 0.01950282 -0.16577353
v 0.11903280 0.01984363 -0.12730615
v 0.07706059 0.01937391 0.14813311
v -0.03677990 0.01919926 0.16347584
v 0.14100616 0.01981739 0.08890731
v 0.14471291 0.01978031 0.08255588
v 0.16131943 0.01992351 -0.06447125
v 0.08382053 0.02009517 -0.14335850
v -0.17178354 0.01924437 -0.03269339
v 0.05868722 0.01986605 -0.15528537
v 0.16439466 0.01980257 -0.02779833
v 0.09929630 0.02009282 -0.13364141
v 0.10259822 0.02012273 -0.13066596
v 0.10542046 0.01999258 -0.12789068
v 0.10722458 0.02000309 -0.12633993
v 0.13495402 0.01979856 0.09821346
v -0.11353287 0.01921824 0.12129635
v 0.09338345 0.01996822 -0.13779403
v -0.12463635 0.01928269 0.12216315
v -0.14865887 0.01925828 -0.07465215
v 0.16600083 0.01988500 -0.00629642
v -0.01541776 0.01921422 0.17417809
v -0.12352492 0.01928085 -0.11116391
v 0.03092811 0.01984781 -0.16325203
v 0.04168678 0.01995075 -0.16072915
v -0.02334798 0.01945031 -0.16477709
v -0.05429363 0.01941851 -0.15737201
v 0.09330478 0.01930822 0.14770503
v -0.01921661 0.01945732 -0.17318445
v 0.15258315 0.02000581 -0.06670243
v -0.11504103 0.01916613 0.11975989
v 0.16432019 0.01970850 0.02969274
v -0.12922798 0.01925462 0.11736002
v -0.14314489 0.01919862 0.08467262
v 0.15793240 0.01991547 -0.05293139
v 0.15638962 0.01981077 -0.05623990
v -0.08763716 0.01943776 -0.14147273
v -0.08290310 0.01943702 -0.14416192
v -0.07585189 0.01944655 -0.14787892
v -0.07118811 0.01943723 -0.15026873
v -0.03962937 0.01933441 -0.16170007
v 0.07485166 0.01997014 -0.14821391
v 0.07260828 0.02007242 -0.14968099
v 0.06929366 0.01998775 -0.15142383
v -0.03447750 0.01937455 -0.17123832
v -0.16943295 0.01922492 -0.04285527
v 0.17404726 0.01947733 -0.01504570
v -0.10756334 0.01932769 -0.12693210
v -0.05434083 0.01940799 -0.16560617
v 0.10578354 0.01953715 0.12813203
v -0.17402640 0.01917511 0.01685242
v 0.06425907 0.01994663 -0.15333453
v 0.04961848 0.01922853 0.15910468
v 0.07580695 0.01963201 -0.15670851
v 0.04519155 0.01964446 -0.16838726
v 0.16859871 0.01955156 0.04434322
v -0.05769694 0.01927600 -0.16461608
v -0.13343592 0.01929352 -0.11273465
v -0.15383765 0.01924387 -0.08226352
v -0.07729706 0.01937391 -0.15611227
v -0.13072056 0.01926183 -0.11585666
v 0.06734076 0.01933361 0.15244296
v -0.10618132 0.01941198 -0.13834858
v 0.02287068 0.01922571 0.16577023
v -0.08395681 0.01931487 -0.15284945
v 0.11474232 0.01936327 -0.13179390
v 0.15533975 0.01963041 0.07868148
v -0.13034989 0.01919062 -0.10310186
v 0.05064790 0.01982589 -0.15788020
v 0.16423319 0.01951452 -0.05858686
v -0.09793203 0.01936924 -0.14440233
v -0.15129152 0.01926113 -0.08691858
v -0.07121702 0.01929228 -0.15908879
v -0.06787609 0.01935180 -0.15189105
v -0.06416943 0.01931738 -0.15354063
v 0.15521348 0.01976569 -0.07887224
v 0.10529085 0.01975380 -0.13895150
v -0.13938817 0.01930672 -0.10500012
v 0.08275574 0.01966908 -0.15325038
v 0.16129589 0.01966940 -0.06595348
v 0.03186905 0.01940858 -0.17165861
v -0.13669257 0.01924260 0.10857823
v 0.09646595 0.01914563 0.13551547
v 0.08886804 0.01947099 -0.15031075
v -0.12642695 0.01919073 -0.12062532
v 0.09497283 0.01941570 -0.14669922
v -0.15516211 0.01917876 -0.06013529
v 0.01114409 0.01933827 -0.16566412
v 0.02167557 0.01931004 -0.16463138
v -0.11540733 0.01913437 -0.11943402
v -0.12227076 0.01902779 -0.11226518
v 0.12799762 0.01965761 0.10611871
v 0.12535791 0.01962825 0.10909294
v 0.14488679 0.01945722 0.08143740
v 0.02280821 0.01899642 0.17326334
v 0.14919265 0.01938074 -0.09074704
v -0.02093545 0.01907364 -0.17338075
v 0.12404555 0.01922765 -0.12335791
v 0.10802305 0.01923631 -0.13732496
v 0.07986706 0.01897718 -0.15526924
v -0.14833704 0.01839929 -0.09261893
v -0.15820494 0.01855650 -0.07386989
v -0.12557624 0.01828981 -0.10846952
v -0.00440551 0.00984849 0.00454039
v -0.00425411 0.00658636 0.00435117
v -0.00184455 0.00771730 0.00577204
v -0.00171438 0.00961566 0.00584268
v -0.00106047 0.00497735 0.00566710
v -0.00250962 0.00325175 0.00446925
v -0.00428980 0.00335766 0.00289972
v -0.00299437 0.00191332 0.00317104
v -0.00567557 0.00657772 0.00229629
v -0.00145784 0.00053724 0.00298908
v -0.00592878 0.00992725 0.00213506
v -0.00419012 0.00158931 0.00109065
v -0.00624734 0.00684139 0.00049927
v -0.00624803 0.00992172 0.00064796
v -0.12160720 0.01962680 0.06266550
v -0.12010344 0.01766238 0.06619588
v -0.11950307 0.01922243 0.06626453
v 0.00482163 0.01800848 -0.00719789
v 0.00480302 0.01799245 -0.00876153
v 0.00574922 0.01588695 -0.00891643
v 0.00579340 0.01605538 -0.00722053
v 0.00448696 0.01762709 -0.01014872
v 0.00181559 0.01910362 -0.00860093
v 0.00300870 0.01798760 -0.01049524
v 0.00053570 0.01852190 -0.01005758
v 0.00282845 0.01817807 -0.00571337
v 0.00154454 0.01896161 -0.00709870
v 0.00344971 0.01803757 -0.01144276
v -0.00027678 0.01736774 -0.00656573
v 0.00332285 0.01618387 -0.00503201
v -0.00109549 0.01628924 -0.00668178
v 0.00322377 0.01487588 -0.00504309
v -0.00238833 0.01568178 -0.00672752
v -0.00206781 0.01673276 -0.00760680
v -0.00529460 0.01622856 -0.00612641
v -0.00423100 0.01712494 -0.00702808
v -0.00296784 0.01731986 -0.00735421
v -0.00335776 0.01982955 -0.00772266
v -0.00242927 0.02074830 -0.00825257
v 0.00504421 0.01611052 -0.00571461
v 0.00464698 0.01767875 -0.00594270
v -0.00555227 0.01741450 -0.00723607
v -0.00732851 0.01637891 -0.00586809
v -0.00131787 0.01864483 -0.00935492
v -0.00747972 0.01710084 -0.00736552
v -0.00679086 0.01820008 -0.00804006
v -0.00962752 0.01632630 -0.00739888
v -0.00963765 0.01599682 -0.00576233
v -0.01080385 0.01650382 -0.00887929
v -0.01187930 0.01693775 -0.01044671
v -0.01244751 0.01599091 -0.00885500
v -0.01385463 0.01583608 -0.00874280
v -0.01104570 0.01595498 -0.00731427
v -0.01246639 0.01591974 -0.00719655
v -0.00830474 0.01603258 -0.00441046
v -0.01384092 0.01616851 -0.01040500
v -0.01421940 0.01693240 -0.01196583
v -0.01524689 0.01588962 -0.01027853
v -0.01662363 0.01613780 -0.01180868
v -0.01582416 0.01765564 -0.01381775
v -0.01673294 0.01588500 -0.01009055
v -0.01529245 0.01599027 -0.00863482
v -0.01766990 0.01647415 -0.01320024
v -0.01811030 0.01596830 -0.01164050
v -0.01957693 0.01614814 -0.01150775
v -0.01795023 0.01750717 -0.01496224
v -0.01946719 0.01611062 -0.01321316
v -0.01943021 0.01663162 -0.01470487
v -0.02088649 0.01629511 -0.01465131
v -0.01957702 0.01758870 -0.01607429
v -0.02175948 0.01665535 -0.01591055
v -0.02242347 0.01635156 -0.01451294
v -0.02386099 0.01664235 -0.01623326
v -0.02558030 0.01772034 -0.01917236
v -0.02611260 0.01690168 -0.01625920
v -0.02439445 0.01673479 -0.01433428
v -0.01822687 0.01622500 -0.00994788
v -0.01385958 0.01624650 -0.00712415
v -0.02250275 0.01655865 -0.01289988
v -0.01380618 0.01780895 -0.01269575
v -0.00105140 0.01734877 -0.00849692
v -0.02844479 0.01856205 -0.01567599
v -0.02706712 0.01916996 -0.01722168
v -0.02725548 0.01767230 -0.01775582
v -0.02764393 0.02022927 -0.01635974
v -0.02471084 0.02029630 -0.01840024
v -0.02825381 0.02042445 -0.01440990
v -0.02856586 0.01768693 -0.01541601
v -0.02859095 0.01769965 -0.01469455
v -0.02578178 0.02040336 -0.01512396
v -0.02368640 0.02038546 -0.01838623
v -0.02563015 0.02045716 -0.01282934
v -0.01922049 0.02046091 -0.00889729
v -0.02214148 0.02047859 -0.01082126
v -0.01806316 0.02036129 -0.01439784
v -0.00843558 0.02042930 -0.00401987
v -0.00884012 0.02034224 -0.00875308
v -0.01172134 0.02029993 -0.00369232
v -0.13958663 0.01935074 0.10465860
v -0.14279409 0.01934922 0.10003659
v -0.14089012 0.01850818 0.10351729
v -0.14487827 0.01848107 0.09793176
v -0.14588834 0.01934873 0.09554321
v -0.14640208 0.01898466 0.09535634
v -0.14952521 0.01927393 0.08983388
v -0.14775413 0.01841632 0.09351442
v -0.15096088 0.01855450 0.08809061
v -0.15409209 0.01862866 0.08261316
v -0.15926449 0.00683636 0.07174659
v -0.16157541 0.00604702 0.06634414
v -0.15758757 0.00606996 0.07478909
v -0.15628153 0.00628320 0.07805036
v -0.15951012 0.01886780 0.07134543
v -0.15758656 0.01877743 0.07538288
v -0.15422100 0.00874670 0.08224235
v -0.16193892 0.01862947 0.06590528
v -0.16184898 0.00967322 0.06609271
v -0.15490185 0.00609264 0.08076292
v -0.14979360 0.00661195 0.08988559
v -0.14672175 0.00884073 0.09503977
v -0.14389843 0.00672468 0.09920342
v -0.13988157 0.00688109 0.10481139
v -0.13577613 0.01808748 0.11028091
v -0.13529550 0.00630698 0.11076429
v -0.13227172 0.00903855 0.11456000
v -0.13160460 0.01825369 0.11533684
v -0.12866555 0.00628799 0.11845273
v -0.12751757 0.00959419 0.11976375
v -0.12738572 0.01831507 0.11993381
v -0.13995539 0.00619452 0.10447126
v -0.12205604 0.00675350 0.12539637
v -0.12485390 0.01832765 0.12255786
v -0.12217318 0.01827457 0.12529366
v -0.16382934 0.01818046 0.06074097
v -0.16513965 0.00893227 0.05689744
v -0.16524759 0.01863745 0.05698114
v -0.16315626 0.01928708 0.06224501
v -0.16391967 0.00610149 0.05983662
v -0.16742952 0.00601617 0.04964250
v -0.16783832 0.00975984 0.04884340
v -0.16778141 0.01767740 0.04922657
v -0.16664475 0.01925006 0.05240301
v -0.16942549 0.01061499 0.04317104
v -0.15004791 0.00610531 0.08918882
v -0.13349903 0.01925263 0.11252610
v -0.11692744 0.01840444 0.13022090
v -0.11861586 0.00663394 0.12863676
v -0.11264010 0.01794002 0.13385934
v -0.11381042 0.00623049 0.13273345
v -0.11485062 0.01840108 0.13203983
v -0.11128269 0.01923346 0.13447146
v -0.10750287 0.01931761 0.13743044
v -0.10555852 0.01815914 0.13943970
v -0.10367443 0.01933487 0.14045179
v -0.11994645 0.01839797 0.12742506
v -0.11733614 0.01929104 0.12930366
v -0.09689178 0.01842161 0.14575325
v -0.09101122 0.01925653 0.14907077
v -0.00084643 0.01489290 -0.00650449
v 0.00411889 0.01358646 -0.00579447
v -0.00313518 0.01399234 -0.00691658
v -0.00285849 0.01460649 -0.00651516
v 0.01462639 0.01564487 -0.01456985
v 0.01397991 0.01563641 -0.01331910
v 0.01122059 0.01550758 -0.01311223
v 0.01039694 0.01568724 -0.01032681
v 0.01601124 0.01632607 -0.01591491
v 0.01681759 0.01682541 -0.01445489
v 0.01652694 0.01720247 -0.01346721
v 0.01119494 0.01683329 -0.00909213
v 0.01723061 0.01723084 -0.01574546
v 0.01020178 0.01438607 -0.01037859
v 0.16533217 0.00998428 0.02970990
v 0.16461708 0.00672459 0.03495016
v 0.16553831 0.00818360 0.02890423
v 0.16400617 0.00986201 0.03620158
v 0.16442071 0.00633704 0.03663956
v 0.16324922 0.01097402 0.03893405
v 0.16183798 0.01097643 0.04423782
v 0.16147427 0.01033772 0.04575494
v 0.15979376 0.01113318 0.04910820
v 0.16011146 0.01029572 0.04948743
v 0.15872861 0.01026166 0.05343964
v 0.15732996 0.01107125 0.05676505
v 0.15730897 0.01005817 0.05756807
v 0.15613604 0.01103747 0.06113986
v 0.15908442 0.00664524 0.05349791
v 0.15781915 0.00669990 0.05710150
v 0.16050003 0.00675053 0.04928299
v 0.15635028 0.00731839 0.06150277
v 0.16190255 0.00677459 0.04526472
v 0.16206944 0.00824991 0.04426952
v 0.16341591 0.00665981 0.03981567
v 0.16302763 0.00991845 0.04030807
v 0.16302627 0.00624569 0.04259929
v 0.15505159 0.00804073 0.06497370
v 0.16073112 0.00636418 0.04997600
v -0.11604646 0.01897850 0.06392279
v -0.11759277 0.01857978 0.06563160
v -0.11338408 0.01850516 0.06186149
v -0.11798833 0.01743339 0.06610357
v -0.11107753 0.01792973 0.06036298
v -0.10833142 0.01852404 0.05783563
v -0.10876861 0.01926156 0.05744105
v -0.10557193 0.01857425 0.05575330
v -0.10591275 0.01930030 0.05527322
v -0.10376394 0.01929045 0.05406631
v -0.10164993 0.01906949 0.05300063
v -0.11807629 0.01939889 0.06516757
v -0.09973152 0.01763596 0.05199649
v -0.10680726 0.01765167 0.05679937
v -0.10568033 0.01746821 0.05574955
v 0.10841891 0.01365670 0.12609024
v 0.11065917 0.01362610 0.12405339
v 0.10815870 0.01348060 0.12507319
v 0.11163719 0.01346936 0.12190341
v 0.11521827 0.01362378 0.11961654
v 0.10550088 0.01370685 0.12856743
v 0.10318960 0.01353663 0.12921439
v 0.10241297 0.01367992 0.13109078
v 0.10186378 0.01356102 0.13124534
v 0.05405399 0.01368399 -0.03547460
v 0.04051166 0.01370267 -0.04488871
v 0.03442538 0.01370454 -0.02579202
v 0.06509919 0.01367242 -0.02442051
v 0.06424826 0.01368246 -0.04649066
v 0.05053847 0.01368321 -0.05738325
v 0.06843804 0.01367481 -0.05755761
v 0.05746884 0.01368767 -0.07534895
v 0.07540766 0.01369454 -0.03327471
v 0.08278465 0.01369437 -0.04285105
v 0.09307640 0.01365555 -0.05742661
v 0.08519527 0.01366650 -0.06636844
v 0.07106464 0.01368021 -0.07506691
v 0.09133644 0.01366123 -0.08073635
v 0.08376215 0.01366821 -0.09242951
v 0.10186142 0.01365619 -0.09430097
v 0.10641230 0.01363805 -0.08200372
v 0.11964557 0.01361721 -0.08627319
v 0.11986127 0.01359517 -0.09733238
v 0.11426078 0.01360781 -0.07253504
v 0.13695556 0.01356940 -0.07718068
v 0.11981145 0.01355803 -0.06820393
v 0.10743141 0.01356112 -0.06012930
v 0.08974664 0.01364775 -0.11306112
v 0.08026461 0.01364473 -0.10487590
v 0.06853145 0.01366736 -0.09298497
v 0.10333515 0.01363237 -0.10705010
v 0.10153751 0.01368713 -0.03584284
v 0.10225350 0.01367199 -0.04599147
v 0.11651619 0.01367743 -0.03991673
v 0.11598097 0.01363138 -0.05766341
v 0.12969229 0.01367325 -0.04712699
v 0.13237405 0.01365009 -0.06307523
v 0.13875100 0.01368527 -0.04803446
v 0.15556863 0.01359648 -0.05666777
v 0.09799795 0.01361314 -0.11887635
v 0.07019401 0.01362262 -0.10886814
v 0.04580124 0.01370146 -0.06890786
v 0.03200818 0.01369836 -0.05921549
v 0.03312367 0.01372030 -0.07553384
v 0.01734944 0.01376523 -0.07741489
v 0.03446647 0.01371530 -0.09624255
v 0.05161193 0.01370166 -0.08672220
v 0.05832598 0.01361486 -0.10335962
v 0.04770533 0.01370319 -0.10472833
v 0.03433601 0.01373187 -0.11175641
v 0.02009477 0.01374317 -0.10271320
v 0.01738828 0.01376500 -0.11915304
v 0.06275445 0.01365584 -0.12474860
v 0.06826558 0.01357878 -0.11629299
v 0.07881788 0.01357813 -0.13430798
v 0.04702340 0.01370693 -0.13306858
v 0.05285506 0.01369577 -0.12492696
v 0.05808157 0.01365215 -0.14251435
v 0.08171634 0.01352902 -0.14331070
v 0.04315146 0.01364864 -0.14809822
v 0.03604897 0.01370705 -0.13283880
v 0.02612730 0.01366893 -0.14744639
v 0.00592799 0.01379475 -0.10656148
v 0.01136685 0.01377035 -0.09096308
v -0.00711684 0.01382962 -0.09179118
v -0.02759925 0.01389728 -0.08381655
v -0.02958817 0.01389088 -0.10210097
v -0.02856818 0.01387925 -0.05962878
v -0.01806257 0.01386754 -0.06690142
v -0.04671922 0.01393193 -0.03790322
v -0.05520619 0.01390139 -0.05053592
v -0.07191474 0.01392789 -0.04911800
v -0.06410504 0.01389820 -0.06377455
v -0.06421615 0.01395036 -0.03219806
v -0.07453993 0.01400540 -0.01735861
v -0.05275628 0.01398998 -0.02166655
v -0.07052048 0.01401549 0.00112124
v -0.08492482 0.01402271 0.00104504
v -0.08739731 0.01396959 0.02445209
v -0.09794848 0.01401279 0.00437179
v -0.10475640 0.01397228 0.02253378
v -0.11276696 0.01400010 0.01020500
v -0.13232899 0.01398429 0.00542718
v -0.12326330 0.01399627 -0.00386125
v -0.13880458 0.01398194 -0.01684316
v -0.12011168 0.01400530 -0.01648336
v -0.09725357 0.01400366 -0.01703350
v -0.11525226 0.01399771 -0.04035897
v -0.10636467 0.01398186 -0.03471579
v -0.10147188 0.01394949 -0.04843504
v -0.08255132 0.01396411 -0.03819806
v -0.08145344 0.01391948 -0.06163106
v -0.11436468 0.01393702 -0.05941424
v -0.10078937 0.01389151 -0.05882325
v -0.12110711 0.01391438 -0.07483187
v -0.09471724 0.01392038 -0.07342544
v -0.08197228 0.01391560 -0.08912367
v -0.06832889 0.01390163 -0.07918908
v -0.06106498 0.01389190 -0.08810501
v -0.08519726 0.01392113 -0.10750774
v -0.06243436 0.01384142 -0.10199171
v -0.07923859 0.01390358 -0.12067793
v -0.04364078 0.01389668 -0.07313696
v -0.04537953 0.01389825 -0.09238282
v -0.03596021 0.01392184 -0.11302990
v -0.04905095 0.01389556 -0.10576551
v -0.04909129 0.01391566 -0.12065035
v -0.01240418 0.01385805 -0.10764412
v -0.01930524 0.01389023 -0.11940273
v -0.01742910 0.01385653 -0.13218486
v -0.04075807 0.01389416 -0.13526048
v -0.03200046 0.01390584 -0.12772867
v -0.03486600 0.01386417 -0.14403197
v -0.00297909 0.01382852 -0.12327025
v 0.01470270 0.01374491 -0.13161416
v 0.00342669 0.01371643 -0.14905584
v 0.00985729 0.01365922 -0.16330422
v -0.00455520 0.01366371 -0.16201067
v -0.01079213 0.01379133 -0.14498648
v -0.05702757 0.01390367 -0.13611524
v -0.05917311 0.01388371 -0.11299665
v -0.06957502 0.01388190 -0.11996382
v -0.09880659 0.01392204 -0.11453950
v -0.11297215 0.01391697 -0.09780545
v -0.10042316 0.01392210 -0.09205079
v -0.12795250 0.01393266 -0.06901736
v -0.13305731 0.01397714 -0.05787774
v -0.14475600 0.01398962 -0.04770935
v -0.12587747 0.01399613 -0.03893899
v -0.14670248 0.01397928 -0.03395959
v -0.14953932 0.01396370 -0.00484926
v -0.14805426 0.01396525 0.00993329
v -0.14881061 0.01396457 0.02003223
v -0.15805532 0.01395651 0.01009273
v -0.14506374 0.01393493 0.03109583
v -0.12395925 0.01395731 0.02781497
v -0.14304763 0.01392217 0.05094733
v -0.12600026 0.01392969 0.04333402
v -0.13349479 0.01381912 0.07102752
v -0.12219979 0.01389152 0.05701467
v -0.12049548 0.01378850 0.06739924
v -0.10705970 0.01390223 0.05874415
v -0.11768214 0.01374460 0.09757484
v -0.10859533 0.01378343 0.08204043
v -0.09180614 0.01371729 0.11522599
v -0.09668727 0.01377945 0.08829165
v -0.10580534 0.01365493 0.12840150
v -0.10327136 0.01364318 0.12840806
v -0.07851233 0.01371049 0.11525188
v -0.08433039 0.01377253 0.09044641
v -0.08683799 0.01361121 0.14177567
v -0.07870524 0.01366102 0.14146486
v -0.08532461 0.01366255 0.13672484
v -0.06411324 0.01369654 0.11777287
v -0.06428787 0.01372684 0.10299709
v -0.07485127 0.01361500 0.14848949
v -0.06341576 0.01371530 0.14919265
v -0.06938821 0.01361889 0.15144706
v -0.06666379 0.01363931 0.15266480
v -0.06274625 0.01369152 0.15446550
v -0.05937590 0.01371985 0.15554143
v -0.05398351 0.01373873 0.12970641
v -0.05294098 0.01373771 0.10437269
v -0.04733326 0.01378501 0.08988498
v -0.06752455 0.01377013 0.09101032
v -0.03102454 0.01377809 0.09659283
v -0.03766672 0.01381858 0.06961296
v -0.04285098 0.01375251 0.12910998
v -0.02768807 0.01374309 0.12431876
v -0.03572950 0.01376243 0.11071548
v -0.02051684 0.01374570 0.10394441
v -0.02455144 0.01379415 0.07322167
v -0.00965810 0.01369945 0.11046264
v -0.01457246 0.01375518 0.08466794
v -0.01878628 0.01370368 0.15055175
v -0.01633871 0.01369178 0.13337943
v 0.00959946 0.01364594 0.11544499
v 0.00188622 0.01370616 0.09537294
v -0.00218124 0.01360453 0.14702632
v -0.00325986 0.01363699 0.12477698
v 0.00789542 0.01374361 0.16317758
v 0.01192718 0.01367343 0.14922792
v 0.02955864 0.01366897 0.16015603
v 0.02692026 0.01365202 0.15065148
v 0.04652602 0.01364956 0.15460131
v 0.02655893 0.01366031 0.16499826
v 0.02443228 0.01360793 0.12687944
v 0.02038537 0.01362079 0.11102141
v 0.01543129 0.01364904 0.13674684
v 0.04154153 0.01363136 0.14476016
v 0.05948913 0.01364549 0.15554103
v 0.05643508 0.01365547 0.15688461
v 0.03020540 0.01360765 0.13390104
v 0.04537798 0.01361198 0.13441245
v 0.06242520 0.01363967 0.14439777
v 0.05884009 0.01358935 0.12909845
v 0.04302742 0.01357641 0.11715542
v 0.07437884 0.01356839 0.13259701
v 0.06742898 0.01353178 0.12072543
v 0.08132409 0.01361145 0.14389955
v 0.07995511 0.01357286 0.12817693
v 0.06378139 0.01358370 0.15326470
v 0.07035243 0.01361887 0.15147141
v 0.07505986 0.01365102 0.14907922
v -0.03422820 0.01373530 0.14273573
v -0.02569325 0.01369873 0.15806389
v -0.04452453 0.01368933 0.16074616
v -0.02122461 0.01373932 0.16598476
v -0.00833176 0.01368698 0.15934496
v -0.09815418 0.01359885 0.13403587
v -0.08940615 0.01359877 0.14042191
v -0.11278783 0.01366581 0.12216628
v -0.12003382 0.01364766 0.11446487
v -0.12667397 0.01371011 0.10752483
v -0.13230477 0.01375050 0.09087651
v -0.14189440 0.01368831 0.08477500
v -0.13915575 0.01369941 0.09116448
v -0.13617305 0.01365630 0.09545133
v -0.15528049 0.01391541 0.04347201
v -0.16032873 0.01390957 0.02802262
v -0.16118374 0.01399405 -0.00019771
v -0.16115291 0.01397073 -0.01933525
v -0.16359340 0.01393303 -0.03190343
v -0.16474576 0.01392683 -0.02634820
v -0.15646809 0.01398624 -0.04594207
v -0.15548803 0.01403115 -0.05878295
v -0.15054905 0.01396096 -0.07029540
v -0.14249440 0.01393787 -0.07183458
v -0.13931066 0.01394918 -0.08196010
v -0.14452766 0.01400470 -0.08100764
v -0.13638742 0.01392815 -0.09059312
v -0.12972939 0.01390368 -0.10360046
v -0.12210868 0.01392177 -0.11227139
v -0.11363159 0.01390739 -0.12096979
v -0.10134336 0.01388629 -0.13202497
v -0.09074588 0.01389259 -0.13502494
v -0.09913469 0.01387367 -0.13376842
v -0.09609185 0.01383772 -0.13597563
v -0.08160193 0.01388280 -0.13947830
v -0.08648993 0.01384039 -0.14200975
v -0.07608035 0.01384714 -0.14756018
v -0.08156457 0.01390451 -0.14441997
v -0.06229226 0.01383891 -0.15438452
v -0.04473957 0.01384555 -0.15322085
v -0.01952058 0.01374766 -0.15954895
v -0.04118919 0.01378379 -0.16147403
v -0.04624476 0.01378627 -0.16017252
v -0.01992676 0.01369356 -0.16495353
v -0.02901147 0.01367086 -0.16351153
v -0.09146769 0.01398386 -0.02836708
v 0.01300310 0.01371588 -0.14455152
v 0.02604805 0.01357730 -0.15933870
v 0.04780312 0.01349596 -0.15831855
v 0.04041268 0.01349445 -0.16063321
v 0.05639058 0.01359156 -0.15468168
v 0.07075672 0.01353314 -0.14986901
v 0.07742955 0.01353686 -0.14592966
v 0.09837341 0.01354554 -0.12813902
v 0.09260727 0.01348762 -0.13740981
v 0.09619790 0.01346900 -0.13503477
v 0.10142006 0.01343906 -0.13084677
v 0.10708476 0.01343328 -0.12598492
v 0.11188684 0.01351578 -0.11618423
v 0.11908117 0.01351019 -0.10924991
v 0.11920219 0.01340729 -0.11533822
v 0.11556160 0.01337797 -0.11863089
v 0.11253516 0.01337041 -0.12194132
v 0.12887679 0.01344910 -0.10367901
v 0.13086653 0.01349061 -0.10051935
v 0.13521063 0.01349625 -0.09495606
v 0.13911858 0.01346683 -0.08946790
v 0.14131311 0.01346568 -0.08606482
v 0.14353062 0.01351899 -0.08131566
v 0.14736284 0.01351472 -0.07491004
v 0.14987749 0.01354448 -0.07045911
v 0.03067394 0.01371145 -0.04693297
v 0.01635334 0.01375622 -0.04679697
v 0.02005806 0.01373833 -0.06477293
v 0.00478358 0.01378564 -0.06826267
v -0.00986064 0.01384690 -0.05554572
v -0.01314503 0.01385896 -0.08311588
v -0.02177560 0.01390507 -0.03886075
v -0.01305844 0.01390453 -0.02837218
v -0.00302585 0.01382500 -0.04326190
v 0.00363533 0.01381749 -0.03489501
v 0.01386052 0.01383387 -0.01945686
v 0.02162761 0.01375785 -0.01938907
v 0.02880479 0.01368905 -0.00735990
v 0.04449600 0.01367170 -0.00181963
v 0.05049463 0.01367775 -0.02121644
v 0.06008511 0.01366169 -0.00463176
v 0.07788970 0.01367682 -0.00475680
v 0.07593890 0.01368219 -0.01998157
v 0.09191476 0.01366419 -0.00906748
v 0.08786368 0.01369511 -0.03109135
v 0.09807991 0.01367328 -0.02146374
v 0.10977121 0.01364233 -0.01670863
v 0.11973698 0.01366901 -0.02764061
v 0.12336819 0.01362948 -0.01650727
v 0.13900374 0.01369406 -0.03150321
v 0.15096018 0.01368407 -0.03283040
v 0.15940590 0.01360524 -0.04522808
v 0.16244759 0.01363895 -0.03636348
v 0.16254494 0.01369909 -0.00136226
v 0.16480437 0.01364738 -0.01758411
v 0.14687136 0.01367167 -0.01611081
v 0.13639848 0.01364908 -0.01311068
v 0.14438412 0.01359643 0.00127438
v 0.12462344 0.01357761 0.00072887
v 0.11785175 0.01360957 -0.00298073
v 0.11814354 0.01359575 0.00955755
v 0.10479897 0.01362864 0.00271911
v 0.10017254 0.01362361 0.01698900
v 0.08915233 0.01365178 0.01164480
v 0.06947526 0.01364918 0.01653244
v 0.08447932 0.01363559 0.02306815
v 0.06700657 0.01364154 0.03638056
v 0.05366320 0.01363991 0.01917674
v 0.05753207 0.01362564 0.05488430
v 0.04789109 0.01362928 0.03202257
v 0.03399802 0.01368799 0.02534546
v 0.02716842 0.01371190 0.01215497
v 0.02286898 0.01375873 0.01764767
v 0.02814756 0.01374475 0.02404199
v 0.06766969 0.01364421 0.05715312
v 0.08139809 0.01364109 0.03865965
v 0.07837187 0.01363827 0.06083243
v 0.06766493 0.01361489 0.07873970
v 0.04472539 0.01361648 0.06391989
v 0.04661572 0.01360510 0.08478374
v 0.03177971 0.01360995 0.07117429
v 0.03451939 0.01359572 0.09459707
v 0.02180319 0.01364274 0.09265012
v 0.03099453 0.01358307 0.11148287
v 0.00963347 0.01370184 0.08648231
v 0.00360717 0.01372926 0.07313480
v -0.00533032 0.01375573 0.06772740
v -0.01486441 0.01381588 0.05396140
v -0.03714393 0.01390510 0.04095970
v -0.04371677 0.01383557 0.06095299
v -0.05907708 0.01380913 0.06904144
v -0.07284562 0.01379093 0.07520361
v -0.08231818 0.01380807 0.06919556
v -0.10283209 0.01382571 0.06835541
v -0.09677473 0.01388342 0.05499609
v -0.11159895 0.01389938 0.05097471
v -0.10514730 0.01393117 0.03728193
v -0.13064685 0.01397743 0.01898891
v -0.09080462 0.01394986 0.04127718
v -0.07983253 0.01395045 0.03715233
v -0.07586484 0.01394689 0.02987973
v -0.06462622 0.01399576 0.02172858
v -0.07209801 0.01401232 0.01426862
v -0.04657532 0.01403866 0.01073190
v -0.05935058 0.01402426 -0.00359741
v -0.04690717 0.01403358 -0.01335817
v -0.03158175 0.01398581 -0.02059314
v -0.03486676 0.01394645 -0.03345620
v -0.03415000 0.01390705 -0.04877651
v -0.02603855 0.01403874 0.00100238
v -0.04267369 0.01404095 -0.00253600
v -0.03568857 0.01408955 0.01366888
v -0.04743468 0.01407812 0.01964106
v -0.05867793 0.01403572 0.02738109
v -0.06692659 0.01398829 0.03089011
v -0.06942224 0.01393436 0.03776279
v -0.04826518 0.01398488 0.02706946
v -0.03862148 0.01403401 0.01940543
v -0.02472383 0.01396212 0.02670069
v -0.03005786 0.01409717 0.01527103
v -0.01807446 0.01410482 0.01425433
v -0.01995854 0.01410463 0.00999775
v -0.01529017 0.01413659 0.00793441
v 0.00917321 0.01387434 0.02536765
v 0.00309933 0.01399599 0.01758638
v 0.01436912 0.01396011 0.01750278
v 0.01035012 0.01399279 0.01298468
v 0.00757332 0.01398829 0.01103897
v 0.00508720 0.01397385 0.00934283
v 0.02016433 0.01381681 0.02119892
v -0.00100006 0.01383947 0.03444164
v -0.01398200 0.01385986 0.03975588
v 0.00948277 0.01377893 0.04577730
v 0.02869663 0.01373251 0.03039601
v 0.02299425 0.01378627 0.02343611
v 0.02040338 0.01369186 0.05554011
v 0.01842211 0.01367236 0.07323230
v 0.03116242 0.01364509 0.05243117
v 0.03973552 0.01369797 0.03803028
v 0.04708793 0.01363652 0.04423891
v 0.05183011 0.01365749 0.04459528
v -0.05587216 0.01387142 0.04869468
v -0.07354192 0.01384531 0.05549157
v -0.08444265 0.01389468 0.04702701
v -0.10139897 0.01395969 0.04599921
v -0.02218417 0.01411826 0.00838199
v -0.01786414 0.01412660 0.00546245
v -0.01504991 0.01413424 0.00339894
v -0.01192274 0.01402262 -0.00481655
v -0.02424872 0.01403690 -0.01477744
v -0.01690853 0.01409995 -0.01253598
v -0.01726373 0.01403734 -0.00813374
v 0.05133575 0.01356392 0.10805176
v 0.05881958 0.01350436 0.10677297
v 0.07567681 0.01356690 0.10862309
v 0.06126938 0.01357785 0.09656545
v 0.07975832 0.01360216 0.09343605
v 0.09051492 0.01359844 0.07893473
v 0.09313209 0.01360051 0.06532802
v 0.10689262 0.01356101 0.07268437
v 0.10774519 0.01350021 0.06160042
v 0.10557701 0.01358838 0.05008360
v 0.08904925 0.01363158 0.04872508
v 0.10639650 0.01359724 0.03780806
v 0.11241868 0.01359209 0.02213185
v 0.12094235 0.01357496 0.03088635
v 0.12863323 0.01359835 0.01645976
v 0.13578129 0.01361409 0.00673509
v 0.14730190 0.01362931 0.02272499
v 0.15236159 0.01365948 0.00963490
v 0.15983663 0.01363646 0.02385475
v 0.15319516 0.01361897 0.05027552
v 0.14343888 0.01361678 0.03960194
v 0.13441472 0.01359601 0.03089038
v 0.12596773 0.01358691 0.04659837
v 0.13943535 0.01361991 0.05822881
v 0.12174883 0.01356233 0.05759786
v 0.13076739 0.01359691 0.07077718
v 0.12468351 0.01355220 0.07311580
v 0.11400790 0.01349300 0.06745732
v 0.14552641 0.01360317 0.07756392
v 0.13835412 0.01356288 0.09033773
v 0.13254525 0.01360099 0.09503914
v 0.11753961 0.01360402 0.08828220
v 0.11994154 0.01359478 0.10765420
v 0.10521016 0.01360303 0.11274463
v 0.10052668 0.01361255 0.09536003
v 0.09301988 0.01360129 0.11243641
v 0.09199710 0.01358294 0.12779060
v 0.09291722 0.01356479 0.13746232
v 0.08925702 0.01357239 0.14052351
v 0.09672790 0.01357296 0.13448443
v 0.11459082 0.01352504 0.11838605
v 0.10172825 0.01358376 0.08285441
v 0.11901782 0.01356592 0.11590549
v 0.13628916 0.01358594 0.09560569
v 0.14212394 0.01359184 0.08640783
v 0.14991833 0.01359258 0.07203061
v 0.16109620 0.01361908 0.04198030
v 0.16235551 0.01360038 0.03381897
v 0.16415882 0.01356108 0.02339929
v 0.01176258 0.01396206 -0.01221252
v 0.01010902 0.01396915 -0.01290635
v -0.00104933 0.01394578 -0.02013063
v -0.00031493 0.01405822 -0.01270261
v 0.01460799 0.01393832 -0.00768940
v 0.01548666 0.01393087 0.00555178
v 0.01863386 0.01392095 0.01704772
v 0.01214442 0.01403573 0.01291379
v -0.00658113 0.01398982 -0.01463525
v 0.04076518 0.01371440 0.03211431
v 0.04686641 0.01374447 0.04086722
v 0.03961042 0.01383323 0.03414018
v -0.00276516 0.01384207 0.16620126
v 0.02822250 0.01344797 -0.16318513
v 0.03477427 0.01345215 -0.16212063
v 0.00028144 0.01372245 -0.16543311
v 0.00623041 0.01400292 -0.01196674
v 0.11059277 0.01345051 -0.12390232
v -0.14629699 0.01397443 -0.07837740
v -0.14767908 0.01392641 -0.07574692
v -0.06816607 0.01384329 -0.15168700
v 0.04948653 0.01361077 0.15867423
v 0.13114397 0.01360747 0.10252091
v 0.13384011 0.01359045 0.09920987
v 0.01945615 0.01356353 -0.16458787
v 0.01013834 0.01393903 -0.00934409
v 0.01157068 0.01401112 0.01126413
v 0.00595939 0.01395987 0.00198846
v 0.00538338 0.01395389 -0.00154118
v 0.00857328 0.01389849 0.00870132
v 0.00660816 0.01393837 0.00779188
v -0.01096218 0.01404531 -0.00747584
v -0.00684813 0.01397370 -0.00532759
v -0.00121436 0.01404156 -0.01027528
v 0.00069885 0.01407907 -0.01155425
v 0.00290689 0.01404338 -0.01189237
v 0.00466129 0.01402831 -0.01121068
v -0.16590805 0.01409065 -0.01115490
v -0.16361888 0.01383811 0.03196664
v 0.04350509 0.01373824 0.16112547
v 0.03888056 0.01373526 0.16251640
v -0.13525264 0.01384602 -0.09650896
v -0.13174632 0.01387461 -0.10110734
v -0.03426820 0.01368862 0.16393325
v -0.02554950 0.01365537 0.16505603
v 0.00280849 0.01400513 0.00783080
v -0.00339786 0.01407648 0.00786494
v 0.14752473 0.01358939 0.07579790
v -0.15997177 0.01385244 0.04667134
v 0.13510127 0.01362929 0.09722727
v 0.15160015 0.01357326 0.06807761
v -0.01176431 0.01407595 0.00564296
v -0.00845971 0.01405642 0.00429748
v 0.15838479 0.01355483 0.04855539
v 0.15700120 0.01360267 0.05502925
v 0.15566751 0.01356245 0.05832867
v 0.15335429 0.01351132 0.06283303
v -0.15721099 0.01383690 0.05492183
v 0.13354523 0.01350297 -0.09769130
v 0.12051855 0.01347242 0.11289648
v 0.12346496 0.01351626 0.10987239
v -0.16126873 0.01402269 -0.04083156
v -0.15961765 0.01395990 -0.04706284
v -0.02643648 0.01409382 0.01054723
v 0.16614291 0.01381679 -0.00253545
v 0.07452899 0.01352439 -0.14800307
v -0.12174059 0.01366765 0.11287431
v 0.15815628 0.01357249 -0.05123523
v 0.12067174 0.01338258 -0.11322054
v 0.12386464 0.01342524 -0.11074078
v 0.12405994 0.01338366 -0.10892006
v 0.12640533 0.01340434 -0.10653188
v 0.01738548 0.01393186 0.01835210
v 0.01728346 0.01397565 0.01704483
v 0.01870868 0.01393573 0.01829692
v 0.05463925 0.01352474 -0.15640081
v -0.01219303 0.01400082 0.00152825
v -0.00988322 0.01405665 -0.00030410
v 0.11753532 0.01351443 0.11743657
v 0.16502625 0.01361504 0.02287426
v 0.02780532 0.01388310 0.02594244
v -0.00795474 0.01423182 -0.00388572
v -0.01386358 0.01416759 -0.00835903
v -0.01582385 0.01425882 -0.01010983
v -0.01981862 0.01416091 -0.01200125
v 0.16383013 0.01366842 0.03201227
v 0.03205449 0.01385290 0.02696239
v 0.02961686 0.01386678 0.02566595
v 0.16443194 0.01370003 0.03001842
v -0.03692830 0.01412405 0.01760591
v 0.06454455 0.01351057 -0.15255894
v 0.06944283 0.01352793 -0.15123603
v 0.01454049 0.01415154 0.01522420
v 0.01288588 0.01407146 0.01377839
v 0.02680512 0.01381821 0.02323707
v -0.10538469 0.01389040 -0.12866105
v -0.01948096 0.01431259 0.00898506
v -0.01751020 0.01454668 0.00736810
v -0.16303854 0.01393107 -0.03542509
v 0.10490962 0.01356482 -0.12932138
v 0.07210336 0.01369640 -0.15036516
v 0.16561380 0.01377532 -0.02152361
v 0.16305867 0.01378432 0.03582635
v 0.08637322 0.01347416 -0.14111429
v 0.09068349 0.01353224 -0.13942537
v 0.15057087 0.01369124 -0.07155447
v -0.00073363 0.01427136 -0.00708132
v 0.13579474 0.01363628 -0.09593859
v 0.15886937 0.01367845 0.04967265
v 0.16512056 0.01370212 -0.02269176
v 0.16395180 0.01357235 -0.02852049
v 0.08450463 0.01372287 -0.14319777
v 0.08682197 0.01368052 -0.14197169
v 0.12535936 0.01359479 -0.10939213
v 0.09639496 0.01369881 0.13574606
v 0.13256246 0.01370261 -0.10059026
v 0.13116141 0.01368602 -0.10214233
v 0.04782985 0.01373765 0.15993290
v 0.14793298 0.01366652 -0.07572096
v 0.13801242 0.01369809 0.09313007
v 0.04609667 0.01365552 -0.15975058
v 0.07450926 0.01370861 -0.14912815
v 0.15372375 0.01353710 -0.06162422
v 0.15194099 0.01350719 -0.06617773
v 0.15307693 0.01368521 -0.06603444
v 0.15445495 0.01367372 -0.06244095
v -0.05306658 0.01374142 0.15794344
v -0.04748588 0.01369351 0.16014676
v 0.14363746 0.01369852 -0.08350021
v 0.06259812 0.01373408 0.15463398
v -0.06157748 0.01387321 -0.15481909
v -0.07237748 0.01370433 0.15029225
v 0.06233293 0.01371465 -0.15438092
v 0.09407400 0.01372613 0.13743693
v 0.15334100 0.01367639 0.06495857
v -0.15330309 0.01381272 0.06488568
v -0.15171976 0.01378693 0.06861972
v 0.13942787 0.01364150 -0.09060629
v 0.12821881 0.01367675 -0.10609780
v 0.12650998 0.01367865 -0.10815808
v 0.05144643 0.01349873 -0.15889478
v 0.06621699 0.01377407 -0.15299140
v 0.06493030 0.01382353 0.15370438
v -0.01534177 0.01470109 0.00609328
v 0.02129161 0.01376543 -0.16512796
v 0.02574502 0.01366679 -0.16447382
v 0.00035401 0.01344513 -0.00868256
v 0.10828269 0.01363393 -0.12639800
v -0.14778851 0.01377346 0.07584689
v 0.16550097 0.01372411 0.02157014
v -0.02405231 0.01377515 -0.16459610
v 0.12179983 0.01373930 -0.11357530
v -0.09721018 0.01371814 0.13532624
v 0.02989349 0.01369110 -0.16351345
v 0.04200365 0.01372401 -0.16091840
v 0.04011727 0.01366443 -0.16149142
v 0.09905241 0.01371949 -0.13397726
v 0.11902551 0.01368735 -0.11649295
v 0.11673982 0.01368786 -0.11872093
v 0.15871456 0.01371883 -0.05072825
v 0.00900392 0.01457094 0.01022999
v 0.00820931 0.01427000 0.00910405
v 0.02158269 0.01390563 0.02201412
v 0.14356814 0.01373410 0.08384211
v 0.00247014 0.01256707 -0.00853595
v 0.00165695 0.01277667 -0.00720768
v 0.00322517 0.01272148 -0.00725892
v 0.00574433 0.01471606 -0.00907781
v 0.06667791 0.01371771 0.15272158
v 0.06628859 0.01367681 0.15358886
v 0.00752453 0.01450247 -0.01156028
v 0.02034549 0.01443062 0.02004029
v 0.00987458 0.01460711 -0.01182177
v 0.00132777 0.01344412 -0.00607914
v -0.01407769 0.01508311 0.00460370
v -0.01377191 0.01447916 0.00328461
v -0.01109941 0.01450959 0.00165988
v -0.00885237 0.01504137 0.00140737
v -0.00858608 0.01455531 -0.00170109
v -0.06456678 0.01379816 0.15381688
v -0.01350428 0.01505598 0.00526053
v -0.05936147 0.01392103 0.15581636
v 0.05945495 0.01384831 0.15580678
v 0.01154014 0.01454982 0.01212472
v 0.01022527 0.01508294 0.01170718
v -0.01949095 0.01394620 -0.16528207
v 0.00334001 0.01462348 0.00734855
v 0.00930735 0.01506219 -0.00997973
v -0.02635841 0.01418046 0.01244933
v 0.01522685 0.02040043 -0.01843995
v 0.01632803 0.01961491 -0.01752091
v 0.01509608 0.01738949 -0.01805244
v 0.01598650 0.02054569 -0.01732430
v -0.10951039 0.00927911 -0.12666889
v -0.11006365 0.00686330 -0.12697934
v -0.10847701 0.00644778 -0.12857299
v -0.11067680 0.00822467 -0.12585679
v -0.11138405 0.00687321 -0.12578119
v -0.10766440 0.00680850 -0.12879328
v -0.10470798 0.00624999 -0.13216507
v -0.10872299 0.01123790 -0.12667486
v -0.11216264 0.01129528 -0.12340572
v -0.11220621 0.00721485 -0.12464849
v -0.11380100 0.00703422 -0.12332574
v -0.11537542 0.00995015 -0.12103960
v -0.11584608 0.00721426 -0.12155157
v -0.10616089 0.01110548 -0.12886122
v -0.11642171 0.00821619 -0.12052827
v -0.11712997 0.01126831 -0.11862506
v -0.11823192 0.00735683 -0.11892292
v -0.11917762 0.00826294 -0.11759872
v -0.11920152 0.01118569 -0.11668181
v -0.12126277 0.00722921 -0.11614925
v -0.12212313 0.01114479 -0.11365176
v -0.12182233 0.00822167 -0.11510996
v -0.12439329 0.01115764 -0.11130315
v -0.12660366 0.00838027 -0.10993545
v -0.12641600 0.01102815 -0.10914782
v -0.12638515 0.00691444 -0.11084152
v -0.12765276 0.00685427 -0.10932291
v -0.11739374 0.00689644 -0.12012387
v -0.12816386 0.01108064 -0.10686464
v -0.12862290 0.00723878 -0.10766418
v -0.13019213 0.01045428 -0.10483716
v -0.13002686 0.00680547 -0.10641390
v -0.10683436 0.00833733 -0.12890780
v -0.10308041 0.01039230 -0.13200049
v -0.10191051 0.01120535 -0.13264652
v -0.11987699 0.00686481 -0.11785287
v -0.13117322 0.01118714 -0.10311808
v -0.12126227 0.00662023 -0.11706726
v -0.11705669 0.00659889 -0.12137190
v -0.13006881 0.00647118 -0.10701875
v -0.11855640 0.00654039 -0.11987107
v -0.11566915 0.00672931 -0.12250535
v -0.11179312 0.00648694 -0.12637766
v 0.05178648 0.01826098 0.04384170
v 0.05133088 0.01664180 0.04396338
v 0.05140912 0.01719632 0.04296023
v 0.05154317 0.01926287 0.04305605
v 0.05077017 0.01798023 0.04146745
v 0.08820182 0.02008450 -0.14074005
v 0.09203011 0.01941737 -0.13820790
v 0.08555786 0.01963565 -0.14200999
v 0.07955556 0.01994028 -0.14562392
v 0.07726550 0.02005022 -0.14708492
v 0.07185856 0.01940301 -0.14976169
v 0.06917947 0.01937628 -0.15105923
v 0.06581092 0.01946663 -0.15234011
v 0.06262185 0.01932463 -0.15354693
v 0.09673391 0.01979198 -0.13520069
v -0.11063709 0.01933161 -0.12415797
v -0.11096917 0.01801863 -0.12338579
v -0.10830508 0.01829534 -0.12584768
v -0.10520413 0.01811496 -0.12864810
v -0.11326511 0.01907033 -0.12139463
v -0.09999113 0.01934454 -0.13337906
v -0.09462550 0.01844613 -0.13705133
v -0.11489350 0.01777617 -0.11963966
v -0.11804543 0.01904960 -0.11671064
v -0.11892761 0.01666741 -0.11563237
v -0.12060834 0.01895337 -0.11406011
v -0.12430984 0.01693272 -0.10989768
v -0.10275785 0.01598220 -0.13073857
v -0.11668377 0.01392122 -0.11784042
v -0.11110185 0.01391403 -0.12330627
v -0.10823283 0.01390671 -0.12609380
v -0.11913122 0.01392655 -0.11553855
v -0.12413922 0.01392020 -0.11029278
v -0.12631701 0.01390603 -0.10777670
v -0.00865805 0.01594181 -0.00184097
v -0.00981111 0.01719128 -0.00112370
v -0.00927427 0.01668841 -0.00210762
v -0.00758227 0.01482380 -0.00281848
v -0.00738167 0.01559158 -0.00382349
v -0.00632097 0.01539400 -0.00476967
v -0.00472444 0.01497277 -0.00576857
v -0.00590322 0.01444178 -0.00510769
v 0.04708065 0.01486397 0.04000278
v 0.04959952 0.01492430 0.04232281
v 0.04978006 0.01507257 0.04403176
v 0.12703450 0.00612138 0.12021112
v 0.12367126 0.00656561 0.12393095
v 0.11832651 0.00656890 0.12898937
v 0.11205975 0.00631893 0.13434160
v 0.11074877 0.00615051 0.13520025
v 0.07934197 0.00606166 0.15574291
v 0.07576823 0.00647600 0.15757398
v 0.07340597 0.00605027 0.15845065
v 0.06899065 0.00658473 0.16048527
v 0.06685247 0.00597684 0.16122225
v 0.06002864 0.00669015 0.16402191
v 0.05656495 0.00597727 0.16500264
v 0.05012245 0.00659068 0.16738005
v 0.04647595 0.00593442 0.16848819
v 0.06543421 0.00930291 0.16203126
v 0.06965391 0.00917195 0.16026631
v 0.05031574 0.00951558 0.16745339
v 0.05949550 0.00943773 0.16426058
v 0.05949956 0.01882604 0.16429085
v 0.05062214 0.01772724 0.16742301
v 0.06520332 0.01932232 0.16217113
v 0.07022931 0.01904156 0.16006587
v 0.07601696 0.01782096 0.15748070
v 0.04329203 0.00920148 0.16946940
v 0.04087116 0.01915564 0.17017655
v 0.05349690 0.01927366 0.16631645
v 0.04021105 0.00666930 0.17018245
v 0.03856794 0.01014885 0.17061649
v 0.08334489 0.01850993 0.15377045
v 0.07437309 0.01937474 0.15811068
v 0.07956642 0.01934344 0.15554784
v 0.08696032 0.00679235 0.15170543
v 0.08789322 0.01784480 0.15133432
v 0.03187193 0.00962567 0.17196348
v 0.02705730 0.00660672 0.17270464
v 0.03125949 0.01895319 0.17216918
v 0.08839075 0.01933980 0.15088555
v 0.09302483 0.00666376 0.14793457
v 0.09721757 0.01799323 0.14552642
v 0.09740016 0.00701943 0.14521131
v 0.09630221 0.00607012 0.14582376
v 0.01682798 0.00928618 0.17411290
v 0.01802325 0.01735284 0.17399974
v 0.02318811 0.00586989 0.17308111
v 0.10466051 0.01784472 0.14009303
v 0.10483640 0.00884691 0.13984013
v 0.10477503 0.00611466 0.13976157
v 0.11083059 0.01800724 0.13546707
v 0.11260825 0.00924355 0.13402231
v 0.10357461 0.01941957 0.14059503
v 0.11366654 0.01858267 0.13315500
v 0.10018944 0.00604537 0.14296797
v 0.11812491 0.01443534 0.12916633
v 0.11895574 0.01824555 0.12851462
v 0.12385298 0.01818246 0.12386251
v 0.04911791 0.01458097 -0.15936401
v 0.04983687 0.01363029 -0.15913877
v 0.05009193 0.01576722 -0.15839398
v 0.04879348 0.01585322 -0.15881906
v 0.04874497 0.01372907 -0.15907773
v 0.06715892 0.01474529 -0.15244938
v 0.06233915 0.01474222 -0.15425695
v 0.05863723 0.01895433 -0.15519133
v 0.05909837 0.01461213 -0.15555479
v 0.05549668 0.01938883 -0.15629493
v 0.05546793 0.01370670 -0.15685737
v 0.06916270 0.01378825 -0.15176195
v 0.05836216 0.01371850 -0.15585245
v 0.05181376 0.01828394 -0.15752308
v 0.05149513 0.01455898 -0.15822808
v 0.04717913 0.01863116 -0.15885656
v 0.04309765 0.01774905 -0.16022515
v 0.04531509 0.01371701 -0.16005737
v 0.04116883 0.01943209 -0.16053343
v 0.04631344 0.01973768 -0.15911892
v 0.03652442 0.01943523 -0.16188928
v 0.03631219 0.01367407 -0.16231677
v 0.03051642 0.01942591 -0.16313332
v 0.03275558 0.01436442 -0.16309151
v 0.02517469 0.01860466 -0.16414945
v 0.01628627 0.01703035 -0.16542937
v 0.01481312 0.01375438 -0.16576314
v 0.01487684 0.01848349 -0.16536158
v 0.02400320 0.01967995 -0.16452022
v 0.00803514 0.01815593 -0.16577873
v 0.03655674 0.01995350 -0.16224167
v 0.05556939 0.01996950 -0.15675092
v 0.13074867 0.02008164 -0.10242150
v 0.12806183 0.02000544 -0.10541750
v 0.12984160 0.01935523 -0.10291160
v 0.12713383 0.01947440 -0.10622461
v 0.13296409 0.02009208 -0.09993344
v 0.13523549 0.01990578 -0.09646735
v 0.09981022 0.01962417 -0.13271034
v 0.10255081 0.01942421 -0.13032649
v 0.11914107 0.02005021 -0.11546610
v 0.11652861 0.01950017 -0.11759710
v 0.11914413 0.01947484 -0.11502106
v 0.12153590 0.01963979 -0.11247897
v 0.12210571 0.02005023 -0.11243163
v 0.12450677 0.02005000 -0.10986298
v 0.12429941 0.01946564 -0.10949040
v 0.11378760 0.01953687 -0.12034986
v 0.11281523 0.02003386 -0.12166162
v 0.11104778 0.01952484 -0.12286121
v 0.10991148 0.02008485 -0.12445413
v 0.10862812 0.01949316 -0.12508398
v 0.11874095 0.01530066 -0.11625499
v 0.11472189 0.01459703 -0.12037378
v 0.12350240 0.01364769 -0.11159101
v 0.12432040 0.01472220 -0.11039102
v 0.11088921 0.01447158 -0.12403420
v 0.10870265 0.01453844 -0.12593584
v 0.10504364 0.01555880 -0.12875012
v 0.10636152 0.01365982 -0.12812041
v 0.10973819 0.01363097 -0.12508351
v 0.10119969 0.01462932 -0.13214096
v 0.10309880 0.01369355 -0.13088639
v 0.09848635 0.01770275 -0.13384470
v 0.11311258 0.01363610 -0.12223466
v 0.10062080 0.01362299 -0.13262406
v 0.09643219 0.01376570 -0.13571180
v 0.09369543 0.01371237 -0.13769314
v 0.09512008 0.01868053 -0.13621345
v 0.09521395 0.01365717 -0.13661775
v 0.09123363 0.01490278 -0.13906284
v 0.08637968 0.01761318 -0.14154200
v 0.08916844 0.01373044 -0.14060889
v 0.08897232 0.01946226 -0.13995521
v 0.08103006 0.01929224 -0.14462981
v 0.08211074 0.01472490 -0.14438006
v 0.07986670 0.01381998 -0.14582635
v 0.07671411 0.01930951 -0.14702569
v 0.07720752 0.01379319 -0.14743522
v 0.11479892 0.01354500 -0.11999134
v 0.08140860 0.01367399 -0.14459601
v -0.04995939 0.01923381 0.15978678
v -0.04512705 0.01920918 0.16060285
v -0.04469449 0.01851778 0.16065718
v -0.04988497 0.01839381 0.15902805
v -0.04115934 0.01922435 0.16189992
v -0.04071702 0.01843284 0.16179077
v -0.03630818 0.01853958 0.16318874
v -0.03131011 0.01910497 0.16463849
v -0.03059450 0.01915562 0.16519049
v -0.05349864 0.01899484 0.15778324
v -0.05418057 0.01743325 0.15737160
v -0.05721162 0.01847755 0.15621389
v -0.05628101 0.01382832 0.15688121
v -0.05202011 0.01392941 0.15856168
v -0.05989794 0.01840490 0.15520465
v -0.04875096 0.01380990 0.15965399
v -0.06495699 0.01719954 0.15309745
v -0.06363680 0.01872272 0.15367058
v -0.04352289 0.01479817 0.16117194
v -0.03952423 0.01485825 0.16223194
v -0.03899471 0.01373627 0.16239706
v -0.03585874 0.01720325 0.16326196
v -0.03563818 0.01458508 0.16351505
v -0.03068967 0.01737848 0.16443968
v -0.06065622 0.01920480 0.15509066
v -0.06604928 0.01600855 0.15333879
v -0.05950778 0.01926482 0.15587610
v -0.10954451 0.01851835 0.05253294
v -0.10750305 0.01863760 0.05116191
v -0.10552657 0.01853231 0.04964020
v -0.10341469 0.01874654 0.04836925
v -0.10365058 0.01780188 0.04806070
v -0.11032853 0.01760845 0.05298211
v -0.11130248 0.01855059 0.05389275
v -0.10098290 0.01849880 0.04695760
v -0.09865509 0.01852844 0.04572736
v -0.09857222 0.01765415 0.04549249
v -0.09532600 0.01846701 0.04356162
v -0.09455268 0.01774321 0.04278978
v -0.10069226 0.01921549 0.04735703
v -0.09319757 0.01922910 0.04313750
v -0.10928845 0.01926464 0.05314952
v -0.11318268 0.01854273 0.05511808
v -0.11541989 0.01853531 0.05671688
v -0.11487184 0.01924961 0.05691041
v -0.11785181 0.01852525 0.05806995
v -0.12023629 0.01849829 0.05927590
v -0.12126178 0.01914372 0.06054195
v -0.10477180 0.01927798 0.04997816
v -0.10665108 0.01926355 0.05143478
v -0.12041128 0.01770972 0.05916637
v -0.11788141 0.01770836 0.05795150
v -0.11138485 0.01743409 0.05415049
v -0.06792758 0.01852798 0.03515905
v -0.06518846 0.01851929 0.03378997
v -0.07035986 0.01852016 0.03659324
v -0.07124760 0.01925157 0.03647629
v -0.07273506 0.01845740 0.03797125
v -0.07382496 0.01935172 0.03780102
v -0.07572461 0.01858029 0.03929916
v -0.07856624 0.01856363 0.04063501
v -0.07970086 0.01927257 0.04057968
v -0.08079813 0.01861417 0.04185863
v -0.08249245 0.01924638 0.04197437
v -0.08321832 0.01780079 0.04340913
v -0.08084131 0.01781381 0.04230829
v -0.06211578 0.01855718 0.03244879
v -0.06328300 0.01952794 0.03240798
v -0.05926521 0.01856233 0.03105553
v -0.05548877 0.01868472 0.02887290
v -0.08656929 0.01760827 0.04438257
v -0.07903382 0.01763939 0.04094736
v -0.05375402 0.01959616 0.02770293
v -0.05127405 0.01856468 0.02698790
v -0.07236075 0.01773993 0.03800273
v -0.08775659 0.01869250 0.04474225
v -0.09018012 0.01856788 0.04618350
v -0.09305147 0.01924637 0.04720511
v -0.09235379 0.01852067 0.04753256
v -0.09004661 0.01774904 0.04632115
v -0.09494565 0.01874479 0.04901255
v -0.09370434 0.01771252 0.04871210
v -0.09711166 0.01855703 0.05028779
v -0.09738019 0.01928523 0.04986972
v -0.10001667 0.01926554 0.05127413
v -0.09939360 0.01852626 0.05163151
v -0.06240471 0.01760430 0.03266330
v -0.07592285 0.01762388 0.03940151
v -0.06526464 0.01768837 0.03388691
v -0.05713693 0.01771080 0.02981924
v -0.04908882 0.01775895 0.02615292
v -0.04472368 0.01814754 0.02384773
v -0.04324799 0.01960863 0.02308330
v -0.04037916 0.01737544 0.02163661
v -0.03877943 0.01834635 0.02090815
v -0.03580397 0.01949021 0.01918387
v -0.03508051 0.01763574 0.01883763
v -0.03239038 0.01812945 0.01755001
v -0.02900473 0.01844984 0.01601744
v -0.02914437 0.01960910 0.01572484
v -0.02585950 0.01959853 0.01410191
v -0.02722428 0.01757638 0.01510158
v -0.02330609 0.01949931 0.01292283
v -0.02969787 0.01749480 0.01628464
v -0.03774378 0.01738310 0.02019532
v -0.02456889 0.01732777 0.01336613
v -0.02028742 0.01857407 0.01143202
v -0.01947803 0.01953932 0.01086038
v -0.01547069 0.01930662 0.00872068
v -0.01775567 0.01722175 0.00992118
v -0.01550592 0.01714373 0.00852849
v -0.01334405 0.01839971 0.00755592
v -0.01221069 0.01952579 0.00687600
v -0.01303564 0.01999858 0.00720643
v -0.01057459 0.01681382 0.00561435
v -0.00935647 0.01824823 0.00504904
v -0.00892249 0.02033869 0.00485369
v -0.02047484 0.01730188 0.01134673
v -0.02214663 0.01719929 0.01205509
v -0.01357811 0.01678535 0.00727486
v -0.00910870 0.01649048 0.00425236
v -0.00857710 0.01812315 0.00418430
v -0.03290860 0.01717550 0.01733123
v -0.04399033 0.01702819 0.02297453
v -0.04572673 0.01745872 0.02405794
v -0.04816979 0.01747538 0.02537600
v -0.02188796 0.01988070 0.01177439
v -0.01950252 0.01677412 0.01045205
v -0.01630602 0.01562225 0.00752019
v -0.01114714 0.01562971 0.00477558
v -0.02875658 0.01622612 0.01453106
v -0.02650858 0.01732024 0.01444038
v -0.03939212 0.01624230 0.01990728
v -0.01047625 0.01507255 0.00366075
v -0.00859562 0.01464506 0.00320160
v -0.01122039 0.01453569 0.00478620
v -0.01391478 0.01556133 0.00624332
v -0.03467636 0.01638861 0.01729938
v -0.02223180 0.01589113 0.01033830
v -0.01509796 0.01534836 0.00612307
v -0.01389662 0.01458505 0.00624637
v -0.04562251 0.01642074 0.02283016
v -0.04775256 0.01664418 0.02409835
v -0.03598432 0.01617813 0.01724320
v -0.03049859 0.01609717 0.01450414
v -0.02080338 0.01559571 0.00885310
v -0.00732481 0.02153906 0.00495307
v -0.00791796 0.02031228 0.00456051
v -0.00810146 0.02472935 0.00363306
v -0.00693519 0.02496673 0.00503054
v -0.00753101 0.02577610 0.00393345
v -0.00520822 0.02117844 0.00694858
v -0.00516009 0.02476574 0.00657617
v -0.00550540 0.01853445 0.00680299
v -0.00752796 0.01830228 0.00479437
v -0.00589178 0.01473286 0.00578397
v -0.00775842 0.01480715 0.00361655
v -0.00823313 0.01667990 0.00353675
v -0.00382121 0.01470355 0.00724396
v -0.00271571 0.01893483 0.00844598
v -0.00617240 0.01405870 0.00576235
v -0.00261649 0.02466971 0.00789260
v -0.00443339 0.02580078 0.00641815
v -0.00097855 0.02475507 0.00791847
v -0.00880556 0.02511974 0.00070731
v 0.14248584 0.00662741 0.08920136
v 0.14150509 0.00712612 0.09028098
v 0.14419296 0.00677255 0.08626914
v 0.14340544 0.00635182 0.08838229
v 0.14544988 0.00629863 0.08509269
v 0.14554179 0.00698416 0.08365729
v 0.14640443 0.00653690 0.08254053
v 0.14694671 0.00688801 0.08098444
v 0.14792660 0.00636437 0.08032811
v 0.14934936 0.00670053 0.07683660
v 0.15089148 0.00666236 0.07394229
v 0.15323600 0.00640603 0.07009227
v 0.15229584 0.00666350 0.07124519
v 0.15363336 0.00680829 0.06827491
v 0.15329276 0.01112781 0.06758911
v 0.15491390 0.01012221 0.06505644
v 0.15321033 0.01000476 0.06839232
v 0.15490733 0.01105572 0.06455681
v 0.15199696 0.01104311 0.07045346
v 0.15123495 0.01006570 0.07249496
v 0.15071441 0.01107334 0.07315166
v 0.14949334 0.01097215 0.07547622
v 0.15615681 0.00992595 0.06185068
v 0.15209238 0.00819571 0.07101911
v 0.14910071 0.00788710 0.07672821
v 0.15064463 0.00814286 0.07376081
v 0.14758773 0.01098525 0.07833648
v 0.14653486 0.01093083 0.08032414
v 0.14527711 0.01012746 0.08333707
v 0.14393026 0.01013919 0.08580382
v 0.14229803 0.01094300 0.08802053
v 0.14111345 0.01104160 0.08977760
v 0.13949004 0.00827626 0.09333045
v 0.13980469 0.01105079 0.09216446
v 0.13840349 0.01082450 0.09455039
v 0.13626669 0.00783082 0.09836925
v 0.13440609 0.01093195 0.10044067
v 0.13346633 0.00722054 0.10248811
v 0.13296248 0.01023522 0.10265063
v 0.14525604 0.01109121 0.08271992
v 0.13121478 0.00999953 0.10490809
v 0.13602908 0.00670504 0.09895942
v 0.13702409 0.01113660 0.09609765
v 0.00579168 0.01463880 -0.00725473
v 0.00501399 0.01467753 -0.00575628
v 0.00630974 0.01521425 -0.01041885
v 0.00595193 0.01464233 -0.01039462
v 0.00486066 0.01332773 -0.00772282
v 0.01604897 0.01583857 0.01558946
v 0.01446131 0.01697528 0.01731246
v 0.01597531 0.01592310 0.01710946
v 0.01176323 0.01540548 0.01272083
v 0.00087628 0.01658129 0.00828362
v -0.00000841 0.01406776 0.00807360
v -0.00156736 0.01482640 0.00798007
v -0.00062594 0.01679252 0.00850125
v 0.00011101 0.02047362 0.00912902
v -0.06375835 0.00676534 0.15505084
v -0.06092613 0.00626355 0.15682463
v -0.06424472 0.00629244 0.15494117
v -0.05964892 0.00661910 0.15690410
v -0.05355829 0.00930022 0.15869427
v -0.05712197 0.00667740 0.15784670
v -0.05387650 0.01116290 0.15833239
v -0.04940614 0.00634435 0.16047388
v -0.05061428 0.01009113 0.15971357
v -0.04911009 0.01106281 0.16011924
v -0.04922270 0.00733327 0.16028644
v -0.04633822 0.00831316 0.16113731
v -0.04606471 0.01115076 0.16087651
v -0.04366406 0.00808404 0.16230920
v -0.04175634 0.00988159 0.16274887
v -0.03987125 0.00664118 0.16348691
v -0.03985568 0.01099675 0.16318130
v -0.06111367 0.00934860 0.15581594
v -0.06691910 0.00665200 0.15389690
v -0.06793658 0.01111673 0.15302508
v -0.07020428 0.00672086 0.15255353
v -0.06106316 0.01117863 0.15555118
v -0.07301369 0.00678041 0.15119307
v -0.07328163 0.01115114 0.15059488
v -0.03563087 0.01004469 0.16404171
v -0.03418232 0.01109638 0.16449101
v -0.07534269 0.00674450 0.14983429
v -0.03491191 0.01131094 0.16382499
v -0.06808901 0.00628360 0.15379360
v 0.02723855 0.01010515 -0.16486773
v 0.02855556 0.00993219 -0.16417639
v 0.02790818 0.01122480 -0.16445900
v 0.02791056 0.00897726 -0.16465375
v 0.02848954 0.01118216 -0.16372751
v 0.02685891 0.01112169 -0.16457473
v 0.02695148 0.00785162 -0.16448604
v 0.03163698 0.01026950 -0.16360420
v 0.03001317 0.00659115 -0.16395116
v 0.03623710 0.01021818 -0.16309702
v 0.03527919 0.00660868 -0.16343381
v 0.03763189 0.00611332 -0.16331257
v 0.04032033 0.00823634 -0.16250870
v 0.04241136 0.01119812 -0.16177969
v 0.04373693 0.00822596 -0.16152467
v 0.04406700 0.01012953 -0.16131899
v 0.04914919 0.00812602 -0.16010217
v 0.04853089 0.01114807 -0.16019250
v 0.05007573 0.01023618 -0.15981434
v 0.05460022 0.00664763 -0.15913765
v 0.04910285 0.00659926 -0.16033466
v 0.04378971 0.00609430 -0.16197658
v 0.05483028 0.01015931 -0.15857065
v 0.05753857 0.00663628 -0.15796900
v 0.05767207 0.01102825 -0.15741524
v 0.06146850 0.01004325 -0.15589981
v 0.04957294 0.01130256 -0.15959570
v 0.06210041 0.00817344 -0.15575345
v 0.06675704 0.00648245 -0.15437809
v 0.06093255 0.01114093 -0.15584219
v 0.03652924 0.01133594 -0.16255976
v 0.05019839 0.00612267 -0.16034052
v -0.01151320 0.01500787 0.00293789
v -0.01524871 0.01455446 0.00475909
v 0.00234484 0.01388034 0.16620371
v 0.01392654 0.01375980 0.16612995
v 0.00478398 0.01477298 0.16635621
v -0.00410422 0.01458763 0.16638729
v 0.01433433 0.01443943 0.16623114
v 0.02319639 0.01376444 0.16579168
v -0.01350837 0.01449191 0.16627657
v -0.02374383 0.01699940 0.16527738
v -0.01716368 0.01847448 0.16585189
v -0.02468247 0.01378149 0.16554603
v -0.02555790 0.01460299 0.16525163
v -0.03182793 0.01375033 0.16456112
v -0.03053469 0.01839224 0.16448103
v -0.01237842 0.01854379 0.16614535
v -0.01307155 0.01922110 0.16611287
v 0.00262196 0.01852309 0.16637507
v 0.01272800 0.01856831 0.16621044
v 0.01686823 0.01838719 0.16590369
v 0.01366524 0.01922352 0.16614123
v -0.02153763 0.01921806 0.16580287
v 0.02025937 0.01392007 0.01977929
v 0.05154169 0.01367973 -0.15802416
v 0.12817171 0.01371077 0.10623287
v 0.12967631 0.01362582 0.10445850
v 0.12684888 0.01355883 0.10764872
v 0.10991773 0.01657273 0.12422821
v 0.11188031 0.01359408 0.12275871
v 0.11373857 0.01662071 0.12052891
v 0.11333544 0.01362115 0.12142073
v 0.11635868 0.01498984 0.11836623
v 0.11680306 0.01868954 0.11751653
v 0.11139879 0.01855889 0.12270367
v 0.11977790 0.01685773 0.11459217
v 0.12068447 0.01362468 0.11415143
v 0.12171659 0.01501271 0.11290615
v 0.12210038 0.01862880 0.11214954
v 0.12282822 0.01361420 0.11191269
v 0.12488336 0.01657030 0.10933502
v 0.12483469 0.01366464 0.10985054
v 0.12738696 0.01562263 0.10670201
v 0.12701546 0.01836178 0.10691873
v 0.10641202 0.01844828 0.12731281
v 0.10676707 0.01575632 0.12707652
v 0.10375342 0.01584495 0.12961340
v 0.09984910 0.01369203 0.13325687
v 0.09936111 0.01608887 0.13333414
v 0.10149097 0.01844985 0.13148493
v 0.12965369 0.01584848 0.10393205
v 0.09395745 0.01638541 0.13722438
v 0.13338846 0.01657716 0.09937033
v 0.13240546 0.01370254 0.10104692
v 0.10399988 0.01934172 0.12945826
v 0.09197961 0.01854084 0.13848472
v 0.09098989 0.01358144 0.13928129
v 0.08996911 0.01687387 0.13969596
v 0.08728553 0.01810279 0.14127390
v 0.08479439 0.01371177 0.14329430
v 0.08674134 0.01360607 0.14210778
v 0.08308670 0.01380131 0.14419894
v 0.08390621 0.01854039 0.14365430
v 0.08004111 0.01368593 0.14587405
v 0.07974704 0.01681350 0.14608759
v 0.07727510 0.01364846 0.14773366
v 0.07632841 0.01622860 0.14813514
v 0.07709301 0.01837499 0.14768730
v 0.08124495 0.01923854 0.14543670
v 0.07378769 0.01877230 0.14943896
v 0.07295851 0.01376095 0.15019524
v 0.10154361 0.01948389 0.13173832
v 0.11053927 0.01939160 0.12375279
v 0.11667801 0.01949173 0.11794773
v 0.12026324 0.01961747 0.11449327
v 0.09199357 0.01933576 0.13869508
v 0.12245571 0.01954908 0.11202478
v 0.13032541 0.01947514 0.10334679
v 0.08809268 0.01959213 0.14137435
v 0.08329952 0.01958328 0.14447039
v 0.07065191 0.01834936 0.15082379
v 0.06730122 0.01823844 0.15208045
v 0.07396635 0.01941837 0.14972590
v 0.13886869 0.01626168 0.09149250
v 0.14090605 0.01371277 0.08826371
v 0.13950638 0.01360599 0.09078280
v 0.14137039 0.01799611 0.08699567
v 0.13788964 0.01808580 0.09304279
v 0.14370930 0.01808544 0.08316971
v 0.14473869 0.01408366 0.08152674
v 0.14601816 0.01376293 0.07895266
v 0.14671883 0.01821031 0.07734946
v 0.14738530 0.01478912 0.07655246
v 0.14914867 0.01936906 0.07327439
v 0.14969344 0.01623199 0.07253709
v 0.15081371 0.01855807 0.06983670
v 0.14900951 0.01372939 0.07431979
v 0.15039529 0.01373630 0.07174119
v 0.13556488 0.01929145 0.09659279
v 0.13161790 0.01853101 0.10153543
v 0.15200309 0.01377774 0.06806471
v 0.15225068 0.01803092 0.06643744
v 0.15296772 0.01471311 0.06556743
v 0.15155812 0.01956790 0.06866787
v 0.14231661 0.01953569 0.08591244
v 0.14701943 0.01968371 0.07756133
v 0.13813306 0.01968271 0.09331144
v 0.13230436 0.01970505 0.10103879
v 0.14903741 0.01984403 0.07425269
v 0.14414644 0.01361312 0.08176001
v -0.05533006 0.01386853 -0.15700604
v -0.04810593 0.01377268 -0.15945169
v -0.05201057 0.01388073 -0.15815519
v -0.05553719 0.01853307 -0.15673473
v -0.06004711 0.01935767 -0.15509611
v -0.05894556 0.01387264 -0.15576257
v -0.04980442 0.01818103 -0.15883169
v -0.04513342 0.01926703 -0.16033570
v -0.04344790 0.01485946 -0.16087449
v -0.03710027 0.01373294 -0.16235609
v -0.03385122 0.01862044 -0.16290326
v -0.03458110 0.01378201 -0.16301519
v -0.03302202 0.01938907 -0.16313304
v -0.02977025 0.01481563 -0.16358186
v -0.02482269 0.01895942 -0.16435878
v -0.02176194 0.01832664 -0.16482407
v -0.01532021 0.01378886 -0.16579764
v -0.01567669 0.01821153 -0.16546406
v -0.01557724 0.01935960 -0.16539015
v -0.00839850 0.01378284 -0.16610034
v -0.00502491 0.01821770 -0.16599636
v -0.00419324 0.01489349 -0.16619867
v -0.00561803 0.01924957 -0.16574557
v 0.00428200 0.01887234 -0.16574019
v -0.04947903 0.01941091 -0.15926601
v -0.05508173 0.00635743 -0.16567008
v -0.05882939 0.00592814 -0.16426791
v -0.06550457 0.00650066 -0.16189346
v -0.04928354 0.01647690 -0.16775963
v -0.05018457 0.00671362 -0.16734099
v -0.06813140 0.00591778 -0.16076396
v -0.04454160 0.00591481 -0.16895004
v -0.04463482 0.01617584 -0.16911760
v -0.03921674 0.01596428 -0.17048724
v -0.04468967 0.01930615 -0.16884451
v -0.03921895 0.01907704 -0.17032260
v -0.07203965 0.01728147 -0.15909977
v -0.07401595 0.00655427 -0.15814900
v -0.08114970 0.01186455 -0.15466566
v -0.07745085 0.01746884 -0.15651205
v -0.03341125 0.01705778 -0.17168811
v -0.03307193 0.00580488 -0.17161684
v -0.02812523 0.01622655 -0.17261668
v -0.02818745 0.00655352 -0.17246036
v -0.01749717 0.01557293 -0.17411211
v -0.01743007 0.00978826 -0.17405233
v 0.00966411 0.02056710 -0.01436045
v 0.00615413 0.02062002 -0.01233739
v 0.00973516 0.02056228 -0.00729871
v -0.04770813 0.01965041 0.02312901
v -0.05942818 0.01957075 0.02861279
v -0.05450368 0.01944144 0.02425268
v -0.04839884 0.01948560 0.02517424
v -0.05817902 0.01948277 0.02994302
v -0.06819602 0.01929963 0.03099105
v -0.06067545 0.01946825 0.02728583
v -0.04138887 0.01978877 0.02201273
v -0.03649528 0.01980845 0.01763564
v -0.03926097 0.01966486 0.01667097
v -0.03339178 0.01951068 0.01339341
v -0.02843644 0.01978006 0.01325302
v -0.03257386 0.01970569 0.01742276
v -0.03778447 0.01972143 0.01974548
v -0.07152392 0.01939077 0.03507733
v -0.06754859 0.01934990 0.03445977
v -0.04270449 0.01933972 0.01803191
v -0.02160695 0.01990273 0.00912385
v -0.02558334 0.01957585 0.00884964
v -0.04436424 0.01951624 0.01914426
v -0.01775563 0.01990953 0.00956471
v -0.02092514 0.01975518 0.00646852
v -0.01150969 0.02013903 0.00579551
v -0.07626692 0.01922286 0.03502047
v -0.07899274 0.01921697 0.03630883
v -0.08251891 0.01930128 0.03841930
v -0.08249777 0.01856367 0.03742734
v -0.08497179 0.01876650 0.03861379
v -0.08466446 0.01923899 0.03913338
v -0.08757406 0.01921917 0.04047161
v -0.08556978 0.01922237 0.04344152
v -0.08843926 0.01930215 0.04416741
v -0.09059832 0.01913261 0.04134189
v -0.01287976 0.02008801 0.00115857
v -0.00872205 0.02036023 0.00445967
v -0.00863762 0.02064979 0.00262661
v -0.01227014 0.02012207 -0.00003963
v -0.07670074 0.01931432 0.03922475
v -0.04609194 0.01930233 0.01964136
v -0.09546699 0.01925199 0.04450210
v -0.09539026 0.01927065 0.04862050
v -0.09812363 0.01929921 0.04613150
v -0.10264897 0.01932633 0.04874455
v -0.10685413 0.01936061 0.05502078
v -0.11130413 0.01926203 0.05966773
v -0.11308815 0.01931526 0.05570116
v -0.11358305 0.01933637 0.06131689
v -0.11712236 0.01938081 0.05831725
v -0.11992848 0.01958273 0.06206425
v -0.12085529 0.02001892 0.06535088
v -0.11987616 0.01926870 0.05963228
v -0.08996413 0.01924533 0.04553340
v 0.02412702 0.01950711 0.02581977
v 0.02086230 0.01947116 0.02338560
v 0.02298022 0.01729554 0.02415421
v 0.02622440 0.01796272 0.02690939
v 0.02748800 0.01938330 0.02810983
v 0.01994576 0.01726209 0.02221409
v 0.02191292 0.01463519 0.02193113
v 0.01918994 0.01551097 0.01981752
v 0.02690382 0.01989914 0.02734541
v 0.02590270 0.01464772 0.02464734
v 0.02868968 0.01725063 0.02830913
v 0.01784834 0.01951530 0.02109686
v 0.02789870 0.01454184 0.02603964
v 0.03026357 0.01846186 0.02976257
v 0.01747005 0.01721371 0.01988772
v 0.02354755 0.01453639 0.02335132
v 0.03036357 0.01945601 0.02993379
v 0.01747327 0.01574603 0.01823425
v 0.01579941 0.01710645 0.01844045
v 0.03022856 0.01475450 0.02784567
v 0.03244717 0.01455361 0.02903683
v 0.03261859 0.01700099 0.03068948
v 0.03232969 0.01389356 0.02887710
v 0.03439363 0.01473788 0.03035043
v 0.03513578 0.01764295 0.03330772
v 0.03642235 0.01694189 0.03393269
v 0.03819687 0.01875992 0.03630753
v 0.03315709 0.01935253 0.03231447
v 0.03813478 0.01969858 0.03621733
v 0.03799874 0.01559770 0.03212066
v 0.03796764 0.01564856 0.03363559
v 0.03936724 0.01542762 0.03360534
v 0.03792891 0.01686104 0.03493291
v 0.03958389 0.01935638 0.03771533
v 0.04169280 0.01883129 0.03935600
v 0.04394326 0.01928779 0.04146320
v 0.04361262 0.01750633 0.04028191
v 0.04240169 0.01703967 0.03896543
v 0.04489423 0.01557260 0.03919671
v 0.04611424 0.01819129 0.04293073
v 0.04781882 0.01485772 0.04242273
v 0.04268628 0.01494367 0.03688947
v 0.04883425 0.01720132 0.04489293
v 0.05117621 0.01780032 0.04620875
v 0.04809717 0.01868389 0.04474572
v 0.03371817 0.01385495 0.02937761
v 0.04077861 0.01722872 0.03776947
v 0.03357764 0.01443009 0.02877603
v 0.02954686 0.01388791 0.02756449
v 0.02544264 0.01387330 0.02458416
v 0.04974709 0.01931603 0.04585037
v 0.05099675 0.01938602 0.04590383
v 0.04217432 0.01530132 0.03637443
v 0.04133584 0.01465568 0.03571713
v 0.01543829 0.01947604 0.01902106
v 0.03185339 0.01888586 0.03106476
v 0.03935784 0.01556633 0.03499234
v 0.03940954 0.01690126 0.03623725
v 0.01318756 0.01974127 0.01710448
v 0.01103478 0.01911766 0.01556170
v 0.01017138 0.01698407 0.01377740
v 0.01186730 0.01647503 0.01456988
v 0.01329275 0.01558308 0.01425170
v 0.01054069 0.01571556 0.01275561
v 0.01052779 0.01448534 0.01241416
v 0.00911825 0.01933846 0.01405953
v 0.00740452 0.01795273 0.01231337
v 0.00751597 0.01655654 0.01159793
v 0.01101696 0.01977870 0.01539070
v 0.00727120 0.01965057 0.01269863
v 0.00493352 0.01668368 0.00982383
v 0.00758994 0.01545523 0.01008354
v 0.00440398 0.01587931 0.00854900
v 0.00262494 0.01660360 0.00822856
v 0.00306742 0.01975036 0.00982876
v 0.00185155 0.01888419 0.00886623
v 0.00456663 0.01509693 0.00712633
v 0.00319146 0.01573461 0.00748961
v 0.00467279 0.01444325 0.00844892
v 0.01321184 0.01660138 0.01577147
v 0.01465519 0.01573770 0.01569940
v 0.00912573 0.01551836 0.01146796
v 0.00454074 0.02007878 0.01080522
v 0.00917346 0.01450168 0.01142292
v 0.00566038 0.02027444 0.01146164
v 0.02674267 0.01573108 0.02275355
v 0.02704988 0.01462971 0.02352524
v 0.02450731 0.01389520 0.02190066
v 0.03036286 0.01531483 0.02541675
v 0.02993228 0.01813134 0.02408987
v 0.02600792 0.01851168 0.02157160
v 0.02706538 0.01934992 0.02248698
v 0.03127532 0.01941556 0.02526476
v 0.02507015 0.01945590 0.02124497
v 0.02263137 0.01874317 0.01887687
v 0.03217664 0.01448962 0.02739433
v 0.03397164 0.01572305 0.02795629
v 0.03465156 0.01733252 0.02761344
v 0.03560145 0.01509034 0.02964742
v 0.03714989 0.01874878 0.02936482
v 0.03549535 0.01890232 0.02809090
v 0.03852791 0.01759125 0.03069522
v 0.03337858 0.01383489 0.02827509
v 0.02459825 0.01455989 0.02161069
v 0.03280643 0.01822695 0.02599270
v 0.02125552 0.01776057 0.01777944
v 0.02531441 0.01699373 0.02119830
v 0.03396828 0.01519229 0.02934225
v 0.03846915 0.01928764 0.03060981
v 0.03784222 0.01666509 0.03081976
v 0.03591363 0.01473365 0.03144019
v 0.03665174 0.01538992 0.03211475
v 0.02162857 0.01393197 0.02015168
v 0.03977465 0.01821352 0.03145095
v 0.04011673 0.01968232 0.03247682
v 0.01985319 0.01919325 0.01671680
v 0.01993659 0.01706381 0.01700362
v 0.01872154 0.01744176 0.01583093
v 0.01864375 0.01589978 0.01700637
v 0.01752625 0.01555836 0.01707170
v 0.01805601 0.01454374 0.01764371
v 0.01774159 0.01804746 0.01489284
v 0.01473911 0.01960737 0.01296989
v 0.01508342 0.01876916 0.01283258
v 0.01499048 0.01744058 0.01295016
v 0.01298565 0.01736168 0.01132499
v 0.01327699 0.01588108 0.01284184
v 0.01138154 0.01545922 0.01164282
v 0.01043851 0.01631448 0.01004480
v 0.01006810 0.01455948 0.01058146
v 0.00915570 0.01540255 0.01020546
v 0.01226654 0.01932006 0.01052784
v 0.01467498 0.01580619 0.01422764
v 0.01035100 0.01746714 0.00888989
v 0.01873716 0.01530737 0.01820299
v 0.01687784 0.01718446 0.01465403
v 0.04054379 0.01733194 0.03242837
v 0.04319189 0.01720978 0.03499345
v 0.04069993 0.01591275 0.03357416
v 0.04205873 0.01571848 0.03493077
v 0.04479083 0.01753998 0.03625582
v 0.04074059 0.01524675 0.03494985
v 0.04627524 0.01875970 0.03746808
v 0.04593839 0.01676548 0.03814894
v 0.04737429 0.01745971 0.03888856
v 0.04912873 0.01871941 0.04018267
v 0.05032077 0.01952024 0.04170121
v 0.04556113 0.01488588 0.03995613
v 0.04476216 0.01614840 0.03766005
v 0.04726205 0.01929426 0.03856997
v 0.04005499 0.01459594 0.03428464
v 0.02053649 0.01492476 0.01874947
v 0.00913191 0.01936486 0.00732552
v 0.00757930 0.02022068 0.00581381
v 0.00758683 0.01954401 0.00529012
v 0.00811242 0.01825374 0.00612302
v 0.00650554 0.01701082 0.00477105
v 0.00873173 0.01726160 0.00724581
v 0.00745282 0.01620224 0.00712911
v 0.04329942 0.01557227 0.03755855
v 0.01929075 0.01467421 0.01896565
v 0.02385464 0.01762289 0.01977677
v 0.02175056 0.01468424 0.01967454
v 0.03339998 0.01965284 0.02702125
v 0.00586742 0.01532940 0.00842520
v 0.00755186 0.01548683 0.00854832
v 0.00584935 0.01537098 0.00707526
v 0.00562787 0.01446975 0.00694750
v 0.00598726 0.01447206 0.00834259
v 0.00593785 0.01601586 0.00566179
v 0.00447690 0.01512849 0.00615191
vt 0.07938888 0.64873981
vt 0.61391586 0.61170888
vt 0.70991051 0.19738156
vt 0.72246718 0.23205781
vt 0.71950102 0.20244634
vt 0.73248565 0.21631134
vt 0.73583376 0.19509399
vt 0.75103426 0.21725988
vt 0.75808287 0.19267142
vt 0.76573986 0.18567568
vt 0.74083012 0.16509455
vt 0.72606581 0.17622960
vt 0.76872474 0.17021286
vt 0.75434262 0.15157783
vt 0.74013275 0.12488866
vt 0.72338885 0.13994420
vt 0.72214669 0.10677391
vt 0.76596820 0.12986785
vt 0.77329814 0.14901882
vt 0.78558505 0.16779023
vt 0.78268290 0.13627928
vt 0.78484315 0.18433750
vt 0.79662704 0.17823458
vt 0.79195917 0.14687210
vt 0.81067842 0.14633644
vt 0.81788492 0.16994286
vt 0.83078921 0.14120013
vt 0.82879430 0.17995065
vt 0.85523826 0.15592325
vt 0.85711050 0.17719853
vt 0.89259505 0.17927837
vt 0.87577808 0.15104866
vt 0.87571633 0.19801348
vt 0.84918928 0.19774771
vt 0.86171740 0.21851981
vt 0.89729184 0.21467435
vt 0.88606495 0.22929394
vt 0.86403769 0.22991049
vt 0.84356707 0.22335380
vt 0.83151585 0.20560020
vt 0.81543887 0.21668893
vt 0.80486029 0.19735330
vt 0.81979197 0.23362023
vt 0.80399340 0.23300290
vt 0.80241370 0.21858102
vt 0.80334294 0.21310520
vt 0.47004318 0.58839858
vt 0.81320882 0.24965614
vt 0.79734939 0.25315666
vt 0.81851000 0.27288288
vt 0.82608265 0.24721026
vt 0.84835732 0.25740469
vt 0.84632021 0.23831862
vt 0.86491668 0.24184930
vt 0.87818372 0.23944032
vt 0.87331074 0.25556695
vt 0.88545322 0.25616384
vt 0.89456159 0.24112451
vt 0.91295797 0.22959554
vt 0.91236645 0.24960095
vt 0.93319178 0.24208760
vt 0.93070847 0.21660602
vt 0.91243696 0.20408517
vt 0.91633040 0.17176408
vt 0.89833355 0.15283155
vt 0.92925042 0.18938172
vt 0.93899739 0.17288142
vt 0.91872835 0.14722347
vt 0.95800245 0.18914247
vt 0.95780146 0.17734635
vt 0.95812136 0.15417397
vt 0.94717222 0.14823991
vt 0.97160113 0.17562509
vt 0.97669590 0.13976920
vt 0.98671067 0.16940981
vt 0.98849362 0.18981820
vt 0.98795480 0.20155120
vt 0.95633304 0.20513165
vt 0.94291675 0.19879997
vt 0.95078504 0.22581649
vt 0.96243906 0.21315026
vt 0.98982066 0.21240425
vt 0.97688305 0.22448289
vt 0.98845202 0.23057389
vt 0.95714676 0.23850220
vt 0.95671189 0.25789189
vt 0.98038071 0.26317716
vt 0.97234637 0.28218710
vt 0.94848287 0.26981437
vt 0.95512366 0.28425300
vt 0.93356192 0.28216457
vt 0.92989212 0.26067686
vt 0.91864246 0.29292530
vt 0.94118977 0.29382086
vt 0.92808312 0.31732970
vt 0.90956354 0.31631428
vt 0.89981687 0.29314953
vt 0.89874357 0.32236803
vt 0.88076127 0.30192667
vt 0.87252194 0.32376075
vt 0.85356653 0.30507255
vt 0.85120291 0.34041327
vt 0.83138663 0.33995593
vt 0.82226861 0.32070625
vt 0.80803394 0.33391798
vt 0.80955696 0.30775714
vt 0.78883433 0.31106377
vt 0.79008210 0.33709466
vt 0.77448231 0.34085035
vt 0.76583570 0.31448030
vt 0.75163406 0.32365811
vt 0.75066596 0.28324592
vt 0.73540926 0.29940915
vt 0.73726493 0.33023131
vt 0.72458142 0.32964283
vt 0.71477216 0.31120265
vt 0.70313245 0.32192665
vt 0.69719547 0.29680789
vt 0.68401551 0.31044912
vt 0.67304015 0.29407251
vt 0.65919340 0.31151903
vt 0.66544414 0.33671248
vt 0.64575177 0.34160161
vt 0.64470154 0.31393540
vt 0.63889593 0.33148277
vt 0.63548356 0.32881343
vt 0.63129872 0.32435787
vt 0.62713808 0.30310905
vt 0.64391261 0.30243671
vt 0.65290844 0.34881490
vt 0.66092753 0.35647660
vt 0.66647154 0.35919434
vt 0.70362550 0.35776639
vt 0.68989551 0.34084547
vt 0.71312022 0.34801739
vt 0.71477866 0.35670567
vt 0.70375347 0.37370014
vt 0.69357520 0.37939751
vt 0.67266297 0.36386442
vt 0.68199348 0.37242341
vt 0.69780290 0.38164306
vt 0.70287532 0.38461816
vt 0.72015202 0.38105863
vt 0.73349237 0.37382078
vt 0.72790414 0.35166299
vt 0.74333537 0.34680009
vt 0.74390125 0.36255169
vt 0.77317613 0.36387372
vt 0.76228273 0.37871009
vt 0.74858254 0.39300215
vt 0.73039448 0.39543736
vt 0.74297625 0.40087259
vt 0.73550302 0.39848995
vt 0.74922657 0.40140295
vt 0.77565265 0.38830888
vt 0.75405353 0.40326285
vt 0.76284122 0.40455008
vt 0.79213268 0.40158111
vt 0.79700238 0.39538532
vt 0.79042202 0.35663861
vt 0.79804093 0.34796125
vt 0.81074584 0.35666847
vt 0.80750734 0.39539379
vt 0.81846625 0.37981391
vt 0.82863510 0.36618602
vt 0.84213805 0.35256779
vt 0.84728080 0.37649083
vt 0.86501908 0.35101271
vt 0.86891609 0.38269866
vt 0.87678391 0.36143237
vt 0.87089640 0.33672309
vt 0.88369000 0.34946799
vt 0.88612658 0.36241686
vt 0.88828593 0.37691832
vt 0.89559501 0.37253177
vt 0.90671760 0.35123259
vt 0.90306962 0.34228307
vt 0.92362773 0.33478230
vt 0.92173684 0.35282528
vt 0.93760413 0.33442849
vt 0.91274250 0.37102389
vt 0.92172259 0.36308718
vt 0.92693347 0.36139107
vt 0.23313439 0.33330894
vt 0.93297070 0.35014993
vt 0.94185865 0.34210575
vt 0.95330280 0.33537769
vt 0.27085829 0.33370900
vt 0.95806170 0.32639670
vt 0.90799302 0.37504596
vt 0.20953357 0.33426118
vt 0.90228355 0.37465656
vt 0.89600438 0.38113576
vt 0.84865344 0.39887345
vt 0.83593965 0.40340376
vt 0.81387746 0.40611529
vt 0.80200171 0.40616345
vt 0.79163456 0.40611506
vt 0.72009999 0.39286590
vt 0.71394408 0.39051270
vt 0.70720571 0.38770604
vt 0.66044235 0.28967214
vt 0.67339170 0.27705795
vt 0.69238394 0.27014887
vt 0.67246795 0.24571526
vt 0.69975573 0.24860239
vt 0.69317788 0.22831637
vt 0.70106906 0.21253812
vt 0.67489618 0.21387190
vt 0.72572505 0.25227511
vt 0.72744226 0.26873755
vt 0.74039012 0.25617033
vt 0.74291819 0.23381108
vt 0.76157331 0.23706365
vt 0.76875144 0.22342175
vt 0.77095014 0.24949223
vt 0.78467548 0.22037965
vt 0.78029644 0.20397073
vt 0.78187001 0.27190500
vt 0.76888371 0.28739786
vt 0.74956638 0.26538694
vt 0.76090324 0.24905199
vt 0.79876113 0.28219295
vt 0.71707702 0.28653967
vt 0.83703226 0.27947557
vt 0.84784293 0.28822738
vt 0.87012601 0.28142142
vt 0.87097073 0.26585340
vt 0.90056878 0.27504915
vt 0.91140342 0.26537442
vt 0.94961411 0.31602621
vt 0.94981354 0.29549509
vt 0.96631336 0.29713631
vt 0.98187387 0.28609765
vt 0.98656797 0.27793783
vt 0.98732942 0.27331161
vt 0.99193245 0.25852531
vt 0.98724592 0.24064773
vt 0.99400574 0.25002688
vt 0.97675544 0.29527456
vt 0.97381359 0.30421883
vt 0.97201312 0.30554688
vt 0.99710059 0.18508303
vt 0.99867392 0.20693034
vt 0.99671811 0.22883523
vt 0.99403507 0.16684616
vt 0.99309880 0.16075289
vt 0.79890990 0.20165706
vt 0.13533592 0.24456692
vt 0.89178210 0.89715189
vt 0.89199221 0.89411956
vt 0.79597360 0.20166707
vt 0.69531447 0.18652892
vt 0.71307075 0.16273975
vt 0.68356657 0.19445580
vt 0.66391307 0.26831698
vt 0.62406063 0.28697348
vt 0.64411759 0.29190665
vt 0.62381291 0.26851767
vt 0.63779086 0.25893575
vt 0.60492879 0.21189928
vt 0.62067407 0.24202156
vt 0.62172562 0.22524267
vt 0.65722150 0.23737752
vt 0.63934195 0.23196280
vt 0.64887828 0.21298069
vt 0.66103721 0.21483338
vt 0.65823734 0.18812382
vt 0.67288256 0.17687047
vt 0.66266108 0.16669512
vt 0.66644180 0.14611620
vt 0.62803525 0.18817556
vt 0.64103734 0.19334704
vt 0.64635837 0.16399533
vt 0.62818140 0.21049440
vt 0.60698849 0.16028798
vt 0.59701228 0.17013031
vt 0.59880555 0.16134924
vt 0.60160404 0.15453458
vt 0.61830235 0.18150002
vt 0.63399988 0.15105468
vt 0.61635917 0.16129827
vt 0.65177923 0.13865596
vt 0.64099371 0.12745446
vt 0.65862691 0.12617248
vt 0.66968888 0.12526828
vt 0.68779045 0.15299648
vt 0.68121952 0.11803168
vt 0.63581395 0.10642606
vt 0.65686673 0.10975915
vt 0.66743565 0.08860540
vt 0.64696121 0.09429830
vt 0.64007664 0.08603257
vt 0.63428730 0.08909011
vt 0.62873423 0.09644270
vt 0.62627512 0.10002697
vt 0.62950045 0.11531639
vt 0.62456286 0.10307670
vt 0.03456930 0.49970019
vt 0.64544904 0.07512128
vt 0.65306419 0.07307827
vt 0.66779834 0.06865209
vt 0.68957788 0.07703131
vt 0.68858016 0.05119878
vt 0.67269695 0.05153853
vt 0.66648936 0.05541033
vt 0.66269368 0.05840564
vt 0.65833509 0.06205773
vt 0.65198773 0.06816483
vt 0.67664152 0.04765838
vt 0.68595386 0.04134190
vt 0.68976021 0.03948510
vt 0.69273525 0.03768653
vt 0.69909370 0.04151893
vt 0.69616729 0.03655976
vt 0.70918238 0.06132007
vt 0.71753979 0.03803182
vt 0.70563024 0.03120917
vt 0.71314150 0.02645588
vt 0.72983479 0.05611396
vt 0.74073106 0.03760988
vt 0.74890238 0.02237153
vt 0.73912525 0.01924789
vt 0.73311251 0.02007723
vt 0.72585285 0.02193290
vt 0.71965837 0.02469802
vt 0.74324918 0.01738876
vt 0.76408303 0.03898615
vt 0.78292716 0.02350700
vt 0.77731496 0.03746456
vt 0.79063368 0.04420638
vt 0.79779762 0.02286285
vt 0.78547752 0.01104635
vt 0.77143520 0.01265544
vt 0.76327044 0.01422459
vt 0.75440150 0.01593077
vt 0.74573427 0.01609880
vt 0.79901725 0.01103234
vt 0.79794443 0.06241506
vt 0.80443853 0.05276483
vt 0.81763297 0.03386933
vt 0.83353716 0.02885532
vt 0.83778656 0.01554233
vt 0.81833345 0.01256019
vt 0.84946984 0.01781023
vt 0.85067743 0.02927065
vt 0.85931587 0.01972538
vt 0.86538100 0.02211535
vt 0.87514156 0.02560496
vt 0.87096286 0.03649384
vt 0.88106012 0.02787590
vt 0.88455623 0.04306102
vt 0.89074981 0.03364646
vt 0.89872867 0.05094051
vt 0.89527261 0.03544807
vt 0.89858067 0.06900668
vt 0.92349923 0.06390399
vt 0.91401619 0.08227873
vt 0.93158990 0.07046294
vt 0.92671198 0.09208602
vt 0.90366751 0.10542756
vt 0.91926634 0.12084115
vt 0.93771857 0.11190277
vt 0.94399303 0.08349776
vt 0.95992857 0.11167294
vt 0.95856607 0.09541065
vt 0.95238477 0.08080113
vt 0.91941750 0.40808642
vt 0.96894610 0.10591847
vt 0.97228366 0.11157894
vt 0.94590241 0.12209994
vt 0.92597324 0.13174713
vt 0.88836539 0.09734440
vt 0.88412547 0.07938516
vt 0.87424701 0.10697359
vt 0.86979473 0.08326769
vt 0.85341704 0.08698499
vt 0.87090790 0.06052309
vt 0.85344142 0.05550438
vt 0.84496492 0.05895346
vt 0.82884085 0.07399690
vt 0.84344107 0.10661972
vt 0.82862830 0.05651718
vt 0.81335551 0.07424194
vt 0.82873338 0.04677045
vt 0.81800377 0.09423113
vt 0.80566090 0.08453739
vt 0.79279226 0.07687777
vt 0.78427792 0.08918619
vt 0.77981091 0.06743288
vt 0.77282578 0.08017230
vt 0.75140393 0.07028645
vt 0.73712963 0.08985710
vt 0.72586268 0.08139527
vt 0.70817280 0.08212721
vt 0.71704173 0.07064605
vt 0.69727868 0.09591478
vt 0.74679601 0.05141127
vt 0.76385874 0.05451053
vt 0.76713264 0.09988821
vt 0.80272228 0.10187751
vt 0.87723577 0.07220286
vt 0.89430451 0.12170386
vt 0.91358203 0.04611623
vt 0.90761024 0.04215109
vt 0.69768345 0.13737291
vt 0.69970381 0.11412919
vt 0.74735081 0.10220963
vt 0.78612673 0.11031795
vt 0.79795885 0.12572235
vt 0.81587237 0.11904299
vt 0.85445577 0.12949753
vt 0.87888747 0.12838209
vt 0.93432236 0.14032841
vt 0.95569146 0.12768286
vt 0.97369885 0.11709291
vt 0.99144417 0.15377760
vt 0.98856521 0.14554894
vt 0.98486125 0.13614142
vt 0.97840089 0.12698042
vt 0.97325844 0.12894046
vt 0.61997974 0.13595384
vt 0.61558074 0.12016791
vt 0.61210227 0.12510931
vt 0.62075061 0.11069751
vt 0.62324518 0.10697383
vt 0.60966045 0.13478154
vt 0.61396790 0.26310039
vt 0.60628921 0.24461812
vt 0.60137248 0.25954950
vt 0.60273165 0.26735938
vt 0.60493910 0.27248371
vt 0.59616941 0.23874962
vt 0.59682548 0.24734104
vt 0.59876293 0.25405002
vt 0.59569377 0.21444702
vt 0.59448040 0.20494366
vt 0.59486425 0.18292314
vt 0.60721582 0.27936673
vt 0.61160785 0.29046071
vt 0.60868293 0.28401542
vt 0.61356628 0.29451060
vt 0.61538810 0.29832256
vt 0.61798394 0.30138195
vt 0.62023389 0.30628860
vt 0.62204427 0.30930299
vt 0.64911932 0.26687288
vt 0.93282706 0.35609138
vt 0.24118486 0.33335638
vt 0.94121546 0.34776765
vt 0.94840896 0.34059471
vt 0.26357391 0.33351338
vt 0.84404707 0.40234113
vt 0.62553626 0.31597817
vt 0.94016612 0.07431763
vt 0.92173815 0.05256826
vt 0.92791682 0.05667561
vt 0.91941750 0.44225252
vt 0.93940037 0.06754076
vt 0.94794852 0.07596970
vt 0.91923702 0.41460103
vt 0.79093045 0.21370262
vt 0.48094767 0.80019522
vt 0.80135208 0.20283067
vt 0.13471630 0.24718845
vt 0.80318338 0.20463455
vt 0.13421902 0.24971497
vt 0.13390388 0.25210094
vt 0.80433702 0.20672369
vt 0.88559151 0.38734865
vt 0.88155925 0.38918674
vt 0.60356110 0.14696181
vt 0.60641509 0.13856024
vt 0.85964316 0.39713180
vt 0.87005514 0.39411151
vt 0.87807626 0.39101386
vt 0.85087246 0.40074259
vt 0.89205700 0.38407016
vt 0.69993836 0.03320915
vt 0.67377663 0.36680818
vt 0.64102787 0.33696079
vt 0.80027968 0.21567655
vt 0.47415665 0.58770442
vt 0.64147371 0.07950181
vt 0.86489785 0.39587557
vt 0.96672046 0.31735086
vt 0.97176945 0.30844212
vt 0.59458417 0.23643649
vt 0.97989875 0.29162753
vt 0.66782928 0.36279315
vt 0.90165383 0.37908715
vt 0.63687003 0.08495933
vt 0.72417718 0.39461851
vt 0.98199296 0.12751216
vt 0.97614944 0.11866921
vt 0.99656767 0.24306691
vt 0.99876684 0.22556168
vt 0.99780488 0.23540282
vt 0.96597683 0.09964204
vt 0.96053952 0.09176308
vt 0.95626080 0.08567560
vt 0.76609123 0.40609580
vt 0.91789651 0.36824095
vt 0.22165135 0.33381772
vt 0.99372059 0.25750583
vt 0.99871796 0.19055825
vt 0.82839614 0.40592003
vt 0.81647104 0.01110548
vt 0.84675902 0.01597440
vt 0.99620128 0.17243534
vt 0.97964633 0.29528415
vt 0.97561789 0.30233389
vt 0.46181229 0.44391406
vt 0.76464796 0.01281291
vt 0.60053116 0.26590240
vt 0.76755172 0.56621259
vt 0.98968858 0.26999223
vt 0.99204481 0.26222789
vt 0.98193014 0.29078960
vt 0.46154442 0.45708406
vt 0.98355609 0.28746355
vt 0.46146417 0.46078646
vt 0.98503006 0.28263241
vt 0.91780740 0.04865938
vt 0.68773341 0.37618434
vt 0.92347074 0.36445320
vt 0.60920435 0.12787867
vt 0.53877860 0.86451429
vt 0.63619459 0.33303797
vt 0.12798735 0.02921885
vt 0.59977287 0.26311821
vt 0.77052027 0.56623471
vt 0.99550688 0.24815470
vt 0.59478754 0.24299794
vt 0.79200292 0.56648403
vt 0.87041610 0.02333921
vt 0.82938260 0.01416075
vt 0.82660186 0.01276797
vt 0.96323067 0.32266593
vt 0.85358185 0.01761270
vt 0.91420472 0.37102759
vt 0.62246448 0.10510457
vt 0.03402637 0.50253457
vt 0.72612512 0.39621061
vt 0.22908327 0.01352161
vt 0.98873127 0.27482074
vt 0.90216565 0.03864318
vt 0.82127547 0.01096112
vt 0.49986941 0.64398736
vt 0.63383186 0.33000970
vt 0.12461114 0.03051412
vt 0.77023554 0.01115829
vt 0.10122290 0.17553049
vt 0.68113077 0.37287009
vt 0.18207413 0.01548767
vt 0.60470569 0.13979322
vt 0.98738110 0.14123523
vt 0.60621655 0.13557136
vt 0.53855377 0.85623604
vt 0.59738314 0.16027981
vt 0.53849220 0.82994556
vt 0.99851966 0.18064284
vt 0.42465651 0.45486480
vt 0.62077796 0.31049383
vt 0.30863813 0.13425040
vt 0.60273588 0.27174217
vt 0.76111066 0.56629461
vt 0.99355406 0.26048815
vt 0.46129987 0.48957849
vt 0.76078641 0.40602499
vt 0.06433202 0.41834795
vt 0.86578578 0.02089095
vt 0.68975919 0.37892258
vt 0.19166361 0.01399267
vt 0.68705678 0.37731051
vt 0.18877526 0.01421171
vt 0.60309035 0.14444637
vt 0.99554652 0.25184858
vt 0.59821606 0.25755239
vt 0.77652001 0.56631190
vt 0.97582376 0.11590713
vt 0.51891065 0.19160080
vt 0.69514340 0.03534055
vt 0.18509930 0.43695879
vt 0.60252416 0.14476871
vt 0.53878021 0.84628969
vt 0.59326577 0.19411039
vt 0.98391068 0.03310555
vt 0.59307021 0.20594108
vt 0.98406458 0.04507297
vt 0.83933234 0.01421762
vt 0.59644461 0.25057900
vt 0.78396857 0.56638491
vt 0.70937949 0.02835613
vt 0.70675755 0.02870083
vt 0.17158568 0.43700844
vt 0.62724066 0.09703338
vt 0.03395917 0.49313056
vt 0.80200505 0.40727848
vt 0.06428701 0.45874977
vt 0.71722251 0.39348209
vt 0.22045527 0.01280373
vt 0.87548715 0.39312887
vt 0.03079332 0.39043146
vt 0.82530606 0.40691423
vt 0.06471416 0.48157144
vt 0.63827974 0.08168042
vt 0.03380662 0.47423244
vt 0.71667725 0.02429599
vt 0.70960760 0.39049721
vt 0.21291184 0.01258302
vt 0.64377552 0.34121889
vt 0.13785911 0.02570009
vt 0.73048240 0.01912409
vt 0.10092946 0.13566417
vt 0.71208441 0.02555496
vt 0.16529053 0.43680751
vt 0.69794345 0.38307285
vt 0.20015259 0.01351881
vt 0.77611864 0.01016188
vt 0.45452929 0.64402699
vt 0.86679143 0.39622116
vt 0.84662539 0.40281045
vt 0.06149341 0.39037538
vt 0.69104350 0.03694892
vt 0.18949701 0.43656850
vt 0.97003794 0.31250882
vt 0.63037139 0.32558477
vt 0.32691035 0.13419211
vt 0.66407371 0.05632603
vt 0.22310644 0.43700844
vt 0.66677701 0.05349958
vt 0.21915928 0.43665820
vt 0.66448140 0.36104929
vt 0.16345870 0.01814240
vt 0.66112185 0.35815817
vt 0.15948254 0.01915711
vt 0.59562749 0.24941468
vt 0.78534973 0.56679785
vt 0.64996845 0.34749597
vt 0.14568359 0.02314812
vt 0.65237510 0.34963655
vt 0.14857630 0.02236992
vt 0.97059506 0.10589647
vt 0.53045034 0.19160032
vt 0.97266895 0.11009085
vt 0.99967635 0.22511280
vt 0.37906075 0.45504510
vt 0.99967635 0.19149327
vt 0.41348457 0.45481020
vt 0.84952462 0.01583052
vt 0.52865243 0.64429355
vt 0.89105213 0.03200394
vt 0.51350325 0.52817065
vt 0.68315184 0.04216754
vt 0.19902994 0.43679148
vt 0.99435830 0.15946549
vt 0.44687665 0.45505261
vt 0.47037938 0.19208860
vt 0.99351895 0.15729851
vt 0.47275668 0.19205594
vt 0.99148464 0.26810431
vt 0.46109897 0.48170286
vt 0.99272603 0.26450980
vt 0.46108800 0.48548955
vt 0.74332130 0.01609933
vt 0.10064901 0.14871407
vt 0.67828315 0.04516244
vt 0.20480807 0.43666536
vt 0.64713937 0.07160413
vt 0.03402004 0.46086496
vt 0.70617765 0.38886434
vt 0.20942065 0.01255602
vt 0.86605173 0.39694989
vt 0.04106756 0.39074934
vt 0.88277578 0.39027917
vt 0.02290965 0.39053333
vt 0.98715597 0.13807189
vt 0.49344254 0.19143397
vt 0.98927850 0.14313197
vt 0.48784357 0.19144386
vt 0.89507228 0.38327330
vt 0.19401348 0.33428907
vt 0.88938975 0.38685209
vt 0.01539554 0.39038312
vt 0.18724318 0.33449364
vt 0.65558171 0.06310785
vt 0.03432026 0.44896901
vt 0.65229976 0.06664795
vt 0.03430412 0.45376557
vt 0.68551242 0.04042923
vt 0.19607408 0.43664795
vt 0.99672276 0.17097819
vt 0.43473756 0.45506275
vt 0.97921938 0.12110966
vt 0.51258820 0.19134796
vt 0.76585364 0.40695930
vt 0.06418493 0.42336917
vt 0.99205065 0.15204775
vt 0.47830531 0.19176477
vt 0.98703587 0.27976364
vt 0.46097219 0.46922195
vt 0.85490716 0.01687711
vt 0.53415418 0.64432943
vt 0.86131448 0.01921320
vt 0.54100275 0.64425969
vt 0.75264746 0.01355684
vt 0.10124003 0.15826726
vt 0.82020932 0.01037765
vt 0.49869955 0.64428020
vt 0.63499153 0.08524412
vt 0.03329702 0.47904646
vt 0.90991306 0.04227936
vt 0.49179494 0.52828658
vt 0.90505618 0.03926474
vt 0.49757677 0.52817822
vt 0.96348089 0.09437317
vt 0.54432249 0.19180930
vt 0.96693736 0.09956491
vt 0.53794086 0.19165272
vt 0.77084863 0.01044673
vt 0.44924626 0.64415872
vt 0.10177166 0.17626584
vt 0.89760506 0.03526902
vt 0.50611150 0.52809083
vt 0.83865845 0.01342010
vt 0.51756167 0.64438570
vt 0.98229885 0.12631065
vt 0.50644100 0.19129622
vt 0.98083431 0.12363368
vt 0.50954336 0.19117892
vt 0.99634945 0.25108552
vt 0.46121073 0.49944007
vt 0.70005476 0.03220731
vt 0.17922156 0.43672764
vt 0.69726276 0.03362805
vt 0.18237528 0.43654668
vt 0.68066400 0.04330850
vt 0.20176613 0.43649578
vt 0.96548307 0.32129949
vt 0.46116173 0.42245269
vt 0.91896820 0.04799318
vt 0.48099014 0.52844959
vt 0.98129284 0.29403138
vt 0.46069241 0.45388126
vt 0.91766709 0.77620661
vt 0.93190193 0.78211135
vt 0.93145162 0.77532846
vt 0.91810894 0.77033389
vt 0.93178278 0.77020758
vt 0.93201101 0.79078788
vt 0.00032362 0.20567012
vt 0.91702014 0.79039311
vt 0.93191904 0.79640895
vt 0.00092918 0.21944547
vt 0.91700596 0.80405241
vt 0.93222266 0.80230993
vt 0.92386144 0.81168115
vt 0.93185854 0.81085289
vt 0.93317860 0.77193815
vt 0.93120599 0.76191837
vt 0.91781807 0.76002121
vt 0.92327994 0.75086236
vt 0.93160319 0.75144374
vt 0.00386774 0.16387004
vt 0.91712934 0.74852830
vt 0.91795367 0.74616790
vt 0.93159646 0.73779631
vt 0.91802990 0.73894614
vt 0.00565289 0.15551472
vt 0.91718513 0.73996460
vt 0.00227370 0.23151129
vt 0.91691041 0.81605333
vt 0.93311685 0.78856230
vt 0.91790742 0.72967732
vt 0.93025541 0.72977930
vt 0.93313670 0.72892118
vt 0.93323314 0.75089067
vt 0.62968791 0.68627036
vt 0.93384242 0.74262047
vt 0.62303460 0.69049889
vt 0.93377727 0.73484558
vt 0.65833658 0.66357309
vt 0.93392599 0.77877206
vt 0.67226011 0.65005565
vt 0.93348718 0.79798323
vt 0.92086720 0.82197952
vt 0.93169594 0.82426941
vt 0.00353131 0.23884600
vt 0.91691250 0.82339007
vt 0.92146385 0.83154511
vt 0.93169671 0.83485693
vt 0.92148882 0.83635700
vt 0.93295741 0.81152099
vt 0.68516588 0.63420361
vt 0.93336225 0.81828040
vt 0.00698361 0.25503182
vt 0.91682845 0.83967471
vt 0.93325585 0.83032024
vt 0.91752392 0.84599036
vt 0.93188494 0.84412217
vt 0.00838848 0.14517254
vt 0.91728663 0.72923815
vt 0.08482112 0.34902734
vt 0.93173414 0.85348099
vt 0.93308431 0.83706355
vt 0.93205154 0.72174835
vt 0.91787684 0.72181422
vt 0.92196816 0.70986730
vt 0.93122149 0.71021479
vt 0.91798955 0.69982731
vt 0.60475117 0.70016408
vt 0.93397182 0.71454310
vt 0.93191916 0.69815654
vt 0.93192887 0.68928522
vt 0.41844660 0.90124100
vt 0.69376171 0.62105089
vt 0.93387228 0.83391088
vt 0.63960457 0.67883950
vt 0.93403709 0.75484651
vt 0.68842369 0.62804502
vt 0.93430418 0.82516593
vt 0.67262262 0.37571806
vt 0.64508492 0.86454648
vt 0.64194757 0.86600149
vt 0.36594301 0.23360747
vt 0.64216650 0.88632613
vt 0.38670436 0.23320097
vt 0.35596508 0.14343107
vt 0.64352590 0.89693379
vt 0.34513828 0.14210582
vt 0.64527953 0.34960127
vt 0.64460808 0.90190691
vt 0.64398259 0.92281651
vt 0.31867993 0.14216262
vt 0.62062925 0.33267725
vt 0.64536554 0.93132913
vt 0.30993336 0.14117455
vt 0.36194733 0.23450553
vt 0.64110035 0.86209321
vt 0.35107517 0.23472166
vt 0.64117122 0.85152346
vt 0.68341660 0.38845420
vt 0.64536554 0.84801596
vt 0.34734273 0.23091459
vt 0.84965158 0.80940253
vt 0.85389537 0.82325184
vt 0.84973073 0.82269400
vt 0.85595655 0.80967796
vt 0.86254495 0.82021421
vt 0.86491984 0.80914176
vt 0.87426257 0.82265198
vt 0.87267655 0.80879974
vt 0.87929094 0.80882639
vt 0.98834574 0.62731528
vt 0.86357832 0.82355964
vt 0.38195521 0.07422435
vt 0.85732996 0.82359004
vt 0.37786481 0.06966364
vt 0.88281465 0.82278001
vt 0.84026891 0.82272393
vt 0.84185320 0.81125456
vt 0.84248275 0.80852962
vt 0.86164683 0.80864531
vt 0.83256465 0.81984591
vt 0.82611138 0.80906457
vt 0.82328784 0.82283425
vt 0.83061904 0.80837047
vt 0.36069641 0.05316168
vt 0.83300203 0.82360274
vt 0.81863707 0.81071270
vt 0.81597674 0.82284003
vt 0.80834395 0.81195962
vt 0.81191689 0.81996393
vt 0.81227434 0.80808026
vt 0.80612439 0.80820167
vt 0.80579412 0.81976742
vt 0.80680269 0.82370067
vt 0.34069633 0.03743368
vt 0.79861331 0.82285911
vt 0.80022186 0.81094599
vt 0.81937504 0.82369447
vt 0.35053858 0.04461360
vt 0.84739846 0.80814546
vt 0.30044815 0.54606253
vt 0.79425818 0.80753207
vt 0.79135764 0.80947644
vt 0.79191965 0.82287997
vt 0.78358436 0.80832118
vt 0.77908623 0.82034123
vt 0.31607553 0.02288169
vt 0.77704042 0.82372516
vt 0.77025300 0.82066298
vt 0.76685756 0.82281005
vt 0.76895058 0.80872816
vt 0.75842893 0.82291788
vt 0.75722331 0.80856615
vt 0.97718835 0.62705338
vt 0.89037997 0.80879998
vt 0.89269722 0.82263869
vt 0.88505822 0.82327658
vt 0.90422040 0.82270300
vt 0.88968968 0.82355988
vt 0.39756840 0.09461313
vt 0.96468943 0.62684089
vt 0.90280783 0.80892426
vt 0.91294497 0.82036263
vt 0.95444918 0.61550933
vt 0.30221397 0.47142798
vt 0.87099910 0.80745834
vt 0.40477481 0.10646623
vt 0.90375966 0.82348186
vt 0.74630314 0.80853742
vt 0.74529862 0.82031095
vt 0.73767775 0.82293814
vt 0.85889417 0.64954633
vt 0.31505075 0.59515220
vt 0.74184257 0.80752426
vt 0.86310679 0.63431627
vt 0.29915670 0.01551831
vt 0.75781500 0.82373416
vt 0.84422231 0.80733454
vt 0.29893366 0.49736130
vt 0.30010250 0.54216325
vt 0.79825634 0.80736572
vt 0.49349505 0.89998788
vt 0.49393329 0.91462868
vt 0.48752549 0.91474724
vt 0.48943859 0.90018225
vt 0.48442402 0.90026551
vt 0.47974905 0.91436654
vt 0.48004565 0.90079391
vt 0.50062370 0.91460580
vt 0.50102347 0.90075266
vt 0.50180888 0.91039890
vt 0.50651699 0.90080363
vt 0.47616765 0.90086716
vt 0.46676230 0.90070617
vt 0.45914575 0.90089220
vt 0.45923230 0.91043514
vt 0.08019771 0.04239208
vt 0.50902492 0.91528624
vt 0.08419932 0.03932679
vt 0.51432371 0.91528136
vt 0.51451027 0.90082824
vt 0.52178878 0.90062982
vt 0.52164394 0.91459388
vt 0.08882599 0.03617150
vt 0.52021766 0.91535318
vt 0.53191918 0.90080839
vt 0.53059042 0.91444546
vt 0.53802651 0.90019190
vt 0.54318589 0.91506773
vt 0.54364961 0.90075701
vt 0.47692481 0.89945453
vt 0.54900575 0.91516405
vt 0.55408829 0.91191536
vt 0.54970896 0.90019292
vt 0.55562615 0.90101796
vt 0.50561303 0.89979613
vt 0.51356846 0.89962673
vt 0.56683612 0.91392481
vt 0.43509293 0.70936835
vt 0.56652057 0.90091228
vt 0.12656134 0.01624602
vt 0.56569642 0.91538018
vt 0.03857476 0.08457160
vt 0.44729355 0.91540074
vt 0.43946660 0.90993267
vt 0.45065448 0.90089107
vt 0.43963525 0.90126336
vt 0.45900729 0.89972919
vt 0.43067428 0.91487789
vt 0.42922866 0.89965326
vt 0.55976826 0.71563691
vt 0.44039375 0.89914101
vt 0.91804439 0.68906581
vt 0.41853854 0.91480774
vt 0.58046007 0.71044767
vt 0.41914126 0.89933991
vt 0.93386805 0.68864059
vt 0.53513134 0.71976966
vt 0.46537945 0.89916968
vt 0.50276524 0.72056961
vt 0.49777579 0.89909708
vt 0.02474975 0.10585010
vt 0.91735411 0.68639243
vt 0.42127985 0.91541648
vt 0.45789674 0.71463126
vt 0.54318351 0.89925396
vt 0.44956011 0.71211118
vt 0.55193311 0.89910555
vt 0.57772720 0.90557766
vt 0.70229983 0.64953291
vt 0.57747865 0.91475797
vt 0.51787037 0.72027373
vt 0.48264685 0.89878052
vt 0.54443890 0.71835583
vt 0.45595199 0.89896125
vt 0.49136457 0.71948069
vt 0.50925314 0.89877272
vt 0.08472125 0.26658869
vt 0.09916283 0.26553607
vt 0.09898525 0.25920510
vt 0.08480149 0.25937068
vt 0.08382514 0.25269073
vt 0.06356215 0.35021842
vt 0.09991115 0.25450516
vt 0.08631942 0.24558443
vt 0.06698941 0.35356712
vt 0.09994899 0.24993801
vt 0.09878776 0.23814130
vt 0.08471216 0.23853838
vt 0.08357459 0.24893522
vt 0.05010128 0.33614421
vt 0.09987448 0.27310151
vt 0.08456047 0.27138549
vt 0.72459549 0.49110496
vt 0.08355904 0.23262829
vt 0.08116961 0.36620700
vt 0.09995212 0.23184460
vt 0.09229292 0.28115481
vt 0.08450919 0.28438973
vt 0.04703701 0.33257180
vt 0.09986863 0.27759880
vt 0.09972343 0.28293324
vt 0.09116431 0.28814781
vt 0.03695606 0.31925440
vt 0.09994057 0.29360962
vt 0.08446468 0.29607350
vt 0.72459549 0.52872562
vt 0.08348738 0.27029645
vt 0.08434158 0.22586441
vt 0.09557950 0.22428697
vt 0.72457904 0.49711722
vt 0.08303569 0.23862684
vt 0.09019040 0.30635488
vt 0.03004992 0.30870056
vt 0.09998433 0.30574119
vt 0.08466654 0.30611533
vt 0.05481714 0.34129190
vt 0.09993068 0.26643145
vt 0.72437835 0.51952320
vt 0.08282568 0.26109481
vt 0.09817863 0.21769941
vt 0.08460341 0.21806347
vt 0.08563632 0.20383018
vt 0.09464802 0.20341241
vt 0.10472969 0.38241708
vt 0.85275084 0.52310127
vt 0.09992795 0.20470268
vt 0.02710749 0.30367243
vt 0.09998638 0.31135964
vt 0.08483441 0.31504607
vt 0.02359042 0.29701471
vt 0.09996311 0.31863987
vt 0.08540192 0.32718128
vt 0.01936267 0.28883576
vt 0.09992255 0.32755888
vt 0.71646756 0.57102633
vt 0.08299764 0.31353331
vt 0.09551170 0.33194470
vt 0.08464290 0.33865654
vt 0.72523606 0.74651897
vt 0.09931339 0.34307396
vt 0.72011769 0.46975958
vt 0.08270162 0.21080267
vt 0.71837354 0.46097338
vt 0.08285335 0.20183361
vt 0.08481195 0.19612646
vt 0.08763824 0.18440634
vt 0.09520394 0.18437839
vt 0.85080904 0.50154501
vt 0.09915151 0.18502140
vt 0.71376181 0.44447064
vt 0.08309993 0.18471175
vt 0.08513106 0.17274272
vt 0.09911481 0.17078519
vt 0.08455604 0.16431189
vt 0.70680046 0.42811656
vt 0.08281646 0.16699809
vt 0.85275084 0.47943038
vt 0.09996311 0.16483766
vt 0.30258900 0.24715191
vt 0.14272662 0.40058851
vt 0.72428304 0.50921625
vt 0.08252427 0.25075698
vt 0.70023322 0.41451800
vt 0.08275086 0.15193629
vt 0.31570950 0.23074704
vt 0.22130312 0.14673793
vt 0.22779571 0.14281368
vt 0.22783533 0.15634167
vt 0.23612075 0.14297259
vt 0.23632167 0.15709275
vt 0.34381020 0.37569618
vt 0.24335937 0.15630931
vt 0.53906947 0.30522126
vt 0.22312178 0.14177668
vt 0.21338235 0.15160149
vt 0.52957898 0.30417633
vt 0.21356466 0.14195049
vt 0.20536643 0.14293444
vt 0.20084918 0.15655726
vt 0.51436394 0.30348098
vt 0.19831911 0.14199686
vt 0.19117671 0.15388989
vt 0.19131181 0.14520496
vt 0.50369483 0.30360746
vt 0.18760076 0.14166844
vt 0.18530260 0.14676118
vt 0.73835844 0.95094937
vt 0.19234493 0.15721810
vt 0.37744555 0.34616953
vt 0.18560463 0.15723497
vt 0.38209248 0.34114677
vt 0.22616628 0.15715486
vt 0.35208011 0.36942202
vt 0.17783260 0.14288819
vt 0.73428065 0.94368541
vt 0.56487328 0.30923462
vt 0.24919999 0.14220077
vt 0.24183093 0.15717381
vt 0.33911985 0.37883925
vt 0.25941199 0.14303398
vt 0.25938925 0.15651774
vt 0.26757506 0.15648937
vt 0.26582804 0.14226472
vt 0.25887033 0.14196670
vt 0.27503347 0.14265120
vt 0.27750775 0.15704429
vt 0.30716419 0.39671242
vt 0.26504678 0.15711707
vt 0.31858951 0.39088941
vt 0.25540835 0.15713823
vt 0.32726139 0.38611066
vt 0.19768406 0.15725631
vt 0.37364063 0.35004538
vt 0.28478891 0.15705347
vt 0.30023929 0.39962196
vt 0.28276217 0.14272130
vt 0.29241037 0.14285672
vt 0.30111045 0.14273441
vt 0.30194235 0.15708888
vt 0.28350845 0.40543139
vt 0.27004814 0.14207900
vt 0.30999732 0.15713453
vt 0.27546984 0.40765405
vt 0.31014568 0.14282572
vt 0.60794252 0.32581902
vt 0.29544470 0.14119709
vt 0.61595422 0.33019316
vt 0.30461180 0.14112294
vt 0.32153940 0.14460444
vt 0.32327837 0.15716445
vt 0.26197112 0.41037130
vt 0.64378196 0.91532797
vt 0.32633194 0.14216089
vt 0.33519322 0.14311016
vt 0.64254689 0.90667617
vt 0.33575743 0.15720600
vt 0.24920696 0.41258448
vt 0.58184147 0.31566995
vt 0.26731750 0.14083749
vt 0.34053090 0.14993382
vt 0.39967638 0.24715191
vt 0.34273741 0.15727848
vt 0.24198551 0.41325420
vt 0.39481568 0.23486030
vt 0.34776756 0.14500797
vt 0.34067219 0.14316171
vt 0.64242387 0.90131170
vt 0.39001682 0.24638027
vt 0.35253605 0.15661967
vt 0.57798475 0.56357592
vt 0.57809627 0.54976004
vt 0.18608446 0.31360757
vt 0.46270314 0.31982744
vt 0.77508092 0.72360587
vt 0.57313913 0.56352538
vt 0.82990348 0.45904315
vt 0.83337545 0.45363688
vt 0.82043266 0.45358598
vt 0.30432507 0.97607988
vt 0.82241082 0.45909029
vt 0.29750320 0.97958338
vt 0.81463081 0.45915288
vt 0.81463218 0.45697802
vt 0.81262356 0.45345718
vt 0.80516487 0.45366013
vt 0.28801140 0.98418164
vt 0.80393219 0.45917499
vt 0.31836200 0.96831518
vt 0.83870363 0.45909899
vt 0.84391576 0.45576239
vt 0.32314324 0.96558660
vt 0.84429461 0.45908320
vt 0.63696986 0.35608995
vt 0.83899188 0.45267481
vt 0.26557666 0.46014917
vt 0.85205179 0.45366526
vt 0.63217449 0.35178787
vt 0.84555346 0.45243502
vt 0.26685873 0.46655804
vt 0.51114106 0.23271883
vt 0.51606303 0.23710245
vt 0.60695308 0.68805814
vt 0.51925528 0.23120219
vt 0.00565535 0.81924951
vt 0.50621110 0.23824072
vt 0.50452536 0.23327273
vt 0.49270827 0.23731780
vt 0.48861885 0.23154169
vt 0.48739177 0.23456049
vt 0.57563549 0.70055294
vt 0.48521757 0.23114598
vt 0.47426063 0.23320013
vt 0.00561441 0.78271252
vt 0.46858534 0.23828506
vt 0.59887064 0.69184583
vt 0.51025152 0.23102701
vt 0.27429986 0.57138532
vt 0.52315122 0.23337984
vt 0.00778657 0.83767849
vt 0.26920554 0.56962645
vt 0.52524275 0.23820531
vt 0.56539297 0.70407903
vt 0.47430700 0.23069769
vt 0.53624594 0.45094937
vt 0.50917089 0.52231717
vt 0.50541550 0.52423197
vt 0.50541472 0.52206284
vt 0.49996045 0.52426285
vt 0.89393336 0.03326643
vt 0.51033109 0.52808338
vt 0.50143617 0.52211869
vt 0.49738190 0.52213573
vt 0.90074635 0.03672457
vt 0.50262535 0.52806532
vt 0.51274514 0.52554947
vt 0.51852471 0.52793545
vt 0.51288515 0.52220762
vt 0.51857674 0.52387393
vt 0.88196146 0.02694052
vt 0.52399462 0.52788615
vt 0.52376038 0.52233756
vt 0.51843369 0.52208549
vt 0.55954695 0.64719445
vt 0.52768886 0.52475321
vt 0.49202323 0.52434391
vt 0.48811352 0.52727687
vt 0.48340070 0.52290469
vt 0.91598958 0.04616034
vt 0.48451501 0.52853268
vt 0.24958111 0.40409124
vt 0.49136516 0.52187473
vt 0.25456840 0.40363944
vt 0.48652324 0.52170563
vt 0.47671688 0.52504897
vt 0.91519845 0.45080316
vt 0.47847205 0.52274024
vt 0.91281629 0.44973719
vt 0.47540453 0.52272248
vt 0.87858230 0.02586263
vt 0.52753443 0.52828526
vt 0.26083693 0.40282977
vt 0.91274261 0.45474684
vt 0.48038602 0.52187765
vt 0.23100471 0.40613270
vt 0.50944388 0.52120394
vt 0.22130230 0.40608406
vt 0.51882505 0.52124512
vt 0.88688540 0.03039354
vt 0.51797318 0.52879745
vt 0.68051016 0.72392130
vt 0.68512249 0.72385967
vt 0.38245285 0.90309441
vt 0.68322128 0.72932953
vt 0.38076910 0.90621328
vt 0.67960280 0.72939622
vt 0.67697209 0.72389185
vt 0.37754664 0.91096431
vt 0.67375201 0.72940290
vt 0.67061526 0.72574371
vt 0.37557408 0.91423249
vt 0.66986001 0.72940719
vt 0.69023913 0.72395808
vt 0.69609922 0.72397590
vt 0.39061296 0.88869631
vt 0.70012760 0.72927177
vt 0.70112699 0.72321963
vt 0.70537859 0.72392631
vt 0.70634061 0.72837538
vt 0.39429766 0.88230878
vt 0.70764071 0.72934926
vt 0.56275946 0.32041752
vt 0.67326760 0.72306710
vt 0.66864163 0.72373724
vt 0.70955539 0.72389495
vt 0.66216779 0.72603333
vt 0.65923983 0.72362465
vt 0.65264452 0.72637397
vt 0.39559844 0.87907398
vt 0.71120107 0.72927445
vt 0.71274996 0.72397143
vt 0.39701420 0.87559026
vt 0.71504074 0.72927940
vt 0.71765506 0.72366357
vt 0.72154582 0.72365218
vt 0.40050068 0.86663300
vt 0.72485250 0.72926944
vt 0.72703815 0.72373098
vt 0.40212196 0.86216044
vt 0.72971332 0.72930527
vt 0.73097783 0.72383708
vt 0.73788738 0.72362500
vt 0.74039268 0.72791368
vt 0.74426341 0.72368520
vt 0.74663478 0.72824430
vt 0.75062126 0.72378385
vt 0.56775028 0.32138348
vt 0.66817474 0.72279114
vt 0.75374508 0.72817600
vt 0.47886541 0.31637251
vt 0.75835025 0.72376090
vt 0.51482350 0.31340849
vt 0.72197169 0.72246838
vt 0.70520139 0.72275335
vt 0.52788454 0.31424958
vt 0.70885479 0.72268331
vt 0.54229736 0.31622589
vt 0.69423884 0.72274852
vt 0.57545573 0.32368088
vt 0.66010219 0.72255713
vt 0.55577427 0.31842035
vt 0.68054229 0.72261274
vt 0.55286711 0.31809318
vt 0.68346715 0.72279793
vt 0.54633486 0.31665909
vt 0.69017202 0.72252035
vt 0.56011128 0.31930256
vt 0.67610663 0.72252172
vt 0.52386326 0.31381810
vt 0.71290356 0.72256416
vt 0.50998408 0.31343222
vt 0.72683376 0.72257042
vt 0.50538641 0.31325090
vt 0.73144525 0.72260720
vt 0.49965999 0.31377184
vt 0.73719913 0.72273546
vt 0.49803811 0.31340492
vt 0.73882335 0.72250986
vt 0.49268937 0.31409121
vt 0.74424821 0.72259933
vt 0.58717090 0.32810444
vt 0.64752060 0.72264016
vt 0.47971544 0.31540060
vt 0.75738740 0.72277546
vt 0.47368568 0.31735027
vt 0.76372689 0.72381985
vt 0.57780629 0.57190037
vt 0.76654679 0.72822452
vt 0.45099896 0.24326169
vt 0.44144589 0.24929386
vt 0.44739559 0.25409663
vt 0.45592737 0.25100422
vt 0.90582526 0.75087333
vt 0.44719890 0.25762641
vt 0.34271845 0.45498711
vt 0.44162232 0.25386584
vt 0.52783173 0.54299957
vt 0.45598707 0.24782693
vt 0.90616316 0.74774510
vt 0.44142297 0.24585009
vt 0.18188094 0.06808907
vt 0.45572692 0.24593008
vt 0.90645176 0.74588639
vt 0.06274225 0.45866352
vt 0.06273942 0.46735585
vt 0.06311970 0.44039589
vt 0.78135610 0.40723121
vt 0.06413956 0.43853796
vt 0.06083024 0.44684386
vt 0.05830548 0.44317329
vt 0.05837779 0.45705801
vt 0.06022969 0.42614818
vt 0.05798773 0.42827332
vt 0.06046547 0.46957266
vt 0.05822071 0.47267139
vt 0.06068378 0.48032510
vt 0.32002428 0.03447014
vt 0.05861856 0.48036277
vt 0.05825693 0.42168689
vt 0.26666191 0.01334411
vt 0.06359206 0.48465472
vt 0.83303565 0.40587401
vt 0.06484225 0.48919475
vt 0.32456288 0.03694272
vt 0.05847166 0.48562050
vt 0.05928719 0.49396718
vt 0.07087379 0.39622366
vt 0.05900659 0.42038029
vt 0.06287848 0.41771924
vt 0.05875839 0.41304606
vt 0.75461519 0.40522730
vt 0.06433855 0.41227913
vt 0.26121292 0.01191330
vt 0.05800968 0.41594326
vt 0.06318612 0.40777200
vt 0.06090276 0.40433025
vt 0.25103170 0.01013649
vt 0.05856982 0.40532821
vt 0.74676740 0.40360582
vt 0.06432794 0.40442622
vt 0.24951433 0.01460910
vt 0.24432452 0.00918251
vt 0.05875034 0.39841771
vt 0.75405425 0.40438586
vt 0.06504855 0.41153657
vt 0.05729029 0.45172781
vt 0.29461652 0.02242690
vt 0.45557088 0.45640695
vt 0.45741406 0.45411372
vt 0.42346033 0.20182419
vt 0.45475277 0.45848811
vt 0.42261723 0.19582403
vt 0.45510709 0.45253015
vt 0.45528522 0.44905257
vt 0.97898918 0.29856992
vt 0.46070331 0.44880474
vt 0.45535815 0.44582498
vt 0.46064162 0.44526505
vt 0.45542270 0.44200492
vt 0.97548699 0.30426502
vt 0.46097866 0.44216847
vt 0.45558390 0.43796802
vt 0.45926893 0.43869662
vt 0.45534229 0.43417895
vt 0.97208893 0.31075245
vt 0.46083823 0.43484116
vt 0.97049499 0.31369132
vt 0.46086541 0.43151510
vt 0.45703608 0.43187350
vt 0.45556337 0.46017849
vt 0.46082911 0.46097416
vt 0.42075050 0.17378229
vt 0.45489344 0.43074667
vt 0.45729756 0.42815989
vt 0.96891195 0.31594384
vt 0.46105143 0.42878461
vt 0.96744365 0.31838334
vt 0.46103364 0.42595005
vt 0.45561132 0.42247379
vt 0.45761785 0.41776514
vt 0.96250868 0.32541758
vt 0.46141016 0.41740704
vt 0.45985740 0.41609740
vt 0.45534179 0.42796278
vt 0.98538381 0.28470093
vt 0.46079615 0.46402478
vt 0.97356391 0.30721080
vt 0.46108446 0.43866217
vt 0.27534702 0.32873493
vt 0.45761892 0.40797853
vt 0.41542676 0.15129447
vt 0.27543211 0.32703638
vt 0.45592123 0.40791142
vt 0.41849247 0.16224951
vt 0.45509365 0.41913152
vt 0.41743883 0.15933776
vt 0.45566675 0.41612893
vt 0.45530456 0.46367574
vt 0.45727530 0.46944892
vt 0.45726013 0.47480404
vt 0.98938698 0.27438432
vt 0.46086422 0.47508371
vt 0.98775649 0.27858877
vt 0.46087840 0.47058558
vt 0.45568916 0.47954059
vt 0.99018395 0.27127993
vt 0.46106380 0.47828078
vt 0.45859864 0.48251820
vt 0.42196056 0.22654265
vt 0.45521733 0.48279321
vt 0.45580888 0.48477387
vt 0.42137563 0.23212457
vt 0.45524791 0.48828411
vt 0.45626315 0.49122536
vt 0.45779106 0.49253798
vt 0.99441558 0.25830066
vt 0.46136993 0.49192464
vt 0.41995844 0.24203628
vt 0.45549166 0.49813628
vt 0.45760849 0.49988884
vt 0.99689823 0.24528712
vt 0.46176299 0.50528246
vt 0.45782351 0.50703973
vt 0.45633689 0.50715315
vt 0.35981354 0.45006609
vt 0.45608437 0.49994302
vt 0.41808221 0.25079978
vt 0.45577124 0.50694597
vt 0.35954693 0.44953048
vt 0.41952750 0.16640985
vt 0.45477784 0.42336017
vt 0.42259938 0.19003701
vt 0.45469618 0.44685996
vt 0.42124388 0.17703468
vt 0.45469254 0.43398392
vt 0.15384540 0.12156093
vt 0.15199468 0.12561369
vt 0.14779952 0.12140042
vt 0.15595278 0.12549776
vt 0.15953098 0.12561530
vt 0.03285571 0.60453975
vt 0.15823424 0.12068337
vt 0.52711207 0.25991273
vt 0.16459927 0.12084955
vt 0.13530737 0.12082058
vt 0.50354540 0.26022708
vt 0.16359876 0.12510753
vt 0.14071262 0.12514365
vt 0.13629819 0.12561691
vt 0.13220911 0.12557244
vt 0.12391552 0.12184620
vt 0.12408152 0.12659723
vt 0.03419136 0.63891578
vt 0.12093906 0.12218517
vt 0.48871493 0.25983602
vt 0.11565425 0.12715805
vt 0.03609353 0.64726627
vt 0.11508400 0.12306666
vt 0.48275572 0.25959814
vt 0.11347742 0.12692112
vt 0.03700250 0.64942789
vt 0.17404182 0.12453020
vt 0.03444425 0.59083503
vt 0.17535190 0.11972827
vt 0.54456347 0.25973666
vt 0.18272759 0.12511635
vt 0.03628119 0.58317935
vt 0.28446603 0.40791142
vt 0.18415873 0.12088114
vt 0.18579775 0.12558168
vt 0.17568177 0.07120252
vt 0.52171445 0.53546816
vt 0.13247009 0.12623751
vt 0.03190001 0.63076311
vt 0.12595877 0.12084246
vt 0.49405202 0.25927770
vt 0.12266307 0.12106693
vt 0.49066997 0.25897908
vt 0.17643194 0.06728435
vt 0.18932039 0.12746644
vt 0.12074294 0.12696993
vt 0.03489016 0.64222801
vt 0.52196997 0.53936547
vt 0.18543413 0.12174904
vt 0.22792611 0.32852423
vt 0.22522663 0.32712883
vt 0.22741877 0.32674283
vt 0.22755545 0.33086193
vt 0.22231615 0.33235681
vt 0.22267161 0.32716095
vt 0.21939480 0.32736653
vt 0.91619563 0.37078398
vt 0.21870394 0.33281898
vt 0.21346368 0.32828808
vt 0.21228507 0.33208698
vt 0.20964247 0.32969558
vt 0.20504984 0.33180463
vt 0.20740895 0.32812297
vt 0.90975660 0.37481487
vt 0.21107274 0.33336580
vt 0.90202439 0.38007545
vt 0.20167625 0.33356011
vt 0.20397329 0.32988447
vt 0.20139369 0.32836914
vt 0.19755685 0.32885826
vt 0.38416186 0.08963239
vt 0.20497261 0.32759356
vt 0.92191625 0.36669099
vt 0.22577359 0.33251715
vt 0.19366141 0.32892019
vt 0.21129060 0.32752377
vt 0.21501896 0.32735074
vt 0.89282244 0.38485241
vt 0.19123906 0.33425391
vt 0.19022414 0.32896948
vt 0.01197411 0.39595342
vt 0.23459414 0.33248484
vt 0.23852934 0.32849300
vt 0.23291655 0.32689255
vt 0.24054390 0.33237255
vt 0.40174094 0.11811060
vt 0.23896968 0.32652032
vt 0.38707113 0.09361446
vt 0.20996292 0.32723439
vt 0.24102724 0.32717955
vt 0.24356374 0.32749748
vt 0.93553787 0.35470402
vt 0.24413924 0.33246881
vt 0.24720185 0.32859832
vt 0.93956351 0.35081804
vt 0.24982472 0.33247423
vt 0.24515875 0.32681990
vt 0.24764380 0.32683951
vt 0.25064847 0.32726085
vt 0.25284925 0.32868361
vt 0.94187844 0.34842032
vt 0.25321361 0.33258933
vt 0.25707480 0.33090472
vt 0.25528032 0.32731056
vt 0.25775608 0.32751709
vt 0.94724089 0.34297580
vt 0.26099238 0.33267057
vt 0.25344172 0.32687765
vt 0.26036915 0.32886380
vt 0.26427346 0.32786882
vt 0.26929101 0.33136761
vt 0.40981174 0.13665044
vt 0.25952363 0.32666838
vt 0.27348435 0.33240867
vt 0.26512018 0.33275950
vt 0.95894796 0.33043152
vt 0.27843171 0.33285236
vt 0.46147290 0.41129768
vt 0.38092127 0.08563912
vt 0.19977340 0.32804084
vt 0.37842065 0.08238119
vt 0.19559510 0.32800519
vt 0.39132652 0.09944820
vt 0.21723723 0.32668507
vt 0.95627427 0.33218527
vt 0.27531940 0.33363020
vt 0.89824945 0.38143718
vt 0.19771418 0.33430350
vt 0.96067488 0.32586539
vt 0.28317153 0.33449364
vt 0.42660883 0.45143688
vt 0.41366670 0.45112175
vt 0.39206165 0.31194293
vt 0.42599082 0.44951093
vt 0.39045039 0.31516111
vt 0.42955208 0.44905066
vt 0.99788362 0.17516744
vt 0.43029794 0.45494848
vt 0.40558460 0.45370221
vt 0.40140241 0.45136237
vt 0.38700646 0.45383430
vt 0.38565737 0.45141017
vt 0.40768862 0.27981895
vt 0.39036870 0.44954658
vt 0.37050492 0.45168507
vt 0.99912822 0.23310614
vt 0.37086511 0.45502555
vt 0.41546950 0.25979275
vt 0.36893275 0.44959080
vt 0.43417004 0.45154667
vt 0.99846691 0.23702812
vt 0.36680979 0.45521760
vt 0.41581124 0.25753844
vt 0.36664453 0.44937354
vt 0.99798954 0.24157071
vt 0.46181229 0.50917721
vt 0.36214173 0.45537972
vt 0.44042435 0.45109606
vt 0.99620467 0.16571146
vt 0.44014844 0.45488393
vt 0.38359597 0.32465982
vt 0.44114989 0.44964445
vt 0.44057333 0.45389211
vt 0.99532610 0.16502059
vt 0.44112548 0.45537972
vt 0.56316102 0.51790428
vt 0.56446922 0.51471800
vt 0.56491184 0.50949365
vt 0.14484903 0.61131209
vt 0.55843037 0.52067769
vt 0.56240362 0.52524787
vt 0.56450379 0.53000039
vt 0.56442469 0.52502382
vt 0.56450242 0.53474563
vt 0.15698276 0.60770088
vt 0.55847794 0.53316861
vt 0.56426203 0.53940701
vt 0.55967557 0.54141951
vt 0.56445730 0.51995301
vt 0.56264722 0.50401413
vt 0.35857135 0.64349562
vt 0.56536043 0.50653672
vt 0.56166834 0.50228965
vt 0.55942422 0.50204015
vt 0.12373410 0.61912894
vt 0.55858558 0.49837983
vt 0.92973793 0.98262852
vt 0.33685452 0.61634630
vt 0.56530815 0.54124802
vt 0.56207925 0.54376042
vt 0.16794291 0.60440546
vt 0.55837578 0.54452443
vt 0.56454599 0.54540241
vt 0.56349254 0.54836285
vt 0.17640163 0.60328770
vt 0.55853432 0.55302668
vt 0.56170928 0.55362868
vt 0.55298275 0.53575134
vt 0.56451327 0.55854428
vt 0.33319163 0.60909408
vt 0.55276984 0.52689874
vt 0.56452167 0.54953229
vt 0.16609676 0.60525709
vt 0.55827999 0.54250652
vt 0.56559247 0.51378399
vt 0.34341821 0.62557584
vt 0.56552625 0.52988452
vt 0.33303607 0.61022538
vt 0.56541747 0.54866487
vt 0.34040564 0.62160486
vt 0.56562948 0.53487122
vt 0.56103241 0.50310373
vt 0.55933410 0.50384289
vt 0.34529370 0.62889540
vt 0.56591445 0.52608937
vt 0.53467828 0.51228571
vt 0.52954835 0.51040578
vt 0.01941634 0.72668970
vt 0.33106795 0.20660746
vt 0.52842063 0.51441056
vt 0.50806272 0.71056032
vt 0.53562737 0.50766820
vt 0.50006706 0.71034902
vt 0.33245590 0.21371257
vt 0.53590339 0.51550633
vt 0.53278321 0.50376981
vt 0.01527321 0.73930866
vt 0.52816927 0.50111705
vt 0.01780663 0.73136061
vt 0.52826768 0.50943208
vt 0.53540778 0.50258255
vt 0.53412658 0.49813724
vt 0.52930504 0.49517643
vt 0.53486943 0.49179494
vt 0.52929395 0.49016476
vt 0.53430033 0.48657429
vt 0.01109787 0.75123459
vt 0.52802229 0.48845816
vt 0.01266962 0.74613911
vt 0.52800268 0.49381810
vt 0.52921164 0.48340082
vt 0.53381538 0.47945493
vt 0.53377593 0.47390109
vt 0.50520384 0.71083134
vt 0.53592592 0.51046002
vt 0.52920663 0.46649283
vt 0.53415352 0.47067976
vt 0.46515054 0.23237896
vt 0.53439856 0.45988095
vt 0.54536307 0.70869231
vt 0.53545761 0.47104251
vt 0.55451620 0.70686412
vt 0.53578246 0.46192372
vt 0.53637040 0.71026796
vt 0.53580368 0.47994876
vt 0.01005565 0.75685835
vt 0.52793002 0.48277092
vt 0.53011316 0.71079242
vt 0.53596640 0.48607516
vt 0.52488810 0.71101594
vt 0.53595644 0.49118578
vt 0.51787704 0.71130031
vt 0.53603846 0.49804729
vt 0.97991318 0.02173388
vt 0.97902483 0.01332736
vt 0.97796625 0.01411980
vt 0.97770357 0.02205586
vt 0.54372609 0.82312393
vt 0.97827762 0.00539410
vt 0.97808164 0.03222471
vt 0.98233455 0.03191841
vt 0.97825229 0.03660578
vt 0.59367931 0.18047959
vt 0.98385608 0.01941705
vt 0.98356378 0.01382500
vt 0.97966999 0.03753781
vt 0.59255666 0.20322961
vt 0.98351717 0.04232687
vt 0.97973263 0.04674649
vt 0.59566075 0.16698378
vt 0.98394954 0.00573647
vt 0.53841084 0.82302469
vt 0.98313659 0.05814999
vt 0.97952574 0.05861497
vt 0.98206395 0.06320858
vt 0.97820163 0.05932415
vt 0.98006928 0.07140255
vt 0.59404081 0.24067426
vt 0.79449838 0.56667560
vt 0.98406458 0.08012849
vt 0.04372057 0.09116071
vt 0.97790843 0.07259935
vt 0.04916072 0.08340281
vt 0.97839844 0.08219689
vt 0.59326118 0.22403330
vt 0.98397434 0.06336397
vt 0.02651388 0.12119699
vt 0.97751063 0.03751487
vt 0.03615738 0.10297114
vt 0.97741145 0.05844748
vt 0.03073212 0.11283475
vt 0.97744352 0.04701972
vt 0.59476447 0.17419022
vt 0.98414242 0.01302117
vt 0.37787250 0.36357737
vt 0.19017573 0.23166180
vt 0.37504938 0.36649275
vt 0.18999384 0.22759831
vt 0.18815495 0.23156244
vt 0.39748266 0.72693944
vt 0.18428779 0.23336565
vt 0.18501212 0.22846639
vt 0.18543918 0.22560573
vt 0.39868253 0.73037475
vt 0.18432908 0.23700333
vt 0.18861437 0.24000138
vt 0.40239930 0.73999679
vt 0.18427040 0.24731302
vt 0.18825807 0.24930358
vt 0.39687377 0.34899557
vt 0.19010703 0.25557470
vt 0.40539899 0.75047481
vt 0.18448023 0.25822538
vt 0.18929467 0.26071560
vt 0.18556657 0.26355469
vt 0.40258655 0.34501582
vt 0.19039498 0.26247859
vt 0.40723279 0.34212923
vt 0.19021012 0.26792479
vt 0.18564795 0.26588142
vt 0.40735587 0.75715703
vt 0.18445037 0.26519948
vt 0.18583496 0.27039135
vt 0.39209181 0.71549845
vt 0.18425386 0.22072250
vt 0.36819643 0.37310529
vt 0.19010364 0.21809661
vt 0.39103523 0.71331161
vt 0.18427999 0.21830028
vt 0.18822546 0.21599495
vt 0.18524478 0.21404862
vt 0.36530605 0.37651193
vt 0.19005330 0.21363747
vt 0.18711913 0.21102816
vt 0.38739449 0.70661724
vt 0.18437229 0.21070719
vt 0.18804517 0.20737535
vt 0.35962045 0.38099813
vt 0.70258898 0.47799569
vt 0.19112092 0.20653820
vt 0.18534793 0.20705032
vt 0.38391817 0.70096302
vt 0.18441276 0.20406282
vt 0.69911557 0.47679985
vt 0.18990053 0.20314580
vt 0.38244379 0.69802129
vt 0.18444298 0.20078254
vt 0.18878253 0.19914752
vt 0.38062263 0.69467402
vt 0.18452838 0.19698584
vt 0.68943751 0.47707033
vt 0.19031294 0.19374353
vt 0.37706703 0.68906546
vt 0.68622655 0.47159016
vt 0.18466066 0.19036496
vt 0.38530084 0.70419592
vt 0.18433654 0.20754898
vt 0.18579045 0.27278996
vt 0.18936153 0.27554899
vt 0.18585868 0.28118521
vt 0.18874395 0.28233486
vt 0.41962874 0.33522046
vt 0.19063798 0.28207070
vt 0.01909385 0.30778438
vt 0.18607768 0.28761286
vt 0.42751357 0.33238328
vt 0.19035700 0.29034829
vt 0.41002122 0.77133423
vt 0.18466702 0.27963769
vt 0.02038835 0.29968357
vt 0.41132686 0.78691250
vt 0.57896441 0.53132910
vt 0.02038835 0.31550634
vt 0.18509516 0.29527295
vt 0.43744832 0.32811677
vt 0.19085580 0.30101299
vt 0.44903451 0.32409090
vt 0.19102386 0.31310636
vt 0.57324517 0.54928672
vt 0.02834782 0.47977972
vt 0.03027522 0.47251827
vt 0.02820396 0.47757059
vt 0.02856517 0.46902335
vt 0.03263455 0.46820557
vt 0.02849132 0.48483157
vt 0.63223708 0.08909726
vt 0.03370989 0.48375678
vt 0.63058639 0.09121060
vt 0.03369104 0.48642814
vt 0.02809495 0.48628545
vt 0.03217098 0.48841166
vt 0.62909657 0.09369528
vt 0.03384526 0.48931623
vt 0.03249095 0.49169058
vt 0.02858760 0.49214649
vt 0.02904767 0.46529245
vt 0.64456296 0.07481360
vt 0.03412938 0.46495837
vt 0.03007255 0.45922935
vt 0.64945734 0.06919962
vt 0.03405918 0.45754796
vt 0.03065113 0.45500368
vt 0.03028447 0.44950134
vt 0.64015979 0.07963896
vt 0.03403450 0.47147608
vt 0.03084553 0.44609451
vt 0.01728502 0.26176107
vt 0.02851869 0.45867693
vt 0.01866200 0.26600099
vt 0.02861697 0.45430881
vt 0.01589327 0.25701028
vt 0.02837896 0.46353507
vt 0.02017754 0.27021044
vt 0.02881080 0.44993162
vt 0.65849239 0.06079590
vt 0.03462783 0.44530296
vt 0.22597674 0.43270576
vt 0.03073126 0.44082278
vt 0.64243037 0.07708669
vt 0.03411075 0.46806586
vt 0.01131790 0.23896378
vt 0.02760085 0.48190135
vt 0.62565219 0.09977233
vt 0.03390501 0.49629056
vt 0.03032926 0.49581122
vt 0.03290825 0.49934173
vt 0.01036879 0.22470927
vt 0.02842176 0.49603891
vt 0.03032926 0.49939203
vt 0.03281008 0.50251436
vt 0.03281460 0.50540948
vt 0.03037081 0.50471944
vt 0.01033616 0.22118556
vt 0.02862697 0.49951839
vt 0.00956236 0.21534538
vt 0.02849257 0.50534648
vt 0.00985053 0.21171647
vt 0.02900242 0.50891888
vt 0.61896396 0.11058074
vt 0.03387645 0.50900012
vt 0.61765617 0.11328125
vt 0.03398371 0.51199454
vt 0.61613393 0.11617553
vt 0.03408451 0.51525569
vt 0.62033904 0.10886443
vt 0.03418934 0.50683433
vt 0.63383520 0.08751863
vt 0.03394514 0.48153472
vt 0.01235296 0.24517345
vt 0.02750809 0.47568530
vt 0.54294634 0.18792278
vt 0.54272979 0.18608665
vt 0.54827327 0.18616039
vt 0.54884022 0.18830961
vt 0.32650897 0.37650806
vt 0.54093009 0.18563747
vt 0.53831398 0.18798089
vt 0.31703866 0.38211530
vt 0.55176240 0.18628150
vt 0.55435425 0.18837690
vt 0.31314588 0.38455158
vt 0.91279644 0.40158224
vt 0.55627120 0.18621379
vt 0.91462010 0.40359420
vt 0.55809331 0.18817770
vt 0.55174690 0.19093806
vt 0.96200430 0.09186459
vt 0.54729939 0.19179350
vt 0.96903074 0.10270065
vt 0.53409266 0.19142145
vt 0.53465998 0.18637121
vt 0.53823823 0.18615043
vt 0.53014630 0.18775243
vt 0.53089112 0.18609124
vt 0.52850682 0.18598491
vt 0.33980563 0.36666065
vt 0.52466166 0.18590188
vt 0.97377837 0.11184621
vt 0.52354556 0.19156164
vt 0.52445507 0.18796760
vt 0.51929384 0.19047469
vt 0.34245202 0.36497176
vt 0.52159292 0.18563491
vt 0.51987964 0.18656218
vt 0.51506233 0.18783349
vt 0.51775998 0.18599004
vt 0.51399404 0.18610382
vt 0.97754472 0.11811846
vt 0.51608157 0.19128239
vt 0.50985461 0.18675089
vt 0.50676316 0.18775588
vt 0.98394930 0.12987703
vt 0.50243217 0.19127077
vt 0.50338185 0.18607181
vt 0.50797999 0.18578559
vt 0.49979046 0.18771052
vt 0.35947362 0.35166037
vt 0.50029695 0.18549246
vt 0.36354265 0.34760243
vt 0.49464434 0.18575037
vt 0.98548633 0.13378721
vt 0.49813691 0.19134140
vt 0.49373063 0.18783808
vt 0.48912629 0.18791455
vt 0.48914602 0.18607759
vt 0.48751059 0.18796968
vt 0.36910653 0.34277034
vt 0.48741648 0.18563819
vt 0.99002498 0.14660245
vt 0.48422560 0.19175643
vt 0.48414069 0.18683565
vt 0.99078178 0.14847803
vt 0.48216841 0.19192374
vt 0.47952420 0.18667662
vt 0.47810635 0.18825883
vt 0.47206166 0.18708551
vt 0.47022653 0.18871039
vt 0.44680566 0.45167005
vt 0.19094171 0.00870156
vt 0.19489947 0.00803208
vt 0.86440128 0.57056963
vt 0.19320759 0.00907516
vt 0.19671316 0.00871980
vt 0.19876389 0.00760275
vt 0.86504853 0.56623024
vt 0.20028923 0.00832850
vt 0.20224223 0.00755674
vt 0.86440128 0.56234175
vt 0.20502141 0.00819415
vt 0.20693229 0.00738353
vt 0.20940712 0.00794995
vt 0.21169946 0.00718451
vt 0.21340580 0.00937659
vt 0.21353513 0.00763685
vt 0.21553764 0.00706697
vt 0.21662512 0.00767505
vt 0.71265525 0.39196259
vt 0.21602455 0.01255250
vt 0.21205926 0.01146209
vt 0.21884927 0.00940645
vt 0.21994832 0.00745839
vt 0.21976653 0.01160055
vt 0.22486129 0.00761396
vt 0.22465490 0.00859332
vt 0.18872818 0.00874424
vt 0.72064358 0.39469624
vt 0.22383186 0.01285416
vt 0.22918852 0.01289028
vt 0.22929257 0.00816602
vt 0.23363975 0.00843787
vt 0.23356272 0.01197320
vt 0.73505920 0.39990258
vt 0.23804747 0.01367080
vt 0.72993946 0.39805317
vt 0.23300049 0.01339620
vt 0.23826659 0.00898451
vt 0.24138354 0.01103741
vt 0.73908979 0.40084696
vt 0.24187103 0.01426166
vt 0.24330316 0.00932050
vt 0.06301847 0.39902270
vt 0.24447511 0.01292938
vt 0.74582702 0.40280199
vt 0.24840228 0.01495910
vt 0.73443246 0.39932513
vt 0.23729311 0.01391917
vt 0.23716204 0.00823063
vt 0.23298484 0.00745636
vt 0.24303831 0.00856036
vt 0.22816817 0.00739413
vt 0.13516824 0.02511442
vt 0.13383716 0.02178824
vt 0.13592699 0.02101576
vt 0.13989536 0.02388656
vt 0.13797517 0.02046621
vt 0.14019464 0.01991147
vt 0.14276057 0.01906401
vt 0.14405891 0.02259433
vt 0.14566980 0.01813668
vt 0.14776762 0.02145076
vt 0.14825553 0.01756698
vt 0.15147614 0.01794100
vt 0.65427369 0.35196841
vt 0.15117796 0.02134216
vt 0.63836515 0.33590305
vt 0.13109604 0.02788472
vt 0.65800846 0.35508817
vt 0.15556405 0.02022582
vt 0.15352249 0.01606697
vt 0.15700337 0.01471341
vt 0.15902361 0.01801199
vt 0.15924323 0.01418781
vt 0.16164267 0.01289791
vt 0.16095281 0.01388699
vt 0.16307989 0.01690602
vt 0.16452838 0.01423138
vt 0.16830358 0.01567066
vt 0.16903278 0.01177222
vt 0.64666975 0.34413052
vt 0.14151542 0.02455592
vt 0.64027661 0.33782107
vt 0.13352725 0.02712697
vt 0.66863900 0.36478966
vt 0.16843754 0.01682001
vt 0.13109386 0.02437383
vt 0.12585987 0.02458346
vt 0.33636478 0.12904453
vt 0.13136473 0.02233440
vt 0.12914373 0.02285385
vt 0.14996494 0.01606220
vt 0.16362245 0.01279259
vt 0.16522072 0.01207715
vt 0.17307594 0.01499832
vt 0.67219245 0.36734986
vt 0.17240858 0.01621306
vt 0.67424160 0.36888969
vt 0.17472140 0.01587546
vt 0.17090546 0.01178545
vt 0.17706962 0.01433688
vt 0.17373629 0.01258016
vt 0.17643707 0.01081353
vt 0.67908323 0.37262630
vt 0.18027745 0.01490390
vt 0.17270344 0.01094770
vt 0.18010558 0.01183927
vt 0.18253458 0.01432884
vt 0.17713416 0.01004809
vt 0.17883490 0.00983912
vt 0.67736822 0.37093413
vt 0.17811902 0.01546699
vt 0.18201643 0.01020724
vt 0.15459129 0.01532125
vt 0.18694645 0.01326948
vt 0.68430465 0.37543261
vt 0.18573150 0.01455402
vt 0.19091438 0.01179844
vt 0.69166517 0.38054395
vt 0.19389448 0.01337087
vt 0.18759827 0.00948220
vt 0.18521421 0.01140112
vt 0.18377948 0.00962430
vt 0.69423372 0.38162136
vt 0.19647582 0.01343518
vt 0.20037873 0.01269889
vt 0.70067149 0.38542485
vt 0.20343873 0.01293910
vt 0.20584378 0.01233459
vt 0.70486480 0.38765985
vt 0.20781587 0.01295197
vt 0.14701812 0.01708269
vt 0.12427047 0.02453756
vt 0.13870592 0.01955497
vt 0.14267397 0.01803535
vt 0.15569858 0.01433837
vt 0.13335910 0.02094400
vt 0.12209745 0.02624553
vt 0.33192983 0.12891126
vt 0.11913048 0.02692193
vt 0.11653205 0.37832832
vt 0.13579974 0.38749743
vt 0.12600671 0.39043009
vt 0.15053561 0.40308428
vt 0.31042787 0.24709022
vt 0.15064213 0.39379829
vt 0.15927872 0.40323603
vt 0.15964852 0.39580452
vt 0.50795794 0.65022808
vt 0.16702506 0.39853609
vt 0.09656473 0.37712467
vt 0.09998430 0.21392465
vt 0.10521734 0.37215400
vt 0.09396861 0.37195563
vt 0.09836537 0.36706412
vt 0.08707086 0.37060130
vt 0.10000000 0.22485429
vt 0.10433700 0.37086022
vt 0.44923380 0.65026987
vt 0.62750810 0.77428025
vt 0.09133383 0.36554229
vt 0.07845952 0.36094844
vt 0.08858833 0.36101878
vt 0.09754366 0.36597544
vt 0.10776699 0.16833353
vt 0.08104165 0.35589635
vt 0.17402674 0.40737885
vt 0.33074439 0.24694067
vt 0.17085519 0.40886444
vt 0.17743199 0.40162045
vt 0.18630359 0.40346229
vt 0.18608673 0.41152090
vt 0.34573719 0.24692231
vt 0.18789400 0.40310824
vt 0.53613323 0.65028483
vt 0.36040956 0.24689412
vt 0.20112547 0.41319776
vt 0.19269921 0.40401453
vt 0.54084224 0.65029079
vt 0.19787519 0.40506190
vt 0.20761146 0.40617895
vt 0.21168309 0.40595746
vt 0.52811921 0.52142280
vt 0.55920792 0.65026987
vt 0.38395396 0.24698174
vt 0.22549452 0.41424048
vt 0.21687834 0.40641224
vt 0.52310616 0.52120250
vt 0.21521997 0.41421318
vt 0.37407929 0.24690145
vt 0.22510996 0.40583825
vt 0.51513016 0.52143800
vt 0.39209872 0.24703366
vt 0.23404276 0.41369796
vt 0.07028621 0.35230803
vt 0.05967167 0.34609103
vt 0.09986454 0.25991589
vt 0.07139294 0.35775506
vt 0.09993396 0.24414974
vt 0.07627589 0.36199182
vt 0.09995656 0.23799461
vt 0.04787543 0.32935107
vt 0.05598697 0.33111846
vt 0.16515990 0.43058252
vt 0.04932818 0.32259309
vt 0.17583135 0.43042314
vt 0.03999050 0.31869280
vt 0.04763187 0.31995285
vt 0.17892376 0.43047470
vt 0.04465738 0.31681836
vt 0.18313123 0.43012321
vt 0.18715709 0.43006325
vt 0.04231458 0.31345201
vt 0.03280712 0.30790925
vt 0.02865002 0.29999512
vt 0.23974892 0.40555978
vt 0.50100029 0.52127576
vt 0.24663702 0.40506518
vt 0.49431756 0.52126819
vt 0.32983688 0.15722048
vt 0.25527525 0.41159618
vt 0.25872934 0.40378296
vt 0.48254296 0.52133018
vt 0.31792960 0.15717995
vt 0.26741832 0.40931463
vt 0.27854869 0.40521020
vt 0.03225292 0.29650676
vt 0.20660615 0.43022108
vt 0.03000583 0.29268688
vt 0.21098022 0.43018091
vt 0.02245870 0.28983968
vt 0.02562313 0.28469849
vt 0.01947953 0.28139955
vt 0.02255828 0.27814591
vt 0.02726186 0.28792953
vt 0.01611696 0.27619284
vt 0.01802939 0.26619947
vt 0.02019235 0.27204859
vt 0.01082702 0.26811194
vt 0.71877021 0.74712127
vt 0.09987545 0.34940112
vt 0.91696554 0.85301840
vt 0.01243054 0.25857043
vt 0.01573704 0.25895262
vt 0.01473126 0.25397980
vt 0.02795281 0.46671110
vt 0.01710975 0.28378844
vt 0.09986014 0.33293211
vt 0.73559868 0.74712127
vt 0.00546031 0.24905026
vt 0.91687083 0.83361059
vt 0.00621379 0.24303937
vt 0.01028121 0.23125172
vt 0.02779738 0.48957348
vt 0.00934092 0.21900040
vt 0.00963532 0.22587395
vt 0.02760686 0.49492890
vt 0.00258776 0.21731848
vt 0.00867030 0.21223432
vt 0.00056013 0.21298236
vt 0.91700739 0.79764873
vt 0.00818163 0.20388561
vt 0.00033194 0.19935203
vt 0.91707283 0.78412771
vt 0.00741212 0.19724995
vt 0.00061315 0.19480503
vt 0.04111505 0.32502031
vt 0.09995651 0.28678966
vt 0.03374742 0.31443417
vt 0.09998087 0.29917705
vt 0.15298072 0.39408439
vt 0.00951800 0.26338828
vt 0.91689676 0.84822774
vt 0.00821268 0.19212794
vt 0.54466021 0.86494625
vt 0.00294558 0.18236923
vt 0.00813921 0.18833256
vt 0.00915741 0.17740601
vt 0.01064955 0.17063469
vt 0.54433787 0.84337181
vt 0.00315200 0.16799432
vt 0.91714388 0.75271732
vt 0.00222843 0.17607284
vt 0.91708010 0.76084578
vt 0.01395271 0.15123373
vt 0.54437268 0.82370430
vt 0.97765625 0.00474685
vt 0.01635533 0.14521611
vt 0.97766447 0.01125270
vt 0.01229639 0.13369823
vt 0.91725236 0.71707022
vt 0.02039564 0.13353539
vt 0.97702265 0.02368498
vt 0.02624261 0.11920494
vt 0.02856990 0.10451460
vt 0.03373273 0.09126425
vt 0.43881404 0.91550630
vt 0.03660248 0.10019076
vt 0.03818747 0.08926570
vt 0.04281313 0.09143257
vt 0.04840470 0.08293962
vt 0.04623815 0.07633078
vt 0.05172804 0.07941300
vt 0.78752941 0.57233036
vt 0.97805589 0.08702528
vt 0.04548542 0.07523549
vt 0.45924744 0.91532159
vt 0.05048887 0.06948656
vt 0.46711451 0.91532367
vt 0.05631562 0.06725848
vt 0.05401630 0.06567353
vt 0.47247753 0.91535461
vt 0.05845548 0.06125391
vt 0.47897843 0.91543442
vt 0.06347815 0.06669044
vt 0.76944125 0.57237697
vt 0.06398363 0.05622488
vt 0.48673996 0.91532516
vt 0.06987204 0.06095749
vt 0.76042545 0.57219112
vt 0.07790332 0.05270821
vt 0.07303711 0.05774879
vt 0.75567412 0.57233036
vt 0.07118197 0.04975367
vt 0.49684003 0.91536450
vt 0.07701439 0.04498059
vt 0.50472277 0.91531479
vt 0.00159654 0.22621810
vt 0.91691983 0.81077868
vt 0.08109242 0.05092758
vt 0.28098065 0.12887394
vt 0.09473672 0.03267252
vt 0.52745712 0.91536719
vt 0.09996364 0.02941632
vt 0.53396958 0.91538262
vt 0.10369123 0.02710348
vt 0.53862411 0.91535670
vt 0.09107467 0.04348123
vt 0.29409894 0.12838161
vt 0.11106414 0.03162509
vt 0.31877676 0.12835485
vt 0.11102459 0.02334630
vt 0.54738104 0.91541648
vt 0.11386745 0.03001904
vt 0.32222718 0.12843841
vt 0.11690638 0.02855480
vt 0.32583907 0.12840283
vt 0.11675607 0.02049804
vt 0.55421954 0.91533893
vt 0.12078636 0.01877338
vt 0.55891103 0.91530991
vt 0.13087998 0.01468068
vt 0.69546926 0.65031648
vt 0.57063961 0.91533196
vt 0.14639127 0.00946468
vt 0.71315026 0.64993733
vt 0.15375935 0.00746042
vt 0.72137529 0.64992613
vt 0.16865191 0.01088434
vt 0.17359710 0.01028484
vt 0.18359351 0.00907904
vt 0.19279188 0.00114715
vt 0.76403451 0.64995354
vt 0.20228347 0.00049126
vt 0.77429825 0.64998394
vt 0.20802540 0.00303584
vt 0.21643060 0.00238532
vt 0.22882394 0.00086725
vt 0.80287421 0.65006518
vt 0.29623312 0.15705609
vt 0.28913867 0.40365231
vt 0.01388096 0.27569383
vt 0.72692209 0.74715191
vt 0.00098292 0.18653101
vt 0.91698629 0.77135551
vt 0.29117003 0.15703046
vt 0.29410812 0.40201080
vt 0.29596934 0.39274251
vt 0.91182852 0.41985071
vt 0.30343452 0.38992870
vt 0.27437109 0.15703970
vt 0.31009680 0.39534897
vt 0.31953800 0.38896871
vt 0.31728467 0.38311368
vt 0.33833253 0.37149018
vt 0.24966900 0.15708387
vt 0.33244669 0.38330901
vt 0.32254806 0.37984872
vt 0.54601413 0.18521404
vt 0.34336925 0.36517072
vt 0.35505059 0.36047828
vt 0.35764620 0.36515427
vt 0.21930662 0.15715742
vt 0.36257342 0.36058265
vt 0.36100188 0.35146749
vt 0.36682296 0.35687959
vt 0.20718095 0.15720290
vt 0.37483743 0.34382558
vt 0.37223026 0.33904284
vt 0.48262447 0.18589944
vt 0.38031676 0.33110118
vt 0.38379008 0.32581437
vt 0.17876416 0.15727848
vt 0.74916071 0.94444281
vt 0.38665685 0.33592415
vt 0.39203697 0.32524943
vt 0.38802177 0.31961095
vt 0.37652442 0.33398402
vt 0.47607762 0.18606889
vt 0.39262265 0.31309420
vt 0.39933729 0.30955249
vt 0.74913627 0.92131346
vt 0.40044400 0.31641912
vt 0.40508145 0.29086208
vt 0.40838283 0.29274845
vt 0.74915278 0.86334151
vt 0.42437232 0.26206750
vt 0.41227004 0.27371991
vt 0.41626483 0.25965774
vt 0.74915004 0.85263819
vt 0.42714998 0.25148082
vt 0.39821252 0.30256099
vt 0.74919093 0.84379905
vt 0.42886469 0.24261737
vt 0.42162892 0.23657638
vt 0.74916071 0.83639240
vt 0.82930058 0.61281657
vt 0.43015549 0.23516572
vt 0.84060764 0.61278039
vt 0.43122986 0.22390622
vt 0.42309269 0.22031486
vt 0.45483863 0.47660792
vt 0.42390662 0.21468824
vt 0.86044860 0.61263621
vt 0.43183243 0.20410764
vt 0.42322624 0.20676982
vt 0.45479015 0.46335149
vt 0.42323959 0.19770229
vt 0.45479143 0.45444298
vt 0.87907201 0.61259818
vt 0.43063360 0.18559015
vt 0.42203212 0.18301350
vt 0.45473197 0.43992400
vt 0.89672714 0.61257082
vt 0.42814362 0.16818702
vt 0.90241683 0.61251473
vt 0.42677757 0.16269237
vt 0.41782954 0.15275770
vt 0.42156202 0.14302981
vt 0.92289919 0.61258477
vt 0.41241384 0.14317989
vt 0.26665699 0.32675338
vt 0.41086188 0.13928181
vt 0.26239941 0.32664979
vt 0.93591654 0.61246002
vt 0.41688502 0.13099110
vt 0.40881392 0.13383788
vt 0.25649208 0.32659853
vt 0.40700653 0.12958992
vt 0.25180936 0.32651430
vt 0.94407779 0.61241519
vt 0.41372746 0.12354612
vt 0.40600255 0.12732899
vt 0.24928464 0.32655334
vt 0.40322432 0.12111747
vt 0.24237780 0.32642698
vt 0.95106298 0.61241275
vt 0.41080928 0.11727816
vt 0.39833456 0.11042315
vt 0.23042861 0.32626581
vt 0.39512789 0.10500789
vt 0.22403593 0.32639492
vt 0.40232664 0.10221392
vt 0.89878899 0.82353508
vt 0.87114584 0.82354313
vt 0.38658357 0.08004022
vt 0.87831867 0.82348758
vt 0.39115563 0.08542764
vt 0.38043156 0.08403277
vt 0.37425998 0.07765031
vt 0.18919320 0.32839018
vt 0.36948243 0.07190865
vt 0.02059568 0.39690173
vt 0.18155339 0.32861263
vt 0.36804965 0.06778955
vt 0.84597129 0.82373095
vt 0.37002978 0.06173360
vt 0.36392286 0.05607784
vt 0.83746153 0.82361883
vt 0.35535994 0.05855739
vt 0.04049018 0.39709246
vt 0.35045588 0.05439001
vt 0.35138562 0.05586356
vt 0.04539184 0.39686072
vt 0.35689187 0.04999119
vt 0.82792985 0.82368875
vt 0.34381381 0.04840320
vt 0.34435719 0.04430389
vt 0.34076059 0.04639822
vt 0.06003537 0.39715189
vt 0.33900657 0.04461825
vt 0.33307904 0.04120743
vt 0.05867624 0.49525321
vt 0.06960955 0.39694411
vt 0.33543879 0.03973651
vt 0.81367368 0.82363415
vt 0.34611213 0.04128844
vt 0.32439706 0.03023493
vt 0.79767221 0.82373095
vt 0.33329612 0.03267121
vt 0.32382616 0.03572124
vt 0.31047085 0.02925813
vt 0.05740806 0.46934938
vt 0.30709189 0.02223319
vt 0.28581274 0.01353252
vt 0.28023800 0.01581115
vt 0.26521572 0.00654805
vt 0.30046535 0.02381325
vt 0.78722543 0.82373154
vt 0.32461885 0.02759665
vt 0.26593867 0.01245868
vt 0.05753569 0.42071378
vt 0.25392327 0.00315601
vt 0.82984203 0.65013689
vt 0.26402584 0.00492072
vt 0.84064817 0.65024716
vt 0.24802484 0.00533807
vt 0.23935719 0.00159031
vt 0.81421316 0.65018535
vt 0.24569091 0.00852448
vt 0.25634962 0.01071244
vt 0.05798858 0.41081393
vt 0.24947806 0.00954229
vt 0.05789740 0.40369505
vt 0.25101653 0.00930327
vt 0.74913526 0.91090232
vt 0.40612215 0.30731130
vt 0.41470295 0.14771420
vt 0.41638014 0.15249950
vt 0.41755313 0.15688586
vt 0.33355856 0.37211490
vt 0.53280097 0.18531460
vt 0.34997684 0.35917699
vt 0.51228374 0.18560743
vt 0.35584468 0.35556650
vt 0.50553995 0.18512660
vt 0.01509291 0.12588781
vt 0.91736829 0.70872241
vt 0.27642223 0.01567566
vt 0.05728155 0.43189788
vt 0.01361218 0.24939251
vt 0.02787584 0.47136605
vt 0.28418776 0.01005358
vt 0.74117279 0.82363111
vt 0.86237890 0.65028030
vt 0.18042797 0.40148312
vt 0.52876842 0.65022779
vt 0.40627551 0.28540909
vt 0.20309950 0.40528119
vt 0.07753351 0.05399299
vt 0.74951142 0.57189572
vt 0.27605179 0.12903464
vt 0.42285639 0.21258885
vt 0.45519125 0.46906388
vt 0.42273244 0.21797401
vt 0.45535141 0.47434461
vt 0.02924360 0.29007411
vt 0.21363446 0.43070567
vt 0.38033321 0.32947886
vt 0.47025001 0.18645263
vt 0.44692558 0.44944978
vt 0.00851235 0.19974220
vt 0.54436237 0.87252879
vt 0.00902986 0.20573431
vt 0.54433304 0.87850606
vt 0.00918791 0.20984805
vt 0.02851727 0.51082754
vt 0.54436862 0.88259494
vt 0.08300103 0.35622585
vt 0.10711584 0.15178514
vt 0.00926815 0.18363166
vt 0.54419148 0.85642946
vt 0.29978442 0.39002705
vt 0.91285396 0.41543984
vt 0.29769981 0.39079171
vt 0.91283542 0.41754937
vt 0.41594383 0.15409482
vt 0.45591772 0.41074026
vt 0.42069685 0.23615885
vt 0.45571372 0.49228764
vt 0.31496763 0.38323247
vt 0.55406898 0.18640012
vt 0.02753536 0.28670430
vt 0.21736413 0.43108976
vt 0.17883188 0.40070355
vt 0.52711546 0.64973378
vt 0.34334409 0.04924035
vt 0.05611490 0.39635223
vt 0.39586842 0.30572784
vt 0.41874126 0.44932199
vt 0.40197584 0.29300243
vt 0.40468472 0.44943202
vt 0.41320032 0.26635396
vt 0.37586367 0.44946706
vt 0.01066424 0.17340338
vt 0.54399019 0.84611958
vt 0.38754550 0.31923580
vt 0.43450269 0.44954652
vt 0.09992469 0.36715901
vt 0.44368932 0.64961594
vt 0.63009709 0.76930380
vt 0.10709962 0.17078400
vt 0.16859500 0.39809668
vt 0.51687819 0.64958930
vt 0.14324073 0.38984156
vt 0.49109471 0.64985639
vt 0.20233868 0.40438092
vt 0.55010170 0.64953750
vt 0.27341440 0.51291054
vt 0.27573109 0.50467783
vt 0.26971555 0.50770897
vt 0.03140365 0.89772081
vt 0.26843879 0.50482196
vt 0.02937271 0.89448100
vt 0.26839551 0.50864124
vt 0.26939020 0.51142895
vt 0.27356419 0.49816364
vt 0.03484561 0.90425277
vt 0.26843053 0.49743563
vt 0.03630928 0.90635312
vt 0.26841527 0.49488622
vt 0.27197367 0.48872042
vt 0.03976012 0.91210520
vt 0.26854682 0.48818803
vt 0.27588573 0.49293268
vt 0.27595520 0.48812020
vt 0.26990247 0.48245168
vt 0.04451278 0.91871881
vt 0.26859614 0.48005593
vt 0.27474815 0.48281229
vt 0.27616772 0.49846983
vt 0.27602047 0.50967968
vt 0.27584606 0.51483810
vt 0.02573016 0.88899541
vt 0.26832476 0.51521832
vt 0.27227610 0.47754431
vt 0.84649289 0.75735551
vt 0.27170858 0.46803796
vt 0.04956113 0.92499614
vt 0.26872000 0.47201192
vt 0.85701954 0.76201636
vt 0.27634969 0.47846019
vt 0.64516240 0.66209996
vt 0.27639022 0.52960831
vt 0.27596739 0.52549791
vt 0.27472141 0.53023303
vt 0.27587879 0.53486472
vt 0.27596781 0.51969117
vt 0.27328274 0.52186120
vt 0.65372181 0.65472782
vt 0.27667621 0.51843607
vt 0.65740120 0.65082186
vt 0.27678415 0.51311910
vt 0.66519588 0.64225066
vt 0.27684626 0.50159872
vt 0.66036355 0.64748329
vt 0.27673379 0.50868088
vt 0.66932440 0.63751280
vt 0.27681315 0.49534154
vt 0.67259222 0.63364416
vt 0.27682662 0.49030495
vt 0.64244229 0.66479391
vt 0.27666348 0.53338146
vt 0.62664557 0.67668444
vt 0.27681947 0.55284286
vt 0.27595946 0.54825872
vt 0.27620164 0.55426347
vt 0.63155329 0.67377108
vt 0.27700645 0.54727125
vt 0.27583453 0.54219532
vt 0.62141383 0.68041736
vt 0.27701288 0.55915135
vt 0.27632558 0.56092739
vt 0.61472595 0.68462640
vt 0.27723849 0.56685573
vt 0.27654418 0.56705570
vt 0.27289960 0.52906948
vt 0.01904123 0.87489462
vt 0.26851946 0.53078306
vt 0.02280550 0.88304645
vt 0.26836264 0.52183008
vt 0.26988733 0.51727861
vt 0.01789956 0.87137574
vt 0.26852214 0.53447461
vt 0.01654778 0.86696160
vt 0.26851800 0.53908539
vt 0.26992476 0.54383266
vt 0.27043486 0.55204165
vt 0.01298446 0.85708779
vt 0.26871210 0.54956323
vt 0.26965469 0.55518001
vt 0.27014157 0.56152111
vt 0.01077676 0.84948003
vt 0.26888281 0.55747336
vt 0.27385142 0.56468582
vt 0.27057379 0.56823075
vt 0.00905923 0.84340811
vt 0.26908043 0.56379950
vt 0.00852560 0.83896321
vt 0.26902115 0.56820822
vt 0.01249983 0.85630548
vt 0.26868364 0.55046165
vt 0.01161598 0.85126901
vt 0.26871952 0.55553329
vt 0.18957715 0.43121433
vt 0.19309181 0.43475628
vt 0.18605310 0.43587893
vt 0.18574314 0.43113172
vt 0.18271722 0.43115807
vt 0.17596574 0.43544281
vt 0.17586564 0.43109393
vt 0.17234847 0.43311185
vt 0.17190813 0.43105882
vt 0.16812128 0.43098986
vt 0.17214569 0.43555534
vt 0.70388979 0.03016406
vt 0.17483732 0.43691802
vt 0.70913333 0.02689576
vt 0.16856235 0.43678606
vt 0.03985173 0.30922055
vt 0.19198306 0.43032575
vt 0.03750471 0.30561686
vt 0.19622064 0.43036973
vt 0.68819970 0.03891832
vt 0.19297476 0.43676519
vt 0.19849111 0.43293166
vt 0.20335051 0.43098921
vt 0.20823361 0.43093783
vt 0.67576516 0.04665017
vt 0.20774266 0.43648624
vt 0.03613347 0.30302817
vt 0.19911809 0.43041664
vt 0.21223617 0.43314433
vt 0.67346257 0.04867136
vt 0.21083100 0.43669021
vt 0.21355411 0.43534374
vt 0.21703185 0.43633533
vt 0.22200702 0.43402272
vt 0.02519529 0.28218973
vt 0.22241977 0.43111277
vt 0.22452521 0.43618500
vt 0.02225609 0.27575159
vt 0.02900835 0.44414425
vt 0.22944984 0.43119657
vt 0.66055417 0.05859071
vt 0.22729652 0.43660927
vt 0.03456930 0.44230634
vt 0.71713704 0.02362061
vt 0.10099792 0.12166989
vt 0.15983284 0.43684530
vt 0.67132682 0.05081838
vt 0.21387969 0.43702531
vt 0.17085382 0.43033350
vt 0.05211019 0.32681644
vt 0.05914455 0.33471614
vt 0.16044834 0.43063557
vt 0.06289732 0.33861208
vt 0.15511456 0.43082738
vt 0.15435089 0.43152499
vt 0.10672999 0.12683684
vt 0.03375073 0.29971695
vt 0.20311856 0.43013668
vt 0.06540675 0.34157336
vt 0.15126583 0.43075716
vt 0.06850294 0.34510905
vt 0.10776699 0.13432115
vt 0.14660195 0.43073589
vt 0.31106406 0.48503333
vt 0.03585096 0.98720658
vt 0.03198704 0.98592699
vt 0.30100483 0.62306243
vt 0.03595402 0.98159510
vt 0.29353637 0.61958790
vt 0.02756836 0.98159301
vt 0.02452975 0.98550808
vt 0.02435167 0.98253012
vt 0.30969068 0.48794055
vt 0.03264716 0.98829114
vt 0.03755270 0.98630351
vt 0.03950831 0.98517448
vt 0.68155569 0.02436709
vt 0.02204617 0.98276329
vt 0.28990677 0.61753631
vt 0.02321449 0.98155403
vt 0.03837057 0.98435676
vt 0.03980583 0.98246384
vt 0.58692425 0.47321951
vt 0.03709169 0.98258752
vt 0.30320582 0.62407535
vt 0.03847937 0.98132914
vt 0.58543688 0.47243464
vt 0.52379745 0.55966485
vt 0.52214593 0.55572557
vt 0.51951224 0.55536419
vt 0.09400166 0.98765820
vt 0.52249426 0.55320418
vt 0.52050990 0.55163229
vt 0.33365697 0.45363295
vt 0.51533264 0.55337894
vt 0.52369761 0.56122375
vt 0.51889890 0.55881828
vt 0.69829452 0.79566234
vt 0.52099329 0.56539720
vt 0.52497536 0.56429338
vt 0.69805825 0.79288369
vt 0.52206933 0.56798756
vt 0.52542514 0.56718946
vt 0.52625620 0.57151973
vt 0.45210823 0.08829117
vt 0.51714534 0.55681992
vt 0.51690960 0.55425858
vt 0.51541829 0.55631828
vt 0.51566517 0.55972612
vt 0.51696581 0.56046486
vt 0.69992816 0.80158228
vt 0.19790660 0.81100458
vt 0.51509756 0.56054002
vt 0.10311957 0.99074632
vt 0.52506042 0.56240153
vt 0.09589797 0.98886138
vt 0.52317351 0.55526710
vt 0.10830683 0.99220109
vt 0.52648604 0.56758350
vt 0.20008495 0.80694997
vt 0.51420677 0.55593735
vt 0.11229774 0.99389255
vt 0.52783173 0.57171130
vt 0.45080906 0.08925432
vt 0.33395740 0.45221519
vt 0.52022773 0.55022830
vt 0.51672816 0.54870158
vt 0.18465416 0.11550635
vt 0.52087373 0.54570198
vt 0.51661539 0.54620397
vt 0.55301946 0.25910622
vt 0.51961207 0.54338604
vt 0.55283922 0.25665987
vt 0.51731944 0.54399943
vt 0.51401401 0.54650462
vt 0.55263638 0.25423330
vt 0.67412037 0.74208862
vt 0.51476997 0.54366964
vt 0.20193554 0.79621327
vt 0.51229775 0.54464144
vt 0.52177918 0.54706550
vt 0.33558819 0.45225823
vt 0.52169037 0.54977465
vt 0.44303295 0.25667679
vt 0.52698094 0.54606152
vt 0.52210379 0.54497463
vt 0.43980584 0.25280589
vt 0.52646947 0.54138869
vt 0.18481086 0.11858153
vt 0.52143043 0.54261619
vt 0.52649921 0.53874767
vt 0.17669196 0.07092863
vt 0.52273536 0.53559750
vt 0.18395922 0.11859643
vt 0.55307442 0.26044303
vt 0.52039552 0.54251397
vt 0.44023955 0.25004864
vt 0.52763176 0.53875738
vt 0.98449349 0.59082818
vt 0.98675400 0.59387684
vt 0.31227455 0.18762970
vt 0.98533583 0.58840322
vt 0.98737645 0.58598995
vt 0.30443525 0.18751097
vt 0.98388082 0.58574885
vt 0.98542076 0.58445317
vt 0.98370373 0.58138126
vt 0.98536515 0.58033228
vt 0.98347884 0.57728553
vt 0.98578554 0.57706755
vt 0.98421198 0.57459253
vt 0.98685360 0.57391232
vt 0.29159531 0.18766463
vt 0.98503071 0.57224911
vt 0.98695517 0.57037532
vt 0.28758949 0.18739617
vt 0.98346180 0.56953877
vt 0.98503804 0.56846118
vt 0.98576796 0.56600225
vt 0.98317277 0.56556070
vt 0.98377937 0.56288862
vt 0.98534065 0.56134826
vt 0.98373502 0.55893248
vt 0.98460335 0.55668855
vt 0.98527408 0.55403239
vt 0.98301065 0.55400473
vt 0.98386317 0.55145615
vt 0.98457497 0.54930180
vt 0.98196375 0.54846203
vt 0.98262674 0.54603171
vt 0.98572356 0.54591936
vt 0.25630364 0.18860173
vt 0.98343211 0.54367983
vt 0.98409343 0.54137832
vt 0.98534387 0.53991294
vt 0.24796738 0.18855321
vt 0.98251867 0.53875297
vt 0.98238653 0.56085902
vt 0.98161066 0.54090172
vt 0.98397607 0.53774500
vt 0.98459435 0.53545117
vt 0.98206711 0.53486097
vt 0.98331052 0.53345895
vt 0.98589849 0.53333527
vt 0.23839536 0.18935674
vt 0.98431677 0.53181243
vt 0.98263931 0.52916759
vt 0.98179144 0.53142440
vt 0.98410422 0.52806413
vt 0.98474598 0.52578509
vt 0.98246890 0.52563930
vt 0.98326999 0.52357161
vt 0.98536664 0.52380580
vt 0.98368984 0.52104837
vt 0.98448801 0.51909077
vt 0.98513186 0.51704031
vt 0.98706079 0.51606518
vt 0.80371648 0.91639882
vt 0.98313218 0.51714498
vt 0.98295546 0.57258725
vt 0.98557049 0.51444423
vt 0.98204839 0.55645108
vt 0.98289394 0.58798641
vt 0.98311043 0.51427007
vt 0.98201513 0.51528442
vt 0.98378432 0.51211476
vt 0.98626542 0.51259506
vt 0.98459780 0.51037264
vt 0.98768300 0.51040614
vt 0.79727101 0.91645330
vt 0.98200756 0.51864827
vt 0.98082548 0.52659297
vt 0.98173386 0.57051754
vt 0.98051077 0.53579420
vt 0.98199069 0.58240962
vt 0.98155600 0.56653333
vt 0.98071194 0.54417074
vt 0.97997099 0.54190224
vt 0.98130727 0.55114084
vt 0.98192102 0.57844847
vt 0.98139721 0.52083236
vt 0.98039055 0.53236979
vt 0.98111379 0.55879205
vt 0.98209858 0.50975776
vt 0.98126942 0.56268430
vt 0.98600030 0.50948256
vt 0.98552525 0.50752777
vt 0.98739183 0.50722605
vt 0.98644054 0.50527400
vt 0.98294216 0.50778699
vt 0.98521572 0.50419790
vt 0.98174751 0.57449573
vt 0.98277378 0.50479263
vt 0.98083466 0.52305436
vt 0.98010963 0.52880311
vt 0.97999090 0.53822786
vt 0.98865128 0.50582391
vt 0.79189456 0.91618752
vt 0.98054326 0.55359066
vt 0.98161012 0.50646251
vt 0.97837460 0.54597402
vt 0.59091747 0.49812865
vt 0.98125017 0.51129091
vt 0.62813717 0.49730062
vt 0.97909182 0.52529490
vt 0.61248612 0.49715191
vt 0.97785932 0.54258996
vt 0.59437007 0.49796546
vt 0.97879130 0.53086555
vt 0.60656309 0.49746096
vt 0.97941279 0.56098908
vt 0.84512818 0.97329146
vt 0.97969294 0.56462586
vt 0.84081274 0.97327840
vt 0.98016483 0.58056158
vt 0.82277018 0.97332078
vt 0.98044842 0.51370353
vt 0.62529188 0.49769580
vt 0.97936720 0.52111787
vt 0.61697668 0.49738348
vt 0.97828341 0.53688800
vt 0.60024387 0.49777240
vt 0.98102760 0.50405550
vt 0.63656956 0.49830258
vt 0.63063544 0.70158225
vt 0.98365688 0.50267887
vt 0.63074434 0.69829470
vt 0.98658681 0.52586019
vt 0.81445450 0.91635025
vt 0.98750514 0.59825826
vt 0.31647909 0.18769819
vt 0.73666513 0.53065962
vt 0.98443365 0.59845620
vt 0.73508626 0.52858943
vt 0.98588020 0.60088074
vt 0.98826474 0.50782996
vt 0.79424238 0.91635185
vt 0.47991401 0.80199248
vt 0.47359326 0.80458909
vt 0.47380099 0.80204481
vt 0.47920129 0.79981118
vt 0.47644272 0.80566531
vt 0.48033518 0.80388391
vt 0.47489321 0.80714148
vt 0.79355437 0.21563828
vt 0.48191828 0.80337888
vt 0.47058105 0.80449545
vt 0.48091903 0.80584472
vt 0.47094893 0.80787802
vt 0.47799352 0.59893662
vt 0.48252428 0.80652761
vt 0.47799352 0.58765823
vt 0.79660666 0.21615803
vt 0.46899185 0.80656594
vt 0.46922356 0.80142844
vt 0.46795219 0.80344898
vt 0.78963578 0.21066666
vt 0.47951660 0.79715794
vt 0.89178210 0.88132912
vt 0.47603419 0.79651898
vt 0.88896787 0.88361067
vt 0.46812910 0.80046433
vt 0.88045096 0.88562369
vt 0.73681110 0.52483505
vt 0.73630166 0.52716839
vt 0.73527753 0.52304435
vt 0.32417616 0.18514097
vt 0.73954052 0.52753824
vt 0.73872101 0.52999079
vt 0.73615217 0.52088851
vt 0.74038196 0.52728111
vt 0.80155689 0.97378093
vt 0.74074614 0.53128684
vt 0.80577427 0.97342509
vt 0.73836941 0.53250080
vt 0.74133664 0.53471935
vt 0.80950820 0.97334617
vt 0.73763764 0.53435856
vt 0.98414344 0.59430563
vt 0.73919827 0.53609109
vt 0.98293567 0.59215552
vt 0.73866856 0.51922369
vt 0.79301745 0.97331023
vt 0.73474663 0.51904184
vt 0.73558360 0.51701343
vt 0.73417789 0.51509726
vt 0.33175811 0.18512660
vt 0.73522049 0.51327938
vt 0.73391479 0.51145619
vt 0.33527145 0.18542582
vt 0.73490691 0.50972784
vt 0.73749417 0.50860316
vt 0.78250295 0.97328478
vt 0.73550987 0.50677973
vt 0.73762083 0.50524330
vt 0.77933878 0.97350299
vt 0.73456383 0.50539660
vt 0.73560548 0.50360030
vt 0.73752230 0.50170994
vt 0.77602154 0.97345084
vt 0.73446798 0.50168604
vt 0.73632467 0.50084525
vt 0.73508590 0.49894738
vt 0.73368019 0.50399774
vt 0.73253351 0.50207436
vt 0.34354469 0.18716121
vt 0.73349291 0.49663305
vt 0.34827396 0.18659031
vt 0.73558497 0.49624270
vt 0.73769486 0.49794513
vt 0.77255028 0.97343767
vt 0.73775285 0.49450910
vt 0.76943171 0.97330678
vt 0.73437542 0.49431294
vt 0.73557168 0.49253547
vt 0.73355877 0.49291825
vt 0.73449093 0.49057609
vt 0.73561531 0.48878223
vt 0.73585069 0.48489761
vt 0.73270190 0.49522603
vt 0.34937078 0.18738174
vt 0.35740110 0.18748987
vt 0.73352736 0.48464054
vt 0.73356497 0.51767039
vt 0.32936433 0.18584657
vt 0.73279220 0.48761272
vt 0.35516962 0.18780857
vt 0.73496807 0.48300409
vt 0.73614830 0.48133790
vt 0.73793197 0.48024952
vt 0.39514562 0.48639238
vt 0.73658246 0.47856319
vt 0.54142398 0.66391987
vt 0.74014390 0.47936916
vt 0.75675005 0.97337294
vt 0.16796117 0.15284812
vt 0.73773688 0.47644621
vt 0.07087379 0.40284812
vt 0.11553398 0.61107594
vt 0.73838335 0.47253978
vt 0.79967636 0.88196200
vt 0.73276067 0.49156767
vt 0.35218555 0.18769562
vt 0.33649033 0.18625516
vt 0.73296791 0.51016331
vt 0.74160534 0.47462267
vt 0.75309741 0.97334874
vt 0.74170136 0.47176003
vt 0.73588324 0.53253025
vt 0.98560947 0.59657383
vt 0.73256505 0.51627439
vt 0.33078018 0.18662637
vt 0.73208553 0.50875455
vt 0.33772206 0.18719035
vt 0.54003948 0.86510849
vt 0.54246283 0.86500543
vt 0.54262161 0.85689104
vt 0.60722351 0.13170493
vt 0.53883779 0.86021310
vt 0.54009795 0.85659212
vt 0.60540783 0.13638091
vt 0.53882974 0.85515541
vt 0.01000722 0.17844963
vt 0.54391152 0.85121268
vt 0.60402250 0.14002496
vt 0.53895563 0.85126251
vt 0.53873444 0.84096485
vt 0.54218823 0.84082872
vt 0.53963202 0.83705157
vt 0.54351145 0.83581465
vt 0.59901714 0.15471983
vt 0.53858107 0.83572692
vt 0.54338127 0.83112901
vt 0.53927016 0.83087271
vt 0.54386199 0.82922387
vt 0.54382950 0.84074283
vt 0.53963190 0.82534194
vt 0.00908470 0.18106163
vt 0.54460108 0.85390168
vt 0.54191762 0.82246834
vt 0.98017001 0.00614780
vt 0.59980017 0.15385413
vt 0.53825855 0.83682632
vt 0.61060917 0.12454474
vt 0.53899848 0.86812198
vt 0.54257774 0.86876780
vt 0.00829223 0.19619596
vt 0.54445028 0.86899382
vt 0.54253417 0.87240893
vt 0.54017973 0.87165982
vt 0.61246914 0.12166619
vt 0.53886217 0.87153566
vt 0.61410582 0.11894464
vt 0.03406168 0.51867086
vt 0.53894866 0.87470317
vt 0.03063924 0.51361907
vt 0.54231453 0.87977034
vt 0.59644288 0.16546971
vt 0.53819633 0.82469428
vt 0.01212734 0.15848613
vt 0.54466021 0.83116615
vt 0.54419452 0.83423871
vt 0.01138611 0.16366506
vt 0.54465473 0.83638710
vt 0.60133266 0.14943999
vt 0.53818768 0.84148967
vt 0.83296734 0.01309961
vt 0.51181805 0.64415485
vt 0.51883847 0.64763510
vt 0.51245070 0.64756024
vt 0.51832747 0.64545596
vt 0.83965659 0.01262832
vt 0.82941979 0.01254803
vt 0.50820678 0.64413995
vt 0.16106878 0.39568388
vt 0.50922787 0.64971280
vt 0.17349958 0.40012968
vt 0.52196729 0.65031648
vt 0.84738731 0.01523280
vt 0.52643526 0.64415699
vt 0.52681547 0.64750785
vt 0.53451151 0.64796335
vt 0.54390824 0.64772332
vt 0.85566914 0.01727575
vt 0.53500950 0.64432073
vt 0.86544108 0.02010494
vt 0.54521996 0.64450467
vt 0.19661300 0.40413320
vt 0.54458022 0.64976054
vt 0.87096226 0.02236712
vt 0.55120718 0.64431417
vt 0.55437404 0.64773750
vt 0.87439686 0.02353531
vt 0.55485129 0.64430815
vt 0.53236246 0.52794832
vt 0.20797804 0.40512246
vt 0.55557978 0.64972967
vt 0.82821095 0.01193786
vt 0.50686163 0.64428234
vt 0.50071424 0.64770097
vt 0.50007480 0.64535850
vt 0.49228796 0.64777464
vt 0.15152998 0.39308840
vt 0.49969918 0.64982748
vt 0.81495893 0.01009744
vt 0.49344593 0.64413470
vt 0.13104771 0.38452590
vt 0.47824737 0.64986914
vt 0.47796234 0.64777100
vt 0.47686327 0.64559096
vt 0.79911911 0.00981015
vt 0.47758356 0.64412326
vt 0.11535738 0.37686062
vt 0.46136695 0.64976859
vt 0.46090403 0.64764732
vt 0.45034167 0.64734519
vt 0.63009709 0.77626580
vt 0.10585932 0.37142414
vt 0.45073333 0.64969295
vt 0.44808871 0.64529794
vt 0.10281699 0.17506760
vt 0.85477644 0.53682220
vt 0.41288605 0.65755320
vt 0.85376334 0.53799999
vt 0.36285052 0.62370753
vt 0.85760009 0.54170090
vt 0.85715234 0.53707659
vt 0.85679144 0.54439729
vt 0.85517710 0.53298986
vt 0.85685688 0.53130794
vt 0.36942902 0.62396467
vt 0.85765970 0.54813713
vt 0.85677326 0.55054027
vt 0.42594668 0.66081321
vt 0.85384220 0.55074900
vt 0.85377109 0.55497241
vt 0.43015769 0.66234177
vt 0.37906536 0.62246835
vt 0.37317777 0.62441850
vt 0.85780579 0.55181968
vt 0.40778804 0.65657520
vt 0.85395861 0.53293574
vt 0.91553396 0.75120515
vt 0.35080642 0.62276256
vt 0.85792881 0.53000653
vt 0.35925522 0.62410593
vt 0.85791814 0.53821170
vt 0.42807925 0.66136956
vt 0.85357291 0.55281621
vt 0.75599426 0.79160565
vt 0.75271076 0.79167223
vt 0.75724310 0.78878707
vt 0.75477749 0.78838450
vt 0.75078332 0.78846729
vt 0.36764213 0.63100392
vt 0.75029725 0.79238421
vt 0.74868709 0.78844923
vt 0.75893629 0.78861445
vt 0.37123540 0.63132912
vt 0.74670672 0.79237664
vt 0.42888835 0.65308166
vt 0.74553537 0.78870326
vt 0.74338704 0.79170197
vt 0.76126558 0.79011619
vt 0.76021492 0.79176396
vt 0.76239628 0.78888667
vt 0.76513064 0.79019618
vt 0.74117655 0.78904295
vt 0.35044941 0.62997419
vt 0.91389745 0.74474585
vt 0.76724726 0.79272151
vt 0.76736766 0.78842008
vt 0.40810874 0.64880395
vt 0.76526636 0.78815973
vt 0.75646496 0.79255170
vt 0.35742924 0.63043910
vt 0.76043469 0.79267401
vt 0.42120105 0.65175480
vt 0.75267309 0.78758806
vt 0.75646430 0.78681248
vt 0.41701913 0.65140533
vt 0.75015914 0.78690875
vt 0.42357281 0.65315658
vt 0.40877199 0.65090239
vt 0.76443857 0.78604299
vt 0.76298004 0.78706974
vt 0.41033897 0.65003532
vt 0.76644260 0.78656507
vt 0.40646780 0.64993685
vt 0.42415163 0.65525234
vt 0.74909216 0.78503531
vt 0.91336596 0.74417508
vt 0.76809138 0.79269332
vt 0.74919093 0.97569942
vt 0.80989689 0.90031648
vt 0.14327607 0.25437152
vt 0.46830580 0.59849262
vt 0.14194620 0.25061631
vt 0.14533600 0.25340605
vt 0.14644286 0.25020540
vt 0.14429335 0.24843371
vt 0.13966905 0.25313324
vt 0.14764120 0.25251228
vt 0.14117737 0.24791586
vt 0.87937897 0.89418620
vt 0.14711638 0.24760920
vt 0.13716932 0.25017726
vt 0.14306712 0.24557710
vt 0.13739859 0.24669719
vt 0.13518229 0.25284815
vt 0.87756854 0.89353520
vt 0.14840916 0.24900603
vt 0.80468941 0.20992053
vt 0.46652898 0.58930659
vt 0.13365696 0.25537974
vt 0.47260615 0.60151011
vt 0.14849791 0.25482428
vt 0.15008859 0.25315690
vt 0.47382203 0.60348099
vt 0.46504855 0.80787903
vt 0.15059623 0.24821866
vt 0.87818944 0.89121866
vt 0.90695798 0.75068974
vt 0.91135532 0.74847043
vt 0.91123497 0.74507380
vt 0.91264892 0.74552947
vt 0.91264004 0.74985474
vt 0.45437407 0.24427933
vt 0.90592051 0.74388433
vt 0.91098142 0.74312574
vt 0.17775999 0.05312538
vt 0.91364151 0.75297213
vt 0.40375650 0.65912646
vt 0.85772967 0.52744830
vt 0.91266966 0.75756216
vt 0.08858033 0.99841774
vt 0.91419715 0.75678408
vt 0.91329825 0.75917476
vt 0.39848578 0.66234177
vt 0.50647247 0.98612577
vt 0.80627662 0.97449887
vt 0.81025058 0.97490329
vt 0.98044658 0.58927965
vt 0.74207121 0.53829116
vt 0.81348509 0.97329277
vt 0.81412256 0.97486961
vt 0.98021448 0.58506858
vt 0.81793517 0.97332454
vt 0.81829065 0.97482216
vt 0.82277477 0.97464985
vt 0.97999257 0.57667160
vt 0.82704186 0.97337711
vt 0.82741046 0.97465998
vt 0.97987401 0.57275212
vt 0.83142519 0.97337794
vt 0.83144271 0.97464687
vt 0.97972792 0.56874156
vt 0.83601636 0.97332913
vt 0.83604598 0.97462720
vt 0.84080529 0.97466648
vt 0.84538722 0.97467852
vt 0.97920650 0.55714083
vt 0.84974402 0.97326404
vt 0.97903395 0.55406529
vt 0.85348606 0.97316092
vt 0.54249716 0.61565053
vt 0.79964888 0.97590989
vt 0.79663259 0.97466516
vt 0.79089230 0.97442245
vt 0.73901713 0.52170432
vt 0.79558158 0.97337562
vt 0.73791772 0.51577324
vt 0.78948087 0.97321296
vt 0.78685683 0.97446895
vt 0.52551848 0.61629349
vt 0.78262341 0.97563988
vt 0.78181618 0.97456259
vt 0.73775929 0.51215947
vt 0.78594053 0.97334009
vt 0.77551007 0.97457701
vt 0.51223451 0.61668479
vt 0.77058071 0.97565436
vt 0.76884246 0.97408611
vt 0.73803824 0.49151063
vt 0.76677972 0.97341561
vt 0.76476645 0.97453243
vt 0.73775488 0.48793709
vt 0.76377499 0.97297943
vt 0.50570208 0.61728996
vt 0.76502818 0.97571796
vt 0.76239169 0.97416830
vt 0.49798402 0.61701763
vt 0.75896615 0.97574270
vt 0.75867677 0.97436839
vt 0.75623119 0.97534204
vt 0.75476092 0.97400814
vt 0.73912925 0.48208159
vt 0.75893193 0.97319198
vt 0.73879421 0.52347142
vt 0.79737520 0.97290480
vt 0.97792149 0.55027550
vt 0.85834754 0.97308165
vt 0.78414237 0.55664557
vt 0.75598681 0.97577554
vt 0.74983150 0.97536707
vt 0.73845994 0.48442709
vt 0.76085532 0.97303259
vt 0.74015737 0.47543597
vt 0.75394124 0.97246838
vt 0.57066637 0.61391836
vt 0.83139932 0.97615647
vt 0.56220800 0.61460245
vt 0.82144350 0.97615564
vt 0.55321956 0.61514801
vt 0.81123412 0.97614485
vt 0.58529252 0.61283523
vt 0.84932220 0.97609854
vt 0.57438338 0.61373776
vt 0.83587492 0.97619820
vt 0.48511326 0.61613142
vt 0.74970752 0.97624952
vt 0.91255009 0.74338299
vt 0.17633773 0.05221522
vt 0.59360582 0.61170888
vt 0.85974139 0.97529536
vt 0.97766989 0.54672128
vt 0.86279517 0.97331738
vt 0.58996761 0.49847841
vt 0.34084710 0.45928043
vt 0.34116647 0.45652139
vt 0.09111060 0.99070120
vt 0.33522835 0.45726562
vt 0.09157500 0.98857278
vt 0.52256060 0.55065966
vt 0.33546290 0.45513612
vt 0.45132947 0.25764668
vt 0.34232289 0.45908248
vt 0.08963763 0.99340385
vt 0.33519065 0.46027732
vt 0.34085688 0.46252942
vt 0.45451665 0.25607109
vt 0.34204006 0.46265662
vt 0.33535331 0.46357560
vt 0.08716955 0.99569255
vt 0.34177953 0.46499872
vt 0.45598707 0.25427854
vt 0.90599060 0.75412512
vt 0.33653879 0.46488231
vt 0.91180605 0.75450379
vt 0.33517608 0.46551454
vt 0.08576052 0.99720019
vt 0.33924416 0.46540773
vt 0.90842080 0.75406110
vt 0.33571184 0.46740508
vt 0.91203177 0.75253057
vt 0.33731312 0.45348203
vt 0.44512656 0.25791138
vt 0.34177953 0.45308578
vt 0.52751148 0.54841578
vt 0.50063956 0.97990584
vt 0.92621326 0.91315007
vt 0.50170410 0.98152435
vt 0.92790037 0.91443104
vt 0.50023705 0.98112452
vt 0.49654359 0.97915590
vt 0.21844660 0.21993673
vt 0.49683154 0.98114568
vt 0.49461642 0.98095006
vt 0.49431965 0.97751898
vt 0.70230031 0.79792744
vt 0.49231175 0.98111928
vt 0.70323622 0.79115587
vt 0.48756185 0.97928309
vt 0.48848045 0.98160720
vt 0.48582107 0.98289818
vt 0.48381877 0.98055178
vt 0.45533982 0.09147447
vt 0.70220065 0.78702533
vt 0.49418288 0.98508126
vt 0.09927638 0.99771738
vt 0.49716154 0.98601270
vt 0.50070471 0.98554361
vt 0.09577893 0.99794394
vt 0.10574825 0.99800509
vt 0.49063781 0.98602027
vt 0.92847896 0.91834909
vt 0.50439340 0.98383713
vt 0.91261971 0.76357061
vt 0.50234628 0.98628592
vt 0.48794365 0.98536569
vt 0.48555881 0.98515910
vt 0.10960253 0.99795800
vt 0.48677674 0.98639238
vt 0.44976795 0.31276590
vt 0.73257226 0.89921343
vt 0.73363185 0.89103639
vt 0.73365319 0.88065404
vt 0.47326273 0.30708408
vt 0.73254806 0.92308295
vt 0.73290390 0.91776168
vt 0.73884785 0.91189677
vt 0.73688561 0.92336863
vt 0.74801987 0.92395800
vt 0.74916768 0.93131334
vt 0.39484432 0.32508683
vt 0.73663336 0.92987746
vt 0.73697245 0.93750989
vt 0.74918514 0.93818963
vt 0.39064163 0.33082581
vt 0.48805097 0.30483699
vt 0.17184466 0.14160866
vt 0.73293072 0.93783730
vt 0.73389894 0.90268028
vt 0.74833524 0.90297019
vt 0.74842757 0.89173126
vt 0.74439359 0.88958478
vt 0.74911225 0.89874947
vt 0.41171160 0.29612684
vt 0.74840128 0.88033766
vt 0.73902190 0.87037015
vt 0.74813783 0.87101346
vt 0.74915206 0.87424314
vt 0.42127702 0.27278078
vt 0.73295659 0.86388528
vt 0.73550814 0.85501462
vt 0.74806315 0.86102247
vt 0.74821794 0.85249162
vt 0.40591508 0.33096981
vt 0.73251748 0.85217476
vt 0.73297489 0.84519768
vt 0.74816650 0.84478116
vt 0.12289380 0.39197016
vt 0.85175371 0.50182188
vt 0.34602335 0.39610779
vt 0.68193090 0.47877049
vt 0.67374295 0.47860050
vt 0.67881715 0.47738111
vt 0.67470634 0.47717643
vt 0.67174608 0.47736728
vt 0.68304944 0.47725499
vt 0.68403560 0.47863245
vt 0.68581963 0.47729474
vt 0.19044314 0.19018984
vt 0.34863031 0.39246404
vt 0.68646103 0.47879744
vt 0.67062712 0.47837257
vt 0.35059714 0.39074826
vt 0.68908906 0.47857022
vt 0.69241607 0.47788906
vt 0.19126214 0.19662982
vt 0.35418165 0.38623226
vt 0.69494718 0.47856712
vt 0.69605148 0.47737145
vt 0.19051312 0.20015383
vt 0.33866552 0.40771455
vt 0.66794318 0.47867751
vt 0.32314599 0.43765569
vt 0.63354415 0.47849661
vt 0.63357174 0.47729951
vt 0.32440633 0.43476868
vt 0.63676238 0.47851014
vt 0.63687229 0.47718298
vt 0.32539216 0.43271208
vt 0.63908941 0.47847605
vt 0.64017612 0.47709882
vt 0.64435667 0.47704881
vt 0.32854187 0.42637110
vt 0.64630836 0.47842872
vt 0.64714086 0.47716188
vt 0.32979056 0.42380792
vt 0.64922172 0.47847140
vt 0.64987147 0.47723544
vt 0.65215123 0.47833514
vt 0.65341514 0.47737318
vt 0.33230647 0.41897011
vt 0.65477121 0.47853029
vt 0.65761441 0.47776294
vt 0.65686285 0.47839653
vt 0.33490872 0.41416556
vt 0.66032815 0.47864699
vt 0.65871775 0.47710127
vt 0.66309196 0.47723866
vt 0.66306800 0.47858632
vt 0.66799736 0.47752273
vt 0.65255433 0.47576630
vt 0.35005450 0.65853411
vt 0.64479268 0.47120649
vt 0.35359362 0.66193676
vt 0.64977282 0.47120249
vt 0.65252584 0.47257465
vt 0.35906780 0.66772145
vt 0.65786231 0.47125530
vt 0.36118716 0.66996586
vt 0.66099620 0.47129083
vt 0.36571598 0.67499518
vt 0.66786802 0.47139966
vt 0.66812050 0.47533357
vt 0.63508600 0.47231829
vt 0.34008348 0.64908803
vt 0.63084388 0.47136235
vt 0.36859906 0.67858970
vt 0.67254937 0.47142994
vt 0.37106836 0.68131465
vt 0.67627591 0.47143292
vt 0.37326884 0.68408954
vt 0.67986685 0.47143114
vt 0.68440998 0.47269356
vt 0.32147586 0.44579434
vt 0.62515724 0.47712040
vt 0.33427441 0.64450657
vt 0.62334460 0.47136211
vt 0.31997806 0.44916791
vt 0.62137842 0.47725290
vt 0.33131373 0.64200538
vt 0.61941469 0.47150064
vt 0.31857622 0.45265043
vt 0.61751777 0.47741956
vt 0.31737757 0.45661068
vt 0.61325091 0.47731793
vt 0.34291372 0.65189797
vt 0.63489234 0.47123951
vt 0.32232809 0.63562423
vt 0.60825258 0.47170699
vt 0.31475860 0.63103688
vt 0.59930539 0.47195905
vt 0.59622592 0.47631919
vt 0.31222063 0.47493911
vt 0.59371281 0.47879744
vt 0.31147000 0.62955904
vt 0.59566671 0.47195470
vt 0.59272265 0.47224593
vt 0.31250769 0.47762501
vt 0.59104568 0.47800493
vt 0.30666453 0.62689775
vt 0.59011942 0.47208631
vt 0.03959617 0.98754305
vt 0.31157184 0.48147261
vt 0.58699059 0.47830212
vt 0.30386025 0.62542087
vt 0.58691686 0.47202432
vt 0.89092684 0.89074659
vt 0.88641810 0.88830179
vt 0.88630551 0.89147812
vt 0.89103150 0.88734996
vt 0.88350761 0.89048868
vt 0.88332647 0.88760042
vt 0.88629401 0.88534695
vt 0.79244989 0.20289779
vt 0.89223301 0.89029175
vt 0.78976125 0.20711303
vt 0.89198726 0.88508129
vt 0.47214767 0.79831982
vt 0.88453960 0.88376367
vt 0.87984663 0.88900292
vt 0.88009536 0.89173722
vt 0.87855893 0.88717133
vt 0.46610132 0.80188376
vt 0.14491265 0.24501836
vt 0.88281924 0.89428866
vt 0.88963032 0.89383900
vt 0.88674515 0.89414126
vt 0.14115207 0.24481416
vt 0.88616842 0.89598322
vt 0.89046729 0.89600199
vt 0.13694154 0.24398732
vt 0.15307443 0.25120044
vt 0.46595418 0.80443054
vt 0.87605178 0.88771433
vt 0.47676247 0.31543612
vt 0.46285176 0.31912088
vt 0.46118459 0.31892711
vt 0.43363985 0.32822347
vt 0.43335688 0.32931560
vt 0.19126211 0.29681516
vt 0.42207712 0.33317959
vt 0.41347328 0.33678114
vt 0.81537199 0.63322783
vt 0.31329250 0.46758306
vt 0.31449926 0.46832418
vt 0.60077637 0.47767699
vt 0.31521159 0.46420807
vt 0.60507101 0.47774279
vt 0.31236929 0.47146058
vt 0.81132686 0.63259494
vt 0.31364188 0.47148705
vt 0.59743488 0.47788239
vt 0.31451014 0.46220982
vt 0.82103562 0.63259494
vt 0.31609219 0.46039045
vt 0.60913450 0.47750938
vt 0.31455383 0.46090263
vt 0.31628850 0.45560122
vt 0.31711406 0.45356655
vt 0.31899133 0.44784600
vt 0.32044545 0.44487357
vt 0.62910104 0.47722697
vt 0.32272193 0.44213092
vt 0.31134000 0.47618449
vt 0.31051445 0.48089480
vt 0.31048948 0.48395842
vt 0.03680683 0.98811716
vt 0.30941170 0.48518616
vt 0.30895293 0.48926485
vt 0.30953446 0.49158454
vt 0.02887694 0.98792928
vt 0.30843604 0.49292994
vt 0.30934599 0.49622995
vt 0.02408608 0.98765159
vt 0.30835003 0.49572623
vt 0.30750617 0.49980515
vt 0.39588523 0.34839523
vt 0.39103955 0.35112619
vt 0.39683393 0.34736139
vt 0.40167162 0.34434897
vt 0.40637609 0.34123284
vt 0.41362005 0.33817399
vt 0.19050771 0.27540845
vt 0.39159194 0.35224664
vt 0.19020526 0.24940461
vt 0.38999686 0.35242414
vt 0.38850316 0.35523808
vt 0.18989415 0.24509323
vt 0.38726515 0.35468251
vt 0.38475206 0.35789454
vt 0.19023173 0.24053478
vt 0.38352123 0.35763335
vt 0.38145164 0.36096156
vt 0.18998978 0.23606122
vt 0.38038799 0.36030960
vt 0.37634966 0.36340654
vt 0.37375456 0.36596853
vt 0.36921003 0.37014627
vt 0.37144998 0.36816669
vt 0.37221649 0.36914766
vt 0.19006221 0.22373712
vt 0.36915991 0.37148374
vt 0.36655891 0.37286496
vt 0.36474666 0.37547040
vt 0.41278645 0.33776319
vt 0.36218116 0.37839609
vt 0.19107954 0.21016616
vt 0.41062802 0.69602585
vt 0.40497601 0.69322383
vt 0.41736686 0.70030999
vt 0.39638877 0.68807077
vt 0.73577166 0.63396895
vt 0.42529330 0.70488983
vt 0.57728791 0.90059930
vt 0.42661887 0.70415443
vt 0.43560171 0.70770687
vt 0.44200170 0.71013367
vt 0.55976170 0.89950049
vt 0.41827232 0.69974661
vt 0.44223246 0.70954621
vt 0.42827547 0.70404696
vt 0.44737348 0.71062642
vt 0.45574269 0.71321005
vt 0.43909889 0.70803034
vt 0.40363753 0.69163471
vt 0.46216923 0.71470672
vt 0.46803811 0.71676219
vt 0.53278875 0.89924711
vt 0.47201857 0.71674448
vt 0.52885795 0.89858562
vt 0.67899990 0.38488913
vt 0.67787313 0.39489901
vt 0.68537903 0.39290160
vt 0.68513286 0.40701830
vt 0.69276536 0.40359551
vt 0.69028556 0.41515338
vt 0.69823951 0.42590362
vt 0.70064139 0.41712487
vt 0.70367587 0.44185048
vt 0.71303010 0.44476652
vt 0.71801412 0.46581239
vt 0.71202976 0.46721435
vt 0.66128218 0.37648034
vt 0.66941983 0.38456953
vt 0.67140234 0.37580800
vt 0.66545230 0.36942911
vt 0.65314084 0.36794424
vt 0.65644819 0.36065197
vt 0.64868325 0.35334319
vt 0.64527357 0.89694238
vt 0.64159745 0.35772967
vt 0.64190084 0.34790844
vt 0.63321942 0.35153759
vt 0.63184947 0.34094810
vt 0.62794751 0.34773207
vt 0.61634028 0.34029365
vt 0.61980820 0.33330679
vt 0.60258228 0.33395720
vt 0.60595202 0.32570446
vt 0.59584928 0.33034039
vt 0.58923906 0.31886798
vt 0.58044082 0.32455778
vt 0.56846094 0.31160939
vt 0.25329533 0.14082277
vt 0.56807715 0.32035184
vt 0.55823487 0.31757021
vt 0.56079066 0.30965269
vt 0.55541068 0.30870867
vt 0.54609680 0.31510043
vt 0.69503784 0.42547536
vt 0.53838336 0.30584979
vt 0.53357369 0.31337869
vt 0.52694720 0.30632198
vt 0.51426780 0.30442691
vt 0.52171665 0.30426097
vt 0.20571072 0.14125824
vt 0.53001094 0.30504036
vt 0.72070634 0.47674942
vt 0.71265233 0.47847557
vt 0.72281730 0.48905551
vt 0.71928680 0.49268639
vt 0.72332019 0.49986213
vt 0.71921474 0.50453496
vt 0.72351128 0.51130658
vt 0.72343010 0.52012342
vt 0.71464038 0.50405395
vt 0.71458268 0.49168885
vt 0.71591198 0.51804024
vt 0.71466231 0.52378988
vt 0.80011475 0.95196122
vt 0.72281039 0.52939624
vt 0.72221863 0.53560197
vt 0.72335619 0.52646226
vt 0.71454477 0.53553647
vt 0.72037745 0.54953319
vt 0.71177042 0.55005449
vt 0.71934175 0.55591649
vt 0.71806812 0.56217587
vt 0.70999712 0.55917406
vt 0.70841593 0.56664532
vt 0.72161663 0.54105192
vt 0.71593809 0.56964374
vt 0.71315289 0.57797384
vt 0.70440036 0.57752514
vt 0.49671966 0.31222326
vt 0.42175546 0.32633084
vt 0.39536726 0.33716393
vt 0.73256910 0.84004533
vt 0.82556635 0.62876600
vt 0.41260710 0.32752037
vt 0.73248613 0.85964280
vt 0.46145746 0.31264830
vt 0.47449869 0.31457967
vt 0.47871923 0.30711281
vt 0.49187830 0.30520266
vt 0.48712754 0.31436932
vt 0.74985272 0.72259051
vt 0.50267005 0.30405515
vt 0.18657430 0.14120650
vt 0.50765544 0.30419803
vt 0.40445024 0.34096920
vt 0.39045781 0.34057999
vt 0.83162886 0.62879747
vt 0.43687424 0.31713551
vt 0.73236245 0.88577420
vt 0.46155927 0.30960417
vt 0.73251748 0.91125172
vt 0.38070986 0.34784222
vt 0.84396797 0.62877530
vt 0.37025064 0.35622293
vt 0.85758817 0.62870818
vt 0.38935068 0.35096765
vt 0.36483821 0.36115837
vt 0.86503726 0.62869608
vt 0.35891801 0.36657053
vt 0.87317747 0.62853479
vt 0.35628667 0.36918080
vt 0.87693959 0.62859148
vt 0.36467320 0.37349176
vt 0.88365453 0.62863982
vt 0.35195866 0.37416136
vt 0.35760668 0.38084996
vt 0.32598037 0.41071719
vt 0.32709968 0.42660844
vt 0.31643417 0.42954564
vt 0.32163584 0.43831682
vt 0.31161255 0.45680451
vt 0.30550092 0.45706892
vt 0.98146427 0.62842661
vt 0.30113658 0.47929275
vt 0.86288309 0.80735344
vt 0.30720985 0.50924611
vt 0.46254647 0.03426588
vt 0.83037370 0.80738509
vt 0.29832762 0.51087648
vt 0.30714452 0.51639313
vt 0.46273801 0.04139972
vt 0.29805824 0.51799631
vt 0.82308716 0.80745423
vt 0.29840019 0.50245517
vt 0.83898240 0.80746329
vt 0.29944038 0.48934269
vt 0.85244936 0.80745292
vt 0.85720515 0.80739212
vt 0.30023396 0.48476261
vt 0.30714846 0.52480221
vt 0.46259150 0.04980916
vt 0.29825780 0.52480477
vt 0.81612647 0.80741590
vt 0.30720332 0.52990073
vt 0.46245953 0.05492389
vt 0.80820066 0.80738592
vt 0.29886764 0.53252590
vt 0.31906611 0.60250098
vt 0.32310876 0.61131734
vt 0.84471273 0.63417572
vt 0.32365119 0.59162933
vt 0.55436826 0.54673409
vt 0.33204910 0.60981572
vt 0.32774395 0.61977518
vt 0.83488280 0.63421315
vt 0.30893147 0.57920331
vt 0.75926489 0.80742073
vt 0.30289164 0.55617678
vt 0.78363162 0.80727845
vt 0.31926772 0.57987547
vt 0.55436891 0.55915725
vt 0.31358209 0.56273526
vt 0.55436891 0.57706606
vt 0.30676922 0.54104149
vt 0.33259475 0.62706661
vt 0.82597041 0.63410550
vt 0.33570319 0.61575091
vt 0.56588125 0.54240817
vt 0.33643427 0.63221073
vt 0.81944036 0.63404369
vt 0.34970635 0.63386917
vt 0.56563801 0.51946354
vt 0.34547904 0.64364785
vt 0.80460483 0.63406414
vt 0.35545540 0.64063215
vt 0.56568789 0.51067042
vt 0.35940972 0.64578241
vt 0.36451644 0.65083486
vt 0.56601942 0.49713945
vt 0.38887691 0.67169738
vt 0.38259029 0.67876470
vt 0.75260866 0.63386077
vt 0.37922078 0.67517900
vt 0.36845118 0.66748708
vt 0.77095371 0.63390183
vt 0.36954144 0.65783298
vt 0.39488900 0.67590255
vt 0.40822244 0.68373281
vt 0.41241986 0.69133145
vt 0.42812413 0.69865173
vt 0.41576943 0.68745697
vt 0.44282076 0.69994223
vt 0.45320669 0.70443469
vt 0.46256018 0.70689356
vt 0.47351956 0.70897758
vt 0.47742546 0.71713823
vt 0.49130961 0.71193850
vt 0.49676949 0.71961701
vt 0.50383097 0.89841771
vt 0.50522858 0.71972114
vt 0.50207359 0.71138698
vt 0.50857413 0.71149379
vt 0.51464665 0.72004551
vt 0.48588392 0.89855045
vt 0.51752311 0.71363145
vt 0.52528274 0.71944243
vt 0.53528249 0.71880931
vt 0.53703088 0.71103889
vt 0.54633623 0.71735346
vt 0.54673475 0.70948809
vt 0.55971998 0.71453005
vt 0.48794776 0.71844929
vt 0.49386227 0.71081436
vt 0.56640828 0.70423502
vt 0.60719025 0.68913466
vt 0.61915123 0.69168752
vt 0.61748952 0.68476886
vt 0.63185650 0.68321037
vt 0.62571740 0.67808020
vt 0.27734628 0.55439633
vt 0.61255133 0.69578069
vt 0.93430418 0.72332579
vt 0.59779948 0.70213228
vt 0.59702688 0.69324589
vt 0.58065981 0.69997913
vt 0.57863063 0.71045244
vt 0.42087516 0.89875698
vt 0.63876486 0.67820996
vt 0.64436030 0.67433172
vt 0.63881028 0.66926092
vt 0.64903581 0.66097075
vt 0.65548676 0.66535258
vt 0.65980816 0.66108555
vt 0.65996283 0.64978516
vt 0.66459185 0.65630275
vt 0.67093492 0.65003413
vt 0.66975766 0.63914871
vt 0.67881364 0.64121979
vt 0.93425161 0.80892015
vt 0.68277633 0.63566297
vt 0.67544788 0.63087237
vt 0.27734628 0.48640692
vt 0.68230051 0.62197769
vt 0.69398493 0.59978747
vt 0.82821435 0.76283163
vt 0.70227343 0.60494822
vt 0.69768989 0.59391910
vt 0.70685828 0.59389108
vt 0.70626223 0.58523685
vt 0.70992965 0.58722997
vt 0.69360238 0.60998183
vt 0.69314808 0.62086952
vt 0.69914550 0.61109650
vt 0.93412369 0.84519243
vt 0.68675447 0.61336362
vt 0.84389001 0.76297468
vt 0.62834758 0.68623972
vt 0.69498265 0.59682965
vt 0.82504576 0.76250732
vt 0.51221389 0.71121913
vt 0.53624594 0.50358653
vt 0.70331556 0.44709998
vt 0.70945686 0.46638292
vt 0.70591849 0.59747469
vt 0.37068939 0.65680158
vt 0.91946220 0.98938727
vt 0.30769718 0.53401363
vt 0.46278012 0.05902046
vt 0.46452156 0.70603412
vt 0.47332942 0.70777667
vt 0.65020347 0.66979766
vt 0.71042395 0.55149353
vt 0.77119678 0.95197755
vt 0.48087281 0.30588138
vt 0.73262155 0.93069303
vt 0.71422637 0.51849878
vt 0.80550164 0.95313698
vt 0.64923370 0.81482065
vt 0.60895926 0.68748665
vt 0.27714479 0.57310128
vt 0.52132511 0.23071873
vt 0.70536327 0.57273817
vt 0.79824209 0.76294726
vt 0.70323473 0.57762194
vt 0.80367446 0.76278406
vt 0.70114630 0.58189034
vt 0.80851507 0.76248282
vt 0.70008487 0.58453506
vt 0.81143028 0.76245308
vt 0.45137399 0.70276695
vt 0.38225356 0.21424049
vt 0.32635364 0.43071091
vt 0.64135063 0.47846675
vt 0.70780402 0.56444800
vt 0.75759381 0.95259923
vt 0.32096195 0.41847163
vt 0.93885463 0.62827611
vt 0.53842258 0.31542623
vt 0.69820207 0.72255641
vt 0.58467430 0.69761306
vt 0.49479416 0.23069620
vt 0.30375695 0.56237578
vt 0.77723765 0.80756444
vt 0.59070665 0.32952380
vt 0.64368933 0.72262841
vt 0.71241987 0.48407960
vt 0.64939964 0.78022510
vt 0.71377426 0.49720061
vt 0.64944041 0.79352170
vt 0.69274729 0.42201507
vt 0.13159797 0.49832797
vt 0.67193490 0.38982546
vt 0.13171291 0.46009600
vt 0.37766144 0.67497015
vt 0.75891691 0.63400066
vt 0.70414484 0.42344999
vt 0.64928722 0.65903676
vt 0.27673021 0.52455050
vt 0.32754582 0.42841554
vt 0.64398515 0.47838473
vt 0.54228818 0.70961237
vt 0.53589463 0.47415322
vt 0.32471189 0.41142291
vt 0.93071479 0.62826443
vt 0.35708404 0.38316584
vt 0.69922847 0.47838616
vt 0.63549173 0.67044598
vt 0.27676278 0.54221410
vt 0.63869148 0.66740203
vt 0.27639028 0.53786755
vt 0.64020777 0.35826373
vt 0.83507204 0.45221519
vt 0.64521813 0.36257410
vt 0.82834697 0.45222139
vt 0.65235049 0.36910129
vt 0.81850034 0.45221949
vt 0.65697247 0.37345862
vt 0.81202817 0.45223808
vt 0.68272442 0.40477896
vt 0.13147773 0.47836286
vt 0.71244264 0.53948092
vt 0.78375119 0.95187354
vt 0.71325904 0.53638119
vt 0.78704214 0.95158225
vt 0.71394777 0.53196281
vt 0.79164922 0.95169842
vt 0.69588882 0.40689647
vt 0.32461500 0.23069620
vt 0.49346879 0.30451465
vt 0.17730859 0.14136887
vt 0.59800810 0.70338398
vt 0.93395269 0.70719087
vt 0.61537141 0.34140182
vt 0.26698148 0.44709873
vt 0.68150187 0.38655525
vt 0.64563107 0.85067016
vt 0.40525526 0.68138039
vt 0.87651807 0.98927206
vt 0.42307168 0.32245004
vt 0.73258328 0.87115538
vt 0.71417147 0.52554059
vt 0.79825813 0.95224333
vt 0.34709021 0.63009804
vt 0.56544214 0.52402174
vt 0.72274119 0.53727740
vt 0.72406399 0.49818337
vt 0.52700543 0.72015429
vt 0.47350928 0.89896649
vt 0.67905116 0.38311112
vt 0.64522272 0.85484844
vt 0.58857554 0.31762666
vt 0.27434266 0.14108843
vt 0.54513645 0.30655891
vt 0.22931528 0.14119887
vt 0.66136527 0.36420631
vt 0.64475751 0.88046008
vt 0.59328932 0.31945992
vt 0.27941677 0.14113474
vt 0.36185071 0.64750087
vt 0.56564826 0.50141442
vt 0.62919259 0.33843136
vt 0.64521629 0.92117709
vt 0.32873651 0.60245949
vt 0.55413067 0.53478587
vt 0.65493220 0.35792023
vt 0.64456028 0.88934457
vt 0.70959336 0.59096473
vt 0.08322243 0.33464903
vt 0.48198760 0.71836680
vt 0.51872456 0.89871216
vt 0.57862693 0.32499135
vt 0.65665948 0.72270536
vt 0.71400136 0.50842184
vt 0.64910913 0.80475980
vt 0.64460146 0.67544669
vt 0.93368769 0.76079905
vt 0.63952637 0.34539258
vt 0.64478737 0.90892321
vt 0.55153632 0.30759931
vt 0.23581125 0.14117151
vt 0.66727507 0.36991018
vt 0.64477146 0.87234813
vt 0.66014230 0.37660825
vt 0.80747616 0.45234931
vt 0.66351306 0.38017702
vt 0.80247962 0.45239925
vt 0.66447800 0.65732956
vt 0.93405020 0.78744525
vt 0.71393466 0.57745332
vt 0.57722723 0.31394255
vt 0.26237428 0.14105010
vt 0.72150105 0.54645294
vt 0.65196067 0.66925883
vt 0.93392819 0.77031606
vt 0.72265190 0.48185885
vt 0.08281585 0.22319293
vt 0.33194000 0.39960176
vt 0.91659814 0.62828463
vt 0.39309952 0.67362434
vt 0.89109600 0.98880935
vt 0.72062540 0.55450934
vt 0.08292788 0.29646873
vt 0.60055363 0.32240552
vt 0.28727624 0.14123589
vt 0.71891767 0.56282341
vt 0.08303314 0.30496931
vt 0.51907468 0.31381154
vt 0.71770012 0.72275323
vt 0.13171521 0.53959429
vt 0.70732850 0.46077627
vt 0.64916146 0.75610960
vt 0.71018547 0.47311449
vt 0.64885139 0.76891500
vt 0.60350281 0.33554047
vt 0.26673532 0.43404543
vt 0.59242195 0.33065325
vt 0.26659518 0.42212188
vt 0.43950781 0.69790798
vt 0.83812213 0.98946613
vt 0.43503067 0.69606966
vt 0.84299892 0.98942900
vt 0.47471666 0.70740277
vt 0.35825583 0.21358645
vt 0.31988615 0.60537148
vt 0.85158986 0.63456732
vt 0.67594922 0.64600033
vt 0.93337357 0.80342031
vt 0.70387053 0.42134607
vt 0.08315055 0.15964031
vt 0.70368725 0.60481387
vt 0.93306720 0.85281342
vt 0.08346842 0.34968352
vt 0.71344131 0.58126760
vt 0.08334246 0.32421899
vt 0.72311217 0.54246473
vt 0.08350617 0.28415513
vt 0.55946308 0.30800641
vt 0.24366696 0.14222193
vt 0.53373307 0.30442345
vt 0.21773165 0.14207542
vt 0.58641201 0.32903874
vt 0.64784664 0.72386879
vt 0.26563123 0.41609585
vt 0.47182879 0.58930153
vt 0.47254559 0.59317952
vt 0.47579315 0.59139198
vt 0.48131776 0.80902380
vt 0.47567764 0.58909392
vt 0.47532788 0.80917722
vt 0.47705022 0.59463882
vt 0.47494975 0.59693861
vt 0.47208741 0.59730130
vt 0.47380254 0.59891784
vt 0.46955621 0.59386927
vt 0.46798918 0.80902380
vt 0.47552395 0.60083860
vt 0.46821973 0.59000355
vt 0.47100371 0.60016245
vt 0.14641547 0.25511444
vt 0.46719316 0.59422046
vt 0.13875408 0.25502801
vt 0.46634305 0.59052944
vt 0.13482916 0.25482428
vt 0.64297718 0.61845285
vt 0.62812972 0.69869715
vt 0.98750317 0.50221521
vt 0.63063544 0.69399536
vt 0.78737867 0.91678101
vt 0.62853825 0.69335443
vt 0.78835207 0.91852540
vt 0.92231256 0.91598815
vt 0.92411238 0.91543055
vt 0.92359507 0.91272825
vt 0.21735547 0.22435772
vt 0.21718797 0.22636545
vt 0.92146808 0.91349161
vt 0.92576247 0.91493309
vt 0.92536139 0.91907686
vt 0.41974109 0.28390479
vt 0.92722738 0.91638309
vt 0.92798477 0.91963857
vt 0.39679754 0.66080409
vt 0.50577635 0.98371708
vt 0.42012838 0.28639239
vt 0.39382613 0.65958786
vt 0.92120057 0.91879839
vt 0.92358059 0.91993672
vt 0.39602408 0.66026014
vt 0.42117926 0.28259492
vt 0.50173378 0.98304260
vt 0.92847896 0.91573751
vt 0.39701334 0.65763235
vt 0.42421195 0.28358316
vt 0.39248800 0.65758473
vt 0.39752293 0.65617222
vt 0.42556635 0.28465784
vt 0.40485436 0.50620097
vt 0.39208338 0.65618235
vt 0.39880812 0.65509349
vt 0.39902529 0.65674460
vt 0.42528105 0.28639239
vt 0.40221667 0.65394926
vt 0.81818861 0.90532255
vt 0.40152457 0.65579951
vt 0.85309941 0.52689874
vt 0.40030617 0.65675992
vt 0.40213501 0.65915298
vt 0.91381562 0.75411379
vt 0.91258544 0.75548083
vt 0.40167078 0.66073340
vt 0.39060655 0.65839076
vt 0.21663994 0.22840399
vt 0.39169770 0.65989923
vt 0.92071199 0.91640139
vt 0.21844660 0.22879744
vt 0.40314874 0.65569019
vt 0.85347241 0.52850080
vt 0.40454891 0.65296555
vt 0.39888537 0.65987247
vt 0.91553396 0.75739002
vt 0.40543696 0.65490127
vt 0.40490901 0.65665489
vt 0.85466540 0.53020179
vt 0.40800482 0.65360314
vt 0.40718794 0.65166849
vt 0.41007459 0.65477300
vt 0.41201097 0.65625310
vt 0.85275084 0.53686923
vt 0.41199058 0.65382379
vt 0.75940114 0.78449368
vt 0.41357964 0.65304804
vt 0.40960944 0.65273738
vt 0.41116789 0.65193164
vt 0.76192939 0.78521520
vt 0.76746023 0.78528464
vt 0.40503389 0.65078765
vt 0.41436210 0.65503979
vt 0.41544420 0.65701973
vt 0.41598344 0.65421760
vt 0.41830507 0.65549743
vt 0.41810369 0.65890062
vt 0.85389781 0.54311746
vt 0.41766781 0.65334803
vt 0.75548726 0.78501028
vt 0.75795954 0.78556514
vt 0.41523147 0.65226281
vt 0.42016757 0.65682769
vt 0.42003000 0.65464878
vt 0.42176551 0.65392363
vt 0.75159490 0.78563017
vt 0.42117009 0.65930212
vt 0.42237702 0.65603197
vt 0.42295119 0.65797144
vt 0.42470559 0.65725231
vt 0.42359149 0.66002512
vt 0.85377407 0.54840589
vt 0.42625061 0.65854275
vt 0.42654085 0.65652317
vt 0.42892858 0.65815532
vt 0.43219912 0.66134715
vt 0.38003194 0.62440687
vt 0.43170059 0.65744609
vt 0.42896831 0.65560710
vt 0.74489325 0.78626174
vt 0.75403345 0.78626478
vt 0.41944584 0.65254074
vt 0.76051593 0.78628767
vt 0.41275865 0.65112412
vt 0.42604640 0.65447086
vt 0.74762791 0.78639942
vt 0.41517931 0.65854734
vt 0.85408473 0.54033595
vt 0.39812651 0.65820992
vt 0.42337310 0.28619862
vt 0.37982473 0.63004708
vt 0.37887171 0.62764609
vt 0.43378049 0.65898842
vt 0.38073272 0.62704146
vt 0.37786052 0.62895715
vt 0.85772967 0.55537975
vt 0.37659270 0.62502134
vt 0.37733892 0.63125640
vt 0.74065268 0.79245955
vt 0.43462783 0.65562141
vt 0.38090613 0.63039482
vt 0.43442580 0.65468872
vt 0.74012947 0.78884596
vt 0.38078889 0.63132912
vt 0.37527165 0.62891626
vt 0.37555078 0.62427676
vt 0.85757798 0.55414164
vt 0.37353635 0.63111216
vt 0.74442166 0.79255480
vt 0.36424094 0.63051182
vt 0.75370258 0.79259402
vt 0.36856183 0.63065243
vt 0.36701304 0.62421453
vt 0.85782129 0.54578078
vt 0.34983820 0.62776101
vt 0.91345257 0.74675542
vt 0.35364065 0.62332147
vt 0.85772288 0.53274244
vt 0.35292903 0.63041538
vt 0.76482004 0.79255480
vt 0.33536279 0.39483720
vt 0.91063899 0.62848192
vt 0.90375441 0.62858665
vt 0.33945486 0.38943869
vt 0.90856081 0.62739116
vt 0.90017217 0.62740678
vt 0.89706343 0.62865031
vt 0.34344029 0.38422251
vt 0.89652413 0.62805903
vt 0.88877577 0.62851101
vt 0.89373541 0.62736124
vt 0.88604087 0.62757605
vt 0.87833148 0.62771308
vt 0.86354649 0.61361170
vt 0.85635841 0.61270028
vt 0.43203884 0.20818734
vt 0.86777318 0.61260796
vt 0.43144846 0.19680637
vt 0.87206161 0.61290652
vt 0.86305654 0.62808079
vt 0.86852026 0.62795013
vt 0.87778574 0.61582977
vt 0.85577947 0.62783414
vt 0.85597301 0.61706692
vt 0.87577832 0.61264282
vt 0.43116808 0.18883026
vt 0.88856614 0.61319596
vt 0.89591521 0.61583453
vt 0.90204871 0.61325282
vt 0.91048217 0.61339241
vt 0.91892064 0.62682617
vt 0.42257574 0.14607751
vt 0.91966385 0.61264879
vt 0.92561376 0.61590242
vt 0.92692864 0.62697482
vt 0.93207967 0.61255598
vt 0.41849646 0.13444883
vt 0.93423098 0.61652267
vt 0.93454993 0.62701130
vt 0.91008908 0.61255074
vt 0.42502916 0.15526915
vt 0.94379872 0.61305439
vt 0.93900651 0.62700647
vt 0.94368410 0.62690657
vt 0.84905756 0.62733418
vt 0.84403718 0.61623704
vt 0.84414989 0.62790853
vt 0.37510106 0.35203862
vt 0.85107428 0.62866426
vt 0.84790301 0.61280584
vt 0.43163204 0.21662402
vt 0.83472431 0.61277133
vt 0.43078047 0.22977316
vt 0.83366501 0.61728215
vt 0.83417749 0.62680048
vt 0.38505456 0.34434760
vt 0.83830541 0.62867928
vt 0.82647276 0.61834031
vt 0.74341261 0.83915490
vt 0.88767111 0.61256951
vt 0.42953518 0.17709482
vt 0.32863328 0.40473598
vt 0.92281646 0.62827444
vt 0.95247298 0.62702268
vt 0.94957179 0.61288494
vt 0.95934182 0.62643558
vt 0.90813249 0.80930436
vt 0.91006541 0.82352120
vt 0.95728368 0.61234176
vt 0.40800732 0.11179638
vt 0.95584142 0.62698734
vt 0.31195295 0.43832433
vt 0.96110553 0.62807530
vt 0.31003457 0.44375193
vt 0.96701330 0.62822771
vt 0.97043878 0.62677985
vt 0.89709067 0.80900162
vt 0.97302109 0.62829649
vt 0.30804172 0.44925386
vt 0.94745111 0.62703556
vt 0.31556252 0.42948115
vt 0.95135707 0.62821561
vt 0.98364758 0.62733728
vt 0.88395655 0.80864275
vt 0.30301735 0.46692646
vt 0.87567705 0.80756497
vt 0.99190938 0.62876600
vt 0.40392298 0.51148987
vt 0.39673603 0.65474558
vt 0.40251827 0.50515825
vt 0.20359489 0.80798906
vt 0.21326861 0.22782075
vt 0.21241988 0.80929512
vt 0.40255427 0.51433295
vt 0.82103562 0.90854430
vt 0.40366125 0.51395482
vt 0.39878413 0.65367484
vt 0.82079256 0.90807110
vt 0.70178050 0.79160124
vt 0.70105344 0.79312897
vt 0.49227515 0.97851694
vt 0.70311821 0.79587936
vt 0.70083827 0.79878151
vt 0.48518372 0.97900933
vt 0.70177329 0.78908366
vt 0.69933736 0.78945196
vt 0.52269822 0.57158321
vt 0.69830561 0.79047221
vt 0.52287817 0.57025766
vt 0.69830650 0.79878283
vt 0.52002364 0.56229728
vt 0.70012343 0.78781027
vt 0.45531818 0.08949304
vt 0.52354664 0.57310128
vt 0.19612205 0.81340539
vt 0.70234203 0.79952377
vt 0.79077053 0.56790966
vt 0.78423738 0.57185918
vt 0.79177421 0.57011980
vt 0.98033899 0.08282113
vt 0.78259301 0.56798148
vt 0.05510256 0.07549036
vt 0.78214860 0.57234448
vt 0.59713340 0.25526786
vt 0.77909905 0.56659627
vt 0.59885746 0.26160347
vt 0.77229810 0.56657064
vt 0.77036929 0.56734133
vt 0.60139364 0.26742017
vt 0.76576996 0.56617177
vt 0.76545906 0.56732309
vt 0.76028621 0.56730998
vt 0.60440230 0.27655995
vt 0.75585616 0.56623429
vt 0.75489271 0.56749767
vt 0.60585701 0.28179097
vt 0.75026143 0.56625515
vt 0.76031208 0.57176208
vt 0.07355244 0.05816609
vt 0.75559849 0.57164067
vt 0.76580286 0.57168931
vt 0.74987578 0.57083452
vt 0.77105796 0.57172722
vt 0.77232045 0.56992567
vt 0.77805656 0.57187808
vt 0.77736634 0.56787622
vt 0.05989871 0.07008135
vt 0.77460921 0.57246834
vt 0.28030199 0.13080716
vt 0.74530745 0.56991196
vt 0.06642694 0.06375688
vt 0.76507896 0.57240248
vt 0.79341692 0.91806221
vt 0.79066205 0.91750258
vt 0.79752886 0.91748625
vt 0.98867315 0.50410080
vt 0.78989071 0.91617465
vt 0.98770034 0.51359475
vt 0.80087739 0.91671538
vt 0.80544257 0.91747141
vt 0.62604970 0.61972970
vt 0.80532551 0.91859561
vt 0.80970359 0.91746920
vt 0.62173903 0.61891097
vt 0.80971003 0.91859365
vt 0.61872584 0.61875683
vt 0.81271458 0.91844136
vt 0.81560618 0.91804045
vt 0.22880259 0.19195813
vt 0.64046162 0.62310129
vt 0.79055119 0.91873986
vt 0.98579180 0.52939802
vt 0.23256581 0.18941730
vt 0.81827736 0.91633362
vt 0.98649293 0.51962441
vt 0.80768931 0.91639668
vt 0.98604047 0.52131802
vt 0.80955762 0.91613925
vt 0.07629841 0.64998144
vt 0.87244236 0.98212403
vt 0.07355595 0.65241420
vt 0.86872828 0.98208439
vt 0.07662556 0.65121323
vt 0.61774546 0.61234176
vt 0.07236467 0.65499407
vt 0.62362462 0.61170888
vt 0.06798250 0.65772116
vt 0.86091846 0.98209602
vt 0.07986560 0.64702386
vt 0.87713593 0.98219937
vt 0.08270428 0.64626789
vt 0.08364177 0.64400887
vt 0.88202572 0.98218721
vt 0.08433265 0.64384544
vt 0.14242245 0.84330821
vt 0.15895391 0.85459495
vt 0.16643398 0.83177149
vt 0.12894744 0.83006561
vt 0.12993765 0.85645938
vt 0.14667057 0.86951518
vt 0.12479150 0.86968446
vt 0.13815901 0.89098501
vt 0.11632788 0.84063089
vt 0.10728959 0.85206610
vt 0.09467699 0.86947286
vt 0.10428912 0.88018352
vt 0.12154102 0.89061743
vt 0.09674931 0.89735138
vt 0.10598000 0.91135252
vt 0.08385233 0.91354835
vt 0.07831930 0.89883220
vt 0.06213471 0.90390664
vt 0.06184397 0.91713089
vt 0.06874906 0.88749141
vt 0.04100049 0.89299285
vt 0.06197520 0.88229924
vt 0.07712513 0.87267238
vt 0.09861538 0.93601197
vt 0.11022575 0.92624533
vt 0.12459603 0.91205156
vt 0.08202011 0.92879111
vt 0.08438507 0.84364402
vt 0.08348667 0.85577792
vt 0.06606875 0.84848183
vt 0.06668152 0.86970377
vt 0.04994849 0.85707349
vt 0.04663344 0.87613714
vt 0.03887519 0.85813802
vt 0.01830134 0.86842245
vt 0.08851501 0.94294691
vt 0.12252660 0.93104333
vt 0.15243532 0.88330764
vt 0.16931643 0.87174612
vt 0.16791731 0.89125913
vt 0.18719560 0.89354235
vt 0.16623005 0.91602337
vt 0.14529248 0.90459973
vt 0.13704696 0.92448252
vt 0.15002720 0.92614329
vt 0.16635484 0.93457872
vt 0.18378468 0.92379349
vt 0.18705745 0.94346273
vt 0.13158382 0.95005369
vt 0.12486637 0.93992782
vt 0.11192326 0.96144891
vt 0.15079552 0.96004122
vt 0.14368530 0.95028991
vt 0.13725379 0.97131366
vt 0.10835767 0.97220987
vt 0.15549362 0.97802764
vt 0.16421276 0.95979136
vt 0.17630926 0.97728688
vt 0.20109536 0.92842621
vt 0.19447972 0.90975851
vt 0.21707357 0.91078717
vt 0.24212870 0.90129042
vt 0.24452335 0.92316282
vt 0.24336167 0.87236452
vt 0.23050515 0.88104141
vt 0.26559198 0.84641790
vt 0.27594125 0.86154193
vt 0.29636785 0.85987794
vt 0.28679317 0.87739128
vt 0.28699043 0.83962858
vt 0.29963875 0.82190168
vt 0.27300289 0.82701182
vt 0.29476216 0.79979348
vt 0.31236923 0.79991299
vt 0.31543976 0.77192593
vt 0.32829502 0.79596061
vt 0.33665356 0.77425551
vt 0.34641913 0.78901452
vt 0.37031865 0.79476643
vt 0.35921997 0.80585569
vt 0.37818936 0.82140905
vt 0.35534301 0.82094312
vt 0.32740295 0.82155693
vt 0.34935719 0.84948486
vt 0.33850488 0.84271979
vt 0.33249804 0.85911703
vt 0.30939063 0.84683901
vt 0.30800343 0.87486053
vt 0.34823623 0.87227058
vt 0.33164394 0.87153894
vt 0.35644874 0.89072049
vt 0.32419407 0.88899040
vt 0.30858544 0.90774095
vt 0.29192656 0.89583421
vt 0.28302982 0.90648377
vt 0.31249344 0.92973369
vt 0.28467727 0.92309493
vt 0.30518496 0.94547474
vt 0.26175946 0.88854909
vt 0.26384705 0.91157025
vt 0.25229153 0.93624699
vt 0.26830918 0.92758334
vt 0.26832980 0.94538665
vt 0.22350462 0.92975879
vt 0.23191744 0.94383705
vt 0.22959764 0.95912266
vt 0.25811407 0.96284658
vt 0.24742165 0.95382071
vt 0.25089347 0.97332793
vt 0.21194942 0.94843006
vt 0.19031328 0.95837384
vt 0.20406231 0.97926241
vt 0.19616728 0.99629438
vt 0.21379469 0.99477816
vt 0.22145662 0.97442341
vt 0.27800319 0.96389896
vt 0.28066951 0.93625104
vt 0.29337272 0.94460326
vt 0.32911700 0.93816781
vt 0.34646311 0.91817981
vt 0.33113411 0.91127521
vt 0.36482668 0.88377941
vt 0.37108684 0.87046742
vt 0.38540453 0.85832930
vt 0.36234680 0.84780675
vt 0.38780946 0.84189123
vt 0.39133266 0.80708778
vt 0.38954678 0.78940910
vt 0.39049137 0.77733523
vt 0.40176982 0.78923780
vt 0.38593468 0.76409906
vt 0.36013475 0.76797938
vt 0.38351208 0.74035883
vt 0.36266172 0.74942678
vt 0.37188065 0.71632886
vt 0.35804617 0.73306042
vt 0.35598570 0.72063923
vt 0.33954594 0.73096049
vt 0.35261455 0.68455231
vt 0.34147403 0.70310694
vt 0.32103032 0.66338795
vt 0.32693419 0.69560587
vt 0.33817127 0.64766526
vt 0.62843066 0.47128499
vt 0.33507437 0.64765131
vt 0.30478221 0.66332668
vt 0.31183639 0.69300205
vt 0.31502146 0.63162810
vt 0.30508021 0.63198042
vt 0.31315923 0.63766462
vt 0.28718835 0.66027927
vt 0.28736794 0.67794931
vt 0.30038673 0.62357038
vt 0.28640994 0.62270284
vt 0.29371646 0.62002051
vt 0.29038924 0.61855769
vt 0.02427866 0.98138082
vt 0.28560439 0.61639518
vt 0.47021279 0.02611899
vt 0.28148696 0.61510015
vt 0.27483407 0.64598519
vt 0.27350190 0.67627925
vt 0.26661515 0.69359225
vt 0.29129687 0.69229054
vt 0.24669614 0.68553549
vt 0.25475526 0.71781331
vt 0.26122454 0.64667344
vt 0.24267873 0.65237027
vt 0.25247815 0.66865635
vt 0.23386849 0.67672163
vt 0.23873362 0.71346974
vt 0.22060901 0.66890377
vt 0.22656171 0.69976145
vt 0.23185486 0.62097436
vt 0.22882470 0.64150918
vt 0.19707893 0.66290647
vt 0.20646678 0.68692660
vt 0.21154548 0.62515616
vt 0.21281762 0.65177077
vt 0.19925782 0.60581464
vt 0.19430110 0.62249458
vt 0.17276466 0.60939044
vt 0.17597313 0.62076402
vt 0.15201187 0.61600536
vt 0.17644085 0.60360354
vt 0.17896940 0.64920181
vt 0.18388541 0.66817582
vt 0.18999244 0.63741690
vt 0.15808755 0.62778443
vt 0.13616753 0.61485916
vt 0.13990311 0.61325788
vt 0.55833817 0.51545614
vt 0.17192560 0.64079291
vt 0.15337881 0.64015359
vt 0.13255776 0.62818092
vt 0.13691284 0.64648485
vt 0.15621977 0.66079706
vt 0.11792505 0.64227366
vt 0.12639873 0.65648317
vt 0.10945521 0.62874526
vt 0.11110130 0.64754987
vt 0.13091357 0.61757123
vt 0.12287842 0.61970919
vt 0.92870903 0.98245430
vt 0.11712123 0.62256217
vt 0.92223984 0.98243195
vt 0.25071511 0.63035762
vt 0.24031688 0.61200434
vt 0.26334462 0.60884058
vt 0.47014499 0.04921299
vt 0.23487155 0.60251856
vt 0.54674011 0.58752525
vt 0.21909176 0.61043257
vt 0.32883358 0.64090961
vt 0.31815705 0.63325298
vt 0.60340184 0.47164762
vt 0.34668976 0.65513670
vt 0.63993549 0.47122240
vt 0.35552749 0.66436177
vt 0.65292019 0.47122192
vt 0.36362639 0.67267525
vt 0.66469741 0.47134674
vt 0.37046993 0.69259334
vt 0.38217586 0.69990885
vt 0.37884316 0.69226384
vt 0.18450572 0.19400799
vt 0.37520823 0.68713146
vt 0.68352824 0.47139788
vt 0.39844620 0.74932182
vt 0.40458399 0.76780403
vt 0.40557304 0.80154806
vt 0.40549845 0.82443106
vt 0.40845722 0.83946371
vt 0.75383657 0.72933769
vt 0.40987599 0.83282346
vt 0.57896441 0.57753164
vt 0.76078230 0.72934270
vt 0.39972252 0.85623735
vt 0.39850104 0.87159038
vt 0.71939838 0.72919327
vt 0.39244321 0.88534808
vt 0.70402169 0.72929132
vt 0.38259581 0.88717449
vt 0.37868610 0.89927745
vt 0.38506469 0.89814752
vt 0.68893468 0.72925562
vt 0.37509739 0.90959620
vt 0.36693561 0.92513967
vt 0.65569919 0.72934777
vt 0.35760525 0.93549609
vt 0.06245955 0.10917723
vt 0.25995323 0.42226613
vt 0.34722751 0.94588405
vt 0.25993484 0.43686414
vt 0.33218673 0.95908481
vt 0.25989217 0.45674241
vt 0.31922644 0.96265453
vt 0.32948369 0.96116632
vt 0.85210353 0.45909101
vt 0.25987056 0.46011418
vt 0.32576025 0.96380138
vt 0.84749854 0.45913541
vt 0.30804020 0.96796519
vt 0.31401154 0.97100151
vt 0.83351630 0.45913863
vt 0.30127519 0.97762227
vt 0.81894273 0.45914447
vt 0.30798572 0.97387588
vt 0.82674807 0.45906758
vt 0.28440627 0.98576075
vt 0.79995036 0.45917726
vt 0.26294810 0.98433793
vt 0.23210014 0.99186170
vt 0.25859141 0.99420446
vt 0.12410752 0.47646296
vt 0.26477525 0.99265677
vt 0.12414197 0.47020030
vt 0.23258616 0.99832863
vt 0.24369732 0.99662113
vt 0.12394822 0.49134773
vt 0.32030848 0.83509922
vt 0.19236277 0.97385317
vt 0.17637821 0.99151349
vt 0.14978199 0.99024320
vt 0.15881234 0.99302948
vt 0.13929151 0.98587149
vt 0.12173978 0.98008060
vt 0.11359176 0.97535306
vt 0.08803300 0.95402384
vt 0.09505825 0.96512592
vt 0.09067467 0.96227664
vt 0.08430114 0.95725578
vt 0.07738857 0.95142782
vt 0.07154433 0.93969423
vt 0.06276729 0.93138492
vt 0.06260569 0.93866545
vt 0.06704444 0.94261348
vt 0.07073602 0.94657803
vt 0.05080829 0.92469877
vt 0.04838374 0.92091584
vt 0.04308886 0.91425222
vt 0.03832611 0.90768021
vt 0.03565337 0.90360564
vt 0.03295423 0.89792186
vt 0.02828691 0.89025337
vt 0.02522402 0.88492584
vt 0.17097399 0.85706031
vt 0.18847850 0.85692734
vt 0.18391173 0.87841749
vt 0.20257539 0.88262284
vt 0.22050267 0.86744410
vt 0.22446068 0.90042371
vt 0.23510045 0.84751433
vt 0.22446600 0.83495390
vt 0.21217349 0.85273987
vt 0.20404896 0.84272069
vt 0.19158964 0.82423902
vt 0.18208952 0.82413912
vt 0.17333950 0.80974770
vt 0.15418096 0.80308670
vt 0.14680475 0.82626623
vt 0.13512096 0.80641347
vt 0.11335872 0.80652368
vt 0.11570865 0.82473373
vt 0.09620685 0.81164765
vt 0.10110849 0.83799255
vt 0.08864374 0.82645744
vt 0.07436527 0.82074571
vt 0.06216042 0.83379561
vt 0.05774775 0.82047504
vt 0.03860464 0.83837104
vt 0.02398957 0.83993095
vt 0.01363900 0.85473531
vt 0.00994281 0.84412944
vt 0.26869905 0.56279808
vt 0.00990332 0.80228102
vt 0.00710511 0.82167125
vt 0.02902460 0.81994933
vt 0.04183045 0.81638509
vt 0.03210333 0.79916781
vt 0.05625201 0.79986268
vt 0.06451996 0.80431312
vt 0.06419088 0.78931993
vt 0.08048560 0.79752558
vt 0.08617145 0.78047186
vt 0.09962928 0.78688580
vt 0.12369169 0.78108317
vt 0.10536583 0.77323538
vt 0.12675190 0.75735188
vt 0.14302686 0.77795506
vt 0.13837172 0.73524177
vt 0.15011147 0.76260400
vt 0.16708519 0.77062100
vt 0.17540236 0.78642261
vt 0.18068798 0.77986115
vt 0.17424268 0.77219349
vt 0.51600075 0.25248861
vt 0.12598388 0.73250824
vt 0.10916508 0.75459677
vt 0.11290932 0.72808713
vt 0.12603135 0.70669276
vt 0.15404296 0.72445935
vt 0.15177201 0.69950438
vt 0.16988048 0.71580762
vt 0.16657652 0.68779129
vt 0.18211615 0.69014382
vt 0.17091775 0.66760361
vt 0.19697925 0.69754338
vt 0.20431809 0.71351629
vt 0.21523033 0.71999985
vt 0.22685301 0.73647857
vt 0.25405034 0.75207406
vt 0.26213023 0.72818142
vt 0.28092259 0.71854287
vt 0.29776499 0.71120411
vt 0.30932930 0.71840918
vt 0.33440000 0.71945834
vt 0.32696721 0.73542023
vt 0.34507689 0.74026042
vt 0.33716241 0.75662047
vt 0.36829016 0.77854669
vt 0.31964037 0.75181288
vt 0.30622026 0.75672245
vt 0.30135462 0.76541108
vt 0.28759915 0.77513558
vt 0.29671735 0.78407282
vt 0.26550815 0.78825074
vt 0.28109875 0.80541474
vt 0.26586905 0.81706464
vt 0.24712384 0.82568836
vt 0.25111330 0.84107691
vt 0.25020641 0.85939699
vt 0.24038878 0.79985821
vt 0.26071507 0.80411446
vt 0.25220120 0.78471404
vt 0.26657760 0.77759552
vt 0.28033969 0.76836264
vt 0.29043090 0.76418382
vt 0.29349685 0.75597018
vt 0.26760960 0.76871228
vt 0.25580096 0.77785659
vt 0.23883231 0.76909143
vt 0.24531621 0.78278023
vt 0.23066473 0.78394318
vt 0.23294134 0.78904712
vt 0.22721836 0.79146236
vt 0.19743834 0.77061504
vt 0.20486197 0.77989882
vt 0.19109556 0.78003407
vt 0.19604233 0.78541034
vt 0.19944018 0.78768969
vt 0.20248087 0.78971553
vt 0.18400314 0.77561128
vt 0.63009709 0.99851787
vt 0.20987628 0.75978643
vt 0.22574402 0.75346005
vt 0.19708602 0.74621642
vt 0.17357917 0.76458454
vt 0.18054426 0.77292740
vt 0.02420591 0.61080676
vt 0.18375617 0.73452437
vt 0.18621123 0.71337152
vt 0.17060068 0.73822367
vt 0.16009648 0.75543219
vt 0.15111938 0.74799293
vt 0.14532250 0.74755877
vt 0.27695936 0.74286693
vt 0.29857197 0.73477763
vt 0.31187680 0.74492335
vt 0.33259958 0.74618870
vt 0.23567651 0.79102862
vt 0.23041438 0.79453385
vt 0.22698458 0.79699033
vt 0.22314647 0.80679297
vt 0.23817307 0.81871939
vt 0.22920437 0.81603056
vt 0.22965752 0.81076211
vt 0.14604677 0.67166901
vt 0.13689639 0.67318439
vt 0.11629497 0.67094123
vt 0.13388273 0.68538719
vt 0.11127762 0.68909526
vt 0.09810243 0.70641619
vt 0.09487692 0.72268224
vt 0.07807277 0.71385878
vt 0.07700849 0.72711086
vt 0.07963535 0.74088693
vt 0.09983383 0.74254459
vt 0.07860840 0.75556386
vt 0.07121493 0.77429646
vt 0.06081601 0.76381063
vt 0.05138577 0.78104466
vt 0.04262881 0.79265708
vt 0.02858403 0.77351427
vt 0.02237233 0.78915459
vt 0.01326832 0.77213746
vt 0.02143957 0.74056196
vt 0.03334051 0.75334346
vt 0.04435084 0.76377809
vt 0.05470689 0.74501330
vt 0.03827145 0.73108017
vt 0.05988552 0.73186946
vt 0.04888985 0.71609318
vt 0.05633007 0.71330869
vt 0.06936616 0.72009546
vt 0.03086568 0.70794988
vt 0.03965605 0.69269037
vt 0.04676455 0.68708032
vt 0.06509058 0.69518751
vt 0.06219142 0.67201948
vt 0.08020513 0.66595954
vt 0.08589695 0.68675601
vt 0.09510388 0.66634983
vt 0.09638184 0.64799088
vt 0.09527425 0.63642395
vt 0.09975348 0.63276994
vt 0.90190738 0.98214990
vt 0.09061181 0.63997829
vt 0.06875080 0.65919662
vt 0.08440455 0.70170766
vt 0.06333650 0.66215557
vt 0.85439825 0.98203248
vt 0.04219093 0.68639624
vt 0.37867591 0.20617855
vt 0.03504233 0.69738305
vt 0.36525413 0.20618844
vt 0.02548834 0.71455771
vt 0.01176716 0.75046408
vt 0.52783173 0.48942727
vt 0.01021055 0.76021904
vt 0.00798487 0.77267283
vt 0.19417648 0.81555301
vt 0.19619738 0.81643677
vt 0.20980211 0.82507509
vt 0.20890631 0.81618482
vt 0.19067141 0.81015790
vt 0.18964498 0.79438424
vt 0.18588142 0.78058875
vt 0.19382909 0.78559244
vt 0.21657608 0.81851250
vt 0.15882370 0.76250976
vt 0.15138391 0.75202781
vt 0.16024169 0.76008719
vt 0.54693240 0.56547111
vt 0.21229964 0.60221517
vt 0.17370896 0.99611181
vt 0.16570264 0.99482006
vt 0.20787284 0.99886477
vt 0.20092314 0.81534702
vt 0.07310663 0.94892734
vt 0.81641322 0.75414169
vt 0.38723171 0.89500529
vt 0.69282329 0.72929090
vt 0.38892573 0.89186198
vt 0.69646716 0.72934300
vt 0.29159009 0.98254555
vt 0.80791748 0.45916069
vt 0.14839953 0.61112970
vt 0.38932037 0.20617425
vt 0.83222741 0.98216915
vt 0.04849118 0.67813754
vt 0.04519027 0.68209136
vt 0.38405332 0.20616275
vt 0.18442599 0.99780804
vt 0.19610505 0.81210375
vt 0.19445132 0.78763133
vt 0.20118082 0.79866570
vt 0.51280367 0.54720563
vt 0.20186856 0.80285412
vt 0.51358038 0.55143982
vt 0.19805156 0.79070860
vt 0.20040195 0.79185021
vt 0.22195582 0.80996931
vt 0.21693818 0.80740148
vt 0.21001777 0.81326312
vt 0.20765349 0.81480336
vt 0.20496354 0.81519002
vt 0.20279834 0.81434572
vt 0.41132686 0.81465840
vt 0.57876492 0.55922705
vt 0.40861335 0.76309466
vt 0.18450511 0.27128494
vt 0.15571626 0.60820663
vt 0.55843782 0.53181988
vt 0.16137217 0.60655099
vt 0.55842888 0.53765863
vt 0.37370124 0.91666979
vt 0.66673058 0.72943038
vt 0.36940649 0.92216223
vt 0.65963417 0.72938526
vt 0.25081423 0.60500395
vt 0.47016197 0.06203628
vt 0.24015813 0.60363996
vt 0.54660195 0.59282374
vt 0.20527290 0.79139042
vt 0.21275364 0.79146659
vt 0.59190941 0.57436711
vt 0.16666667 0.06553000
vt 0.02842108 0.71005875
vt 0.35059759 0.20614457
vt 0.40418631 0.74550611
vt 0.18434876 0.25310588
vt 0.04364529 0.68445951
vt 0.38115534 0.20622909
vt 0.02342438 0.71928036
vt 0.22290809 0.79414451
vt 0.21890719 0.79571527
vt 0.01509335 0.74260813
vt 0.01679763 0.73487103
vt 0.52810037 0.50580454
vt 0.01843320 0.73092866
vt 0.52804297 0.51011062
vt 0.02126817 0.72554725
vt 0.40083089 0.73563594
vt 0.18426053 0.24268025
vt 0.04511819 0.91752613
vt 0.06149301 0.66574949
vt 0.05788813 0.66936022
vt 0.40559995 0.85013574
vt 0.74251199 0.72920024
vt 0.40356988 0.85758328
vt 0.73462033 0.72925699
vt 0.24087664 0.78843224
vt 0.00550162 0.80367577
vt 0.49016875 0.23820138
vt 0.11713362 0.97783822
vt 0.35760984 0.66626763
vt 0.65577352 0.47125310
vt 0.01515226 0.86192071
vt 0.26835632 0.54427207
vt 0.06081061 0.93613297
vt 0.05691553 0.93315709
vt 0.83946621 0.75411391
vt 0.05667917 0.93097943
vt 0.05382033 0.92811680
vt 0.18739332 0.77903974
vt 0.18750402 0.78057271
vt 0.18581264 0.77911925
vt 0.14143060 0.98793113
vt 0.22350699 0.79923218
vt 0.22070804 0.80140048
vt 0.06515078 0.66032720
vt 0.85701418 0.98196203
vt 0.00692170 0.77329856
vt 0.52787644 0.46593791
vt 0.17465882 0.76992077
vt 0.02370988 0.61726767
vt 0.21829085 0.80564350
vt 0.22550361 0.81103200
vt 0.22789152 0.81312555
vt 0.23276107 0.81539392
vt 0.00840249 0.76237583
vt 0.52792114 0.47697687
vt 0.16946915 0.76868337
vt 0.50990206 0.25259906
vt 0.17245081 0.77023786
vt 0.51327503 0.25269544
vt 0.00765964 0.76475751
vt 0.52793533 0.47449148
vt 0.25372547 0.78000611
vt 0.12932675 0.98331439
vt 0.12334447 0.98171604
vt 0.19088498 0.78278577
vt 0.19291775 0.78454065
vt 0.17588945 0.77315605
vt 0.51790845 0.25269258
vt 0.33713397 0.95506823
vt 0.25990528 0.45042932
vt 0.23235781 0.79028898
vt 0.22993751 0.79222488
vt 0.40777504 0.84367418
vt 0.74947393 0.72931427
vt 0.08003432 0.95542938
vt 0.80679786 0.75446278
vt 0.12008442 0.98068452
vt 0.64179772 0.83196205
vt 0.75889969 0.75584579
vt 0.00608427 0.82637775
vt 0.51356435 0.23822391
vt 0.00933767 0.75781375
vt 0.52807343 0.48162365
vt 0.10266905 0.96957326
vt 0.09740405 0.96754277
vt 0.78537631 0.75485837
vt 0.02436436 0.88623989
vt 0.26830178 0.51828426
vt 0.20953579 0.80945134
vt 0.40264046 0.51141977
vt 0.04236342 0.91543245
vt 0.26850581 0.48397565
vt 0.01449075 0.74126863
vt 0.52809888 0.49900848
vt 0.00668678 0.82777685
vt 0.51502115 0.23829114
vt 0.00810127 0.83474970
vt 0.10494019 0.97209346
vt 0.77648801 0.75533605
vt 0.10210958 0.97062248
vt 0.77969998 0.75517392
vt 0.05507308 0.93155169
vt 0.84191388 0.75436717
vt 0.09101398 0.63846105
vt 0.89136356 0.98224455
vt 0.04629473 0.92100692
vt 0.26862699 0.47716284
vt 0.04799972 0.92286664
vt 0.26866373 0.47464895
vt 0.15042485 0.60961717
vt 0.55843389 0.52641243
vt 0.02757457 0.89122885
vt 0.26828480 0.51234263
vt 0.04006959 0.68934745
vt 0.37495995 0.20632565
vt 0.15185943 0.99197680
vt 0.64144403 0.79888195
vt 0.11714372 0.97920156
vt 0.76221669 0.75573492
vt 0.02054148 0.87435657
vt 0.02270872 0.87980354
vt 0.02130302 0.87963694
vt 0.26832023 0.52554512
vt 0.01964175 0.87533516
vt 0.27378187 0.61220926
vt 0.47022653 0.03842974
vt 0.26696375 0.60956287
vt 0.47013813 0.04560691
vt 0.03279697 0.90054166
vt 0.26842362 0.50166988
vt 0.13236575 0.61592865
vt 0.55843151 0.50763339
vt 0.28353274 0.98628277
vt 0.12443615 0.45094937
vt 0.79891813 0.45913541
vt 0.29737285 0.62139869
vt 0.03189091 0.98151189
vt 0.13202238 0.98551631
vt 0.64165890 0.81933916
vt 0.09384661 0.63643521
vt 0.89488393 0.98228937
vt 0.02127212 0.72299820
vt 0.33531097 0.20647442
vt 0.39608166 0.72371131
vt 0.18417047 0.22985369
vt 0.39415470 0.71924347
vt 0.18414240 0.22498745
vt 0.03792866 0.90905219
vt 0.26843616 0.49174190
vt 0.05157531 0.92761338
vt 0.84726292 0.75450844
vt 0.26870134 0.46871495
vt 0.05365402 0.93008548
vt 0.84397829 0.75447112
vt 0.64110035 0.80534369
vt 0.92912620 0.59208858
vt 0.14530310 0.99096894
vt 0.12726735 0.98387098
vt 0.64176464 0.82426256
vt 0.55854452 0.50466180
vt 0.12950730 0.61697674
vt 0.36149299 0.18677288
vt 0.22731887 0.79373264
vt 0.53948218 0.66491246
vt 0.18217833 0.99848741
vt 0.64191574 0.76825815
vt 0.17673449 0.99768311
vt 0.64170367 0.77369785
vt 0.20802669 0.81136143
vt 0.07590949 0.95193768
vt 0.81227112 0.75448239
vt 0.38936585 0.71059346
vt 0.18422128 0.21512634
vt 0.00632300 0.77485645
vt 0.52805865 0.46430075
vt 0.46051779 0.23829114
vt 0.23763376 0.99792540
vt 0.12406761 0.49745584
vt 0.05937931 0.93660486
vt 0.83514535 0.75445312
vt 0.32769462 0.63934964
vt 0.61486691 0.47154325
vt 0.17165515 0.99655807
vt 0.64167988 0.77883995
vt 0.15685391 0.99340761
vt 0.64155149 0.79377025
vt 0.15916365 0.99407959
vt 0.64148855 0.79140019
vt 0.08716103 0.96104181
vt 0.79762775 0.75481337
vt 0.06276922 0.94009173
vt 0.83021152 0.75439060
vt 0.06555833 0.94276100
vt 0.82630348 0.75441152
vt 0.01444228 0.86131984
vt 0.26860216 0.54512334
vt 0.19763856 0.78873855
vt 0.58673137 0.86169922
vt 0.54563415 0.25232100
vt 0.19859850 0.79010195
vt 0.18225384 0.77465296
vt 0.02426915 0.60855669
vt 0.03324174 0.70043534
vt 0.36162624 0.20637488
vt 0.20551144 0.81108683
vt 0.20636752 0.80973285
vt 0.20470656 0.80981165
vt 0.20110194 0.81200570
vt 0.21597335 0.22378856
vt 0.12736337 0.61819136
vt 0.55832952 0.50199234
vt 0.12784919 0.61716431
vt 0.55825245 0.50305539
vt 0.49770588 0.97824675
vt 0.19932346 0.81475180
vt 0.21692534 0.22018963
vt 0.18365875 0.77715981
vt 0.43009707 0.84126401
vt 0.02481790 0.60568571
vt 0.63203883 0.99841774
vt 0.52656311 0.25233179
vt 0.49514979 0.97689873
vt 0.19654861 0.81500554
vt 0.70323622 0.79819828
vt 0.20688251 0.80832946
vt 0.40226537 0.50864303
vt 0.39708737 0.48639238
vt 0.22563508 0.79527998
vt 0.73611164 0.47720683
vt 0.06893204 0.40284812
vt 0.16852517 0.15094936
vt 0.22536328 0.79701144
vt 0.07022692 0.40094936
vt 0.11576046 0.60981011
vt 0.22205670 0.79892004
vt 0.79914606 0.88069618
vt 0.11877023 0.61107594
vt 0.21921679 0.79918289
vt 0.73766488 0.46993673
vt 0.80744338 0.90854430
vt 0.21893033 0.80296594
vt 0.81095660 0.90794021
vt 0.28784907 0.61712676
vt 0.68317151 0.02499998
vt 0.47009873 0.02380306
vt 0.02117550 0.98166174
vt 0.36330760 0.18730402
vt 0.22523725 0.79492640
vt 0.28149715 0.61469257
vt 0.46989951 0.03048140
vt 0.13617574 0.61445755
vt 0.55858010 0.51162899
vt 0.19472879 0.78653365
vt 0.02648459 0.59125030
vt 0.54166996 0.25221515
vt 0.19594312 0.78736150
vt 0.02794277 0.58975983
vt 0.23206829 0.99883950
vt 0.12429582 0.50301707
vt 0.20461629 0.79224145
vt 0.59628063 0.56710839
vt 0.70125026 0.80025256
vt 0.19748846 0.81327802
vt 0.51674139 0.56244451
vt 0.24078514 0.78614926
vt 0.11156813 0.99841774
vt 0.48473978 0.98612577
vt 0.45116499 0.09398735
vt 0.45215806 0.09215695
vt 0.48507196 0.98226959
vt 0.45531818 0.09349012
vt 0.11171354 0.99675828
vt 0.45086619 0.09227586
vt 0.91593415 0.44026887
vt 0.91276222 0.44011170
vt 0.27287742 0.39965582
vt 0.91231900 0.44285381
vt 0.91454053 0.43860173
vt 0.91273159 0.43794513
vt 0.91296756 0.44375950
vt 0.26660648 0.40168536
vt 0.91217715 0.44912791
vt 0.91850370 0.44089240
vt 0.93370134 0.06093240
vt 0.91844481 0.43520898
vt 0.91323030 0.43629706
vt 0.91292846 0.43384826
vt 0.91653889 0.43051106
vt 0.91299510 0.43062401
vt 0.91856629 0.44494534
vt 0.91426826 0.42920303
vt 0.93977535 0.06663907
vt 0.91826296 0.42695403
vt 0.91317713 0.42627633
vt 0.91436034 0.42433745
vt 0.94233274 0.06893569
vt 0.91813427 0.42353714
vt 0.91298014 0.42131591
vt 0.91813451 0.41846657
vt 0.91426855 0.41992557
vt 0.91821194 0.41453952
vt 0.91469568 0.41145086
vt 0.91813552 0.41100711
vt 0.30287191 0.38912618
vt 0.91273630 0.41237676
vt 0.30513063 0.38809830
vt 0.91276562 0.40999866
vt 0.28761294 0.39481926
vt 0.91253704 0.42800200
vt 0.91841722 0.40757334
vt 0.91345268 0.40774119
vt 0.91773593 0.40410382
vt 0.55832505 0.19124508
vt 0.91292280 0.40548199
vt 0.56019419 0.18674684
vt 0.91500223 0.44451869
vt 0.47640067 0.52778345
vt 0.91780692 0.45026809
vt 0.92115259 0.04989928
vt 0.91895264 0.45179904
vt 0.47806731 0.52879745
vt 0.29168874 0.39357871
vt 0.91240132 0.42396617
vt 0.95699757 0.08513969
vt 0.91887033 0.40180647
vt 0.55586773 0.19208860
vt 0.29372525 0.39351696
vt 0.91187608 0.42209888
vt 0.28659666 0.39612365
vt 0.91182643 0.42942715
vt 0.30918625 0.38687760
vt 0.91222024 0.40598810
vt 0.28912216 0.39524031
vt 0.91165048 0.42678857
vt 0.91204393 0.43155491
vt 0.27786350 0.39895678
vt 0.91170752 0.43807667
vt 0.72568089 0.82755566
vt 0.81715208 0.93367851
vt 0.47734627 0.25510216
vt 0.72330099 0.82763118
vt 0.47824112 0.25622523
vt 0.72417116 0.82631981
vt 0.11052997 0.12352663
vt 0.47805437 0.25934243
vt 0.72718447 0.82655972
vt 0.48008543 0.25752020
vt 0.72539008 0.82436711
vt 0.70914477 0.55745625
vt 0.76492167 0.95224190
vt 0.75931060 0.95348102
vt 0.78773993 0.76213330
vt 0.76853448 0.95286644
vt 0.77854085 0.76266444
vt 0.71130729 0.54579329
vt 0.77714020 0.95206571
vt 0.71211177 0.54264593
vt 0.78047347 0.95173895
vt 0.78790444 0.95264947
vt 0.64887971 0.83187902
vt 0.75922948 0.76297468
vt 0.79156554 0.95275533
vt 0.64877528 0.82832515
vt 0.79599649 0.95297557
vt 0.64884150 0.82402128
vt 0.80017507 0.95346147
vt 0.64862674 0.81995255
vt 0.70608503 0.56921214
vt 0.79459012 0.76244891
vt 0.75242716 0.95346147
vt 0.61092591 0.33901358
vt 0.26699030 0.44211912
vt 0.26527837 0.44119036
vt 0.26563561 0.44555390
vt 0.26539728 0.45057893
vt 0.60661155 0.33722973
vt 0.26664972 0.43753833
vt 0.62586737 0.34745884
vt 0.26699030 0.45904630
vt 0.84526706 0.45343685
vt 0.26580358 0.46677214
vt 0.26496577 0.43466401
vt 0.59927303 0.33367634
vt 0.26662481 0.42948890
vt 0.26352501 0.42782557
vt 0.59514159 0.33188856
vt 0.26649937 0.42505825
vt 0.26386768 0.41838217
vt 0.26261950 0.45444393
vt 0.05275081 0.10917723
vt 0.25995275 0.43161023
vt 0.34413105 0.94867408
vt 0.25994095 0.44100648
vt 0.34061921 0.95200306
vt 0.25992996 0.44581795
vt 0.05694252 0.10981011
vt 0.25996169 0.42756850
vt 0.36009103 0.93313330
vt 0.25995216 0.41885602
vt 0.36275730 0.93012810
vt 0.25993082 0.41487342
vt 0.64907992 0.72934270
vt 0.81091404 0.90616703
vt 0.74207121 0.47019237
vt 0.74993998 0.97287685
vt 0.80908054 0.90450263
vt 0.40576464 0.64778483
vt 0.76860839 0.78817642
vt 0.81060529 0.90491015
vt 0.21766841 0.80424649
vt 0.81294215 0.90753305
vt 0.40369704 0.65037578
vt 0.81408888 0.90625632
vt 0.81598657 0.90650976
vt 0.40485436 0.51613927
vt 0.81841052 0.90721929
vt 0.21570551 0.80698729
vt 0.81677860 0.90768790
vt 0.81798035 0.94143939
vt 0.48483735 0.25337237
vt 0.81742191 0.93722361
vt 0.48055747 0.25331843
vt 0.03102461 0.65245312
vt 0.81900859 0.93545562
vt 0.13960235 0.01164168
vt 0.70543218 0.65005136
vt 0.71156877 0.64938545
vt 0.58673137 0.91480619
vt 0.72058827 0.64935428
vt 0.73068064 0.64961642
vt 0.16395517 0.00527704
vt 0.73259348 0.64986575
vt 0.20631818 0.00031644
vt 0.77867103 0.64992398
vt 0.78358954 0.64942443
vt 0.21373633 0.00035930
vt 0.78666896 0.64997536
vt 0.79262513 0.64931232
vt 0.22184807 0.00049514
vt 0.79539216 0.65005934
vt 0.80443215 0.64920330
vt 0.23435527 0.00128710
vt 0.80883521 0.65010160
vt 0.81725097 0.64934939
vt 0.24653976 0.00202823
vt 0.82192200 0.65014786
vt 0.79738027 0.64605671
vt 0.79177701 0.64620650
vt 0.81706083 0.64583784
vt 0.80515224 0.64590871
vt 0.80518097 0.63464880
vt 0.81671369 0.63598919
vt 0.34974346 0.64889973
vt 0.79772484 0.63404125
vt 0.79104960 0.63437515
vt 0.78328377 0.63582373
vt 0.82601380 0.64623624
vt 0.82913184 0.63431352
vt 0.34028420 0.63729823
vt 0.81294632 0.63412023
vt 0.82987994 0.64928424
vt 0.83197206 0.64511585
vt 0.77322167 0.63498771
vt 0.35809329 0.65766579
vt 0.78543782 0.63395345
vt 0.36312640 0.66252625
vt 0.77833676 0.63398266
vt 0.76810956 0.64903289
vt 0.76689804 0.63577950
vt 0.84033656 0.64576668
vt 0.84628868 0.64939970
vt 0.84115595 0.63459003
vt 0.37203100 0.67066509
vt 0.76609612 0.63397723
vt 0.75936037 0.64919466
vt 0.75343686 0.63560498
vt 0.75304383 0.64876688
vt 0.18406449 0.00192046
vt 0.75458002 0.64991045
vt 0.73771191 0.81958747
vt 0.85894269 0.64623576
vt 0.73624593 0.80980325
vt 0.85750920 0.63656235
vt 0.27368712 0.00725228
vt 0.85104185 0.65031648
vt 0.74214584 0.63579321
vt 0.74179852 0.64658731
vt 0.17240125 0.00375450
vt 0.74181044 0.64986897
vt 0.73269582 0.63560665
vt 0.39808393 0.69105756
vt 0.72990668 0.64611691
vt 0.38998130 0.68376309
vt 0.74358046 0.63387984
vt 0.40224579 0.69280744
vt 0.72820699 0.63492459
vt 0.17867567 0.00283647
vt 0.74866641 0.64996362
vt 0.72088772 0.63991714
vt 0.40955600 0.69727868
vt 0.71958441 0.63534892
vt 0.41681442 0.70116222
vt 0.71130592 0.63545007
vt 0.58655751 0.90077281
vt 0.64249033 0.80263519
vt 0.64137971 0.80344933
vt 0.14727843 0.99125403
vt 0.64408088 0.80397052
vt 0.64413273 0.80232781
vt 0.14861864 0.99117911
vt 0.64150494 0.80213702
vt 0.64299166 0.82553422
vt 0.64293325 0.81938803
vt 0.64810544 0.81481564
vt 0.64272785 0.81522578
vt 0.64860767 0.81084067
vt 0.14040598 0.98849833
vt 0.64158422 0.81063604
vt 0.12364615 0.98243523
vt 0.64182842 0.82807207
vt 0.13687678 0.98727369
vt 0.64162022 0.81428754
vt 0.64721972 0.80622077
vt 0.64258879 0.80562317
vt 0.92912620 0.59018987
vt 0.64762676 0.80046403
vt 0.64655411 0.79529816
vt 0.15280880 0.99236566
vt 0.64150828 0.79787767
vt 0.64868182 0.79298443
vt 0.71366811 0.50305051
vt 0.64899880 0.79938650
vt 0.64873618 0.78715962
vt 0.16380958 0.99510020
vt 0.64155698 0.78671265
vt 0.64882684 0.77975887
vt 0.64247167 0.78233802
vt 0.64789975 0.77317536
vt 0.64612532 0.76227516
vt 0.19010182 0.99923885
vt 0.12432972 0.54398513
vt 0.64206177 0.76038063
vt 0.13063301 0.54398733
vt 0.64799327 0.76061952
vt 0.71114862 0.47576797
vt 0.64928842 0.77172977
vt 0.13010983 0.53591037
vt 0.64777952 0.75230491
vt 0.71348906 0.49082434
vt 0.64951456 0.78710365
vt 0.71469349 0.51441312
vt 0.64951456 0.81074536
vt 0.68188000 0.62044251
vt 0.85263956 0.76271027
vt 0.68425775 0.61623079
vt 0.84770668 0.76248300
vt 0.85147643 0.76167494
vt 0.27611113 0.47302091
vt 0.84621620 0.76177764
vt 0.67989188 0.62391824
vt 0.85673028 0.76286191
vt 0.67674977 0.62781096
vt 0.27670541 0.48313701
vt 0.86181229 0.76235646
vt 0.79943758 0.76216298
vt 0.80389053 0.76184529
vt 0.69231248 0.60223806
vt 0.83121002 0.76249427
vt 0.82709771 0.76172370
vt 0.83160341 0.76168412
vt 0.83588332 0.76189762
vt 0.68998533 0.60676724
vt 0.83640009 0.76259226
vt 0.84071189 0.76261389
vt 0.84088969 0.76172113
vt 0.82232964 0.76177657
vt 0.69694084 0.59267980
vt 0.82036299 0.76250631
vt 0.81777078 0.76179290
vt 0.69900054 0.58831036
vt 0.81543696 0.76266515
vt 0.81373751 0.76180589
vt 0.83017880 0.75644583
vt 0.82311046 0.75556773
vt 0.05730555 0.93422681
vt 0.83835322 0.75439322
vt 0.84012496 0.75574929
vt 0.81659669 0.75545877
vt 0.81304234 0.75559783
vt 0.80740750 0.75696862
vt 0.07824764 0.95400411
vt 0.80910867 0.75454378
vt 0.07412910 0.95037061
vt 0.81466496 0.75445670
vt 0.80110723 0.75589144
vt 0.08222666 0.95732993
vt 0.80386621 0.75465250
vt 0.79726118 0.75980377
vt 0.06998350 0.94697589
vt 0.82009035 0.75438011
vt 0.08526189 0.95939958
vt 0.80016047 0.75465906
vt 0.09034223 0.96314496
vt 0.79377908 0.75496322
vt 0.09370710 0.96549070
vt 0.78963482 0.75497383
vt 0.79222977 0.76111549
vt 0.09186131 0.96419215
vt 0.79191518 0.75486028
vt 0.78621775 0.75654554
vt 0.77963221 0.76011878
vt 0.09923082 0.96900851
vt 0.78302842 0.75514102
vt 0.76364058 0.95329595
vt 0.78342271 0.76231223
vt 0.77498043 0.95310664
vt 0.77211058 0.76241893
vt 0.77324891 0.75668621
vt 0.11059183 0.97526038
vt 0.76993775 0.75566030
vt 0.78105092 0.95291317
vt 0.76605916 0.76263511
vt 0.11383979 0.97718304
vt 0.76612574 0.75573540
vt 0.06793934 0.94427276
vt 0.82349217 0.75422835
vt 0.10872600 0.97375822
vt 0.77233642 0.75538617
vt 0.30675861 0.51763994
vt 0.46252280 0.04265028
vt 0.30772340 0.52343690
vt 0.46290788 0.04843998
vt 0.46379766 0.04897124
vt 0.46398529 0.04243976
vt 0.30778852 0.52843761
vt 0.46285981 0.05343342
vt 0.46391425 0.05393171
vt 0.46379042 0.05947006
vt 0.30851996 0.54066479
vt 0.46298179 0.06568784
vt 0.30815992 0.54168916
vt 0.46265423 0.06673062
vt 0.30778673 0.51285571
vt 0.46321020 0.03785932
vt 0.46525839 0.03692627
vt 0.46390599 0.03304124
vt 0.27771994 0.61345685
vt 0.46999800 0.03438234
vt 0.46985266 0.03985959
vt 0.46400622 0.02960116
vt 0.47000089 0.04398346
vt 0.46559429 0.02303523
vt 0.02210465 0.98614389
vt 0.30866572 0.49977124
vt 0.46360105 0.02475739
vt 0.02038835 0.98811716
vt 0.46867627 0.05049574
vt 0.46859699 0.05544341
vt 0.25658855 0.60685259
vt 0.47006401 0.05610293
vt 0.46554342 0.06000775
vt 0.46897912 0.06033295
vt 0.55156660 0.59897798
vt 0.46533254 0.06635290
vt 0.30799448 0.50369465
vt 0.46294472 0.02869588
vt 0.67928803 0.02499998
vt 0.46728531 0.02183545
vt 0.02313446 0.98440814
vt 0.30753466 0.50529981
vt 0.46271482 0.03032953
vt 0.61898118 0.49852204
vt 0.61597764 0.49863392
vt 0.61293209 0.49838150
vt 0.60992098 0.49866503
vt 0.97862965 0.52765751
vt 0.60993963 0.49730909
vt 0.98000985 0.51828837
vt 0.62011147 0.49735725
vt 0.62171823 0.49867105
vt 0.60645473 0.49852300
vt 0.60318828 0.49873638
vt 0.97889179 0.53434604
vt 0.60292423 0.49754715
vt 0.59825903 0.49880117
vt 0.97832489 0.54015148
vt 0.59689385 0.49785155
vt 0.61170566 0.61311996
vt 0.60642153 0.49968743
vt 0.60118860 0.61260533
vt 0.59577823 0.50031644
vt 0.62428719 0.61479455
vt 0.61914176 0.49983191
vt 0.62448394 0.49871767
vt 0.62788606 0.49882823
vt 0.62741256 0.49995613
vt 0.63132840 0.49893427
vt 0.63458246 0.49895680
vt 0.64142305 0.61628550
vt 0.63642609 0.50011498
vt 0.62884879 0.70128202
vt 0.61760575 0.61378974
vt 0.61238772 0.49973631
vt 0.62045979 0.61435533
vt 0.61529905 0.49988079
vt 0.98063338 0.50560158
vt 0.63474870 0.49789864
vt 0.98077226 0.50854468
vt 0.63131958 0.49784082
vt 0.98068821 0.51664561
vt 0.62202609 0.49717402
vt 0.29194495 0.18891293
vt 0.29628775 0.18890303
vt 0.28779876 0.18883520
vt 0.57375419 0.61809266
vt 0.28672498 0.19016916
vt 0.28366566 0.18866819
vt 0.57729769 0.61789507
vt 0.28231153 0.19036746
vt 0.27859646 0.18900800
vt 0.27358130 0.18912822
vt 0.58496749 0.61712056
vt 0.27202135 0.19062269
vt 0.26943648 0.18921524
vt 0.58879149 0.61713183
vt 0.26691070 0.19078934
vt 0.98684454 0.55205798
vt 0.26465285 0.18802428
vt 0.98703218 0.55535233
vt 0.26897675 0.18779194
vt 0.30096099 0.18885088
vt 0.56280583 0.61868298
vt 0.29955208 0.19039029
vt 0.30526444 0.18882370
vt 0.31103152 0.18907523
vt 0.98578936 0.54780257
vt 0.25883821 0.18847573
vt 0.98646373 0.55817121
vt 0.27266446 0.18765092
vt 0.54981285 0.61956578
vt 0.31371281 0.19030273
vt 0.31693181 0.18891692
vt 0.98738557 0.56745148
vt 0.28414640 0.18753570
vt 0.25689957 0.19046462
vt 0.25207505 0.19036525
vt 0.60324240 0.61709744
vt 0.24696656 0.19202673
vt 0.24765192 0.19033575
vt 0.98569238 0.54287022
vt 0.25212693 0.18893927
vt 0.24248704 0.19093442
vt 0.98602670 0.53756744
vt 0.24452746 0.18896151
vt 0.23810178 0.19082928
vt 0.60944080 0.61764508
vt 0.23813321 0.19235975
vt 0.61309648 0.61774886
vt 0.81844658 0.91873986
vt 0.23291451 0.19269478
vt 0.23344286 0.19097167
vt 0.98723793 0.58216292
vt 0.30045766 0.18755019
vt 0.98664415 0.56259543
vt 0.27820355 0.18752468
vt 0.98695672 0.57808375
vt 0.29612580 0.18774062
vt 0.98717028 0.59007895
vt 0.30854851 0.18776697
vt 0.98826468 0.60185111
vt 0.31986636 0.18795407
vt 0.32587191 0.18857223
vt 0.53583443 0.62112075
vt 0.32782513 0.19033408
vt 0.33164778 0.18784213
vt 0.33363906 0.18902582
vt 0.52553725 0.62158513
vt 0.33751401 0.19045156
vt 0.33850232 0.18843085
vt 0.34173822 0.18918777
vt 0.34556738 0.18975824
vt 0.51634753 0.62191534
vt 0.34551385 0.19096702
vt 0.51187503 0.62220025
vt 0.34913853 0.19106054
vt 0.34760275 0.18901241
vt 0.35182840 0.19104856
vt 0.34486935 0.18875039
vt 0.33511257 0.18797559
vt 0.73106796 0.49334210
vt 0.35069406 0.18892360
vt 0.35500330 0.19037330
vt 0.35583812 0.19129896
vt 0.35987651 0.19133168
vt 0.35771796 0.18935698
vt 0.36006093 0.18943995
vt 0.36204821 0.19068712
vt 0.36310810 0.19174641
vt 0.49403945 0.62274081
vt 0.36231837 0.19208562
vt 0.36505869 0.18961239
vt 0.36605924 0.19091797
vt 0.48822293 0.62276006
vt 0.36631393 0.19269478
vt 0.35496411 0.18920326
vt 0.73117030 0.49010378
vt 0.35329378 0.18896788
vt 0.36211598 0.18923831
vt 0.36674687 0.18945998
vt 0.17243651 0.05819732
vt 0.36704054 0.19085765
vt 0.73149341 0.50449771
vt 0.34142742 0.18805909
vt 0.73263693 0.52023053
vt 0.32716694 0.18719512
vt 0.32470036 0.18762314
vt 0.73312122 0.52633435
vt 0.98785233 0.60348099
vt 0.32132190 0.18756145
vt 0.50623220 0.62215751
vt 0.35347837 0.19161677
vt 0.35616505 0.18870890
vt 0.73398793 0.48112321
vt 0.36001265 0.18771285
vt 0.36519417 0.18828124
vt 0.73251361 0.49848819
vt 0.34662229 0.18715042
vt 0.34854299 0.18872893
vt 0.73293120 0.51310569
vt 0.33367229 0.18616760
vt 0.36631805 0.18782783
vt 0.22149177 0.79689062
vt 0.21905901 0.79719251
vt 0.16790758 0.05722380
vt 0.36796117 0.18795818
vt 0.36526912 0.18735409
vt 0.22234465 0.79535234
vt 0.36243671 0.18777037
vt 0.73285729 0.50640661
vt 0.33985263 0.18666738
vt 0.73361802 0.48908424
vt 0.35404325 0.18714082
vt 0.73506176 0.47914076
vt 0.36153901 0.18727076
vt 0.54027569 0.66550630
vt 0.36253381 0.18697315
vt 0.22559868 0.79358608
vt 0.32556286 0.18589866
vt 0.73417002 0.52180171
vt 0.73447984 0.52485585
vt 0.32253599 0.18610406
vt 0.73369741 0.50777680
vt 0.33865440 0.18585753
vt 0.73353624 0.50031424
vt 0.34504956 0.18633473
vt 0.35596067 0.18659413
vt 0.73456770 0.48666978
vt 0.17664762 0.06021261
vt 0.17511678 0.05929399
vt 0.48700750 0.62310129
vt 0.18087389 0.05880320
vt 0.18094626 0.06095487
vt 0.44894078 0.24208862
vt 0.18220064 0.05959463
vt 0.17593734 0.06365073
vt 0.18046358 0.06371570
vt 0.17264746 0.06308311
vt 0.17250873 0.05967152
vt 0.16785474 0.06176668
vt 0.21793027 0.79682046
vt 0.16802821 0.05834669
vt 0.17043194 0.05795658
vt 0.36768004 0.18966448
vt 0.16764705 0.06481612
vt 0.17292002 0.06692320
vt 0.21612106 0.79400080
vt 0.16699426 0.06147254
vt 0.18015535 0.06706119
vt 0.44423729 0.24352360
vt 0.18190479 0.06443149
vt 0.18045034 0.06898427
vt 0.43980977 0.24579871
vt 0.52677572 0.53449368
vt 0.45326215 0.24267793
vt 0.18188094 0.05529398
vt 0.90655017 0.74208862
vt 0.31381452 0.12877506
vt 0.31557417 0.12945151
vt 0.30964208 0.12897944
vt 0.10568616 0.03432751
vt 0.31236228 0.12825155
vt 0.10177830 0.03650504
vt 0.30761302 0.12816453
vt 0.30602616 0.12927645
vt 0.30431217 0.12869334
vt 0.30232295 0.12920815
vt 0.09660023 0.03993762
vt 0.30103970 0.12831056
vt 0.29644379 0.12899095
vt 0.29241544 0.12898052
vt 0.08544566 0.04735535
vt 0.28689677 0.12853396
vt 0.28868282 0.12901056
vt 0.28468409 0.12925810
vt 0.60936964 0.28948581
vt 0.28419042 0.13449365
vt 0.28050938 0.13329047
vt 0.28509840 0.13309634
vt 0.60737520 0.28587198
vt 0.27997431 0.13444132
vt 0.74578315 0.56613922
vt 0.61093986 0.29291439
vt 0.28803906 0.13432068
vt 0.29068232 0.13309640
vt 0.61251974 0.29613310
vt 0.29170144 0.13430625
vt 0.61399162 0.29892606
vt 0.29491988 0.13415998
vt 0.74941522 0.56763512
vt 0.27629399 0.13314831
vt 0.28856844 0.13087839
vt 0.29648188 0.13045079
vt 0.29237527 0.13078618
vt 0.61633176 0.30233288
vt 0.29913285 0.13419598
vt 0.61760014 0.30471188
vt 0.30189183 0.13410795
vt 0.30587348 0.13306516
vt 0.30932072 0.13305110
vt 0.62276739 0.31392252
vt 0.31268963 0.13405263
vt 0.62425154 0.31599927
vt 0.31529281 0.13419020
vt 0.32006288 0.13083452
vt 0.62586427 0.31884181
vt 0.31863517 0.13418233
vt 0.32203043 0.13390899
vt 0.32742339 0.13035101
vt 0.63244438 0.32874906
vt 0.12288976 0.03088307
vt 0.33077255 0.13412941
vt 0.33355504 0.12969339
vt 0.12538196 0.02907169
vt 0.33402646 0.13332981
vt 0.61920536 0.30755520
vt 0.30522603 0.13427943
vt 0.12831473 0.02768433
vt 0.33754045 0.13310850
vt 0.11909227 0.02793711
vt 0.32820281 0.12900108
vt 0.62927783 0.32353121
vt 0.32454506 0.13444132
vt 0.21548055 0.22586226
vt 0.40391052 0.50411391
vt 0.38996765 0.65686399
vt 0.21490405 0.22789711
vt 0.49916393 0.97828066
vt 0.21708705 0.22218949
vt 0.92514485 0.91107595
vt 0.20108847 0.81340665
vt 0.21625993 0.22216034
vt 0.20270842 0.81025285
vt 0.21366404 0.22522783
vt 0.54790860 0.72622836
vt 0.53421593 0.25404918
vt 0.02956569 0.59816623
vt 0.54466021 0.72565353
vt 0.02740773 0.59907413
vt 0.54679793 0.72471136
vt 0.02743178 0.59208006
vt 0.54068458 0.25294048
vt 0.54757339 0.73259491
vt 0.59712499 0.57111257
vt 0.59384650 0.57065189
vt 0.20864727 0.79119009
vt 0.59377462 0.57279593
vt 0.16759072 0.06766778
vt 0.16998059 0.06913799
vt 0.59651506 0.57292169
vt 0.60097086 0.57436711
vt 0.18566853 0.12684119
vt 0.17459646 0.07049614
vt 0.03721683 0.58006328
vt 0.03163779 0.39621156
vt 0.35891059 0.06163651
vt 0.03568815 0.39715189
vt 0.36179277 0.06517255
vt 0.03102368 0.39681733
vt 0.03717723 0.39645553
vt 0.04497805 0.39295173
vt 0.04049578 0.39637166
vt 0.86274076 0.39767402
vt 0.04446473 0.39052641
vt 0.34764707 0.05258143
vt 0.05051116 0.39679420
vt 0.04880382 0.39193022
vt 0.85693043 0.39984000
vt 0.05071011 0.39066911
vt 0.05065142 0.39548421
vt 0.05433732 0.39421093
vt 0.85321152 0.40076274
vt 0.05455923 0.39052641
vt 0.05792244 0.39455420
vt 0.06031376 0.39221549
vt 0.33824787 0.04525197
vt 0.06281025 0.39638710
vt 0.84562153 0.40355378
vt 0.06269716 0.39076138
vt 0.03501733 0.39286947
vt 0.02750134 0.39635551
vt 0.87994552 0.39137203
vt 0.02596229 0.39055610
vt 0.02313477 0.39624935
vt 0.87153357 0.39437175
vt 0.03496302 0.39048076
vt 0.01928964 0.39612073
vt 0.88648647 0.38846558
vt 0.01874736 0.39043701
vt 0.06801157 0.39191782
vt 0.83866870 0.40505868
vt 0.06504855 0.49476224
vt 0.06989887 0.39059734
vt 0.18622462 0.32914853
vt 0.01597488 0.39608097
vt 0.83955330 0.40421605
vt 0.06876452 0.39018989
vt 0.36559904 0.06813210
vt 0.02611235 0.39697576
vt 0.10260409 0.16875017
vt 0.10263549 0.16705418
vt 0.30129451 0.28386080
vt 0.10113849 0.16806513
vt 0.76234752 0.01205176
vt 0.10392597 0.16789657
vt 0.30064726 0.28242755
vt 0.76164740 0.01293391
vt 0.10095361 0.16701865
vt 0.10137594 0.16928840
vt 0.76363516 0.01191306
vt 0.10536776 0.16898435
vt 0.30129451 0.28069621
vt 0.10217687 0.16329932
vt 0.10690189 0.16525084
vt 0.10223950 0.15776014
vt 0.08935041 0.36032999
vt 0.10687977 0.15894866
vt 0.08660011 0.35909772
vt 0.10753884 0.15614235
vt 0.10477938 0.15280533
vt 0.74462372 0.01525003
vt 0.10093195 0.15019673
vt 0.10473344 0.14853424
vt 0.10226228 0.14810121
vt 0.10483807 0.14179820
vt 0.73714411 0.01718545
vt 0.10093692 0.14255244
vt 0.10210586 0.14062184
vt 0.10682566 0.13511479
vt 0.10682638 0.14192122
vt 0.08029030 0.35425335
vt 0.10754139 0.14859855
vt 0.10221594 0.13467503
vt 0.10675073 0.13128060
vt 0.14978996 0.43162525
vt 0.72595239 0.02046806
vt 0.10101316 0.13098621
vt 0.10217797 0.12601304
vt 0.73588628 0.01794511
vt 0.10064725 0.14112657
vt 0.10459393 0.12519741
vt 0.16203703 0.43114972
vt 0.10672592 0.11930382
vt 0.72198284 0.02238959
vt 0.10072769 0.12661785
vt 0.75183427 0.01439327
vt 0.10068765 0.15728188
vt 0.07387649 0.34895980
vt 0.10752875 0.14064026
vt 0.17119741 0.15284812
vt 0.22250220 0.79724252
vt 0.73690033 0.47358310
vt 0.79773462 0.88196200
vt 0.39568305 0.48512661
vt 0.22719565 0.79529727
vt 0.54027569 0.66297466
vt 0.54698497 0.55936402
vt 0.54680538 0.54550874
vt 0.19188972 0.60227120
vt 0.54818445 0.55644619
vt 0.54794747 0.56707132
vt 0.54771364 0.54502082
vt 0.18055411 0.60265297
vt 0.54672629 0.53443134
vt 0.55843127 0.55721033
vt 0.54780012 0.57830828
vt 0.55107278 0.59061551
vt 0.55305350 0.58272791
vt 0.23910151 0.60302895
vt 0.54679453 0.59167343
vt 0.54787928 0.59277511
vt 0.24783410 0.60423762
vt 0.54676211 0.60031646
vt 0.47009873 0.06504804
vt 0.46401009 0.06654900
vt 0.55290294 0.59878755
vt 0.55318040 0.57697684
vt 0.31404570 0.56190079
vt 0.55399680 0.57785547
vt 0.55315173 0.55902839
vt 0.55320102 0.54691994
vt 0.55291873 0.54193926
vt 0.32463953 0.59218675
vt 0.55399543 0.54576290
vt 0.31104314 0.55218822
vt 0.55413967 0.58793062
vt 0.46445355 0.07753164
vt 0.18389770 0.77732235
vt 0.42944983 0.84082276
vt 0.63203883 0.99968356
vt 0.64628100 0.39462024
vt 0.14520499 0.98990369
vt 0.64148647 0.80575943
vt 0.92783171 0.59114957
vt 0.83805907 0.98225939
vt 0.05028844 0.67582345
vt 0.83521008 0.98215997
vt 0.05374958 0.67201382
vt 0.84043103 0.98207074
vt 0.86954039 0.98566252
vt 0.07206040 0.65396267
vt 0.86654609 0.98206097
vt 0.86300856 0.98572785
vt 0.07027904 0.65556121
vt 0.86411941 0.98208940
vt 0.85884625 0.98374742
vt 0.85773283 0.98821872
vt 0.86693150 0.98805934
vt 0.85260528 0.98602599
vt 0.06128284 0.66423941
vt 0.85142851 0.98211592
vt 0.84945434 0.98380011
vt 0.84847194 0.98816854
vt 0.05866263 0.66691679
vt 0.84762442 0.98211622
vt 0.84360188 0.98570412
vt 0.05620437 0.66937441
vt 0.84409338 0.98218268
vt 0.83913583 0.98457706
vt 0.83965147 0.98787963
vt 0.87527496 0.98793334
vt 0.87476099 0.98468924
vt 0.87959528 0.98480642
vt 0.08678763 0.64142936
vt 0.88614237 0.98220730
vt 0.88666177 0.98510927
vt 0.88319272 0.98794627
vt 0.83474261 0.98487139
vt 0.89483929 0.98550409
vt 0.82750809 0.98578137
vt 0.38454175 0.20992422
vt 0.38692802 0.20631111
vt 0.82984638 0.98228937
vt 0.87923461 0.98899889
vt 0.89770240 0.98811871
vt 0.09763299 0.63425201
vt 0.89929193 0.98215383
vt 0.90059537 0.98613089
vt 0.90439838 0.98763639
vt 0.10520904 0.62945348
vt 0.90834874 0.98237354
vt 0.10283110 0.63087970
vt 0.90555304 0.98221844
vt 0.10729261 0.62836343
vt 0.91071677 0.98252290
vt 0.90946054 0.98821455
vt 0.11102680 0.62638456
vt 0.91497934 0.98241997
vt 0.91539222 0.98618519
vt 0.11441173 0.62416786
vt 0.91906440 0.98240691
vt 0.92028803 0.98552459
vt 0.91917789 0.98810059
vt 0.91337901 0.98909134
vt 0.92376626 0.98861295
vt 0.92515290 0.98259348
vt 0.39940712 0.67799461
vt 0.88333404 0.98922449
vt 0.41222963 0.68500191
vt 0.86858243 0.98908365
vt 0.42135921 0.68970597
vt 0.85821527 0.98921919
vt 0.42675638 0.69244903
vt 0.85210830 0.98941767
vt 0.38758603 0.66991425
vt 0.89782029 0.98910177
vt 0.43049544 0.69392401
vt 0.84806025 0.98929608
vt 0.44366807 0.69937158
vt 0.83368003 0.98926508
vt 0.38289475 0.66660661
vt 0.90361440 0.98952430
vt 0.37740743 0.66241068
vt 0.91061133 0.98955697
vt 0.56442952 0.49694639
vt 0.92797440 0.98815972
vt 0.56419301 0.50127196
vt 0.93236244 0.98811007
vt 0.36761811 0.65393353
vt 0.92371505 0.98948663
vt 0.56588125 0.49272156
vt 0.37269291 0.20954549
vt 0.03651581 0.69515055
vt 0.36798900 0.20634848
vt 0.03824877 0.69215357
vt 0.37153590 0.20621049
vt 0.36635283 0.21172202
vt 0.37495902 0.21183562
vt 0.36082274 0.21183908
vt 0.35842794 0.20681447
vt 0.03025503 0.70628184
vt 0.35488147 0.20642883
vt 0.35274112 0.21200997
vt 0.35145915 0.20770597
vt 0.34689057 0.21350449
vt 0.34573495 0.20956618
vt 0.34215862 0.21253967
vt 0.02658185 0.71180952
vt 0.34804174 0.20638585
vt 0.02486869 0.71488452
vt 0.34443569 0.20642686
vt 0.38020450 0.21335644
vt 0.83095247 0.98811823
vt 0.38800535 0.21234536
vt 0.02287195 0.71926844
vt 0.33948651 0.20654374
vt 0.33759078 0.21193576
vt 0.33620018 0.20777011
vt 0.49212146 0.71005970
vt 0.34047890 0.21384931
vt 0.46852365 0.70626146
vt 0.36461040 0.21367466
vt 0.48002172 0.70845044
vt 0.35280472 0.21391213
vt 0.45830122 0.70445389
vt 0.37507460 0.21388394
vt 0.44707134 0.70084172
vt 0.38701153 0.21384871
vt 0.82994854 0.98955697
vt 0.48464495 0.70948458
vt 0.34803021 0.21424049
vt 0.03256107 0.70293587
vt 0.35900247 0.20601267
vt 0.27588946 0.98888433
vt 0.12435677 0.45879436
vt 0.26705229 0.99179798
vt 0.12414988 0.46785051
vt 0.12433486 0.46296024
vt 0.13056400 0.45849764
vt 0.66700453 0.38420141
vt 0.13171521 0.45282346
vt 0.79708737 0.45235962
vt 0.28031251 0.98740518
vt 0.12440325 0.45425832
vt 0.13002408 0.46571279
vt 0.67895460 0.39907861
vt 0.13141906 0.47155416
vt 0.12555063 0.47366160
vt 0.25358978 0.99525315
vt 0.12402499 0.48149705
vt 0.13051122 0.48546869
vt 0.25051039 0.99604648
vt 0.12407398 0.48461962
vt 0.68699956 0.41170561
vt 0.13152559 0.48649883
vt 0.12545684 0.49045622
vt 0.13095762 0.49649411
vt 0.13011797 0.50022674
vt 0.22695139 0.99933624
vt 0.12409464 0.50808161
vt 0.12998311 0.50759554
vt 0.69648612 0.43059456
vt 0.13151270 0.50770050
vt 0.21848619 0.99968356
vt 0.12413256 0.51638556
vt 0.13005798 0.52038658
vt 0.12564014 0.52141482
vt 0.13143747 0.51963383
vt 0.70073920 0.44177377
vt 0.13102856 0.53143072
vt 0.64883178 0.74778479
vt 0.67603552 0.39454639
vt 0.13163394 0.46617991
vt 0.35086203 0.24637222
vt 0.35579237 0.24690843
vt 0.19637540 0.41279054
vt 0.36453122 0.24625051
vt 0.20529695 0.41424048
vt 0.34329671 0.23417598
vt 0.64199311 0.84398735
vt 0.34448084 0.24592435
vt 0.20896895 0.41395712
vt 0.36804250 0.24697137
vt 0.33724540 0.24687529
vt 0.17743170 0.41021132
vt 0.33732483 0.23452866
vt 0.33044702 0.23478091
vt 0.68910128 0.39623070
vt 0.33750471 0.23077500
vt 0.69310576 0.40178108
vt 0.33052346 0.23104441
vt 0.64213651 0.87319458
vt 0.37330160 0.23333549
vt 0.37594742 0.24625403
vt 0.38566622 0.23993945
vt 0.35695794 0.15020078
vt 0.64225453 0.88038433
vt 0.38063973 0.23316187
vt 0.32318449 0.23347437
vt 0.32277623 0.24701214
vt 0.16283812 0.40692079
vt 0.08667699 0.15094936
vt 0.31662905 0.23448825
vt 0.31672943 0.24612576
vt 0.08760083 0.16381228
vt 0.30359498 0.23531818
vt 0.09487309 0.16388315
vt 0.30351982 0.24227726
vt 0.10318806 0.99735725
vt 0.49325588 0.98620892
vt 0.91173857 0.76803797
vt 0.09822942 0.99728239
vt 0.49812379 0.98622334
vt 0.09906088 0.98969829
vt 0.52395236 0.55838227
vt 0.54059058 0.61846209
vt 0.55638295 0.61706483
vt 0.54848069 0.61549324
vt 0.80602705 0.97608614
vt 0.54258257 0.62019169
vt 0.32113156 0.19020104
vt 0.55588156 0.61921859
vt 0.30724639 0.19019723
vt 0.56713623 0.61420435
vt 0.82720208 0.97615480
vt 0.55688506 0.61491489
vt 0.81535375 0.97626585
vt 0.53319645 0.62110811
vt 0.33032548 0.19061267
vt 0.52532375 0.61947286
vt 0.52767229 0.61678797
vt 0.51943344 0.61687601
vt 0.77699429 0.97581893
vt 0.51408631 0.61973977
vt 0.52102852 0.62161845
vt 0.34152856 0.19086611
vt 0.52798200 0.62091166
vt 0.57317901 0.61645526
vt 0.56859261 0.61823976
vt 0.29290345 0.19024438
vt 0.53215116 0.61597180
vt 0.78900385 0.97556639
vt 0.50430787 0.61955231
vt 0.50836313 0.61683643
vt 0.76725906 0.97560787
vt 0.53459907 0.61627162
vt 0.79141796 0.97597528
vt 0.50049335 0.62234652
vt 0.35772571 0.19182539
vt 0.50195736 0.61717647
vt 0.76203769 0.97570097
vt 0.49155155 0.62217790
vt 0.36398870 0.19257188
vt 0.57816768 0.61350405
vt 0.84048873 0.97616136
vt 0.58184868 0.61319357
vt 0.84502971 0.97615898
vt 0.58688474 0.61326462
vt 0.58630216 0.61188406
vt 0.85056549 0.97477937
vt 0.58967263 0.61195952
vt 0.85478163 0.97510362
vt 0.58962995 0.61288589
vt 0.59355134 0.61273307
vt 0.59296858 0.61706865
vt 0.26124632 0.19106174
vt 0.59653193 0.61627883
vt 0.25641689 0.19222254
vt 0.59734750 0.61205590
vt 0.59185219 0.50027704
vt 0.86440128 0.97624952
vt 0.49016565 0.61649501
vt 0.78478962 0.55259407
vt 0.75312042 0.97589290
vt 0.48776805 0.62246931
vt 0.17528033 0.05834061
vt 0.36668965 0.19272149
vt 0.48645952 0.62063229
vt 0.17590101 0.05688637
vt 0.78414237 0.55094939
vt 0.48878735 0.61560535
vt 0.75214660 0.97572291
vt 0.58107734 0.61745113
vt 0.27729383 0.19042403
vt 0.53673255 0.61568099
vt 0.79363775 0.97557527
vt 0.60442019 0.61286324
vt 0.59906304 0.50020564
vt 0.60657859 0.61736238
vt 0.24222955 0.19227517
vt 0.60822082 0.61319900
vt 0.60292095 0.50007790
vt 0.61460578 0.61359531
vt 0.60937190 0.49989849
vt 0.62263501 0.61812967
vt 0.63004267 0.62077588
vt 0.80119920 0.91850477
vt 0.62984407 0.61552280
vt 0.62476838 0.49997211
vt 0.63344032 0.62133801
vt 0.79776639 0.91867501
vt 0.63569212 0.61619020
vt 0.63066012 0.50027704
vt 0.64081317 0.61874169
vt 0.64368933 0.62178284
vt 0.62750810 0.69533849
vt 0.78760839 0.92056960
vt 0.63940179 0.61612558
vt 0.63438952 0.50015366
vt 0.59894705 0.61694396
vt 0.25299147 0.19172239
vt 0.15003620 0.12620884
vt 0.03162823 0.61398506
vt 0.15500857 0.12622684
vt 0.03187736 0.60901266
vt 0.02884091 0.61148852
vt 0.02944339 0.61672288
vt 0.03113762 0.61893636
vt 0.02914191 0.60709524
vt 0.02528628 0.60866451
vt 0.02638864 0.60444826
vt 0.14620036 0.12551200
vt 0.03197601 0.61787313
vt 0.02487760 0.61450058
vt 0.02826506 0.62011147
vt 0.03221738 0.60439783
vt 0.02454125 0.61748254
vt 0.02967819 0.62279534
vt 0.02913371 0.60299188
vt 0.02512560 0.61126506
vt 0.14091425 0.12571955
vt 0.03096010 0.62309623
vt 0.93883497 0.96044302
vt 0.02682297 0.60145825
vt 0.02929374 0.60029358
vt 0.02463768 0.62113422
vt 0.02407232 0.62418771
vt 0.48058254 0.94841772
vt 0.02750137 0.62570900
vt 0.16913164 0.76639944
vt 0.02324893 0.62388957
vt 0.02442544 0.62768173
vt 0.50489980 0.25263321
vt 0.02928111 0.62990141
vt 0.02869331 0.63177365
vt 0.03188353 0.63474298
vt 0.13646455 0.12618661
vt 0.03093809 0.62685919
vt 0.94336569 0.96044302
vt 0.12872489 0.12626761
vt 0.03302642 0.63437140
vt 0.02532583 0.63273805
vt 0.49986207 0.25446546
vt 0.02700021 0.63367170
vt 0.02602048 0.63513452
vt 0.49758142 0.25400305
vt 0.02909750 0.63416219
vt 0.03315775 0.63696152
vt 0.03341843 0.64029539
vt 0.11922938 0.12746644
vt 0.03493620 0.64383245
vt 0.03226251 0.64316911
vt 0.03109116 0.64119887
vt 0.02919581 0.64425945
vt 0.48787698 0.25356364
vt 0.03431800 0.64726901
vt 0.81964415 0.93861789
vt 0.03007269 0.64947122
vt 0.02736551 0.64056492
vt 0.49150279 0.25319034
vt 0.03404732 0.65155452
vt 0.03517703 0.65474683
vt 0.81974113 0.93132913
vt 0.72485596 0.83069623
vt 0.03580964 0.65042496
vt 0.16743678 0.76579452
vt 0.02297735 0.62568337
vt 0.47864076 0.94841772
vt 0.50621396 0.25246096
vt 0.03072589 0.63873130
vt 0.02324172 0.62537676
vt 0.47932786 0.94968355
vt 0.50697893 0.25318325
vt 0.17253117 0.76797563
vt 0.02356556 0.62017655
vt 0.17754461 0.77155644
vt 0.02392329 0.61389452
vt 0.03695395 0.65276128
vt 0.11032912 0.12753165
vt 0.03721683 0.65429318
vt 0.10906149 0.12669182
vt 0.72718447 0.83037448
vt 0.02741258 0.63959694
vt 0.49231589 0.25356394
vt 0.02659180 0.63833171
vt 0.42362460 0.79018986
vt 0.49369237 0.25283641
vt 0.16355251 0.12572926
vt 0.03236835 0.60066730
vt 0.03000829 0.62509501
vt 0.94115824 0.95981014
vt 0.02755559 0.63614619
vt 0.02980681 0.63647419
vt 0.41974109 0.79018986
vt 0.16712219 0.12517881
vt 0.03312453 0.59731585
vt 0.03285779 0.59418237
vt 0.03039429 0.59179288
vt 0.02930302 0.59377342
vt 0.02742995 0.59458894
vt 0.54696137 0.73002064
vt 0.02853114 0.59107637
vt 0.19580017 0.78624254
vt 0.02724369 0.59027421
vt 0.03348762 0.59142292
vt 0.03218971 0.58842337
vt 0.03041752 0.58779299
vt 0.17049715 0.12502933
vt 0.03367781 0.59415436
vt 0.03415310 0.58882153
vt 0.03113094 0.58423537
vt 0.67411351 0.73412329
vt 0.02856318 0.58656502
vt 0.03007193 0.58269572
vt 0.03164420 0.58102947
vt 0.59822446 0.56923288
vt 0.03529740 0.58316386
vt 0.60028070 0.57151133
vt 0.03463092 0.58121413
vt 0.67281556 0.80866802
vt 0.20315455 0.79260886
vt 0.02846587 0.58161455
vt 0.00420712 0.14145571
vt 0.67152101 0.73922020
vt 0.03013356 0.58079523
vt 0.59741962 0.56789720
vt 0.20298563 0.79095799
vt 0.02843455 0.58270437
vt 0.62556636 0.36550629
vt 0.02919578 0.59585959
vt 0.54503661 0.72877413
vt 0.02748952 0.59690613
vt 0.54656124 0.72734064
vt 0.02866291 0.58897805
vt 0.03513031 0.58517927
vt 0.28166109 0.40854430
vt 0.02778582 0.58923513
vt 0.19738728 0.78737414
vt 0.58543688 0.86044306
vt 0.03511214 0.58658630
vt 0.27993527 0.40791142
vt 0.17863189 0.12497067
vt 0.51829666 0.25518346
vt 0.51742822 0.25369930
vt 0.17870268 0.77475935
vt 0.52118808 0.25278163
vt 0.51269543 0.25466615
vt 0.51409489 0.25832582
vt 0.51991296 0.25870645
vt 0.14951035 0.12055486
vt 0.51820302 0.25980484
vt 0.14335598 0.12034082
vt 0.51191932 0.25999177
vt 0.13365696 0.21550632
vt 0.15237451 0.12076330
vt 0.52113342 0.25990134
vt 0.52530450 0.25874388
vt 0.50941908 0.25343812
vt 0.50719297 0.25514221
vt 0.50674874 0.25731695
vt 0.50431067 0.25420296
vt 0.50289214 0.25896084
vt 0.50548667 0.25923961
vt 0.50054610 0.25745189
vt 0.16785012 0.76711309
vt 0.50765181 0.25244224
vt 0.52130628 0.25368500
vt 0.96004999 0.36993670
vt 0.50978756 0.25853586
vt 0.13624595 0.21550632
vt 0.52746022 0.25745440
vt 0.52084631 0.25681049
vt 0.96351534 0.36993670
vt 0.02419257 0.62624443
vt 0.50607759 0.25368750
vt 0.13239270 0.12039810
vt 0.50061321 0.25956798
vt 0.50113946 0.25613451
vt 0.02475777 0.62995571
vt 0.50241172 0.25288546
vt 0.02570761 0.63110542
vt 0.50102347 0.25342858
vt 0.18222256 0.77686453
vt 0.64627832 0.39651895
vt 0.52538544 0.25269639
vt 0.49871236 0.25818318
vt 0.12943499 0.12123984
vt 0.49752221 0.26011842
vt 0.16077654 0.11986250
vt 0.52977020 0.25914878
vt 0.52933967 0.25646776
vt 0.53148854 0.25686157
vt 0.53051597 0.25461257
vt 0.02587444 0.60034448
vt 0.54854369 0.72373420
vt 0.53162956 0.25364137
vt 0.02498077 0.60144007
vt 0.18660843 0.77987909
vt 0.53040904 0.25258291
vt 0.53323013 0.25755787
vt 0.16853547 0.12004393
vt 0.53778714 0.25939488
vt 0.53751373 0.25827032
vt 0.53743917 0.25658357
vt 0.54069006 0.25634515
vt 0.54854369 0.73089814
vt 0.53909278 0.25416636
vt 0.54202795 0.25347376
vt 0.54421633 0.25483954
vt 0.54422766 0.25247526
vt 0.19642586 0.78824329
vt 0.67605180 0.73322785
vt 0.02749825 0.58806425
vt 0.58543688 0.86234176
vt 0.54558867 0.25338793
vt 0.54213631 0.25874704
vt 0.17270085 0.11917084
vt 0.54791003 0.72858107
vt 0.53660780 0.25406778
vt 0.54511833 0.25656652
vt 0.02555444 0.60254574
vt 0.52930295 0.25343812
vt 0.53422159 0.25635779
vt 0.49724865 0.25707924
vt 0.49265027 0.25675416
vt 0.49619463 0.25504816
vt 0.49380577 0.25471652
vt 0.49009481 0.25710255
vt 0.02686772 0.63784486
vt 0.42273167 0.78892404
vt 0.49502692 0.25346434
vt 0.48765412 0.25855303
vt 0.48742381 0.25589538
vt 0.48545387 0.25686854
vt 0.48270535 0.25840074
vt 0.11273286 0.12307847
vt 0.48034975 0.25952941
vt 0.81974113 0.94272155
vt 0.02895860 0.64564258
vt 0.48661557 0.25270283
vt 0.48898822 0.25508815
vt 0.11797132 0.12206161
vt 0.48579571 0.25910014
vt 0.02581490 0.63675988
vt 0.49642766 0.25296402
vt 0.52718133 0.25374931
vt 0.54742718 0.25884211
vt 0.18077204 0.11812890
vt 0.55003536 0.25971782
vt 0.55045176 0.25879693
vt 0.54916805 0.25737321
vt 0.67605180 0.74124432
vt 0.55147731 0.25564933
vt 0.54770929 0.25645888
vt 0.67565066 0.73785758
vt 0.54854035 0.25472534
vt 0.02828398 0.64159292
vt 0.49035269 0.25386524
vt 0.02500780 0.60383016
vt 0.52822971 0.25276148
vt 0.96407765 0.36723197
vt 0.52335042 0.25743479
vt 0.42944983 0.84335440
vt 0.52549028 0.25359094
vt 0.64757282 0.39651895
vt 0.95954692 0.36550629
vt 0.13998860 0.12063760
vt 0.50831932 0.26044303
vt 0.13622342 0.21297467
vt 0.02857688 0.58379847
vt 0.62750810 0.36550629
vt 0.67275739 0.73691213
vt 0.67485762 0.73596054
vt 0.54752135 0.25373888
vt 0.67475730 0.80791140
vt 0.00559313 0.14272153
vt 0.67328137 0.73856807
vt 0.67475730 0.80917722
vt 0.20178452 0.79281282
vt 0.67208993 0.73902905
vt 0.20133643 0.79108918
vt 0.62696880 0.36424053
vt 0.67161310 0.73724234
vt 0.00744337 0.14145571
vt 0.67432904 0.74030280
vt 0.20334075 0.79366624
vt 0.02779142 0.58068776
vt 0.67188203 0.74042553
vt 0.59766918 0.56550634
vt 0.51315528 0.54170907
f 3777/5400 1275/1722 1258/1693
f 1275/1722 1274/1721 1258/1693
f 3748/5342 3958/5711 3945/5693
f 3958/5711 3946/5695 3945/5693
f 3944/5692 3945/5693 3946/5695
f 3944/5692 3946/5695 3947/5696
f 4558/6673 3886/5606 3887/5608
f 4276/6216 4277/6217 4278/6219
f 4276/6216 4279/6221 4277/6217
f 4598/6749 4650/6834 4238/6151
f 2437/3523 3103/4535 3104/4537
f 2437/3523 3102/4534 3103/4535
f 4589/6728 4683/6889 4648/6828
f 2965/4317 2957/4302 2980/4345
f 2965/4317 2962/4309 2957/4302
f 2962/4309 2964/4312 2963/4311
f 2966/4318 2962/4309 2965/4317
f 2958/4303 2957/4302 2962/4309
f 2963/4311 2958/4303 2962/4309
f 2326/3335 2986/4355 2987/4356
f 2990/4360 3017/4399 2991/4362
f 2995/4368 3001/4377 2997/4370
f 2206/3140 4153/6010 2205/3139
f 2206/3140 4164/6030 4153/6010
f 3003/4379 2998/4371 3016/4397
f 4170/6044 2200/3130 2202/3134
f 3011/4389 3015/4394 3012/4390
f 3018/4400 3011/4389 3008/4385
f 3012/4390 3010/4388 3011/4389
f 3011/4389 3010/4388 3008/4385
f 4168/6039 2181/3105 4162/6026
f 2176/3097 2177/3099 4157/6016
f 2174/3095 2175/3096 2203/3135
f 2163/3077 2166/3081 4166/6036
f 2161/3075 4167/6037 2162/3076
f 2038/2917 2100/2986 2037/2916
f 1984/2829 1980/2823 4050/5856
f 1984/2829 1985/2831 1980/2823
f 2045/2925 2086/2971 2043/2922
f 1988/2835 1987/2833 1986/2832
f 1988/2835 1989/2837 1987/2833
f 2054/2935 2088/2973 2053/2934
f 2057/2938 2104/2990 2056/2937
f 2062/2944 2102/2988 2060/2941
f 2059/2940 2057/2938 2058/2939
f 2059/2940 2058/2939 2060/2941
f 2102/2988 2059/2940 2060/2941
f 2057/2938 2059/2940 2104/2990
f 2068/2951 2099/2985 2065/2948
f 2076/2960 2097/2983 2074/2958
f 2082/2966 2096/2982 2081/2965
f 2082/2966 2085/2970 2096/2982
f 2087/2972 2090/2975 2083/2967
f 2115/3001 2094/2979 2112/2998
f 2094/2979 2111/2997 2112/2998
f 3154/4619 3155/4621 1/2
f 2472/3575 2887/4171 2469/3571
f 2469/3571 2470/3572 2474/3577
f 2474/3577 2470/3572 2471/3573
f 2474/3577 2471/3573 1761/2453
f 2469/3571 2468/3570 2470/3572
f 2470/3572 2468/3570 2471/3573
f 2887/4171 2452/3548 2469/3571
f 2452/3548 2468/3570 2469/3571
f 2887/4170 2711/3895 2721/3909
f 2887/4171 2721/3910 2452/3548
f 2452/3548 2466/3567 2468/3570
f 2721/3910 2451/3547 2452/3548
f 2452/3548 2451/3547 2466/3567
f 2468/3570 2465/3566 2471/3573
f 2466/3567 2465/3566 2468/3570
f 2465/3566 2467/3568 2471/3573
f 2721/3910 2450/3546 2451/3547
f 2451/3547 2465/3566 2466/3567
f 2463/3564 2464/3565 2465/3566
f 2451/3547 2463/3564 2465/3566
f 2450/3546 2463/3564 2451/3547
f 2721/3909 2722/3911 2450/3545
f 2465/3566 2464/3565 2467/3568
f 2450/3546 2722/3912 2463/3564
f 2463/3564 1831/2573 2464/3565
f 2463/3564 2722/3912 2455/3552
f 2463/3564 2455/3552 1831/2573
f 2464/3565 1831/2573 2467/3568
f 2722/3912 2454/3551 2455/3552
f 2456/3553 2457/3554 1831/2573
f 2455/3552 2456/3553 1831/2573
f 2454/3551 2456/3553 2455/3552
f 2457/3554 1758/2449 1831/2573
f 2475/3578 2474/3577 1764/2457
f 2476/3580 2711/3896 2473/3576
f 2473/3576 2474/3577 2475/3578
f 2711/3896 2472/3575 2473/3576
f 2474/3577 1761/2453 1764/2457
f 2472/3575 2469/3571 2473/3576
f 2473/3576 2469/3571 2474/3577
f 2711/3896 2887/4171 2472/3575
f 2721/3909 2712/3897 2722/3911
f 2722/3911 2712/3897 2453/3549
f 2453/3550 2454/3551 2722/3912
f 2453/3549 2712/3897 2714/3899
f 2454/3551 2453/3550 2456/3553
f 2453/3549 2714/3899 2845/4085
f 2453/3550 2845/4086 2459/3557
f 2453/3550 2459/3557 2456/3553
f 2456/3553 2459/3557 2458/3555
f 2456/3553 2458/3555 2457/3554
f 2457/3554 2458/3555 1758/2449
f 2478/3582 2477/3581 2473/3576
f 2478/3582 1764/2457 1766/2460
f 2478/3582 2473/3576 2475/3578
f 2478/3582 2475/3578 1764/2457
f 2845/4086 2462/3563 2460/3558
f 2845/4086 2460/3558 2459/3557
f 2459/3557 2460/3558 2458/3555
f 2460/3558 2461/3559 2458/3555
f 3082/4494 2478/3582 1768/2463
f 2478/3582 1766/2460 1768/2463
f 2710/3893 2477/3581 3082/4494
f 2477/3581 2478/3582 3082/4494
f 2710/3893 2476/3580 2477/3581
f 2710/3892 2709/3891 2711/3895
f 2476/3579 2710/3892 2711/3895
f 2712/3897 2713/3898 2714/3899
f 2714/3899 2462/3561 2845/4085
f 2714/3899 2882/4160 2462/3561
f 2714/3899 2715/3900 2882/4160
f 2462/3563 883/1120 2460/3558
f 2882/4161 883/1119 2462/3562
f 2460/3558 1752/2441 2461/3559
f 2460/3558 883/1120 1752/2441
f 3079/4489 1768/2464 3078/4487
f 2720/3908 2710/3894 3080/4490
f 3080/4490 3082/4493 3079/4489
f 2710/3894 3082/4493 3080/4490
f 3079/4489 3082/4493 1768/2464
f 2710/3892 2572/3727 2709/3891
f 2709/3891 2572/3727 2569/3723
f 2569/3723 2568/3722 2709/3891
f 2709/3891 2568/3722 2712/3897
f 2712/3897 2568/3722 2713/3898
f 2714/3899 2713/3898 2715/3900
f 2715/3900 2717/3903 2882/4160
f 883/1120 879/1112 1752/2441
f 2882/4161 878/1110 883/1119
f 883/1119 878/1110 879/1111
f 879/1111 881/1115 1752/2440
f 3080/4490 3079/4489 3074/4481
f 3081/4492 3080/4490 3075/4482
f 3074/4481 3079/4489 3078/4487
f 3074/4481 3078/4487 1769/2466
f 3081/4492 2720/3908 3080/4490
f 2710/3892 2719/3906 2572/3727
f 2572/3727 2571/3726 2569/3723
f 2713/3898 2716/3901 2715/3900
f 2717/3904 878/1110 2882/4161
f 879/1111 878/1110 877/1108
f 877/1108 876/1107 879/1111
f 879/1111 876/1107 881/1115
f 2717/3903 2718/3905 878/1109
f 876/1107 880/1113 881/1115
f 3075/4482 2723/3914 3081/4492
f 3081/4491 2723/3913 2720/3907
f 2720/3907 2723/3913 2719/3906
f 2720/3907 2719/3906 2710/3892
f 1231/1654 1236/1663 1233/1658
f 2569/3723 2571/3726 2570/3724
f 2567/3721 2566/3720 2568/3722
f 2568/3722 2566/3720 2713/3898
f 2713/3898 2566/3720 2716/3901
f 2715/3900 2716/3901 2708/3890
f 2715/3900 2708/3890 2717/3903
f 2718/3905 875/1105 878/1109
f 878/1110 875/1106 877/1108
f 2723/3914 3075/4482 3076/4484
f 3076/4484 3075/4482 3073/4480
f 3074/4481 1769/2466 3077/4485
f 2723/3913 2725/3917 2719/3906
f 2599/3765 2600/3766 2719/3906
f 1372/1877 1352/1842 3646/5171
f 2719/3906 2600/3766 2572/3727
f 2572/3727 2600/3766 2618/3790
f 2572/3727 2618/3790 2601/3767
f 3645/5168 3378/4861 3380/4864
f 2566/3720 1034/1357 2716/3901
f 2716/3901 1032/1353 2708/3890
f 2679/3859 875/1105 2718/3905
f 877/1108 875/1106 876/1107
f 876/1107 875/1106 874/1104
f 876/1107 874/1104 880/1113
f 880/1113 874/1104 895/1137
f 3049/4450 3056/4459 3077/4485
f 3076/4484 3073/4480 3055/4458
f 3073/4480 3074/4481 3056/4459
f 3056/4459 3074/4481 3077/4485
f 2725/3917 2598/3764 2719/3906
f 1350/1839 1347/1834 1351/1841
f 3646/5170 3376/4859 1379/1887
f 1379/1887 3376/4859 1380/1890
f 1380/1890 3376/4859 3377/4860
f 1380/1890 3377/4860 3645/5168
f 3377/4860 3378/4861 3645/5168
f 3380/4864 3378/4861 3379/4862
f 2717/3903 2708/3890 2718/3905
f 2718/3905 2708/3890 2679/3859
f 2679/3859 2680/3860 875/1105
f 875/1106 873/1103 874/1104
f 874/1104 1747/2434 895/1137
f 2680/3861 873/1103 875/1106
f 2724/3916 3076/4484 3055/4458
f 3076/4483 2724/3915 2723/3913
f 529/569 1120/1488 1121/1489
f 1121/1489 1120/1488 1858/2627
f 1348/1836 1346/1833 1347/1834
f 1351/1840 3376/4859 3646/5170
f 3376/4859 3290/4759 3377/4860
f 3706/5260 3379/4862 3669/5208
f 1477/2036 1476/2035 579/661
f 2708/3890 1028/1345 2679/3859
f 2680/3860 2679/3859 2678/3858
f 873/1103 1747/2434 874/1104
f 872/1102 871/1100 1747/2434
f 873/1103 872/1102 1747/2434
f 3052/4455 3055/4458 3048/4449
f 3048/4449 3055/4458 3056/4459
f 3048/4449 3056/4459 3049/4450
f 2724/3916 3055/4458 3052/4455
f 2724/3915 2725/3917 2723/3913
f 581/665 580/663 1116/1482
f 2725/3917 2597/3763 2596/3762
f 2725/3917 2596/3762 2598/3764
f 2598/3764 2596/3762 1344/1829
f 1351/1840 1345/1831 3376/4859
f 1031/1351 1030/1349 2708/3890
f 1030/1349 1029/1347 2708/3890
f 1475/2034 1474/2033 598/700
f 1028/1345 1018/1326 2679/3859
f 2681/3862 872/1101 2680/3860
f 2680/3860 2678/3858 2681/3862
f 2680/3861 872/1102 873/1103
f 871/1100 1744/2430 1747/2434
f 1747/2433 1744/2429 1745/2431
f 3053/4456 3052/4455 3051/4454
f 3048/4449 1772/2471 3050/4452
f 2726/3919 3052/4455 3053/4456
f 3052/4455 3048/4449 3051/4454
f 2726/3919 2724/3916 3052/4455
f 2724/3915 2610/3781 2725/3917
f 2605/3774 2603/3771 2725/3917
f 2725/3917 2603/3771 2597/3763
f 2597/3763 2603/3771 2602/3769
f 1345/1831 3375/4858 3376/4859
f 3287/4756 3378/4861 3377/4860
f 3379/4862 3381/4867 3669/5208
f 3669/5208 3381/4867 3670/5210
f 2679/3859 1018/1326 2678/3858
f 872/1101 2681/3862 2938/4270
f 872/1102 2938/4271 871/1100
f 871/1100 2938/4271 864/1091
f 3048/4449 3050/4452 3051/4454
f 2726/3918 2610/3781 2724/3915
f 2610/3781 2609/3780 2725/3917
f 2607/3777 2605/3774 2725/3917
f 3656/5190 3375/4858 1345/1831
f 3375/4858 3291/4760 3376/4859
f 3670/5210 3381/4867 1008/1313
f 2676/3856 2938/4270 2681/3862
f 2681/3862 2678/3858 2676/3856
f 2938/4270 2676/3856 870/1098
f 864/1091 1744/2430 871/1100
f 2938/4271 870/1099 864/1091
f 2727/3921 3053/4456 3047/4448
f 3047/4448 3053/4456 3051/4454
f 2727/3921 2726/3919 3053/4456
f 2726/3918 2727/3920 2612/3783
f 2726/3918 2612/3783 2610/3781
f 1113/1478 599/702 1110/1473
f 3665/5203 3375/4858 1342/1826
f 1342/1826 3375/4858 3656/5190
f 3376/4859 3291/4760 3289/4758
f 3376/4859 3289/4758 3290/4759
f 3289/4758 3288/4757 3290/4759
f 1008/1313 3381/4867 3382/4868
f 1008/1313 3382/4868 1006/1310
f 1018/1326 1027/1343 2678/3858
f 864/1091 866/1093 1744/2430
f 870/1099 865/1092 864/1091
f 864/1091 865/1092 866/1093
f 1744/2430 866/1093 882/1117
f 2728/3923 2727/3921 3047/4448
f 2610/3781 2612/3783 2611/3782
f 1340/1823 3375/4858 3665/5203
f 3290/4759 3288/4757 3377/4860
f 3381/4867 3379/4862 3286/4755
f 2678/3858 1027/1343 2677/3857
f 2678/3858 2677/3857 2676/3856
f 2895/4184 870/1098 2676/3856
f 870/1099 2895/4185 865/1092
f 3047/4448 2730/3925 2728/3923
f 3054/4457 3057/4460 3058/4462
f 3058/4462 3057/4460 1775/2477
f 3286/4755 3284/4753 3381/4867
f 3381/4867 3284/4753 3382/4868
f 2895/4184 2676/3856 2673/3853
f 865/1092 867/1094 866/1093
f 866/1093 868/1095 882/1117
f 2908/4211 867/1094 865/1092
f 2895/4185 2908/4211 865/1092
f 867/1094 868/1095 866/1093
f 2730/3925 3047/4448 3046/4447
f 3058/4462 3047/4448 3054/4457
f 3058/4462 1775/2477 3083/4495
f 2727/3920 2728/3922 2612/3783
f 620/745 1077/1423 1076/1422
f 3743/5331 1340/1823 1337/1819
f 1340/1823 3293/4762 3375/4858
f 3378/4861 3286/4755 3379/4862
f 3383/4870 994/1294 1001/1303
f 1003/1306 3383/4870 1001/1303
f 1027/1343 1020/1329 2677/3857
f 2895/4184 2673/3853 2908/4210
f 2730/3926 2729/3924 2728/3922
f 2728/3922 2729/3924 2612/3783
f 620/745 1080/1428 1079/1427
f 620/745 1079/1427 1077/1423
f 1077/1423 1079/1427 1774/2476
f 3288/4757 3287/4756 3377/4860
f 3287/4756 3241/4710 3378/4861
f 3241/4710 3286/4755 3378/4861
f 3284/4753 3383/4870 3382/4868
f 3382/4868 3383/4870 1003/1306
f 1020/1329 2856/4109 2677/3857
f 2677/3857 2856/4109 2674/3854
f 2677/3857 2674/3854 2676/3856
f 2676/3856 2674/3854 2673/3853
f 2937/4269 869/1097 868/1095
f 867/1094 2937/4269 868/1095
f 3045/4446 3044/4445 3046/4447
f 3045/4446 3046/4447 3059/4463
f 3046/4447 3058/4462 3059/4463
f 2730/3926 2731/3927 2729/3924
f 1081/1430 1082/1431 1080/1428
f 3756/5359 1353/1843 1355/1847
f 2616/3788 2615/3787 2612/3783
f 3744/5333 1353/1843 3743/5331
f 3743/5331 1353/1843 1340/1823
f 3293/4762 3291/4760 3375/4858
f 2908/4211 2937/4269 867/1094
f 2908/4210 2673/3853 2937/4268
f 868/1095 869/1097 885/1123
f 3059/4463 3058/4462 1777/2481
f 3058/4462 3083/4495 1777/2481
f 3042/4442 2730/3925 3044/4445
f 2729/3924 2617/3789 2616/3788
f 2616/3788 2617/3789 1354/1845
f 2856/4109 1025/1339 2674/3854
f 2673/3853 2672/3852 2937/4268
f 2937/4269 884/1122 869/1097
f 869/1097 1740/2423 885/1123
f 3043/4444 3045/4446 3041/4441
f 3045/4446 3059/4463 3041/4441
f 3042/4442 3044/4445 3043/4444
f 2619/3791 2617/3789 2729/3924
f 1371/1875 3756/5359 1360/1854
f 1353/1843 3293/4762 1340/1823
f 3383/4870 3384/4872 990/1289
f 990/1289 3384/4872 3627/5143
f 2674/3854 2671/3851 2673/3853
f 2671/3851 2672/3852 2673/3853
f 2672/3852 884/1121 2937/4268
f 2672/3852 2669/3848 884/1121
f 884/1122 1740/2423 869/1097
f 3041/4441 3059/4463 3060/4464
f 3060/4464 3059/4463 1777/2481
f 3060/4464 1777/2481 1778/2483
f 3042/4442 3043/4444 3041/4441
f 3042/4443 2490/3598 2730/3926
f 2730/3926 2490/3598 2731/3927
f 1362/1857 2619/3791 2731/3927
f 3756/5359 1371/1875 1353/1843
f 3288/4757 3239/4708 3287/4756
f 3284/4753 3283/4752 3383/4870
f 3627/5143 3384/4872 3626/5141
f 1025/1339 1023/1335 2674/3854
f 884/1122 886/1125 1740/2423
f 1740/2423 886/1125 887/1126
f 1740/2423 887/1126 894/1135
f 1361/1856 1365/1864 1364/1862
f 1362/1859 1365/1864 1361/1856
f 1364/1861 3372/4853 1371/1875
f 3383/4870 3283/4752 3384/4872
f 3384/4872 3386/4874 3626/5141
f 2674/3854 1023/1335 2671/3851
f 2669/3849 890/1129 884/1122
f 884/1122 890/1129 886/1125
f 3061/4465 3060/4464 3069/4475
f 3039/4438 3041/4441 3040/4440
f 3061/4465 3040/4440 3041/4441
f 3060/4464 1778/2483 3069/4475
f 2490/3598 2492/3602 2731/3927
f 2731/3927 2492/3602 2870/4136
f 1366/1865 3372/4853 1364/1861
f 1371/1875 3295/4764 1353/1843
f 3289/4758 3504/5010 3288/4757
f 2671/3851 1023/1335 1026/1341
f 2671/3851 2669/3848 2672/3852
f 2669/3849 2914/4222 890/1129
f 3038/4437 3039/4438 3040/4440
f 1094/1447 1102/1458 1130/1505
f 3373/4854 3372/4853 1366/1865
f 1368/1868 3373/4854 1366/1865
f 3287/4756 3239/4708 3241/4710
f 3386/4874 3385/4873 982/1277
f 3385/4873 983/1279 982/1277
f 2671/3851 2670/3850 2669/3848
f 887/1126 888/1127 894/1135
f 888/1127 893/1133 894/1135
f 3039/4439 2488/3595 3042/4443
f 3042/4443 2488/3595 2490/3598
f 2490/3599 2491/3600 2492/3603
f 3372/4853 3295/4764 1371/1875
f 1353/1843 3295/4764 3293/4762
f 3283/4752 3282/4751 3384/4872
f 3384/4872 3385/4873 3386/4874
f 3385/4873 3387/4876 983/1279
f 1026/1341 2670/3850 2671/3851
f 2669/3848 911/1163 2914/4221
f 2914/4222 889/1128 890/1129
f 890/1129 889/1128 886/1125
f 886/1125 888/1127 887/1126
f 2918/4229 3040/4440 3062/4466
f 3061/4465 3069/4475 3063/4468
f 2918/4229 3038/4437 3040/4440
f 1370/1873 2487/3593 2529/3658
f 618/741 1099/1454 1098/1453
f 3291/4760 3292/4761 3289/4758
f 3289/4758 3292/4761 3504/5010
f 3504/5010 3239/4708 3288/4757
f 983/1279 3387/4876 985/1282
f 2670/3850 2668/3847 2669/3848
f 2669/3848 2668/3847 911/1163
f 886/1125 889/1128 888/1127
f 3062/4466 3061/4465 3063/4468
f 3039/4439 2480/3585 2488/3595
f 2529/3658 3374/4857 1370/1873
f 2488/3596 2486/3592 2487/3593
f 1370/1872 3374/4856 3373/4854
f 3373/4854 3374/4856 3371/4852
f 3371/4852 3295/4764 3372/4853
f 3373/4854 3371/4852 3372/4853
f 3293/4762 3294/4763 3291/4760
f 995/1296 1015/1321 2670/3850
f 2914/4222 911/1164 889/1128
f 889/1128 911/1164 901/1146
f 889/1128 901/1146 891/1130
f 889/1128 891/1130 888/1127
f 3062/4466 3084/4498 2918/4229
f 3038/4436 2480/3585 3039/4439
f 1107/1468 1108/1470 1834/2577
f 1100/1456 1101/1457 1099/1454
f 2488/3596 2480/3586 2486/3592
f 2486/3592 2480/3586 2485/3591
f 3296/4765 3294/4763 3293/4762
f 3241/4710 3285/4754 3286/4755
f 3286/4755 3285/4754 3284/4753
f 3284/4753 3285/4754 3283/4752
f 3387/4876 987/1285 985/1282
f 891/1130 1736/2418 888/1127
f 888/1127 1736/2418 893/1133
f 3084/4498 3062/4466 3065/4470
f 3065/4470 3062/4466 3064/4469
f 3064/4469 3062/4466 3063/4468
f 3084/4497 3038/4436 2918/4228
f 3038/4436 2494/3606 2480/3585
f 1100/1456 1214/1627 1101/1457
f 3374/4856 2528/3656 3371/4852
f 3295/4764 3296/4765 3293/4762
f 987/1285 3387/4876 3649/5176
f 3649/5177 3650/5179 998/1300
f 911/1163 2668/3847 2667/3846
f 2894/4183 901/1146 911/1164
f 911/1163 2667/3846 2894/4182
f 2894/4183 891/1130 901/1146
f 3084/4497 2732/3928 3038/4436
f 3387/4876 3650/5178 3649/5176
f 2670/3850 1022/1333 2668/3847
f 2894/4183 2897/4189 891/1130
f 891/1130 892/1131 1736/2418
f 3064/4469 1780/2487 3066/4471
f 2869/4134 2732/3928 3084/4497
f 2732/3928 2494/3606 3038/4436
f 1214/1626 1212/1623 1105/1463
f 2494/3607 2481/3587 2480/3586
f 2528/3656 2527/3654 3371/4852
f 3371/4852 3297/4766 3295/4764
f 3294/4763 3292/4761 3291/4760
f 3239/4708 3240/4709 3241/4710
f 3384/4872 3251/4720 3385/4873
f 2894/4182 2667/3846 2897/4188
f 2897/4189 897/1141 891/1130
f 892/1131 891/1130 896/1139
f 2494/3607 2489/3597 2481/3587
f 2481/3587 2489/3597 2484/3590
f 2527/3654 2526/3652 3371/4852
f 3384/4872 3282/4751 3251/4720
f 3385/4873 3251/4720 3387/4876
f 3068/4474 2869/4135 3065/4470
f 3371/4852 3299/4768 3297/4766
f 3283/4752 3249/4718 3282/4751
f 3387/4876 3251/4720 3388/4877
f 3650/5178 3387/4876 3388/4877
f 2897/4188 2667/3846 2665/3844
f 2665/3844 2921/4234 2897/4188
f 2897/4189 2921/4235 897/1141
f 897/1141 896/1139 891/1130
f 2855/4107 2732/3928 2869/4134
f 2732/3928 2511/3630 2494/3606
f 2511/3631 2514/3634 2494/3607
f 2526/3652 2522/3646 3371/4852
f 3242/4711 3285/4754 3241/4710
f 2668/3847 2666/3845 2667/3846
f 2921/4235 898/1142 897/1141
f 3071/4478 2855/4108 3068/4474
f 3070/4477 3066/4471 1783/2492
f 2522/3646 3299/4768 3371/4852
f 3295/4764 3297/4766 3296/4765
f 2668/3847 2859/4115 2666/3845
f 898/1142 1733/2413 897/1141
f 897/1141 1733/2413 896/1139
f 3071/4478 3072/4479 2855/4108
f 3070/4477 1783/2492 1786/2498
f 1206/1616 1208/1618 1209/1619
f 1209/1619 1208/1618 1782/2491
f 2514/3634 2511/3631 2513/3633
f 3370/4850 3299/4768 2522/3646
f 3504/5010 3238/4707 3239/4708
f 3239/4708 3238/4707 3240/4709
f 3282/4751 3249/4718 3251/4720
f 2667/3846 2666/3845 2665/3844
f 2921/4234 2665/3844 904/1150
f 2921/4235 904/1151 898/1142
f 3072/4479 3067/4473 3070/4477
f 2732/3928 2733/3929 2511/3630
f 1208/1618 1211/1622 1782/2491
f 2510/3629 2509/3628 2511/3631
f 2511/3631 2509/3628 2512/3632
f 3296/4765 3502/5008 3294/4763
f 3285/4754 3244/4713 3249/4718
f 3285/4754 3249/4718 3283/4752
f 898/1142 1730/2407 1733/2413
f 3072/4479 3094/4515 2855/4108
f 2855/4107 2734/3930 2732/3928
f 2733/3929 2508/3626 2511/3630
f 1203/1612 1205/1614 1208/1618
f 1208/1618 1205/1614 1211/1622
f 2512/3632 2516/3636 3674/5217
f 2521/3644 2520/3642 3370/4850
f 4515/6611 4514/6610 2954/4295
f 2954/4295 4516/6614 4072/5886
f 2954/4295 4514/6610 4516/6614
f 2954/4296 2136/3036 2137/3038
f 4516/6615 4071/5885 4072/5887
f 2954/4296 4072/5888 2136/3036
f 4071/5885 4075/5894 2136/3035
f 4072/5887 4071/5885 2136/3035
f 3504/5010 3292/4761 3238/4707
f 3251/4720 3280/4749 3388/4877
f 3280/4749 3389/4879 3877/5587
f 3388/4877 3280/4749 3877/5587
f 3877/5587 3389/4879 3876/5585
f 2859/4115 2664/3843 2666/3845
f 2666/3845 2664/3843 2665/3844
f 3086/4500 1786/2498 1789/2504
f 3095/4517 2855/4108 3094/4515
f 3095/4516 2734/3930 2855/4107
f 2732/3928 2734/3930 2733/3929
f 1203/1612 1204/1613 1205/1614
f 1205/1614 1204/1613 1784/2495
f 2520/3642 3674/5216 3370/4850
f 4515/6612 2137/3038 2955/4298
f 4516/6614 4514/6610 4513/6608
f 904/1151 899/1143 898/1142
f 898/1142 900/1144 1730/2407
f 898/1142 899/1143 900/1144
f 3094/4515 3085/4499 3095/4517
f 1203/1612 1202/1611 1201/1609
f 2506/3624 2505/3623 2507/3625
f 2507/3625 2505/3623 2516/3636
f 3674/5216 3369/4848 3370/4850
f 3369/4848 3299/4768 3370/4850
f 4515/6611 3148/4605 4514/6610
f 4513/6609 4070/5884 4071/5885
f 4516/6615 4513/6609 4071/5885
f 4070/5884 4076/5896 4075/5894
f 4071/5885 4070/5884 4075/5894
f 3242/4711 3244/4713 3285/4754
f 904/1150 2665/3844 905/1152
f 904/1151 905/1153 899/1143
f 1197/1605 1200/1608 1201/1609
f 1202/1611 1197/1605 1201/1609
f 1201/1609 1200/1608 1785/2497
f 2516/3636 2503/3620 2517/3638
f 2516/3636 2517/3638 2518/3640
f 3875/5583 3389/4880 3872/5577
f 3086/4500 1789/2504 3088/4504
f 1196/1603 1199/1607 1787/2501
f 2503/3620 2501/3617 2517/3638
f 2733/3929 2502/3618 2504/3621
f 2504/3622 2502/3619 2503/3620
f 3299/4768 3300/4769 3297/4766
f 3148/4605 4512/6606 4514/6610
f 3297/4766 3298/4767 3296/4765
f 4069/5883 4068/5882 4070/5884
f 4513/6609 4069/5883 4070/5884
f 4068/5882 2126/3015 4076/5896
f 4070/5884 4068/5882 4076/5896
f 3502/5008 3503/5009 3294/4763
f 3292/4761 3237/4706 3238/4707
f 3240/4709 3238/4707 3242/4711
f 3389/4879 3280/4749 3390/4882
f 3867/5570 2926/4245 2664/3843
f 2665/3844 2663/3842 905/1152
f 905/1153 903/1149 899/1143
f 899/1143 903/1149 902/1147
f 899/1143 902/1147 900/1144
f 3095/4517 3085/4499 3089/4506
f 2734/3930 2735/3931 2733/3929
f 1197/1605 1195/1602 1196/1603
f 1196/1603 1198/1606 1199/1607
f 2501/3617 3368/4847 2517/3638
f 2733/3929 2867/4130 2502/3618
f 2502/3619 2867/4131 2501/3617
f 2518/3639 2517/3637 3369/4848
f 4514/6610 4512/6606 4513/6608
f 4513/6609 4511/6605 4069/5883
f 4511/6605 4067/5881 4068/5882
f 4069/5883 4511/6605 4068/5882
f 4068/5882 2133/3029 2126/3015
f 4068/5882 4067/5881 2133/3029
f 3294/4763 3503/5009 3292/4761
f 3244/4713 3246/4715 3249/4718
f 3251/4720 3281/4750 3280/4749
f 3389/4881 3390/4883 3872/5578
f 2665/3844 2664/3843 2663/3842
f 905/1152 2663/3842 685/836
f 905/1153 685/838 903/1149
f 3089/4506 3090/4508 3095/4517
f 3095/4516 3090/4507 2734/3930
f 2733/3929 2853/4103 2867/4130
f 2853/4104 2500/3616 2501/3617
f 2867/4131 2853/4104 2501/3617
f 4512/6606 4511/6604 4513/6608
f 3296/4765 3298/4767 3502/5008
f 3252/4721 3281/4750 3251/4720
f 2664/3843 3859/5558 2662/3841
f 2664/3843 2662/3841 2663/3842
f 3090/4507 3091/4509 2734/3930
f 1190/1594 1193/1599 1194/1600
f 1195/1602 1190/1594 1194/1600
f 1194/1600 1193/1599 1788/2503
f 2735/3931 2499/3614 2733/3929
f 2733/3929 2499/3614 2853/4103
f 2853/4104 2499/3615 2500/3616
f 3369/4848 2517/3637 3299/4768
f 3300/4769 3500/5006 3297/4766
f 4512/6606 4510/6602 4511/6604
f 4510/6602 4509/6601 4511/6604
f 4066/5880 4058/5867 4067/5881
f 4511/6605 4066/5880 4067/5881
f 4058/5867 4077/5898 2133/3029
f 4067/5881 4058/5867 2133/3029
f 2498/3613 2524/3649 3368/4847
f 2524/3649 2536/3672 3368/4847
f 2735/3931 2497/3611 2499/3614
f 2499/3615 2497/3612 2498/3613
f 2499/3615 2498/3613 2500/3616
f 3299/4768 2517/3637 3368/4846
f 3297/4766 3500/5006 3298/4767
f 4066/5880 4052/5859 4058/5867
f 4058/5867 4057/5866 4077/5898
f 4058/5867 4052/5859 4057/5866
f 3503/5009 3237/4706 3292/4761
f 3245/4714 3246/4715 3244/4713
f 3280/4749 3873/5579 3390/4882
f 2663/3842 2899/4192 685/836
f 685/838 684/835 903/1149
f 906/1154 1642/2261 903/1149
f 903/1149 1642/2261 902/1147
f 738/905 3091/4510 3090/4508
f 736/902 741/912 1792/2511
f 3091/4509 2735/3931 2734/3930
f 1190/1594 1187/1591 1188/1592
f 1188/1592 1189/1593 1191/1596
f 2498/3613 2496/3610 2524/3649
f 2735/3931 2495/3608 2497/3611
f 2497/3612 2495/3609 2496/3610
f 2497/3612 2496/3610 2498/3613
f 4511/6604 4509/6601 4066/5879
f 4066/5879 4509/6601 4074/5891
f 4066/5880 4053/5860 4052/5859
f 4052/5859 2134/3031 4057/5866
f 4052/5859 4053/5860 2134/3031
f 3243/4712 3245/4714 3244/4713
f 3242/4711 3243/4712 3244/4713
f 685/837 2899/4193 684/834
f 903/1149 684/835 906/1154
f 3092/4512 738/906 736/902
f 2496/3610 2585/3747 2525/3651
f 2496/3610 2525/3651 2524/3649
f 4066/5880 4074/5892 4053/5860
f 3280/4749 3279/4748 3873/5579
f 3859/5558 2884/4164 2662/3841
f 2663/3842 2660/3839 2899/4192
f 3091/4509 2583/3745 2735/3931
f 2495/3609 2585/3747 2496/3610
f 2525/3650 3303/4772 2536/3671
f 3299/4768 3302/4771 3300/4769
f 3143/4596 3145/4599 4509/6601
f 3298/4767 3501/5007 3502/5008
f 4509/6601 4073/5889 4074/5891
f 4073/5890 4054/5861 4053/5860
f 4074/5892 4073/5890 4053/5860
f 4054/5861 2127/3017 2134/3031
f 4053/5860 4054/5861 2134/3031
f 3502/5008 3551/5059 3503/5009
f 3238/4707 3236/4705 3242/4711
f 3242/4711 3236/4705 3243/4712
f 3246/4715 3250/4719 3249/4718
f 3280/4749 3281/4750 3279/4748
f 2662/3841 2660/3839 2663/3842
f 1162/1559 1164/1561 1189/1593
f 1189/1593 1164/1561 1790/2507
f 2525/3651 2530/3660 3303/4773
f 2583/3745 2584/3746 2735/3931
f 2735/3931 2584/3746 2495/3608
f 2495/3608 2584/3746 2585/3748
f 3368/4846 3301/4770 3299/4768
f 3299/4768 3301/4770 3302/4771
f 3145/4599 3146/4601 4509/6601
f 4509/6601 3146/4601 4073/5889
f 4073/5890 4055/5862 4054/5861
f 4054/5861 4055/5862 2127/3017
f 3249/4718 3250/4719 3251/4720
f 3279/4748 3874/5581 3873/5579
f 2899/4193 908/1157 684/834
f 906/1154 907/1155 1642/2261
f 733/898 3093/4513 3092/4511
f 734/900 1792/2511 737/903
f 1164/1561 1791/2509 1790/2507
f 3303/4773 2530/3660 2531/3662
f 3303/4772 2531/3661 3304/4774
f 3368/4846 2536/3671 3301/4770
f 3146/4601 4508/6599 4073/5889
f 4073/5890 4508/6600 4055/5862
f 4055/5862 4056/5864 2127/3017
f 3501/5007 3551/5059 3502/5008
f 3251/4720 3250/4719 3252/4721
f 2884/4164 3864/5565 2662/3841
f 2662/3841 3864/5565 2661/3840
f 2662/3841 2661/3840 2660/3839
f 3091/4509 2581/3743 2583/3745
f 1165/1562 1163/1560 1162/1559
f 1162/1559 1163/1560 1164/1561
f 2530/3660 2532/3664 2531/3662
f 3303/4772 3304/4774 2536/3671
f 2138/3040 3147/4603 3146/4602
f 3147/4603 4109/5946 3146/4602
f 3146/4601 4109/5945 4508/6599
f 4508/6600 4064/5876 4059/5868
f 4508/6600 4059/5868 4055/5862
f 4059/5868 2129/3021 4056/5864
f 4055/5862 4059/5868 4056/5864
f 3503/5009 3235/4704 3237/4706
f 3243/4712 3406/4910 3245/4714
f 906/1154 909/1159 907/1155
f 684/835 908/1158 906/1154
f 2737/3933 2736/3932 3093/4514
f 3093/4514 2736/3932 3091/4509
f 2736/3932 2581/3743 3091/4509
f 1181/1583 1166/1563 1165/1562
f 1166/1563 1167/1564 1163/1560
f 1165/1562 1166/1563 1163/1560
f 2532/3664 2533/3666 2531/3662
f 2583/3745 2532/3663 2530/3659
f 3237/4706 3236/4705 3238/4707
f 3279/4748 3391/4884 3874/5581
f 3874/5581 3391/4884 3703/5256
f 2899/4193 2907/4209 908/1157
f 2899/4192 2660/3839 2907/4208
f 909/1159 1640/2257 907/1155
f 1166/1563 1168/1565 1167/1564
f 1167/1564 1168/1565 1217/1633
f 1167/1564 1217/1633 1791/2509
f 2581/3743 2582/3744 2583/3745
f 2583/3745 2582/3744 2534/3667
f 2583/3745 2534/3667 2532/3663
f 2533/3665 3366/4843 2531/3661
f 2531/3661 3366/4843 3304/4774
f 4109/5945 4108/5943 4508/6599
f 4508/6599 4507/6597 4064/5875
f 4507/6598 4060/5869 4059/5868
f 4064/5876 4507/6598 4059/5868
f 4060/5869 4061/5871 2129/3021
f 4059/5868 4060/5869 2129/3021
f 3551/5059 3505/5011 3503/5009
f 3245/4714 3406/4910 3246/4715
f 2661/3840 2659/3838 2660/3839
f 2907/4209 909/1160 908/1157
f 908/1158 909/1159 906/1154
f 3096/4518 2737/3934 733/898
f 2534/3668 3760/5369 2533/3666
f 1166/1563 1169/1567 1168/1565
f 3760/5368 3366/4843 2533/3665
f 2536/3671 3304/4774 3301/4770
f 3302/4771 3301/4770 3306/4776
f 3300/4769 3302/4771 3500/5006
f 3500/5006 3501/5007 3298/4767
f 4108/5943 4507/6597 4508/6599
f 4507/6598 2135/3033 4060/5869
f 4060/5869 2135/3033 4061/5871
f 2660/3839 2659/3838 2658/3837
f 2660/3839 2658/3837 2907/4208
f 1640/2257 909/1159 910/1161
f 2534/3668 2535/3670 3760/5369
f 1169/1567 1170/1568 1168/1565
f 1168/1565 1170/1568 1184/1586
f 1168/1565 1184/1586 1217/1633
f 4108/5943 4506/6595 4507/6597
f 4507/6598 4505/6594 4062/5872
f 4507/6598 4062/5872 2135/3033
f 3551/5059 3501/5007 3505/5011
f 3279/4748 3392/4886 3391/4884
f 3391/4884 3392/4886 3393/4887
f 2907/4209 683/833 909/1160
f 1169/1567 1171/1569 1170/1568
f 4506/6595 4497/6573 4505/6593
f 4507/6597 4506/6595 4505/6593
f 4062/5872 4063/5874 2135/3033
f 3503/5009 3505/5011 3235/4704
f 683/833 915/1172 909/1160
f 915/1171 912/1165 909/1159
f 909/1159 912/1165 910/1161
f 1217/1633 1183/1585 1192/1598
f 2535/3670 2579/3741 2537/3674
f 2535/3670 2537/3674 3760/5369
f 1169/1567 1175/1574 1171/1569
f 2580/3742 2579/3740 2535/3669
f 2581/3743 2580/3742 2535/3669
f 3760/5368 2537/3673 3366/4843
f 3302/4771 3499/5005 3500/5006
f 4497/6573 4065/5877 4505/6593
f 4505/6594 4065/5878 4062/5872
f 4065/5878 2128/3019 4063/5874
f 4062/5872 4065/5878 4063/5874
f 3236/4705 3234/4703 3243/4712
f 3250/4719 3248/4717 3252/4721
f 3281/4750 3256/4725 3279/4748
f 3393/4887 3392/4886 3394/4890
f 2659/3838 2657/3836 2658/3837
f 2658/3837 683/832 2907/4208
f 912/1165 913/1167 910/1161
f 3097/4520 740/909 2737/3933
f 2737/3933 2580/3742 2736/3932
f 1171/1569 1172/1570 1170/1568
f 1170/1568 1172/1570 1183/1585
f 2736/3932 2580/3742 2581/3743
f 2537/3673 3367/4844 3366/4843
f 4065/5878 4498/6576 2128/3019
f 3237/4706 3235/4704 3236/4705
f 3406/4910 3247/4716 3246/4715
f 3252/4721 3253/4722 3281/4750
f 3394/4890 3392/4886 929/1193
f 3394/4890 929/1193 931/1196
f 2658/3837 2656/3834 683/832
f 1175/1574 1173/1571 1171/1569
f 1171/1569 1173/1571 1172/1570
f 1172/1570 1192/1598 1183/1585
f 2579/3741 2575/3733 2537/3674
f 2580/3742 2578/3738 2579/3740
f 3500/5006 3499/5005 3501/5007
f 4102/5934 4517/6616 4497/6573
f 4498/6576 2125/3013 2128/3019
f 3235/4704 3234/4703 3236/4705
f 3246/4715 3248/4717 3250/4719
f 683/833 682/830 915/1172
f 682/831 914/1170 915/1171
f 915/1171 914/1170 912/1165
f 912/1165 914/1170 913/1167
f 2575/3733 3367/4845 2537/3674
f 1173/1571 1174/1572 1172/1570
f 1172/1570 1174/1572 1192/1598
f 3366/4843 3309/4779 3304/4774
f 3309/4779 3301/4770 3304/4774
f 3501/5007 3550/5058 3505/5011
f 4498/6576 2412/3479 2125/3013
f 4498/6577 2411/3476 2412/3478
f 3281/4750 3253/4722 3256/4725
f 2659/3838 2873/4142 2657/3836
f 696/853 740/910 3097/4521
f 740/909 2576/3734 2737/3933
f 2737/3933 2576/3734 2580/3742
f 1175/1574 1176/1576 1173/1571
f 1173/1571 1177/1577 1180/1581
f 2580/3742 2576/3734 2578/3738
f 2576/3735 2573/3728 2578/3739
f 2578/3738 2573/3729 2575/3732
f 2575/3733 2574/3731 3367/4845
f 3367/4844 3309/4779 3366/4843
f 4065/5877 4497/6573 4495/6570
f 4065/5877 4495/6570 4498/6575
f 4498/6575 4495/6570 2411/3475
f 2411/3476 2400/3453 2412/3478
f 3550/5058 3506/5012 3505/5011
f 2658/3837 2657/3836 2656/3834
f 683/833 2901/4197 682/830
f 913/1167 914/1170 916/1174
f 916/1173 1624/2230 913/1166
f 1177/1577 1178/1578 1180/1581
f 2538/3675 3307/4777 3367/4844
f 2573/3729 2574/3730 2575/3732
f 3367/4844 3307/4777 3309/4779
f 3302/4771 3306/4776 3499/5005
f 4497/6573 4496/6571 4494/6569
f 4497/6573 4494/6569 4495/6570
f 4495/6570 4493/6567 2411/3475
f 2411/3476 4493/6568 2400/3453
f 3235/4704 3506/5012 3507/5013
f 3235/4704 3509/5015 3234/4703
f 3243/4712 3231/4700 3406/4910
f 3256/4725 3258/4727 3279/4748
f 3279/4748 3258/4727 3392/4886
f 3392/4886 3395/4892 929/1193
f 2656/3835 2901/4197 683/833
f 1180/1580 1215/1628 1795/2516
f 2574/3731 2539/3677 2538/3676
f 1176/1576 1178/1578 1177/1577
f 2576/3734 2577/3736 2574/3730
f 2573/3729 2576/3734 2574/3730
f 2574/3731 2577/3737 2539/3677
f 3307/4777 3308/4778 3309/4779
f 4495/6570 4494/6569 4493/6567
f 2400/3453 4493/6568 2376/3416
f 3505/5011 3506/5012 3235/4704
f 3234/4703 3231/4700 3243/4712
f 3247/4716 3248/4717 3246/4715
f 929/1193 3395/4892 3396/4893
f 2901/4197 681/827 682/830
f 682/831 681/829 914/1170
f 681/829 4455/6502 914/1170
f 914/1169 4455/6501 916/1173
f 694/851 704/864 740/910
f 740/909 2738/3935 2576/3734
f 1176/1576 1179/1579 1178/1578
f 1178/1578 1179/1579 1215/1629
f 2539/3677 2541/3681 2538/3676
f 2538/3675 2541/3680 3307/4777
f 3309/4779 3305/4775 3301/4770
f 3301/4770 3305/4775 3306/4776
f 3501/5007 3499/5005 3549/5057
f 4491/6564 4492/6565 4493/6567
f 4494/6569 4491/6564 4493/6567
f 4493/6568 4492/6566 2376/3416
f 2873/4142 2874/4144 2657/3836
f 2656/3834 2655/3833 2901/4196
f 2738/3936 740/910 704/864
f 2738/3935 2586/3749 2576/3734
f 1215/1628 1216/1630 1795/2516
f 2539/3677 2542/3682 2541/3681
f 2576/3734 2540/3678 2577/3736
f 2577/3737 2540/3679 2539/3677
f 3307/4777 2541/3680 3308/4778
f 3501/5007 3549/5057 3550/5058
f 4088/5912 4491/6564 4494/6569
f 4492/6566 2375/3414 2376/3416
f 3252/4721 3248/4717 3253/4722
f 3396/4893 3395/4892 3398/4897
f 3396/4894 3398/4898 920/1181
f 2657/3836 2654/3832 2656/3834
f 1219/1637 590/683 1176/1576
f 1176/1576 590/683 1182/1584
f 1176/1576 1182/1584 1179/1579
f 1179/1579 1182/1584 1216/1631
f 2540/3679 2543/3684 2539/3677
f 2539/3677 2543/3684 2542/3682
f 2542/3682 2544/3686 2541/3681
f 2576/3734 2586/3749 2540/3678
f 2544/3685 3308/4778 2541/3680
f 4491/6564 2408/3467 4492/6565
f 2408/3468 2374/3412 4492/6566
f 4492/6566 2374/3412 2375/3414
f 3406/4910 3231/4700 3247/4716
f 2657/3836 2874/4144 2654/3832
f 4455/6501 1620/2222 916/1173
f 916/1173 1620/2222 1624/2230
f 2738/3935 2589/3753 2586/3749
f 1216/1631 1182/1584 1796/2518
f 2542/3682 2543/3684 2544/3686
f 2586/3749 2587/3750 2543/3683
f 2586/3749 2543/3683 2540/3678
f 3306/4776 3305/4775 3321/4793
f 4088/5912 4086/5909 4491/6564
f 4491/6564 4490/6562 2408/3467
f 2408/3468 4490/6563 2374/3412
f 2374/3412 2130/3023 2375/3414
f 3233/4702 3231/4700 3234/4703
f 3247/4716 3228/4697 3248/4717
f 2656/3834 2654/3832 2655/3833
f 2901/4197 2896/4187 681/827
f 1185/1588 1186/1589 1182/1584
f 590/683 1185/1588 1182/1584
f 1182/1584 1186/1589 1796/2518
f 2587/3750 2545/3688 2543/3683
f 3309/4779 3308/4778 3305/4775
f 3306/4776 3498/5004 3499/5005
f 4086/5909 4503/6589 4491/6564
f 4491/6564 4480/6544 4490/6562
f 3258/4727 3395/4892 3392/4886
f 2874/4144 2875/4146 2654/3832
f 2655/3833 2896/4186 2901/4196
f 2896/4187 4456/6503 681/827
f 681/828 4456/6504 4455/6501
f 704/864 2744/3948 2745/3949
f 1987/2834 2546/3691 2544/3686
f 4480/6544 4489/6560 4490/6562
f 4490/6563 4489/6561 2373/3411
f 4490/6563 2373/3411 2374/3412
f 2373/3411 2131/3025 2130/3023
f 2374/3412 2373/3411 2130/3023
f 3398/4897 3397/4895 923/1184
f 2655/3833 2653/3831 2896/4186
f 1620/2222 4455/6501 4454/6500
f 2738/3935 2745/3950 2589/3753
f 1986/2832 1982/2826 1977/2819
f 1986/2832 1977/2819 1988/2835
f 1988/2835 1977/2819 1989/2837
f 591/685 4273/6211 1186/1590
f 1186/1589 4273/6210 1796/2518
f 2587/3750 2588/3751 2545/3688
f 2545/3687 2588/3752 1982/2826
f 2545/3687 1982/2826 1983/2827
f 1977/2818 3312/4782 2546/3690
f 1989/2836 1977/2818 2546/3690
f 2544/3685 2546/3690 3308/4778
f 3550/5058 3549/5057 3506/5012
f 4503/6589 4083/5905 4491/6564
f 4491/6564 4083/5905 4480/6544
f 4480/6544 2409/3469 4489/6560
f 3506/5012 3522/5028 3507/5013
f 2654/3832 2653/3831 2655/3833
f 591/685 4269/6203 4273/6211
f 4273/6210 1797/2521 1796/2518
f 1982/2826 1975/2816 1977/2819
f 2589/3753 2588/3751 2587/3750
f 2586/3749 2589/3753 2587/3750
f 4489/6561 2409/3470 2372/3410
f 4489/6561 2372/3410 2373/3411
f 2372/3410 2371/3409 2131/3025
f 2373/3411 2372/3410 2131/3025
f 3509/5015 3233/4702 3234/4703
f 3228/4697 3229/4698 3248/4717
f 3248/4717 3254/4723 3253/4722
f 3256/4725 3257/4726 3258/4727
f 2896/4187 2909/4213 4453/6498
f 2896/4187 4453/6498 4456/6503
f 4456/6504 4453/6499 4455/6501
f 4453/6499 4454/6500 4455/6501
f 4454/6500 1622/2227 1620/2222
f 2745/3950 2744/3947 2589/3753
f 1975/2816 1976/2817 3739/5324
f 1975/2816 3739/5324 1977/2819
f 4273/6211 4269/6203 1797/2520
f 2589/3753 1981/2824 1975/2815
f 1977/2818 3739/5323 3312/4782
f 2546/3690 3312/4782 3308/4778
f 3253/4722 3255/4724 3256/4725
f 3255/4724 3257/4726 3256/4725
f 3257/4726 3278/4747 3258/4727
f 3398/4897 3395/4892 3397/4895
f 2875/4146 2876/4148 2654/3832
f 2654/3832 2650/3828 2653/3831
f 2653/3831 2909/4212 2896/4186
f 2744/3947 2592/3757 2589/3753
f 587/677 4267/6200 4269/6203
f 4270/6205 587/677 4269/6203
f 2592/3757 2590/3754 2589/3753
f 2589/3753 2590/3754 1981/2824
f 3311/4781 3321/4793 3305/4775
f 3522/5028 3521/5027 3507/5013
f 4480/6544 2405/3461 2409/3469
f 2405/3462 2370/3407 2372/3410
f 2409/3470 2405/3462 2372/3410
f 2370/3407 2369/3406 2371/3409
f 2372/3410 2370/3407 2371/3409
f 3507/5013 3508/5014 3235/4704
f 3247/4716 3231/4700 3230/4699
f 1976/2817 1978/2821 3739/5324
f 1978/2820 3314/4784 3739/5323
f 4269/6203 4267/6200 1797/2520
f 2590/3754 2591/3755 1981/2824
f 1981/2825 2591/3756 1976/2817
f 3739/5323 3314/4784 3312/4782
f 3312/4782 3313/4783 3308/4778
f 3306/4776 3321/4793 3498/5004
f 2405/3462 4471/6531 2370/3407
f 3395/4892 3278/4747 3397/4895
f 2654/3832 2876/4148 2650/3828
f 2650/3828 2652/3830 2653/3831
f 587/677 4266/6199 4267/6200
f 4267/6200 4275/6215 1797/2520
f 2591/3756 1979/2822 1976/2817
f 1976/2817 1979/2822 1978/2821
f 2590/3754 2592/3757 2591/3755
f 3308/4778 3310/4780 3305/4775
f 3305/4775 3310/4780 3311/4781
f 3498/5004 3497/5003 3499/5005
f 3497/5003 3549/5057 3499/5005
f 4471/6531 2368/3404 2370/3407
f 2368/3404 2367/3403 2369/3406
f 2370/3407 2368/3404 2369/3406
f 3235/4704 3508/5014 3509/5015
f 3233/4702 3511/5017 3231/4700
f 3247/4716 3230/4699 3228/4697
f 3248/4717 3229/4698 3254/4723
f 3254/4723 3255/4724 3253/4722
f 2909/4213 680/825 4453/6498
f 4453/6499 680/826 4447/6489
f 4453/6499 4447/6489 4454/6500
f 4454/6500 4447/6489 1622/2227
f 2744/3947 2595/3761 2592/3757
f 1979/2822 1980/2823 1978/2821
f 4266/6199 4265/6197 4267/6200
f 4267/6200 4265/6197 4275/6215
f 2592/3757 2593/3758 2591/3755
f 2591/3756 2593/3759 1979/2822
f 3308/4778 3313/4783 3310/4780
f 3506/5012 3548/5056 3522/5028
f 4480/6544 4092/5919 2405/3461
f 2405/3461 4092/5919 4471/6530
f 3521/5027 3508/5014 3507/5013
f 2653/3831 679/823 2909/4212
f 2909/4213 679/824 680/825
f 747/923 2595/3761 2744/3947
f 1980/2823 3315/4786 1978/2821
f 2592/3757 2594/3760 2593/3758
f 1978/2820 3315/4785 3314/4784
f 3314/4784 3313/4783 3312/4782
f 3549/5057 3497/5003 3548/5056
f 4480/6544 4481/6545 4092/5919
f 4471/6531 2406/3464 2366/3401
f 4471/6531 2366/3401 2368/3404
f 2366/3401 2132/3027 2367/3403
f 2368/3404 2366/3401 2367/3403
f 3230/4699 3227/4696 3228/4697
f 3397/4895 3399/4899 924/1186
f 924/1186 3399/4899 3628/5145
f 2653/3831 2652/3830 679/823
f 4447/6489 680/826 4444/6483
f 4050/5854 3787/5431 1984/2828
f 1984/2829 3787/5433 1985/2831
f 549/604 4247/6171 4265/6197
f 4266/6199 549/604 4265/6197
f 4265/6197 4249/6175 4275/6215
f 2593/3759 4041/5840 1979/2822
f 1985/2830 3787/5430 3315/4785
f 3314/4784 3315/4785 3313/4783
f 3522/5028 3520/5026 3521/5027
f 4092/5919 4467/6523 4471/6530
f 680/826 686/839 4444/6483
f 4444/6483 1615/2213 4447/6489
f 3787/5432 4041/5839 3316/4788
f 4247/6171 4249/6175 4265/6197
f 2595/3761 4042/5841 2594/3760
f 2592/3757 2595/3761 2594/3760
f 2594/3760 4042/5841 2593/3758
f 2593/3759 4042/5843 4041/5840
f 3321/4793 3497/5003 3498/5004
f 3549/5057 3548/5056 3506/5012
f 4471/6530 4467/6523 2406/3463
f 2406/3464 2365/3400 2366/3401
f 2365/3400 2364/3399 2132/3027
f 2366/3401 2365/3400 2132/3027
f 3257/4726 3277/4746 3278/4747
f 3277/4746 3276/4745 3278/4747
f 3278/4747 3276/4745 3397/4895
f 3397/4895 3276/4745 3399/4899
f 3628/5145 3399/4899 928/1191
f 2650/3828 2651/3829 2652/3830
f 549/604 4268/6202 4264/6196
f 549/604 4264/6196 4247/6171
f 4247/6171 4248/6173 4249/6175
f 2595/3761 4049/5852 4042/5841
f 4042/5842 4039/5837 4041/5839
f 4041/5839 4039/5837 3316/4788
f 3787/5430 3316/4787 3315/4785
f 3315/4785 3316/4787 3313/4783
f 3313/4783 3318/4790 3310/4780
f 4467/6523 4472/6532 2406/3463
f 2406/3464 4472/6533 2365/3400
f 4472/6533 2363/3397 2365/3400
f 3521/5027 3520/5026 3508/5014
f 3231/4700 3232/4701 3230/4699
f 3228/4697 3227/4696 3229/4698
f 3255/4724 3260/4729 3257/4726
f 2650/3828 4421/6446 2651/3829
f 4444/6483 686/839 4443/6481
f 4444/6484 4443/6482 1615/2214
f 2740/3940 2739/3937 2743/3945
f 2743/3945 2739/3937 4051/5857
f 2743/3945 4051/5857 2595/3761
f 3316/4788 4039/5837 3789/5437
f 3789/5436 3317/4789 3316/4787
f 4264/6196 4250/6176 4247/6171
f 4247/6171 4250/6176 4248/6173
f 2595/3761 4051/5857 4049/5852
f 4049/5853 4039/5837 4042/5842
f 4092/5919 4470/6528 4467/6523
f 2363/3397 2362/3396 2364/3399
f 679/824 2893/4181 680/825
f 4268/6202 586/675 4264/6196
f 586/675 4252/6178 4264/6196
f 4264/6196 4252/6178 4250/6176
f 3316/4787 3317/4789 3313/4783
f 4472/6533 2407/3466 2363/3397
f 2407/3466 2361/3393 2363/3397
f 3511/5017 3232/4701 3231/4700
f 3229/4698 3255/4724 3254/4723
f 3399/4899 4422/6449 3738/5320
f 2268/3243 1871/2655 2267/3242
f 2651/3829 2638/3816 2652/3830
f 2652/3830 2638/3816 2893/4180
f 2652/3830 2893/4180 679/823
f 680/825 2893/4181 686/840
f 686/839 687/841 4443/6481
f 4268/6201 559/622 586/674
f 4250/6176 1801/2528 4248/6173
f 3310/4780 3319/4791 3311/4781
f 4472/6532 4467/6523 2407/3465
f 2361/3393 2170/3088 2362/3396
f 3509/5015 3510/5016 3233/4702
f 3233/4702 3510/5016 3511/5017
f 3276/4745 4417/6440 3399/4899
f 4421/6446 2863/4123 2651/3829
f 687/841 4442/6480 4443/6481
f 4036/5833 4037/5835 3789/5437
f 4250/6176 4252/6178 1801/2528
f 2739/3938 4036/5833 4051/5858
f 4051/5858 4036/5833 4039/5837
f 3789/5436 4037/5834 3317/4789
f 3310/4780 3318/4790 3319/4791
f 3319/4791 3321/4793 3311/4781
f 2407/3466 4468/6525 2361/3393
f 4468/6525 2360/3392 2361/3393
f 3511/5017 3512/5018 3232/4701
f 3277/4746 3263/4732 3276/4745
f 3399/4899 4417/6440 4422/6449
f 2638/3816 2885/4166 2893/4180
f 708/868 2742/3944 2740/3939
f 4037/5835 4035/5832 4038/5836
f 4037/5834 3734/5312 3317/4789
f 3321/4793 3320/4792 3497/5003
f 4470/6528 4097/5927 4467/6523
f 4467/6523 4468/6524 2407/3465
f 2360/3392 2168/3085 2170/3088
f 3520/5026 3519/5025 3508/5014
f 3508/5014 3519/5025 3510/5016
f 3508/5014 3510/5016 3509/5015
f 3230/4699 3226/4695 3227/4696
f 3257/4726 3262/4731 3277/4746
f 2885/4167 688/844 2893/4181
f 2893/4181 688/844 687/842
f 2893/4181 687/842 686/840
f 4038/5836 3734/5313 4037/5835
f 586/675 4253/6180 4251/6177
f 4251/6177 1803/2531 4252/6178
f 586/675 4251/6177 4252/6178
f 4252/6178 1803/2531 1801/2528
f 2739/3938 4034/5831 4036/5833
f 4036/5833 4034/5831 4035/5832
f 3520/5026 3523/5029 3519/5025
f 3232/4701 3226/4695 3230/4699
f 3227/4696 3259/4728 3229/4698
f 3259/4728 3255/4724 3229/4698
f 2651/3829 2639/3817 2638/3816
f 4442/6480 1613/2210 4443/6481
f 2742/3944 708/868 706/866
f 2740/3940 2742/3943 2741/3941
f 4253/6180 4255/6183 4251/6177
f 2741/3941 4034/5830 2739/3937
f 3319/4791 3320/4792 3321/4793
f 3497/5003 3496/5002 3548/5056
f 2377/3418 2167/3083 2360/3392
f 4468/6525 2377/3418 2360/3392
f 2167/3082 2164/3079 2168/3084
f 2360/3392 2167/3083 2168/3085
f 3511/5017 3517/5023 3512/5018
f 3260/4729 3262/4731 3257/4726
f 2863/4123 2639/3817 2651/3829
f 687/841 4445/6485 4442/6480
f 4253/6180 4256/6185 4255/6183
f 4251/6177 4254/6182 1803/2531
f 1803/2530 4254/6181 1802/2529
f 2741/3942 4028/5821 4034/5831
f 4034/5831 4028/5821 4035/5832
f 3548/5056 3495/5001 3522/5028
f 3522/5028 3495/5001 3520/5026
f 3520/5026 3495/5001 3523/5029
f 4097/5927 4466/6522 4467/6523
f 4467/6523 4466/6522 4468/6524
f 3510/5016 3517/5023 3511/5017
f 3259/4728 3260/4729 3255/4724
f 3277/4746 3262/4731 3263/4732
f 4417/6441 4418/6443 4419/6444
f 2863/4123 4441/6478 2639/3817
f 2638/3816 2640/3818 2885/4166
f 688/844 4445/6486 687/842
f 4445/6485 4446/6487 4442/6480
f 4442/6480 4446/6487 1613/2210
f 2742/3943 4025/5816 2741/3941
f 4255/6183 4257/6186 4251/6177
f 4251/6177 4257/6186 4254/6182
f 4038/5836 4040/5838 3734/5313
f 3318/4790 3313/4783 3324/4796
f 4097/5927 4469/6526 4466/6522
f 4468/6524 4466/6522 2377/3417
f 2377/3418 2378/3419 2167/3083
f 2378/3419 2399/3451 2167/3083
f 3263/4732 3267/4736 3276/4745
f 3276/4745 3400/4901 4417/6440
f 3400/4901 4418/6442 4417/6440
f 2638/3816 2639/3817 2640/3818
f 2885/4166 2640/3818 688/843
f 4255/6183 4256/6185 4257/6186
f 4028/5821 4040/5838 4038/5836
f 4040/5838 3735/5315 3734/5313
f 3317/4789 3363/4838 3313/4783
f 3323/4795 3496/5002 3497/5003
f 2378/3419 2380/3422 2399/3451
f 2640/3818 4451/6494 688/843
f 4256/6185 4258/6187 4257/6186
f 4257/6186 4258/6187 4254/6182
f 4025/5817 4027/5820 4028/5821
f 3735/5314 3363/4838 3734/5312
f 3734/5312 3363/4838 3317/4789
f 3320/4792 3323/4795 3497/5003
f 2377/3417 4485/6552 4504/6591
f 2377/3418 4504/6592 2378/3419
f 3232/4701 3514/5020 3226/4695
f 3276/4745 3267/4736 3269/4738
f 3276/4745 3269/4738 3400/4901
f 4445/6485 4448/6490 4446/6487
f 4446/6487 4448/6490 1613/2210
f 4256/6185 4259/6189 4258/6187
f 4258/6187 1862/2635 4254/6182
f 4254/6181 1862/2634 1805/2534
f 4025/5817 4026/5819 4027/5820
f 3313/4783 3361/4836 3324/4796
f 4469/6526 4117/5960 4466/6522
f 2378/3419 2173/3094 2380/3422
f 4485/6553 2379/3420 4504/6592
f 3400/4901 3403/4905 4418/6442
f 4441/6478 4424/6452 2639/3817
f 688/845 4451/6495 4445/6485
f 4445/6485 4451/6495 4449/6492
f 4445/6485 4449/6492 4448/6490
f 2742/3943 2747/3953 2746/3951
f 2742/3943 2746/3951 4025/5816
f 4259/6189 4261/6191 4260/6190
f 4027/5820 4043/5844 3735/5315
f 4043/5844 3363/4839 3735/5315
f 4260/6190 1862/2635 4258/6187
f 4025/5816 2746/3951 4026/5818
f 3363/4838 3361/4836 3313/4783
f 3324/4796 3319/4791 3318/4790
f 3326/4798 3320/4792 3319/4791
f 3548/5056 3496/5002 3495/5001
f 4117/5960 4473/6534 4466/6522
f 2377/3417 4466/6522 4485/6552
f 2379/3420 2381/3424 2173/3094
f 3519/5025 3518/5024 3510/5016
f 2639/3817 2641/3819 2640/3818
f 4259/6189 560/624 4261/6191
f 4260/6190 1807/2537 1862/2635
f 1862/2634 1807/2536 1805/2534
f 4027/5820 4030/5824 4043/5844
f 4485/6553 4482/6548 2379/3420
f 3524/5030 3518/5024 3519/5025
f 3262/4731 3261/4730 3263/4732
f 3400/4901 3402/4903 3403/4905
f 2640/3818 2642/3820 4451/6494
f 2747/3953 2748/3955 2746/3951
f 4043/5844 4045/5847 3363/4839
f 4029/5823 4030/5824 4027/5820
f 2746/3952 4029/5823 4027/5820
f 3495/5001 3525/5031 3523/5029
f 3523/5029 3524/5030 3519/5025
f 4475/6537 4482/6547 4485/6552
f 4485/6552 4466/6522 4475/6537
f 2382/3425 2385/3430 2381/3424
f 3512/5018 3513/5019 3232/4701
f 3263/4732 3268/4737 3267/4736
f 2641/3819 2642/3820 2640/3818
f 4451/6495 4452/6497 4450/6493
f 4451/6495 4450/6493 4449/6492
f 1807/2536 4262/6192 1808/2538
f 4030/5824 4044/5845 4043/5844
f 4043/5844 4044/5845 4045/5847
f 4261/6191 4262/6193 4260/6190
f 4260/6190 4262/6193 1807/2537
f 2746/3951 2748/3955 4029/5822
f 3319/4791 3324/4796 3326/4798
f 4473/6534 4474/6536 4466/6522
f 4466/6522 4474/6536 4475/6537
f 4475/6537 2383/3426 4482/6547
f 4482/6548 2383/3427 2382/3425
f 3232/4701 3513/5019 3514/5020
f 3226/4695 3515/5021 3224/4693
f 3226/4695 3224/4693 3227/4696
f 3227/4696 3224/4693 3259/4728
f 3260/4729 3261/4730 3262/4731
f 2877/4150 2641/3819 2639/3817
f 2642/3820 2881/4158 4451/6494
f 4451/6494 2881/4158 4452/6496
f 4450/6493 1610/2205 4448/6490
f 4449/6492 4450/6493 4448/6490
f 3326/4798 3322/4794 3320/4792
f 3320/4792 3322/4794 3323/4795
f 4473/6534 4479/6543 4474/6536
f 2383/3427 2384/3428 2382/3425
f 2384/3428 2180/3104 2385/3430
f 2382/3425 2384/3428 2385/3430
f 3226/4695 3514/5020 3515/5021
f 3260/4729 3223/4692 3261/4730
f 3263/4732 3261/4730 3268/4737
f 4044/5845 4046/5848 4047/5849
f 4044/5845 4047/5849 4045/5847
f 4263/6195 4274/6213 4271/6206
f 4263/6195 4271/6206 4262/6193
f 2748/3956 2840/4079 4031/5825
f 2748/3956 4031/5825 4030/5824
f 4030/5824 4031/5825 4046/5848
f 4030/5824 4046/5848 4044/5845
f 3524/5030 3697/5249 3518/5024
f 3516/5022 3512/5018 3517/5023
f 4452/6497 4457/6505 4450/6493
f 715/876 748/925 2749/3957
f 4271/6206 1063/1401 4262/6193
f 4262/6192 1809/2539 1808/2538
f 3361/4836 3325/4797 3324/4796
f 3322/4794 3328/4800 3323/4795
f 3523/5029 3525/5031 3524/5030
f 4475/6537 4476/6538 2383/3426
f 2384/3428 2182/3107 2180/3104
f 3510/5016 3516/5022 3517/5023
f 3516/5022 3513/5019 3512/5018
f 4450/6493 4457/6505 1610/2205
f 4457/6505 4458/6506 1610/2205
f 2748/3955 2759/3975 2840/4078
f 4047/5849 3651/5181 4045/5847
f 4262/6193 1063/1401 1809/2541
f 4476/6539 2386/3431 2384/3428
f 2383/3427 4476/6539 2384/3428
f 2384/3428 2386/3431 2182/3107
f 3259/4728 3222/4691 3260/4729
f 2641/3819 2643/3821 2642/3820
f 2881/4159 4457/6505 4452/6497
f 2749/3958 2759/3975 2748/3955
f 4046/5848 3651/5181 4047/5849
f 2759/3975 4032/5826 2840/4078
f 4032/5827 4322/6291 4031/5825
f 2840/4079 4032/5827 4031/5825
f 4031/5825 4322/6291 4046/5848
f 4479/6543 4478/6541 4474/6536
f 3697/5249 3526/5032 3518/5024
f 2386/3431 2185/3111 2182/3107
f 3518/5024 3516/5022 3510/5016
f 4046/5848 4048/5851 4321/6290
f 4046/5848 4321/6290 3651/5181
f 4272/6208 1061/1397 1063/1400
f 4322/6291 4048/5851 4046/5848
f 4045/5846 3362/4837 3363/4838
f 3363/4838 3362/4837 3361/4836
f 3324/4796 3325/4797 3326/4798
f 3323/4795 3495/5001 3496/5002
f 3524/5030 3525/5031 3526/5032
f 4475/6537 4474/6536 4476/6538
f 3671/5212 3552/5060 3518/5024
f 3518/5024 3552/5060 3516/5022
f 3269/4738 3401/4902 3400/4901
f 2759/3975 4033/5828 4032/5826
f 4045/5846 3651/5180 3362/4837
f 4478/6541 4124/5969 4477/6540
f 4478/6541 4477/6540 4474/6536
f 4474/6536 4477/6540 4476/6538
f 3526/5032 3671/5212 3518/5024
f 4477/6540 2387/3432 4476/6538
f 2386/3431 2193/3122 2185/3111
f 3259/4728 3224/4693 3222/4691
f 3260/4729 3222/4691 3223/4692
f 3400/4901 3401/4902 3402/4903
f 4426/6455 3405/4908 4428/6458
f 4048/5850 4320/6287 4321/6289
f 1061/1397 1062/1399 1063/1400
f 1063/1400 1062/1399 1809/2540
f 3495/5001 3538/5045 3525/5031
f 3526/5032 3796/5452 3671/5212
f 4476/6539 2387/3433 2386/3431
f 2386/3431 2387/3433 2193/3122
f 3516/5022 3556/5064 3513/5019
f 3261/4730 3265/4734 3268/4737
f 3402/4903 3405/4908 4426/6455
f 2642/3820 2645/3823 2881/4158
f 2881/4158 2645/3823 863/1088
f 2881/4159 863/1090 4457/6505
f 4457/6505 863/1090 4459/6509
f 4459/6509 4460/6510 4458/6506
f 4457/6505 4459/6509 4458/6506
f 4460/6510 1593/2182 4458/6506
f 748/924 2756/3969 2749/3958
f 2749/3958 2756/3969 2759/3975
f 4322/6292 4317/6283 4048/5850
f 4048/5850 4317/6283 4320/6287
f 4320/6287 3652/5183 4321/6289
f 4321/6288 3652/5182 3651/5180
f 3652/5182 3362/4837 3651/5180
f 3326/4798 3325/4797 3322/4794
f 2388/3434 2194/3124 2193/3122
f 2387/3433 2388/3434 2193/3122
f 3026/4413 3024/4410 3021/4406
f 3021/4406 3027/4416 3028/4419
f 3026/4413 3021/4406 3028/4419
f 3514/5020 3438/4942 3515/5021
f 3266/4735 3267/4736 3268/4737
f 2641/3819 2862/4121 2643/3821
f 2643/3821 2644/3822 2642/3820
f 2644/3822 2645/3823 2642/3820
f 1061/1397 550/606 1060/1395
f 1060/1395 1062/1399 1061/1397
f 2759/3975 4329/6301 4033/5828
f 4033/5829 4329/6303 4322/6291
f 3331/4803 3325/4797 3361/4836
f 4124/5969 4125/5971 4477/6540
f 4477/6540 4483/6549 2387/3432
f 2387/3432 4483/6549 4484/6550
f 2387/3433 4484/6551 2388/3434
f 3031/4423 3029/4420 3026/4413
f 3026/4413 3029/4420 3024/4410
f 3021/4406 3022/4407 3023/4409
f 3021/4406 3023/4409 3027/4416
f 3224/4693 3225/4694 3222/4691
f 3325/4797 3327/4799 3322/4794
f 3323/4795 3494/5000 3495/5001
f 2388/3434 2389/3436 2194/3124
f 2392/3441 2390/3437 4484/6551
f 2312/3314 2317/3319 2311/3313
f 3024/4410 3029/4420 3025/4412
f 3024/4410 3025/4412 3022/4407
f 3025/4412 3013/4392 3022/4407
f 3022/4407 3013/4392 3023/4409
f 3264/4733 3265/4734 3261/4730
f 3223/4692 3264/4733 3261/4730
f 3267/4736 3266/4735 3269/4738
f 3402/4903 3401/4902 3405/4908
f 4459/6509 4461/6512 4460/6510
f 1060/1395 1057/1390 1062/1399
f 1057/1390 1058/1392 1062/1399
f 1062/1398 1058/1391 1814/2548
f 3362/4837 3331/4803 3361/4836
f 3325/4797 3331/4803 3332/4804
f 3322/4794 3327/4799 3328/4800
f 3328/4800 3494/5000 3323/4795
f 4477/6540 4125/5971 4151/6007
f 4477/6540 4151/6007 4483/6549
f 4484/6550 4483/6549 2392/3440
f 2390/3437 2391/3439 2389/3436
f 3516/5022 3558/5066 3556/5064
f 2310/3310 3033/4427 3031/4423
f 3033/4427 3029/4420 3031/4423
f 3029/4420 3030/4421 3025/4412
f 3030/4422 2296/3287 3025/4411
f 3025/4412 2296/3289 3013/4392
f 3515/5021 3438/4942 3224/4693
f 3265/4734 3266/4735 3268/4737
f 863/1089 4461/6511 4459/6508
f 722/885 2756/3969 748/924
f 1060/1395 550/606 1057/1390
f 4329/6302 4318/6284 4322/6292
f 4322/6292 4318/6284 4317/6283
f 3327/4799 3330/4802 3328/4800
f 3526/5032 3527/5033 3528/5034
f 3528/5034 3704/5258 3671/5212
f 3796/5452 3528/5034 3671/5212
f 3671/5212 3704/5258 3552/5060
f 2390/3437 2393/3442 2391/3439
f 2392/3441 4487/6557 2390/3437
f 4487/6557 2393/3442 2390/3437
f 3516/5022 3555/5063 3558/5066
f 2310/3311 2308/3308 2307/3307
f 3029/4420 2297/3290 3030/4421
f 3513/5019 3438/4942 3514/5020
f 3225/4694 3437/4941 3222/4691
f 2862/4121 2675/3855 2643/3821
f 2643/3821 2675/3855 2644/3822
f 2645/3823 2865/4127 863/1088
f 863/1088 2865/4127 2933/4259
f 863/1089 2933/4260 4461/6511
f 4461/6512 4462/6514 4460/6510
f 4460/6510 4462/6514 1593/2182
f 2756/3969 2758/3973 2759/3975
f 4317/6283 3364/4841 4319/6286
f 1058/1391 1815/2549 1814/2548
f 4319/6285 3364/4840 3652/5182
f 3494/5000 3538/5045 3495/5001
f 2392/3440 4483/6549 4487/6556
f 2393/3442 2403/3458 2391/3439
f 2297/3291 2294/3284 3030/4422
f 3030/4422 2294/3284 2295/3286
f 3030/4422 2295/3286 2296/3287
f 3556/5064 3557/5065 3513/5019
f 3513/5019 3439/4943 3438/4942
f 3405/4908 3404/4907 3758/5364
f 725/889 2858/4114 2756/3970
f 4151/6007 4486/6554 4483/6549
f 3704/5258 3705/5259 3552/5060
f 3552/5060 3705/5259 3553/5061
f 2393/3442 2398/3449 2403/3458
f 3552/5060 3553/5061 3516/5022
f 2394/3444 2395/3445 2393/3442
f 4487/6557 2394/3444 2393/3442
f 3516/5022 3553/5061 3554/5062
f 3516/5022 3554/5062 3555/5063
f 2307/3306 3032/4425 3033/4427
f 2303/3302 2306/3305 2305/3304
f 3558/5066 3692/5240 3556/5064
f 3692/5240 3557/5065 3556/5064
f 3029/4420 2293/3282 2297/3290
f 2297/3291 2293/3283 2294/3284
f 2294/3284 3009/4387 2295/3286
f 3436/4940 3224/4693 3438/4942
f 3437/4941 3221/4690 3222/4691
f 3222/4691 3221/4690 3223/4692
f 3266/4735 3275/4744 3269/4738
f 3269/4738 3275/4744 3401/4902
f 3401/4902 3404/4907 3405/4908
f 2933/4260 859/1079 4461/6511
f 4462/6514 861/1084 1593/2182
f 1057/1390 1056/1389 1058/1392
f 1058/1392 1056/1389 1815/2550
f 2759/3975 2758/3973 4329/6301
f 3652/5182 3364/4840 3362/4837
f 3364/4840 3331/4803 3362/4837
f 3525/5031 3527/5033 3526/5032
f 4486/6554 4488/6558 4483/6549
f 4483/6549 2394/3443 4487/6556
f 2303/3302 2305/3304 2304/3303
f 2306/3305 2323/3330 2305/3304
f 3033/4427 2288/3276 3029/4420
f 3029/4420 3034/4428 2293/3282
f 2294/3284 2293/3283 3009/4387
f 2865/4127 860/1080 2933/4259
f 550/606 1047/1379 1057/1390
f 3527/5033 3529/5035 3528/5034
f 3704/5258 3529/5035 3705/5259
f 4488/6558 2394/3443 4483/6549
f 3705/5259 3751/5350 3553/5061
f 2394/3444 2401/3455 2396/3446
f 2394/3444 2396/3446 2395/3445
f 2395/3445 2209/3146 2398/3449
f 2321/3326 2322/3328 3032/4426
f 3558/5066 3691/5239 3692/5240
f 3691/5239 3557/5065 3692/5240
f 2288/3276 3034/4428 3029/4420
f 3034/4429 2290/3279 2293/3283
f 2293/3283 2290/3279 2999/4373
f 2293/3283 2999/4373 3009/4387
f 3513/5019 3616/5129 3439/4943
f 3223/4692 3221/4690 3264/4733
f 3404/4907 4433/6465 3793/5445
f 4318/6284 4316/6282 3364/4841
f 1047/1379 1055/1388 1057/1390
f 1057/1390 1055/1388 1056/1389
f 3325/4797 3332/4804 3329/4801
f 3325/4797 3329/4801 3327/4799
f 3328/4800 3493/4999 3494/5000
f 3705/5259 3529/5035 3751/5350
f 3751/5350 4309/6271 3553/5061
f 2396/3446 2397/3447 2395/3445
f 2395/3445 2397/3447 2209/3146
f 3554/5062 3684/5229 3555/5063
f 2322/3327 2300/3297 3032/4425
f 3032/4425 2300/3297 3033/4427
f 3558/5066 3690/5238 3691/5239
f 3033/4427 2300/3297 2288/3276
f 3034/4429 2288/3277 2290/3279
f 2290/3279 3019/4403 2999/4373
f 3436/4940 3225/4694 3224/4693
f 3401/4902 3274/4743 3404/4907
f 2933/4260 860/1081 859/1079
f 4318/6284 4323/6293 4316/6282
f 2758/3973 4324/6294 4329/6301
f 4329/6302 4324/6295 4318/6284
f 3331/4803 3365/4842 3332/4804
f 3329/4801 3330/4802 3327/4799
f 3330/4802 3493/4999 3328/4800
f 4486/6554 4138/5986 4488/6558
f 3529/5035 4165/6034 3751/5350
f 4488/6558 4499/6578 2394/3443
f 4164/6032 2208/3144 4309/6272
f 4164/6032 4309/6272 3751/5351
f 2208/3142 3782/5414 4309/6270
f 4309/6271 3554/5062 3553/5061
f 3782/5415 3783/5419 3554/5062
f 4309/6271 3782/5415 3554/5062
f 2394/3444 4499/6580 2401/3455
f 2397/3447 2404/3460 2209/3146
f 2396/3446 2401/3455 2397/3447
f 2401/3455 4502/6588 2397/3447
f 2290/3279 2288/3277 3019/4403
f 3557/5065 3616/5129 3513/5019
f 3265/4734 3270/4739 3266/4735
f 3404/4907 3274/4743 3623/5137
f 3404/4907 3623/5137 4433/6465
f 859/1079 857/1077 4461/6511
f 4461/6511 857/1077 858/1078
f 4461/6511 858/1078 4462/6513
f 4462/6513 858/1078 861/1083
f 4316/6282 3620/5133 3364/4841
f 3538/5045 3537/5044 3525/5031
f 4165/6034 3659/5195 3788/5435
f 3782/5417 2210/3149 3783/5420
f 2210/3147 4308/6266 3783/5418
f 3783/5419 3684/5229 3554/5062
f 3783/5419 4308/6267 3684/5229
f 2401/3454 4499/6579 4502/6586
f 4502/6588 2214/3158 2397/3447
f 2397/3447 2214/3158 2404/3460
f 3037/4434 3035/4430 2322/3327
f 3035/4430 2300/3297 2322/3327
f 3691/5239 3639/5162 3557/5065
f 3019/4403 2286/3273 2287/3275
f 3019/4402 2287/3274 2996/4369
f 2288/3277 2289/3278 2286/3273
f 2288/3277 2286/3273 3019/4403
f 860/1081 857/1077 859/1079
f 550/606 547/600 1047/1379
f 1055/1388 1052/1385 1056/1389
f 3364/4840 3365/4842 3331/4803
f 4488/6558 4500/6581 4499/6578
f 3659/5195 4160/6024 3788/5435
f 4308/6267 3784/5422 3684/5229
f 4499/6578 2410/3471 4502/6587
f 2402/3456 3879/5592 2214/3158
f 4502/6588 2402/3456 2214/3158
f 3037/4434 2318/3320 3035/4430
f 3555/5063 3639/5162 3690/5238
f 3438/4942 3439/4943 3436/4940
f 2675/3855 2836/4073 2646/3824
f 2675/3855 2646/3824 2644/3822
f 2858/4113 2755/3967 2756/3969
f 2756/3969 2757/3971 2758/3973
f 3537/5044 3530/5036 3525/5031
f 3531/5037 4185/6063 3527/5033
f 3527/5033 4185/6063 3529/5035
f 3529/5035 4185/6063 3659/5195
f 4488/6558 4141/5990 4500/6581
f 3660/5196 4159/6020 4158/6019
f 4160/6024 3660/5196 4158/6019
f 4500/6581 2410/3471 4499/6578
f 4308/6269 2211/3152 3784/5423
f 2211/3150 3785/5424 3784/5421
f 3784/5422 3685/5230 3684/5229
f 3784/5422 3785/5425 3685/5230
f 4502/6588 2410/3472 2402/3456
f 3685/5230 3555/5063 3684/5229
f 3685/5230 3689/5237 3555/5063
f 2316/3318 2320/3325 2319/3323
f 3555/5063 3689/5237 3639/5162
f 2300/3297 3035/4430 3036/4432
f 2300/3298 3036/4433 2289/3278
f 2286/3273 2298/3293 2989/4359
f 3557/5065 3639/5162 3616/5129
f 3436/4940 3437/4941 3225/4694
f 4323/6293 4313/6277 4316/6282
f 4316/6282 4313/6277 3620/5133
f 3329/4801 3334/4806 3330/4802
f 3525/5031 3530/5036 3527/5033
f 3659/5195 4185/6063 3660/5196
f 4500/6581 4501/6584 2410/3471
f 3785/5425 3786/5428 3685/5230
f 2410/3472 2330/3345 2402/3456
f 2410/3473 2352/3377 2330/3343
f 2402/3456 2330/3345 3879/5592
f 3879/5593 2330/3346 3880/5596
f 2330/3343 2352/3377 2318/3321
f 2330/3344 2318/3322 2319/3323
f 2330/3344 2319/3323 3880/5595
f 3685/5230 3786/5428 3689/5237
f 2318/3321 2352/3377 3035/4431
f 3689/5237 3640/5163 3639/5162
f 3036/4433 2292/3281 2289/3278
f 2289/3278 2292/3281 2291/3280
f 2289/3278 2291/3280 2286/3273
f 2286/3273 2291/3280 2298/3293
f 3623/5137 4436/6470 4433/6465
f 2644/3822 2646/3824 2645/3823
f 2645/3823 2647/3825 2865/4127
f 2865/4127 2647/3825 860/1080
f 860/1081 856/1076 857/1077
f 3332/4804 3365/4842 3335/4807
f 3332/4804 3335/4807 3336/4808
f 3332/4804 3336/4808 3329/4801
f 3527/5033 3530/5036 3531/5037
f 3531/5037 3654/5185 4185/6063
f 4500/6581 4172/6047 4501/6584
f 3660/5196 4181/6057 4159/6020
f 4175/6050 2354/3379 4189/6071
f 4175/6051 4189/6072 4173/6048
f 4175/6050 1037/1363 2354/3379
f 4189/6072 2355/3382 4501/6585
f 4173/6048 4189/6072 4501/6585
f 2355/3382 2410/3474 4501/6585
f 4189/6073 2354/3380 2355/3381
f 3785/5427 3878/5590 3786/5429
f 2354/3380 2351/3376 2355/3381
f 2351/3376 2352/3377 2410/3473
f 2355/3381 2351/3376 2410/3473
f 3878/5590 3881/5598 3786/5429
f 2354/3380 1045/1377 2351/3376
f 3786/5428 3881/5597 3689/5237
f 3881/5597 3640/5163 3689/5237
f 3035/4430 2299/3295 3036/4432
f 3036/4433 2299/3296 2292/3281
f 2292/3281 2985/4354 2291/3280
f 2291/3280 2985/4354 2298/3293
f 3640/5163 3616/5129 3639/5162
f 3439/4943 3440/4944 3436/4940
f 3436/4940 3221/4690 3437/4941
f 3264/4733 3270/4739 3265/4734
f 3270/4739 3275/4744 3266/4735
f 3401/4902 3275/4744 3274/4743
f 2646/3824 2647/3825 2645/3823
f 858/1078 855/1074 861/1083
f 1815/2549 1075/1421 1820/2555
f 2758/3974 2757/3972 4323/6293
f 547/600 1046/1378 1047/1379
f 1046/1378 1052/1385 1055/1388
f 3364/4840 3620/5134 3365/4842
f 4175/6050 4187/6066 1037/1363
f 4174/6049 4173/6048 4171/6045
f 4173/6048 4501/6585 4171/6045
f 4171/6045 4501/6585 4172/6046
f 4179/6055 4182/6059 4181/6058
f 1037/1363 1040/1366 2354/3379
f 2354/3379 1043/1372 1045/1376
f 2354/3379 1040/1366 1043/1372
f 2351/3376 1043/1373 2350/3375
f 2351/3376 2350/3375 2352/3377
f 2350/3375 2353/3378 2352/3377
f 3882/5600 3883/5601 3881/5598
f 2349/3374 2350/3375 1043/1373
f 2352/3377 2353/3378 3035/4431
f 3881/5598 3883/5601 3885/5605
f 3881/5597 3885/5604 3640/5163
f 3640/5163 3885/5604 3100/4528
f 3035/4431 2353/3378 2299/3294
f 2985/4353 2981/4347 2984/4352
f 2299/3296 2356/3385 2292/3281
f 2292/3281 2356/3385 2985/4354
f 3616/5129 3610/5123 3439/4943
f 3264/4733 3219/4688 3270/4739
f 857/1077 854/1072 858/1078
f 854/1072 855/1074 858/1078
f 855/1073 2479/3584 861/1082
f 2757/3972 4325/6296 4323/6293
f 4323/6293 4325/6296 4313/6277
f 3531/5037 4243/6162 3654/5185
f 2345/3365 2950/4288 45/47
f 2345/3365 2953/4293 2950/4288
f 2950/4288 2953/4293 2952/4291
f 2950/4288 2952/4291 2948/4285
f 2952/4291 2331/3348 2948/4285
f 2345/3366 451/468 2343/3361
f 2345/3366 2343/3361 2953/4294
f 2343/3361 2336/3353 2952/4292
f 2953/4294 2343/3361 2952/4292
f 2952/4292 2336/3353 2331/3347
f 2343/3361 2340/3358 2336/3353
f 1043/1373 1040/1367 2349/3374
f 2349/3374 2426/3506 2350/3375
f 2350/3375 2426/3506 2353/3378
f 3883/5601 3884/5603 3885/5605
f 3885/5605 3884/5603 3100/4530
f 2353/3378 2426/3506 2356/3383
f 2353/3378 2356/3383 2299/3294
f 2356/3385 2975/4336 2981/4348
f 3640/5163 3100/4528 3616/5129
f 3272/4741 3274/4743 3275/4744
f 860/1080 2647/3825 856/1075
f 857/1077 853/1071 854/1072
f 3365/4842 3337/4809 3335/4807
f 3334/4806 3492/4998 3330/4802
f 3330/4802 3492/4998 3493/4999
f 4183/6061 4185/6064 3654/5187
f 4187/6066 1038/1364 1037/1363
f 1037/1363 1038/1364 1039/1365
f 2940/4275 2950/4288 2948/4285
f 2940/4275 2948/4285 2941/4276
f 2941/4276 2948/4285 2946/4283
f 2331/3348 2951/4289 2946/4283
f 1037/1363 1039/1365 1040/1366
f 451/468 2340/3358 2343/3361
f 2336/3353 2332/3349 2331/3347
f 2331/3347 2332/3349 2333/3350
f 451/468 450/467 2340/3358
f 449/465 2342/3360 2340/3358
f 450/467 449/465 2340/3358
f 2340/3358 2342/3360 2338/3355
f 2340/3358 2332/3349 2336/3353
f 2340/3358 2338/3355 2332/3349
f 1040/1367 2422/3498 2349/3374
f 2422/3498 2425/3504 2349/3374
f 2349/3374 2425/3504 2426/3506
f 2974/4333 2972/4330 3101/4532
f 2974/4334 3101/4533 3884/5603
f 3884/5602 3101/4531 3100/4529
f 2426/3506 2424/3500 2356/3383
f 2356/3384 2977/4338 2976/4337
f 2356/3384 2976/4337 2975/4335
f 2424/3500 2978/4340 2356/3383
f 2978/4341 2977/4338 2356/3384
f 3100/4528 3641/5164 3616/5129
f 3616/5129 3641/5164 3611/5124
f 3616/5129 3611/5124 3610/5123
f 3610/5123 3441/4945 3439/4943
f 3439/4943 3441/4945 3440/4944
f 1046/1378 1050/1383 1052/1385
f 3494/5000 3539/5046 3538/5045
f 3531/5037 3535/5041 4243/6162
f 1044/1374 1038/1364 4187/6066
f 2941/4276 2946/4283 2945/4282
f 2946/4283 2947/4284 2945/4282
f 2951/4289 2346/3367 2947/4284
f 2951/4290 2333/3350 2337/3354
f 2951/4290 2337/3354 2346/3368
f 2333/3350 2334/3351 2337/3354
f 2332/3349 2335/3352 2334/3351
f 2332/3349 2334/3351 2333/3350
f 2335/3352 2339/3357 2334/3351
f 449/465 243/249 2342/3360
f 2342/3360 2563/3713 2338/3355
f 2332/3349 2338/3355 2335/3352
f 2563/3713 2341/3359 2338/3355
f 1040/1366 2420/3492 2422/3497
f 2425/3503 2423/3499 2426/3505
f 2426/3505 2423/3499 2424/3501
f 2978/4340 2358/3388 2977/4339
f 2977/4338 2983/4350 2976/4337
f 2977/4339 2358/3388 2983/4351
f 3440/4944 3435/4939 3436/4940
f 3436/4940 3435/4939 3221/4690
f 3270/4739 3272/4741 3275/4744
f 857/1077 856/1076 853/1071
f 4325/6296 4312/6276 4313/6277
f 4313/6277 4310/6273 3620/5133
f 3494/5000 3493/4999 3539/5046
f 4186/6065 4188/6068 1044/1375
f 1155/1545 2030/2903 1159/1553
f 1039/1365 2417/3487 1040/1366
f 2334/3351 2339/3357 2344/3363
f 2334/3351 2344/3363 2337/3354
f 243/249 2564/3716 2342/3360
f 2342/3360 2564/3716 2563/3713
f 2335/3352 2341/3359 2339/3357
f 2341/3359 2560/3709 2339/3357
f 1040/1366 2417/3487 2420/3492
f 2423/3499 2419/3491 2421/3494
f 2970/4326 3098/4524 3101/4532
f 2972/4330 2970/4326 3101/4532
f 2563/3713 2560/3709 2341/3359
f 2420/3493 2419/3491 2422/3496
f 2422/3496 2419/3491 2425/3503
f 2423/3499 2421/3494 2424/3501
f 3098/4523 3714/5277 3100/4529
f 3101/4531 3098/4523 3100/4529
f 2424/3502 2421/3495 2357/3387
f 2424/3500 2357/3386 2978/4340
f 2983/4350 3020/4404 2973/4331
f 3100/4528 3714/5276 3641/5164
f 2978/4340 2357/3386 2358/3388
f 2357/3386 2359/3389 2358/3388
f 2358/3388 2359/3389 2983/4351
f 3221/4690 3435/4939 3220/4689
f 3620/5134 3337/4809 3365/4842
f 3336/4808 3333/4805 3329/4801
f 1044/1374 2032/2908 1038/1364
f 2558/3706 2348/3373 2344/3362
f 2339/3356 2558/3706 2344/3362
f 2564/3715 244/251 2561/3711
f 2564/3715 2561/3711 2562/3712
f 2564/3715 2562/3712 2563/3714
f 2560/3710 2558/3706 2339/3356
f 2419/3491 2418/3490 2421/3494
f 2563/3714 2562/3712 2560/3710
f 2418/3489 4464/6518 2357/3387
f 2421/3495 2418/3489 2357/3387
f 3773/5393 3754/5356 3714/5276
f 2359/3390 2964/4313 2983/4350
f 3754/5356 3642/5165 3641/5164
f 3714/5276 3754/5356 3641/5164
f 2357/3386 2446/3539 2359/3389
f 3641/5164 3642/5165 3611/5124
f 3220/4689 3219/4688 3221/4690
f 3221/4690 3219/4688 3264/4733
f 4439/6475 2924/4241 2836/4073
f 3623/5137 3970/5727 4436/6470
f 4313/6277 4312/6276 4310/6273
f 3333/4805 3334/4806 3329/4801
f 3491/4997 3492/4998 3334/4806
f 3539/5046 3537/5044 3538/5045
f 4246/6168 1153/1540 1155/1544
f 3535/5041 3653/5184 4243/6162
f 244/251 2554/3700 2547/3692
f 244/251 2547/3692 2561/3711
f 2547/3692 2549/3694 2562/3712
f 2561/3711 2547/3692 2562/3712
f 2549/3694 2551/3696 2560/3710
f 2560/3710 2551/3696 2558/3706
f 2417/3488 2413/3480 2419/3491
f 2420/3493 2417/3488 2419/3491
f 2419/3491 2413/3480 2418/3490
f 2968/4323 2965/4316 2969/4325
f 2968/4323 2969/4325 2970/4326
f 2970/4326 2969/4325 2971/4329
f 2970/4326 2971/4329 3098/4524
f 3098/4523 2971/4328 3781/5413
f 3773/5393 3772/5392 3754/5356
f 3754/5356 3772/5392 3642/5165
f 2357/3386 4464/6517 2446/3539
f 2359/3391 2445/3538 2964/4314
f 2359/3391 2446/3540 2445/3538
f 3219/4688 3208/4677 3270/4739
f 3272/4741 3273/4742 3274/4743
f 3274/4743 3273/4742 3623/5137
f 2756/3969 2752/3962 2757/3971
f 3336/4808 3335/4807 3333/4805
f 3531/5037 3534/5040 3535/5041
f 1153/1540 1154/1543 1155/1544
f 2032/2908 1042/1370 1038/1364
f 1042/1370 1041/1368 1039/1365
f 1038/1364 1042/1370 1039/1365
f 2557/3705 2559/3707 2348/3373
f 1039/1365 1041/1368 2417/3487
f 2971/4328 3099/4525 3781/5413
f 3781/5412 3099/4526 3774/5394
f 3781/5412 3774/5394 3773/5393
f 3773/5393 3774/5394 3772/5392
f 3772/5392 3643/5166 3642/5165
f 2443/3533 2967/4321 2445/3538
f 2446/3540 2443/3533 2445/3538
f 3642/5165 3643/5166 3611/5124
f 3440/4944 3433/4937 3435/4939
f 3271/4740 3272/4741 3270/4739
f 2750/3959 2752/3962 2756/3969
f 2755/3967 2750/3959 2756/3969
f 1075/1421 1818/2553 1820/2555
f 3337/4809 3338/4810 3335/4807
f 3492/4998 3539/5046 3493/4999
f 4600/6751 1153/1541 4592/6733
f 4600/6752 4602/6757 1153/1542
f 3653/5184 4596/6743 4594/6737
f 3653/5184 4594/6737 3794/5447
f 3794/5447 4594/6737 4688/6902
f 1154/1543 2031/2905 2028/2900
f 2554/3700 2550/3695 2547/3692
f 2547/3692 2550/3695 2548/3693
f 2416/3484 1993/2842 2415/3482
f 2965/4316 2980/4344 2979/4342
f 2965/4316 2979/4342 2969/4325
f 2969/4325 2979/4342 4234/6142
f 2969/4325 4234/6142 2971/4329
f 2971/4328 4234/6141 3099/4525
f 3099/4526 4237/6149 3774/5394
f 3774/5394 4237/6149 3772/5392
f 2418/3489 2415/3482 4464/6518
f 3772/5392 4237/6149 3644/5167
f 3772/5392 3644/5167 3643/5166
f 2963/4311 2967/4322 2430/3514
f 2967/4321 2431/3515 2430/3513
f 2446/3540 4464/6519 2443/3533
f 3643/5166 3644/5167 3624/5138
f 3643/5166 3624/5138 3611/5124
f 3624/5138 3609/5122 3611/5124
f 3611/5124 3609/5122 3610/5123
f 3610/5123 3442/4946 3441/4945
f 3441/4945 3433/4937 3440/4944
f 856/1076 852/1070 853/1071
f 853/1071 852/1070 839/1048
f 853/1071 839/1048 854/1072
f 854/1072 839/1048 855/1074
f 4325/6296 4326/6297 4312/6276
f 547/600 1048/1380 1046/1378
f 1050/1383 1051/1384 1052/1385
f 4591/6731 4590/6730 4588/6727
f 3535/5041 4686/6897 4596/6743
f 4590/6730 4594/6738 4596/6744
f 4684/6891 4685/6894 4594/6736
f 4594/6737 4685/6895 4688/6902
f 2019/2884 4674/6869 2021/2887
f 4688/6902 4685/6895 2022/2890
f 2028/2901 2016/2880 2026/2897
f 2022/2891 3635/5157 2020/2886
f 2026/2897 2016/2880 2023/2892
f 2980/4345 2957/4302 2960/4307
f 2980/4346 2960/4306 2979/4343
f 2979/4343 2960/4306 4233/6140
f 2979/4343 4233/6140 4234/6143
f 4234/6143 4233/6140 4237/6150
f 4234/6143 4237/6150 3099/4527
f 2957/4302 2958/4303 2959/4304
f 2957/4302 2959/4304 2960/4307
f 2960/4306 2959/4305 3775/5396
f 2960/4306 3775/5396 4233/6140
f 4233/6140 3775/5396 4237/6150
f 2415/3482 4463/6515 4464/6518
f 2958/4303 2961/4308 2429/3512
f 2958/4303 2429/3512 2959/4304
f 3775/5395 4236/6147 3644/5167
f 3775/5395 3644/5167 4237/6149
f 4236/6147 3624/5138 3644/5167
f 4464/6518 2442/3531 2443/3534
f 2442/3532 2431/3515 2443/3533
f 3272/4741 3271/4740 3407/4911
f 2757/3972 4326/6297 4325/6296
f 4312/6276 4311/6274 4310/6273
f 4310/6273 4311/6274 3620/5133
f 3335/4807 3338/4810 3333/4805
f 3531/5037 3533/5039 3534/5040
f 4587/6726 4600/6751 4584/6722
f 4602/6758 1151/1536 1153/1540
f 4584/6722 4588/6727 4585/6723
f 3535/5041 3768/5384 3769/5387
f 3535/5041 3769/5387 4686/6897
f 4686/6897 3769/5387 3638/5161
f 1153/1540 1152/1538 4671/6864
f 1153/1540 4671/6864 1154/1543
f 1154/1543 4671/6864 2031/2905
f 2031/2906 4671/6865 4672/6866
f 2031/2906 4672/6866 2018/2882
f 2018/2882 4672/6866 2019/2884
f 2019/2884 4672/6866 4674/6869
f 3638/5161 3637/5160 2022/2890
f 2022/2890 3637/5160 3635/5156
f 1993/2842 2010/2867 2415/3482
f 1995/2846 2012/2872 2005/2859
f 4235/6145 4236/6148 3775/5396
f 4236/6148 4235/6145 3778/5403
f 4236/6147 3778/5402 3624/5138
f 3778/5402 3609/5122 3624/5138
f 4464/6518 4463/6515 2442/3531
f 2442/3532 2433/3518 2431/3515
f 2442/3532 2441/3530 2433/3518
f 3609/5122 3442/4946 3610/5123
f 3220/4689 3207/4676 3219/4688
f 3270/4739 3208/4677 3271/4740
f 2647/3825 851/1068 856/1075
f 856/1076 851/1069 852/1070
f 2757/3972 2752/3963 4326/6297
f 4326/6297 4314/6278 4312/6276
f 4312/6276 4314/6278 4311/6274
f 547/600 1049/1382 1048/1380
f 4587/6726 4584/6722 4583/6721
f 4584/6722 4585/6723 4578/6714
f 1151/1536 1152/1538 1153/1540
f 3534/5040 4601/6754 3768/5384
f 3769/5387 3637/5160 3638/5161
f 4673/6867 4675/6870 4674/6869
f 3637/5160 3613/5126 3635/5156
f 4235/6145 2432/3517 3778/5403
f 2432/3516 3780/5409 3778/5401
f 3778/5402 3780/5410 3609/5122
f 2442/3532 4463/6516 2441/3530
f 3435/4939 3201/4670 3220/4689
f 3273/4742 3632/5153 3623/5137
f 3623/5137 3632/5153 3970/5727
f 855/1073 840/1050 2479/3584
f 2755/3967 745/917 2750/3959
f 1050/1383 1048/1380 1051/1384
f 3338/4810 3345/4817 3333/4805
f 3530/5036 3532/5038 3531/5037
f 3532/5038 3533/5039 3531/5037
f 4586/6725 1151/1537 4583/6721
f 3533/5039 4582/6719 3792/5443
f 3533/5039 3792/5443 4601/6754
f 4648/6830 3768/5385 4601/6755
f 4599/6750 4648/6829 4601/6753
f 4648/6831 4646/6825 4647/6826
f 4648/6831 4647/6826 3768/5386
f 4647/6827 3634/5155 3637/5160
f 3768/5384 4647/6827 3637/5160
f 4671/6865 1152/1539 4670/6863
f 3637/5160 3634/5155 3613/5126
f 3635/5156 3612/5125 3636/5158
f 3636/5158 3612/5125 2012/2871
f 2010/2867 4465/6520 2415/3482
f 3633/5154 3111/4550 3795/5450
f 2008/2863 3633/5154 3795/5450
f 2432/3516 2435/3520 3780/5409
f 2441/3530 2436/3522 2434/3519
f 4463/6516 2444/3536 2441/3530
f 2646/3824 2648/3826 2647/3825
f 2647/3825 2648/3826 850/1066
f 2647/3825 850/1066 851/1068
f 4311/6275 3342/4814 3620/5134
f 3620/5134 3342/4814 3337/4809
f 3491/4997 3543/5051 3492/4998
f 3492/4998 3543/5051 3539/5046
f 4577/6713 4576/6712 4586/6725
f 3532/5038 3615/5128 3533/5039
f 4581/6718 3792/5444 4582/6720
f 4645/6824 3791/5442 4647/6826
f 4647/6827 3791/5440 3634/5155
f 4651/6836 4643/6821 4646/6825
f 3635/5156 3613/5126 3612/5125
f 3612/5125 3633/5154 2012/2871
f 4465/6521 1990/2839 2009/2866
f 4465/6520 2009/2865 2415/3482
f 2415/3482 2009/2865 2013/2873
f 3111/4550 3633/5154 3608/5121
f 3111/4550 3608/5121 3780/5410
f 2415/3482 2013/2873 4463/6515
f 3780/5410 3608/5121 3609/5122
f 2444/3536 2438/3525 2441/3530
f 3609/5122 3608/5121 3442/4946
f 4463/6515 2449/3543 2444/3535
f 3435/4939 3433/4937 3434/4938
f 2836/4073 2649/3827 2646/3824
f 2646/3824 2649/3827 2648/3826
f 852/1070 838/1047 839/1048
f 1075/1421 1839/2586 1818/2553
f 3543/5051 3542/5050 3539/5046
f 3537/5044 3539/5046 3530/5036
f 4576/6711 1139/1518 4586/6724
f 3532/5038 3701/5253 3615/5128
f 4586/6724 1139/1518 1151/1536
f 1151/1536 4640/6817 1152/1538
f 3612/5125 3608/5121 3633/5154
f 4463/6515 2013/2873 3800/5459
f 4463/6515 3800/5459 2449/3543
f 2444/3536 2449/3544 2447/3541
f 2447/3541 2439/3526 2444/3536
f 3435/4939 3434/4938 3201/4670
f 2836/4073 2837/4074 2649/3827
f 839/1048 840/1051 855/1074
f 2752/3963 4328/6300 4326/6297
f 3334/4806 3489/4995 3491/4997
f 3530/5036 3536/5042 3532/5038
f 3532/5038 3536/5042 3680/5225
f 1141/1521 1139/1518 4576/6711
f 4576/6712 4239/6153 4572/6705
f 3700/5252 3615/5128 3701/5253
f 1139/1518 4640/6817 1151/1536
f 4643/6821 4641/6819 4642/6820
f 2009/2866 1999/2851 2011/2870
f 2009/2865 2011/2869 2013/2873
f 2439/3526 3799/5457 2438/3525
f 2449/3544 2448/3542 2447/3541
f 2447/3541 2448/3542 2439/3526
f 4326/6297 4327/6298 4314/6278
f 1048/1380 1053/1386 1051/1384
f 1051/1384 1053/1386 1054/1387
f 2752/3962 2900/4194 4328/6299
f 3345/4817 3343/4815 3333/4805
f 3333/4805 3489/4995 3334/4806
f 3539/5046 3540/5047 3530/5036
f 4572/6705 4239/6153 4536/6641
f 3700/5252 3701/5253 3532/5038
f 3615/5128 3613/5126 3634/5155
f 2448/3542 3797/5454 2439/3526
f 2439/3526 3797/5454 3799/5457
f 2449/3544 3797/5454 2448/3542
f 2449/3543 3800/5459 3797/5453
f 3441/4945 3442/4946 3433/4937
f 851/1069 838/1047 852/1070
f 2900/4195 4327/6298 4328/6300
f 3344/4816 3489/4995 3333/4805
f 1137/1514 1141/1521 4572/6704
f 1141/1521 1137/1514 1139/1518
f 3536/5042 3682/5227 3680/5225
f 3680/5225 3681/5226 3532/5038
f 3700/5252 3614/5127 3615/5128
f 3608/5121 3612/5125 3443/4947
f 3608/5121 3443/4947 3442/4946
f 3800/5460 3798/5456 3797/5455
f 3407/4911 3218/4687 3272/4741
f 3272/4741 3218/4687 3273/4742
f 4314/6278 4315/6280 4311/6274
f 1049/1382 597/698 1048/1380
f 1048/1380 597/698 1053/1386
f 4311/6275 4315/6279 3342/4814
f 3491/4997 3489/4995 3543/5051
f 3542/5050 3540/5047 3539/5046
f 3530/5036 3540/5047 3536/5042
f 4535/6640 4637/6810 4638/6813
f 4637/6812 4636/6809 4638/6815
f 4638/6814 3681/5226 3680/5225
f 4638/6814 3614/5127 3681/5226
f 4639/6816 4635/6808 4653/6839
f 1139/1518 4633/6805 4640/6817
f 4640/6818 4633/6806 4639/6816
f 3614/5127 3478/4983 3613/5126
f 3615/5128 3614/5127 3613/5126
f 3612/5125 3444/4948 3443/4947
f 3800/5460 2013/2875 3798/5456
f 3798/5456 2013/2875 2440/3528
f 3219/4688 3207/4676 3208/4677
f 851/1069 850/1067 838/1047
f 2750/3959 2751/3960 2752/3962
f 4327/6298 4315/6280 4314/6278
f 2900/4195 1267/1707 4327/6298
f 3337/4809 3339/4811 3338/4810
f 3343/4815 3344/4816 3333/4805
f 3540/5047 3541/5048 3536/5042
f 1136/1513 1133/1510 1137/1514
f 4529/6632 4532/6635 4523/6625
f 4525/6627 4652/6837 4678/6875
f 4652/6838 4669/6862 4678/6876
f 3536/5042 4330/6304 3682/5227
f 4330/6304 3479/4984 3614/5127
f 3682/5227 4330/6304 3614/5127
f 4639/6816 4633/6806 4635/6808
f 2837/4074 3972/5732 2649/3827
f 3632/5153 3752/5352 3970/5727
f 838/1047 836/1045 839/1048
f 839/1048 836/1045 840/1051
f 745/917 2931/4255 2750/3959
f 1134/1511 1133/1510 1136/1513
f 3541/5048 3770/5388 3536/5042
f 3779/5407 4330/6306 3536/5043
f 4680/6881 4630/6800 4330/6307
f 3779/5405 4680/6879 4330/6305
f 1137/1514 1133/1510 1138/1516
f 1137/1514 1138/1516 1139/1518
f 4633/6806 4623/6787 4634/6807
f 3613/5126 3444/4948 3612/5125
f 3442/4946 3443/4947 3433/4937
f 3218/4687 3408/4912 3273/4742
f 3273/4742 3621/5135 3632/5153
f 850/1067 837/1046 838/1047
f 838/1047 837/1046 836/1045
f 1054/1387 1822/2559 1839/2587
f 3342/4814 3339/4811 3337/4809
f 3338/4810 3340/4812 3345/4817
f 3345/4817 3340/4812 3343/4815
f 4623/6787 4612/6773 4679/6878
f 4630/6799 3479/4984 4330/6304
f 1138/1517 4612/6773 4623/6787
f 3614/5127 3479/4984 3478/4983
f 3613/5126 3478/4983 3444/4948
f 3433/4937 3199/4668 3434/4938
f 3206/4675 3208/4677 3207/4676
f 3271/4740 3218/4687 3407/4911
f 3273/4742 3408/4912 3621/5135
f 3632/5153 3621/5135 3752/5352
f 520/553 609/723 2285/3272
f 2649/3827 2683/3864 2682/3863
f 2649/3827 2682/3863 2648/3826
f 2648/3826 2682/3863 850/1066
f 836/1045 1598/2189 840/1051
f 2751/3960 2753/3964 2752/3962
f 1053/1386 1059/1393 1054/1387
f 1054/1387 1059/1393 1822/2559
f 2752/3962 2753/3964 2900/4194
f 4315/6279 1265/1704 3342/4814
f 3338/4810 3339/4811 3340/4812
f 1133/1510 1134/1511 1135/1512
f 4680/6880 4621/6783 4630/6801
f 4621/6783 4605/6762 4630/6801
f 4630/6799 4605/6761 3479/4984
f 1138/1517 4611/6772 4612/6773
f 3443/4947 3163/4632 3433/4937
f 3433/4937 3432/4936 3199/4668
f 3220/4689 3202/4671 3207/4676
f 3208/4677 3217/4686 3271/4740
f 3621/5135 3753/5354 3752/5352
f 3972/5732 2683/3864 2649/3827
f 1266/1706 1265/1705 4315/6281
f 3487/4993 3542/5050 3543/5051
f 3542/5050 3544/5052 3540/5047
f 3540/5047 3688/5235 3541/5048
f 3541/5048 3688/5235 4567/6692
f 4611/6772 4608/6765 4612/6773
f 4612/6773 4608/6765 4679/6878
f 4605/6761 3702/5254 3479/4984
f 3201/4670 3202/4671 3220/4689
f 3271/4740 3217/4686 3218/4687
f 597/698 1064/1402 1053/1386
f 1053/1386 1064/1402 1059/1393
f 2900/4195 1268/1710 1267/1707
f 1267/1708 1268/1711 1266/1706
f 3340/4812 3349/4822 3343/4815
f 3343/4815 3490/4996 3344/4816
f 4526/6628 1135/1512 1134/1511
f 4603/6759 4604/6760 4605/6762
f 4604/6760 3702/5255 4605/6762
f 1135/1512 4609/6766 1133/1510
f 1133/1510 4609/6766 4611/6771
f 3444/4948 3163/4632 3443/4947
f 3433/4937 3163/4632 3432/4936
f 3201/4670 3200/4669 3202/4671
f 2900/4194 2753/3964 1268/1709
f 3342/4814 1269/1712 3339/4811
f 3344/4816 3490/4996 3489/4995
f 3489/4995 3487/4993 3543/5051
f 4521/6623 4530/6633 4528/6631
f 3540/5047 4566/6690 3688/5235
f 4604/6760 3480/4986 3702/5255
f 4608/6765 4609/6767 4607/6764
f 4608/6765 4607/6764 4603/6759
f 4611/6772 4609/6767 4608/6765
f 3702/5254 3480/4985 3479/4984
f 3199/4668 3200/4669 3434/4938
f 3434/4938 3200/4669 3201/4670
f 3621/5135 3761/5370 3753/5354
f 4282/6228 4277/6218 4279/6222
f 1868/2646 1601/2192 1607/2201
f 2682/3863 2917/4226 850/1066
f 850/1067 2917/4227 837/1046
f 530/571 1065/1403 597/698
f 597/698 1065/1403 1064/1402
f 1059/1394 1068/1407 1822/2558
f 1268/1711 1264/1703 1266/1706
f 1264/1703 1262/1701 1265/1705
f 1266/1706 1264/1703 1265/1705
f 1265/1704 1262/1700 3342/4814
f 3340/4812 3346/4818 3349/4822
f 3490/4996 3488/4994 3489/4995
f 3488/4994 3487/4993 3489/4995
f 3542/5050 3487/4993 3544/5052
f 4526/6628 4681/6883 1135/1512
f 4606/6763 3695/5246 4604/6760
f 4530/6633 3688/5236 4566/6691
f 1135/1512 4610/6768 4609/6766
f 4609/6767 4610/6769 4607/6764
f 3202/4671 3206/4675 3207/4676
f 3972/5732 2860/4117 2683/3864
f 4280/6224 4278/6219 4277/6217
f 2683/3864 2684/3865 2682/3863
f 836/1045 1602/2194 1598/2189
f 2751/3960 2754/3965 2753/3964
f 1065/1403 1066/1404 1064/1402
f 1064/1402 1066/1404 1068/1408
f 2753/3964 1272/1717 1268/1709
f 1272/1718 1263/1702 1268/1711
f 1268/1711 1263/1702 1264/1703
f 3342/4814 1262/1700 1269/1712
f 3544/5052 3545/5053 3540/5047
f 1142/1522 1140/1519 4526/6628
f 3540/5047 4540/6646 4566/6690
f 3480/4985 3477/4982 3479/4984
f 3477/4982 3478/4983 3479/4984
f 3408/4912 3622/5136 3621/5135
f 2860/4117 2691/3872 2683/3864
f 2683/3864 2691/3872 2685/3866
f 2683/3864 2685/3866 2684/3865
f 829/1034 1602/2194 836/1045
f 1264/1703 1261/1699 1262/1701
f 530/571 1067/1406 1065/1403
f 2753/3964 2761/3978 1272/1717
f 1272/1718 2761/3979 1263/1702
f 1263/1702 1261/1699 1264/1703
f 3349/4822 3350/4823 3343/4815
f 1142/1522 1143/1523 1140/1519
f 4526/6628 1140/1519 4681/6883
f 4606/6763 4613/6774 3695/5246
f 3695/5246 4613/6774 3694/5244
f 4607/6764 4622/6785 4606/6763
f 3694/5243 3477/4982 3695/5245
f 3695/5245 3477/4982 3480/4985
f 3208/4677 3206/4675 3217/4686
f 3216/4685 3409/4913 3408/4912
f 3218/4687 3216/4685 3408/4912
f 3408/4912 3410/4914 3622/5136
f 2917/4227 828/1033 837/1046
f 837/1046 828/1033 829/1034
f 837/1046 829/1034 836/1045
f 1065/1403 1067/1406 1066/1404
f 3343/4815 3353/4826 3490/4996
f 3487/4993 3485/4991 3544/5052
f 3540/5047 4563/6682 4540/6646
f 4614/6775 4565/6689 4613/6774
f 4613/6774 4565/6689 4620/6782
f 4622/6785 4615/6776 4606/6763
f 4620/6781 3477/4982 3694/5243
f 4610/6770 4681/6885 4622/6786
f 2860/4117 3974/5736 2691/3872
f 3621/5135 3622/5136 3761/5370
f 2682/3863 2684/3865 2917/4226
f 1066/1404 1828/2569 1068/1408
f 2761/3979 1260/1698 1263/1702
f 1263/1702 1260/1698 1261/1699
f 1261/1699 1253/1687 1262/1701
f 3339/4811 3341/4813 3340/4812
f 3350/4823 3353/4826 3343/4815
f 3545/5053 4563/6682 3540/5047
f 1143/1523 1144/1524 1140/1519
f 4625/6791 4616/6777 4541/6649
f 4563/6682 3477/4982 4620/6781
f 4681/6884 4618/6779 4622/6785
f 4622/6785 4618/6779 4615/6776
f 3408/4912 3409/4913 3410/4914
f 3622/5136 3965/5721 3761/5370
f 1260/1698 1253/1687 1261/1699
f 1253/1687 1269/1713 1262/1701
f 1253/1687 3648/5175 1269/1713
f 1074/1419 1069/1409 1067/1406
f 1067/1406 1069/1409 1066/1404
f 1066/1404 1071/1412 1828/2569
f 1269/1712 3648/5174 3339/4811
f 3340/4812 3341/4813 3346/4818
f 3346/4818 3350/4823 3349/4822
f 3488/4994 3486/4992 3487/4993
f 3545/5053 3619/5132 4563/6682
f 3619/5132 3477/4982 4563/6682
f 1140/1520 4618/6779 4681/6884
f 3478/4983 3445/4949 3444/4948
f 3622/5136 3410/4914 3965/5721
f 2917/4227 818/1019 828/1033
f 828/1033 819/1021 829/1034
f 2754/3965 2760/3976 2753/3964
f 2753/3964 2760/3976 2761/3978
f 1069/1409 1070/1410 1066/1404
f 1066/1404 1070/1410 1071/1412
f 1071/1411 1830/2572 1828/2568
f 1260/1698 1252/1686 1253/1687
f 3490/4996 3353/4826 3488/4994
f 4546/6656 4632/6803 1144/1524
f 1156/1548 4543/6651 4544/6652
f 1144/1524 4632/6803 1140/1519
f 4617/6778 4619/6780 4616/6777
f 3619/5132 3617/5130 3477/4982
f 1140/1520 4617/6778 4618/6779
f 3432/4936 3162/4631 3199/4668
f 3410/4914 3763/5374 3965/5721
f 4306/6263 602/708 4285/6231
f 2917/4226 2684/3865 818/1018
f 829/1034 819/1021 1602/2194
f 2754/3966 3913/5645 2760/3977
f 1252/1686 3648/5175 1253/1687
f 1074/1419 1072/1414 1069/1409
f 2761/3978 1273/1719 1260/1697
f 1260/1698 1273/1720 1252/1686
f 3648/5174 3647/5172 3339/4811
f 3485/4991 3545/5053 3544/5052
f 1140/1520 4626/6793 4617/6778
f 3444/4948 3445/4949 3163/4632
f 3199/4668 3198/4667 3200/4669
f 2861/4119 2691/3872 3974/5736
f 2685/3866 2686/3867 2684/3865
f 828/1033 818/1019 819/1021
f 1273/1720 1250/1683 1252/1686
f 1250/1683 1251/1685 3648/5175
f 1252/1686 1250/1683 3648/5175
f 1251/1684 3647/5172 3648/5174
f 3647/5172 3341/4813 3339/4811
f 1146/1527 4546/6657 4551/6664
f 4546/6656 1145/1525 4632/6803
f 4574/6708 4549/6661 4668/6860
f 4549/6662 4656/6842 4668/6861
f 1140/1519 4632/6803 4626/6792
f 4626/6793 4632/6804 4631/6802
f 3163/4632 3162/4631 3432/4936
f 3162/4631 3166/4635 3199/4668
f 3203/4672 3202/4671 3200/4669
f 3217/4686 3216/4685 3218/4687
f 2760/3976 1276/1723 2761/3978
f 1071/1411 1829/2570 1830/2572
f 2761/3978 1276/1723 1273/1719
f 1071/1412 1070/1410 1829/2571
f 4546/6656 1146/1526 1145/1525
f 4659/6847 4657/6843 4571/6703
f 4632/6804 1157/1550 4631/6802
f 4631/6802 1157/1550 4654/6840
f 3445/4949 3446/4950 3163/4632
f 3200/4669 3198/4667 3203/4672
f 3206/4675 3213/4682 3212/4681
f 3206/4675 3212/4681 3217/4686
f 3410/4914 3762/5372 3763/5374
f 2686/3867 2891/4177 2684/3865
f 2684/3865 2891/4177 818/1018
f 818/1019 813/1012 819/1021
f 1250/1683 3647/5173 1251/1685
f 1273/1719 1276/1723 1271/1715
f 1273/1720 1271/1716 1250/1683
f 3559/5067 3488/4994 3353/4826
f 3486/4992 3485/4991 3487/4993
f 1160/1556 4552/6665 4553/6667
f 1146/1526 1147/1528 1145/1525
f 1145/1525 1157/1549 4632/6803
f 3617/5130 3476/4981 3477/4982
f 3477/4982 3474/4979 3478/4983
f 3478/4983 3474/4979 3445/4949
f 3446/4950 3161/4630 3163/4632
f 3161/4630 3162/4631 3163/4632
f 3166/4635 3198/4667 3199/4668
f 3206/4675 3205/4674 3213/4682
f 3216/4685 3411/4915 3409/4913
f 2691/3872 2687/3868 2685/3866
f 2891/4177 830/1035 818/1018
f 818/1019 830/1036 814/1013
f 2760/3976 2762/3980 1276/1723
f 1513/2083 1512/2081 1072/1415
f 1072/1414 1512/2080 1070/1410
f 1070/1410 1512/2080 1073/1417
f 1070/1410 1073/1417 1829/2571
f 1829/2570 1073/1416 1827/2567
f 1271/1716 1248/1681 1250/1683
f 1250/1683 1248/1681 3647/5173
f 3629/5147 3341/4813 3647/5172
f 3485/4991 3546/5054 3545/5053
f 4553/6666 1148/1530 1160/1555
f 3546/5054 3618/5131 3545/5053
f 1148/1530 1147/1528 1146/1526
f 3545/5053 3618/5131 3619/5132
f 1158/1552 4658/6844 4655/6841
f 3205/4674 3206/4675 3202/4671
f 3409/4913 3728/5303 3410/4914
f 2861/4119 2690/3871 2691/3872
f 3728/5303 3961/5715 3762/5372
f 3410/4914 3728/5303 3762/5372
f 582/667 4289/6238 4291/6240
f 2687/3868 2686/3867 2685/3866
f 819/1021 813/1012 1628/2238
f 1513/2083 1510/2078 1512/2081
f 1073/1416 1517/2088 1827/2567
f 1248/1681 3725/5298 3647/5173
f 3647/5172 3725/5297 3629/5147
f 1148/1530 1149/1532 1147/1528
f 4661/6849 3886/5607 4665/6856
f 4556/6671 4661/6849 4665/6856
f 1147/1528 1158/1551 1145/1525
f 3619/5132 3618/5131 3617/5130
f 3617/5130 3618/5131 3476/4981
f 3162/4631 3161/4630 3166/4635
f 3203/4672 3205/4674 3202/4671
f 3217/4686 3212/4681 3216/4685
f 2690/3871 2687/3868 2691/3872
f 1512/2081 1511/2079 1073/1416
f 1510/2078 1509/2076 1511/2079
f 1512/2081 1510/2078 1511/2079
f 1271/1716 1276/1724 1249/1682
f 1271/1716 1249/1682 1248/1681
f 1248/1681 1247/1680 3725/5298
f 1248/1681 1249/1682 1247/1680
f 3559/5067 3486/4992 3488/4994
f 1150/1534 1149/1532 1148/1530
f 4661/6849 4662/6850 3886/5607
f 4660/6848 4662/6850 4661/6849
f 4667/6859 4660/6848 1147/1529
f 2762/3980 3914/5646 1276/1723
f 1510/2078 1506/2072 1509/2076
f 3350/4823 3352/4825 3353/4826
f 3485/4991 3475/4980 3546/5054
f 4562/6681 4568/6694 1150/1535
f 3476/4981 3474/4979 3477/4982
f 3447/4951 3446/4950 3445/4949
f 3963/5718 2905/4204 2690/3871
f 3409/4913 3948/5697 3728/5303
f 830/1036 815/1014 814/1013
f 814/1013 815/1014 811/1009
f 814/1013 811/1009 813/1012
f 813/1012 1627/2236 1628/2238
f 1506/2072 1508/2075 1509/2076
f 1509/2076 1508/2075 1511/2079
f 1508/2075 1515/2086 1517/2088
f 1511/2079 1508/2075 1517/2088
f 1247/1680 1246/1679 3725/5298
f 1276/1724 2889/4175 1249/1682
f 1276/1723 2763/3982 2889/4174
f 3475/4980 3547/5055 3546/5054
f 4569/6697 1150/1534 4568/6695
f 4569/6697 4664/6852 1150/1534
f 4560/6677 4558/6674 3888/5610
f 3546/5054 3547/5055 3618/5131
f 1150/1534 4664/6852 1149/1532
f 4663/6851 3848/5534 3886/5607
f 3411/4915 3683/5228 3409/4913
f 3409/4913 3683/5228 4331/6308
f 4331/6308 3945/5694 3948/5697
f 3409/4913 4331/6308 3948/5697
f 4294/6244 4293/6243 4292/6241
f 2687/3868 2688/3869 2686/3867
f 3914/5646 2763/3982 1276/1723
f 2889/4175 2763/3983 1254/1688
f 2889/4175 1254/1688 1249/1682
f 1249/1682 1254/1688 1247/1680
f 3725/5297 1246/1678 3629/5147
f 3629/5147 3348/4820 3341/4813
f 3486/4992 3484/4990 3485/4991
f 3848/5534 3846/5529 3887/5609
f 1149/1533 4664/6853 4663/6851
f 3618/5131 3547/5055 3476/4981
f 3198/4667 3168/4637 3203/4672
f 3205/4674 3209/4678 3213/4682
f 3212/4681 3214/4683 3216/4685
f 4331/6308 3748/5344 3945/5694
f 4302/6256 4293/6243 4294/6244
f 2688/3869 862/1086 2686/3867
f 2686/3867 862/1086 2891/4177
f 862/1087 815/1014 830/1036
f 2891/4177 862/1086 830/1035
f 1514/2085 1505/2070 1506/2072
f 1506/2072 1505/2070 1504/2069
f 1506/2072 1504/2069 1508/2075
f 1508/2075 1504/2069 1515/2086
f 1254/1688 1243/1675 1247/1680
f 1246/1678 3348/4820 3629/5147
f 3348/4820 3347/4819 3341/4813
f 3341/4813 3347/4819 3346/4818
f 3559/5067 3562/5070 3486/4992
f 4664/6853 3847/5532 3848/5534
f 3205/4674 3204/4673 3209/4678
f 3216/4685 3214/4683 3411/4915
f 2905/4204 3975/5738 2690/3871
f 3958/5712 3748/5343 4331/6310
f 811/1009 812/1011 1627/2236
f 1514/2085 1507/2074 1505/2070
f 1504/2069 1516/2087 1515/2086
f 3347/4819 3351/4824 3346/4818
f 3346/4818 3351/4824 3350/4823
f 3161/4630 3165/4634 3166/4635
f 3203/4672 3204/4673 3205/4674
f 3683/5228 3954/5704 4331/6308
f 815/1014 809/1006 811/1009
f 1243/1675 3348/4821 1246/1679
f 3352/4825 3559/5067 3353/4826
f 3559/5067 3560/5068 3562/5070
f 3166/4635 3168/4637 3198/4667
f 3212/4681 3213/4682 3214/4683
f 3975/5738 2692/3873 2690/3871
f 2692/3873 2689/3870 2690/3871
f 2690/3871 2689/3870 2687/3868
f 811/1009 809/1006 812/1011
f 1507/2074 1502/2067 1505/2070
f 1505/2070 1502/2067 1504/2069
f 1504/2069 1503/2068 1516/2087
f 2765/3987 1270/1714 2763/3983
f 2763/3983 1270/1714 1244/1676
f 3547/5055 3475/4980 3476/4981
f 3445/4949 3474/4979 3447/4951
f 3165/4634 3167/4636 3166/4635
f 3683/5228 3956/5708 3954/5704
f 2687/3868 2689/3870 2688/3869
f 862/1087 809/1006 815/1014
f 809/1006 810/1008 812/1011
f 3914/5646 2764/3984 2763/3982
f 1502/2067 1503/2068 1504/2069
f 1503/2068 1518/2089 1516/2087
f 1244/1676 3790/5439 1243/1675
f 1243/1675 3790/5439 3348/4821
f 3348/4820 3790/5438 3347/4819
f 3351/4824 3352/4825 3350/4823
f 3559/5067 3352/4825 3355/4828
f 3355/4828 3560/5068 3559/5067
f 3485/4991 3481/4987 3475/4980
f 3475/4980 3474/4979 3476/4981
f 3411/4915 3956/5708 3683/5228
f 3975/5738 2846/4087 2692/3873
f 2764/3984 3909/5640 2763/3982
f 2763/3982 3909/5640 2765/3986
f 1503/2068 1498/2062 1518/2089
f 1270/1714 2765/3987 1245/1677
f 1270/1714 1245/1677 1244/1676
f 1245/1677 3790/5439 1244/1676
f 3562/5070 3484/4990 3486/4992
f 3485/4991 3484/4990 3481/4987
f 3475/4980 3473/4978 3474/4979
f 3473/4978 3471/4976 3474/4979
f 3164/4633 3165/4634 3161/4630
f 3203/4672 3186/4655 3204/4673
f 3214/4683 3412/4916 3411/4915
f 3411/4915 3412/4916 3698/5250
f 3411/4915 3698/5250 3956/5708
f 2688/3869 835/1043 862/1086
f 862/1087 835/1044 809/1006
f 835/1044 808/1005 809/1006
f 808/1005 807/1004 809/1006
f 809/1006 807/1004 810/1008
f 515/545 1501/2066 1502/2067
f 1502/2067 1501/2066 1499/2063
f 1502/2067 1499/2063 1503/2068
f 1503/2068 1499/2063 1498/2062
f 3358/4831 3351/4824 3347/4819
f 3447/4951 3164/4633 3446/4950
f 3446/4950 3164/4633 3161/4630
f 2693/3874 2692/3873 2846/4087
f 3698/5250 3740/5325 3956/5708
f 2688/3869 2689/3870 835/1043
f 807/1004 1626/2234 810/1008
f 3790/5438 3737/5318 3347/4819
f 2765/3986 2766/3988 1256/1690
f 2765/3987 1256/1691 1245/1677
f 3347/4819 3737/5318 3358/4831
f 3471/4976 3447/4951 3474/4979
f 3166/4635 3167/4636 3168/4637
f 3168/4637 3173/4642 3203/4672
f 3209/4678 3214/4683 3213/4682
f 835/1044 805/1002 808/1005
f 548/602 1497/2061 1501/2066
f 1501/2066 1497/2061 1499/2063
f 1245/1677 1255/1689 3737/5319
f 3204/4673 3210/4679 3209/4678
f 2888/4173 2693/3875 3857/5553
f 2692/3873 2693/3874 2689/3870
f 805/1002 806/1003 807/1004
f 808/1005 805/1002 807/1004
f 807/1004 806/1003 1626/2234
f 3909/5640 2766/3988 2765/3986
f 1497/2061 1495/2059 1499/2063
f 1495/2059 1496/2060 1498/2062
f 1499/2063 1495/2059 1498/2062
f 1255/1689 3750/5347 3737/5319
f 1245/1677 1256/1691 1255/1689
f 1256/1691 4388/6393 1255/1689
f 3750/5348 3777/5399 3358/4831
f 3737/5318 3750/5348 3358/4831
f 3358/4831 3359/4832 3351/4824
f 3562/5070 3563/5071 3484/4990
f 3475/4980 3481/4987 3473/4978
f 3186/4655 3197/4666 3204/4673
f 3204/4673 3197/4666 3210/4679
f 3412/4916 3699/5251 3698/5250
f 3698/5250 3749/5345 3740/5325
f 2693/3874 2694/3876 2689/3870
f 2689/3870 2694/3876 2696/3878
f 2689/3870 2696/3878 835/1043
f 806/1003 834/1042 1626/2234
f 3909/5640 3918/5651 2766/3988
f 3750/5347 1274/1721 1275/1722
f 1275/1722 3777/5400 3750/5347
f 548/602 1493/2057 1497/2061
f 2766/3988 2898/4190 1256/1690
f 1256/1691 2898/4191 4388/6393
f 4388/6393 1257/1692 1255/1689
f 3776/5397 3359/4832 3358/4831
f 3777/5399 3776/5397 3358/4831
f 3352/4825 3354/4827 3355/4828
f 3560/5068 3561/5069 3562/5070
f 3167/4636 3173/4642 3168/4637
f 3173/4642 3186/4655 3203/4672
f 3950/5700 3749/5346 3949/5699
f 2696/3878 827/1031 835/1043
f 1497/2061 1493/2057 1495/2059
f 1495/2059 1492/2055 1496/2060
f 1492/2055 1491/2054 1496/2060
f 1274/1721 1257/1692 1258/1693
f 4388/6393 1259/1695 1258/1693
f 1257/1692 4388/6393 1258/1693
f 1258/1693 3776/5398 3777/5400
f 1258/1693 1259/1695 3776/5398
f 3359/4832 3360/4834 3351/4824
f 3560/5068 3355/4828 3561/5069
f 3413/4917 3412/4916 3214/4683
f 2880/4157 2888/4173 3856/5551
f 2880/4156 2697/3879 2888/4172
f 3699/5251 3955/5706 3749/5345
f 3698/5250 3699/5251 3749/5345
f 2888/4172 2697/3879 2693/3874
f 835/1044 827/1032 805/1002
f 1493/2057 1489/2052 1492/2055
f 1495/2059 1493/2057 1492/2055
f 1492/2055 1489/2052 1490/2053
f 2766/3988 2767/3989 2898/4190
f 2898/4191 4387/6391 4388/6393
f 3776/5397 1259/1694 3359/4832
f 3351/4824 3360/4834 3356/4829
f 3356/4829 3354/4827 3351/4824
f 3351/4824 3354/4827 3352/4825
f 3210/4679 3211/4680 3209/4678
f 3214/4683 3215/4684 3413/4917
f 2697/3879 2695/3877 2693/3874
f 2693/3874 2695/3877 2694/3876
f 827/1032 817/1017 805/1002
f 553/611 1494/2058 1493/2057
f 1493/2057 1494/2058 1489/2052
f 2898/4191 2767/3990 4387/6391
f 1259/1696 4388/6394 3359/4833
f 4388/6394 4387/6392 3359/4833
f 3561/5069 3563/5071 3562/5070
f 3447/4951 3448/4952 3164/4633
f 3449/4953 3169/4638 3164/4633
f 3164/4633 3169/4638 3165/4634
f 3211/4680 3215/4684 3209/4678
f 3209/4678 3215/4684 3214/4683
f 3412/4916 3708/5264 3699/5251
f 2880/4156 2879/4154 2697/3879
f 817/1017 816/1016 805/1002
f 805/1002 816/1016 806/1003
f 2766/3988 3918/5651 2767/3989
f 1490/2053 1488/2051 1491/2054
f 4387/6392 4377/6372 3359/4833
f 1490/2053 1489/2052 1488/2051
f 2767/3990 4389/6397 4387/6391
f 3359/4833 4377/6372 3360/4835
f 3484/4990 3483/4989 3481/4987
f 3447/4951 3471/4976 3448/4952
f 3448/4952 3449/4953 3164/4633
f 3186/4655 3185/4654 3197/4666
f 3412/4916 3673/5215 3708/5264
f 806/1003 816/1016 834/1042
f 553/611 585/673 1494/2058
f 1494/2058 1487/2050 1489/2052
f 1489/2052 1487/2050 1488/2051
f 4389/6396 4376/6371 4387/6392
f 3169/4638 3170/4639 3165/4634
f 3165/4634 3170/4639 3167/4636
f 3197/4666 3211/4680 3210/4679
f 3412/4916 3413/4917 3673/5215
f 3673/5215 3729/5305 3708/5264
f 2697/3879 2704/3886 2695/3877
f 2695/3877 2890/4176 2694/3876
f 2694/3876 2890/4176 2696/3878
f 2696/3878 2890/4176 827/1031
f 3919/5653 2772/3997 2767/3989
f 3918/5651 3919/5653 2767/3989
f 1494/2058 585/673 1487/2050
f 1487/2050 1486/2049 1488/2051
f 2767/3989 2772/3997 4389/6395
f 4376/6371 3360/4835 4377/6372
f 3360/4834 4372/6366 3356/4829
f 3483/4989 3482/4988 3481/4987
f 3481/4987 3482/4988 3473/4978
f 3473/4978 3472/4977 3471/4976
f 2879/4154 2878/4152 2697/3879
f 827/1032 821/1023 817/1017
f 4376/6371 4373/6368 3360/4835
f 1581/2168 1580/2166 585/673
f 585/673 1580/2166 1485/2048
f 585/673 1485/2048 1487/2050
f 1487/2050 1485/2048 1486/2049
f 4389/6396 2839/4077 4374/6369
f 4389/6396 4374/6369 4376/6371
f 4376/6371 4374/6369 4373/6368
f 3354/4827 3357/4830 3355/4828
f 3357/4830 3561/5069 3355/4828
f 3482/4988 3472/4977 3473/4978
f 3167/4636 3172/4641 3173/4642
f 3173/4642 3175/4644 3186/4655
f 3853/5544 2697/3879 2878/4152
f 3673/5215 4022/5810 3729/5305
f 2704/3886 2890/4176 2695/3877
f 2890/4176 2936/4266 827/1031
f 827/1032 2936/4267 821/1023
f 821/1023 820/1022 817/1017
f 817/1017 820/1022 816/1016
f 816/1016 820/1022 822/1025
f 4389/6395 2772/3997 2839/4076
f 4373/6368 4372/6367 3360/4835
f 1581/2168 1579/2165 1580/2166
f 4372/6366 4370/6363 3356/4829
f 3175/4644 3185/4654 3186/4655
f 3413/4917 4022/5810 3673/5215
f 4021/5809 3729/5306 4022/5811
f 1941/2757 1943/2759 1942/2758
f 2697/3879 2698/3880 2704/3886
f 1580/2166 1579/2165 1485/2048
f 1485/2048 1484/2046 1486/2049
f 2839/4077 4375/6370 4374/6369
f 4374/6369 4371/6365 4373/6368
f 4373/6368 4371/6365 4372/6367
f 3356/4829 3357/4830 3354/4827
f 3852/5542 2699/3881 3853/5544
f 4021/5809 4022/5811 4020/5807
f 3413/4917 4020/5806 4022/5810
f 3853/5544 2699/3881 2697/3879
f 2772/3997 4386/6389 2839/4076
f 4371/6365 4370/6364 4372/6367
f 1579/2165 1578/2163 1483/2045
f 1579/2165 1483/2045 1485/2048
f 1485/2048 1483/2045 1484/2046
f 4374/6369 4375/6370 4371/6365
f 3483/4989 3569/5077 3482/4988
f 3170/4639 3171/4640 3167/4636
f 3167/4636 3171/4640 3172/4641
f 3173/4642 3174/4643 3175/4644
f 3215/4684 4024/5814 3413/4917
f 3413/4917 4024/5814 4020/5806
f 2699/3881 2698/3880 2697/3879
f 820/1022 823/1026 822/1025
f 3919/5653 2771/3995 2772/3997
f 2772/3997 2771/3995 4386/6389
f 1483/2045 1482/2043 1484/2046
f 2839/4077 4386/6390 4375/6370
f 4370/6363 4368/6360 3356/4829
f 3563/5071 3564/5072 3484/4990
f 3472/4977 3470/4975 3471/4976
f 3471/4976 3470/4975 3448/4952
f 3169/4638 3451/4955 3170/4639
f 3197/4666 3184/4653 3211/4680
f 3852/5542 2844/4083 2699/3881
f 2704/3886 2915/4223 2890/4176
f 2890/4176 2915/4223 2936/4266
f 821/1023 824/1027 820/1022
f 820/1022 824/1027 823/1026
f 557/619 1577/2162 1578/2163
f 1578/2163 1577/2162 1481/2042
f 1578/2163 1481/2042 1483/2045
f 1483/2045 1481/2042 1482/2043
f 4386/6390 4369/6362 4375/6370
f 4375/6370 4369/6362 4371/6365
f 3172/4641 3174/4643 3173/4642
f 3185/4654 3184/4653 3197/4666
f 3215/4684 3719/5285 4024/5814
f 2704/3886 2698/3880 2915/4223
f 1481/2042 1479/2039 1482/2043
f 4370/6364 4369/6362 4368/6361
f 4368/6360 4366/6356 3356/4829
f 3356/4829 4366/6356 4367/6358
f 3449/4953 3448/4952 3450/4954
f 3449/4953 3450/4954 3169/4638
f 3215/4684 3711/5271 3719/5285
f 1939/2755 1938/2754 1940/2756
f 1577/2162 1573/2157 1480/2041
f 1577/2162 1480/2041 1481/2042
f 1481/2042 1480/2041 1479/2039
f 4369/6362 4365/6355 4368/6361
f 4368/6361 4365/6355 4366/6357
f 3356/4829 3596/5104 3357/4830
f 3357/4830 3594/5102 3561/5069
f 3484/4990 3565/5073 3483/4989
f 3211/4680 3415/4919 3215/4684
f 3215/4684 3415/4919 3711/5271
f 3711/5271 3720/5287 3719/5285
f 2936/4267 826/1030 821/1023
f 821/1023 826/1030 824/1027
f 824/1027 825/1029 823/1026
f 823/1026 825/1029 1671/2305
f 1573/2157 1572/2155 1480/2041
f 1480/2041 1572/2155 1478/2038
f 4386/6390 4385/6388 4365/6355
f 4386/6390 4365/6355 4369/6362
f 4367/6358 3597/5105 3356/4829
f 3356/4829 3597/5105 3596/5104
f 3596/5104 3595/5103 3357/4830
f 3484/4990 3564/5072 3565/5073
f 3483/4989 3565/5073 3569/5077
f 3450/4954 3451/4955 3169/4638
f 2844/4083 3849/5536 2699/3881
f 2698/3880 2699/3881 2700/3882
f 2700/3882 2920/4232 2698/3880
f 2698/3880 2920/4232 2915/4223
f 826/1030 825/1029 824/1027
f 2771/3995 2770/3994 4386/6389
f 4386/6389 2770/3994 4385/6387
f 532/574 1572/2155 1573/2157
f 4366/6357 4365/6355 4367/6359
f 4365/6355 3597/5106 4367/6359
f 3357/4830 3595/5103 3594/5102
f 3415/4919 3712/5272 3711/5271
f 3711/5271 3712/5272 4016/5799
f 3711/5271 4016/5799 3720/5287
f 3849/5536 2702/3884 2699/3881
f 4015/5798 3719/5286 3720/5288
f 2771/3995 3925/5660 2770/3994
f 533/576 1570/2152 1572/2155
f 532/574 533/576 1572/2155
f 1572/2155 1500/2064 1478/2038
f 4385/6388 4382/6382 4362/6351
f 4385/6388 4362/6351 4365/6355
f 4362/6351 4364/6354 4365/6355
f 4365/6355 4364/6354 3597/5106
f 3597/5105 4363/6352 3596/5104
f 3561/5069 3594/5102 3563/5071
f 3563/5071 3593/5101 3564/5072
f 3450/4954 3452/4956 3451/4955
f 3170/4639 3189/4658 3171/4640
f 3184/4653 3196/4665 3211/4680
f 2702/3884 2701/3883 2699/3881
f 2699/3881 2701/3883 2700/3882
f 3925/5660 2864/4125 2770/3994
f 4364/6354 4363/6353 3597/5106
f 533/576 1571/2154 1570/2152
f 1570/2152 1574/2158 1572/2155
f 1570/2152 1575/2159 1574/2158
f 1572/2155 1574/2158 1500/2064
f 3470/4975 3450/4954 3448/4952
f 3176/4645 3175/4644 3174/4643
f 3849/5536 2854/4105 2702/3884
f 2700/3882 2922/4236 2920/4232
f 826/1030 1672/2307 825/1029
f 1575/2159 1576/2160 1574/2158
f 1576/2160 1724/2398 1500/2064
f 1574/2158 1576/2160 1500/2064
f 4385/6387 2768/3991 4382/6381
f 4362/6351 4358/6345 4364/6354
f 4364/6354 4358/6345 4363/6353
f 4363/6353 4358/6345 3741/5328
f 3741/5327 3596/5104 4363/6352
f 3596/5104 3598/5107 3595/5103
f 3595/5103 3592/5100 3594/5102
f 3563/5071 3594/5102 3593/5101
f 3565/5073 3568/5076 3569/5077
f 3188/4657 3189/4658 3170/4639
f 3175/4644 3184/4653 3185/4654
f 3211/4680 3414/4918 3415/4919
f 3415/4919 4011/5792 3712/5272
f 2701/3883 2922/4236 2700/3882
f 2922/4237 833/1040 826/1030
f 2920/4233 2922/4237 826/1030
f 826/1030 833/1040 831/1037
f 826/1030 831/1037 1672/2307
f 2770/3994 2768/3991 4385/6387
f 1571/2154 1564/2145 1570/2152
f 1570/2152 1564/2145 1568/2150
f 1570/2152 1568/2150 1575/2159
f 1575/2159 1568/2150 1576/2160
f 3482/4988 3570/5078 3472/4977
f 3451/4955 3188/4657 3170/4639
f 3175/4644 3176/4645 3184/4653
f 3415/4919 3414/4918 3416/4920
f 2854/4105 2703/3885 2702/3884
f 3415/4919 4013/5795 4011/5792
f 2702/3884 2703/3885 2701/3883
f 831/1037 832/1039 1672/2307
f 521/555 1561/2142 1564/2145
f 1564/2145 1563/2144 1568/2150
f 2768/3991 2919/4230 4382/6381
f 4382/6382 2919/4231 4362/6351
f 4362/6351 2919/4231 4358/6345
f 3741/5327 3722/5291 3596/5104
f 3596/5104 3722/5291 3598/5107
f 3593/5101 3600/5109 3564/5072
f 3569/5077 3570/5078 3482/4988
f 3470/4975 3469/4974 3450/4954
f 3172/4641 3171/4640 3174/4643
f 3211/4680 3196/4665 3414/4918
f 3416/4920 4013/5795 3415/4919
f 2864/4125 2769/3992 2770/3994
f 1564/2145 1561/2142 1563/2144
f 1563/2144 1566/2147 1568/2150
f 1576/2160 1568/2150 1566/2147
f 1576/2160 1566/2147 1724/2398
f 2768/3991 2773/3998 2919/4230
f 2919/4231 4355/6342 4358/6345
f 4358/6345 3722/5292 3741/5328
f 4358/6345 4355/6342 3722/5292
f 3598/5107 3158/4626 3595/5103
f 3565/5073 3567/5075 3568/5076
f 3472/4977 3469/4974 3470/4975
f 3176/4645 3187/4656 3184/4653
f 3414/4918 3417/4921 3416/4920
f 3858/5555 2703/3885 2854/4105
f 3416/4920 4010/5790 4013/5795
f 4011/5793 4013/5796 4010/5791
f 2770/3994 2769/3992 2768/3991
f 1567/2149 1558/2138 1561/2142
f 1561/2142 1558/2138 1560/2140
f 1561/2142 1560/2140 1563/2144
f 1563/2144 1560/2140 1565/2146
f 1563/2144 1565/2146 1566/2147
f 3722/5291 4354/6340 3598/5107
f 3568/5076 3570/5078 3569/5077
f 3472/4977 3570/5078 3469/4974
f 3469/4974 3468/4973 3450/4954
f 3451/4955 3452/4956 3188/4657
f 3184/4653 3187/4656 3196/4665
f 3858/5555 2848/4093 2703/3885
f 3416/4920 3764/5376 4010/5790
f 1953/2774 1972/2809 1644/2265
f 2703/3885 2705/3887 2701/3883
f 2705/3887 846/1060 2922/4236
f 2701/3883 2705/3887 2922/4236
f 1567/2149 1556/2136 1558/2138
f 1558/2138 1559/2139 1560/2140
f 2773/3998 4378/6373 2919/4230
f 2919/4231 4378/6374 4356/6343
f 2919/4231 4356/6343 4355/6342
f 3598/5107 4354/6340 3160/4629
f 3598/5107 3160/4629 3158/4626
f 3600/5109 3566/5074 3564/5072
f 3564/5072 3566/5074 3565/5073
f 3417/4921 4009/5788 3416/4920
f 3416/4920 4009/5788 3764/5376
f 2848/4093 2707/3889 2703/3885
f 1954/2775 1957/2780 1955/2777
f 846/1061 842/1054 833/1040
f 2922/4237 846/1061 833/1040
f 831/1037 841/1053 832/1039
f 1556/2136 1554/2132 1558/2138
f 1558/2138 1554/2132 1559/2139
f 1559/2139 1562/2143 1560/2140
f 1562/2143 1723/2397 1565/2146
f 1560/2140 1562/2143 1565/2146
f 4355/6342 4354/6341 3722/5292
f 3450/4954 3453/4957 3452/4956
f 3174/4643 3177/4646 3176/4645
f 831/1037 842/1054 841/1053
f 2768/3991 2769/3992 3938/5680
f 2768/3991 3938/5680 2773/3998
f 1556/2136 1555/2134 1554/2132
f 4356/6343 4353/6339 4355/6342
f 4353/6339 3159/4628 4354/6341
f 4355/6342 4353/6339 4354/6341
f 4354/6340 3159/4627 3160/4629
f 3595/5103 3158/4626 3592/5100
f 3566/5074 3567/5075 3565/5073
f 3171/4640 3180/4649 3174/4643
f 3174/4643 3180/4649 3177/4646
f 2849/4096 2848/4094 3982/5752
f 2849/4095 2707/3889 2848/4093
f 3417/4921 4006/5783 4009/5788
f 2706/3888 2705/3887 2703/3885
f 2707/3889 2706/3888 2703/3885
f 833/1040 842/1054 831/1037
f 1723/2397 1562/2143 1722/2396
f 1546/2123 1542/2116 1554/2132
f 1555/2134 1546/2123 1554/2132
f 1554/2132 1557/2137 1559/2139
f 1554/2132 1542/2116 1557/2137
f 1559/2139 1557/2137 1562/2143
f 2773/3998 2886/4168 4378/6373
f 4378/6374 4361/6350 4356/6343
f 3160/4629 3159/4627 3158/4626
f 3468/4973 3453/4957 3450/4954
f 3189/4658 3183/4652 3171/4640
f 3417/4921 3707/5262 4006/5783
f 1967/2799 1958/2782 1959/2783
f 2705/3887 2913/4220 846/1060
f 1542/2116 1543/2117 1557/2137
f 1543/2117 1722/2396 1562/2143
f 2773/3998 3938/5680 2774/3999
f 2773/3998 2774/3999 2886/4168
f 2886/4169 4361/6350 4378/6374
f 4356/6343 4351/6337 4353/6339
f 3159/4627 3157/4624 3158/4626
f 3158/4626 1/1 3592/5100
f 3594/5102 3592/5100 3593/5101
f 3171/4640 3183/4652 3180/4649
f 3418/4922 3707/5262 3417/4921
f 3414/4918 3418/4922 3417/4921
f 2850/4098 2849/4096 3983/5753
f 2850/4097 2707/3889 2849/4095
f 2850/4098 3983/5753 4002/5777
f 2707/3889 2827/4060 2706/3888
f 2705/3887 2706/3888 2913/4220
f 2913/4220 2935/4264 846/1060
f 846/1061 2935/4265 842/1054
f 1542/2116 1541/2115 1543/2117
f 1543/2117 1541/2115 1553/2131
f 1543/2117 1553/2131 1722/2396
f 4353/6339 4352/6338 3157/4625
f 4361/6350 2886/4169 4351/6337
f 4351/6337 4352/6338 4353/6339
f 3158/4626 3157/4624 1/1
f 3567/5075 3566/5074 3586/5094
f 3570/5078 3571/5079 3469/4974
f 3189/4658 3191/4660 3183/4652
f 3196/4665 3419/4923 3414/4918
f 3419/4923 3418/4922 3414/4918
f 3418/4922 4003/5778 3707/5262
f 2850/4097 3994/5767 2707/3889
f 842/1054 2935/4265 844/1057
f 842/1054 844/1057 843/1056
f 3938/5680 2634/3810 2774/3999
f 1546/2123 566/635 1540/2114
f 1546/2123 1540/2114 1542/2116
f 1542/2116 1540/2114 1541/2115
f 1541/2115 1552/2130 1553/2131
f 3157/4624 3152/4614 1/1
f 1/1 3152/4614 3154/4618
f 1/1 3155/4620 3599/5108
f 3469/4974 3571/5079 3468/4973
f 3468/4973 3466/4971 3453/4957
f 3452/4956 3453/4957 3188/4657
f 3187/4656 3419/4923 3196/4665
f 2851/4099 3994/5767 2850/4097
f 2851/4100 2850/4098 3995/5769
f 3995/5769 2850/4098 4002/5777
f 3418/4922 3755/5357 4003/5778
f 2825/4058 2827/4060 2707/3889
f 3994/5767 2825/4058 2707/3889
f 565/633 1960/2784 1860/2631
f 2827/4060 2828/4061 2706/3888
f 1541/2115 1538/2112 1552/2130
f 3157/4625 4352/6338 3152/4615
f 2774/3999 4379/6375 2886/4168
f 2886/4169 4379/6376 4351/6337
f 4351/6337 4335/6316 4352/6338
f 1/1 3599/5108 3592/5100
f 3593/5101 3590/5098 3600/5109
f 3418/4922 3419/4923 3625/5139
f 3418/4922 3625/5139 4004/5780
f 3418/4922 4004/5780 3755/5357
f 4002/5777 4003/5779 4001/5776
f 4001/5776 4003/5779 3755/5358
f 564/631 565/633 1961/2785
f 2828/4061 2913/4220 2706/3888
f 3938/5680 2623/3796 2634/3810
f 2774/3999 2634/3810 2775/4000
f 567/637 1536/2110 1540/2114
f 566/635 567/637 1540/2114
f 1540/2114 1539/2113 1541/2115
f 1540/2114 1536/2110 1539/2113
f 1541/2115 1539/2113 1538/2112
f 4352/6338 4335/6316 3152/4615
f 4335/6316 3153/4617 3152/4615
f 2774/3999 2777/4002 4379/6375
f 4379/6376 4341/6324 4351/6337
f 4351/6337 4341/6324 4335/6316
f 3152/4614 3153/4616 3154/4618
f 3154/4618 3153/4616 3155/4620
f 3600/5109 3590/5098 3566/5074
f 3571/5079 3467/4972 3468/4973
f 3453/4957 3190/4659 3188/4657
f 3188/4657 3190/4659 3189/4658
f 3183/4652 3182/4651 3180/4649
f 3176/4645 3179/4648 3187/4656
f 3419/4923 3423/4927 3625/5139
f 4001/5776 3755/5358 4004/5781
f 2828/4061 2935/4264 2913/4220
f 1535/2109 1586/2173 1538/2112
f 1537/2111 1535/2109 1538/2112
f 2775/4000 2777/4002 2774/3999
f 1536/2110 1537/2111 1539/2113
f 3153/4616 4336/6317 3155/4620
f 3468/4973 3467/4972 3466/4971
f 3992/5764 2825/4058 3994/5767
f 3995/5769 4000/5775 3997/5771
f 3993/5766 3995/5769 3997/5771
f 3423/4927 4008/5786 3625/5139
f 4000/5775 4004/5781 3625/5140
f 2828/4061 2902/4198 2935/4264
f 844/1057 847/1062 845/1059
f 2623/3796 2621/3794 2634/3810
f 567/637 1533/2107 1536/2110
f 1536/2110 1535/2109 1537/2111
f 1536/2110 1533/2107 1535/2109
f 4335/6316 4337/6319 4336/6318
f 4335/6316 4336/6318 3153/4617
f 4336/6317 4338/6320 3155/4620
f 3183/4652 3191/4660 3182/4651
f 3187/4656 3179/4648 3419/4923
f 3419/4923 3422/4926 3423/4927
f 3997/5771 4000/5775 4008/5787
f 2935/4265 2902/4199 844/1057
f 847/1062 1658/2285 845/1059
f 1533/2107 1534/2108 1535/2109
f 1535/2109 1534/2108 1569/2151
f 4337/6319 4338/6321 4336/6318
f 2777/4002 4380/6377 4379/6375
f 4379/6376 4380/6378 4341/6324
f 4380/6378 4340/6323 4341/6324
f 4341/6324 4340/6323 4337/6319
f 4338/6320 3156/4622 3155/4620
f 3155/4620 3156/4622 3599/5108
f 3592/5100 3590/5098 3593/5101
f 3566/5074 3585/5093 3586/5094
f 3567/5075 3583/5091 3568/5076
f 3454/4958 3190/4659 3453/4957
f 3189/4658 3190/4659 3191/4660
f 3180/4649 3178/4647 3177/4646
f 3177/4646 3178/4647 3176/4645
f 3178/4647 3179/4648 3176/4645
f 3422/4926 4023/5812 3423/4927
f 2834/4069 2825/4058 3992/5764
f 4023/5812 4008/5786 3423/4927
f 1408/1935 1409/1937 1403/1925
f 1403/1925 1409/1937 1964/2790
f 2827/4060 2826/4059 2828/4061
f 2826/4059 2902/4198 2828/4061
f 2902/4199 848/1063 844/1057
f 844/1057 848/1063 847/1062
f 1533/2107 1530/2101 1534/2108
f 1569/2151 1551/2129 1586/2173
f 1534/2108 1530/2101 1551/2129
f 4337/6319 3156/4623 4338/6321
f 4337/6319 4339/6322 3156/4623
f 4340/6323 4339/6322 4337/6319
f 3599/5108 3591/5099 3592/5100
f 3592/5100 3591/5099 3590/5098
f 3567/5075 3586/5094 3583/5091
f 3570/5078 3572/5080 3571/5079
f 3466/4971 3455/4959 3453/4957
f 3985/5756 3991/5763 3997/5771
f 3422/4926 3766/5380 4023/5812
f 3997/5771 4008/5787 4023/5813
f 592/688 1408/1935 1403/1925
f 592/688 1403/1925 1401/1922
f 1401/1922 1403/1925 1964/2790
f 2825/4058 2826/4059 2827/4060
f 2826/4059 2838/4075 2902/4198
f 2621/3794 2620/3793 2634/3810
f 4339/6322 3686/5232 3156/4623
f 3156/4622 3686/5231 3599/5108
f 3686/5231 3601/5110 3599/5108
f 3599/5108 3601/5110 3591/5099
f 3590/5098 3585/5093 3566/5074
f 3568/5076 3583/5091 3581/5089
f 3568/5076 3581/5089 3570/5078
f 3179/4648 3420/4924 3419/4923
f 3420/4924 3421/4925 3419/4923
f 3419/4923 3421/4925 3422/4926
f 2834/4069 2823/4055 2825/4058
f 1658/2286 849/1064 1731/2410
f 1531/2103 570/643 1528/2099
f 1528/2099 1529/2100 1530/2101
f 1531/2103 1528/2099 1530/2101
f 1530/2101 1529/2100 1551/2129
f 2777/4002 4381/6379 4380/6377
f 4340/6323 4342/6325 4339/6322
f 4339/6322 4342/6325 3686/5232
f 4380/6378 4381/6380 4340/6323
f 3601/5110 3667/5206 3591/5099
f 3420/4924 3676/5220 3421/4925
f 3984/5755 2823/4056 3985/5756
f 3421/4925 3765/5378 3422/4926
f 3422/4926 3765/5378 3766/5380
f 1407/1932 1653/2275 1652/2274
f 2824/4057 2838/4075 2826/4059
f 2825/4058 2824/4057 2826/4059
f 2620/3793 2628/3804 2634/3810
f 2634/3810 2628/3804 2775/4000
f 570/643 569/641 1528/2099
f 1528/2099 1527/2098 1529/2100
f 1529/2100 1527/2098 1582/2169
f 4342/6325 3601/5111 3686/5232
f 4381/6380 4345/6329 4340/6323
f 4340/6323 4345/6329 4342/6325
f 3601/5110 4343/6326 3667/5206
f 3586/5094 3585/5093 3583/5091
f 3453/4957 3455/4959 3454/4958
f 3191/4660 3190/4659 3192/4661
f 2823/4055 2824/4057 2825/4058
f 2775/4000 2628/3804 2776/4001
f 2775/4000 2776/4001 2777/4002
f 1528/2099 1526/2097 1527/2098
f 1582/2169 1527/2098 1585/2172
f 2777/4002 2776/4001 4381/6379
f 1527/2098 1526/2097 1525/2096
f 4342/6325 4343/6327 3601/5111
f 4342/6325 4344/6328 4343/6327
f 4381/6380 4383/6384 4345/6329
f 4345/6329 4344/6328 4342/6325
f 3667/5206 3668/5207 3591/5099
f 3570/5078 3581/5089 3572/5080
f 3987/5758 3984/5755 3986/5757
f 3988/5759 2823/4055 3984/5754
f 3987/5758 3988/5760 3984/5755
f 3987/5758 3986/5757 3996/5770
f 3676/5220 3759/5366 3421/4925
f 3421/4925 3759/5366 3765/5378
f 1399/1920 593/690 1400/1921
f 1400/1921 1405/1929 1404/1927
f 1404/1926 1405/1928 1652/2274
f 2829/4062 2824/4057 2823/4055
f 848/1063 666/804 849/1065
f 1527/2098 1525/2096 1585/2172
f 569/641 1544/2119 1526/2097
f 1544/2119 1522/2093 1526/2097
f 4344/6328 4346/6331 4343/6327
f 4343/6326 4346/6330 3667/5206
f 3667/5206 4346/6330 3668/5207
f 3591/5099 3589/5097 3590/5098
f 3467/4972 3465/4970 3466/4971
f 3454/4958 3192/4661 3190/4659
f 3420/4924 3678/5223 3677/5221
f 3420/4924 3677/5221 3676/5220
f 3677/5221 3759/5366 3676/5220
f 3988/5759 2832/4066 2823/4055
f 2823/4055 2832/4066 2829/4062
f 584/671 1399/1920 1398/1918
f 1404/1926 1652/2274 1656/2281
f 1522/2093 1524/2095 1525/2096
f 1585/2172 1524/2095 1584/2171
f 4345/6329 4347/6332 4344/6328
f 4344/6328 4347/6332 4346/6331
f 4383/6384 2929/4252 4345/6329
f 4346/6330 4348/6333 3668/5207
f 3668/5207 4334/6314 3591/5099
f 3585/5093 3584/5092 3583/5091
f 3572/5080 3581/5089 3580/5088
f 3571/5079 3572/5080 3573/5081
f 3571/5079 3573/5081 3467/4972
f 3466/4971 3463/4968 3455/4959
f 3420/4924 3179/4648 3424/4928
f 3424/4928 3679/5224 3420/4924
f 3420/4924 3679/5224 3678/5223
f 3989/5761 3988/5760 3987/5758
f 3989/5761 3987/5758 3990/5762
f 3989/5761 2832/4067 3988/5760
f 3987/5758 3998/5773 3999/5774
f 3677/5221 3998/5772 3759/5366
f 1398/1918 1404/1927 1406/1931
f 1406/1930 1404/1926 1656/2281
f 2824/4057 2934/4261 2838/4075
f 1544/2119 554/613 1522/2093
f 554/613 1519/2090 1522/2093
f 1522/2093 1523/2094 1524/2095
f 1522/2093 1519/2090 1521/2092
f 1522/2093 1521/2092 1523/2094
f 4347/6332 4348/6334 4346/6331
f 4383/6383 4381/6379 2929/4251
f 2929/4252 4350/6336 4345/6329
f 4345/6329 4350/6336 4347/6332
f 4348/6333 4334/6314 3668/5207
f 3192/4661 3193/4662 3191/4660
f 3191/4660 3193/4662 3182/4651
f 3678/5223 3679/5224 3721/5289
f 3678/5223 3721/5289 3677/5221
f 3999/5774 3998/5773 3677/5222
f 1397/1917 584/671 1398/1918
f 1397/1917 1398/1918 1396/1915
f 1396/1915 1398/1918 1406/1931
f 2829/4062 2831/4064 2824/4057
f 2628/3804 2630/3806 2776/4001
f 1521/2092 1587/2174 1584/2171
f 2776/4001 2778/4003 4381/6379
f 1519/2090 1520/2091 1521/2092
f 4349/6335 4334/6315 4348/6334
f 4347/6332 4349/6335 4348/6334
f 2929/4252 2928/4250 4350/6336
f 4334/6314 4333/6312 3591/5099
f 3591/5099 4333/6312 3589/5097
f 3466/4971 3465/4970 3463/4968
f 3455/4959 3456/4960 3454/4958
f 3456/4960 3192/4661 3454/4958
f 3179/4648 3425/4929 3424/4928
f 2832/4067 3989/5761 3990/5762
f 2832/4067 3990/5762 3979/5746
f 3990/5762 3999/5774 1893/2684
f 3979/5746 3990/5762 1893/2684
f 3679/5224 3747/5340 3721/5289
f 3747/5341 3999/5774 3721/5290
f 1410/1939 1397/1917 1387/1903
f 1396/1915 1386/1902 1387/1903
f 2824/4057 2831/4064 2934/4261
f 2628/3804 2625/3800 2630/3806
f 1521/2092 1520/2091 1587/2174
f 1520/2091 1549/2127 1587/2174
f 554/613 1545/2121 1519/2090
f 4381/6379 2778/4003 2929/4251
f 2929/4251 2778/4003 2928/4249
f 4332/6311 4333/6313 4334/6315
f 3580/5088 3573/5081 3572/5080
f 3467/4972 3574/5082 3465/4970
f 3455/4959 3463/4968 3456/4960
f 3679/5224 3424/4928 3746/5337
f 3977/5743 2832/4067 3979/5746
f 3679/5224 3746/5337 3747/5340
f 1402/1924 1410/1939 1387/1903
f 1386/1902 1657/2283 1840/2589
f 1549/2127 1550/2128 1587/2174
f 1545/2121 1532/2105 1519/2090
f 1532/2105 1547/2124 1520/2091
f 1519/2090 1532/2105 1520/2091
f 1520/2091 1547/2124 1549/2127
f 4349/6335 4332/6311 4334/6315
f 2928/4250 4384/6386 4350/6336
f 4350/6336 4357/6344 4349/6335
f 4333/6312 3630/5150 3589/5097
f 3589/5097 3585/5093 3590/5098
f 3467/4972 3573/5081 3574/5082
f 3182/4651 3181/4650 3180/4649
f 3180/4649 3181/4650 3178/4647
f 3178/4647 3181/4650 3179/4648
f 3977/5743 3979/5746 3978/5744
f 3977/5742 3976/5740 2822/4054
f 3977/5742 2822/4054 2832/4066
f 3424/4928 1894/2686 3746/5337
f 1402/1924 1387/1903 551/608
f 551/608 1387/1903 1386/1902
f 551/608 1386/1902 1384/1900
f 1384/1900 1386/1902 1840/2589
f 2829/4062 2830/4063 2831/4064
f 2630/3806 2633/3809 2776/4001
f 2776/4001 2633/3809 2778/4003
f 1532/2105 4230/6134 1548/2125
f 1532/2105 1548/2125 1547/2124
f 1547/2124 1550/2128 1549/2127
f 1547/2124 1548/2125 1550/2128
f 4349/6335 4357/6344 4333/6313
f 4349/6335 4333/6313 4332/6311
f 2928/4249 2778/4003 4384/6385
f 4384/6386 4406/6419 4350/6336
f 4350/6336 4406/6419 4357/6344
f 3630/5150 3631/5151 3589/5097
f 3193/4662 3181/4650 3182/4651
f 3179/4648 3181/4650 3426/4930
f 3179/4648 3426/4930 3425/4929
f 3425/4929 3724/5295 3424/4928
f 3424/4928 3724/5295 1894/2686
f 3978/5745 1893/2685 1892/2683
f 1892/2683 1893/2685 1894/2687
f 1893/2685 3746/5339 1894/2687
f 1384/1900 1840/2589 1385/1901
f 1385/1901 1840/2589 1428/1969
f 2832/4066 2830/4063 2829/4062
f 2831/4065 667/806 2934/4262
f 2934/4262 667/806 664/801
f 1532/2105 504/530 4230/6134
f 1548/2125 1583/2170 1550/2128
f 4357/6344 3630/5149 4333/6313
f 2778/4003 4414/6433 4384/6385
f 2778/4003 2779/4004 4414/6433
f 4384/6386 4414/6435 4406/6419
f 3630/5148 4360/6348 3631/5152
f 3426/4930 3666/5205 3425/4929
f 3425/4929 3666/5205 3723/5293
f 3976/5741 3978/5744 1895/2688
f 3980/5747 2822/4054 3976/5740
f 3425/4929 3723/5293 3724/5295
f 1892/2683 1894/2687 3724/5296
f 473/492 551/607 604/711
f 604/712 551/608 1384/1900
f 604/712 1384/1900 1383/1899
f 1383/1899 1384/1900 1385/1901
f 676/818 667/806 2831/4065
f 2830/4063 676/817 2831/4064
f 663/800 658/793 661/798
f 2630/3806 2625/3800 2626/3801
f 2630/3806 2626/3801 2633/3809
f 4230/6135 4227/6129 1548/2126
f 4230/6135 4228/6131 4227/6129
f 2778/4003 2633/3809 2779/4004
f 504/530 519/551 4228/6130
f 504/530 4228/6130 4230/6134
f 519/551 4226/6127 4228/6130
f 4406/6419 4359/6346 4357/6344
f 4357/6344 4359/6346 4360/6349
f 4357/6344 4360/6349 3630/5149
f 2779/4004 2852/4101 4414/6433
f 3631/5151 3657/5192 3589/5097
f 3589/5097 3588/5096 3585/5093
f 3584/5092 3582/5090 3583/5091
f 3583/5091 3582/5090 3581/5089
f 1895/2689 3978/5745 1887/2677
f 1887/2677 3978/5745 1892/2683
f 3666/5205 1886/2675 3723/5293
f 1892/2683 3724/5296 3723/5294
f 1385/1901 1428/1969 1411/1941
f 2822/4054 2830/4063 2832/4066
f 4226/6128 4227/6129 4228/6131
f 1548/2125 1588/2175 1583/2170
f 4359/6347 3631/5152 4360/6348
f 2852/4102 4405/6418 4414/6434
f 4414/6434 4405/6418 4406/6420
f 4406/6420 4405/6418 4359/6347
f 3657/5192 3602/5112 3589/5097
f 3585/5093 3587/5095 3584/5092
f 3581/5089 3579/5087 3580/5088
f 3666/5205 3426/4930 3715/5278
f 3981/5750 1895/2689 1887/2677
f 3666/5205 3715/5278 1886/2675
f 3981/5751 3980/5748 1895/2688
f 1887/2677 1892/2683 1885/2674
f 1892/2683 3723/5294 1886/2676
f 1427/1967 604/712 1389/1906
f 1389/1906 604/712 1388/1904
f 1388/1904 1383/1899 1411/1941
f 2633/3809 2626/3801 2629/3805
f 2633/3809 2631/3807 2779/4004
f 1583/2170 1588/2175 1589/2177
f 4226/6128 4225/6125 4227/6129
f 4225/6125 4231/6137 1588/2176
f 4227/6129 4225/6125 1588/2176
f 1588/2175 4231/6136 1589/2177
f 4231/6137 4225/6125 1716/2384
f 4359/6347 3657/5193 3631/5152
f 3589/5097 3602/5112 3588/5096
f 3588/5096 4416/6438 3585/5093
f 3582/5090 3579/5087 3581/5089
f 3580/5088 3575/5083 3573/5081
f 3573/5081 3575/5083 3574/5082
f 3456/4960 3194/4663 3192/4661
f 3181/4650 3427/4931 3426/4930
f 2821/4052 2822/4054 3980/5747
f 3981/5749 2821/4052 3980/5747
f 1885/2674 1886/2676 3715/5279
f 1391/1909 1390/1908 1388/1904
f 1390/1908 1389/1906 1388/1904
f 1388/1904 1411/1941 1391/1909
f 2822/4054 678/821 2830/4063
f 678/821 676/817 2830/4063
f 2633/3809 2629/3805 2631/3807
f 4231/6136 1716/2383 1589/2177
f 2852/4102 4413/6432 4405/6418
f 2852/4101 2779/4004 4413/6431
f 4405/6418 4394/6404 4359/6347
f 4359/6347 4394/6404 3602/5113
f 4359/6347 3602/5113 3657/5193
f 4405/6418 4413/6432 4394/6404
f 3602/5112 3727/5301 3588/5096
f 4416/6438 3587/5095 3585/5093
f 3574/5082 3464/4969 3465/4970
f 3192/4661 3194/4663 3193/4662
f 3427/4931 1882/2670 3715/5278
f 3426/4930 3427/4931 3715/5278
f 2821/4053 3981/5750 1884/2673
f 3981/5750 1887/2677 1884/2673
f 1884/2673 1887/2677 1885/2674
f 1393/1912 1390/1908 1392/1910
f 1392/1910 1391/1909 1661/2291
f 1392/1910 1390/1908 1391/1909
f 1391/1909 1411/1941 1661/2291
f 2822/4054 2820/4051 678/821
f 678/822 662/799 676/818
f 662/799 654/788 657/792
f 654/788 656/791 657/792
f 4232/6139 4224/6124 563/629
f 4224/6124 4222/6121 4225/6125
f 563/629 4224/6124 4225/6125
f 4222/6121 1715/2382 1716/2384
f 4225/6125 4222/6121 1716/2384
f 4394/6404 3727/5302 3602/5113
f 4394/6404 4390/6398 3727/5302
f 3727/5301 4392/6401 3588/5096
f 3587/5095 3582/5090 3584/5092
f 1907/2708 1884/2673 1883/2672
f 3427/4931 3745/5335 1882/2670
f 1907/2708 2821/4053 1884/2673
f 1907/2707 2818/4048 2821/4052
f 546/598 1393/1912 1394/1913
f 2821/4052 2820/4051 2822/4054
f 1394/1913 1392/1910 1395/1914
f 1395/1914 1392/1910 1661/2291
f 2779/4004 2780/4005 4413/6431
f 4224/6124 4223/6123 4222/6121
f 4222/6121 1713/2378 1715/2382
f 4413/6431 2780/4005 2841/4080
f 4390/6398 4392/6402 3727/5302
f 2841/4080 4411/6427 4413/6431
f 4413/6432 4411/6428 4394/6404
f 4411/6428 4393/6403 4394/6404
f 4394/6404 4393/6403 4390/6398
f 4391/6399 3603/5114 3588/5096
f 4392/6401 4391/6399 3588/5096
f 3588/5096 3603/5114 4416/6438
f 3194/4663 3195/4664 3193/4662
f 3193/4662 3195/4664 3181/4650
f 3181/4650 3430/4934 3429/4933
f 3181/4650 3429/4933 3428/4932
f 3181/4650 3428/4932 3427/4931
f 3427/4931 3428/4932 1880/2667
f 3427/4931 1880/2667 3745/5335
f 1906/2706 1907/2708 1883/2672
f 1906/2705 2818/4048 1907/2707
f 1883/2672 1884/2673 1881/2669
f 1881/2669 1882/2671 3745/5336
f 288/296 546/597 1412/1942
f 546/598 1394/1913 1412/1943
f 1412/1943 1394/1913 1395/1914
f 1412/1943 1395/1914 1413/1944
f 1413/1944 1395/1914 1415/1947
f 1415/1947 1395/1914 1663/2294
f 1395/1914 1661/2291 1663/2294
f 654/788 653/787 656/791
f 2629/3805 799/991 2631/3807
f 2631/3807 2632/3808 2779/4004
f 2779/4004 2632/3808 2780/4005
f 4223/6123 4221/6120 4222/6121
f 4390/6398 4391/6400 4392/6402
f 4222/6121 4191/6075 1713/2378
f 4222/6121 4221/6120 4191/6075
f 4390/6398 4393/6403 4391/6400
f 3462/4967 3456/4960 3463/4968
f 3456/4960 3457/4961 3194/4663
f 1906/2706 1883/2672 1888/2678
f 3428/4932 1879/2665 1880/2667
f 1883/2672 1881/2669 1878/2664
f 1881/2669 3745/5336 1880/2668
f 1878/2664 1881/2669 1880/2668
f 290/299 1412/1943 1414/1945
f 1414/1945 1412/1943 1413/1944
f 1414/1945 1413/1944 1416/1948
f 1416/1948 1413/1944 1415/1947
f 1416/1948 1415/1947 1420/1953
f 2821/4052 2818/4048 2820/4051
f 2820/4051 660/795 678/821
f 2631/3807 799/991 2632/3808
f 4190/6074 4193/6078 1713/2378
f 2780/4005 2781/4006 2841/4080
f 4221/6120 4220/6118 4191/6075
f 4393/6403 3603/5115 4391/6400
f 2781/4006 2842/4081 2841/4080
f 2841/4080 2842/4081 4411/6427
f 3603/5114 3771/5390 4416/6438
f 3465/4970 3464/4969 3463/4968
f 3431/4935 3181/4650 3195/4664
f 3429/4933 3736/5316 3428/4932
f 3736/5316 1879/2665 3428/4932
f 1904/2702 1906/2706 1888/2678
f 1904/2701 2818/4048 1906/2705
f 1888/2678 1883/2672 1878/2664
f 1878/2664 1880/2668 1879/2666
f 1420/1952 1663/2293 1662/2292
f 654/788 631/758 653/787
f 2632/3808 2635/3811 2780/4005
f 4219/6116 4192/6076 4191/6075
f 4220/6118 4219/6116 4191/6075
f 4191/6075 4192/6076 4190/6074
f 4190/6074 4192/6076 4193/6078
f 4220/6118 527/565 4219/6116
f 4393/6403 4395/6405 3771/5391
f 4393/6403 3771/5391 3603/5115
f 2842/4081 2930/4253 4411/6427
f 4411/6428 2930/4254 4395/6405
f 3655/5188 3604/5116 3587/5095
f 3587/5095 3604/5116 3582/5090
f 3579/5087 3575/5083 3580/5088
f 3429/4933 1875/2659 3736/5316
f 1904/2702 1888/2678 1873/2657
f 2815/4045 2818/4048 1904/2701
f 1888/2678 1878/2664 1873/2657
f 1873/2657 1878/2664 3736/5317
f 1878/2664 1879/2666 3736/5317
f 514/543 1417/1949 1418/1950
f 1426/1965 514/543 1418/1950
f 1418/1950 1417/1949 1419/1951
f 1419/1951 1420/1953 1421/1955
f 1421/1954 1420/1952 1662/2292
f 2818/4048 2819/4049 2820/4051
f 2819/4049 660/795 2820/4051
f 799/991 798/989 2632/3808
f 2632/3808 798/989 2635/3811
f 2780/4005 2635/3811 2781/4006
f 4192/6076 4194/6080 4193/6078
f 527/565 4218/6115 4219/6116
f 4219/6116 4218/6115 4192/6076
f 4192/6076 4195/6081 4194/6080
f 4395/6405 4396/6406 3771/5391
f 527/565 4229/6133 4218/6115
f 4218/6115 4195/6081 4192/6076
f 4396/6406 4416/6439 3771/5391
f 2930/4254 4398/6409 4395/6405
f 4416/6439 4396/6406 4397/6408
f 4416/6438 4397/6407 3587/5095
f 3576/5084 3464/4969 3574/5082
f 3181/4650 3431/4935 3430/4934
f 3430/4934 1876/2661 3429/4933
f 1905/2704 1873/2657 1889/2679
f 1876/2661 1875/2659 3429/4933
f 1905/2704 1904/2702 1873/2657
f 1905/2703 2815/4045 1904/2701
f 1873/2657 3736/5317 1875/2660
f 1426/1965 1418/1950 1423/1959
f 1423/1959 1418/1950 1419/1951
f 1423/1959 1419/1951 1422/1957
f 1422/1957 1419/1951 1421/1955
f 1422/1956 1421/1954 1665/2296
f 2635/3811 2637/3814 2781/4006
f 4194/6080 4196/6082 4198/6085
f 4229/6133 4217/6114 4218/6115
f 4218/6115 4217/6114 4195/6081
f 4195/6081 4197/6083 4196/6082
f 4195/6081 4217/6114 4197/6083
f 2842/4081 4412/6429 2930/4253
f 2842/4081 2781/4006 4412/6429
f 4395/6405 4398/6409 4397/6408
f 4395/6405 4397/6408 4396/6406
f 2930/4254 4412/6430 4398/6409
f 4397/6407 3655/5188 3587/5095
f 3582/5090 3604/5116 3578/5086
f 3578/5086 3579/5087 3582/5090
f 3575/5083 3576/5084 3574/5082
f 3464/4969 3460/4965 3463/4968
f 3457/4961 3195/4664 3194/4663
f 3430/4934 3726/5299 1876/2661
f 1889/2679 1873/2657 1872/2656
f 1872/2656 1873/2657 1874/2658
f 1873/2657 1875/2660 1874/2658
f 1874/2658 1875/2660 1876/2662
f 1424/1961 1423/1959 1422/1957
f 1424/1961 1422/1957 2247/3207
f 2247/3207 1422/1957 1852/2614
f 2818/4048 2815/4045 2817/4047
f 2818/4048 2817/4047 2819/4049
f 2635/3811 798/989 2636/3812
f 2637/3814 2782/4007 2781/4006
f 4196/6082 4197/6083 4198/6085
f 4216/6112 4214/6109 4197/6083
f 4217/6114 4216/6112 4197/6083
f 4214/6109 4199/6086 4197/6083
f 4197/6083 4199/6086 4198/6085
f 4398/6409 4399/6410 4397/6408
f 4412/6429 2781/4006 4415/6436
f 4399/6410 3655/5189 4397/6408
f 4399/6410 4403/6415 3655/5189
f 4415/6437 4400/6411 4412/6430
f 4412/6430 4400/6411 4398/6409
f 4400/6411 4401/6412 4399/6410
f 4398/6409 4400/6411 4399/6410
f 4403/6414 3604/5116 3655/5188
f 3462/4967 3457/4961 3456/4960
f 1903/2700 1889/2679 1890/2680
f 1890/2680 1889/2679 1872/2656
f 1903/2700 1905/2704 1889/2679
f 1903/2699 2815/4045 1905/2703
f 1874/2658 1876/2662 1877/2663
f 1872/2656 1874/2658 1877/2663
f 1877/2663 1876/2662 3726/5300
f 1425/1963 1424/1961 2247/3207
f 2247/3208 1852/2615 1851/2612
f 1852/2613 1667/2299 1851/2611
f 1852/2613 1665/2296 1667/2299
f 2819/4050 2932/4258 659/794
f 2635/3811 2636/3812 2637/3814
f 4199/6086 1712/2376 4198/6085
f 2781/4006 2783/4008 4415/6436
f 4216/6112 4211/6105 4214/6109
f 4399/6410 4401/6412 4403/6415
f 3604/5116 3658/5194 3578/5086
f 3579/5087 3578/5086 3575/5083
f 3431/4935 3713/5274 3430/4934
f 1902/2698 1890/2680 1900/2695
f 3430/4934 3713/5274 1891/2681
f 1902/2698 1903/2700 1890/2680
f 1902/2697 2815/4045 1903/2699
f 1890/2680 1872/2656 1921/2729
f 3430/4934 1891/2681 3726/5299
f 1872/2656 1877/2663 1891/2682
f 1891/2682 1877/2663 3726/5300
f 2246/3205 1425/1963 2247/3207
f 2246/3206 2247/3208 2243/3200
f 2243/3200 2247/3208 1851/2612
f 2243/3200 1851/2612 1850/2610
f 1850/2609 1851/2611 1667/2299
f 2817/4047 2932/4257 2819/4049
f 2781/4006 2782/4007 2783/4008
f 4214/6109 4200/6087 4199/6086
f 4199/6086 4200/6087 1712/2376
f 4401/6412 4404/6417 4403/6415
f 4211/6105 4210/6103 4209/6101
f 4209/6101 4215/6110 4214/6109
f 4211/6105 4209/6101 4214/6109
f 4214/6109 4215/6110 4200/6087
f 4404/6416 3604/5116 4403/6414
f 4415/6437 4410/6426 4400/6411
f 2783/4008 2797/4024 4415/6436
f 4415/6436 2797/4024 4410/6425
f 4400/6411 4410/6426 4402/6413
f 4400/6411 4402/6413 4401/6412
f 4404/6416 3658/5194 3604/5116
f 3658/5194 3664/5202 3578/5086
f 3463/4968 3460/4965 3462/4967
f 3457/4961 3458/4962 3195/4664
f 3195/4664 3730/5307 3431/4935
f 3731/5308 1920/2727 3431/4935
f 3431/4935 1920/2727 3713/5274
f 1900/2695 1890/2680 1901/2696
f 1890/2680 1921/2729 1901/2696
f 1921/2729 1891/2682 3713/5275
f 1872/2656 1891/2682 1921/2729
f 2244/3201 2246/3206 2243/3200
f 652/785 2932/4257 2817/4047
f 4209/6101 4213/6108 4215/6110
f 4215/6110 4213/6108 4202/6090
f 4215/6110 4202/6090 4200/6087
f 4200/6087 4202/6090 4201/6089
f 4200/6087 4201/6089 1712/2376
f 4210/6103 4208/6100 4209/6101
f 4401/6412 4407/6422 4404/6417
f 4407/6421 3658/5194 4404/6416
f 4402/6413 4408/6423 4401/6412
f 4401/6412 4408/6423 4407/6422
f 4410/6426 4408/6423 4402/6413
f 4407/6421 3742/5329 3658/5194
f 3658/5194 3742/5329 3664/5202
f 3578/5086 3664/5202 3663/5200
f 3730/5307 3732/5309 3731/5308
f 3431/4935 3730/5307 3731/5308
f 2866/4129 1900/2695 1897/2692
f 1900/2695 1901/2696 1898/2693
f 1897/2692 1900/2695 1898/2693
f 3732/5309 1920/2727 3731/5308
f 2866/4129 1902/2698 1900/2695
f 2866/4128 2812/4042 1902/2697
f 1901/2696 3713/5275 1920/2728
f 1902/2697 2812/4042 2815/4045
f 1901/2696 1921/2729 3713/5275
f 2245/3203 2244/3201 2240/3196
f 2240/3196 2244/3201 2243/3200
f 2240/3196 2243/3200 2241/3197
f 2241/3197 2243/3200 2242/3199
f 2243/3200 1850/2610 2242/3199
f 2242/3198 1850/2609 1669/2302
f 1850/2609 1667/2299 1669/2302
f 2815/4045 2816/4046 2817/4047
f 2637/3814 2903/4200 2782/4007
f 2782/4007 2796/4023 2783/4008
f 4208/6100 4206/6095 4209/6101
f 4209/6101 4206/6095 4213/6108
f 4213/6108 4203/6091 4202/6090
f 4202/6090 4203/6091 4201/6089
f 4208/6100 4204/6093 4206/6095
f 4206/6095 4203/6091 4213/6108
f 4408/6423 4409/6424 4407/6422
f 2797/4024 2783/4008 2786/4012
f 4409/6424 3742/5330 4407/6422
f 2797/4024 1281/1732 4410/6425
f 2797/4024 2786/4012 1281/1732
f 4410/6426 1281/1733 4408/6423
f 4408/6423 1281/1733 4409/6424
f 3742/5329 1279/1727 3664/5202
f 3578/5086 3577/5085 3575/5083
f 1896/2691 1897/2692 1898/2693
f 3730/5307 3733/5311 3732/5309
f 1896/2691 2866/4129 1897/2692
f 1896/2690 2812/4042 2866/4128
f 1898/2693 1901/2696 1918/2724
f 1918/2724 1901/2696 3732/5310
f 1901/2696 1920/2728 3732/5310
f 503/528 2240/3196 2219/3166
f 2219/3166 2240/3196 2220/3167
f 2240/3196 2241/3197 2220/3167
f 2220/3167 2241/3197 2242/3199
f 2220/3167 2242/3199 1675/2312
f 2242/3198 1669/2302 1675/2311
f 2812/4042 2814/4044 2815/4045
f 2815/4045 2814/4044 2816/4046
f 2816/4046 2912/4218 2817/4047
f 2912/4218 652/785 2817/4047
f 2782/4007 2903/4200 2796/4023
f 4204/6093 4205/6094 4206/6095
f 4205/6094 3135/4584 4203/6091
f 4206/6095 4205/6094 4203/6091
f 4203/6091 3135/4584 1708/2368
f 4203/6091 1708/2368 4201/6089
f 4204/6093 4207/6097 4205/6094
f 4409/6424 1279/1728 3742/5330
f 1281/1733 1279/1728 4409/6424
f 1281/1734 1277/1725 1279/1729
f 2786/4012 1296/1753 1281/1732
f 1281/1734 1296/1754 1277/1725
f 3664/5202 1279/1727 3663/5200
f 3663/5200 3662/5198 3578/5086
f 3578/5086 3605/5117 3577/5085
f 3575/5083 3577/5085 3576/5084
f 3576/5084 3460/4965 3464/4969
f 3195/4664 1922/2730 3730/5307
f 1908/2710 1896/2691 1899/2694
f 1899/2694 1896/2691 1898/2693
f 1922/2730 1919/2725 3730/5307
f 1908/2709 2812/4042 1896/2690
f 3730/5307 1919/2725 3733/5311
f 1918/2724 3732/5310 1919/2726
f 1919/2725 3732/5309 3733/5311
f 503/528 2219/3166 2222/3170
f 2219/3166 2220/3167 2221/3168
f 2222/3170 2219/3166 2221/3168
f 2221/3168 2220/3167 1675/2312
f 2221/3168 1675/2312 1854/2619
f 1854/2618 1675/2311 1677/2314
f 3135/4584 1845/2599 1708/2368
f 1708/2367 1845/2597 1703/2358
f 4207/6098 3125/4572 4212/6106
f 4207/6097 4212/6107 4205/6094
f 4212/6106 3129/4577 3135/4585
f 4205/6094 4212/6107 3135/4584
f 3135/4585 3129/4577 1845/2598
f 1277/1725 1278/1726 1279/1729
f 1278/1726 3663/5201 1279/1729
f 2786/4012 2787/4013 1296/1753
f 1278/1726 1284/1739 3663/5201
f 1296/1754 1280/1731 1277/1725
f 1277/1725 1280/1731 1278/1726
f 1296/1753 2787/4013 1280/1730
f 1284/1738 3662/5198 3663/5200
f 3662/5198 3661/5197 3578/5086
f 3661/5197 3605/5117 3578/5086
f 3457/4961 3459/4963 3458/4962
f 3458/4962 3675/5218 3195/4664
f 3675/5218 1923/2732 3195/4664
f 2872/4141 1908/2710 1899/2694
f 2872/4140 2811/4041 1908/2709
f 1923/2732 1922/2730 3195/4664
f 1898/2693 1922/2731 1899/2694
f 1908/2709 2811/4041 2812/4042
f 2811/4041 2810/4040 2812/4042
f 1918/2724 1919/2726 1922/2731
f 1898/2693 1918/2724 1922/2731
f 524/559 2222/3170 2223/3171
f 2223/3171 2222/3170 2221/3168
f 1854/2618 1677/2314 2237/3189
f 2814/4044 2912/4218 2816/4046
f 622/747 1668/2301 626/751
f 2903/4200 804/1000 2796/4023
f 2796/4023 2784/4009 2783/4008
f 2784/4009 2785/4011 2783/4008
f 2783/4008 2785/4011 2786/4012
f 3125/4572 3124/4570 4212/6106
f 4212/6106 3124/4570 3129/4577
f 3129/4577 3127/4575 1845/2598
f 1845/2597 3127/4574 1703/2358
f 3125/4572 3123/4569 3124/4570
f 3127/4574 1704/2359 1703/2358
f 3124/4570 3127/4575 3129/4577
f 1278/1726 3662/5199 1284/1739
f 2787/4013 2835/4071 1280/1730
f 1280/1731 1282/1735 1278/1726
f 1278/1726 1282/1735 3662/5199
f 1280/1731 2835/4072 1285/1740
f 1280/1731 1285/1740 1282/1735
f 3662/5198 1283/1736 3661/5197
f 2871/4139 2872/4141 1913/2717
f 2871/4138 2811/4041 2872/4140
f 2872/4141 1923/2733 1913/2717
f 2872/4141 1899/2694 1923/2733
f 1899/2694 1922/2731 1923/2733
f 522/556 2224/3172 2226/3176
f 2226/3177 2224/3173 2225/3175
f 2224/3173 2223/3171 2221/3168
f 2224/3173 2221/3168 2225/3175
f 2221/3168 1854/2619 2237/3190
f 2225/3175 2221/3168 2237/3190
f 2812/4042 2810/4040 2813/4043
f 2812/4042 2813/4043 2814/4044
f 2813/4043 651/783 2814/4044
f 2814/4044 651/783 2912/4218
f 644/774 622/747 626/751
f 2796/4023 804/1000 2784/4009
f 3124/4570 3126/4573 3127/4575
f 3127/4575 3126/4573 1704/2360
f 3123/4569 528/567 3122/4567
f 3123/4569 3122/4567 3124/4570
f 3124/4570 3122/4567 3126/4573
f 3126/4573 1702/2357 1704/2360
f 2787/4013 2789/4016 2835/4071
f 1285/1740 1283/1737 1282/1735
f 1282/1735 1283/1737 3662/5199
f 2835/4072 1306/1772 1285/1740
f 2835/4071 2789/4016 1306/1771
f 1306/1772 1286/1741 1285/1740
f 1285/1740 1286/1741 1283/1737
f 1283/1736 3716/5280 3661/5197
f 3716/5280 1292/1748 3661/5197
f 3661/5197 1292/1748 3605/5117
f 3605/5117 3606/5119 3577/5085
f 3576/5084 3577/5085 3460/4965
f 3462/4967 3460/4965 3457/4961
f 3457/4961 3460/4965 1933/2746
f 3457/4961 1933/2746 3459/4963
f 3459/4963 1935/2750 3458/4962
f 3458/4962 1926/2736 3675/5218
f 3675/5218 1926/2736 3767/5382
f 1912/2716 2871/4139 1913/2717
f 1912/2716 1913/2717 1910/2713
f 1910/2713 1913/2717 1924/2734
f 1912/2715 2811/4041 2871/4138
f 1913/2717 1923/2733 1924/2734
f 1924/2734 1923/2733 3675/5219
f 534/577 2226/3176 539/585
f 539/586 2226/3177 2225/3175
f 539/586 2225/3175 1866/2643
f 1866/2642 2225/3174 1678/2315
f 2225/3174 2237/3189 1678/2315
f 2810/4040 2843/4082 2813/4043
f 2786/4012 2785/4011 2787/4013
f 3122/4567 3128/4576 3126/4573
f 3126/4573 3128/4576 3136/4587
f 3126/4573 3136/4587 1702/2357
f 528/567 3120/4565 3121/4566
f 528/567 3121/4566 3122/4567
f 3122/4567 3121/4566 3128/4576
f 3120/4565 494/516 3121/4566
f 2789/4016 1305/1769 1306/1771
f 1286/1741 1287/1742 1283/1737
f 1283/1737 1287/1742 3716/5281
f 1305/1770 1288/1743 1286/1741
f 1306/1772 1305/1770 1286/1741
f 1286/1741 1288/1743 1287/1742
f 1287/1742 1292/1749 3716/5281
f 1909/2712 1910/2713 1911/2714
f 3458/4962 1935/2750 1934/2748
f 1909/2712 1912/2716 1910/2713
f 1911/2714 1910/2713 1925/2735
f 3458/4962 1934/2748 1926/2736
f 1910/2713 1924/2734 1925/2735
f 1925/2735 1924/2734 1926/2737
f 1924/2734 3767/5383 1926/2737
f 2252/3217 539/586 2227/3178
f 2228/3179 1679/2317 2235/3187
f 1912/2715 2810/4040 2811/4041
f 2227/3178 539/586 1866/2643
f 2227/3178 1866/2643 2228/3179
f 2228/3179 1866/2643 1679/2317
f 1866/2642 1678/2315 1679/2316
f 2843/4082 2916/4224 2813/4043
f 2916/4224 651/783 2813/4043
f 2784/4009 796/984 2785/4011
f 2785/4011 2788/4014 2787/4013
f 2787/4013 2788/4014 2789/4016
f 494/516 3119/4563 3121/4566
f 3119/4563 3130/4578 3128/4576
f 3121/4566 3119/4563 3128/4576
f 3128/4576 3130/4578 1700/2353
f 3128/4576 1700/2353 3136/4587
f 494/516 505/532 3119/4563
f 1287/1742 1288/1743 1289/1744
f 1287/1742 1289/1744 1292/1749
f 505/532 3118/4562 3119/4563
f 3119/4563 3131/4579 3130/4578
f 2789/4016 1304/1767 1305/1769
f 1289/1744 3605/5118 1292/1749
f 1305/1770 1290/1745 1288/1743
f 1288/1743 1290/1745 1289/1744
f 1289/1744 1291/1747 3605/5118
f 1305/1770 1304/1768 1290/1745
f 1291/1746 1303/1765 3606/5119
f 3605/5117 1291/1746 3606/5119
f 3606/5119 3607/5120 3577/5085
f 3577/5085 3607/5120 3460/4965
f 3460/4965 3461/4966 1933/2746
f 1933/2746 3461/4966 3718/5284
f 3459/4963 1929/2740 1935/2750
f 1914/2719 1911/2714 1915/2720
f 1914/2719 2803/4031 1911/2714
f 1915/2720 1911/2714 1927/2738
f 2803/4031 1909/2712 1911/2714
f 1911/2714 1925/2735 1927/2738
f 1927/2738 1925/2735 1935/2751
f 1909/2711 2803/4030 1912/2715
f 1925/2735 1934/2749 1935/2751
f 2229/3180 2228/3179 2230/3181
f 2230/3181 2228/3179 2235/3187
f 2239/3194 2227/3178 2229/3180
f 2229/3180 2227/3178 2228/3179
f 2235/3187 1679/2317 2251/3215
f 1912/2715 2809/4039 2810/4040
f 623/748 624/749 1732/2412
f 633/760 625/750 623/748
f 1700/2353 3130/4578 3134/4583
f 3119/4563 3118/4562 3131/4579
f 3131/4579 3134/4583 3130/4578
f 1289/1744 1290/1745 1291/1747
f 536/580 3133/4581 3118/4562
f 3118/4562 3133/4581 3132/4580
f 3118/4562 3132/4580 3131/4579
f 3131/4579 3132/4580 3134/4583
f 1304/1767 2789/4016 2792/4019
f 1290/1745 1293/1750 1291/1747
f 536/580 3117/4560 3133/4581
f 1304/1768 1302/1764 1290/1745
f 1293/1750 1303/1766 1291/1747
f 1304/1767 2792/4019 1302/1763
f 1293/1750 3710/5270 1303/1766
f 1302/1764 1294/1751 1290/1745
f 1290/1745 1294/1751 1293/1750
f 1303/1765 3710/5269 3606/5119
f 3710/5269 3693/5241 3606/5119
f 3606/5119 3693/5241 3607/5120
f 1916/2722 1915/2720 1917/2723
f 1915/2720 1930/2742 1917/2723
f 3459/4963 1933/2746 1932/2744
f 1916/2722 1914/2719 1915/2720
f 1916/2721 2801/4028 1914/2718
f 1928/2739 1929/2741 3459/4964
f 1930/2742 1915/2720 1928/2739
f 1914/2718 2801/4028 2803/4030
f 1928/2739 1927/2738 1929/2741
f 2232/3184 2234/3186 2233/3185
f 525/561 2231/3183 2233/3185
f 2233/3185 2231/3183 2232/3184
f 2231/3183 2230/3181 2232/3184
f 2232/3184 2230/3181 2250/3213
f 2250/3213 2251/3215 2249/3212
f 2231/3183 2229/3180 2230/3181
f 2803/4030 2809/4039 1912/2715
f 2810/4040 2906/4206 2843/4082
f 2843/4082 2906/4206 2916/4224
f 2916/4225 2906/4207 633/760
f 625/750 634/761 624/749
f 2785/4011 796/984 2788/4014
f 3117/4560 3132/4580 3133/4581
f 3132/4580 3116/4558 3134/4583
f 3117/4560 3115/4556 3132/4580
f 3132/4580 3115/4556 3116/4558
f 3117/4560 543/593 3115/4556
f 1293/1750 1294/1751 3710/5270
f 543/593 568/639 3115/4556
f 3115/4556 3113/4553 3116/4558
f 3115/4556 568/639 3113/4553
f 2792/4019 2868/4132 1302/1763
f 2868/4133 1295/1752 1294/1751
f 1302/1764 2868/4133 1294/1751
f 1294/1751 1295/1752 3693/5242
f 1294/1751 3693/5242 3710/5270
f 2868/4133 1300/1760 1295/1752
f 3693/5241 3696/5247 3607/5120
f 3607/5120 3696/5247 3687/5233
f 3607/5120 3687/5233 3672/5213
f 3607/5120 3672/5213 3460/4965
f 3460/4965 3672/5213 3461/4966
f 3461/4966 3717/5282 3718/5284
f 2847/4090 2799/4026 2801/4028
f 3718/5284 3717/5282 948/1224
f 2847/4090 2801/4028 1916/2721
f 2847/4092 947/1223 937/1208
f 1916/2722 1917/2723 2847/4091
f 2847/4091 1917/2723 947/1222
f 947/1222 1917/2723 1931/2743
f 3718/5284 948/1224 1933/2746
f 1917/2723 1930/2742 1931/2743
f 1931/2743 1930/2742 1932/2745
f 1931/2743 1932/2745 1933/2747
f 2248/3210 2236/3188 1320/1791
f 2236/3188 2234/3186 2238/3191
f 2238/3191 2234/3186 1311/1777
f 1311/1777 2234/3186 1682/2323
f 2248/3210 525/561 2236/3188
f 2234/3186 2249/3212 1682/2323
f 525/561 2233/3185 2236/3188
f 2236/3188 2233/3185 2234/3186
f 2801/4028 2802/4029 2803/4030
f 2802/4029 2809/4039 2803/4030
f 2809/4039 677/819 2810/4040
f 677/819 2906/4206 2810/4040
f 2788/4014 802/996 2790/4017
f 2788/4014 2790/4017 2789/4016
f 2790/4017 2791/4018 2789/4016
f 2789/4016 2791/4018 2792/4019
f 3116/4558 3113/4553 1694/2341
f 568/639 507/535 3112/4552
f 3112/4552 3114/4554 3113/4553
f 568/639 3112/4552 3113/4553
f 3113/4553 3114/4554 1694/2341
f 3693/5242 1295/1752 3696/5248
f 3114/4555 1328/1803 1694/2342
f 2792/4019 2794/4021 2868/4132
f 507/535 1326/1798 3112/4552
f 2794/4021 1300/1759 2868/4132
f 1295/1752 1297/1755 3696/5248
f 1297/1755 3687/5234 3696/5248
f 2794/4021 1301/1761 1300/1759
f 1300/1760 1301/1762 1298/1756
f 1301/1762 1299/1758 1298/1756
f 1298/1756 1299/1758 1297/1755
f 1298/1756 1297/1755 1295/1752
f 1297/1755 3757/5362 3687/5234
f 2794/4021 2798/4025 1301/1761
f 3757/5361 945/1218 3687/5233
f 2798/4025 949/1227 1301/1761
f 1301/1762 949/1229 1299/1758
f 3687/5233 945/1218 3672/5213
f 949/1228 943/1216 1299/1757
f 941/1213 943/1216 2857/4112
f 2857/4111 2807/4036 2806/4035
f 3672/5213 938/1209 3461/4966
f 2857/4112 935/1205 941/1213
f 2806/4035 946/1220 2857/4111
f 2857/4112 946/1221 935/1205
f 3461/4966 938/1209 3709/5267
f 3461/4966 3709/5267 3717/5282
f 2806/4035 2799/4026 946/1220
f 2799/4026 937/1207 946/1220
f 946/1221 937/1208 935/1205
f 937/1208 936/1206 935/1205
f 937/1208 947/1223 936/1206
f 936/1206 948/1226 3717/5283
f 936/1206 947/1223 948/1226
f 947/1222 1931/2743 948/1225
f 1333/1813 1320/1790 1316/1784
f 1316/1784 1320/1790 2238/3192
f 1316/1784 2238/3192 1308/1774
f 1308/1774 2238/3192 1683/2326
f 2238/3192 1311/1778 1683/2326
f 1683/2326 1311/1778 1682/2324
f 2802/4029 677/819 2809/4039
f 634/761 636/763 635/762
f 802/996 2892/4178 2790/4017
f 2791/4018 2793/4020 2792/4019
f 1694/2340 1328/1802 1692/2338
f 1326/1799 1325/1796 3114/4555
f 1325/1796 1327/1801 1328/1803
f 3114/4555 1325/1796 1328/1803
f 1328/1802 1327/1800 1692/2338
f 1327/1800 1691/2337 1692/2338
f 1326/1799 1329/1805 1323/1794
f 1326/1799 1323/1794 1325/1796
f 2794/4021 2795/4022 2798/4025
f 1299/1757 945/1219 3757/5363
f 1299/1757 944/1217 945/1219
f 1323/1794 1324/1795 1325/1796
f 1325/1796 1324/1795 1327/1801
f 1329/1805 1321/1792 1323/1794
f 1323/1794 1322/1793 1324/1795
f 1322/1793 1331/1809 1324/1795
f 944/1217 942/1214 945/1219
f 944/1217 943/1216 942/1214
f 2798/4025 943/1215 949/1227
f 1329/1805 541/590 1321/1792
f 2798/4025 2807/4036 943/1215
f 942/1214 940/1212 945/1219
f 541/590 1318/1787 1321/1792
f 940/1212 3672/5214 945/1219
f 943/1216 941/1213 942/1214
f 2807/4036 2857/4111 943/1215
f 941/1213 940/1212 942/1214
f 541/589 540/587 1318/1786
f 941/1213 939/1211 940/1212
f 1314/1781 1317/1785 1313/1780
f 940/1212 938/1210 3672/5214
f 540/588 1313/1780 1318/1787
f 1314/1781 1313/1780 1312/1779
f 940/1212 939/1211 938/1210
f 1313/1780 1307/1773 1312/1779
f 935/1205 3709/5268 938/1210
f 1307/1773 1310/1776 1312/1779
f 540/588 1315/1783 1313/1780
f 1313/1780 1315/1783 1307/1773
f 935/1205 936/1206 3709/5268
f 1307/1773 1308/1774 1309/1775
f 1307/1773 1309/1775 1310/1776
f 1310/1776 1309/1775 1685/2330
f 1315/1783 1316/1784 1307/1773
f 1307/1773 1316/1784 1308/1774
f 1309/1775 1683/2326 1685/2330
f 2799/4026 2800/4027 2801/4028
f 2801/4028 2800/4027 2802/4029
f 2833/4068 649/779 2802/4029
f 2802/4029 649/779 677/819
f 2790/4017 2892/4178 2791/4018
f 2792/4019 2793/4020 2794/4021
f 2793/4020 2795/4022 2794/4021
f 1691/2337 1331/1808 1689/2335
f 1323/1794 1321/1792 1322/1793
f 1321/1792 1319/1788 1322/1793
f 1322/1793 1319/1788 1331/1809
f 1331/1808 1686/2331 1689/2335
f 1321/1792 1318/1787 1319/1788
f 1319/1788 1332/1811 1331/1809
f 1331/1808 1332/1810 1686/2331
f 1318/1787 1317/1785 1319/1788
f 1319/1788 1317/1785 1330/1807
f 1319/1788 1330/1807 1332/1811
f 1332/1810 1330/1806 1686/2331
f 1318/1787 1313/1780 1317/1785
f 1330/1806 1685/2329 1686/2331
f 2807/4036 2805/4034 2806/4035
f 2806/4035 2805/4034 2799/4026
f 2802/4029 2800/4027 2833/4068
f 2892/4178 795/982 2791/4018
f 2795/4022 2808/4037 2798/4025
f 2798/4025 2808/4037 2807/4036
f 2805/4034 2804/4032 2799/4026
f 2799/4026 2804/4032 2800/4027
f 2800/4027 650/781 2833/4068
f 650/781 649/779 2833/4068
f 641/769 642/771 639/767
f 795/982 803/998 2791/4018
f 2791/4018 803/998 2793/4020
f 2808/4037 2805/4034 2807/4036
f 2804/4032 650/781 2800/4027
f 2793/4020 803/998 792/975
f 2793/4020 792/975 2795/4022
f 2805/4034 673/812 2804/4032
f 2795/4022 792/975 2808/4037
f 2808/4037 2883/4162 2805/4034
f 2805/4034 2883/4162 673/812
f 2476/3580 2473/3576 2477/3581
f 1761/2454 2471/3574 1760/2452
f 2471/3574 2467/3569 1760/2452
f 1760/2452 2467/3569 1758/2450
f 2467/3569 1831/2574 1758/2450
f 2711/3895 2709/3891 2712/3897
f 2721/3909 2711/3895 2712/3897
f 1753/2443 1758/2450 2458/3556
f 1764/2458 1761/2454 1763/2456
f 1763/2456 1761/2454 1762/2455
f 1761/2454 1760/2452 1762/2455
f 1759/2451 1760/2452 1758/2450
f 1759/2451 1758/2450 1757/2448
f 1758/2450 1753/2443 1757/2448
f 2458/3556 2461/3560 1753/2443
f 1766/2461 1764/2458 1129/1501
f 1764/2458 1763/2456 1129/1501
f 1762/2455 1760/2452 1759/2451
f 1759/2451 1757/2448 1765/2459
f 1765/2459 1757/2448 1756/2447
f 1756/2447 1757/2448 1753/2443
f 1753/2443 2461/3560 1752/2442
f 3075/4482 3080/4490 3074/4481
f 1768/2465 1766/2461 1767/2462
f 1129/1501 1763/2456 1236/1662
f 1843/2595 1763/2456 1762/2455
f 1865/2640 1763/2456 1843/2595
f 1865/2640 1843/2595 1230/1652
f 1843/2595 1762/2455 1759/2451
f 1230/1652 1843/2595 1864/2638
f 1765/2459 1843/2595 1759/2451
f 1864/2638 1843/2595 1765/2459
f 1864/2638 1765/2459 1863/2636
f 1756/2447 1753/2443 1754/2444
f 3078/4488 1768/2465 1767/2462
f 1767/2462 1766/2461 1123/1492
f 1766/2461 1129/1501 1123/1492
f 1233/1657 1236/1662 1763/2456
f 1235/1661 1236/1663 1231/1654
f 479/498 1235/1660 1232/1655
f 1232/1656 1235/1661 1231/1654
f 1374/1879 1377/1884 1375/1880
f 1377/1884 1374/1879 1379/1888
f 1377/1883 1379/1889 1380/1892
f 479/498 1232/1655 478/497
f 573/648 1232/1656 1231/1654
f 1231/1654 1233/1658 1865/2641
f 1865/2640 1233/1657 1763/2456
f 1375/1880 1377/1884 1378/1886
f 478/497 1232/1655 573/647
f 1378/1886 1377/1884 1380/1893
f 573/648 1231/1654 1229/1651
f 1229/1651 1231/1654 1865/2641
f 2570/3725 1378/1886 1380/1893
f 1228/1650 573/648 1229/1651
f 2569/3723 2570/3724 1381/1894
f 1381/1895 2570/3725 1380/1893
f 1229/1651 1865/2641 1230/1653
f 2569/3723 1381/1894 1382/1896
f 1381/1895 1380/1893 918/1177
f 918/1176 1380/1891 3645/5169
f 478/497 573/647 239/244
f 1228/1650 1229/1651 1227/1649
f 1227/1649 1229/1651 1230/1653
f 2568/3722 2569/3723 1382/1896
f 1382/1897 1381/1895 918/1177
f 573/648 1228/1650 1226/1648
f 1226/1648 1228/1650 1227/1649
f 574/650 573/648 1226/1648
f 239/244 573/647 574/649
f 1227/1649 1230/1653 1864/2639
f 239/244 574/649 486/506
f 1226/1648 1227/1649 1222/1641
f 1222/1641 1227/1649 1864/2639
f 917/1175 1382/1898 918/1176
f 917/1175 918/1176 3645/5169
f 2568/3722 1382/1896 919/1178
f 919/1180 1382/1898 917/1175
f 574/650 1226/1648 1222/1641
f 2567/3721 2568/3722 919/1178
f 1222/1641 1864/2639 1863/2637
f 1036/1361 917/1175 3645/5169
f 574/649 526/562 486/506
f 919/1180 917/1175 1036/1361
f 1036/1361 3645/5169 3380/4865
f 574/650 1222/1641 1221/1640
f 526/563 574/650 1221/1640
f 1221/1640 1222/1641 1863/2637
f 1863/2636 1765/2459 1756/2447
f 919/1179 1036/1362 1035/1360
f 1221/1640 1863/2637 1223/1643
f 1223/1642 1863/2636 1756/2447
f 1035/1360 1036/1362 3380/4866
f 1224/1644 1223/1642 1756/2447
f 1224/1644 1756/2447 1754/2444
f 1754/2444 1753/2443 1751/2439
f 1753/2443 1752/2442 1751/2439
f 1751/2439 1752/2442 1750/2438
f 1750/2438 1752/2442 881/1116
f 1748/2435 881/1116 880/1114
f 3073/4480 3075/4482 3074/4481
f 1769/2467 3078/4488 1767/2462
f 1352/1842 1372/1877 1373/1878
f 1372/1877 3646/5171 1379/1888
f 477/496 1125/1495 1237/1664
f 1237/1665 1125/1496 1126/1497
f 1373/1878 1372/1877 1374/1879
f 1374/1879 1372/1877 1379/1888
f 1237/1665 1126/1497 1127/1498
f 1127/1499 1129/1503 1236/1663
f 2572/3727 2601/3767 1376/1881
f 2601/3768 1373/1878 1375/1880
f 1376/1882 2601/3768 1375/1880
f 1375/1880 1373/1878 1374/1879
f 477/496 1237/1664 1235/1660
f 477/496 1235/1660 479/498
f 1235/1661 1237/1666 1127/1499
f 1235/1661 1127/1499 1236/1663
f 2571/3726 2572/3727 1376/1881
f 2571/3726 1376/1881 1378/1885
f 1378/1886 1376/1882 1375/1880
f 479/498 478/497 240/245
f 2571/3726 1378/1885 2570/3724
f 240/245 478/497 239/244
f 239/244 486/506 238/243
f 2566/3720 2567/3721 919/1178
f 238/243 486/506 526/562
f 2566/3720 919/1178 1035/1359
f 238/243 526/562 1225/1646
f 238/243 1225/1646 490/510
f 1225/1647 526/563 1221/1640
f 2566/3720 1035/1359 1017/1324
f 1221/1640 1223/1643 1224/1645
f 2566/3720 1017/1324 1034/1357
f 1017/1325 1035/1360 3380/4866
f 1017/1325 3380/4866 1016/1323
f 1225/1647 1221/1640 1234/1659
f 1221/1640 1224/1645 1867/2645
f 1234/1659 1221/1640 1867/2645
f 1867/2644 1224/1644 1754/2444
f 1016/1323 3380/4866 3379/4863
f 490/510 1225/1646 595/693
f 595/694 1225/1647 1234/1659
f 881/1116 1748/2435 1750/2438
f 1748/2435 880/1114 895/1138
f 3055/4458 3073/4480 3056/4459
f 3077/4486 1769/2467 1771/2470
f 1769/2467 1767/2462 1119/1486
f 1117/1483 1769/2467 1119/1486
f 1347/1834 1350/1839 1349/1838
f 535/578 614/732 506/533
f 1349/1838 1350/1839 1352/1842
f 1352/1842 1350/1839 1351/1841
f 1352/1842 1351/1841 3646/5171
f 614/732 1125/1495 506/533
f 2600/3766 1349/1837 2601/3767
f 2601/3768 1349/1838 1352/1842
f 1125/1496 614/733 1124/1494
f 1124/1494 1128/1500 1127/1498
f 1128/1500 1123/1493 1129/1502
f 1127/1498 1128/1500 1129/1502
f 1125/1496 1124/1494 1126/1497
f 1126/1497 1124/1494 1127/1498
f 2618/3790 2600/3766 2601/3767
f 2601/3768 1352/1842 1373/1878
f 506/533 1125/1495 477/496
f 477/496 479/498 240/245
f 1034/1358 1017/1325 1014/1320
f 1014/1320 1017/1325 1016/1323
f 595/694 1234/1659 1238/1667
f 1238/1667 1234/1659 1867/2645
f 1014/1320 1016/1323 3706/5261
f 1016/1323 3379/4863 3706/5261
f 490/510 595/693 1242/1673
f 2716/3902 1034/1358 1014/1320
f 595/693 1239/1668 1242/1673
f 1239/1669 595/694 1238/1667
f 1867/2644 1754/2444 1751/2439
f 1013/1319 1014/1320 3706/5261
f 1242/1674 1239/1669 1241/1672
f 1241/1672 1239/1669 1238/1667
f 1238/1667 1867/2645 1240/1671
f 1240/1670 1867/2644 1751/2439
f 1240/1670 1751/2439 1849/2606
f 1755/2445 1750/2438 1748/2435
f 1748/2435 895/1138 1747/2433
f 3048/4449 3049/4450 1772/2471
f 1770/2468 1771/2470 1769/2467
f 1770/2468 1769/2467 1117/1483
f 529/568 1122/1490 485/505
f 1122/1491 529/569 1121/1489
f 1858/2626 1119/1486 1767/2462
f 1119/1487 1858/2627 1120/1488
f 1346/1833 1345/1832 1347/1834
f 2719/3906 2598/3764 2599/3765
f 1347/1834 1345/1832 1351/1841
f 614/733 1122/1491 1121/1489
f 1121/1489 1858/2627 1123/1493
f 1858/2626 1767/2462 1123/1492
f 535/578 1122/1490 614/732
f 485/505 1122/1490 535/578
f 485/505 535/578 234/239
f 2600/3766 2599/3765 1348/1835
f 2600/3766 1348/1835 1349/1837
f 1348/1836 1347/1834 1349/1838
f 614/733 1121/1489 1124/1494
f 1124/1494 1121/1489 1123/1493
f 1124/1494 1123/1493 1128/1500
f 535/578 506/533 234/239
f 506/533 477/496 234/239
f 234/239 477/496 240/245
f 240/245 239/244 80/82
f 75/77 239/244 238/243
f 241/246 238/243 490/510
f 241/246 490/510 1242/1673
f 2716/3902 1014/1320 1012/1318
f 1032/1354 2716/3902 1012/1318
f 1012/1318 1014/1320 1013/1319
f 1013/1319 3706/5261 3669/5209
f 241/246 1242/1673 242/247
f 1011/1317 1013/1319 3669/5209
f 578/658 1242/1674 1241/1672
f 242/247 1242/1673 578/657
f 1241/1672 1238/1667 1477/2037
f 1477/2037 1238/1667 1240/1671
f 1477/2037 1240/1671 1849/2608
f 1012/1318 1013/1319 1011/1317
f 578/658 1241/1672 1477/2037
f 1849/2606 1751/2439 1750/2438
f 242/247 578/657 579/660
f 1477/2036 1849/2607 1476/2035
f 578/659 1477/2036 579/661
f 1755/2445 1849/2606 1750/2438
f 1476/2035 1849/2607 1755/2446
f 1755/2445 1748/2435 1749/2436
f 3049/4451 3077/4486 1771/2470
f 581/665 1116/1482 1118/1485
f 1343/1828 3656/5191 1344/1830
f 580/662 581/664 496/518
f 1118/1485 1117/1484 1119/1487
f 496/518 581/664 529/568
f 529/569 581/665 1118/1485
f 529/569 1118/1485 1120/1488
f 1120/1488 1118/1485 1119/1487
f 1344/1830 3656/5191 1345/1832
f 1346/1833 1344/1830 1345/1832
f 529/568 485/505 232/237
f 496/518 529/568 232/237
f 2598/3764 1344/1829 1348/1835
f 1348/1836 1344/1830 1346/1833
f 2599/3765 2598/3764 1348/1835
f 232/237 485/505 234/239
f 82/84 240/245 80/82
f 80/82 239/244 75/77
f 74/76 238/243 241/246
f 1031/1352 1032/1354 1012/1318
f 1031/1352 1012/1318 1010/1316
f 1010/1316 1012/1318 1011/1317
f 242/247 579/660 407/417
f 1030/1350 1031/1352 1010/1316
f 1010/1316 1011/1317 3670/5211
f 3670/5211 1011/1317 3669/5209
f 598/700 579/661 1476/2035
f 1032/1353 1031/1351 2708/3890
f 579/660 598/699 407/417
f 598/700 1476/2035 1475/2034
f 1475/2034 1476/2035 1755/2446
f 1475/2034 1755/2446 1474/2033
f 1028/1345 2708/3890 1029/1347
f 1010/1316 3670/5211 1009/1315
f 1749/2437 1474/2033 1755/2446
f 1749/2436 1748/2435 1470/2026
f 1772/2472 3049/4451 1771/2470
f 2604/3773 1342/1827 1343/1828
f 1115/1480 580/662 495/517
f 580/663 1115/1481 1114/1479
f 580/663 1114/1479 1116/1482
f 1116/1482 1114/1479 1117/1484
f 1114/1479 1770/2469 1117/1484
f 1343/1828 1342/1827 3656/5191
f 2597/3763 2602/3769 1344/1829
f 1344/1830 2602/3770 1343/1828
f 1118/1485 1116/1482 1117/1484
f 2596/3762 2597/3763 1344/1829
f 495/517 580/662 496/518
f 233/238 234/239 240/245
f 238/243 74/76 75/77
f 73/75 241/246 242/247
f 1029/1348 1030/1350 1010/1316
f 1029/1348 1010/1316 1009/1315
f 407/417 598/699 1473/2031
f 1009/1315 3670/5211 1008/1314
f 1473/2032 598/700 1474/2033
f 1473/2032 1474/2033 1472/2030
f 1471/2029 1473/2032 1472/2030
f 1472/2030 1474/2033 1749/2437
f 1472/2030 1749/2437 1470/2027
f 1470/2026 1748/2435 1746/2432
f 1746/2432 1748/2435 1747/2433
f 1746/2432 1747/2433 1745/2431
f 3057/4460 3051/4454 3050/4452
f 1772/2472 1771/2470 1773/2473
f 1341/1825 3665/5204 2604/3773
f 2604/3773 3665/5204 1342/1827
f 516/546 1112/1475 1115/1480
f 516/546 1115/1480 495/517
f 1115/1481 1112/1476 1111/1474
f 1115/1481 1111/1474 1114/1479
f 1114/1479 1111/1474 1847/2603
f 1114/1479 1847/2603 1770/2469
f 2603/3771 2605/3774 2604/3772
f 2603/3771 2604/3772 2602/3769
f 2602/3770 2604/3773 1343/1828
f 495/517 496/518 232/237
f 240/245 82/84 233/238
f 74/76 241/246 73/75
f 407/417 1473/2031 408/418
f 1473/2031 1471/2028 408/418
f 1029/1348 1009/1315 1007/1312
f 1028/1346 1029/1348 1007/1312
f 1007/1312 1009/1315 1008/1314
f 1007/1312 1008/1314 1006/1311
f 408/418 1471/2028 589/680
f 1471/2029 1472/2030 1469/2025
f 589/681 1471/2029 1469/2025
f 1469/2025 1472/2030 1470/2027
f 589/681 1469/2025 1467/2023
f 1469/2025 1470/2027 1468/2024
f 1467/2023 1469/2025 1468/2024
f 1464/2018 1470/2026 1746/2432
f 3054/4457 3047/4448 3051/4454
f 3054/4457 3051/4454 3057/4460
f 1078/1424 1772/2472 1773/2473
f 1773/2473 1771/2470 1846/2600
f 599/701 1113/1477 230/235
f 1110/1473 1846/2601 1847/2603
f 1847/2602 1846/2600 1771/2470
f 2725/3917 2609/3780 2607/3777
f 1341/1825 1340/1824 3665/5204
f 516/546 1113/1477 1112/1475
f 230/235 1113/1477 516/546
f 1112/1476 1113/1478 1110/1473
f 1112/1476 1110/1473 1111/1474
f 1111/1474 1110/1473 1847/2603
f 1847/2602 1771/2470 1770/2468
f 230/235 516/546 231/236
f 2605/3774 2607/3777 2606/3775
f 2605/3774 2606/3775 2604/3772
f 2606/3776 1341/1825 2604/3773
f 516/546 495/517 231/236
f 231/236 495/517 232/237
f 232/237 234/239 233/238
f 1018/1327 1028/1346 1007/1312
f 1018/1327 1007/1312 1005/1309
f 1005/1309 1007/1312 1006/1311
f 523/557 408/418 589/680
f 589/680 588/678 523/557
f 588/679 589/681 1467/2023
f 1005/1309 1006/1311 3382/4869
f 588/679 1467/2023 1466/2022
f 1466/2022 1467/2023 1468/2024
f 1466/2022 1468/2024 1464/2019
f 1464/2019 1468/2024 1470/2027
f 1463/2016 1746/2432 1743/2428
f 1746/2432 1745/2431 1743/2428
f 1743/2428 1745/2431 1744/2429
f 1775/2478 3057/4461 3050/4453
f 3050/4453 1772/2472 1078/1424
f 1103/1460 1109/1472 1110/1473
f 1110/1473 1109/1472 1846/2601
f 1846/2601 1109/1472 1773/2474
f 2608/3779 1337/1820 1340/1824
f 1337/1820 2608/3779 1336/1818
f 499/523 1103/1459 599/701
f 599/702 1103/1460 1110/1473
f 2607/3777 2609/3780 2608/3778
f 2607/3777 2608/3778 2606/3775
f 2608/3779 1340/1824 1341/1825
f 2606/3776 2608/3779 1341/1825
f 499/523 599/701 230/235
f 230/235 231/236 85/87
f 85/87 231/236 232/237
f 82/84 80/82 81/83
f 242/247 407/417 73/75
f 73/75 407/417 408/418
f 409/419 408/418 523/557
f 1018/1327 1005/1309 1004/1308
f 2923/4239 1018/1327 1004/1308
f 1004/1308 1005/1309 3382/4869
f 523/557 588/678 409/419
f 1004/1308 3382/4869 1003/1307
f 588/678 1465/2020 409/419
f 1465/2021 588/679 1466/2022
f 1018/1326 2923/4238 1027/1343
f 1465/2021 1466/2022 1462/2015
f 1462/2015 1466/2022 1464/2019
f 1459/2012 1465/2021 1462/2015
f 1462/2015 1464/2019 1463/2017
f 1463/2016 1464/2018 1746/2432
f 1463/2016 1743/2428 1837/2582
f 1743/2428 1744/2429 882/1118
f 1775/2478 3050/4453 1131/1506
f 3050/4453 1078/1424 1774/2475
f 1335/1817 1338/1821 1336/1818
f 1103/1460 1093/1445 1092/1444
f 1103/1460 1092/1444 1109/1472
f 1092/1444 1078/1425 1773/2474
f 1109/1472 1092/1444 1773/2474
f 1336/1818 1338/1821 1337/1820
f 1337/1820 1338/1821 3743/5332
f 498/522 1093/1445 1103/1460
f 2609/3780 2610/3781 1334/1814
f 498/521 1103/1459 499/523
f 2609/3780 1334/1814 2608/3778
f 2608/3779 1334/1815 1336/1818
f 85/87 232/237 233/238
f 2923/4239 1004/1308 1002/1305
f 1027/1344 2923/4239 1002/1305
f 1002/1305 1004/1308 1003/1307
f 1002/1305 1003/1307 1001/1304
f 409/419 1465/2020 475/494
f 1465/2020 1459/2011 475/494
f 1459/2012 1462/2015 1460/2013
f 1460/2013 1462/2015 1463/2017
f 1460/2013 1463/2017 1837/2583
f 3044/4445 2730/3925 3046/4447
f 3046/4447 3047/4448 3058/4462
f 1131/1506 3050/4453 1774/2475
f 1774/2476 1078/1425 1076/1422
f 2614/3786 1339/1822 1335/1817
f 1093/1445 620/745 1092/1444
f 497/520 620/745 1093/1445
f 1092/1444 620/745 1076/1422
f 1092/1444 1076/1422 1078/1425
f 1335/1817 1339/1822 1338/1821
f 1338/1821 1339/1822 3744/5334
f 497/520 1093/1445 498/522
f 497/519 498/521 229/234
f 2610/3781 2611/3782 1335/1816
f 1338/1821 3744/5334 3743/5332
f 2610/3781 1335/1816 1334/1814
f 1334/1815 1335/1817 1336/1818
f 498/521 499/523 229/234
f 499/523 230/235 229/234
f 85/87 233/238 82/84
f 73/75 408/418 72/74
f 72/74 408/418 409/419
f 1027/1344 1002/1305 997/1299
f 1020/1330 1027/1344 997/1299
f 997/1299 1002/1305 1001/1304
f 994/1295 997/1299 1001/1304
f 997/1299 994/1295 993/1293
f 1459/2011 612/728 475/494
f 1459/2012 1460/2013 1458/2010
f 612/729 1459/2012 1458/2010
f 1458/2010 1460/2013 1461/2014
f 1461/2014 1460/2013 1837/2583
f 1837/2582 1743/2428 1836/2580
f 1836/2580 1743/2428 1742/2427
f 1742/2427 1743/2428 882/1118
f 3083/4496 1775/2478 1776/2479
f 1776/2479 1775/2478 1131/1506
f 1131/1506 1774/2475 1079/1426
f 2614/3786 1353/1844 1339/1822
f 1354/1846 1353/1844 2614/3786
f 2611/3782 2612/3783 2613/3784
f 1339/1822 1353/1844 3744/5334
f 491/511 620/744 497/519
f 491/511 497/519 470/489
f 1076/1422 1077/1423 1774/2476
f 2613/3784 2614/3785 1335/1816
f 2611/3782 2613/3784 1335/1816
f 470/489 497/519 229/234
f 74/76 73/75 71/73
f 72/74 409/419 410/420
f 409/419 475/494 410/420
f 1020/1330 997/1299 992/1292
f 1019/1328 1020/1330 992/1292
f 992/1292 997/1299 993/1293
f 993/1293 994/1295 3383/4871
f 2856/4110 1020/1330 1019/1328
f 992/1292 993/1293 3383/4871
f 612/728 613/730 475/494
f 612/729 1458/2010 1457/2009
f 613/731 612/729 1457/2009
f 1457/2009 1458/2010 1461/2014
f 475/494 613/730 596/695
f 1836/2581 1461/2014 1837/2583
f 1457/2009 1461/2014 1836/2581
f 491/511 1081/1429 620/744
f 620/745 1081/1430 1080/1428
f 1080/1428 1131/1507 1079/1427
f 1354/1846 1355/1848 1353/1844
f 1356/1849 1355/1848 1354/1846
f 2612/3783 2615/3787 2614/3785
f 2615/3787 1354/1845 2614/3785
f 2613/3784 2612/3783 2614/3785
f 229/234 230/235 85/87
f 71/73 73/75 72/74
f 410/420 475/494 476/495
f 2856/4110 1019/1328 991/1291
f 991/1291 1019/1328 992/1292
f 991/1291 992/1292 3383/4871
f 991/1291 3383/4871 990/1290
f 989/1288 991/1291 990/1290
f 613/731 1457/2009 1453/2004
f 596/696 613/731 1453/2004
f 1453/2004 1457/2009 1836/2581
f 1453/2004 1836/2581 1455/2006
f 1836/2580 1742/2427 1451/2001
f 1742/2427 882/1118 868/1096
f 1742/2427 868/1096 1739/2422
f 3044/4445 3045/4446 3043/4444
f 1085/1435 1083/1432 492/513
f 1081/1430 1083/1432 1082/1431
f 492/513 1083/1432 1081/1430
f 1080/1428 1082/1431 1131/1507
f 1356/1849 1357/1850 1355/1848
f 1355/1848 1357/1850 3756/5360
f 492/512 1081/1429 491/511
f 492/512 491/511 235/240
f 2612/3783 2729/3924 2616/3788
f 2616/3788 1354/1845 2615/3787
f 491/511 470/489 235/240
f 235/240 470/489 229/234
f 86/88 229/234 85/87
f 85/87 82/84 83/85
f 475/494 596/695 476/495
f 2856/4110 991/1291 989/1288
f 989/1288 990/1290 3627/5144
f 596/695 1456/2007 476/495
f 1456/2008 596/696 1453/2004
f 1025/1339 2856/4109 1021/1331
f 476/495 1456/2007 537/581
f 537/582 1456/2008 1450/2000
f 1450/2000 1456/2008 1453/2004
f 1453/2004 1455/2006 1454/2005
f 1454/2005 1455/2006 1836/2581
f 1451/2002 1454/2005 1836/2581
f 1739/2422 868/1096 885/1124
f 1132/1508 3083/4496 1776/2479
f 1084/1433 1776/2480 1131/1507
f 1083/1432 1085/1435 1084/1433
f 1083/1432 1084/1433 1082/1431
f 1082/1431 1084/1433 1131/1507
f 1358/1852 1359/1853 1357/1850
f 1357/1850 1359/1853 1360/1855
f 1356/1849 1358/1852 1357/1850
f 1357/1850 1360/1855 3756/5360
f 2617/3789 1358/1851 1354/1845
f 1354/1846 1358/1852 1356/1849
f 235/240 229/234 86/88
f 86/88 85/87 84/86
f 72/74 410/420 411/421
f 1021/1332 2856/4110 989/1288
f 3626/5142 989/1288 3627/5144
f 1450/2000 1453/2004 1452/2003
f 1452/2003 1453/2004 1454/2005
f 1452/2003 1454/2005 1451/2002
f 1739/2422 885/1124 1740/2424
f 3039/4438 3042/4442 3041/4441
f 1777/2482 3083/4496 1132/1508
f 1132/1509 1776/2480 1086/1436
f 1104/1462 1087/1437 1085/1435
f 1085/1435 1087/1437 1086/1436
f 1085/1435 1086/1436 1084/1433
f 1084/1433 1086/1436 1776/2480
f 1361/1856 1363/1860 1360/1855
f 1360/1855 1363/1860 1371/1876
f 236/241 1104/1461 1085/1434
f 2729/3924 2731/3927 2619/3791
f 2619/3792 1361/1856 1359/1853
f 1359/1853 1361/1856 1360/1855
f 1085/1434 492/512 236/241
f 2617/3789 2619/3791 1358/1851
f 2619/3792 1359/1853 1358/1852
f 492/512 235/240 236/241
f 80/82 75/77 76/78
f 75/77 74/76 67/69
f 67/69 74/76 71/73
f 411/421 410/420 406/416
f 406/416 410/420 476/495
f 406/416 476/495 537/581
f 1021/1332 989/1288 988/1287
f 1025/1340 1021/1332 988/1287
f 988/1287 989/1288 3626/5142
f 1448/1998 537/582 1450/2000
f 537/581 1448/1997 360/370
f 406/416 537/581 360/370
f 988/1287 3626/5142 3386/4875
f 1450/2000 1452/2003 1449/1999
f 1448/1998 1450/2000 1449/1999
f 1449/1999 1452/2003 1451/2002
f 360/370 1448/1997 572/646
f 1449/1999 1451/2002 1447/1996
f 1447/1995 1451/2001 1742/2427
f 1742/2427 1739/2422 1835/2578
f 1447/1995 1742/2427 1835/2578
f 1739/2422 1740/2424 1741/2425
f 3041/4441 3060/4464 3061/4465
f 1778/2484 1777/2482 1130/1504
f 1130/1504 1777/2482 1094/1446
f 1777/2482 1132/1508 1094/1446
f 1087/1437 1089/1440 1088/1438
f 1087/1437 1088/1438 1086/1436
f 1086/1436 1088/1438 1132/1509
f 1361/1856 1364/1862 1363/1860
f 1104/1462 1089/1440 1087/1437
f 468/487 1089/1439 1104/1461
f 468/487 1104/1461 237/242
f 2731/3927 2870/4136 1362/1857
f 1363/1860 1364/1862 1371/1876
f 1104/1461 236/241 237/242
f 2619/3792 1362/1859 1361/1856
f 236/241 235/240 228/233
f 228/233 235/240 86/88
f 83/85 82/84 81/83
f 81/83 80/82 79/81
f 1025/1340 988/1287 981/1276
f 981/1276 988/1287 3386/4875
f 1448/1998 1449/1999 1444/1992
f 1444/1992 1449/1999 1447/1996
f 982/1278 981/1276 3386/4875
f 572/646 1448/1997 571/644
f 571/645 1448/1998 1444/1992
f 1444/1992 1447/1996 1446/1994
f 1446/1994 1447/1996 1835/2579
f 1446/1994 1835/2579 1445/1993
f 1089/1440 1090/1442 1091/1443
f 1091/1443 1094/1447 1088/1438
f 1088/1438 1094/1447 1132/1509
f 1365/1864 1367/1867 1366/1866
f 562/627 1090/1441 1089/1439
f 1089/1440 1091/1443 1088/1438
f 2493/3604 1365/1863 2870/4137
f 1365/1864 1366/1866 1364/1862
f 562/627 1089/1439 468/487
f 2870/4137 1365/1863 1362/1858
f 78/80 81/83 79/81
f 79/81 80/82 76/78
f 76/78 75/77 67/69
f 71/73 72/74 69/71
f 1023/1335 1025/1339 1024/1337
f 1024/1338 1025/1340 981/1276
f 360/370 572/646 359/369
f 980/1275 981/1276 982/1278
f 359/369 572/646 571/644
f 1444/1992 1446/1994 1445/1993
f 1096/1449 1090/1441 562/627
f 1090/1442 1096/1450 1095/1448
f 1090/1442 1095/1448 1091/1443
f 1091/1443 1095/1448 1102/1458
f 1091/1443 1102/1458 1094/1447
f 1367/1867 1368/1869 1366/1866
f 2493/3605 1367/1867 1365/1864
f 2492/3603 2493/3604 2870/4137
f 228/233 237/242 236/241
f 228/233 86/88 88/90
f 83/85 81/83 78/80
f 411/421 406/416 356/365
f 1023/1336 1024/1338 981/1276
f 1023/1336 981/1276 980/1275
f 980/1275 982/1278 983/1280
f 984/1281 980/1275 983/1280
f 571/645 1444/1992 1442/1990
f 1441/1989 571/645 1442/1990
f 1444/1992 1445/1993 1442/1990
f 1442/1990 1445/1993 1835/2579
f 1739/2422 1741/2425 1433/1974
f 1835/2578 1739/2422 1433/1974
f 1741/2425 1740/2424 1737/2420
f 1737/2420 1740/2424 894/1136
f 3040/4440 3061/4465 3062/4466
f 3069/4476 1778/2484 1107/1468
f 1107/1468 1778/2484 1130/1504
f 1369/1871 3373/4855 1368/1869
f 467/486 1097/1451 1096/1449
f 1096/1450 1097/1452 1095/1448
f 2491/3601 1369/1871 1367/1867
f 1367/1867 1369/1871 1368/1869
f 467/486 1096/1449 562/627
f 2492/3603 2491/3600 2493/3604
f 2493/3605 2491/3601 1367/1867
f 562/627 468/487 467/486
f 468/487 237/242 228/233
f 356/365 406/416 360/370
f 1023/1336 980/1275 984/1281
f 571/644 1441/1988 480/499
f 359/369 571/644 480/499
f 1026/1342 1023/1336 984/1281
f 1441/1988 608/719 480/499
f 985/1283 984/1281 983/1280
f 1441/1989 1442/1990 1434/1976
f 608/720 1441/1989 1434/1976
f 1434/1976 1442/1990 1443/1991
f 1443/1991 1442/1990 1835/2579
f 1433/1975 1443/1991 1835/2579
f 1737/2420 894/1136 893/1134
f 1779/2485 3069/4476 1107/1468
f 1107/1469 1130/1505 1098/1453
f 1369/1871 1370/1874 3373/4855
f 1370/1874 1369/1871 2487/3594
f 618/740 1097/1451 467/486
f 1097/1452 618/741 1098/1453
f 1097/1452 1098/1453 1095/1448
f 1095/1448 1098/1453 1102/1458
f 1102/1458 1098/1453 1130/1505
f 2491/3600 2490/3599 1369/1870
f 228/233 467/486 468/487
f 411/421 356/365 405/415
f 356/365 360/370 359/369
f 1026/1342 984/1281 995/1297
f 2670/3850 1026/1341 995/1296
f 995/1297 984/1281 986/1284
f 986/1284 984/1281 985/1283
f 1434/1976 1443/1991 1433/1975
f 986/1284 985/1283 987/1286
f 480/499 608/719 607/717
f 608/720 1434/1976 1429/1970
f 1429/1970 1434/1976 1433/1975
f 1429/1970 1433/1975 1430/1971
f 1779/2485 1107/1468 1834/2577
f 2529/3658 2487/3593 2485/3591
f 511/539 1100/1455 618/740
f 1098/1453 1099/1454 1107/1469
f 2488/3596 2487/3593 1369/1870
f 511/539 618/740 467/486
f 2488/3596 1369/1870 2490/3599
f 68/70 67/69 71/73
f 359/369 480/499 357/366
f 1015/1322 995/1297 996/1298
f 996/1298 995/1297 986/1284
f 607/718 608/720 1429/1970
f 1440/1987 607/718 1429/1970
f 1430/1971 1433/1975 1741/2426
f 1741/2425 1737/2420 1738/2421
f 3063/4467 3069/4476 1779/2485
f 1833/2576 1779/2485 1834/2577
f 2485/3591 2528/3657 2529/3658
f 2482/3588 2528/3657 2485/3591
f 618/741 1100/1456 1099/1454
f 1099/1454 1108/1471 1107/1469
f 2529/3658 2528/3657 3374/4857
f 2486/3592 2485/3591 2487/3593
f 68/70 71/73 69/71
f 357/366 480/499 481/500
f 480/499 607/717 481/500
f 1022/1333 2670/3850 1015/1321
f 996/1298 986/1284 998/1300
f 998/1300 986/1284 987/1286
f 998/1300 987/1286 3649/5177
f 607/717 1440/1986 481/500
f 1440/1987 1429/1970 1432/1973
f 1429/1970 1430/1971 1431/1972
f 1432/1973 1429/1970 1431/1972
f 1431/1972 1430/1971 1741/2426
f 1737/2420 893/1134 1736/2419
f 3064/4469 3063/4468 1780/2487
f 1780/2486 3063/4467 1779/2485
f 1214/1625 1100/1455 1220/1638
f 2482/3588 2527/3655 2528/3657
f 2480/3586 2482/3588 2485/3591
f 1220/1638 1100/1455 511/539
f 1220/1638 511/539 467/486
f 1220/1638 467/486 228/233
f 356/365 359/369 357/366
f 1022/1334 1015/1322 996/1298
f 1439/1985 1440/1987 1432/1973
f 1432/1973 1431/1972 1435/1978
f 1435/1978 1431/1972 1741/2426
f 1435/1977 1741/2425 1738/2421
f 1435/1977 1738/2421 1859/2628
f 1857/2624 1833/2576 1834/2577
f 1106/1465 1833/2576 1857/2624
f 1101/1457 1214/1627 1857/2625
f 1101/1457 1857/2625 1099/1454
f 1099/1454 1857/2625 1108/1471
f 1108/1470 1857/2624 1834/2577
f 2482/3588 2483/3589 2527/3655
f 1218/1635 1214/1626 1220/1639
f 1218/1634 1220/1638 185/189
f 2480/3586 2481/3587 2482/3588
f 86/88 84/86 87/89
f 84/86 85/87 83/85
f 77/79 76/78 67/69
f 72/74 411/421 405/415
f 1022/1334 996/1298 999/1301
f 999/1301 996/1298 998/1300
f 3837/5513 1440/1987 1439/1985
f 1440/1986 3837/5511 482/501
f 481/500 1440/1986 482/501
f 1439/1985 1432/1973 1436/1979
f 1436/1979 1432/1973 1435/1978
f 1436/1979 1435/1978 1859/2629
f 1437/1980 1859/2628 1738/2421
f 1437/1980 1738/2421 3840/5518
f 3840/5518 1738/2421 1737/2420
f 3840/5518 1737/2420 1736/2419
f 3067/4473 3064/4469 3066/4471
f 3084/4498 3065/4470 2869/4135
f 1779/2485 1833/2576 1832/2575
f 1218/1635 1212/1623 1214/1626
f 1214/1627 1105/1464 1857/2625
f 1857/2625 1105/1464 1106/1467
f 2483/3589 2526/3653 2527/3655
f 2481/3587 2483/3589 2482/3588
f 226/231 1220/1638 228/233
f 3837/5513 1439/1985 3831/5500
f 1439/1985 1436/1979 1438/1984
f 3831/5500 1439/1985 1438/1984
f 1436/1979 1859/2629 1437/1982
f 1438/1984 1436/1979 1437/1982
f 3065/4470 3064/4469 3067/4473
f 1781/2488 1780/2486 1779/2485
f 1781/2488 1779/2485 1832/2575
f 1106/1465 1832/2575 1833/2576
f 2523/3648 2522/3647 2526/3653
f 2484/3590 2523/3648 2483/3589
f 2483/3589 2523/3648 2526/3653
f 2481/3587 2484/3590 2483/3589
f 185/189 1220/1638 226/231
f 227/232 228/233 88/90
f 88/90 86/88 87/89
f 69/71 72/74 70/72
f 70/72 72/74 405/415
f 405/415 356/365 361/371
f 357/366 481/500 482/501
f 1022/1334 999/1301 2904/4203
f 2668/3847 1022/1333 2904/4202
f 998/1300 3650/5179 3388/4878
f 1438/1984 1437/1982 3832/5502
f 3832/5501 1437/1981 3840/5519
f 3840/5518 1736/2419 1735/2417
f 1735/2417 1736/2419 892/1132
f 3068/4474 3065/4470 3067/4473
f 3066/4472 1780/2486 1782/2490
f 1782/2490 1780/2486 1781/2488
f 1212/1623 1213/1624 1210/1620
f 1213/1624 1212/1623 184/188
f 1212/1623 1210/1620 1105/1463
f 184/188 1212/1623 1218/1635
f 2484/3590 2515/3635 2523/3648
f 2515/3635 2484/3590 2489/3597
f 184/187 1218/1634 185/189
f 999/1301 998/1300 1000/1302
f 1000/1302 998/1300 3388/4878
f 1000/1302 3388/4878 3877/5589
f 3829/5497 3837/5512 3831/5499
f 3837/5512 3829/5497 358/368
f 482/501 3837/5511 358/367
f 3831/5499 1438/1983 3830/5498
f 3829/5497 3831/5499 3830/5498
f 3830/5498 1438/1983 3832/5501
f 3830/5498 3832/5501 3840/5519
f 3840/5518 1735/2417 3827/5493
f 3830/5498 3840/5519 3827/5494
f 3071/4478 3068/4474 3067/4473
f 3067/4473 3066/4471 3070/4477
f 2869/4135 3068/4474 2855/4108
f 1210/1620 1781/2489 1105/1463
f 1105/1463 1781/2489 1106/1466
f 1106/1465 1781/2488 1832/2575
f 2513/3633 3370/4851 2522/3647
f 2523/3648 2513/3633 2522/3647
f 2494/3607 2515/3635 2489/3597
f 226/231 228/233 227/232
f 3241/4710 3240/4709 3242/4711
f 67/69 68/70 65/67
f 65/67 68/70 69/71
f 65/67 69/71 70/72
f 356/365 357/366 355/364
f 357/366 482/501 358/367
f 1033/1355 2668/3847 2904/4202
f 2904/4203 999/1301 2939/4273
f 2939/4273 999/1301 1000/1302
f 2939/4273 1000/1302 3877/5589
f 358/368 3829/5497 3825/5490
f 3829/5497 3830/5498 3824/5489
f 3825/5490 3829/5497 3824/5489
f 3824/5489 3830/5498 3827/5494
f 3827/5493 1735/2417 3826/5491
f 3071/4478 3067/4473 3072/4479
f 1783/2493 3066/4472 1782/2490
f 1782/2491 1781/2489 1209/1619
f 1213/1624 1206/1616 1210/1620
f 1210/1620 1206/1616 1209/1619
f 1210/1620 1209/1619 1781/2489
f 2513/3633 2521/3645 3370/4851
f 440/452 1213/1624 184/188
f 2494/3607 2514/3634 2513/3633
f 2494/3607 2513/3633 2515/3635
f 2515/3635 2513/3633 2523/3648
f 1033/1356 2904/4203 2939/4273
f 2859/4115 2668/3847 1033/1355
f 3870/5575 2939/4274 3877/5588
f 358/368 3825/5490 447/461
f 447/461 3825/5490 3823/5488
f 3823/5488 3825/5490 3824/5489
f 3824/5489 3827/5494 3826/5492
f 1735/2417 892/1132 1734/2415
f 1734/2415 892/1132 1733/2414
f 892/1132 896/1140 1733/2414
f 1783/2493 1782/2490 1211/1621
f 2513/3633 2512/3632 2521/3645
f 440/451 184/187 183/186
f 184/187 185/189 178/180
f 178/180 185/189 226/231
f 89/91 227/232 88/90
f 70/72 405/415 361/371
f 355/364 357/366 358/367
f 355/364 358/367 447/460
f 3870/5575 3877/5588 3876/5586
f 3823/5488 3824/5489 1855/2621
f 1855/2621 3824/5489 3826/5492
f 1855/2620 3826/5491 1735/2417
f 1855/2620 1735/2417 1734/2415
f 1784/2494 1783/2493 1211/1621
f 1206/1616 1213/1624 440/452
f 2512/3632 2520/3643 2521/3645
f 2511/3631 2512/3632 2513/3633
f 226/231 227/232 92/94
f 89/91 88/90 87/89
f 78/80 79/81 76/78
f 70/72 361/371 404/414
f 361/371 356/365 354/363
f 2859/4116 1033/1356 2939/4273
f 2859/4115 2939/4272 2927/4247
f 2927/4248 2939/4274 3870/5575
f 3870/5575 3876/5586 3389/4881
f 447/461 3823/5488 3821/5486
f 3821/5486 3823/5488 1855/2621
f 3821/5486 1855/2621 1856/2623
f 1856/2622 1855/2620 1734/2415
f 3838/5514 1734/2415 1733/2414
f 3838/5514 1733/2414 3841/5520
f 3086/4500 3070/4477 1786/2498
f 1785/2496 1783/2493 1784/2494
f 1784/2495 1211/1622 1205/1614
f 1206/1616 1203/1612 1208/1618
f 2511/3631 2508/3627 2510/3629
f 2512/3632 3674/5217 2520/3643
f 439/450 1206/1615 440/451
f 183/186 184/187 178/180
f 4515/6612 2954/4296 2137/3038
f 2137/3037 2136/3034 2118/3004
f 2118/3004 2136/3034 4075/5893
f 59/61 84/86 83/85
f 354/363 356/365 355/364
f 2927/4248 3870/5575 3868/5572
f 3869/5574 2927/4248 3868/5572
f 3868/5572 3870/5575 3389/4881
f 447/461 3821/5486 3819/5484
f 3821/5486 1856/2623 3822/5487
f 3822/5487 1856/2623 1734/2416
f 3822/5487 1734/2416 3820/5485
f 3820/5485 1734/2416 3838/5515
f 3841/5520 1733/2414 1730/2408
f 3094/4515 3072/4479 3085/4499
f 3085/4499 3072/4479 3070/4477
f 3085/4499 3070/4477 739/908
f 739/908 3070/4477 3086/4500
f 1786/2499 1783/2493 1785/2496
f 1207/1617 1784/2495 1204/1613
f 1206/1616 1202/1611 1203/1612
f 1202/1610 1206/1615 439/450
f 2516/3636 2519/3641 3674/5217
f 3674/5217 2519/3641 3369/4849
f 2508/3627 2507/3625 2509/3628
f 2510/3629 2508/3627 2509/3628
f 2507/3625 2516/3636 2512/3632
f 2509/3628 2507/3625 2512/3632
f 439/450 440/451 183/186
f 2956/4300 4515/6612 2955/4298
f 92/94 227/232 89/91
f 2955/4297 2137/3037 2116/3002
f 2116/3002 2137/3037 2118/3004
f 2118/3004 4075/5893 2124/3011
f 2664/3843 2859/4115 2927/4247
f 2664/3843 2927/4247 3869/5573
f 3868/5572 3389/4881 3875/5584
f 447/460 3819/5483 446/459
f 3821/5486 3822/5487 3820/5485
f 3819/5484 3821/5486 3820/5485
f 3819/5484 3820/5485 3818/5482
f 3818/5482 3820/5485 3838/5515
f 3818/5482 3838/5515 3836/5510
f 3836/5509 3838/5514 3841/5520
f 1786/2499 1785/2496 1787/2500
f 1207/1617 1785/2497 1784/2495
f 1203/1612 1201/1609 1204/1613
f 1204/1613 1201/1609 1207/1617
f 2508/3626 2733/3929 2504/3621
f 2508/3627 2504/3622 2506/3624
f 2519/3641 2518/3640 3369/4849
f 2508/3627 2506/3624 2507/3625
f 4515/6613 2956/4301 3148/4606
f 2956/4301 2955/4299 3140/4592
f 3140/4591 2955/4297 2116/3002
f 3140/4591 2116/3002 2114/3000
f 2116/3002 2118/3004 2115/3001
f 2114/3000 2116/3002 2115/3001
f 2115/3001 2118/3004 2124/3011
f 2124/3011 4075/5893 4076/5895
f 87/89 84/86 90/92
f 60/62 78/80 76/78
f 60/62 76/78 77/79
f 355/364 447/460 443/455
f 443/455 447/460 446/459
f 2664/3843 3869/5573 3867/5570
f 3867/5571 3869/5574 3868/5572
f 446/459 3819/5483 3816/5479
f 3816/5480 3819/5484 3818/5482
f 3818/5482 3836/5510 3817/5481
f 3817/5481 3836/5510 3841/5521
f 3839/5516 3841/5520 1730/2408
f 1788/2502 1786/2499 1787/2500
f 1787/2501 1785/2497 1200/1608
f 1197/1604 1202/1610 439/450
f 1201/1609 1785/2497 1207/1617
f 2516/3636 2518/3640 2519/3641
f 2503/3620 2516/3636 2505/3623
f 2506/3624 2504/3622 2505/3623
f 178/180 226/231 92/94
f 3148/4606 2956/4301 3138/4589
f 3138/4589 2956/4301 3140/4592
f 2122/3008 3140/4591 2114/3000
f 2122/3008 2114/3000 2113/2999
f 2113/2999 2114/3000 2112/2998
f 2112/2998 2114/3000 2115/3001
f 2115/3001 2124/3011 4076/5895
f 2115/3001 4076/5895 2109/2995
f 90/92 84/86 59/61
f 83/85 78/80 59/61
f 3868/5572 3875/5584 3872/5578
f 3816/5480 3818/5482 3817/5481
f 3816/5480 3817/5481 3815/5478
f 3817/5481 3841/5521 3828/5496
f 3815/5478 3817/5481 3828/5496
f 3828/5495 3841/5520 3839/5516
f 1643/2263 1730/2408 900/1145
f 3089/4506 3085/4499 3087/4501
f 3087/4501 3085/4499 739/908
f 739/908 3086/4500 3088/4504
f 1197/1605 1196/1603 1200/1608
f 1200/1608 1196/1603 1787/2501
f 2504/3622 2503/3620 2505/3623
f 182/185 439/450 183/186
f 3148/4606 3138/4589 3137/4588
f 3138/4589 3140/4592 2122/3009
f 3137/4588 3138/4589 2122/3009
f 4512/6607 3148/4606 3137/4588
f 2122/3008 2113/2999 2142/3047
f 2113/2999 2112/2998 2111/2997
f 2094/2979 2115/3001 2109/2995
f 2109/2995 4076/5895 2126/3014
f 89/91 87/89 90/92
f 59/61 78/80 60/62
f 64/66 77/79 67/69
f 64/66 67/69 65/67
f 351/360 354/363 355/364
f 355/364 443/455 350/359
f 3866/5569 3867/5571 3868/5572
f 3866/5569 3868/5572 3872/5578
f 3812/5475 3816/5480 3815/5478
f 3812/5475 3815/5478 3813/5476
f 3815/5478 3828/5496 3839/5517
f 3815/5478 3839/5517 3813/5476
f 3813/5476 3839/5517 3842/5522
f 3839/5516 1730/2408 3843/5523
f 1789/2505 1786/2499 1788/2502
f 1199/1607 1788/2503 1787/2501
f 1198/1606 1788/2503 1199/1607
f 1195/1601 1197/1604 439/450
f 2502/3619 2501/3617 2503/3620
f 4512/6607 3137/4588 3139/4590
f 3137/4588 2122/3009 2142/3048
f 3139/4590 3137/4588 2142/3048
f 2142/3047 2113/2999 2095/2980
f 2095/2980 2113/2999 2111/2997
f 2094/2979 2109/2995 2092/2977
f 2092/2977 2109/2995 2126/3014
f 350/359 443/455 446/459
f 2926/4246 3867/5571 3866/5569
f 3866/5569 3872/5578 3390/4883
f 3812/5475 3813/5476 3811/5474
f 3811/5474 3813/5476 3842/5522
f 3842/5522 3839/5517 3843/5524
f 3811/5474 3842/5522 3843/5524
f 3843/5523 1730/2408 1643/2263
f 739/907 3088/4503 736/902
f 3090/4508 3089/4506 3087/4501
f 1789/2505 1788/2502 1191/1595
f 1788/2503 1198/1606 1194/1600
f 1195/1602 1194/1600 1196/1603
f 1196/1603 1194/1600 1198/1606
f 2501/3617 2500/3616 3368/4847
f 438/448 1195/1601 439/450
f 438/448 439/450 182/185
f 3139/4590 2142/3048 2095/2981
f 2095/2980 2111/2997 2094/2979
f 2095/2980 2094/2979 2093/2978
f 2093/2978 2094/2979 2092/2977
f 2092/2977 2126/3014 2090/2975
f 2090/2975 2126/3014 2133/3028
f 2090/2975 2133/3028 2091/2976
f 2926/4246 3866/5569 3863/5564
f 2664/3843 2926/4245 3863/5563
f 3859/5558 2664/3843 3863/5563
f 3809/5472 3816/5480 3812/5475
f 446/459 3816/5479 3809/5471
f 3809/5472 3812/5475 3811/5474
f 1643/2263 900/1145 902/1148
f 3087/4502 739/907 736/902
f 736/902 3088/4503 741/912
f 741/911 3088/4505 1789/2505
f 1191/1596 1788/2503 1193/1599
f 1190/1594 1195/1602 438/449
f 182/185 183/186 178/180
f 176/178 178/180 93/95
f 93/95 178/180 92/94
f 4510/6603 4512/6607 3139/4590
f 3139/4590 2095/2981 3141/4594
f 3141/4593 2095/2980 2093/2978
f 2093/2978 2092/2977 2087/2972
f 2087/2972 2092/2977 2090/2975
f 2091/2976 2133/3028 4077/5897
f 65/67 70/72 66/68
f 66/68 70/72 404/414
f 404/414 361/371 362/372
f 353/362 354/363 351/360
f 355/364 350/359 351/360
f 350/359 446/459 445/457
f 3860/5560 3863/5564 3866/5569
f 3860/5560 3866/5569 3390/4883
f 3860/5560 3390/4883 3873/5580
f 446/459 3809/5471 445/457
f 3809/5472 3811/5474 3810/5473
f 3811/5474 3843/5524 3805/5466
f 3810/5473 3811/5474 3805/5466
f 3090/4508 3087/4501 738/905
f 741/911 1789/2505 1790/2506
f 1790/2506 1789/2505 1191/1595
f 1187/1591 1190/1594 438/449
f 1190/1594 1188/1592 1193/1599
f 1188/1592 1191/1596 1193/1599
f 2498/3613 3368/4847 2500/3616
f 182/185 178/180 177/179
f 4510/6603 3139/4590 3141/4594
f 3141/4593 2093/2978 2084/2968
f 2084/2968 2093/2978 2087/2972
f 2083/2967 2090/2975 2091/2976
f 2083/2967 2091/2976 2085/2970
f 2085/2970 2091/2976 4077/5897
f 2085/2970 4077/5897 2096/2982
f 2096/2982 4077/5897 4057/5865
f 3859/5559 3863/5564 3860/5560
f 445/458 3809/5472 3808/5470
f 3808/5470 3809/5472 3801/5461
f 3809/5472 3810/5473 3804/5465
f 3801/5461 3809/5472 3804/5465
f 3804/5465 3810/5473 3805/5466
f 3805/5466 3843/5524 3802/5462
f 3843/5523 1643/2263 3803/5463
f 3803/5463 1643/2263 3807/5468
f 738/906 3087/4502 736/902
f 4510/6603 3141/4594 3142/4595
f 3143/4597 4510/6603 3142/4595
f 3142/4595 3141/4594 2084/2969
f 4509/6601 4510/6602 3143/4596
f 2084/2968 2087/2972 2083/2967
f 2083/2967 2085/2970 2082/2966
f 2096/2982 4057/5865 2106/2992
f 2106/2992 4057/5865 2134/3030
f 362/372 361/371 354/363
f 3859/5559 3860/5560 3861/5561
f 3860/5560 3873/5580 3874/5582
f 3861/5561 3860/5560 3874/5582
f 3804/5465 3805/5466 3802/5462
f 3801/5461 3804/5465 3802/5462
f 3802/5462 3843/5524 3803/5464
f 1643/2263 902/1148 1642/2262
f 1189/1593 1790/2507 1191/1596
f 2524/3649 2525/3651 2536/3672
f 181/184 1187/1591 438/449
f 2084/2968 2083/2967 3150/4610
f 3150/4610 2083/2967 2082/2966
f 2081/2965 2096/2982 2106/2992
f 2106/2992 2134/3030 2119/3005
f 59/61 60/62 57/59
f 60/62 77/79 64/66
f 62/64 65/67 66/68
f 350/359 445/457 348/357
f 2884/4165 3859/5559 3861/5561
f 3808/5470 3801/5461 3814/5477
f 3814/5477 3801/5461 3833/5503
f 3801/5461 3802/5462 3803/5464
f 3801/5461 3803/5464 3806/5467
f 3833/5503 3801/5461 3806/5467
f 3807/5468 1643/2263 1642/2262
f 736/902 1792/2511 734/900
f 3091/4510 738/905 3092/4511
f 1181/1583 1187/1591 181/184
f 1187/1591 1162/1559 1188/1592
f 1188/1592 1162/1559 1189/1593
f 181/183 438/448 182/185
f 3143/4597 3142/4595 3144/4598
f 3145/4600 3143/4597 3144/4598
f 3142/4595 2084/2969 3150/4611
f 3144/4598 3142/4595 3150/4611
f 3150/4610 2082/2966 3151/4612
f 3151/4612 2082/2966 2081/2965
f 2081/2965 2106/2992 2079/2963
f 2079/2963 2106/2992 2119/3005
f 2119/3005 2134/3030 2127/3016
f 351/360 350/359 349/358
f 3862/5562 3861/5561 3874/5582
f 3862/5562 3874/5582 3703/5257
f 445/458 3808/5470 3814/5477
f 3092/4512 736/902 734/900
f 3091/4510 3092/4511 3093/4513
f 1792/2510 741/911 1791/2508
f 1791/2508 741/911 1790/2506
f 1181/1583 1165/1562 1187/1591
f 1187/1591 1165/1562 1162/1559
f 2525/3651 2585/3747 2530/3660
f 502/526 1181/1582 181/183
f 176/178 177/179 178/180
f 93/95 92/94 91/93
f 92/94 89/91 91/93
f 3144/4598 3150/4611 3151/4613
f 3151/4612 2081/2965 2080/2964
f 2080/2964 2081/2965 2079/2963
f 2079/2963 2119/3005 2078/2962
f 2078/2962 2119/3005 2127/3016
f 2078/2962 2127/3016 2097/2983
f 64/66 65/67 62/64
f 2884/4165 3861/5561 3862/5562
f 3864/5566 2884/4165 3862/5562
f 3834/5505 3814/5477 3833/5503
f 3834/5505 3833/5503 972/1260
f 3833/5503 3806/5467 974/1262
f 972/1260 3833/5503 974/1262
f 3806/5467 3803/5464 3807/5469
f 974/1262 3806/5467 3807/5469
f 3807/5468 1642/2262 1641/2259
f 733/899 3092/4512 734/900
f 2530/3659 2585/3748 2584/3746
f 502/526 181/183 180/182
f 181/183 182/185 177/179
f 89/91 90/92 91/93
f 3145/4600 3144/4598 3146/4602
f 3144/4598 3151/4613 2138/3040
f 3146/4602 3144/4598 2138/3040
f 2138/3039 3151/4612 2080/2964
f 2080/2964 2079/2963 2077/2961
f 2077/2961 2079/2963 2078/2962
f 2097/2983 2127/3016 2120/3006
f 2120/3006 2127/3016 4056/5863
f 60/62 64/66 61/63
f 348/357 445/457 444/456
f 3871/5576 3862/5562 3703/5257
f 3871/5576 3703/5257 3391/4885
f 445/458 3814/5477 3835/5507
f 444/456 445/457 3835/5506
f 3835/5507 3814/5477 3834/5505
f 1163/1560 1791/2509 1164/1561
f 180/182 181/183 177/179
f 177/179 176/178 174/176
f 91/93 90/92 225/230
f 2138/3039 2080/2964 2077/2961
f 2077/2961 2078/2962 2076/2960
f 2076/2960 2078/2962 2097/2983
f 2074/2958 2097/2983 2120/3006
f 2120/3006 4056/5863 2129/3020
f 57/59 60/62 61/63
f 66/68 404/414 362/372
f 362/372 354/363 353/362
f 349/358 350/359 348/357
f 3864/5566 3862/5562 933/1200
f 933/1200 3862/5562 3871/5576
f 972/1259 974/1263 973/1261
f 974/1262 3807/5469 976/1267
f 973/1261 974/1263 976/1268
f 3807/5468 1641/2259 976/1266
f 3093/4513 733/898 2737/3934
f 737/904 1792/2510 1217/1632
f 1217/1632 1792/2510 1791/2508
f 1167/1564 1791/2509 1163/1560
f 2583/3745 2530/3659 2584/3746
f 94/96 93/95 91/93
f 2138/3039 2077/2961 3149/4607
f 3149/4607 2077/2961 2076/2960
f 2074/2958 2120/3006 2075/2959
f 2075/2959 2120/3006 2129/3020
f 2075/2959 2129/3020 2107/2993
f 90/92 59/61 58/60
f 352/361 353/362 351/360
f 444/456 3835/5506 500/524
f 3835/5508 3834/5504 619/743
f 619/743 3834/5504 972/1259
f 1641/2259 1642/2262 907/1156
f 3096/4519 733/899 700/860
f 733/899 734/900 700/860
f 700/860 734/900 735/901
f 734/900 737/903 735/901
f 1166/1563 1181/1583 484/504
f 2534/3668 2533/3666 2532/3664
f 484/503 1181/1582 502/526
f 502/526 180/182 484/503
f 176/178 93/95 94/96
f 4109/5947 3147/4604 4110/5948
f 3147/4603 2138/3040 3149/4609
f 4110/5948 3147/4604 3149/4608
f 3149/4607 2076/2960 2074/2958
f 3149/4607 2074/2958 2073/2957
f 2073/2957 2074/2958 2075/2959
f 2107/2993 2129/3020 4061/5870
f 225/230 90/92 58/60
f 58/60 59/61 57/59
f 66/68 362/372 353/362
f 3871/5576 3391/4885 3393/4889
f 933/1200 3871/5576 3393/4889
f 500/524 3835/5506 619/742
f 969/1254 619/743 972/1259
f 969/1254 972/1259 968/1252
f 972/1259 973/1261 968/1252
f 968/1252 973/1261 976/1268
f 735/901 737/903 1794/2514
f 1169/1567 1166/1563 484/504
f 4109/5947 4110/5948 4107/5942
f 4108/5944 4109/5947 4107/5942
f 4110/5948 3149/4608 2072/2956
f 4107/5942 4110/5948 2072/2956
f 2072/2955 3149/4607 2073/2957
f 2073/2957 2075/2959 2071/2954
f 2071/2954 2075/2959 2107/2993
f 2071/2954 2107/2993 2070/2953
f 2070/2953 2107/2993 4061/5870
f 2070/2953 4061/5870 2099/2985
f 444/456 500/524 394/404
f 933/1201 3393/4888 3394/4891
f 500/524 619/742 969/1253
f 968/1252 976/1268 1641/2260
f 971/1258 968/1252 1641/2260
f 1641/2259 907/1156 971/1257
f 971/1257 907/1156 1640/2258
f 737/904 1217/1632 1192/1597
f 2535/3669 2534/3667 2582/3744
f 513/541 1169/1566 484/503
f 2072/2955 2073/2957 2071/2954
f 2072/2955 2071/2954 2069/2952
f 2069/2952 2071/2954 2070/2953
f 2099/2985 4061/5870 2121/3007
f 2121/3007 4061/5870 2135/3032
f 348/357 444/456 394/404
f 2661/3840 3864/5565 934/1202
f 934/1204 3864/5566 933/1200
f 934/1204 933/1200 3865/5568
f 500/524 969/1253 394/404
f 967/1251 969/1254 968/1252
f 2737/3934 3096/4518 697/855
f 697/854 3096/4519 700/860
f 700/860 735/901 1794/2514
f 2581/3743 2535/3669 2582/3744
f 513/541 484/503 179/181
f 484/503 180/182 179/181
f 175/177 176/178 94/96
f 91/93 225/230 224/229
f 4108/5944 4107/5942 4105/5939
f 4506/6596 4108/5944 4105/5939
f 4107/5942 2072/2956 4106/5941
f 4105/5939 4107/5942 4106/5941
f 4106/5940 2072/2955 2069/2952
f 2069/2952 2070/2953 2068/2951
f 2068/2951 2070/2953 2099/2985
f 2065/2948 2099/2985 2121/3007
f 2121/3007 2135/3032 4063/5873
f 352/361 351/360 349/358
f 3865/5567 933/1201 930/1195
f 930/1195 933/1201 3394/4891
f 967/1251 968/1252 966/1250
f 966/1250 968/1252 971/1258
f 966/1250 971/1258 970/1256
f 695/852 697/854 700/860
f 695/852 700/860 1794/2514
f 2737/3934 697/855 3097/4522
f 1183/1585 1217/1633 1184/1586
f 1183/1585 1184/1586 1170/1568
f 1175/1573 1169/1566 513/541
f 1175/1573 513/541 179/181
f 179/181 180/182 177/179
f 174/176 176/178 175/177
f 4102/5935 4506/6596 4105/5939
f 4106/5940 2069/2952 2068/2951
f 2065/2948 2121/3007 2067/2950
f 2067/2950 2121/3007 4063/5873
f 2067/2950 4063/5873 2103/2989
f 2103/2989 4063/5873 2128/3018
f 57/59 61/63 35/36
f 62/64 66/68 63/65
f 347/356 349/358 348/357
f 348/357 394/404 345/354
f 2659/3838 2661/3840 934/1202
f 930/1195 3394/4891 931/1197
f 394/404 969/1253 605/713
f 605/714 969/1254 967/1251
f 971/1257 1640/2258 910/1162
f 1794/2515 737/904 1180/1580
f 1180/1580 737/904 1192/1597
f 173/175 179/181 177/179
f 95/97 91/93 224/229
f 4102/5935 4105/5939 4103/5936
f 4103/5936 4105/5939 4106/5941
f 4497/6573 4506/6595 4102/5934
f 4106/5940 2068/2951 2064/2946
f 2064/2946 2068/2951 2065/2948
f 2064/2946 2065/2948 2063/2945
f 2063/2945 2065/2948 2067/2950
f 2103/2989 2128/3018 2102/2988
f 61/63 64/66 62/64
f 30/31 61/63 62/64
f 348/357 345/354 347/356
f 394/404 605/713 395/405
f 605/714 967/1251 966/1250
f 970/1255 971/1257 1639/2255
f 1639/2255 971/1257 910/1162
f 3097/4521 697/854 696/853
f 696/853 697/854 695/852
f 695/852 1794/2514 1793/2512
f 2575/3732 2579/3740 2578/3738
f 186/190 1175/1573 179/181
f 173/175 177/179 174/176
f 94/96 91/93 95/97
f 4102/5935 4103/5936 4101/5933
f 4517/6617 4102/5935 4101/5933
f 4103/5936 4106/5941 2064/2947
f 4103/5936 2064/2947 4104/5938
f 4101/5933 4103/5936 4104/5938
f 4104/5937 2064/2946 2063/2945
f 2063/2945 2067/2950 2062/2944
f 2062/2944 2067/2950 2103/2989
f 2062/2944 2103/2989 2102/2988
f 2102/2988 2128/3018 2125/3012
f 2659/3838 934/1202 932/1198
f 932/1199 934/1203 3865/5567
f 932/1199 3865/5567 930/1195
f 930/1195 931/1197 929/1194
f 606/716 605/714 966/1250
f 606/716 966/1250 953/1233
f 966/1250 970/1256 956/1237
f 953/1233 966/1250 956/1237
f 956/1237 970/1256 1639/2256
f 1639/2255 910/1162 913/1168
f 1793/2513 1794/2515 1180/1580
f 1180/1581 1192/1598 1174/1572
f 186/190 179/181 173/175
f 4104/5937 2063/2945 2062/2944
f 2059/2940 2102/2988 2125/3012
f 66/68 353/362 393/403
f 2873/4142 2659/3838 932/1198
f 932/1199 930/1195 921/1182
f 921/1182 930/1195 929/1194
f 395/405 605/713 606/715
f 956/1237 1639/2256 1638/2254
f 1638/2253 1639/2255 913/1168
f 1216/1630 1793/2513 1795/2516
f 1795/2516 1793/2513 1180/1580
f 1176/1576 1175/1574 186/191
f 1176/1575 186/190 472/491
f 1174/1572 1173/1571 1180/1581
f 472/491 186/190 187/192
f 187/192 186/190 173/175
f 175/177 94/96 96/98
f 4517/6617 4101/5933 4100/5932
f 4101/5933 4104/5938 2061/2943
f 4100/5932 4101/5933 2061/2943
f 4104/5937 2062/2944 2061/2942
f 2061/2942 2062/2944 2060/2941
f 2125/3012 2412/3477 2400/3452
f 393/403 353/362 352/361
f 2873/4143 932/1199 921/1182
f 395/405 606/715 517/547
f 698/856 695/852 1793/2512
f 2574/3731 2538/3676 3367/4845
f 4497/6574 4517/6617 4100/5932
f 4496/6572 4497/6574 4100/5932
f 2061/2942 2060/2941 2058/2939
f 4095/5923 2061/2942 2058/2939
f 2059/2940 2125/3012 2104/2990
f 2104/2990 2125/3012 2400/3452
f 2104/2990 2400/3452 2123/3010
f 2123/3010 2400/3452 2376/3415
f 56/58 58/60 57/59
f 352/361 349/358 347/356
f 345/354 394/404 395/405
f 921/1182 929/1194 3396/4894
f 953/1233 956/1237 955/1236
f 955/1236 956/1237 1638/2254
f 740/910 696/853 694/851
f 694/851 696/853 695/852
f 1173/1571 1176/1576 1177/1577
f 1215/1629 1180/1581 1178/1578
f 96/98 94/96 95/97
f 4100/5932 2061/2943 4095/5924
f 4496/6572 4100/5932 4095/5924
f 55/57 225/230 58/60
f 55/57 58/60 56/58
f 63/65 66/68 393/403
f 2874/4145 2873/4143 921/1182
f 517/547 606/715 957/1238
f 957/1239 606/716 953/1233
f 1638/2253 913/1168 1624/2231
f 694/851 695/852 693/850
f 693/850 695/852 698/856
f 1219/1636 1176/1575 472/491
f 175/177 96/98 170/172
f 4496/6572 4095/5924 4089/5915
f 4089/5914 4095/5923 2058/2939
f 4088/5912 4494/6569 4496/6571
f 2056/2937 2104/2990 2123/3010
f 345/354 395/405 346/355
f 346/355 395/405 517/547
f 921/1182 3396/4894 920/1181
f 957/1239 953/1233 951/1231
f 953/1233 955/1236 952/1232
f 951/1231 953/1233 952/1232
f 952/1232 955/1236 1638/2254
f 1216/1631 1215/1629 1179/1579
f 1219/1636 472/491 188/193
f 472/491 187/192 188/193
f 188/193 187/192 173/175
f 4088/5913 4496/6572 4089/5915
f 4089/5914 2058/2939 2057/2938
f 4089/5914 2057/2938 2055/2936
f 2055/2936 2057/2938 2056/2937
f 2056/2937 2123/3010 2088/2973
f 2088/2973 2123/3010 2376/3415
f 2088/2973 2376/3415 2375/3413
f 63/65 393/403 403/413
f 3398/4898 921/1182 920/1181
f 517/547 957/1238 610/724
f 346/355 517/547 610/724
f 610/725 957/1239 951/1231
f 952/1232 1638/2254 977/1270
f 977/1269 1638/2253 1624/2231
f 693/850 698/856 699/858
f 1793/2513 1216/1630 1796/2517
f 590/682 1219/1636 188/193
f 4088/5913 4089/5915 4087/5911
f 4087/5911 4089/5915 4090/5917
f 4090/5916 4089/5914 2055/2936
f 2055/2936 2056/2937 2054/2935
f 2054/2935 2056/2937 2088/2973
f 2088/2973 2375/3413 2108/2994
f 56/58 57/59 36/37
f 57/59 35/36 36/37
f 35/36 61/63 30/31
f 2874/4145 921/1182 922/1183
f 922/1183 921/1182 3398/4898
f 954/1235 610/725 951/1231
f 954/1235 951/1231 950/1230
f 950/1230 951/1231 952/1232
f 950/1230 952/1232 977/1270
f 704/864 694/851 692/849
f 692/849 694/851 693/850
f 224/229 225/230 55/57
f 4086/5910 4088/5913 4087/5911
f 4090/5916 2055/2936 4096/5925
f 4096/5925 2055/2936 2054/2935
f 2053/2934 2088/2973 2108/2994
f 2108/2994 2375/3413 2130/3022
f 30/31 62/64 63/65
f 393/403 352/361 363/373
f 346/355 610/724 954/1234
f 977/1269 1624/2231 1620/2223
f 690/847 693/850 699/858
f 2738/3936 704/864 2745/3949
f 698/857 1793/2513 1796/2517
f 2544/3686 2543/3684 2545/3689
f 1987/2834 2544/3686 2545/3689
f 460/478 590/682 188/193
f 171/173 173/175 174/176
f 96/98 95/97 97/99
f 4086/5910 4087/5911 4085/5908
f 4087/5911 4090/5917 4096/5926
f 4085/5908 4087/5911 4096/5926
f 4096/5925 2054/2935 2053/2934
f 2053/2934 2108/2994 2066/2949
f 2066/2949 2108/2994 2130/3022
f 2066/2949 2130/3022 2110/2996
f 363/373 352/361 347/356
f 2875/4147 2874/4145 922/1183
f 922/1183 3398/4898 923/1185
f 954/1235 950/1230 958/1240
f 958/1240 950/1230 960/1242
f 960/1242 950/1230 977/1270
f 1623/2228 977/1269 1620/2223
f 2744/3948 704/864 692/849
f 692/849 693/850 690/847
f 1185/1587 590/682 460/478
f 1185/1588 591/686 1186/1589
f 1983/2827 1987/2833 2545/3687
f 171/173 174/176 175/177
f 4503/6590 4086/5910 4085/5908
f 4085/5908 4096/5926 4112/5952
f 4096/5925 2053/2934 2052/2933
f 4112/5951 4096/5925 2052/2933
f 2052/2933 2053/2934 2066/2949
f 2052/2933 2066/2949 2051/2932
f 2051/2932 2066/2949 2110/2996
f 2110/2996 2130/3022 2131/3024
f 363/373 347/356 364/374
f 3395/4892 3258/4727 3278/4747
f 346/355 954/1234 576/653
f 344/353 346/355 576/653
f 576/654 954/1235 958/1240
f 960/1242 977/1270 1623/2229
f 1623/2228 1620/2223 978/1271
f 1797/2519 698/857 1796/2517
f 1983/2827 1986/2832 1987/2833
f 1986/2832 1983/2827 1982/2826
f 1987/2834 1989/2838 2546/3691
f 591/684 1185/1587 460/478
f 460/478 188/193 172/174
f 188/193 173/175 172/174
f 95/97 224/229 222/227
f 4503/6590 4085/5908 4084/5907
f 4084/5907 4085/5908 4112/5952
f 4112/5951 2052/2933 2051/2932
f 2051/2932 2110/2996 2050/2931
f 2050/2931 2110/2996 2131/3024
f 2050/2931 2131/3024 2101/2987
f 32/33 35/36 30/31
f 343/352 347/356 345/354
f 345/354 346/355 344/353
f 922/1183 923/1185 3397/4896
f 344/353 576/653 979/1273
f 576/654 958/1240 959/1241
f 959/1241 958/1240 961/1243
f 961/1243 958/1240 960/1242
f 961/1243 960/1242 964/1247
f 964/1247 960/1242 1623/2229
f 689/846 692/849 690/847
f 689/846 690/847 691/848
f 452/470 591/684 460/478
f 171/173 175/177 170/172
f 98/100 96/98 97/99
f 4083/5906 4503/6590 4084/5907
f 4112/5951 2051/2932 2049/2930
f 2049/2930 2051/2932 2050/2931
f 2101/2987 2131/3024 2371/3408
f 53/55 55/57 56/58
f 393/403 363/373 365/375
f 364/374 347/356 392/402
f 392/402 347/356 343/352
f 343/352 345/354 344/353
f 922/1183 3397/4896 924/1187
f 925/1188 922/1183 924/1187
f 979/1274 576/654 959/1241
f 964/1247 1623/2229 978/1272
f 978/1271 1620/2223 1621/2224
f 1621/2224 1620/2223 1622/2226
f 2744/3948 692/849 689/846
f 691/848 690/847 1799/2523
f 1799/2523 690/847 699/858
f 699/859 698/857 1798/2522
f 1798/2522 698/857 1797/2519
f 591/685 4270/6205 4269/6203
f 4270/6204 591/684 452/470
f 2589/3753 1975/2815 2588/3751
f 2588/3752 1975/2816 1982/2826
f 452/470 460/478 172/174
f 172/174 173/175 171/173
f 4083/5906 4084/5907 4082/5904
f 4084/5907 4112/5952 4099/5931
f 4082/5904 4084/5907 4099/5931
f 4099/5930 4112/5951 2049/2930
f 2049/2930 2050/2931 2048/2929
f 2048/2929 2050/2931 2101/2987
f 2048/2929 2101/2987 2047/2928
f 2047/2928 2101/2987 2371/3408
f 2047/2928 2371/3408 2098/2984
f 53/55 56/58 36/37
f 30/31 63/65 31/32
f 2875/4147 922/1183 926/1189
f 2876/4149 2875/4147 926/1189
f 926/1189 922/1183 925/1188
f 342/351 344/353 979/1273
f 721/884 2744/3948 689/846
f 1975/2816 1981/2825 1976/2817
f 170/172 96/98 98/100
f 97/99 95/97 222/227
f 223/228 224/229 55/57
f 4480/6544 4083/5905 4081/5902
f 4081/5903 4083/5906 4082/5904
f 4099/5930 2049/2930 2048/2929
f 2098/2984 2371/3408 2369/3405
f 964/1247 978/1272 1621/2225
f 747/922 2744/3948 721/884
f 1799/2524 699/859 1798/2522
f 587/676 4270/6204 452/470
f 4081/5903 4082/5904 4080/5901
f 4082/5904 4099/5931 2046/2927
f 4080/5901 4082/5904 2046/2927
f 4099/5930 2048/2929 2046/2926
f 2046/2926 2048/2929 2047/2928
f 2046/2926 2047/2928 2045/2925
f 2045/2925 2047/2928 2098/2984
f 2045/2925 2098/2984 2086/2971
f 2086/2971 2098/2984 2369/3405
f 2086/2971 2369/3405 2117/3003
f 403/413 393/403 365/375
f 343/352 344/353 342/351
f 979/1274 959/1241 962/1245
f 342/351 979/1273 962/1244
f 962/1245 959/1241 961/1243
f 962/1245 961/1243 963/1246
f 963/1246 961/1243 964/1247
f 963/1246 964/1247 1621/2225
f 1621/2224 1622/2226 1619/2219
f 721/884 689/846 703/863
f 703/863 689/846 702/862
f 689/846 691/848 701/861
f 702/862 689/846 701/861
f 1798/2522 1797/2519 4275/6214
f 587/676 452/470 453/471
f 167/169 172/174 171/173
f 167/169 171/173 168/170
f 171/173 170/172 169/171
f 222/227 224/229 223/228
f 223/228 55/57 54/56
f 4480/6544 4081/5902 4481/6545
f 4481/6546 4081/5903 4080/5901
f 4080/5901 2046/2927 2044/2924
f 2044/2923 2046/2926 2045/2925
f 2043/2922 2086/2971 2117/3003
f 2117/3003 2369/3405 2367/3402
f 36/37 35/36 34/35
f 32/33 30/31 29/30
f 2650/3828 2876/4148 2910/4214
f 926/1189 925/1188 3628/5146
f 925/1188 924/1187 3628/5146
f 963/1246 1621/2225 1619/2220
f 747/922 721/884 703/863
f 4266/6198 587/676 453/471
f 453/471 452/470 167/169
f 167/169 452/470 172/174
f 4481/6546 4080/5901 4078/5899
f 4078/5899 4080/5901 2044/2924
f 2044/2923 2045/2925 2043/2922
f 2043/2922 2117/3003 2041/2920
f 2041/2920 2117/3003 2367/3402
f 2041/2920 2367/3402 2105/2991
f 34/35 35/36 32/33
f 31/32 63/65 403/413
f 392/402 343/352 368/378
f 341/350 343/352 342/351
f 2910/4215 2876/4149 926/1189
f 2910/4215 926/1189 927/1190
f 926/1189 3628/5146 927/1190
f 342/351 962/1244 975/1264
f 975/1265 962/1245 965/1249
f 965/1249 962/1245 963/1246
f 1619/2219 1622/2226 4447/6488
f 701/861 691/848 1799/2523
f 747/922 703/863 2743/3946
f 1800/2525 1799/2524 4249/6174
f 4249/6174 1799/2524 1798/2522
f 4249/6174 1798/2522 4275/6214
f 458/476 4266/6198 453/471
f 168/170 171/173 169/171
f 4481/6546 4078/5899 4079/5900
f 4078/5899 2044/2924 4113/5954
f 4079/5900 4078/5899 4113/5954
f 2044/2923 2043/2922 2042/2921
f 4113/5953 2044/2923 2042/2921
f 2042/2921 2043/2922 2041/2920
f 2105/2991 2367/3402 2132/3026
f 365/375 363/373 364/374
f 368/378 343/352 341/350
f 341/350 342/351 340/349
f 927/1190 3628/5146 928/1192
f 965/1249 963/1246 1619/2220
f 701/861 1799/2523 1800/2526
f 1979/2822 4050/5856 1980/2823
f 4050/5856 1979/2822 4041/5840
f 3787/5432 4050/5855 4041/5839
f 1980/2823 1985/2831 3315/4786
f 549/603 4266/6198 458/476
f 458/476 453/471 167/169
f 170/172 98/100 169/171
f 4113/5953 2042/2921 2041/2920
f 4113/5953 2041/2920 2040/2919
f 2040/2919 2041/2920 2105/2991
f 2040/2919 2105/2991 2039/2918
f 2039/2918 2105/2991 2132/3026
f 2039/2918 2132/3026 2100/2986
f 53/55 36/37 37/38
f 37/38 36/37 34/35
f 30/31 31/32 28/29
f 365/375 364/374 366/376
f 366/376 364/374 392/402
f 2650/3828 2910/4214 2911/4216
f 2911/4217 2910/4215 927/1190
f 342/351 975/1264 340/349
f 340/349 975/1264 2269/3244
f 975/1265 965/1249 2269/3246
f 2269/3245 965/1248 2268/3243
f 965/1248 1619/2221 2270/3248
f 2268/3243 965/1248 2270/3248
f 1618/2218 1619/2219 4447/6488
f 4481/6546 4079/5900 4091/5918
f 4092/5920 4481/6546 4091/5918
f 4079/5900 4113/5954 4111/5950
f 4091/5918 4079/5900 4111/5950
f 4111/5949 4113/5953 2040/2919
f 2100/2986 2132/3026 2364/3398
f 927/1190 928/1192 3399/4900
f 2270/3247 1619/2219 1618/2218
f 1618/2218 4447/6488 1615/2214
f 2743/3946 703/863 708/868
f 708/868 703/863 702/862
f 702/862 701/861 705/865
f 1800/2525 4249/6174 4248/6172
f 747/923 2743/3945 2595/3761
f 549/603 458/476 457/475
f 166/168 167/169 168/170
f 54/56 55/57 53/55
f 4111/5949 2040/2919 2039/2918
f 4111/5949 2039/2918 2038/2917
f 2038/2917 2039/2918 2100/2986
f 2037/2916 2100/2986 2364/3398
f 2364/3399 2365/3400 2363/3397
f 4421/6446 2650/3828 2911/4216
f 2911/4217 927/1190 4421/6448
f 4421/6448 927/1190 3399/4900
f 340/349 2269/3244 508/536
f 508/536 2269/3244 2267/3241
f 2268/3243 2270/3248 1871/2655
f 2270/3247 1618/2218 1844/2596
f 1871/2654 2270/3247 1844/2596
f 1617/2217 1618/2218 1615/2214
f 705/865 701/861 709/870
f 709/870 701/861 1800/2526
f 4268/6201 549/603 457/475
f 457/475 458/476 167/169
f 168/170 169/171 166/168
f 4470/6529 4092/5920 4091/5918
f 4091/5918 4111/5950 2036/2915
f 54/56 53/55 52/54
f 2036/2914 4111/5949 2038/2917
f 2037/2916 2364/3398 2089/2974
f 2089/2974 2364/3398 2362/3394
f 4421/6448 3399/4900 3738/5322
f 2267/3242 2269/3245 2268/3243
f 1844/2596 1618/2218 1617/2217
f 2743/3946 708/868 2740/3939
f 1801/2527 1800/2525 4248/6172
f 4470/6529 4091/5918 4093/5921
f 4093/5921 4091/5918 2036/2915
f 2036/2914 2038/2917 2037/2916
f 2036/2914 2037/2916 2035/2913
f 2035/2913 2037/2916 2089/2974
f 2362/3396 2363/3397 2361/3393
f 366/376 392/402 368/378
f 4421/6447 3738/5321 4422/6450
f 708/868 702/862 706/866
f 706/866 702/862 705/865
f 1804/2532 709/869 1800/2525
f 1802/2529 1800/2525 1801/2527
f 3789/5437 4039/5837 4036/5833
f 559/622 4268/6201 457/475
f 4051/5858 4039/5837 4049/5853
f 98/100 97/99 99/101
f 99/101 97/99 222/227
f 4470/6529 4093/5921 4094/5922
f 4093/5921 2036/2915 4114/5956
f 4094/5922 4093/5921 4114/5956
f 4114/5955 2036/2914 2035/2913
f 2035/2913 2089/2974 2033/2910
f 2033/2910 2089/2974 2362/3394
f 2033/2910 2362/3394 2172/3092
f 2172/3091 2362/3395 2170/3087
f 29/30 30/31 28/29
f 4421/6447 4422/6450 4420/6445
f 508/536 2267/3241 531/572
f 531/572 2267/3241 2265/3237
f 2265/3238 2267/3242 1871/2655
f 1871/2654 1844/2596 1617/2217
f 166/168 169/171 98/100
f 223/228 54/56 50/52
f 50/52 54/56 52/54
f 4114/5955 2035/2913 2033/2910
f 2170/3088 2361/3393 2360/3392
f 52/54 53/55 37/38
f 33/34 32/33 29/30
f 402/412 31/32 403/413
f 403/413 365/375 402/412
f 372/382 365/375 367/377
f 367/377 365/375 366/376
f 341/350 340/349 337/346
f 340/349 508/536 339/348
f 2863/4124 4421/6447 4420/6445
f 4420/6445 4422/6450 4417/6441
f 339/348 508/536 531/572
f 2265/3238 1871/2655 2263/3234
f 2263/3234 1871/2655 2266/3240
f 2266/3239 1871/2654 1617/2217
f 706/866 705/865 707/867
f 705/865 709/870 707/867
f 707/867 709/870 1804/2533
f 4037/5835 4036/5833 4035/5832
f 586/674 559/622 466/485
f 559/622 457/475 466/485
f 4094/5922 4114/5956 2034/2912
f 4114/5955 2033/2910 2034/2911
f 2034/2911 2033/2910 2172/3092
f 2034/2911 2172/3092 2171/3090
f 2171/3089 2172/3091 2170/3087
f 2171/3089 2170/3087 2169/3086
f 2169/3086 2170/3087 2168/3084
f 38/39 37/38 34/35
f 368/378 341/350 369/379
f 1617/2217 1615/2214 1616/2215
f 1804/2532 1800/2525 1802/2529
f 2739/3937 2740/3940 2741/3941
f 1802/2529 1801/2527 1803/2530
f 4253/6179 586/674 466/485
f 466/485 457/475 456/474
f 4097/5928 4470/6529 4094/5922
f 2034/2911 2171/3090 2216/3161
f 2216/3160 2171/3089 2169/3086
f 2169/3086 2168/3084 2165/3080
f 402/412 365/375 372/382
f 367/377 366/376 368/378
f 337/346 340/349 339/348
f 531/572 2265/3237 601/705
f 601/706 2265/3238 2263/3234
f 2266/3239 1617/2217 1616/2215
f 1614/2211 1616/2215 1615/2214
f 1614/2211 1615/2214 1613/2209
f 1613/2209 1615/2214 4443/6482
f 707/867 1804/2533 720/882
f 4253/6179 466/485 456/474
f 222/227 223/228 50/52
f 4097/5928 4094/5922 4098/5929
f 4094/5922 2034/2912 2139/3042
f 4098/5929 4094/5922 2139/3042
f 2139/3041 2034/2911 2216/3161
f 2216/3160 2169/3086 2140/3043
f 2140/3043 2169/3086 2165/3080
f 2165/3080 2168/3084 2164/3079
f 33/34 34/35 32/33
f 338/347 339/348 531/572
f 4420/6445 4417/6441 4419/6444
f 338/347 531/572 601/705
f 2263/3234 2266/3240 1616/2216
f 710/871 706/866 707/867
f 4038/5836 4035/5832 4028/5821
f 4256/6184 4253/6179 456/474
f 165/167 167/169 166/168
f 51/53 50/52 52/54
f 2139/3041 2216/3161 2140/3044
f 2139/3041 2140/3044 2141/3046
f 2141/3045 2140/3043 2165/3080
f 2141/3045 2165/3080 2162/3076
f 2162/3076 2165/3080 2164/3079
f 28/29 31/32 402/412
f 4420/6445 4419/6444 4423/6451
f 2264/3236 601/706 2263/3234
f 710/871 707/867 711/872
f 711/872 707/867 720/882
f 720/883 1804/2532 1806/2535
f 1806/2535 1804/2532 1805/2534
f 1805/2534 1804/2532 1802/2529
f 1805/2534 1802/2529 4254/6181
f 456/474 457/475 167/169
f 456/474 167/169 189/194
f 4098/5929 2139/3042 4115/5958
f 4115/5957 2139/3041 2141/3046
f 2162/3076 2164/3079 2161/3075
f 2161/3075 2164/3079 2167/3082
f 2161/3075 2167/3082 2399/3450
f 367/377 368/378 369/379
f 2863/4124 4420/6445 4423/6451
f 338/347 601/705 2264/3235
f 2264/3236 2263/3234 2262/3233
f 2262/3233 2263/3234 1616/2216
f 2262/3233 1616/2216 1614/2212
f 1614/2211 1613/2209 1612/2208
f 2747/3954 2742/3944 706/866
f 2741/3942 4025/5817 4028/5821
f 459/477 4256/6184 456/474
f 189/194 167/169 165/167
f 100/102 166/168 98/100
f 99/101 222/227 221/226
f 4097/5928 4098/5929 4115/5958
f 4469/6527 4097/5928 4115/5958
f 4115/5957 2141/3046 4150/6005
f 4150/6004 2141/3045 2162/3076
f 4150/6004 2162/3076 4167/6037
f 337/346 339/348 338/347
f 4441/6479 2863/4124 4423/6451
f 4423/6451 4419/6444 4418/6443
f 2747/3954 706/866 714/875
f 714/875 706/866 710/871
f 711/872 720/882 1811/2543
f 1811/2544 720/883 1806/2535
f 4040/5838 4028/5821 4027/5820
f 3735/5315 4040/5838 4027/5820
f 4259/6188 4256/6184 459/477
f 165/167 166/168 100/102
f 220/225 222/227 50/52
f 4469/6527 4115/5958 4116/5959
f 4116/5959 4115/5958 4150/6006
f 52/54 37/38 51/53
f 4167/6037 2161/3075 2163/3077
f 2163/3077 2161/3075 2399/3450
f 2163/3077 2399/3450 2166/3081
f 2166/3081 2399/3450 2380/3421
f 369/379 341/350 337/346
f 4424/6453 4441/6479 4423/6451
f 4424/6453 4423/6451 4418/6443
f 338/347 2264/3235 512/540
f 512/540 2264/3235 600/703
f 600/704 2264/3236 2262/3233
f 2262/3233 1614/2212 1842/2594
f 1842/2593 1614/2211 1612/2208
f 1612/2208 1613/2209 1609/2204
f 712/873 710/871 711/872
f 459/477 456/474 189/194
f 100/102 98/100 99/101
f 4117/5961 4469/6527 4116/5959
f 4150/6006 4167/6038 4149/6003
f 4149/6003 4167/6038 2163/3078
f 4149/6003 2163/3078 4166/6035
f 2166/3081 2380/3421 2173/3093
f 2173/3094 2378/3419 4504/6592
f 2173/3094 4504/6592 2379/3420
f 337/346 338/347 336/345
f 336/345 338/347 512/540
f 4424/6453 4418/6443 3403/4906
f 714/875 710/871 712/873
f 712/873 711/872 713/874
f 4259/6189 4260/6190 4258/6187
f 221/226 222/227 220/225
f 4116/5959 4150/6006 4149/6003
f 4149/6003 4166/6035 4148/6002
f 4148/6001 4166/6036 2166/3081
f 4148/6001 2166/3081 2174/3095
f 2174/3095 2166/3081 2173/3093
f 2174/3095 2173/3093 2175/3096
f 2175/3096 2173/3093 2381/3423
f 38/39 51/53 37/38
f 4424/6453 3403/4906 4425/6454
f 512/540 600/703 575/651
f 575/652 600/704 2262/3233
f 1842/2593 1612/2208 1611/2207
f 1611/2207 1612/2208 1609/2204
f 1609/2204 1613/2209 4448/6491
f 2747/3954 714/875 2749/3957
f 560/623 4259/6188 459/477
f 4026/5819 2746/3952 4027/5820
f 4116/5959 4149/6003 4148/6002
f 4148/6001 2174/3095 2203/3135
f 2381/3424 2379/3420 4482/6548
f 2381/3424 4482/6548 2382/3425
f 2639/3817 4424/6452 2877/4150
f 4425/6454 3403/4906 3402/4904
f 336/345 512/540 575/651
f 575/652 2262/3233 2261/3232
f 2261/3232 2262/3233 1842/2594
f 715/876 714/875 712/873
f 713/874 711/872 717/878
f 717/878 711/872 1811/2543
f 1806/2535 1805/2534 1807/2536
f 4116/5959 4148/6002 4118/5962
f 4117/5961 4116/5959 4118/5962
f 4118/5962 4148/6002 2203/3136
f 4118/5962 2203/3136 2217/3163
f 2217/3162 2203/3135 2175/3096
f 2217/3162 2175/3096 2176/3097
f 2176/3097 2175/3096 2381/3423
f 2176/3097 2381/3423 2177/3099
f 2177/3099 2381/3423 2385/3429
f 39/40 34/35 33/34
f 28/29 402/412 26/27
f 4424/6453 4425/6454 2877/4151
f 336/345 575/651 489/509
f 1861/2633 2261/3232 1842/2594
f 2877/4151 4425/6454 3402/4904
f 489/509 575/651 2260/3230
f 2260/3231 575/652 2261/3232
f 1861/2632 1842/2593 1611/2207
f 1609/2204 4448/6491 1610/2206
f 2749/3957 714/875 715/876
f 712/873 713/874 716/877
f 716/877 713/874 717/878
f 1810/2542 1811/2544 1806/2535
f 1806/2535 1807/2536 1808/2538
f 165/167 100/102 164/166
f 4473/6535 4117/5961 4119/5963
f 4119/5963 4117/5961 4118/5962
f 4118/5962 2217/3163 2176/3098
f 4118/5962 2176/3098 4157/6017
f 38/39 34/35 39/40
f 370/380 369/379 375/385
f 333/342 369/379 337/346
f 2261/3232 1861/2633 2259/3229
f 2259/3228 1861/2632 1611/2207
f 560/624 4263/6195 4261/6191
f 4263/6194 560/623 441/453
f 4261/6191 4263/6195 4262/6193
f 4029/5823 2748/3956 4030/5824
f 560/623 459/477 441/453
f 441/453 459/477 189/194
f 4119/5963 4118/5962 4129/5976
f 4129/5976 4118/5962 4157/6017
f 4157/6016 2177/3099 2178/3100
f 2178/3100 2177/3099 2385/3429
f 2178/3100 2385/3429 2179/3102
f 2179/3102 2385/3429 2180/3103
f 367/377 369/379 370/380
f 4426/6456 2877/4151 3402/4904
f 2260/3231 2261/3232 2254/3220
f 2254/3220 2261/3232 2259/3229
f 715/876 712/873 719/881
f 719/881 712/873 716/877
f 716/877 717/878 718/880
f 717/879 1811/2544 1810/2542
f 1810/2542 1806/2535 1809/2539
f 1809/2539 1806/2535 1808/2538
f 4274/6212 4263/6194 441/453
f 163/165 165/167 164/166
f 101/103 164/166 100/102
f 4479/6543 4473/6534 4120/5964
f 4120/5965 4473/6535 4119/5963
f 4129/5976 4157/6017 2178/3101
f 4129/5976 2178/3101 2213/3155
f 2213/3156 2178/3100 2179/3102
f 375/385 369/379 333/342
f 336/345 489/509 334/343
f 2641/3819 2877/4150 4429/6460
f 4429/6461 2877/4151 4427/6457
f 4427/6457 2877/4151 4426/6456
f 334/343 489/509 2260/3230
f 2256/3222 2260/3231 2254/3220
f 2259/3228 1611/2207 1609/2204
f 2747/3953 2749/3958 2748/3955
f 161/163 189/194 165/167
f 101/103 100/102 99/101
f 4119/5963 4129/5976 4121/5966
f 4121/5966 4129/5976 2213/3155
f 4121/5966 2213/3155 2218/3165
f 2218/3164 2213/3156 2179/3102
f 2218/3164 2179/3102 4168/6039
f 4168/6039 2179/3102 2180/3103
f 4168/6039 2180/3103 2181/3105
f 2181/3105 2180/3103 2182/3106
f 367/377 370/380 371/381
f 373/383 370/380 375/385
f 334/343 2260/3230 542/591
f 542/591 2260/3230 2256/3223
f 4427/6457 4426/6456 4428/6459
f 2259/3228 1609/2204 1597/2187
f 718/880 717/878 1813/2546
f 4274/6212 441/453 190/195
f 4120/5965 4119/5963 4121/5966
f 4121/5966 2218/3165 4168/6040
f 4121/5966 4168/6040 4162/6027
f 3526/5032 3697/5249 3524/5030
f 4162/6026 2181/3105 2183/3108
f 2183/3108 2181/3105 2182/3106
f 2183/3108 2182/3106 2184/3109
f 2254/3220 2259/3229 1869/2651
f 1869/2650 2259/3228 1597/2187
f 1609/2204 1610/2206 4458/6507
f 719/881 716/877 718/880
f 4274/6213 4272/6209 4271/6206
f 4271/6206 4272/6209 1063/1401
f 441/453 189/194 190/195
f 161/163 165/167 162/164
f 4478/6541 4479/6543 4120/5964
f 4120/5965 4121/5966 4122/5967
f 4121/5966 4162/6027 4147/6000
f 4147/5999 4162/6026 2183/3108
f 4147/5999 2183/3108 2189/3115
f 2189/3115 2183/3108 2184/3109
f 2184/3109 2182/3106 2185/3110
f 333/342 337/346 336/345
f 611/727 2256/3222 2254/3220
f 611/726 542/591 2256/3223
f 1597/2187 1609/2204 1595/2184
f 1595/2184 1609/2204 4458/6507
f 748/925 715/876 722/886
f 722/886 715/876 719/881
f 1813/2547 717/879 1810/2542
f 190/195 189/194 161/163
f 99/101 221/226 220/225
f 49/51 50/52 51/53
f 4478/6542 4120/5965 4122/5967
f 4122/5967 4121/5966 4147/6000
f 4147/5999 2189/3115 2190/3116
f 2190/3116 2189/3115 2184/3109
f 2190/3116 2184/3109 2186/3112
f 2186/3112 2184/3109 2185/3110
f 2186/3112 2185/3110 2187/3113
f 33/34 29/30 27/28
f 542/591 611/726 2253/3218
f 2253/3219 611/727 2254/3220
f 2253/3219 2254/3220 2255/3221
f 2254/3220 1869/2651 2258/3227
f 2255/3221 2254/3220 2258/3227
f 2258/3226 1869/2650 1597/2187
f 722/886 719/881 723/887
f 723/887 719/881 718/880
f 1061/1396 4272/6207 4274/6212
f 4478/6542 4122/5967 4123/5968
f 4122/5967 4147/6000 4128/5975
f 4123/5968 4122/5967 4128/5975
f 4128/5975 4147/6000 2190/3117
f 2190/3116 2186/3112 4169/6041
f 4169/6041 2186/3112 2187/3113
f 4169/6041 2187/3113 2188/3114
f 2188/3114 2187/3113 2185/3110
f 2188/3114 2185/3110 2193/3121
f 27/28 29/30 28/29
f 27/28 28/29 26/27
f 26/27 402/412 372/382
f 372/382 367/377 371/381
f 371/381 370/380 373/383
f 334/343 542/591 509/537
f 4427/6457 4428/6459 4430/6462
f 4430/6462 4428/6459 3405/4909
f 509/537 542/591 2253/3218
f 2258/3226 1597/2187 1596/2185
f 723/887 718/880 724/888
f 724/888 718/880 1813/2546
f 1812/2545 1813/2547 1810/2542
f 1810/2542 1809/2539 1062/1398
f 4032/5827 4033/5829 4322/6291
f 163/165 164/166 101/103
f 220/225 50/52 48/50
f 4124/5970 4478/6542 4123/5968
f 4128/5975 2190/3117 4169/6042
f 4128/5975 4169/6042 4155/6014
f 4155/6013 4169/6041 2188/3114
f 2188/3114 2193/3121 2192/3120
f 39/40 33/34 27/28
f 333/342 336/345 334/343
f 1812/2545 1810/2542 1814/2548
f 1814/2548 1810/2542 1062/1398
f 1061/1396 4274/6212 190/195
f 487/507 1061/1396 190/195
f 162/164 165/167 163/165
f 4123/5968 4128/5975 4126/5973
f 4126/5973 4128/5975 4155/6014
f 4155/6013 2188/3114 2191/3118
f 42/43 51/53 38/39
f 2191/3118 2188/3114 2192/3120
f 2192/3120 2193/3121 2194/3123
f 3026/4414 3028/4418 2317/3319
f 3021/4406 3024/4410 3022/4407
f 2862/4121 2641/3819 4429/6460
f 2862/4122 4429/6461 4427/6457
f 2862/4122 4427/6457 4431/6463
f 4431/6463 4427/6457 4430/6462
f 2257/3225 2253/3219 2255/3221
f 2257/3225 2255/3221 2258/3227
f 3758/5365 4430/6462 3405/4909
f 1595/2184 4458/6507 1593/2181
f 550/605 1061/1396 487/507
f 101/103 99/101 102/104
f 102/104 99/101 220/225
f 48/50 50/52 49/51
f 4125/5972 4124/5970 4123/5968
f 4126/5973 4155/6014 4156/6015
f 4156/6015 4155/6014 2191/3119
f 4156/6015 2191/3119 2201/3132
f 2201/3131 2191/3118 2192/3120
f 2201/3131 2192/3120 2195/3125
f 2195/3125 2192/3120 2194/3123
f 2195/3125 2194/3123 2196/3126
f 40/41 38/39 39/40
f 3031/4424 3026/4414 2312/3314
f 2312/3314 3026/4414 2317/3319
f 2317/3319 3028/4418 3015/4395
f 3028/4417 3027/4415 3014/4393
f 3015/4394 3028/4417 3014/4393
f 3014/4393 3027/4415 3023/4408
f 25/26 27/28 26/27
f 375/385 333/342 332/341
f 509/537 2253/3218 2257/3224
f 4431/6463 4430/6462 3758/5365
f 724/888 1813/2546 1821/2556
f 4125/5972 4123/5968 4126/5973
f 4156/6015 2201/3132 4130/5978
f 4130/5977 2201/3131 2195/3125
f 4130/5977 2195/3125 2197/3127
f 2197/3127 2195/3125 2196/3126
f 2196/3126 2194/3123 2389/3435
f 2389/3436 2388/3434 4484/6551
f 2389/3436 4484/6551 2390/3437
f 3031/4424 2312/3314 2310/3311
f 2310/3311 2312/3314 2311/3313
f 2311/3313 2317/3319 3015/4395
f 3014/4393 3023/4408 3013/4391
f 376/386 372/382 371/381
f 509/537 2257/3224 510/538
f 510/538 2257/3224 2271/3249
f 2271/3250 2257/3225 2258/3227
f 1596/2185 1597/2187 1595/2184
f 725/889 722/886 723/887
f 723/887 724/888 725/889
f 725/889 724/888 726/890
f 726/890 724/888 1821/2556
f 1821/2557 1813/2547 1812/2545
f 4320/6287 4319/6286 3652/5183
f 4317/6283 4319/6286 4320/6287
f 4125/5972 4126/5973 4127/5974
f 4130/5978 4126/5973 4156/6015
f 4127/5974 4126/5973 4130/5978
f 4130/5977 2197/3127 2212/3153
f 2212/3153 2197/3127 2196/3126
f 2212/3153 2196/3126 2198/3128
f 2198/3128 2196/3126 2389/3435
f 2198/3128 2389/3435 2199/3129
f 2199/3129 2389/3435 2391/3438
f 2310/3311 2311/3313 2308/3308
f 3015/4394 3014/4393 3012/4390
f 3012/4390 3014/4393 3013/4391
f 3012/4390 3013/4391 2296/3288
f 4432/6464 4431/6463 3758/5365
f 510/538 2271/3249 518/548
f 2271/3250 2258/3227 2272/3251
f 2272/3251 2258/3227 1596/2186
f 2272/3251 1596/2186 2275/3255
f 2756/3970 722/886 725/889
f 1812/2545 1814/2548 1815/2549
f 49/51 51/53 42/43
f 4151/6008 4125/5972 4127/5974
f 4127/5974 4130/5978 4131/5979
f 4131/5979 4130/5978 4143/5994
f 4143/5994 4130/5978 2212/3154
f 3528/5034 3796/5452 3526/5032
f 4143/5993 2212/3153 2198/3128
f 4143/5993 2198/3128 4163/6028
f 4163/6028 2198/3128 2199/3129
f 3033/4427 2310/3310 2307/3306
f 2306/3305 2307/3307 2308/3308
f 2308/3308 2311/3313 3018/4401
f 2311/3312 3015/4394 3011/4389
f 3018/4400 2311/3312 3011/4389
f 3010/4388 3012/4390 2301/3299
f 2301/3299 3012/4390 2296/3288
f 401/411 26/27 372/382
f 2862/4122 4431/6463 4432/6464
f 518/549 2271/3250 2273/3252
f 2273/3252 2271/3250 2272/3251
f 2275/3254 1596/2185 1673/2308
f 1596/2185 1595/2184 1594/2183
f 1673/2308 1596/2185 1594/2183
f 1594/2183 1595/2184 1593/2181
f 4151/6008 4127/5974 4132/5980
f 4132/5980 4127/5974 4131/5979
f 4131/5979 4143/5994 4142/5992
f 4142/5992 4143/5994 4163/6029
f 4142/5992 4163/6029 2204/3138
f 2204/3137 4163/6028 2199/3129
f 2204/3137 2199/3129 4170/6044
f 4170/6044 2199/3129 2391/3438
f 4170/6044 2391/3438 2200/3130
f 2200/3130 2391/3438 2403/3457
f 2303/3302 2307/3307 2306/3305
f 2306/3305 2308/3308 2325/3333
f 2308/3308 3018/4401 2329/3342
f 2325/3333 2308/3308 2329/3342
f 2329/3341 3018/4400 3008/4385
f 3010/4388 2301/3299 2295/3285
f 2301/3300 2296/3287 2295/3286
f 25/26 26/27 24/25
f 24/25 26/27 401/411
f 374/384 371/381 373/383
f 334/343 509/537 335/344
f 335/344 509/537 510/538
f 4432/6464 3758/5365 3793/5446
f 3793/5445 3758/5364 3404/4907
f 3364/4841 4317/6283 4318/6284
f 160/162 163/165 101/103
f 160/162 101/103 103/105
f 103/105 101/103 102/104
f 4486/6555 4151/6008 4132/5980
f 4142/5992 2204/3138 4152/6009
f 4152/6009 2204/3138 4170/6043
f 4152/6009 4170/6043 2202/3133
f 2398/3449 2393/3442 2395/3445
f 40/41 39/40 41/42
f 3032/4426 2307/3307 2303/3302
f 2306/3305 2325/3333 3004/4381
f 2323/3330 2306/3305 3004/4381
f 2325/3334 2329/3341 3006/4383
f 3004/4380 2325/3334 3006/4383
f 2329/3341 3008/4385 3007/4384
f 3006/4383 2329/3341 3007/4384
f 3008/4385 3010/4388 3009/4386
f 3007/4384 3008/4385 3009/4386
f 3009/4386 3010/4388 2295/3285
f 401/411 372/382 376/386
f 332/341 333/342 323/332
f 323/332 333/342 334/343
f 335/344 510/538 518/548
f 2275/3254 1673/2308 1594/2183
f 726/890 1821/2556 727/892
f 550/605 487/507 191/196
f 191/196 487/507 190/195
f 191/196 190/195 161/163
f 42/43 38/39 40/41
f 4142/5992 4152/6009 4134/5982
f 4131/5979 4142/5992 4134/5982
f 4134/5982 4152/6009 2202/3133
f 2202/3134 2200/3130 2205/3139
f 2205/3139 2200/3130 2403/3457
f 2205/3139 2403/3457 2206/3140
f 2206/3140 2403/3457 2398/3448
f 3032/4426 2303/3302 2302/3301
f 2321/3326 3032/4426 2302/3301
f 2302/3301 2303/3302 2304/3303
f 2305/3304 2323/3330 3016/4396
f 2323/3329 3004/4380 3003/4379
f 3016/4397 2323/3329 3003/4379
f 41/42 39/40 27/28
f 3004/4380 3006/4383 3002/4378
f 3003/4379 3004/4380 3002/4378
f 3006/4383 3007/4384 3005/4382
f 3002/4378 3006/4383 3005/4382
f 3007/4384 3009/4386 3005/4382
f 374/384 376/386 371/381
f 2675/3855 2862/4121 4435/6468
f 4435/6469 2862/4122 4432/6464
f 335/344 518/548 488/508
f 603/710 518/549 2273/3252
f 488/508 518/548 603/709
f 603/710 2273/3252 2272/3251
f 2858/4114 725/889 726/890
f 727/891 1821/2557 1812/2545
f 46/48 49/51 42/43
f 4132/5980 4131/5979 4133/5981
f 4133/5981 4131/5979 4134/5982
f 4134/5982 2202/3133 4135/5983
f 3529/5035 3704/5258 3528/5034
f 2202/3134 2205/3139 4153/6010
f 4135/5983 2202/3133 4153/6011
f 2206/3140 2398/3448 2207/3141
f 2207/3141 2398/3448 2209/3145
f 2304/3303 2305/3304 2324/3331
f 2305/3304 3016/4396 3000/4375
f 2324/3331 2305/3304 3000/4375
f 3000/4374 3016/4397 2998/4371
f 2998/4371 3003/4379 3002/4378
f 3002/4378 3005/4382 2999/4372
f 3005/4382 3009/4386 2999/4372
f 323/332 334/343 335/344
f 4435/6469 4432/6464 4434/6467
f 4432/6464 3793/5446 4433/6466
f 4434/6467 4432/6464 4433/6466
f 603/710 2272/3251 2274/3253
f 2274/3253 2272/3251 2275/3255
f 1591/2179 1594/2183 1593/2181
f 46/48 48/50 49/51
f 4486/6555 4132/5980 4133/5981
f 4133/5981 4134/5982 4135/5983
f 4164/6030 2206/3140 2207/3141
f 4164/6030 2207/3141 2208/3143
f 2208/3143 2207/3141 2209/3145
f 2208/3143 2209/3145 2210/3148
f 2321/3326 2302/3301 2314/3316
f 2322/3328 2321/3326 2314/3316
f 2314/3316 2302/3301 2313/3315
f 2302/3301 2304/3303 2309/3309
f 2313/3315 2302/3301 2309/3309
f 2304/3303 2324/3331 3001/4376
f 2309/3309 2304/3303 3001/4376
f 2324/3332 3000/4374 2997/4370
f 3001/4377 2324/3332 2997/4370
f 2997/4370 3000/4374 2998/4371
f 2997/4370 2998/4371 2996/4369
f 2998/4371 3002/4378 2999/4372
f 2996/4369 2998/4371 2999/4372
f 41/42 27/28 25/26
f 488/508 603/709 2276/3256
f 2276/3257 603/710 2274/3253
f 2274/3253 2275/3255 1870/2653
f 1870/2652 2275/3254 1594/2183
f 2858/4114 726/890 728/893
f 104/106 102/104 48/50
f 102/104 220/225 48/50
f 43/44 42/43 40/41
f 4138/5987 4486/6555 4133/5981
f 4136/5984 4133/5981 4135/5983
f 4135/5983 4153/6011 4144/5995
f 4144/5995 4153/6011 4164/6031
f 4144/5995 4164/6031 4161/6025
f 4164/6031 3751/5349 4165/6033
f 4161/6025 4164/6031 4165/6033
f 3782/5416 2208/3143 2210/3148
f 2210/3148 2209/3145 2404/3459
f 40/41 41/42 2345/3364
f 2313/3315 2309/3309 2315/3317
f 2315/3317 2309/3309 3017/4398
f 3690/5238 3558/5066 3555/5063
f 2309/3309 3001/4376 2991/4361
f 3017/4398 2309/3309 2991/4361
f 2991/4362 3001/4377 2995/4368
f 2995/4368 2997/4370 2996/4369
f 2996/4369 2999/4372 3019/4402
f 2836/4073 2675/3855 4435/6468
f 1870/2652 1594/2183 1591/2179
f 730/895 2858/4114 728/893
f 726/890 727/892 728/893
f 728/893 727/892 729/894
f 4323/6293 4318/6284 4324/6295
f 191/196 161/163 192/197
f 102/104 104/106 103/105
f 47/49 48/50 46/48
f 46/48 42/43 43/44
f 4133/5981 4136/5984 4137/5985
f 4138/5987 4133/5981 4137/5985
f 4136/5984 4135/5983 4144/5995
f 3659/5195 4165/6034 3529/5035
f 3788/5434 4161/6025 4165/6033
f 4144/5995 4161/6025 3788/5434
f 4144/5995 3788/5434 4154/6012
f 4308/6268 2210/3148 2404/3459
f 2322/3328 2314/3316 3037/4435
f 3037/4435 2314/3316 2313/3315
f 3037/4435 2313/3315 2316/3318
f 2316/3318 2313/3315 2315/3317
f 2315/3317 3017/4398 2993/4365
f 2327/3337 2315/3317 2993/4365
f 2993/4364 3017/4399 2990/4360
f 2991/4362 2995/4368 2989/4358
f 2990/4360 2991/4362 2989/4358
f 2995/4368 2996/4369 2287/3274
f 2989/4358 2995/4368 2287/3274
f 377/387 376/386 374/384
f 1816/2551 1812/2545 1815/2549
f 1815/2550 1056/1389 1052/1385
f 4324/6295 2758/3974 4323/6293
f 547/599 550/605 191/196
f 104/106 48/50 218/223
f 44/45 43/44 40/41
f 4139/5988 4136/5984 4144/5995
f 4139/5988 4144/5995 4154/6012
f 4154/6012 3788/5434 4160/6023
f 4308/6268 2404/3459 2211/3151
f 2211/3151 2404/3459 2214/3157
f 2211/3151 2214/3157 2215/3159
f 2215/3159 2214/3157 3879/5591
f 2316/3318 2315/3317 2320/3325
f 2315/3317 2327/3337 2326/3336
f 2320/3325 2315/3317 2326/3336
f 2327/3338 2993/4364 2992/4363
f 2326/3335 2327/3338 2992/4363
f 2993/4364 2990/4360 2988/4357
f 2992/4363 2993/4364 2988/4357
f 2988/4357 2990/4360 2989/4358
f 3691/5239 3690/5238 3639/5162
f 2288/3277 2300/3298 2289/3278
f 401/411 376/386 391/401
f 374/384 373/383 331/340
f 331/340 373/383 375/385
f 2836/4073 4435/6468 4439/6475
f 4439/6474 4435/6469 4434/6467
f 4437/6472 4434/6467 4436/6471
f 4434/6467 4433/6466 4436/6471
f 727/891 1812/2545 1816/2551
f 162/164 163/165 160/162
f 46/48 43/44 47/49
f 4488/6559 4138/5987 4137/5985
f 4141/5991 4488/6559 4137/5985
f 4137/5985 4136/5984 4139/5988
f 4137/5985 4139/5988 4140/5989
f 4141/5991 4137/5985 4140/5989
f 4139/5988 4154/6012 4145/5996
f 3660/5196 4160/6024 3659/5195
f 4158/6018 4154/6012 4160/6023
f 4145/5996 4154/6012 4158/6018
f 45/46 40/41 2345/3364
f 3785/5426 2211/3151 2215/3159
f 3785/5426 2215/3159 3879/5591
f 2318/3322 3037/4435 2316/3318
f 2318/3322 2316/3318 2319/3323
f 2319/3323 2320/3325 2328/3339
f 2320/3324 2326/3335 2987/4356
f 2328/3340 2320/3324 2987/4356
f 2326/3335 2992/4363 2986/4355
f 2986/4355 2992/4363 2988/4357
f 2988/4357 2989/4358 2298/3292
f 2286/3273 2989/4359 2287/3275
f 41/42 25/26 22/23
f 22/23 25/26 24/25
f 391/401 376/386 377/387
f 330/339 374/384 331/340
f 2279/3261 2276/3257 2274/3253
f 1593/2181 861/1085 2479/3583
f 730/895 728/893 729/894
f 159/161 160/162 103/105
f 218/223 48/50 47/49
f 44/45 40/41 45/46
f 4500/6583 4141/5991 4140/5989
f 4500/6583 4140/5989 4146/5998
f 4140/5989 4139/5988 4145/5996
f 4146/5998 4140/5989 4145/5996
f 4145/5996 4158/6018 4182/6060
f 4182/6060 4158/6018 4159/6022
f 3785/5427 3879/5593 3878/5590
f 3878/5590 3879/5593 3880/5596
f 2319/3323 2328/3339 2994/4366
f 3880/5595 2319/3323 2994/4366
f 2994/4367 2328/3340 2987/4356
f 2994/4367 2987/4356 2982/4349
f 2987/4356 2986/4355 2984/4352
f 2982/4349 2987/4356 2984/4352
f 2986/4355 2988/4357 2298/3292
f 2984/4352 2986/4355 2298/3292
f 331/340 375/385 332/341
f 4439/6474 4434/6467 4437/6472
f 4437/6472 4436/6471 4438/6473
f 488/508 2276/3256 2280/3262
f 2280/3263 2276/3257 2279/3261
f 2274/3253 1870/2653 2277/3259
f 2277/3258 1870/2652 1591/2179
f 161/163 162/164 160/162
f 4175/6051 4173/6048 4174/6049
f 4172/6046 4500/6582 4146/5997
f 4172/6046 4146/5997 4179/6055
f 4181/6057 3660/5196 4185/6063
f 4182/6060 4146/5998 4145/5996
f 4179/6055 4146/5997 4182/6059
f 4182/6059 4159/6021 4181/6058
f 2351/3376 1045/1377 1043/1373
f 3881/5598 3878/5590 3880/5596
f 3881/5598 3880/5596 3882/5600
f 451/469 2345/3364 41/42
f 3882/5599 3880/5594 2994/4367
f 3882/5599 2994/4367 2982/4349
f 24/25 401/411 400/410
f 331/340 332/341 323/332
f 329/338 335/344 488/508
f 2279/3261 2274/3253 2278/3260
f 2278/3260 2274/3253 2277/3259
f 1816/2551 1815/2549 1820/2555
f 1047/1379 1046/1378 1055/1388
f 1075/1420 1815/2550 1052/1385
f 547/599 191/196 192/197
f 43/44 44/45 2150/3056
f 4175/6051 4174/6049 4177/6053
f 4187/6067 4175/6051 4177/6053
f 4177/6053 4174/6049 4171/6045
f 4177/6053 4171/6045 4176/6052
f 4171/6045 4172/6046 4176/6052
f 4176/6052 4172/6046 4178/6054
f 4178/6054 4172/6046 4179/6055
f 4179/6055 4181/6058 4180/6056
f 4180/6056 4181/6058 4185/6064
f 451/469 41/42 450/466
f 3882/5599 2982/4349 2974/4333
f 3883/5601 3882/5600 2974/4334
f 2982/4349 2984/4352 2981/4347
f 2974/4333 2982/4349 2981/4347
f 2985/4353 2984/4352 2298/3292
f 400/410 401/411 391/401
f 377/387 374/384 378/388
f 1591/2179 1593/2181 1592/2180
f 2755/3968 2858/4114 730/895
f 729/894 727/892 746/921
f 157/159 161/163 160/162
f 157/159 160/162 159/161
f 103/105 104/106 105/107
f 4178/6054 4179/6055 4180/6056
f 4178/6054 4180/6056 4183/6061
f 4183/6061 4180/6056 4185/6064
f 2940/4275 45/47 2950/4288
f 2946/4283 2948/4285 2331/3348
f 2951/4290 2331/3347 2333/3350
f 3884/5603 3883/5601 2974/4334
f 449/464 450/466 41/42
f 2974/4333 2981/4347 2975/4335
f 449/464 41/42 243/248
f 2356/3385 2981/4348 2985/4354
f 243/248 41/42 22/23
f 329/338 488/508 2280/3262
f 1592/2180 1593/2181 2479/3583
f 2755/3968 730/895 732/897
f 731/896 729/894 746/921
f 156/158 192/197 161/163
f 4187/6067 4177/6053 4186/6065
f 4186/6065 4177/6053 4176/6052
f 4186/6065 4176/6052 1159/1553
f 4176/6052 4178/6054 4184/6062
f 1159/1553 4176/6052 4184/6062
f 4184/6062 4178/6054 4183/6061
f 2154/3064 44/45 464/482
f 464/482 44/45 45/46
f 464/483 45/47 2940/4275
f 2947/4284 2946/4283 2951/4289
f 2972/4330 2974/4333 2975/4335
f 2972/4330 2975/4335 2976/4337
f 323/332 335/344 329/338
f 732/897 730/895 731/896
f 730/895 729/894 731/896
f 746/920 727/891 1816/2551
f 1159/1553 4184/6062 4246/6169
f 4187/6067 4186/6065 1044/1375
f 4184/6062 4183/6061 4244/6164
f 4244/6164 4183/6061 3654/5187
f 464/483 2940/4275 2943/4279
f 2940/4275 2941/4276 2942/4277
f 2943/4279 2940/4275 2942/4277
f 2942/4277 2941/4276 2944/4281
f 2944/4281 2941/4276 2945/4282
f 2945/4282 2947/4284 2949/4287
f 2947/4284 2346/3367 2949/4287
f 2949/4287 2346/3367 2347/3370
f 2347/3369 2346/3368 2337/3354
f 2335/3352 2338/3355 2341/3359
f 2972/4330 2976/4337 2973/4331
f 2973/4331 2976/4337 2983/4350
f 23/24 24/25 400/410
f 378/388 374/384 330/339
f 330/339 331/340 323/332
f 4440/6476 4439/6474 4437/6472
f 547/599 192/197 193/198
f 193/198 192/197 156/158
f 159/161 103/105 106/108
f 4188/6068 4186/6065 1159/1553
f 1155/1544 1159/1554 4246/6168
f 4246/6169 4184/6062 4245/6165
f 4188/6068 1159/1553 2030/2903
f 4245/6165 4184/6062 4244/6164
f 4244/6163 3654/5186 4243/6161
f 2154/3063 464/483 2943/4279
f 2943/4279 2942/4277 2944/4281
f 2944/4281 2945/4282 2153/3061
f 2153/3061 2945/4282 2949/4287
f 2347/3369 2337/3354 2348/3372
f 2348/3372 2337/3354 2344/3363
f 2423/3499 2425/3503 2419/3491
f 2970/4326 2972/4330 2973/4331
f 244/252 243/248 22/23
f 22/23 24/25 23/24
f 746/920 1816/2551 1817/2552
f 4246/6167 4245/6166 4242/6160
f 4593/6734 4246/6167 4242/6160
f 2150/3056 44/45 2154/3064
f 2032/2908 1044/1374 4188/6069
f 2032/2909 4188/6070 2029/2902
f 2029/2902 4188/6070 2030/2904
f 4245/6166 4244/6163 4242/6160
f 4242/6160 4244/6163 4243/6161
f 2154/3062 2943/4278 2152/3059
f 2152/3059 2943/4278 2944/4280
f 2152/3059 2944/4280 2149/3055
f 2149/3055 2944/4280 2153/3060
f 2153/3060 2949/4286 2155/3065
f 2155/3065 2949/4286 2347/3371
f 2155/3065 2347/3371 2565/3718
f 2565/3717 2347/3369 2348/3372
f 244/251 2564/3715 243/250
f 2968/4324 2970/4327 2966/4320
f 3020/4405 2970/4327 2973/4332
f 2966/4320 2970/4327 3020/4405
f 3020/4404 2983/4350 2964/4313
f 379/389 391/401 377/387
f 379/389 377/387 378/388
f 330/339 323/332 322/331
f 2924/4240 4439/6474 4440/6476
f 4440/6476 4437/6472 3973/5734
f 4437/6472 4438/6473 3973/5734
f 4438/6473 4436/6471 3970/5728
f 2277/3258 1591/2179 1590/2178
f 1075/1420 1052/1385 1051/1384
f 156/158 161/163 157/159
f 106/108 103/105 105/107
f 105/107 104/106 218/223
f 212/217 43/44 2150/3056
f 1153/1541 4246/6170 4592/6733
f 4592/6733 4246/6170 4593/6735
f 2029/2902 2030/2904 1161/1557
f 1161/1557 2030/2904 1155/1546
f 2154/3062 2152/3059 2150/3057
f 2150/3057 2152/3059 2148/3054
f 2148/3054 2152/3059 2147/3053
f 2147/3053 2152/3059 2149/3055
f 2147/3053 2149/3055 2144/3050
f 2149/3055 2153/3060 2144/3050
f 2153/3060 2155/3065 2151/3058
f 2144/3050 2153/3060 2151/3058
f 2151/3058 2155/3065 2157/3067
f 2157/3067 2155/3065 2565/3718
f 2562/3712 2549/3694 2560/3710
f 2965/4316 2968/4323 2966/4319
f 3714/5277 3098/4523 3781/5413
f 3714/5276 3781/5412 3773/5393
f 2966/4320 3020/4405 2962/4310
f 2962/4310 3020/4405 2964/4315
f 2963/4311 2964/4312 2445/3537
f 400/410 391/401 399/409
f 3973/5734 4438/6473 3970/5728
f 1590/2178 1591/2179 1592/2180
f 745/918 2755/3968 732/897
f 4592/6733 4593/6735 4591/6731
f 4593/6734 4242/6160 4591/6732
f 4591/6732 4242/6160 4595/6742
f 4242/6160 4243/6161 3794/5448
f 4595/6742 4242/6160 3794/5448
f 3794/5447 4243/6162 3653/5184
f 2032/2909 2029/2902 2027/2899
f 1161/1558 1155/1544 1154/1543
f 2150/3057 2148/3054 2143/3049
f 2143/3049 2148/3054 2147/3053
f 2143/3049 2147/3053 2144/3050
f 2145/3051 2144/3050 2151/3058
f 2151/3058 2157/3067 2156/3066
f 2157/3067 2565/3718 2559/3708
f 2565/3719 2348/3373 2559/3707
f 2558/3706 2557/3705 2348/3373
f 2557/3705 2558/3706 2551/3696
f 2413/3480 2415/3483 2418/3490
f 2963/4311 2445/3537 2967/4322
f 19/20 22/23 23/24
f 391/401 379/389 399/409
f 320/329 323/332 324/333
f 324/333 323/332 329/338
f 2279/3261 2278/3260 2282/3266
f 2278/3260 2277/3259 2281/3265
f 2282/3266 2278/3260 2281/3265
f 2281/3264 2277/3258 1590/2178
f 745/918 732/897 742/913
f 1816/2551 1820/2555 1818/2553
f 157/159 159/161 158/160
f 158/160 159/161 106/108
f 4600/6751 4592/6733 4588/6727
f 4588/6727 4592/6733 4591/6731
f 4596/6743 3653/5184 3535/5041
f 4591/6731 4595/6741 4594/6738
f 4590/6730 4591/6731 4594/6738
f 4688/6905 4595/6742 3794/5448
f 4594/6738 4595/6741 4688/6903
f 1042/1370 2032/2908 2027/2898
f 2027/2899 2029/2902 1161/1557
f 2027/2899 1161/1557 2028/2901
f 1161/1558 1154/1543 2028/2900
f 2150/3057 2143/3049 448/463
f 448/463 2143/3049 2146/3052
f 2146/3052 2143/3049 2145/3051
f 2143/3049 2144/3050 2145/3051
f 2145/3051 2151/3058 2156/3066
f 2160/3073 2156/3066 2157/3067
f 2160/3073 2157/3067 2559/3708
f 2552/3697 2160/3074 2557/3705
f 2557/3705 2160/3074 2559/3707
f 2417/3488 1041/1369 2414/3481
f 2417/3488 2414/3481 2413/3480
f 2414/3481 2416/3486 2415/3483
f 2413/3480 2414/3481 2415/3483
f 2547/3692 2548/3693 2549/3694
f 2548/3693 2552/3697 2551/3696
f 2549/3694 2548/3693 2551/3696
f 2552/3697 2557/3705 2551/3696
f 2958/4303 2963/4311 2961/4308
f 2961/4308 2963/4311 2430/3514
f 2961/4308 2430/3514 2429/3512
f 2429/3511 2430/3513 2431/3515
f 2431/3515 2967/4321 2443/3533
f 244/252 22/23 21/22
f 21/22 22/23 19/20
f 23/24 400/410 399/409
f 732/897 731/896 742/913
f 743/914 731/896 1841/2591
f 1841/2591 731/896 746/921
f 1817/2552 1816/2551 1818/2553
f 1050/1383 1046/1378 1048/1380
f 218/223 47/49 214/219
f 4587/6726 4602/6756 4600/6751
f 4584/6722 4600/6751 4588/6727
f 4588/6727 4590/6730 4682/6886
f 4682/6886 4590/6730 4596/6744
f 4682/6887 4596/6745 4686/6898
f 4594/6740 4688/6904 4687/6901
f 4684/6892 4594/6739 4687/6900
f 2021/2889 4688/6906 2022/2891
f 4688/6904 2021/2888 4674/6868
f 4687/6901 4688/6904 4674/6868
f 1042/1371 2027/2899 2026/2897
f 2026/2897 2027/2899 2028/2901
f 2016/2879 2028/2900 2031/2905
f 2016/2880 2031/2907 2018/2883
f 2019/2885 2021/2889 2020/2886
f 2019/2885 2020/2886 2017/2881
f 2020/2886 2021/2889 2022/2891
f 2025/2896 1042/1371 2026/2897
f 2158/3069 448/463 2146/3052
f 2025/2896 2026/2897 2023/2892
f 2015/2878 2020/2886 3635/5157
f 2017/2881 2020/2886 2015/2878
f 2158/3069 2146/3052 2159/3071
f 2159/3071 2146/3052 2556/3703
f 2146/3052 2145/3051 2556/3703
f 2556/3703 2145/3051 2156/3066
f 1041/1368 1042/1370 2025/2895
f 1041/1368 2025/2895 2428/3508
f 2025/2896 2023/2892 2024/2894
f 2428/3510 2025/2896 2024/2894
f 2555/3702 2158/3070 2159/3072
f 2556/3703 2156/3066 2160/3073
f 2428/3509 2024/2893 2427/3507
f 2014/2877 2015/2878 3636/5159
f 3636/5159 2015/2878 3635/5157
f 2550/3695 2555/3702 2159/3072
f 2550/3695 2159/3072 2553/3698
f 2553/3698 2556/3704 2552/3697
f 2556/3704 2160/3074 2552/3697
f 1041/1369 2428/3509 2414/3481
f 2428/3509 2427/3507 2414/3481
f 2414/3481 2427/3507 2416/3486
f 2416/3486 2427/3507 2024/2893
f 2416/3486 2024/2893 2014/2876
f 2416/3486 2014/2876 1994/2845
f 1993/2843 2416/3485 1994/2844
f 1994/2844 2014/2877 3636/5159
f 1994/2844 3636/5159 1995/2846
f 2554/3700 2555/3702 2550/3695
f 2550/3695 2553/3698 2548/3693
f 2548/3693 2553/3698 2552/3697
f 2959/4304 2429/3512 4235/6146
f 3775/5396 2959/4305 4235/6145
f 4235/6144 2429/3511 2431/3515
f 20/21 23/24 399/409
f 322/331 323/332 320/329
f 742/913 731/896 743/914
f 156/158 157/159 153/155
f 153/155 157/159 146/148
f 157/159 158/160 146/148
f 146/148 158/160 107/109
f 105/107 218/223 214/219
f 1151/1537 4602/6756 4587/6726
f 4585/6723 4588/6727 4589/6729
f 3768/5384 3535/5041 3534/5040
f 212/217 2150/3056 448/462
f 4589/6729 4588/6727 4682/6886
f 4589/6728 4682/6888 4683/6889
f 4682/6888 4686/6899 4685/6896
f 4684/6893 4682/6888 4685/6896
f 4682/6888 4684/6893 4676/6871
f 4683/6889 4682/6888 4676/6871
f 4685/6895 4686/6897 3638/5161
f 4684/6893 4687/6901 4674/6868
f 4676/6871 4684/6893 4674/6868
f 2022/2890 4685/6895 3638/5161
f 2018/2883 2019/2885 2017/2881
f 2016/2880 2018/2883 2017/2881
f 2023/2892 2016/2880 2014/2877
f 2024/2894 2023/2892 2014/2877
f 2016/2880 2017/2881 2015/2878
f 2014/2877 2016/2880 2015/2878
f 2159/3072 2556/3704 2553/3698
f 2555/3701 2554/3699 213/218
f 1992/2841 1994/2844 1995/2846
f 1992/2841 1995/2846 2004/2858
f 1993/2843 1994/2844 1992/2841
f 1995/2846 3636/5159 2012/2872
f 2005/2859 2004/2858 1995/2846
f 2004/2858 2005/2859 2003/2857
f 213/218 2554/3699 244/252
f 4235/6144 2431/3515 2432/3516
f 2432/3516 2431/3515 2433/3518
f 380/390 378/388 330/339
f 321/330 330/339 322/331
f 324/333 329/338 2280/3262
f 547/599 193/198 483/502
f 1049/1381 547/599 483/502
f 107/109 158/160 106/108
f 47/49 43/44 212/217
f 1151/1537 4587/6726 4583/6721
f 4583/6721 4584/6722 4578/6714
f 4578/6714 4585/6723 4599/6750
f 4601/6754 3534/5040 3533/5039
f 4585/6723 4589/6729 4648/6829
f 4599/6750 4585/6723 4648/6829
f 4648/6831 4683/6890 4675/6870
f 4683/6890 4676/6872 4675/6870
f 4676/6872 4674/6869 4675/6870
f 4672/6866 4673/6867 4674/6869
f 212/217 448/462 2158/3068
f 2010/2868 1993/2843 1991/2840
f 1991/2840 1993/2843 1992/2841
f 1992/2841 2004/2858 2003/2857
f 1992/2841 2003/2857 1997/2848
f 2003/2857 2005/2859 2006/2860
f 2005/2859 2012/2872 2008/2864
f 2006/2860 2005/2859 2008/2864
f 2007/2861 2003/2857 2006/2860
f 1997/2848 2003/2857 2007/2861
f 2007/2861 2006/2860 2008/2864
f 2432/3516 2433/3518 2434/3519
f 2434/3519 2433/3518 2441/3530
f 379/389 378/388 380/390
f 380/390 330/339 321/330
f 321/330 322/331 320/329
f 2924/4240 4440/6476 3971/5730
f 3971/5731 4440/6477 3973/5735
f 214/219 47/49 211/216
f 4586/6725 4583/6721 4577/6713
f 4577/6713 4583/6721 4578/6714
f 4578/6714 4599/6750 3792/5444
f 4581/6718 4578/6714 3792/5444
f 3792/5444 4599/6750 4601/6753
f 4648/6831 4675/6870 4651/6836
f 4646/6825 4648/6831 4651/6836
f 3769/5387 3768/5384 3637/5160
f 4651/6836 4675/6870 4670/6863
f 4675/6870 4673/6867 4670/6863
f 4670/6863 4673/6867 4672/6866
f 4671/6865 4670/6863 4672/6866
f 2158/3068 2555/3701 212/217
f 212/217 2555/3701 213/218
f 4465/6521 2010/2868 1991/2840
f 4465/6521 1991/2840 1990/2839
f 1990/2839 1991/2840 1992/2841
f 1992/2841 1997/2848 1996/2847
f 1997/2848 2007/2861 3109/4546
f 2008/2863 2012/2871 3633/5154
f 3795/5451 2007/2861 2008/2864
f 3109/4545 2007/2862 3795/5449
f 3109/4545 3795/5449 3105/4538
f 3105/4538 3795/5449 3111/4551
f 2435/3520 2432/3516 2434/3519
f 2435/3520 2434/3519 3104/4536
f 3104/4536 2434/3519 2436/3522
f 213/218 244/252 21/22
f 19/20 23/24 20/21
f 324/333 2280/3262 558/620
f 558/621 2280/3263 2279/3261
f 558/621 2279/3261 2282/3266
f 4239/6153 4577/6713 4578/6714
f 4239/6153 4578/6714 4579/6715
f 4578/6714 4581/6718 4241/6157
f 4579/6715 4578/6714 4241/6157
f 4241/6157 4581/6718 4582/6720
f 4241/6157 4582/6720 3791/5441
f 4582/6719 3533/5039 3615/5128
f 3791/5440 4582/6719 3615/5128
f 4646/6825 4645/6824 4647/6826
f 4645/6824 4646/6825 4643/6821
f 4643/6821 4651/6836 4649/6832
f 1152/1539 4649/6832 4670/6863
f 4649/6832 4651/6836 4670/6863
f 1990/2839 1992/2841 1996/2847
f 3109/4546 1996/2847 1997/2848
f 3109/4545 3105/4538 1998/2849
f 2435/3521 3105/4538 3111/4551
f 2435/3521 3111/4551 3780/5411
f 3105/4538 2435/3521 3104/4537
f 2436/3522 2441/3530 2438/3525
f 743/914 1841/2591 744/915
f 1841/2590 746/920 3932/5671
f 3932/5671 746/920 1817/2552
f 1839/2587 1075/1420 1051/1384
f 1839/2587 1051/1384 1054/1387
f 107/109 106/108 105/107
f 211/216 47/49 212/217
f 4576/6712 4577/6713 4239/6153
f 4239/6153 4579/6715 4597/6746
f 4597/6746 4579/6715 4580/6716
f 4580/6716 4579/6715 4241/6157
f 4580/6717 4241/6159 4644/6822
f 4645/6824 4241/6158 3791/5442
f 4241/6158 4645/6824 4643/6821
f 4644/6823 4241/6158 4643/6821
f 3791/5440 3615/5128 3634/5155
f 2009/2866 1990/2839 1996/2847
f 2009/2866 1996/2847 1999/2851
f 1996/2847 3109/4546 1998/2850
f 1999/2851 1996/2847 1998/2850
f 3105/4538 3104/4537 3103/4535
f 1998/2849 3105/4538 3103/4535
f 3104/4536 2436/3522 2437/3524
f 2437/3524 2436/3522 2438/3525
f 2438/3525 2444/3536 2439/3526
f 21/22 19/20 12/13
f 18/19 19/20 20/21
f 2837/4074 2836/4073 2924/4241
f 3969/5726 3973/5735 3970/5729
f 1590/2178 1592/2180 1598/2188
f 1598/2188 1592/2180 2479/3583
f 745/918 742/913 3931/5669
f 3931/5669 742/913 743/914
f 3930/5667 743/914 744/915
f 1141/1521 4576/6711 4572/6704
f 4239/6153 4597/6746 4598/6748
f 4597/6747 4580/6717 4650/6834
f 4598/6749 4597/6747 4650/6834
f 4650/6834 4580/6717 4644/6822
f 4650/6835 4644/6823 4642/6820
f 4644/6823 4643/6821 4642/6820
f 1152/1538 4640/6817 4649/6833
f 4641/6819 4643/6821 4649/6832
f 1999/2851 1998/2850 2000/2853
f 2001/2854 1999/2851 2000/2853
f 2000/2852 1998/2849 3103/4535
f 2437/3524 2438/3525 3799/5457
f 17/18 20/21 399/409
f 381/391 379/389 380/390
f 3971/5731 3973/5735 3969/5726
f 3931/5669 743/914 3930/5667
f 4327/6298 4326/6297 4328/6300
f 105/107 214/219 215/220
f 4536/6641 4239/6153 4240/6155
f 4239/6154 4598/6749 4238/6151
f 4240/6156 4239/6154 4238/6151
f 4238/6152 4650/6835 4653/6839
f 4653/6839 4650/6835 4642/6820
f 4640/6818 4641/6819 4649/6832
f 2011/2870 1999/2851 2001/2854
f 2000/2852 3103/4535 3108/4543
f 3108/4543 3103/4535 3102/4534
f 3108/4543 3102/4534 3107/4541
f 3102/4534 2437/3523 3106/4540
f 3107/4541 3102/4534 3106/4540
f 3106/4539 2437/3524 3799/5457
f 2281/3264 1590/2178 1599/2190
f 193/198 156/158 155/157
f 155/157 156/158 153/155
f 107/109 105/107 108/110
f 1137/1515 4572/6705 4529/6632
f 4529/6632 4572/6705 4532/6635
f 211/216 212/217 210/215
f 4572/6705 4536/6641 4532/6635
f 4532/6635 4536/6641 4535/6640
f 4536/6641 4240/6155 4637/6810
f 4535/6640 4536/6641 4637/6810
f 3700/5252 3532/5038 3681/5226
f 4637/6811 4240/6156 4238/6151
f 4637/6812 4238/6152 4653/6839
f 4639/6816 4653/6839 4642/6820
f 4641/6819 4639/6816 4642/6820
f 2011/2870 2001/2854 2002/2855
f 2001/2854 2000/2853 3108/4544
f 2002/2855 2001/2854 3108/4544
f 3107/4541 3106/4540 3110/4547
f 3106/4539 3799/5457 2440/3527
f 3110/4547 3106/4540 2440/3529
f 3797/5455 2440/3528 3799/5458
f 2440/3528 3797/5455 3798/5456
f 12/13 19/20 18/19
f 17/18 399/409 390/400
f 320/329 324/333 325/334
f 325/334 324/333 520/552
f 520/552 324/333 558/620
f 558/621 2282/3266 2283/3267
f 2283/3267 2282/3266 2281/3265
f 2283/3267 2281/3265 2284/3270
f 2284/3269 2281/3264 1599/2190
f 3932/5671 1817/2552 1819/2554
f 1817/2552 1818/2553 1819/2554
f 108/110 105/107 215/220
f 1137/1515 4529/6632 4519/6621
f 4532/6635 4535/6640 4652/6837
f 4525/6627 4532/6635 4652/6837
f 4652/6837 4535/6640 4638/6813
f 4638/6814 3680/5225 3682/5227
f 4637/6812 4653/6839 4635/6808
f 4636/6809 4637/6812 4635/6808
f 3700/5252 3681/5226 3614/5127
f 4640/6818 4639/6816 4641/6819
f 213/218 21/22 9/10
f 2013/2874 2011/2870 2002/2855
f 2002/2855 3108/4544 3107/4542
f 3110/4549 2002/2855 3107/4542
f 3110/4548 2440/3528 2013/2875
f 17/18 18/19 20/21
f 390/400 399/409 379/389
f 390/400 379/389 381/391
f 380/390 321/330 389/399
f 2837/4074 2924/4241 2925/4243
f 2925/4244 2924/4242 3971/5731
f 3969/5726 3970/5729 3752/5353
f 520/552 558/620 609/721
f 1598/2188 2479/3583 840/1049
f 4315/6280 4327/6298 1267/1707
f 1136/1513 1137/1514 4519/6620
f 4519/6621 4529/6632 4523/6625
f 4523/6625 4532/6635 4525/6627
f 4525/6627 4678/6875 3779/5406
f 3779/5408 4678/6876 4669/6862
f 4636/6809 4652/6838 4638/6815
f 4652/6838 4636/6809 4634/6807
f 4669/6862 4652/6838 4634/6807
f 4638/6814 3682/5227 3614/5127
f 4634/6807 4636/6809 4635/6808
f 210/215 212/217 213/218
f 2013/2875 2002/2856 3110/4548
f 9/10 21/22 12/13
f 3972/5732 2837/4074 2925/4243
f 2925/4244 3971/5731 3969/5726
f 2925/4244 3969/5726 3752/5353
f 609/722 558/621 2283/3267
f 1599/2190 1590/2178 1598/2188
f 2931/4256 745/919 3931/5670
f 3930/5668 744/916 3932/5672
f 744/916 1841/2592 3932/5672
f 483/502 193/198 155/157
f 1134/1511 1136/1513 4519/6620
f 4523/6625 4525/6627 4524/6626
f 4524/6626 4525/6627 3779/5406
f 3779/5404 3536/5042 3770/5388
f 4524/6626 3779/5406 3770/5389
f 4680/6880 3779/5408 4669/6862
f 4669/6862 4634/6807 4623/6787
f 1139/1518 1138/1516 4633/6805
f 4633/6806 4634/6807 4635/6808
f 2283/3267 2284/3270 1603/2196
f 2285/3271 609/722 2283/3267
f 1603/2195 2284/3269 1599/2190
f 1818/2553 1839/2586 1822/2558
f 597/697 1049/1381 483/502
f 1134/1511 4519/6620 4518/6618
f 4518/6619 4519/6621 4520/6622
f 4520/6622 4519/6621 4523/6625
f 209/214 211/216 210/215
f 4523/6625 4524/6626 4520/6622
f 4520/6622 4524/6626 4533/6636
f 4524/6626 3770/5389 3541/5049
f 4533/6636 4524/6626 3541/5049
f 4623/6787 4680/6880 4669/6862
f 4680/6880 4623/6787 4679/6878
f 1138/1517 4623/6787 4633/6806
f 213/218 9/10 8/9
f 12/13 18/19 13/14
f 382/392 380/390 389/399
f 389/399 321/330 319/328
f 320/329 325/334 326/335
f 3968/5725 2925/4244 3752/5353
f 2285/3271 2283/3267 1868/2647
f 1868/2648 2283/3268 1603/2197
f 1601/2192 1603/2195 1599/2190
f 2931/4256 3931/5670 3924/5659
f 147/149 153/155 146/148
f 215/220 214/219 211/216
f 4518/6619 4520/6622 4521/6623
f 4521/6623 4520/6622 4527/6630
f 4527/6630 4520/6622 4533/6636
f 4533/6636 3541/5049 4567/6693
f 4621/6784 4680/6882 4679/6877
f 210/215 213/218 8/9
f 381/391 380/390 382/392
f 319/328 321/330 320/329
f 3972/5733 2925/4244 3968/5725
f 326/335 325/334 493/514
f 493/514 325/334 520/552
f 493/514 520/552 4281/6226
f 4281/6225 520/553 2285/3272
f 1868/2646 1603/2195 1601/2192
f 1599/2190 1598/2188 1600/2191
f 2751/3960 2750/3959 2931/4255
f 3924/5659 3931/5670 3930/5668
f 3930/5668 3932/5672 3923/5658
f 3923/5658 3932/5672 1824/2563
f 1819/2554 1818/2553 1822/2558
f 1266/1706 4315/6281 1267/1708
f 155/157 153/155 154/156
f 154/156 153/155 152/154
f 217/222 211/216 209/214
f 4526/6628 1134/1511 4518/6618
f 4527/6630 4533/6636 4567/6693
f 4624/6789 4621/6784 4679/6877
f 1138/1516 1133/1510 4611/6771
f 3968/5725 3752/5353 3753/5355
f 4281/6225 2285/3272 1868/2649
f 1601/2192 1599/2190 1600/2191
f 2751/3961 2931/4256 3924/5659
f 3924/5659 3930/5668 3923/5658
f 1824/2562 3932/5671 1819/2554
f 146/148 107/109 109/111
f 109/111 107/109 108/110
f 4526/6629 4518/6619 4522/6624
f 4522/6624 4518/6619 4521/6623
f 4521/6623 4527/6630 4530/6633
f 4527/6630 4567/6693 3688/5236
f 4530/6633 4527/6630 3688/5236
f 4603/6759 4605/6762 4621/6783
f 4624/6788 4603/6759 4621/6783
f 4608/6765 4624/6788 4679/6878
f 320/329 326/335 327/336
f 3966/5723 3972/5733 3968/5725
f 4281/6225 1868/2649 4282/6227
f 1604/2198 1601/2192 1600/2191
f 530/570 597/697 483/502
f 148/150 153/155 147/149
f 110/112 215/220 211/216
f 4526/6629 4522/6624 4534/6638
f 4522/6624 4521/6623 4528/6631
f 4528/6631 4530/6633 4537/6642
f 4608/6765 4603/6759 4624/6788
f 313/322 320/329 327/336
f 326/335 493/514 4280/6223
f 4282/6227 1868/2649 4284/6230
f 4277/6217 4282/6227 4284/6230
f 4284/6230 1868/2649 1607/2202
f 3761/5371 3968/5725 3753/5355
f 4280/6223 493/514 4281/6226
f 4280/6223 4281/6226 4278/6220
f 4278/6219 4281/6225 4276/6216
f 4276/6216 4281/6225 4282/6227
f 4276/6216 4282/6227 4279/6221
f 1607/2201 1601/2192 1604/2198
f 1600/2191 1598/2188 1602/2193
f 1068/1408 1059/1393 1064/1402
f 530/570 483/502 155/157
f 530/570 155/157 1074/1418
f 1074/1418 155/157 154/156
f 144/146 146/148 109/111
f 1142/1522 4526/6628 4534/6637
f 4534/6638 4522/6624 4531/6634
f 4531/6634 4522/6624 4528/6631
f 4537/6642 4530/6633 4566/6691
f 4603/6759 4606/6763 4604/6760
f 4606/6763 4603/6759 4607/6764
f 4604/6760 3695/5246 3480/4986
f 13/14 18/19 17/18
f 383/393 390/400 381/391
f 2860/4118 3972/5733 3966/5723
f 3966/5723 3968/5725 3967/5724
f 3967/5724 3968/5725 3761/5371
f 4280/6224 4277/6217 4283/6229
f 4283/6229 4277/6217 4284/6230
f 3924/5659 3923/5658 3922/5657
f 1819/2554 1822/2558 1068/1407
f 147/149 146/148 145/147
f 110/112 211/216 216/221
f 216/221 211/216 217/222
f 4534/6638 4531/6634 4573/6706
f 4531/6634 4528/6631 4537/6642
f 4537/6642 4566/6691 4540/6647
f 210/215 7/8 209/214
f 388/398 389/399 319/328
f 319/328 320/329 313/322
f 327/336 326/335 4306/6262
f 4306/6262 326/335 4280/6223
f 3922/5657 3923/5658 1824/2563
f 1067/1405 530/570 1074/1418
f 1142/1522 4534/6637 4545/6653
f 1143/1523 1142/1522 4545/6653
f 4545/6655 4534/6639 4573/6707
f 4539/6645 4573/6706 4531/6634
f 4539/6645 4531/6634 4538/6643
f 4538/6643 4531/6634 4537/6642
f 4538/6643 4537/6642 4540/6647
f 1135/1512 4681/6883 4610/6768
f 4622/6785 4607/6764 4610/6769
f 7/8 210/215 8/9
f 3964/5720 2860/4118 3966/5723
f 4286/6233 4284/6230 1607/2202
f 1604/2198 1600/2191 1602/2193
f 1824/2562 1819/2554 1823/2560
f 145/147 146/148 144/146
f 4542/6650 4545/6654 4573/6706
f 4573/6706 4539/6645 4542/6650
f 4542/6650 4539/6645 4541/6648
f 4539/6645 4538/6643 4625/6790
f 4541/6648 4539/6645 4625/6790
f 4625/6790 4538/6643 4565/6687
f 4538/6643 4540/6647 4563/6683
f 4565/6688 4538/6644 4563/6684
f 4606/6763 4614/6775 4613/6774
f 4614/6775 4606/6763 4615/6776
f 4613/6774 4620/6782 3694/5244
f 398/408 390/400 383/393
f 383/393 381/391 382/392
f 3974/5737 2860/4118 3964/5720
f 4286/6232 1607/2201 1606/2200
f 1606/2200 1607/2201 1604/2198
f 1604/2198 1602/2193 819/1020
f 2754/3966 2751/3961 3924/5659
f 2754/3966 3924/5659 3922/5657
f 2754/3966 3922/5657 3916/5649
f 3922/5657 1824/2563 3915/5648
f 3916/5649 3922/5657 3915/5648
f 152/154 153/155 148/150
f 1143/1523 4545/6653 1156/1547
f 1144/1524 1143/1523 1156/1547
f 1156/1548 4545/6654 4542/6650
f 4542/6650 4541/6648 4628/6795
f 4628/6796 4541/6649 4616/6777
f 4614/6775 4625/6791 4565/6689
f 4616/6777 4625/6791 4614/6775
f 4616/6777 4614/6775 4615/6776
f 4565/6689 4563/6685 4620/6782
f 388/398 319/328 312/321
f 3965/5722 3966/5723 3967/5724
f 3967/5724 3761/5371 3965/5722
f 4306/6262 4280/6223 602/707
f 4280/6224 4283/6229 602/708
f 4283/6229 4284/6230 4285/6231
f 602/708 4283/6229 4285/6231
f 4285/6231 4284/6230 4286/6233
f 3915/5648 1824/2563 1823/2561
f 150/152 152/154 148/150
f 148/150 147/149 142/144
f 109/111 108/110 110/112
f 108/110 215/220 110/112
f 1156/1548 4542/6650 4543/6651
f 4542/6650 4628/6795 4629/6797
f 4543/6651 4542/6650 4629/6797
f 208/213 209/214 7/8
f 9/10 12/13 10/11
f 10/11 12/13 13/14
f 14/15 17/18 398/408
f 398/408 17/18 390/400
f 388/398 382/392 389/399
f 312/321 319/328 313/322
f 313/322 327/336 318/327
f 318/327 327/336 328/337
f 3964/5720 3966/5723 3965/5722
f 328/337 327/336 4306/6262
f 4287/6234 4286/6232 1606/2200
f 1605/2199 1604/2198 819/1020
f 1823/2560 1819/2554 1068/1407
f 216/221 217/222 207/212
f 1144/1524 1156/1547 4546/6656
f 4546/6657 1156/1548 4544/6652
f 4544/6652 4543/6651 4550/6663
f 4550/6663 4543/6651 4548/6660
f 4543/6651 4629/6797 4547/6658
f 4548/6660 4543/6651 4547/6658
f 4627/6794 4629/6798 4628/6796
f 4547/6659 4629/6798 4627/6794
f 4627/6794 4628/6796 4616/6777
f 4627/6794 4616/6777 4619/6780
f 4617/6778 4616/6777 4615/6776
f 4618/6779 4617/6778 4615/6776
f 3964/5720 3965/5722 3763/5375
f 4285/6231 4286/6233 4287/6235
f 4288/6236 4285/6231 4287/6235
f 1606/2200 1604/2198 1605/2199
f 3913/5645 2754/3966 3916/5649
f 1823/2560 1068/1407 1825/2564
f 1825/2564 1068/1407 1828/2568
f 1825/2564 1828/2568 1830/2572
f 1074/1418 154/156 1513/2082
f 1072/1413 1074/1418 1513/2082
f 1513/2082 154/156 152/154
f 142/144 147/149 145/147
f 4551/6664 4546/6657 4544/6652
f 4544/6652 4550/6663 4575/6709
f 4575/6709 4550/6663 4574/6708
f 4550/6663 4548/6660 4549/6661
f 4574/6708 4550/6663 4549/6661
f 4549/6661 4548/6660 4547/6658
f 4549/6662 4547/6659 4654/6840
f 207/212 217/222 209/214
f 4547/6659 4627/6794 4619/6780
f 4654/6840 4547/6659 4619/6780
f 4619/6780 4617/6778 4626/6793
f 4631/6802 4619/6780 4626/6793
f 7/8 8/9 6/7
f 8/9 9/10 6/7
f 14/15 13/14 17/18
f 3974/5737 3964/5720 3962/5717
f 2861/4120 3974/5737 3962/5717
f 4306/6263 4285/6231 4289/6238
f 4289/6238 4285/6231 4288/6236
f 4287/6234 1606/2200 1608/2203
f 1513/2082 152/154 150/152
f 1146/1527 4551/6664 4552/6665
f 4551/6664 4544/6652 4564/6686
f 4552/6665 4551/6664 4564/6686
f 4564/6686 4544/6652 4575/6709
f 4564/6686 4575/6709 4571/6701
f 4575/6709 4574/6708 4659/6845
f 4571/6702 4575/6710 4659/6846
f 4659/6845 4574/6708 4668/6860
f 4656/6842 4549/6662 4654/6840
f 4631/6802 4654/6840 4619/6780
f 10/11 13/14 14/15
f 3962/5717 3964/5720 3762/5373
f 3762/5373 3964/5720 3763/5375
f 328/337 4306/6262 4289/6237
f 4288/6236 4287/6235 1853/2617
f 1853/2616 4287/6234 1608/2203
f 1608/2203 1606/2200 1605/2199
f 3913/5645 3916/5649 3912/5644
f 3912/5644 3916/5649 3915/5648
f 3902/5632 1823/2560 1825/2564
f 1825/2564 1830/2572 1829/2570
f 1070/1410 1069/1409 1072/1414
f 148/150 142/144 149/151
f 109/111 110/112 111/113
f 110/112 216/221 111/113
f 1160/1556 1146/1527 4552/6665
f 4552/6665 4564/6686 4555/6669
f 4555/6669 4564/6686 4559/6675
f 4564/6686 4571/6701 4570/6699
f 4559/6675 4564/6686 4570/6699
f 4656/6842 4659/6847 4668/6861
f 4657/6843 4659/6847 4656/6842
f 4657/6843 4656/6842 4655/6841
f 4655/6841 4656/6842 4654/6840
f 6/7 9/10 10/11
f 3960/5714 3962/5717 3762/5373
f 1605/2199 819/1020 1628/2237
f 1825/2564 1829/2570 1827/2567
f 1148/1530 1146/1526 1160/1555
f 4553/6667 4552/6665 4554/6668
f 4554/6668 4552/6665 4555/6669
f 4555/6669 4559/6675 4677/6873
f 4657/6843 4570/6700 4571/6703
f 4570/6700 4657/6843 4655/6841
f 4559/6676 4570/6700 4655/6841
f 1157/1550 4655/6841 4654/6840
f 207/212 209/214 208/213
f 308/317 313/322 314/323
f 3960/5714 3762/5373 3961/5716
f 318/327 328/337 582/666
f 582/666 328/337 4289/6237
f 4289/6238 4288/6236 4290/6239
f 4291/6240 4289/6238 4290/6239
f 4290/6239 4288/6236 1853/2617
f 4290/6239 1853/2617 4297/6248
f 4297/6247 1853/2616 1608/2203
f 3902/5633 3912/5644 3915/5648
f 3902/5633 3915/5648 1823/2561
f 2760/3977 3913/5645 3912/5644
f 144/146 109/111 112/114
f 112/114 109/111 111/113
f 4557/6672 4553/6667 4554/6668
f 4554/6668 4555/6669 4556/6670
f 4665/6855 4554/6668 4556/6670
f 4556/6670 4555/6669 4677/6873
f 4556/6671 4677/6874 4666/6857
f 4677/6874 4559/6676 4658/6844
f 4666/6857 4677/6874 4658/6844
f 4559/6676 4655/6841 4658/6844
f 1157/1550 1158/1552 4655/6841
f 383/393 382/392 384/394
f 313/322 318/327 314/323
f 2861/4120 3962/5717 3963/5719
f 2690/3871 2861/4119 3963/5718
f 818/1019 814/1013 813/1012
f 1513/2082 150/152 1510/2077
f 150/152 148/150 149/151
f 1148/1531 4553/6667 4557/6672
f 4557/6672 4554/6668 4558/6674
f 4558/6674 4554/6668 4665/6855
f 4556/6671 4666/6857 4661/6849
f 4661/6849 4666/6857 4658/6844
f 4660/6848 4658/6844 1158/1552
f 1145/1525 1158/1551 1157/1549
f 308/317 314/323 315/324
f 3963/5719 3962/5717 3959/5713
f 3959/5713 3962/5717 3960/5714
f 3959/5713 3960/5714 3728/5304
f 3960/5714 3961/5716 3728/5304
f 318/327 582/666 4293/6242
f 4293/6243 582/667 4291/6240
f 4290/6239 4297/6248 4296/6246
f 1608/2203 1605/2199 1625/2232
f 1605/2199 1628/2237 1627/2235
f 3905/5636 2760/3977 3912/5644
f 3905/5636 3912/5644 3902/5633
f 1517/2088 1073/1416 1511/2079
f 1510/2077 150/152 151/153
f 1150/1535 1148/1531 4562/6681
f 1148/1531 4557/6672 4560/6677
f 4562/6681 1148/1531 4560/6677
f 4560/6677 4557/6672 4558/6674
f 4558/6673 4665/6854 3886/5606
f 4660/6848 4661/6849 4658/6844
f 1147/1529 4660/6848 1158/1552
f 207/212 208/213 205/210
f 208/213 7/8 3/4
f 382/392 388/398 311/320
f 312/321 313/322 308/317
f 314/323 318/327 4302/6255
f 4302/6255 318/327 4293/6242
f 4291/6240 4290/6239 4292/6241
f 4293/6243 4291/6240 4292/6241
f 4292/6241 4290/6239 4296/6246
f 1625/2232 1605/2199 1627/2235
f 2762/3981 2760/3977 3908/5639
f 3905/5636 3902/5633 3901/5631
f 1506/2071 1510/2077 151/153
f 151/153 150/152 149/151
f 111/113 216/221 206/211
f 206/211 216/221 207/212
f 3888/5611 4558/6673 3887/5608
f 1147/1528 1149/1532 4667/6858
f 4662/6850 4660/6848 4667/6859
f 4663/6851 4662/6850 4667/6859
f 5/6 7/8 6/7
f 15/16 10/11 14/15
f 16/17 398/408 383/393
f 386/396 382/392 311/320
f 2905/4205 3963/5719 3959/5713
f 3947/5696 3959/5713 3728/5304
f 3947/5696 3728/5304 3948/5698
f 4296/6246 4297/6248 4307/6265
f 4297/6247 1608/2203 4307/6264
f 4307/6264 1608/2203 1625/2232
f 3914/5647 2762/3981 3908/5639
f 3908/5639 2760/3977 3905/5636
f 1826/2565 3902/5632 1825/2564
f 1826/2565 1825/2564 1827/2567
f 1826/2565 1827/2567 3900/5629
f 3900/5629 1827/2567 1517/2088
f 1506/2071 151/153 1514/2084
f 4569/6696 4568/6694 4561/6678
f 4568/6694 4562/6681 4561/6678
f 4561/6678 4562/6681 4560/6677
f 4561/6678 4560/6677 3888/5610
f 3887/5609 3886/5607 3848/5534
f 4663/6851 3886/5607 4662/6850
f 1149/1533 4663/6851 4667/6859
f 205/210 208/213 3/4
f 3/4 7/8 5/6
f 6/7 10/11 11/12
f 2905/4205 3959/5713 3957/5710
f 3957/5710 3959/5713 3946/5695
f 3946/5695 3959/5713 3947/5696
f 3947/5696 3948/5698 3944/5692
f 3944/5692 3948/5698 3945/5693
f 315/324 314/323 4302/6255
f 813/1012 811/1009 1627/2236
f 3901/5631 3902/5633 1826/2566
f 3900/5629 1517/2088 1515/2086
f 145/147 144/146 143/145
f 4561/6679 3888/5611 3845/5526
f 3845/5526 3888/5611 3887/5608
f 3845/5527 3887/5609 3846/5529
f 3848/5534 4663/6851 4664/6853
f 16/17 14/15 398/408
f 384/394 382/392 386/396
f 388/398 312/321 311/320
f 4294/6244 4292/6241 4295/6245
f 4292/6241 4296/6246 4295/6245
f 4295/6245 4296/6246 4307/6265
f 1625/2232 1627/2235 812/1010
f 1246/1679 1247/1680 1243/1675
f 143/145 144/146 112/114
f 113/115 112/114 111/113
f 3844/5525 4561/6680 3845/5528
f 4569/6698 4561/6680 3844/5525
f 4664/6852 4569/6697 3847/5531
f 3844/5525 3845/5528 3846/5530
f 3848/5535 3844/5525 3846/5530
f 3844/5525 3848/5535 3847/5533
f 3957/5710 3946/5695 3958/5711
f 315/324 4302/6255 555/614
f 555/615 4302/6256 4294/6244
f 4295/6245 4307/6265 1974/2813
f 1974/2812 4307/6264 1625/2232
f 3900/5629 1515/2086 1516/2087
f 1514/2084 151/153 1507/2073
f 1243/1675 1254/1688 2763/3983
f 1243/1675 2763/3983 1244/1676
f 1507/2073 151/153 149/151
f 219/224 111/113 206/211
f 206/211 207/212 205/210
f 3847/5533 4569/6698 3844/5525
f 11/12 10/11 15/16
f 3975/5739 2905/4205 3953/5703
f 3953/5703 2905/4205 3957/5710
f 3953/5703 3957/5710 3954/5705
f 3957/5710 3958/5711 3954/5705
f 3958/5711 4331/6309 3954/5705
f 555/615 4294/6244 4298/6249
f 4298/6249 4294/6244 4295/6245
f 3906/5637 3905/5636 3899/5628
f 3905/5636 3901/5631 3899/5628
f 3899/5628 3901/5631 1826/2566
f 1507/2073 149/151 515/544
f 143/145 112/114 134/136
f 308/317 315/324 316/325
f 316/325 315/324 555/614
f 1974/2812 1625/2232 1626/2233
f 1625/2232 812/1010 810/1007
f 1626/2233 1625/2232 810/1007
f 3907/5638 3914/5647 3908/5639
f 3907/5638 3908/5639 3906/5637
f 3906/5637 3908/5639 3905/5636
f 3899/5628 1826/2566 3900/5630
f 1502/2067 1507/2074 515/545
f 149/151 142/144 141/143
f 142/144 145/147 143/145
f 134/136 112/114 113/115
f 311/320 312/321 308/317
f 3975/5739 3953/5703 2846/4089
f 2846/4089 3953/5703 3951/5701
f 316/325 555/614 4300/6252
f 4300/6253 555/615 4298/6249
f 4300/6253 4298/6249 4299/6250
f 4298/6249 4295/6245 4299/6250
f 4299/6250 4295/6245 1974/2813
f 2764/3985 3914/5647 3907/5638
f 1729/2405 3900/5629 1516/2087
f 515/544 149/151 474/493
f 474/493 149/151 194/199
f 113/115 111/113 114/116
f 4/5 5/6 6/7
f 11/12 15/16 246/254
f 317/326 308/317 316/325
f 3951/5701 3953/5703 3952/5702
f 3952/5702 3953/5703 3954/5705
f 3952/5702 3954/5705 3956/5709
f 4299/6251 1974/2814 1973/2811
f 3899/5628 3900/5630 1729/2406
f 114/116 111/113 219/224
f 3/4 5/6 4/5
f 4/5 6/7 11/12
f 316/325 4300/6252 4305/6260
f 4305/6261 4300/6253 4301/6254
f 4301/6254 4300/6253 4299/6250
f 1971/2806 4299/6251 1973/2811
f 1973/2810 1974/2812 1626/2233
f 1970/2804 1973/2810 1626/2233
f 1729/2405 1516/2087 3898/5626
f 3898/5626 1516/2087 1518/2089
f 1501/2065 515/544 474/493
f 194/199 149/151 141/143
f 15/16 14/15 16/17
f 2693/3875 2846/4088 3857/5553
f 3857/5554 2846/4089 3951/5701
f 3950/5700 3951/5701 3952/5702
f 3952/5702 3956/5709 3740/5326
f 317/326 316/325 4305/6260
f 4301/6254 4299/6250 4303/6257
f 4303/6257 4299/6250 1971/2807
f 1971/2806 1973/2811 1970/2805
f 3907/5638 3906/5637 3903/5634
f 3737/5319 3790/5439 1245/1677
f 1501/2065 474/493 194/199
f 4/5 11/12 246/254
f 3857/5554 3951/5701 3950/5700
f 3950/5700 3952/5702 3740/5326
f 3909/5641 2764/3985 3907/5638
f 3909/5641 3907/5638 3903/5634
f 3903/5634 3906/5637 3899/5628
f 548/601 1501/2065 194/199
f 195/200 194/199 141/143
f 142/144 143/145 134/136
f 134/136 113/115 133/135
f 2/3 3/4 4/5
f 2888/4173 3857/5553 3856/5551
f 317/326 4305/6260 1966/2795
f 1966/2796 4305/6261 4301/6254
f 4303/6257 1971/2807 4304/6259
f 4304/6258 1971/2806 1970/2805
f 4304/6258 1970/2805 1969/2803
f 1969/2802 1970/2804 1626/2233
f 3903/5634 3899/5628 3897/5625
f 3899/5628 1729/2406 3898/5627
f 3897/5625 3899/5628 3898/5627
f 1518/2089 1498/2062 1496/2060
f 548/601 194/199 195/200
f 141/143 142/144 134/136
f 133/135 113/115 115/117
f 308/317 317/326 310/319
f 3856/5552 3857/5554 3950/5700
f 3950/5700 3740/5326 3749/5346
f 310/319 317/326 552/609
f 552/609 317/326 1966/2795
f 1966/2796 4301/6254 4303/6257
f 1969/2802 1626/2233 816/1015
f 816/1015 1626/2233 834/1041
f 3898/5626 1518/2089 1728/2404
f 1518/2089 1496/2060 1728/2404
f 1274/1721 3750/5347 1255/1689
f 1274/1721 1255/1689 1257/1692
f 1493/2056 548/601 195/200
f 196/201 195/200 141/143
f 115/117 113/115 114/116
f 16/17 383/393 387/397
f 383/393 384/394 385/395
f 385/395 384/394 386/396
f 3856/5552 3950/5700 3949/5699
f 1966/2796 4303/6257 4304/6259
f 3910/5642 3909/5641 3904/5635
f 3904/5635 3909/5641 3903/5634
f 3904/5635 3903/5634 3897/5625
f 1728/2404 1496/2060 1491/2054
f 219/224 206/211 199/204
f 206/211 205/210 201/206
f 205/210 3/4 201/206
f 307/316 386/396 311/320
f 307/316 311/320 308/317
f 2880/4157 3856/5551 3855/5549
f 3855/5550 3856/5552 3949/5699
f 3949/5699 3749/5346 3955/5707
f 310/319 552/609 556/616
f 556/616 552/609 1966/2795
f 556/617 1966/2797 4304/6258
f 4304/6258 1969/2803 1630/2241
f 1630/2240 1969/2802 1629/2239
f 3918/5652 3909/5641 3910/5642
f 3896/5623 3898/5626 1728/2404
f 1727/2403 1728/2404 1491/2054
f 1491/2054 1492/2055 1490/2053
f 196/201 141/143 140/142
f 140/142 141/143 134/136
f 2/3 4/5 246/254
f 387/397 383/393 385/395
f 307/316 308/317 305/314
f 544/594 310/319 556/616
f 556/617 4304/6258 1630/2241
f 3897/5625 3898/5627 3896/5624
f 553/610 1493/2056 195/200
f 199/204 206/211 201/206
f 246/254 15/16 396/406
f 308/317 310/319 309/318
f 2880/4157 3855/5549 3854/5546
f 309/318 310/319 544/594
f 3854/5547 3855/5550 3708/5265
f 3708/5265 3855/5550 3949/5699
f 3708/5265 3949/5699 3955/5707
f 3955/5706 3699/5251 3708/5264
f 544/594 556/616 1948/2765
f 556/617 1630/2241 1945/2761
f 1948/2766 556/617 1945/2761
f 1629/2239 1969/2802 816/1015
f 3910/5642 3904/5635 3911/5643
f 1727/2403 1491/2054 1488/2051
f 553/610 195/200 196/201
f 140/142 134/136 135/137
f 135/137 134/136 131/133
f 114/116 219/224 116/118
f 15/16 16/17 397/407
f 2879/4155 2880/4157 3854/5546
f 1945/2761 1630/2241 1968/2800
f 1968/2801 1630/2240 1629/2239
f 4377/6372 4387/6392 4376/6371
f 585/672 553/610 196/201
f 131/133 134/136 133/135
f 3/4 2/3 203/208
f 308/317 309/318 305/314
f 2879/4155 3854/5546 2878/4153
f 309/318 544/594 545/595
f 545/595 544/594 1948/2765
f 545/596 1948/2766 1946/2762
f 1948/2766 1945/2761 1943/2759
f 1946/2762 1948/2766 1943/2759
f 1943/2759 1945/2761 1944/2760
f 1944/2760 1945/2761 1968/2800
f 1629/2239 816/1015 822/1024
f 3918/5652 3910/5642 3911/5643
f 3911/5643 3904/5635 3895/5622
f 3895/5622 3904/5635 3897/5625
f 3895/5622 3897/5625 3896/5624
f 3896/5623 1728/2404 1727/2403
f 1727/2403 1488/2051 1486/2049
f 585/672 196/201 1581/2167
f 201/206 3/4 202/207
f 202/207 3/4 203/208
f 385/395 386/396 307/316
f 2878/4153 3854/5546 4021/5808
f 4021/5809 3854/5548 3708/5266
f 4021/5809 3708/5266 3729/5306
f 309/318 545/595 1947/2763
f 1947/2764 545/596 1946/2762
f 1581/2167 196/201 140/142
f 2/3 246/254 245/253
f 279/287 246/254 396/406
f 396/406 15/16 397/407
f 306/315 305/314 461/479
f 3853/5545 2878/4153 4021/5808
f 461/479 305/314 309/318
f 1947/2764 1946/2762 1941/2757
f 1941/2757 1946/2762 1943/2759
f 1943/2759 1944/2760 1942/2758
f 1942/2758 1944/2760 1968/2800
f 1942/2758 1968/2800 1631/2243
f 1631/2242 1968/2801 1629/2239
f 3896/5623 1727/2403 3894/5620
f 1579/2164 1581/2167 140/142
f 139/141 140/142 135/137
f 245/253 203/208 2/3
f 294/303 385/395 307/316
f 461/479 309/318 1947/2763
f 461/479 1947/2763 615/734
f 615/735 1947/2764 1941/2757
f 3894/5621 3895/5622 3896/5624
f 3919/5654 3918/5652 3911/5643
f 3917/5650 3911/5643 3895/5622
f 294/303 307/316 295/304
f 3853/5545 4021/5808 3852/5543
f 3852/5543 4021/5808 4018/5803
f 4018/5804 4021/5809 4020/5807
f 1941/2757 1942/2758 1633/2246
f 615/735 1941/2757 1633/2246
f 1633/2246 1942/2758 1631/2243
f 1629/2239 822/1024 1671/2304
f 1671/2305 822/1025 823/1026
f 3919/5654 3911/5643 3917/5650
f 3894/5620 1727/2403 1726/2401
f 1579/2164 140/142 557/618
f 1578/2163 1579/2165 557/619
f 557/618 140/142 139/141
f 131/133 133/135 132/134
f 245/253 246/254 279/287
f 397/407 16/17 387/397
f 616/736 461/479 615/734
f 615/735 1633/2246 1940/2756
f 616/737 615/735 1940/2756
f 1632/2244 1633/2245 1631/2242
f 1631/2242 1629/2239 1632/2244
f 3917/5650 3895/5622 3894/5621
f 1484/2046 1727/2403 1486/2049
f 136/138 135/137 131/133
f 114/116 116/118 115/117
f 2844/4084 3852/5543 4018/5803
f 4018/5804 4020/5807 4019/5805
f 4019/5805 4020/5807 4024/5815
f 306/315 461/479 538/583
f 538/583 461/479 616/736
f 1940/2756 1633/2246 1634/2248
f 1634/2247 1633/2245 1632/2244
f 1632/2244 1629/2239 1671/2304
f 2771/3996 3919/5654 3917/5650
f 1726/2401 1727/2403 1484/2046
f 1726/2401 1484/2046 1725/2399
f 4370/6364 4371/6365 4369/6362
f 557/618 139/141 1577/2161
f 1577/2161 139/141 136/138
f 139/141 135/137 136/138
f 133/135 115/117 132/134
f 247/255 203/208 245/253
f 295/304 307/316 305/314
f 305/314 306/315 304/313
f 4019/5805 4024/5815 3719/5286
f 538/584 616/737 1938/2754
f 1938/2754 616/737 1940/2756
f 1939/2755 1940/2756 1634/2248
f 3917/5650 3894/5621 3920/5655
f 1484/2047 1482/2044 1479/2040
f 1725/2399 1484/2046 1479/2039
f 387/397 385/395 294/303
f 295/304 305/314 304/313
f 295/304 304/313 303/312
f 2844/4084 4018/5803 3851/5540
f 3851/5541 4018/5804 4015/5798
f 4015/5798 4018/5804 4019/5805
f 304/313 306/315 538/583
f 1939/2755 1634/2248 1635/2249
f 1635/2250 1634/2247 1632/2244
f 825/1028 1632/2244 1671/2304
f 3921/5656 3917/5650 3920/5655
f 3920/5655 3894/5621 1726/2402
f 1573/2156 1577/2161 136/138
f 1573/2156 136/138 532/573
f 136/138 131/133 137/139
f 116/118 219/224 199/204
f 396/406 397/407 280/288
f 4015/5798 4019/5805 3719/5286
f 304/313 538/583 561/625
f 561/626 538/584 1938/2754
f 1938/2754 1939/2755 1936/2752
f 561/626 1938/2754 1936/2752
f 1936/2752 1939/2755 1635/2249
f 3925/5661 2771/3996 3917/5650
f 3920/5655 1726/2402 1725/2400
f 1478/2038 1479/2039 1480/2041
f 138/140 501/525 136/138
f 136/138 137/139 138/140
f 202/207 203/208 204/209
f 280/288 397/407 387/397
f 3849/5537 2844/4084 3851/5540
f 303/312 304/313 561/625
f 1949/2768 1936/2752 1635/2249
f 1949/2767 1635/2250 1632/2244
f 1632/2244 825/1028 1672/2306
f 2915/4223 2920/4232 2936/4266
f 2936/4267 2920/4233 826/1030
f 3925/5661 3917/5650 3921/5656
f 1725/2399 1479/2039 1500/2064
f 1479/2039 1478/2038 1500/2064
f 532/573 136/138 501/525
f 117/119 115/117 116/118
f 204/209 203/208 247/255
f 295/304 303/312 302/311
f 3849/5537 3851/5540 4017/5801
f 4017/5802 3851/5541 4015/5798
f 4015/5798 3720/5288 4016/5800
f 302/311 303/312 1951/2771
f 1951/2771 303/312 561/625
f 1951/2772 561/626 1937/2753
f 561/626 1936/2752 1937/2753
f 1937/2753 1936/2752 1949/2768
f 1949/2767 1632/2244 1636/2251
f 532/573 501/525 533/575
f 115/117 117/119 120/122
f 3850/5539 4017/5802 4015/5798
f 3850/5539 4015/5798 4014/5797
f 4014/5797 4015/5798 4016/5800
f 302/311 1951/2771 594/691
f 594/692 1951/2772 1937/2753
f 1937/2753 1949/2768 1950/2770
f 1636/2251 1632/2244 1672/2306
f 3926/5662 3920/5655 1725/2400
f 3921/5656 3920/5655 3926/5662
f 3929/5665 1725/2399 1500/2064
f 533/575 501/525 138/140
f 1571/2153 533/575 138/140
f 130/132 137/139 131/133
f 132/134 115/117 120/122
f 118/120 116/118 199/204
f 283/291 387/397 294/303
f 3849/5537 4017/5801 3850/5538
f 2854/4106 3849/5537 3850/5538
f 4014/5797 4016/5800 3712/5273
f 594/692 1937/2753 1952/2773
f 1952/2773 1937/2753 1950/2770
f 2864/4126 3925/5661 3921/5656
f 2864/4126 3921/5656 3927/5663
f 462/480 138/140 137/139
f 117/119 116/118 118/120
f 247/255 245/253 261/269
f 279/287 396/406 280/288
f 293/302 294/303 295/304
f 296/305 295/304 301/310
f 4014/5797 3712/5273 4011/5793
f 577/655 302/311 594/691
f 577/656 594/692 1952/2773
f 1952/2773 1950/2770 1956/2779
f 1950/2769 1949/2767 1636/2251
f 1636/2251 1672/2306 832/1038
f 3927/5663 3921/5656 3926/5662
f 3926/5662 1725/2400 3929/5666
f 3929/5665 1500/2064 1724/2398
f 1571/2153 138/140 521/554
f 1564/2145 1571/2154 521/555
f 200/205 201/206 202/207
f 293/302 295/304 296/305
f 4012/5794 3850/5539 4014/5797
f 4012/5794 4014/5797 4011/5793
f 577/656 1952/2773 1953/2774
f 617/739 577/656 1953/2774
f 1953/2774 1952/2773 1956/2779
f 1956/2778 1950/2769 1636/2251
f 118/120 199/204 198/203
f 199/204 201/206 200/205
f 261/269 245/253 279/287
f 2854/4106 3850/5538 3858/5557
f 3858/5556 3850/5539 4012/5794
f 295/304 302/311 301/310
f 301/310 302/311 577/655
f 301/310 577/655 583/668
f 583/668 577/655 617/738
f 1953/2774 1956/2779 1972/2809
f 1636/2251 832/1038 841/1052
f 2769/3993 2864/4126 3927/5663
f 3927/5663 3926/5662 3928/5664
f 3928/5664 3926/5662 3929/5666
f 3929/5665 1724/2398 1566/2147
f 1561/2141 521/554 1567/2148
f 3858/5556 4012/5794 4007/5785
f 4007/5785 4012/5794 4011/5793
f 4007/5785 4011/5793 4010/5791
f 583/669 617/739 1953/2774
f 1972/2808 1956/2778 1637/2252
f 1637/2252 1956/2778 1636/2251
f 3940/5684 3929/5665 1566/2147
f 521/554 138/140 462/480
f 1567/2148 521/554 462/480
f 278/286 279/287 280/288
f 301/310 583/668 1955/2776
f 583/669 1953/2774 1954/2775
f 1955/2777 583/669 1954/2775
f 1954/2775 1953/2774 1644/2265
f 1637/2252 1636/2251 841/1052
f 3928/5664 3929/5666 3940/5685
f 1567/2148 462/480 1556/2135
f 131/133 132/134 120/122
f 2848/4094 3858/5556 3982/5752
f 3982/5752 3858/5556 4007/5785
f 4007/5785 4010/5791 3764/5377
f 1958/2781 301/310 1955/2776
f 1644/2264 1972/2808 1637/2252
f 3935/5676 3928/5664 3940/5685
f 1566/2147 1565/2146 1723/2397
f 3935/5675 1566/2147 1723/2397
f 130/132 131/133 120/122
f 263/271 261/269 279/287
f 3982/5752 4007/5785 3983/5753
f 4007/5785 3764/5377 4005/5782
f 4005/5782 3764/5377 4009/5789
f 296/305 301/310 1958/2781
f 1958/2782 1955/2777 1957/2780
f 1954/2775 1644/2265 1645/2267
f 1645/2266 1644/2264 1637/2252
f 2769/3993 3927/5663 3933/5673
f 3938/5681 2769/3993 3933/5673
f 3933/5673 3927/5663 3928/5664
f 3933/5673 3928/5664 3934/5674
f 3934/5674 3928/5664 3935/5676
f 3940/5684 1566/2147 3935/5675
f 1556/2135 462/480 1555/2133
f 200/205 202/207 204/209
f 261/269 204/209 247/255
f 263/271 279/287 278/286
f 280/288 387/397 283/291
f 280/288 283/291 282/290
f 283/291 294/303 293/302
f 2849/4096 3982/5752 3983/5753
f 3983/5753 4007/5785 4005/5782
f 4005/5782 4009/5789 4006/5784
f 1967/2798 296/305 1958/2781
f 1959/2783 1958/2782 1957/2780
f 1957/2780 1954/2775 1848/2605
f 1848/2605 1954/2775 1645/2267
f 843/1055 1637/2252 841/1052
f 1562/2143 1557/2137 1543/2117
f 1555/2133 462/480 1546/2122
f 1546/2122 462/480 137/139
f 1546/2122 137/139 471/490
f 471/490 137/139 130/132
f 119/121 120/122 117/119
f 117/119 118/120 119/121
f 198/203 199/204 200/205
f 260/268 204/209 261/269
f 262/270 261/269 263/271
f 293/302 296/305 297/306
f 3983/5753 4005/5782 4002/5777
f 4002/5777 4005/5782 4006/5784
f 297/306 296/305 1967/2798
f 1960/2784 1967/2799 1959/2783
f 1959/2783 1957/2780 1860/2631
f 1960/2784 1959/2783 1860/2631
f 1860/2631 1957/2780 1848/2605
f 1848/2604 1645/2266 1650/2272
f 1646/2268 1645/2266 1637/2252
f 1646/2268 1637/2252 843/1055
f 3935/5675 1723/2397 1722/2396
f 3159/4628 4353/6339 3157/4625
f 4351/6337 4356/6343 4361/6350
f 197/202 118/120 198/203
f 256/264 204/209 259/267
f 259/267 204/209 260/268
f 3707/5263 4002/5777 4006/5784
f 565/633 1967/2799 1960/2784
f 1860/2630 1848/2604 1650/2272
f 1646/2268 1650/2272 1645/2266
f 841/1053 842/1054 843/1056
f 2623/3797 3938/5681 3933/5673
f 198/203 200/205 248/256
f 248/256 200/205 256/264
f 263/271 278/286 277/285
f 278/286 280/288 282/290
f 293/302 297/306 298/307
f 4002/5777 3707/5263 4003/5779
f 297/306 1967/2798 565/632
f 1860/2630 1650/2272 1647/2269
f 3934/5674 3935/5676 3893/5619
f 3935/5675 1722/2396 3893/5618
f 1546/2122 471/490 566/634
f 200/205 204/209 256/264
f 3995/5769 4002/5777 4001/5776
f 564/630 297/306 565/632
f 565/633 1860/2631 1961/2785
f 1961/2785 1860/2631 1962/2787
f 1962/2786 1860/2630 1647/2269
f 1647/2269 1650/2272 1646/2268
f 845/1058 1646/2268 843/1055
f 3933/5673 3934/5674 3936/5677
f 3893/5618 1722/2396 1553/2131
f 1553/2131 1552/2130 1538/2112
f 471/490 130/132 129/131
f 566/634 471/490 129/131
f 3994/5768 2851/4100 3995/5769
f 298/307 297/306 564/630
f 1963/2788 564/631 1961/2785
f 1963/2788 1961/2785 1409/1936
f 1409/1936 1961/2785 1962/2787
f 1647/2269 1646/2268 1648/2270
f 843/1056 844/1057 845/1059
f 2623/3797 3933/5673 3936/5677
f 3892/5617 3934/5674 3893/5619
f 1538/2112 1539/2113 1537/2111
f 566/634 129/131 567/636
f 129/131 130/132 120/122
f 197/202 198/203 248/256
f 277/285 278/286 282/290
f 3994/5768 3995/5769 3993/5766
f 3995/5769 4001/5776 4000/5775
f 299/308 293/302 298/307
f 4000/5775 4001/5776 4004/5781
f 298/307 564/630 1965/2792
f 1965/2793 564/631 1963/2788
f 1962/2786 1647/2269 1649/2271
f 1649/2271 1647/2269 1648/2270
f 1648/2270 1646/2268 845/1058
f 3939/5682 2623/3796 3936/5678
f 3937/5679 3936/5677 3934/5674
f 3937/5679 3934/5674 3892/5617
f 3893/5618 1553/2131 1538/2112
f 4335/6316 4341/6324 4337/6319
f 260/268 261/269 262/270
f 292/301 283/291 293/302
f 3992/5765 3994/5768 3993/5766
f 4000/5775 3625/5140 4008/5787
f 299/308 298/307 1408/1934
f 1408/1934 298/307 1965/2792
f 1965/2793 1963/2788 1409/1936
f 1409/1936 1962/2787 1964/2791
f 1964/2789 1962/2786 1649/2271
f 3893/5618 1538/2112 1721/2394
f 1721/2394 1538/2112 1586/2173
f 1586/2173 1535/2109 1569/2151
f 567/636 129/131 1533/2106
f 128/130 129/131 120/122
f 275/283 263/271 277/285
f 292/301 293/302 299/308
f 3992/5765 3993/5766 3991/5763
f 1408/1935 1965/2794 1409/1937
f 1648/2270 845/1058 1658/2284
f 3936/5677 3937/5679 3939/5683
f 2621/3794 2623/3796 3939/5682
f 3892/5617 3893/5619 1721/2395
f 1533/2106 129/131 128/130
f 121/123 120/122 119/121
f 119/121 118/120 197/202
f 250/258 197/202 248/256
f 258/266 259/267 260/268
f 292/301 299/308 300/309
f 2834/4070 3992/5765 3991/5763
f 3991/5763 3993/5766 3997/5771
f 592/687 299/308 1408/1934
f 1964/2789 1649/2271 1653/2275
f 1649/2271 1648/2270 1651/2273
f 1653/2275 1649/2271 1651/2273
f 1651/2273 1648/2270 1731/2409
f 1731/2409 1648/2270 1658/2284
f 3941/5686 3939/5683 3937/5679
f 1530/2101 1533/2107 1531/2103
f 1551/2129 1569/2151 1534/2108
f 1533/2106 128/130 1531/2102
f 121/123 119/121 122/124
f 262/270 263/271 266/274
f 266/274 263/271 275/283
f 281/289 282/290 283/291
f 2834/4070 3991/5763 3985/5756
f 3997/5771 4023/5813 3766/5381
f 300/309 299/308 592/687
f 1401/1922 1964/2790 1407/1933
f 1407/1932 1964/2789 1653/2275
f 3941/5686 3937/5679 3891/5616
f 3891/5616 3937/5679 3892/5617
f 1721/2394 1586/2173 1551/2129
f 1531/2102 128/130 570/642
f 248/256 256/264 437/447
f 256/264 259/267 258/266
f 260/268 262/270 266/274
f 284/292 283/291 291/300
f 291/300 283/291 292/301
f 2823/4056 2834/4070 3985/5756
f 3985/5756 3997/5771 3996/5770
f 3996/5770 3997/5771 3766/5381
f 593/689 300/309 592/687
f 593/690 592/688 1401/1922
f 2621/3794 3939/5682 3942/5687
f 3942/5688 3939/5683 3941/5686
f 3891/5616 3892/5617 1721/2395
f 1720/2392 1721/2394 1551/2129
f 1551/2129 1529/2100 1582/2169
f 119/121 197/202 127/129
f 258/266 260/268 265/273
f 281/289 283/291 284/292
f 3984/5755 3985/5756 3986/5757
f 3986/5757 3985/5756 3996/5770
f 3996/5770 3766/5381 3765/5379
f 593/690 1401/1922 1400/1921
f 1401/1922 1407/1933 1405/1929
f 1400/1921 1401/1922 1405/1929
f 1405/1928 1407/1932 1652/2274
f 848/1063 849/1065 847/1062
f 2620/3793 2621/3794 2622/3795
f 2622/3795 2621/3794 3942/5687
f 1720/2392 1551/2129 1582/2169
f 570/642 128/130 569/640
f 128/130 120/122 121/123
f 127/129 197/202 250/258
f 250/258 248/256 437/447
f 257/265 256/264 258/266
f 275/283 277/285 276/284
f 276/284 277/285 282/290
f 1399/1919 300/309 593/689
f 1654/2276 1653/2275 1651/2273
f 1654/2276 1651/2273 1731/2409
f 847/1062 849/1065 1658/2285
f 3891/5616 1721/2395 1720/2393
f 3890/5614 3891/5616 1720/2393
f 1526/2097 1528/2099 569/641
f 569/640 128/130 1544/2118
f 1544/2118 128/130 121/123
f 265/273 260/268 266/274
f 3996/5770 3765/5379 3759/5367
f 292/301 300/309 291/300
f 291/300 300/309 584/670
f 584/670 300/309 1399/1919
f 1399/1920 1400/1921 1398/1918
f 1398/1918 1400/1921 1404/1927
f 1652/2274 1653/2275 1654/2276
f 2838/4075 2934/4261 2902/4198
f 2902/4199 2934/4263 666/804
f 2902/4199 666/804 848/1063
f 2622/3795 3942/5687 3943/5689
f 3943/5690 3942/5688 3941/5686
f 3941/5686 3891/5616 3890/5614
f 1720/2392 1582/2169 3889/5612
f 3889/5612 1582/2169 1585/2172
f 1525/2096 1526/2097 1522/2093
f 1585/2172 1525/2096 1524/2095
f 122/124 119/121 127/129
f 437/447 256/264 252/260
f 3998/5773 3987/5758 3996/5770
f 3998/5773 3996/5770 3759/5367
f 1656/2281 1652/2274 1655/2280
f 1655/2280 1652/2274 1654/2276
f 2628/3804 2620/3793 2622/3795
f 3943/5690 3941/5686 3890/5614
f 3889/5612 1585/2172 1584/2171
f 1584/2171 1524/2095 1523/2094
f 1544/2118 121/123 554/612
f 463/481 121/123 123/125
f 123/125 121/123 122/124
f 276/284 282/290 281/289
f 284/292 291/300 285/293
f 285/293 291/300 465/484
f 3990/5762 3987/5758 3999/5774
f 1397/1916 291/300 584/670
f 666/804 1654/2278 849/1065
f 849/1064 1654/2277 1731/2410
f 1584/2171 1523/2094 1521/2092
f 554/612 121/123 463/481
f 252/260 256/264 257/265
f 3999/5774 3677/5222 3721/5290
f 465/484 291/300 1410/1938
f 1410/1938 291/300 1397/1916
f 1657/2283 1396/1915 1406/1931
f 1657/2282 1406/1930 1656/2281
f 1674/2309 1655/2280 1654/2276
f 3890/5614 1720/2393 3889/5613
f 554/612 463/481 1545/2120
f 4349/6335 4347/6332 4350/6336
f 250/258 437/447 252/260
f 281/289 284/292 285/293
f 1893/2684 3999/5774 3747/5341
f 1402/1923 465/484 1410/1938
f 1397/1917 1396/1915 1387/1903
f 1386/1902 1396/1915 1657/2283
f 1657/2282 1656/2281 1655/2280
f 2625/3800 2628/3804 2622/3795
f 2622/3795 3943/5689 2624/3798
f 2624/3799 3943/5691 800/993
f 800/993 3943/5691 3890/5615
f 801/995 800/993 3890/5615
f 257/265 258/266 267/275
f 266/274 275/283 273/281
f 276/284 281/289 289/297
f 1893/2684 3747/5341 3746/5338
f 2934/4262 664/801 666/805
f 1654/2279 666/805 663/800
f 1654/2279 663/800 1674/2310
f 2625/3800 2622/3795 2624/3798
f 801/994 3890/5614 3889/5613
f 3889/5612 1584/2171 1719/2389
f 1719/2389 1584/2171 1587/2174
f 1545/2120 463/481 1532/2104
f 463/481 123/125 504/529
f 1532/2104 463/481 504/529
f 124/126 123/125 122/124
f 267/275 258/266 265/273
f 286/294 281/289 285/293
f 3976/5741 3977/5743 3978/5744
f 3978/5744 3979/5746 1893/2684
f 285/293 465/484 473/492
f 473/492 465/484 551/607
f 551/607 465/484 1402/1923
f 1657/2282 1655/2280 1659/2287
f 1659/2287 1655/2280 661/797
f 1655/2280 1674/2309 661/797
f 801/994 3889/5613 1719/2390
f 1719/2389 1587/2174 1550/2128
f 504/529 123/125 124/126
f 273/281 275/283 276/284
f 286/294 285/293 473/492
f 1428/1968 1840/2588 1657/2282
f 666/805 664/801 663/800
f 663/800 661/798 1674/2310
f 504/529 124/126 519/550
f 124/126 122/124 125/127
f 125/127 122/124 126/128
f 126/128 122/124 127/129
f 126/128 127/129 250/258
f 3980/5748 3976/5741 1895/2688
f 286/294 473/492 1427/1966
f 1427/1966 473/492 604/711
f 1428/1968 1657/2282 1659/2287
f 664/801 657/792 663/800
f 2625/3800 2624/3798 783/963
f 2626/3801 2625/3800 783/963
f 783/964 2624/3799 800/993
f 800/993 801/995 782/962
f 782/962 801/995 1719/2391
f 1548/2126 4227/6129 1588/2176
f 519/550 124/126 125/127
f 126/128 250/258 249/257
f 255/263 257/265 267/275
f 273/281 276/284 412/422
f 604/712 1383/1899 1388/1904
f 1383/1899 1385/1901 1411/1941
f 1660/2289 1428/1968 1659/2287
f 667/806 657/792 664/801
f 657/792 658/793 663/800
f 783/964 800/993 782/962
f 784/965 1719/2389 1718/2387
f 1718/2387 1719/2389 1550/2128
f 1718/2387 1550/2128 1583/2170
f 519/550 125/127 4226/6126
f 4226/6126 125/127 563/628
f 442/454 125/127 126/128
f 251/259 250/258 252/260
f 287/295 281/289 286/294
f 287/295 286/294 1390/1907
f 1885/2674 1892/2683 1886/2676
f 1390/1907 286/294 1389/1905
f 1389/1905 286/294 1427/1966
f 1411/1940 1428/1968 1660/2289
f 658/793 1659/2288 661/798
f 784/966 782/962 1719/2391
f 1583/2170 1589/2177 1714/2379
f 4225/6125 4226/6128 563/629
f 563/628 125/127 4232/6138
f 272/280 266/274 273/281
f 288/296 289/297 281/289
f 288/296 281/289 287/295
f 1393/1911 287/295 1390/1907
f 676/818 662/799 667/806
f 667/806 662/799 657/792
f 657/792 656/791 658/793
f 658/793 656/791 1659/2288
f 2627/3802 2626/3801 783/963
f 782/962 784/966 1718/2388
f 2629/3805 2626/3801 2627/3802
f 1714/2379 1589/2177 1716/2383
f 4232/6138 125/127 442/454
f 251/259 252/260 254/262
f 252/260 257/265 255/263
f 264/272 265/273 266/274
f 264/272 266/274 272/280
f 412/422 276/284 289/297
f 289/297 288/296 290/298
f 1884/2673 1885/2674 1881/2669
f 1881/2669 1885/2674 3715/5279
f 1881/2669 3715/5279 1882/2671
f 546/597 287/295 1393/1911
f 1393/1912 1392/1910 1394/1913
f 655/789 1660/2289 1659/2287
f 1717/2385 1718/2387 1583/2170
f 1717/2385 1583/2170 1714/2379
f 1716/2383 1715/2381 1714/2379
f 4232/6138 442/454 4223/6122
f 4224/6124 4232/6139 4223/6123
f 249/257 250/258 251/259
f 252/260 255/263 254/262
f 267/275 265/273 264/272
f 288/296 287/295 546/597
f 1661/2290 1411/1940 643/772
f 643/772 1411/1940 1660/2289
f 2627/3803 783/964 779/959
f 779/959 783/964 782/962
f 777/957 782/962 1718/2388
f 779/959 782/962 777/957
f 1714/2379 1715/2381 1713/2377
f 4223/6122 442/454 4221/6119
f 442/454 126/128 436/446
f 272/280 273/281 274/282
f 415/425 289/297 416/426
f 289/297 290/298 416/426
f 290/298 288/296 1412/1942
f 1663/2293 1661/2290 643/772
f 643/772 1660/2289 655/789
f 656/791 655/790 1659/2288
f 777/957 1718/2388 1717/2386
f 799/991 2629/3805 2627/3802
f 4190/6074 1713/2378 4191/6075
f 416/426 290/298 514/542
f 514/543 290/299 1414/1945
f 514/543 1414/1945 1417/1949
f 1417/1949 1414/1945 1416/1948
f 1663/2293 1420/1952 1415/1946
f 656/791 653/787 655/790
f 799/992 2627/3803 779/959
f 777/957 1717/2386 776/956
f 776/956 1717/2386 1714/2380
f 1714/2379 1713/2377 1711/2373
f 1711/2373 1713/2377 4193/6077
f 4221/6119 442/454 4220/6117
f 442/454 436/446 527/564
f 4220/6117 442/454 527/564
f 4395/6405 4393/6403 4411/6428
f 435/445 436/446 126/128
f 418/428 251/259 254/262
f 274/282 273/281 412/422
f 289/297 415/425 413/423
f 415/425 416/426 1426/1964
f 1426/1964 416/426 514/542
f 1417/1949 1416/1948 1419/1951
f 1419/1951 1416/1948 1420/1953
f 1662/2292 1663/2293 643/772
f 678/822 660/796 662/799
f 662/799 660/796 654/788
f 799/992 779/959 778/958
f 778/958 779/959 777/957
f 778/958 777/957 774/954
f 774/954 777/957 776/956
f 527/564 436/446 4229/6132
f 4229/6132 436/446 435/445
f 435/445 126/128 434/444
f 267/275 264/272 272/280
f 412/422 289/297 413/423
f 1421/1954 1662/2292 1665/2296
f 1664/2295 1662/2292 643/772
f 654/788 632/759 631/758
f 653/787 631/758 643/773
f 653/787 643/773 655/790
f 798/990 799/992 778/958
f 1711/2373 4193/6077 4194/6079
f 4194/6080 4195/6081 4196/6082
f 4229/6132 435/445 4217/6113
f 4217/6113 435/445 434/444
f 434/444 126/128 433/443
f 433/443 126/128 432/442
f 126/128 249/257 432/442
f 1424/1960 415/425 1426/1964
f 1424/1960 1426/1964 1423/1958
f 1852/2613 1422/1956 1665/2296
f 1665/2296 1662/2292 1664/2295
f 1664/2295 643/772 1707/2365
f 660/796 659/794 632/759
f 660/796 632/759 654/788
f 798/990 778/958 774/954
f 774/954 776/956 773/953
f 773/953 776/956 1714/2380
f 773/953 1714/2380 1711/2374
f 1710/2371 1711/2373 4194/6079
f 4217/6113 434/444 4216/6111
f 4216/6111 434/444 433/443
f 430/440 432/442 249/257
f 255/263 267/275 253/261
f 414/424 412/422 413/423
f 413/423 415/425 1425/1962
f 1425/1962 415/425 1424/1960
f 660/796 2819/4050 659/794
f 631/758 1707/2366 643/773
f 772/952 774/954 773/953
f 1710/2371 4194/6079 1709/2369
f 4194/6079 4198/6084 1709/2369
f 4216/6111 433/443 4211/6104
f 249/257 251/259 429/439
f 429/439 251/259 418/428
f 268/276 274/282 412/422
f 268/276 412/422 417/427
f 2246/3204 413/423 1425/1962
f 1667/2299 1665/2296 1666/2297
f 1666/2297 1665/2296 1664/2295
f 629/755 1664/2295 1707/2365
f 631/758 629/756 1707/2366
f 798/990 774/954 772/952
f 1711/2374 772/952 773/953
f 2636/3813 798/990 772/952
f 4211/6104 433/443 4210/6102
f 4210/6102 433/443 432/442
f 430/440 249/257 429/439
f 418/428 254/262 419/429
f 417/427 412/422 414/424
f 414/424 413/423 2245/3202
f 2245/3202 413/423 2246/3204
f 2245/3203 2246/3206 2244/3201
f 1666/2297 1664/2295 629/755
f 632/759 630/757 631/758
f 631/758 630/757 629/756
f 659/794 2932/4258 632/759
f 2636/3813 772/952 770/950
f 770/950 772/952 1711/2374
f 770/950 1711/2374 771/951
f 1709/2369 4198/6084 1712/2375
f 4210/6102 432/442 4208/6099
f 4208/6099 432/442 430/440
f 430/440 429/439 431/441
f 253/261 267/275 272/280
f 2240/3195 414/424 2245/3202
f 1668/2300 1667/2299 1666/2297
f 2932/4258 630/757 632/759
f 771/951 1711/2374 1710/2372
f 4208/6099 430/440 4204/6092
f 4204/6092 430/440 431/441
f 268/276 417/427 455/473
f 417/427 414/424 503/527
f 503/527 414/424 2240/3195
f 1669/2302 1667/2299 1668/2300
f 1668/2300 1666/2297 627/752
f 2932/4258 652/786 628/754
f 2932/4258 628/754 630/757
f 630/757 628/754 629/756
f 629/756 628/754 1666/2298
f 2636/3813 770/950 767/946
f 768/947 771/951 1710/2372
f 2637/3815 2636/3813 767/946
f 770/950 771/951 768/947
f 768/947 1710/2372 1709/2370
f 769/948 1709/2369 1712/2375
f 1712/2375 4201/6088 765/943
f 4204/6092 431/441 4207/6096
f 422/432 429/439 418/428
f 421/431 422/432 418/428
f 419/429 254/262 253/261
f 253/261 254/262 255/263
f 253/261 272/280 274/282
f 455/473 417/427 2222/3169
f 2222/3169 417/427 503/527
f 767/946 770/950 768/947
f 2903/4201 2637/3815 767/946
f 769/948 1712/2375 765/943
f 4207/6096 431/441 3125/4571
f 3125/4571 431/441 429/439
f 421/431 418/428 420/430
f 418/428 419/429 420/430
f 268/276 253/261 274/282
f 454/472 268/276 455/473
f 524/558 455/473 2222/3169
f 1675/2311 1669/2302 1670/2303
f 1670/2303 1669/2302 1668/2300
f 652/786 2912/4219 644/774
f 644/774 626/751 628/754
f 626/751 627/753 628/754
f 652/786 644/774 628/754
f 628/754 627/753 1666/2298
f 769/949 768/947 1709/2370
f 765/943 4201/6088 764/941
f 764/941 4201/6088 1706/2363
f 1706/2363 4201/6088 1708/2367
f 1706/2363 1708/2367 1703/2358
f 3125/4571 429/439 3123/4568
f 3123/4568 429/439 422/432
f 419/429 253/261 423/433
f 271/279 268/276 454/472
f 454/472 455/473 522/556
f 522/556 455/473 2224/3172
f 455/473 524/558 2224/3172
f 2224/3173 524/559 2223/3171
f 1675/2311 1670/2303 1676/2313
f 627/753 626/751 1668/2301
f 2903/4201 767/946 781/961
f 781/961 767/946 766/945
f 767/946 768/947 765/944
f 768/947 769/949 765/944
f 767/946 765/944 766/945
f 3123/4568 422/432 528/566
f 528/566 422/432 421/431
f 253/261 268/276 269/277
f 534/577 454/472 522/556
f 534/577 522/556 2226/3176
f 2237/3189 1677/2314 1676/2313
f 1676/2313 1677/2314 1675/2311
f 804/1001 2903/4201 781/961
f 1706/2363 1703/2358 1705/2361
f 1703/2358 1704/2359 1705/2361
f 528/566 421/431 3120/4564
f 3120/4564 421/431 494/515
f 494/515 421/431 420/430
f 425/435 420/430 419/429
f 425/435 419/429 424/434
f 426/436 253/261 427/437
f 427/437 253/261 428/438
f 253/261 269/277 428/438
f 270/278 268/276 271/279
f 271/279 454/472 2252/3216
f 1924/2734 3675/5219 3767/5383
f 2252/3216 454/472 539/585
f 539/585 454/472 534/577
f 1678/2315 2237/3189 1676/2313
f 1732/2411 1676/2313 1670/2303
f 2912/4219 651/784 644/774
f 622/747 621/746 1668/2301
f 781/961 766/945 759/936
f 804/1001 781/961 780/960
f 780/960 781/961 759/936
f 766/945 765/944 758/935
f 758/935 765/944 764/942
f 505/531 494/515 420/430
f 505/531 420/430 425/435
f 424/434 419/429 423/433
f 269/277 268/276 270/278
f 270/278 271/279 2239/3193
f 271/279 2252/3216 2239/3193
f 1925/2735 1926/2737 1934/2749
f 2239/3194 2252/3217 2227/3178
f 1668/2301 621/746 1732/2412
f 651/784 633/760 644/774
f 644/774 633/760 622/747
f 623/748 621/746 622/747
f 1668/2300 1732/2411 1670/2303
f 759/936 766/945 758/935
f 758/935 764/942 756/933
f 756/933 764/942 1706/2364
f 804/1001 780/960 2784/4010
f 1705/2361 1704/2359 1701/2354
f 1701/2354 1704/2359 1702/2356
f 1701/2354 1702/2356 3136/4586
f 1701/2354 3136/4586 1700/2352
f 505/531 425/435 536/579
f 3118/4561 505/531 536/579
f 536/579 425/435 3117/4559
f 423/433 253/261 426/436
f 1928/2739 1915/2720 1927/2738
f 1927/2738 1935/2751 1929/2741
f 525/560 270/278 2239/3193
f 525/560 2239/3193 2231/3182
f 2231/3183 2239/3194 2229/3180
f 2250/3213 2230/3181 2251/3215
f 2251/3215 2230/3181 2235/3187
f 1679/2316 1678/2315 1676/2313
f 1680/2318 1679/2316 1676/2313
f 1681/2320 1676/2313 1732/2411
f 623/748 1732/2412 621/746
f 651/784 2916/4225 633/760
f 633/760 623/748 622/747
f 780/960 759/936 757/934
f 2784/4010 780/960 796/985
f 796/985 780/960 757/934
f 757/934 759/936 758/935
f 757/934 758/935 756/933
f 756/933 1706/2364 1705/2362
f 1697/2347 1700/2352 3134/4582
f 3117/4559 425/435 543/592
f 543/592 425/435 424/434
f 1930/2742 1928/2739 1932/2745
f 1928/2739 3459/4964 1932/2745
f 2248/3209 269/277 270/278
f 2248/3209 270/278 525/560
f 2234/3186 2232/3184 2249/3212
f 2249/3212 2232/3184 2250/3213
f 2251/3214 1679/2316 638/765
f 638/765 1679/2316 1680/2318
f 1680/2318 1676/2313 1681/2320
f 623/748 625/750 624/749
f 750/927 756/933 1705/2362
f 796/985 757/934 749/926
f 757/934 756/933 749/926
f 749/926 756/933 750/927
f 1701/2354 1700/2352 1697/2347
f 1697/2347 3134/4582 3116/4557
f 543/592 424/434 568/638
f 568/638 424/434 507/534
f 507/534 424/434 423/433
f 1295/1752 1300/1760 1298/1756
f 507/534 423/433 469/488
f 423/433 426/436 469/488
f 469/488 426/436 427/437
f 2799/4026 2847/4090 937/1207
f 1333/1812 428/438 269/277
f 1931/2743 1933/2747 948/1225
f 1333/1812 269/277 1320/1789
f 1320/1789 269/277 2248/3209
f 1320/1791 2236/3188 2238/3191
f 2249/3211 2251/3214 638/765
f 2906/4207 634/761 633/760
f 634/761 635/762 624/749
f 635/762 1681/2321 1732/2412
f 633/760 634/761 625/750
f 624/749 635/762 1732/2412
f 751/928 750/927 1705/2362
f 796/985 749/926 752/929
f 752/929 749/926 751/928
f 749/926 750/927 751/928
f 751/928 1705/2362 1701/2355
f 2788/4015 796/985 752/929
f 1699/2350 1701/2354 1697/2347
f 1697/2347 3116/4557 1694/2340
f 3114/4554 3112/4552 1326/1798
f 1326/1797 507/534 469/488
f 1297/1755 1299/1758 3757/5362
f 1326/1797 469/488 1329/1804
f 1329/1804 469/488 427/437
f 944/1217 1299/1757 943/1216
f 1329/1804 427/437 541/589
f 541/589 427/437 540/587
f 941/1213 935/1205 939/1211
f 540/587 427/437 428/438
f 938/1210 939/1211 935/1205
f 540/587 428/438 1315/1782
f 936/1206 3717/5283 3709/5268
f 1315/1782 428/438 1333/1812
f 1315/1783 1333/1813 1316/1784
f 1309/1775 1308/1774 1683/2326
f 1682/2322 2249/3211 638/765
f 2788/4015 752/929 753/930
f 802/997 2788/4015 753/930
f 753/930 752/929 751/928
f 1696/2345 1697/2347 1694/2340
f 1696/2345 1694/2340 1693/2339
f 1693/2339 1694/2340 1692/2338
f 1691/2337 1327/1800 1331/1808
f 1331/1809 1327/1801 1324/1795
f 1317/1785 1314/1781 1330/1807
f 1314/1781 1312/1779 1330/1807
f 1330/1807 1312/1779 1685/2330
f 1312/1779 1310/1776 1685/2330
f 665/802 1683/2325 1682/2322
f 1682/2322 638/765 642/770
f 636/763 1680/2319 635/762
f 677/820 648/778 2906/4207
f 2906/4207 648/778 637/764
f 2906/4207 637/764 634/761
f 635/762 1680/2319 1681/2321
f 634/761 637/764 636/763
f 753/930 751/928 754/931
f 754/931 751/928 1701/2355
f 754/931 1701/2355 1699/2351
f 802/997 753/930 775/955
f 2892/4179 802/997 775/955
f 775/955 753/930 755/932
f 755/932 753/930 754/931
f 755/932 754/931 760/937
f 1699/2350 1697/2347 1698/2348
f 1698/2348 1697/2347 1696/2345
f 1693/2339 1692/2338 1690/2336
f 1690/2336 1692/2338 1691/2337
f 1690/2336 1691/2337 1689/2335
f 1686/2331 1685/2329 1684/2327
f 1685/2329 1683/2325 1684/2327
f 1684/2327 1683/2325 665/802
f 665/802 1682/2322 642/770
f 677/820 649/780 648/778
f 637/764 639/767 636/763
f 636/763 639/767 638/766
f 636/763 638/766 1680/2319
f 775/955 755/932 760/937
f 754/931 1699/2351 1698/2349
f 761/938 760/937 754/931
f 761/938 754/931 1698/2349
f 1690/2336 1689/2335 1687/2332
f 1687/2332 1689/2335 1686/2331
f 640/768 641/769 639/767
f 649/780 640/768 637/764
f 648/778 649/780 637/764
f 637/764 640/768 639/767
f 639/767 642/771 638/766
f 775/955 760/937 761/938
f 2892/4179 775/955 795/983
f 795/983 775/955 761/938
f 761/938 1698/2349 1696/2346
f 1696/2345 1693/2339 1695/2343
f 1693/2339 1690/2336 1695/2343
f 1695/2343 1690/2336 785/967
f 1687/2332 1686/2331 1684/2327
f 649/780 650/782 640/768
f 789/972 795/983 761/938
f 761/938 1696/2346 762/939
f 762/939 1696/2346 763/940
f 789/972 761/938 762/939
f 763/940 1696/2346 1695/2344
f 803/999 795/983 789/972
f 785/967 1690/2336 1688/2333
f 1690/2336 1687/2332 1688/2333
f 650/782 2804/4033 647/777
f 645/775 665/803 642/771
f 650/782 647/777 640/768
f 640/768 647/777 646/776
f 640/768 646/776 645/775
f 640/768 645/775 641/769
f 641/769 645/775 642/771
f 787/970 762/939 763/940
f 803/999 789/972 792/976
f 792/976 789/972 762/939
f 763/940 1695/2344 785/968
f 792/976 762/939 787/970
f 787/970 763/940 786/969
f 786/969 763/940 785/968
f 797/986 1688/2333 1687/2332
f 797/986 1687/2332 1684/2327
f 797/986 1684/2327 1838/2584
f 668/807 671/810 670/809
f 670/809 1684/2328 669/808
f 669/808 668/807 670/809
f 2804/4033 673/813 647/777
f 647/777 673/813 668/807
f 669/808 1684/2328 665/803
f 668/807 669/808 645/775
f 647/777 668/807 646/776
f 646/776 668/807 645/775
f 645/775 669/808 665/803
f 792/976 787/970 788/971
f 788/971 787/970 786/969
f 786/969 785/968 1688/2334
f 791/974 788/971 786/969
f 791/974 786/969 790/973
f 790/973 786/969 1688/2334
f 791/974 792/976 788/971
f 790/973 1688/2334 797/988
f 2808/4038 792/976 791/974
f 793/978 791/974 790/973
f 2808/4038 791/974 794/980
f 794/980 791/974 675/816
f 675/816 791/974 793/978
f 793/978 790/973 797/988
f 2808/4037 794/979 2883/4162
f 2883/4163 794/981 675/815
f 2883/4163 675/815 674/814
f 675/815 793/977 672/811
f 672/811 793/977 797/987
f 674/814 675/815 672/811
f 672/811 797/987 1838/2585
f 671/810 674/814 672/811
f 2883/4163 674/814 671/810
f 671/810 672/811 670/809
f 670/809 672/811 1838/2585
f 670/809 1838/2585 1684/2328
f 673/813 2883/4163 671/810
f 673/813 671/810 668/807

