# https://github.com/mikedh/trimesh
mtllib material.mtl

o geometry_0.001
usemtl Material_0.001
v 0.00296185 0.00966652 0.00270643
v 0.00369620 0.01680645 0.00270887
v -0.00066411 0.01279085 0.00272003
v -0.00123551 0.00710896 0.00272925
v -0.00480640 -0.00138331 0.00276754
v -0.00166225 0.00263246 0.00274353
v -0.00480583 0.00601879 0.00274665
v -0.00397147 0.01306986 0.00273329
v -0.00665581 0.00906156 0.00276214
v -0.00092743 0.01747508 0.00271772
v -0.00534958 0.01770545 0.00273638
v -0.00503438 0.02103726 0.00271762
v -0.00846535 0.01962648 0.00276654
v -0.00868688 0.00944950 0.00278215
v -0.00707208 0.01498348 0.00276082
v -0.00916105 0.01602683 0.00277951
v -0.00702183 0.00329293 0.00277064
v -0.01094415 0.00825179 0.00278997
v -0.01375087 0.00615148 0.00279051
v -0.00883426 0.00049376 0.00278768
v -0.01143910 0.01478686 0.00278593
v -0.01854048 0.01750735 0.00279192
v -0.01538824 0.01356638 0.00279153
v -0.01555809 -0.00000976 0.00279067
v -0.01832478 0.00393884 0.00279308
v -0.01161240 0.00073674 0.00279043
v -0.00640272 -0.00479376 0.00278618
v -0.00150166 -0.00334696 0.00276443
v -0.00291258 -0.00648114 0.00278668
v 0.00373120 -0.00721375 0.00277601
v -0.00268393 -0.01008441 0.00280701
v 0.00493689 -0.01020585 0.00278910
v 0.00584819 -0.01451673 0.00279192
v 0.00160585 -0.01472746 0.00280311
v 0.00326328 -0.01892709 0.00280499
v 0.00640929 -0.02036994 0.00280092
v 0.00000574 -0.02041768 0.00280834
v -0.00227596 -0.01749967 0.00281047
v -0.00303256 -0.01377782 0.00281073
v -0.00784187 -0.01300454 0.00282568
v -0.00530683 -0.02134455 0.00279167
v -0.00567567 -0.02024959 0.00281257
v -0.00855574 -0.02125113 0.00282936
v 0.00504792 -0.02101571 0.00279329
v -0.01932132 -0.02047783 0.00283353
v -0.01656778 -0.01433514 0.00282085
v -0.01966907 -0.01470135 0.00282185
v -0.02208727 -0.01880166 0.00283929
v -0.02243086 -0.02119058 0.00287208
v -0.01403115 -0.01827905 0.00282823
v -0.00831470 -0.02035752 0.00283327
v -0.01148687 -0.01494362 0.00282671
v -0.01176238 -0.01065028 0.00282374
v -0.00744983 -0.00829117 0.00281591
v -0.01366884 -0.00784635 0.00281319
v -0.01196301 -0.00489570 0.00279936
v -0.01822965 -0.00373117 0.00279206
v -0.02107446 -0.00457965 0.00281131
v -0.02034342 0.00046450 0.00280440
v -0.01845048 -0.00823574 0.00280982
v -0.02253101 -0.01470932 0.00283228
v -0.02764452 -0.01999347 0.00286285
v -0.02887570 -0.02111760 0.00288461
v -0.02876588 -0.01810734 0.00284742
v -0.02634501 -0.01641814 0.00284128
v -0.03157274 -0.01596411 0.00284609
v -0.03529845 -0.01771555 0.00287071
v -0.03603066 -0.01447469 0.00287013
v -0.03889856 -0.01657603 0.00288678
v -0.04050224 -0.01673991 0.00289487
v -0.02773838 -0.01289347 0.00284228
v -0.03305931 -0.01076951 0.00285956
v -0.03837745 -0.01094670 0.00288409
v -0.03408429 -0.00624600 0.00286561
v -0.03755468 -0.00522681 0.00288060
v -0.04327480 -0.00773336 0.00289147
v -0.03349172 -0.00135596 0.00286778
v -0.03693999 -0.00072385 0.00288532
v -0.04258697 -0.00010961 0.00289035
v -0.04407942 -0.00356796 0.00288954
v -0.03603406 0.00435627 0.00289218
v -0.03332822 0.00411968 0.00287405
v -0.02845647 0.00381605 0.00285133
v -0.03331814 0.00847397 0.00289209
v -0.02746570 -0.00666865 0.00284023
v -0.02863974 -0.00330475 0.00284283
v -0.02203870 -0.00873267 0.00282540
v -0.02288963 0.00201979 0.00282552
v -0.02874077 0.00073296 0.00284806
v -0.02610734 0.00799093 0.00285598
v -0.02756290 0.01197942 0.00286879
v -0.01999695 0.00762315 0.00280956
v -0.02198843 0.00891151 0.00283447
v -0.02290820 0.01229909 0.00284281
v -0.02962876 0.01495980 0.00287878
v -0.03466647 0.01171367 0.00290758
v -0.02026585 0.01269093 0.00281446
v -0.02170503 0.01763614 0.00283721
v -0.02733867 0.01736294 0.00287223
v -0.03188306 0.01910438 0.00290387
v -0.03363618 0.01806383 0.00290158
v -0.03480525 0.01946807 0.00293667
v -0.03711113 0.01744347 0.00290793
v -0.03603971 0.01908298 0.00293905
v -0.03610247 0.01463795 0.00291324
v -0.03911951 0.01155713 0.00291697
v -0.04249747 0.00507770 0.00289795
v -0.03813225 0.00806411 0.00290954
v -0.04604028 0.00922283 0.00290836
v -0.04558191 0.00434127 0.00289668
v -0.04734372 -0.00096586 0.00289715
v -0.04401996 -0.01239458 0.00289827
v -0.04206879 -0.01573375 0.00289491
v -0.04227234 -0.01462716 0.00289595
v -0.04307700 -0.01494586 0.00289485
v -0.04445890 -0.01368349 0.00290975
v -0.04574628 -0.01225952 0.00292165
v -0.04547056 -0.01043255 0.00290433
v -0.04649302 -0.01134151 0.00293169
v -0.04752056 -0.00966677 0.00292814
v -0.04741772 -0.00789001 0.00290141
v -0.04865987 -0.00457984 0.00290504
v -0.04903878 0.00254165 0.00289505
v -0.04979398 -0.00075494 0.00290591
v -0.04826585 0.00616567 0.00289452
v -0.04236961 0.01391167 0.00290105
v -0.03976708 0.01565715 0.00290156
v -0.03965973 0.01725949 0.00291527
v -0.02244613 0.01946224 0.00284600
v -0.02664410 0.01965390 0.00287237
v -0.01863409 0.01983098 0.00277400
v -0.03363179 -0.01903210 0.00286009
v -0.01352095 -0.02054753 0.00283982
v -0.01345399 -0.02126044 0.00283078
v -0.01918880 -0.02122105 0.00282349
v -0.01203669 0.01980485 0.00277611
v 0.00172500 0.01919408 0.00271269
v -0.00162317 0.02105688 0.00271270
v 0.00225560 0.02105884 0.00272336
v 0.00691412 0.01930126 0.00270071
v 0.00831124 0.02103473 0.00271300
v 0.00952546 0.01754492 0.00269949
v 0.00738841 0.01435103 0.00269273
v 0.00482420 0.01260673 0.00269803
v 0.00545227 0.00853831 0.00269742
v 0.00173450 0.00518327 0.00272258
v 0.00299214 0.00074691 0.00273372
v 0.00694821 0.00128702 0.00271926
v 0.00352653 -0.00367966 0.00275057
v 0.00782028 -0.00470995 0.00274444
v 0.00907367 -0.00849070 0.00277208
v 0.01047252 -0.01282493 0.00278310
v 0.01214720 -0.01647453 0.00278812
v 0.01319439 -0.01917106 0.00279799
v 0.01764493 -0.01674927 0.00279340
v 0.02276189 -0.01858251 0.00280145
v 0.01417957 -0.02093189 0.00281542
v 0.00999247 -0.02120247 0.00282697
v 0.02182919 -0.02094141 0.00282486
v 0.01514693 -0.02126762 0.00282347
v 0.02466189 -0.02118369 0.00283711
v 0.02750919 -0.02032568 0.00281519
v 0.02820154 -0.02110657 0.00281715
v 0.03150363 -0.02044264 0.00284158
v 0.03284550 -0.01978713 0.00281162
v 0.02330068 -0.01481685 0.00279603
v 0.02983967 -0.01739359 0.00279932
v 0.03433974 -0.01916896 0.00279031
v 0.03419062 -0.01634973 0.00279103
v 0.03150345 -0.01234899 0.00280107
v 0.02584234 -0.01067850 0.00279640
v 0.02182305 -0.00960927 0.00279029
v 0.01799975 -0.01198777 0.00278679
v 0.02019658 -0.00625087 0.00277109
v 0.01462193 -0.00808436 0.00277234
v 0.01490444 -0.01072615 0.00278322
v 0.01102546 -0.00595901 0.00275432
v 0.01750706 -0.00517315 0.00275266
v 0.01184306 -0.00235867 0.00273667
v 0.01028487 0.00226396 0.00271691
v 0.00799449 0.00893804 0.00269410
v 0.01070076 0.00754537 0.00270129
v 0.01085000 0.01233112 0.00269802
v 0.01493543 0.00868334 0.00271021
v 0.01466146 0.00342868 0.00271999
v 0.01814735 0.00570330 0.00271971
v 0.01825029 0.01151532 0.00271419
v 0.01489087 0.01398822 0.00270488
v 0.01529832 0.01648019 0.00270444
v 0.01435940 0.01931849 0.00270183
v 0.01120038 0.02100292 0.00272563
v 0.01581141 0.02101368 0.00271876
v 0.01843775 0.01913547 0.00270478
v 0.02150301 0.02103386 0.00274944
v 0.02337110 0.01948647 0.00276018
v 0.02238721 0.01533392 0.00275093
v 0.01978080 0.01455117 0.00272359
v 0.02138133 0.00914991 0.00274778
v 0.02523005 0.00874714 0.00277658
v 0.02850061 0.01332214 0.00278303
v 0.02864111 0.00835203 0.00279662
v 0.02829787 0.00395371 0.00278970
v 0.02204792 0.00368006 0.00275680
v 0.02563724 -0.00002268 0.00278181
v 0.02320064 -0.00258182 0.00277653
v 0.02788660 -0.00344896 0.00279410
v 0.03028807 -0.00731597 0.00280007
v 0.03247266 0.00080362 0.00280366
v 0.03187341 0.00834224 0.00280652
v 0.03562499 0.00379885 0.00281508
v 0.03524005 -0.00475458 0.00280478
v 0.03900476 0.00046501 0.00281061
v 0.03808036 -0.00740868 0.00280579
v 0.03754095 -0.01235438 0.00280245
v 0.04273296 -0.00760090 0.00279700
v 0.04323865 -0.00200068 0.00280231
v 0.04792240 -0.00400213 0.00279663
v 0.04604354 0.00140390 0.00280728
v 0.04026309 0.00413196 0.00281424
v 0.04786369 0.00527490 0.00280860
v 0.04005641 0.00675562 0.00282913
v 0.03666398 0.00837166 0.00283202
v 0.04091432 0.01014271 0.00284543
v 0.03402115 0.01158956 0.00280999
v 0.03082485 0.01734625 0.00277428
v 0.02569216 0.01758678 0.00276481
v 0.02703704 0.02042966 0.00276759
v 0.03561794 0.01724813 0.00278288
v 0.03493439 0.01829340 0.00277071
v 0.03136333 0.01870710 0.00276120
v 0.03109832 0.02014187 0.00274180
v 0.03771849 0.01379481 0.00281263
v 0.03835606 0.01674616 0.00278158
v 0.03944363 0.01539224 0.00278728
v 0.04088048 0.01277995 0.00281872
v 0.03772362 0.01111803 0.00283049
v 0.04360764 0.00964407 0.00284278
v 0.04481100 0.00775098 0.00282892
v 0.04800565 0.00790923 0.00281197
v 0.04724152 0.00917824 0.00281063
v 0.04585452 0.00995857 0.00281172
v 0.04842422 0.00683760 0.00280400
v 0.04831385 0.00193702 0.00281447
v 0.04909980 0.00524706 0.00282721
v 0.04975192 0.00241081 0.00284011
v 0.04981801 -0.00107385 0.00282073
v 0.04941334 -0.00438253 0.00281672
v 0.04400818 -0.01057952 0.00278192
v 0.04655948 -0.00812627 0.00277436
v 0.04865153 -0.00588247 0.00277589
v 0.04844705 -0.00760405 0.00277695
v 0.04084444 -0.01347263 0.00278272
v 0.03856714 -0.01619688 0.00278217
v 0.03706862 -0.01831454 0.00276680
v 0.03814525 -0.01773854 0.00276272
v 0.03967689 -0.01691738 0.00275216
v 0.04271467 -0.01466001 0.00271395
v 0.04390555 -0.01378990 0.00271560
v 0.04542870 -0.01211660 0.00271139
v 0.04618971 -0.01067106 0.00272326
v 0.04738273 -0.00948409 0.00272626
v 0.01885221 0.00031899 0.00273979
v 0.01696532 -0.00226322 0.00274093
v 0.03588279 -0.01893323 0.00279240
v 0.04784254 -0.00872969 0.00274932
v 0.04450503 0.01147109 0.00279522
v 0.04285701 0.01322850 0.00277575
v 0.04104446 0.01486704 0.00277352
v 0.00576918 -0.02132352 0.00280469
v -0.01864142 0.02109984 0.00278552
v -0.00905472 0.02105040 0.00279064
v -0.04041048 0.01682851 0.00290167
v -0.03850101 -0.01801613 0.00291010
v -0.03753711 -0.01859078 0.00291244
v -0.03592878 -0.01923732 0.00292042
v -0.03420122 -0.01980558 0.00289836
v -0.03095763 -0.02080578 0.00290908
v -0.03252328 -0.02036496 0.00290395
v -0.04788614 0.00903924 0.00292964
v -0.04741783 0.00990716 0.00294096
v -0.03704791 0.01867648 0.00291684
v -0.02256369 0.02068534 0.00287108
v -0.02915860 0.02088251 0.00292970
v -0.03261083 0.01999636 0.00294753
v -0.03101354 0.02048908 0.00294802
v 0.03209587 0.01976983 0.00273073
v 0.03341293 0.01933583 0.00274406
v -0.04458445 0.01162974 0.00289677
v -0.04157248 0.01591922 0.00291449
v -0.04532515 0.01267338 0.00291850
v -0.04614533 0.01183495 0.00292670
v -0.04680904 0.01069158 0.00292516
v -0.04451992 0.01362657 0.00292270
v -0.04351859 0.01435414 0.00291585
v -0.04259728 0.01524543 0.00291620
v -0.03819293 0.01803900 0.00293729
v -0.04951422 -0.00575672 0.00294029
v -0.04818995 -0.00881439 0.00293786
v -0.05038689 -0.00074263 0.00293661
v -0.05011872 -0.00374724 0.00295695
v 0.02869601 0.02093272 0.00279033
v -0.05017998 0.00216981 0.00293071
v -0.04972935 0.00467780 0.00294219
v -0.04928504 0.00572205 0.00293719
v -0.04886923 0.00703929 0.00294357
v 0.02947235 0.02054896 0.00274268
v 0.03616079 0.01865254 0.00272881
v 0.03784062 0.01776697 0.00274378
v 0.03472492 0.01914711 0.00273389
v 0.04660961 0.01019802 0.00278200
v 0.04524577 0.01180699 0.00274478
v 0.04224139 0.01484816 0.00272396
v 0.04051942 0.01614337 0.00272325
v 0.03943072 0.01691172 0.00273322
v 0.04326482 0.01412753 0.00272785
v 0.04612825 -0.01150654 0.00273472
v 0.04698789 -0.01032718 0.00275604
v 0.04892705 -0.00654905 0.00279837
v -0.02263757 0.02119265 0.00290893
v 0.03467028 -0.01971493 0.00283732
v 0.03424508 0.01963727 0.00279169
v 0.04492632 0.01242083 0.00275340
v 0.04999425 -0.00307605 0.00285342
v -0.01236590 0.02137421 0.00281487
v -0.01844918 0.02139372 0.00280930
v -0.00796627 0.02140122 0.00281229
v 0.05035323 0.00096742 0.00289091
v 0.00808930 -0.02140880 0.00288444
v 0.02493772 0.02126704 0.00280455
v -0.00350026 0.02141093 0.00276259
v -0.04057626 -0.01689280 0.00291759
v 0.03341698 -0.02016376 0.00288252
v -0.02675591 0.02111714 0.00293854
v 0.04092868 -0.01633533 0.00277752
v 0.04948043 -0.00598403 0.00289367
v 0.04996900 -0.00419242 0.00289771
v 0.00143323 0.02136236 0.00277156
v 0.00814190 0.02134221 0.00276905
v 0.01256755 0.02130120 0.00277929
v 0.01829304 0.02128278 0.00277894
v -0.05069689 -0.00013440 0.00299768
v 0.04968144 0.00441122 0.00290166
v 0.03867698 -0.01793781 0.00283915
v 0.03199789 0.02034117 0.00282954
v 0.03397296 0.01989296 0.00285886
v 0.03061875 0.02070916 0.00282591
v 0.04762674 0.00917439 0.00287572
v 0.04006495 -0.01718865 0.00286010
v 0.03149963 -0.02063444 0.00287959
v 0.02979922 -0.02101914 0.00286341
v 0.03542764 0.01932972 0.00282040
v 0.03691801 -0.01881017 0.00285033
v 0.03790241 -0.01841361 0.00286313
v 0.05037397 -0.00191727 0.00292161
v 0.04899532 0.00642486 0.00288839
v 0.04540911 0.01223970 0.00282192
v 0.04588680 0.01177830 0.00285565
v 0.04265075 0.01507465 0.00281686
v 0.04209766 0.01555825 0.00283778
v 0.04851754 0.00759938 0.00288912
v -0.05062377 -0.00303533 0.00305031
v 0.03854343 0.01787188 0.00283584
v 0.03769259 0.01826943 0.00283093
v 0.03973176 0.01718350 0.00285455
v 0.04090786 0.01635727 0.00284847
v 0.04888050 -0.00781172 0.00288518
v 0.03581036 -0.01929943 0.00286536
v -0.04855620 0.00792657 0.00296361
v -0.05016109 0.00416438 0.00301867
v -0.05066371 0.00232505 0.00305215
v 0.04509632 -0.01326490 0.00284339
v -0.05017510 -0.00468390 0.00303094
v 0.02771456 0.02114524 0.00282525
v 0.04234288 -0.01559017 0.00284386
v 0.04305976 -0.01501246 0.00281174
v 0.04345736 -0.01473985 0.00285056
v 0.03652964 0.01890322 0.00283144
v -0.01979988 -0.02137861 0.00287675
v 0.04828747 -0.00897779 0.00288630
v 0.04763674 -0.01003031 0.00287793
v 0.04453801 0.01333780 0.00284579
v 0.04356531 0.01430364 0.00284296
v -0.03363889 0.02006453 0.00303407
v 0.04125492 -0.01648703 0.00287377
v -0.01668211 0.02156401 0.00286505
v -0.04752992 -0.01015303 0.00301162
v -0.02675394 -0.02134164 0.00294369
v 0.04676902 -0.01120654 0.00285945
v -0.04884324 -0.00781341 0.00300503
v -0.04977438 0.00565803 0.00308282
v -0.04934324 0.00660137 0.00305044
v -0.01922588 0.02154416 0.00289380
v 0.02025508 -0.02136812 0.00290593
v 0.05017856 0.00288404 0.00297212
v -0.05080857 -0.00396343 0.00324598
v -0.05107033 0.00170332 0.00320260
v -0.05122597 0.00011271 0.00321507
v -0.05114391 -0.00187848 0.00324342
v -0.03300567 0.02064672 0.00325325
v 0.02819481 -0.02131608 0.00294779
v -0.05027986 0.00509342 0.00323628
v -0.04929580 -0.00758251 0.00315069
v -0.04804203 -0.01011827 0.00322930
v -0.03346197 -0.02056131 0.00313169
v -0.04895139 -0.00873168 0.00324632
v -0.04950995 0.00709862 0.00323963
v -0.05077564 0.00354384 0.00323875
v -0.05019978 -0.00567945 0.00323352
v -0.04969446 -0.00697551 0.00323766
v -0.04202767 -0.01638273 0.00314247
v -0.03099474 0.02091017 0.00316820
v -0.00307528 0.02157787 0.00284348
v 0.00034333 0.02152179 0.00285870
v -0.04261411 -0.01609387 0.00322798
v -0.04648894 -0.01219482 0.00322229
v -0.03529957 0.01982415 0.00321090
v -0.03873689 -0.01845713 0.00319110
v -0.03598405 -0.01975509 0.00320081
v -0.03702929 -0.01934201 0.00320562
v -0.04368470 -0.01520616 0.00323211
v -0.04448267 -0.01439734 0.00321672
v -0.02218610 0.02144954 0.00304776
v -0.04737299 0.01071290 0.00321808
v -0.03103463 -0.02115004 0.00311672
v 0.05084034 0.00010858 0.00318387
v -0.04071200 -0.01737894 0.00321159
v -0.04878504 0.00842988 0.00324087
v -0.03815878 0.01855425 0.00320542
v -0.03927458 0.01797221 0.00321526
v -0.04391749 0.01467299 0.00323471
v -0.04116453 0.01683136 0.00321181
v -0.04229154 0.01601050 0.00323662
v -0.04796460 0.00978824 0.00322480
v 0.05047803 -0.00390392 0.00320928
v -0.04565080 0.01309299 0.00328206
v -0.04021000 0.01748493 0.00324767
v 0.03080782 -0.02114218 0.00311655
v 0.03287072 -0.02070854 0.00317250
v -0.02711475 -0.02153756 0.00310540
v 0.05069550 0.00210659 0.00326170
v 0.05032895 0.00412384 0.00330912
v -0.04644702 0.01209550 0.00322587
v -0.03394783 -0.02058114 0.00325695
v 0.03846908 0.01841166 0.00325429
v 0.04424180 0.01385451 0.00296574
v 0.03607341 -0.01965557 0.00321331
v 0.01187666 0.02147752 0.00291504
v -0.04497545 0.01372748 0.00323718
v -0.03232922 -0.02108538 0.00331558
v 0.04991367 -0.00624100 0.00331571
v 0.03708188 -0.01932139 0.00330585
v 0.04021207 -0.01760928 0.00321997
v 0.03912602 -0.01822558 0.00323235
v 0.03818518 -0.01871367 0.00320646
v 0.02844431 -0.02150477 0.00313264
v -0.05126987 -0.00278360 0.00347410
v 0.04204970 -0.01644372 0.00326307
v 0.04179772 0.01619828 0.00317516
v 0.01850059 0.02144458 0.00293001
v -0.05163915 0.00148884 0.00371727
v 0.03664401 0.01932128 0.00325960
v -0.05004278 0.00687967 0.00368245
v -0.04111625 0.01714480 0.00346396
v -0.04939296 0.00812109 0.00365720
v -0.04451105 0.01458062 0.00362786
v -0.00461227 0.00079568 0.00109618
v -0.00399276 0.00532852 0.00109596
v -0.00029702 0.00100206 0.00108809
v -0.00571483 0.00518549 0.00110681
v -0.00641453 0.00785363 0.00112212
v -0.00209261 0.00917442 0.00110448
v 0.00055178 0.00657270 0.00109035
v -0.00184604 0.01224388 0.00112314
v 0.00212936 0.01146332 0.00111023
v -0.00184436 0.01798909 0.00114855
v 0.00448560 0.01818513 0.00112978
v 0.00165553 0.01876657 0.00113663
v -0.00623748 0.01218436 0.00114383
v -0.00662334 0.01812946 0.00116477
v -0.00884398 0.01541490 0.00117928
v -0.00951696 0.01015474 0.00116392
v -0.01058081 0.00569823 0.00116457
v -0.00771646 0.00371029 0.00113235
v -0.01116899 0.00134932 0.00117610
v -0.00900351 -0.00044226 0.00114448
v -0.01377404 -0.00390670 0.00120702
v -0.00664044 -0.00325499 0.00110951
v -0.00923506 -0.00739071 0.00115324
v -0.00622157 -0.00796755 0.00110327
v -0.00425849 -0.00462916 0.00108579
v -0.00806427 -0.01143239 0.00114663
v -0.01151655 -0.00866542 0.00119525
v -0.01304310 -0.01355867 0.00123831
v -0.01542720 -0.01287163 0.00125468
v -0.01662227 -0.00797048 0.00124828
v -0.01990476 -0.00535567 0.00127283
v -0.01598418 -0.00013969 0.00122131
v -0.01932507 0.00157132 0.00124359
v -0.01630720 0.00277279 0.00121155
v -0.01316480 0.00403027 0.00118582
v -0.01683898 0.00595812 0.00120265
v -0.01503603 0.00822531 0.00119548
v -0.02008760 0.01081321 0.00122558
v -0.02101299 0.00425967 0.00125289
v -0.02306052 0.00122803 0.00129093
v -0.02500338 -0.00145963 0.00130866
v -0.02817544 0.00139769 0.00132471
v -0.02374363 0.00341283 0.00128807
v -0.02677173 0.00491707 0.00129890
v -0.02412578 0.00865132 0.00126172
v -0.02924876 0.00911397 0.00128874
v -0.02759635 0.01373830 0.00126318
v -0.02351349 0.01294785 0.00124551
v -0.01887432 0.01562962 0.00121618
v -0.01670565 0.01258657 0.00120970
v -0.01404744 0.01612702 0.00119715
v -0.01230013 0.01328730 0.00119344
v -0.01144791 0.01791264 0.00119009
v -0.01564520 0.01782044 0.00118371
v -0.02052514 0.01752404 0.00120660
v -0.02691897 0.01626545 0.00124466
v -0.02755389 0.01863181 0.00120506
v -0.01908581 0.01928106 0.00116193
v -0.01531783 0.01935942 0.00114626
v -0.01145958 0.01946129 0.00115392
v -0.00322712 0.01949738 0.00111586
v 0.00231698 0.01986946 0.00110315
v 0.00539214 0.01989688 0.00107271
v 0.00819284 0.01846291 0.00105564
v -0.03228024 0.01652062 0.00125259
v -0.03214458 0.01346360 0.00128549
v -0.03523262 0.01491208 0.00126089
v -0.03425528 0.01113344 0.00129447
v -0.03280130 0.00748405 0.00131562
v -0.03812284 0.00980470 0.00130704
v -0.03639314 0.00440435 0.00134033
v -0.03224575 0.00329796 0.00133944
v -0.03271545 -0.00142107 0.00135208
v -0.03673379 -0.00006820 0.00135771
v -0.03598063 -0.00402361 0.00136420
v -0.02842403 -0.00405176 0.00133704
v -0.03343733 -0.00771308 0.00135240
v -0.02992226 -0.00706960 0.00134225
v -0.02720712 -0.00867423 0.00133141
v -0.02320561 -0.00631437 0.00130575
v -0.02310108 -0.01252668 0.00131212
v -0.01928315 -0.01277655 0.00128819
v -0.02171838 -0.01642901 0.00130707
v -0.02627444 -0.01442640 0.00133603
v -0.03044731 -0.01149626 0.00134870
v -0.03185899 -0.01446474 0.00136613
v -0.03548276 -0.01174248 0.00134501
v -0.03930198 -0.00600979 0.00137351
v -0.03846043 -0.00901161 0.00135856
v -0.04135013 -0.00165523 0.00138394
v -0.04253769 -0.00565038 0.00138900
v -0.03988684 0.00354477 0.00136314
v -0.04399716 0.00186726 0.00138549
v -0.04522855 -0.00393458 0.00139666
v -0.04539397 0.00477979 0.00137301
v -0.04226407 0.00663588 0.00134940
v -0.04361249 0.00873642 0.00132030
v -0.03810920 0.01466851 0.00125786
v -0.04329016 0.01126048 0.00127833
v -0.03985559 0.01474512 0.00122926
v -0.03942186 0.01570722 0.00119926
v -0.03851917 0.01615960 0.00120742
v -0.03071147 0.00466968 0.00132381
v -0.01595685 -0.01588776 0.00126884
v -0.00369427 -0.00826763 0.00108460
v -0.00551585 -0.01310643 0.00111811
v -0.00345894 -0.01179339 0.00110047
v 0.00009487 -0.00972621 0.00108689
v 0.00472576 -0.00610551 0.00108279
v 0.00416219 -0.00097546 0.00108869
v 0.00817367 -0.00044957 0.00106227
v 0.00592577 0.00152272 0.00108206
v 0.00677704 0.00542864 0.00107130
v 0.00903218 0.01107339 0.00106055
v 0.00615954 0.00961653 0.00108318
v 0.00378932 0.00382635 0.00108986
v -0.00185598 -0.00400045 0.00108073
v 0.00200617 -0.00518415 0.00108397
v 0.00438804 0.01295433 0.00111116
v 0.00740788 0.01475657 0.00107988
v 0.01344781 0.00932735 0.00106213
v 0.01351275 0.01435493 0.00106136
v 0.00927843 -0.00566541 0.00105670
v 0.01122508 0.00043363 0.00106489
v 0.00797317 -0.00973414 0.00105739
v 0.01981014 -0.01200140 0.00108689
v 0.02079218 -0.00888147 0.00108080
v 0.02529639 -0.01055259 0.00110123
v 0.02222571 -0.01584997 0.00109713
v 0.02655968 -0.01501055 0.00110761
v 0.02969465 -0.01159951 0.00112386
v 0.02519866 -0.00705529 0.00110348
v 0.02965043 -0.00544557 0.00112969
v 0.02289763 -0.00442168 0.00109446
v 0.01323324 -0.00827772 0.00106566
v 0.01355750 -0.00413040 0.00107234
v 0.01862975 -0.00538613 0.00108202
v 0.01792754 -0.00060672 0.00108141
v 0.02378820 0.00038870 0.00109570
v 0.02789453 -0.00048110 0.00111803
v 0.02191859 0.00600552 0.00107344
v 0.02698541 0.00425558 0.00110211
v 0.01352311 0.00475387 0.00106710
v 0.02055984 0.00819852 0.00106519
v 0.01926395 0.01373136 0.00106100
v 0.02405108 0.01410912 0.00105773
v 0.02116889 0.01643511 0.00104963
v 0.02764188 0.01796949 0.00101990
v 0.02217326 0.01859180 0.00100832
v 0.01866670 0.01801147 0.00104719
v 0.01809340 0.01938856 0.00101093
v 0.01061167 0.01801635 0.00104283
v 0.01023748 0.01939830 0.00099882
v 0.03110128 0.01279957 0.00107992
v 0.02888760 0.01540440 0.00106001
v 0.03143323 0.01585835 0.00105595
v 0.02785907 0.00808355 0.00108734
v 0.02687334 0.01156410 0.00107071
v 0.03377551 -0.00740567 0.00114014
v 0.03353035 -0.00383575 0.00114706
v 0.03771860 -0.00524904 0.00115123
v 0.03808326 -0.00170102 0.00115467
v 0.03232770 0.00040526 0.00113455
v 0.03589202 0.00400109 0.00113182
v 0.03276245 0.00760059 0.00110746
v 0.03868447 0.00800725 0.00111882
v 0.03555264 0.01258726 0.00108566
v 0.03965502 0.01287089 0.00107508
v 0.04136599 0.00237146 0.00114878
v 0.04198167 0.00756229 0.00111415
v 0.04541647 0.00476117 0.00112011
v 0.04338148 -0.00067359 0.00115164
v 0.04128966 -0.00400748 0.00116246
v 0.03906526 -0.00789614 0.00114779
v 0.04229074 -0.00727654 0.00114812
v 0.03956465 -0.01094709 0.00113210
v 0.03563626 -0.01131693 0.00112925
v 0.03572262 -0.01421388 0.00111205
v 0.02944579 -0.01590588 0.00111539
v 0.01808634 -0.01517673 0.00109867
v 0.01498603 -0.01663231 0.00109429
v 0.01243434 -0.01478879 0.00108658
v 0.01273250 -0.01171976 0.00107446
v 0.00507654 -0.01468191 0.00111860
v 0.00432133 -0.01017753 0.00109060
v 0.00220585 -0.01375169 0.00111568
v -0.00129717 -0.01539707 0.00111635
v -0.01131332 -0.01386153 0.00121809
v -0.02735220 -0.01592474 0.00134021
v -0.03520941 -0.01637387 0.00132632
v -0.03615284 -0.01480390 0.00133940
v -0.03220978 -0.01647637 0.00135410
v -0.04739750 0.00255728 0.00135192
v -0.04821523 0.00482307 0.00128589
v -0.04649279 0.00579675 0.00133488
v -0.04535634 0.00877213 0.00128131
v -0.04463083 0.01089827 0.00124720
v -0.04689673 -0.00420784 0.00136955
v -0.04496060 -0.00847479 0.00135382
v -0.04310338 -0.00942386 0.00136760
v -0.04230025 -0.01150474 0.00133616
v -0.04037067 -0.01236700 0.00133615
v -0.04175386 -0.01286969 0.00130244
v -0.03941319 -0.01461981 0.00131513
v -0.02702559 -0.01830379 0.00131591
v -0.01923308 -0.01806919 0.00127977
v -0.01577960 -0.01805050 0.00124943
v -0.01157391 -0.01792451 0.00123620
v -0.01188575 -0.01951265 0.00120346
v -0.00517369 -0.01843960 0.00111310
v -0.00509106 -0.01973692 0.00106636
v -0.01532243 -0.01978177 0.00119185
v -0.02164206 -0.01938185 0.00124839
v -0.00517832 -0.01671516 0.00112855
v -0.00149642 -0.01847048 0.00110756
v 0.00224104 -0.01738511 0.00113476
v 0.00504600 -0.01794093 0.00112336
v 0.00862506 -0.01622440 0.00108792
v 0.00911198 -0.01827357 0.00107104
v 0.01862152 -0.01798078 0.00109013
v 0.01515705 -0.01963413 0.00104967
v 0.01920445 -0.01962514 0.00104276
v 0.02310098 -0.01808022 0.00106625
v 0.02235040 -0.01957952 0.00101492
v 0.02909216 -0.01857373 0.00106516
v 0.00861686 -0.01956845 0.00103270
v 0.03422852 -0.01658873 0.00108172
v 0.03174519 -0.01872732 0.00103632
v 0.02946986 -0.01992424 0.00100482
v 0.02622238 -0.01969352 0.00101018
v 0.03888605 -0.01519452 0.00106981
v 0.04100896 -0.01318674 0.00109665
v 0.04242649 -0.01110105 0.00111478
v 0.04569572 -0.00666371 0.00112396
v 0.04393063 -0.00944837 0.00111522
v 0.04569508 -0.00429886 0.00113747
v 0.04756037 0.00109782 0.00109624
v 0.04787606 -0.00463308 0.00107527
v 0.04751456 0.00484180 0.00107273
v 0.04495754 0.00726640 0.00109051
v 0.04536934 0.00844018 0.00105004
v 0.04748368 0.00625185 0.00103716
v 0.04232376 0.01157471 0.00105846
v 0.04435632 0.01102149 0.00101676
v 0.04139551 0.01352333 0.00101610
v 0.03794675 0.01616577 0.00097889
v 0.03696609 0.01579271 0.00102071
v 0.03385043 0.01664829 0.00103407
v 0.01277352 0.01663145 0.00105332
v 0.00125259 -0.01948970 0.00109458
v 0.00518773 -0.01944939 0.00108652
v -0.03634472 0.01668523 0.00120632
v -0.03540321 0.01746726 0.00118784
v -0.03199577 0.01816661 0.00118858
v -0.03100981 -0.01866286 0.00129474
v -0.02852879 -0.01977015 0.00126032
v -0.02367169 -0.01978779 0.00122940
v -0.03731834 -0.01650057 0.00127419
v -0.03441872 -0.01807540 0.00125878
v -0.02520482 0.01938105 0.00117091
v -0.03116384 0.01904948 0.00114540
v -0.04823256 -0.00340577 0.00131974
v -0.04883213 0.00164563 0.00128490
v 0.02815230 0.01907957 0.00097818
v 0.01440979 0.02012198 0.00096799
v 0.01850371 0.02052649 0.00093592
v 0.02261080 0.02001896 0.00092941
v 0.02640456 0.01904879 0.00097635
v 0.00896303 0.02002628 0.00097225
v 0.03368386 0.01831762 0.00095182
v 0.03510628 0.01796645 0.00094414
v 0.03591932 0.01751127 0.00094516
v 0.03670176 -0.01709022 0.00102635
v 0.03433007 -0.01824939 0.00099895
v -0.02982607 0.01962108 0.00114476
v -0.02832005 0.02009825 0.00112364
v 0.04344161 -0.01253066 0.00104021
v 0.04484662 -0.01089735 0.00104784
v 0.04613116 -0.00941243 0.00103366
v 0.04646095 -0.00825240 0.00106936
v 0.04784299 -0.00664501 0.00103524
v -0.04616685 -0.00795063 0.00132010
v -0.04777974 -0.00623776 0.00127501
v -0.04203280 0.01348557 0.00122255
v 0.04056928 -0.01444436 0.00105663
v 0.04274454 -0.01346675 0.00102076
v 0.04136244 -0.01464122 0.00101334
v 0.04007824 -0.01560009 0.00100528
v 0.03846942 -0.01639799 0.00100640
v 0.04883609 0.00106490 0.00102881
v 0.04914929 -0.00320065 0.00099490
v -0.01237264 -0.02051368 0.00115541
v -0.00562276 -0.02048639 0.00102964
v -0.01555404 -0.02050727 0.00114283
v -0.02054480 -0.02049576 0.00116375
v 0.00143921 -0.02047526 0.00104011
v 0.00561441 -0.02048404 0.00101873
v 0.00857809 -0.02046973 0.00097480
v 0.01467817 -0.02052684 0.00099904
v 0.01954522 -0.02051299 0.00098550
v -0.04381911 -0.01168886 0.00128021
v -0.04499370 -0.01059772 0.00126990
v -0.00976483 0.02006701 0.00111099
v -0.00196982 0.02005353 0.00108294
v -0.01974866 0.02002824 0.00111825
v -0.01458793 0.02007453 0.00110337
v 0.02826721 -0.02051178 0.00096466
v 0.02221207 -0.02049844 0.00094784
v 0.02617470 -0.02049511 0.00094967
v -0.04716770 0.00791344 0.00122004
v 0.04709084 0.00838344 0.00096415
v 0.04602036 0.00955603 0.00096566
v 0.00440546 0.02060306 0.00103479
v 0.04388690 0.01256461 0.00095615
v 0.04555839 0.01096938 0.00092747
v 0.04485517 0.01158116 0.00094781
v -0.04085940 0.01476866 0.00119195
v 0.04030382 0.01524090 0.00094945
v 0.03933554 0.01610067 0.00093494
v 0.04190001 0.01448162 0.00092427
v 0.04281946 0.01361892 0.00093386
v -0.04094628 -0.01464315 0.00124694
v -0.04009212 -0.01562222 0.00123216
v -0.03944944 -0.01616425 0.00122105
v -0.04235154 -0.01341699 0.00124168
v 0.02621478 0.02014153 0.00089690
v 0.02873539 0.02007598 0.00090332
v 0.03255202 0.01887820 0.00092782
v -0.04326254 0.01281221 0.00119719
v -0.04366695 0.01232619 0.00121808
v -0.04422250 0.01185246 0.00120274
v 0.04841280 0.00535740 0.00099314
v 0.04940429 0.00146682 0.00097691
v 0.04783363 0.00665460 0.00098574
v -0.03406332 0.01824121 0.00115074
v -0.03034142 -0.02004625 0.00120450
v -0.04927313 -0.00211818 0.00124253
v -0.03261378 0.01888912 0.00110869
v -0.03693875 0.01727042 0.00113524
v -0.04674486 0.00842232 0.00121520
v -0.04635762 0.00918900 0.00118468
v -0.04591455 0.00970881 0.00119081
v -0.04551270 0.01055109 0.00118250
v 0.03201381 -0.01987934 0.00092773
v 0.02985677 -0.02054504 0.00093256
v 0.04739782 -0.00842417 0.00098441
v 0.04704713 -0.00910602 0.00097411
v -0.02845640 -0.02050583 0.00119157
v -0.02351944 -0.02050514 0.00115409
v -0.01239488 0.02058816 0.00105854
v -0.01937481 0.02058293 0.00105109
v -0.00647983 0.02057831 0.00103758
v -0.00075602 0.02058005 0.00103376
v 0.04424613 -0.01210693 0.00101062
v -0.04054905 0.01543005 0.00113625
v -0.03256622 -0.01904661 0.00121862
v -0.03827445 0.01672124 0.00114842
v -0.03210152 -0.01964405 0.00116626
v -0.04926617 0.00300457 0.00121984
v 0.01406119 0.02061879 0.00091928
v 0.00910927 0.02062027 0.00090610
v 0.03790021 -0.01729486 0.00095118
v 0.03958552 -0.01641588 0.00094337
v 0.03673155 -0.01792394 0.00094455
v -0.04886636 -0.00496091 0.00121118
v -0.04931215 -0.00354429 0.00120527
v -0.03692350 -0.01781622 0.00117196
v -0.03559860 -0.01826675 0.00119226
v -0.03839731 -0.01682176 0.00119836
v 0.04231112 -0.01428216 0.00098158
v -0.04705385 -0.00848604 0.00121573
v -0.03004253 -0.02049830 0.00113854
v 0.02181712 0.02063944 0.00086694
v -0.04942433 0.00070389 0.00122335
v -0.03593595 0.01800524 0.00110789
v 0.04784093 -0.00756107 0.00098566
v 0.04564863 -0.01079551 0.00097966
v -0.03933382 0.01625830 0.00114880
v 0.03110460 0.01953840 0.00089442
v 0.04484367 -0.01164395 0.00099081
v -0.04428783 -0.01224013 0.00119560
v -0.02962088 0.02018011 0.00108289
v 0.03848522 0.01694790 0.00086640
v 0.03766442 0.01738243 0.00084643
v -0.03449431 -0.01879210 0.00117440
v 0.04866400 -0.00597429 0.00095898
v 0.04937086 -0.00383378 0.00094789
v 0.03535144 -0.01857536 0.00092172
v 0.03351164 -0.01950556 0.00089031
v 0.04382677 -0.01300697 0.00096322
v 0.01443821 -0.02097979 0.00094171
v 0.01971752 -0.02097362 0.00091968
v 0.04980467 -0.00208937 0.00091299
v 0.04984131 0.00111809 0.00091439
v 0.00097557 -0.02097747 0.00097911
v 0.00549362 -0.02096811 0.00095453
v 0.00867815 -0.02097341 0.00090022
v -0.00546048 -0.02098739 0.00095278
v -0.00909911 -0.02096573 0.00099309
v -0.01254071 -0.02097203 0.00106486
v -0.03541220 -0.01877045 0.00111251
v -0.03497985 0.01844793 0.00108839
v 0.04082092 0.01573317 0.00085351
v 0.04169101 0.01515681 0.00084970
v -0.04530279 0.01108239 0.00116154
v 0.04926360 0.00433663 0.00090839
v 0.05005289 0.00229128 0.00083530
v 0.04083335 -0.01569705 0.00093491
v -0.04292763 -0.01360404 0.00117296
v -0.04187276 -0.01470421 0.00114166
v -0.04106375 -0.01541341 0.00114871
v -0.04767837 0.00708009 0.00121028
v -0.04810314 0.00622742 0.00121671
v -0.04193321 0.01458982 0.00111568
v -0.04229886 0.01415752 0.00113372
v -0.04273064 0.01371272 0.00113236
v -0.04318349 0.01330500 0.00112929
v -0.04621181 -0.00954264 0.00122224
v -0.04585385 -0.01064212 0.00117357
v -0.04897454 0.00491971 0.00118217
v 0.03367100 0.01912106 0.00084057
v 0.03520740 0.01867700 0.00083237
v 0.03254412 0.01956352 0.00081637
v -0.04855720 0.00598652 0.00115954
v 0.03614746 0.01824069 0.00083112
v 0.03696138 0.01784022 0.00082362
v -0.03199447 0.01931655 0.00107217
v -0.03113979 0.01975759 0.00104567
v 0.04661246 -0.00997881 0.00091820
v -0.04888628 -0.00578042 0.00115357
v -0.04831526 -0.00710250 0.00114029
v -0.04010164 0.01584293 0.00112197
v 0.02667168 0.02083887 0.00077815
v 0.02800969 0.02081873 0.00077584
v 0.03048125 0.02015526 0.00081745
v 0.02920599 0.02055621 0.00079199
v 0.03167553 0.01987627 0.00079960
v 0.04658391 0.01017239 0.00083012
v 0.04703504 0.00946576 0.00083837
v -0.02831300 0.02058050 0.00104042
v -0.04147604 0.01498817 0.00110242
v 0.04410435 0.01305063 0.00086424
v -0.04508226 0.01154489 0.00110889
v -0.04468127 0.01179121 0.00114133
v 0.04878258 0.00655190 0.00083920
v 0.04822665 0.00753077 0.00084716
v 0.04923057 0.00583452 0.00080583
v 0.04757125 0.00869256 0.00083811
v 0.02226347 -0.02096949 0.00086353
v -0.03940518 -0.01664467 0.00114837
v 0.03960855 0.01654335 0.00083997
v 0.03998443 0.01630433 0.00083696
v 0.04179455 -0.01527271 0.00087500
v 0.04238668 -0.01492097 0.00084622
v -0.03415995 0.01887560 0.00103095
v 0.04861531 -0.00728680 0.00084901
v 0.04565739 -0.01165946 0.00084435
v -0.04934095 0.00455697 0.00113365
v 0.04493701 0.01223839 0.00084356
v 0.04562713 0.01154543 0.00084006
v -0.04776800 -0.00819589 0.00112690
v 0.01557639 0.02096483 0.00085158
v 0.04239939 0.01470071 0.00082738
v 0.04052179 -0.01636529 0.00083574
v -0.03087499 0.02019958 0.00093273
v 0.02916721 -0.02093937 0.00086754
v 0.02637617 -0.02095062 0.00086114
v 0.02386266 0.02089205 0.00079581
v 0.02107990 0.02089956 0.00082288
v -0.01828595 -0.02096473 0.00104048
v -0.04976430 -0.00290853 0.00113013
v -0.04982707 0.00051990 0.00115245
v -0.04976853 0.00293746 0.00109634
v -0.04660504 -0.00989416 0.00111822
v 0.04510925 -0.01229069 0.00084657
v 0.04309650 0.01404587 0.00082835
v 0.04359956 0.01357298 0.00083830
v -0.04808917 0.00697454 0.00114576
v -0.04379931 0.01282768 0.00112116
v 0.05015703 -0.00064416 0.00084208
v 0.00604998 0.02099760 0.00090681
v -0.04048122 -0.01604206 0.00111240
v -0.04766204 0.00784392 0.00113538
v 0.04980419 0.00402285 0.00080719
v -0.03637001 -0.01839445 0.00110323
v -0.04934999 -0.00481167 0.00112095
v 0.00218884 0.02100152 0.00094473
v 0.04308645 -0.01428910 0.00084737
v 0.04361362 -0.01379910 0.00084710
v 0.04434882 -0.01308434 0.00084460
v -0.03146624 -0.02010858 0.00111370
v -0.04423132 0.01240013 0.00111643
v -0.04634729 0.01004776 0.00106783
v -0.04595092 0.01053573 0.00109551
v 0.03270614 -0.02029527 0.00078579
v 0.03136496 -0.02071408 0.00077691
v -0.04680555 0.00922130 0.00109908
v -0.04724764 0.00872239 0.00108204
v 0.05004297 -0.00288149 0.00082945
v -0.04571781 -0.01129138 0.00109879
v 0.04895708 -0.00656725 0.00084215
v -0.03887919 -0.01706088 0.00110609
v -0.03776070 -0.01767309 0.00109540
v 0.04823013 -0.00813122 0.00084107
v 0.04773989 -0.00905232 0.00083591
v 0.04729515 -0.00968882 0.00081753
v 0.00910491 0.02099305 0.00081769
v 0.03762310 -0.01803594 0.00082499
v 0.03858178 -0.01750312 0.00082673
v 0.03955761 -0.01696836 0.00082561
v -0.03370155 -0.01925028 0.00111149
v -0.04726616 -0.00915747 0.00108625
v -0.04355535 -0.01343236 0.00110324
v 0.03533835 -0.01911017 0.00080357
v 0.03674036 -0.01852570 0.00080701
v 0.03385093 -0.01979683 0.00078101
v 0.04619276 0.01088686 0.00080247
v 0.04932775 -0.00579360 0.00081403
v 0.04981486 -0.00430049 0.00080713
v -0.03929712 0.01687680 0.00094690
v 0.04609297 -0.01113629 0.00083677
v 0.04665226 -0.01047242 0.00080799
v -0.03272676 -0.01991545 0.00098375
v -0.04145928 0.01546908 0.00094732
v -0.00066267 0.02099364 0.00091972
v -0.00574247 0.02100231 0.00091151
v -0.01235449 0.02103027 0.00093366
v -0.01885680 0.02098591 0.00092616
v -0.02495001 0.02094893 0.00092021
v -0.03323043 0.01949696 0.00087751
v -0.03810345 0.01716334 0.00104649
v -0.04680318 0.01001225 0.00091252
v 0.04161839 -0.01556011 0.00082359
v -0.04001585 0.01646527 0.00094205
v -0.04270906 -0.01432058 0.00105978
v -0.04954798 -0.00554798 0.00093790
v -0.04857584 0.00707091 0.00093774
v 0.02215500 -0.02120795 0.00078903
v -0.04898603 0.00571633 0.00107114
v -0.04779030 -0.00903326 0.00092373
v -0.04824501 0.00770854 0.00093368
v -0.03991369 -0.01681365 0.00096197
v 0.00875390 -0.02124570 0.00080641
v 0.01967337 -0.02125018 0.00082575
v 0.01432847 -0.02126578 0.00084073
v -0.04596541 0.01117293 0.00092009
v -0.04563318 0.01153533 0.00092804
v -0.04382003 0.01337671 0.00093357
v -0.04783626 0.00843021 0.00094013
v -0.03676466 0.01818867 0.00090144
v -0.03718941 0.01758217 0.00104451
v -0.03764662 0.01773602 0.00089421
v 0.00277565 -0.02127292 0.00086655
v -0.04470063 0.01248306 0.00092864
v -0.02118484 -0.02095292 0.00099367
v -0.03226142 0.01972187 0.00090457
v 0.03887866 0.01693049 0.00081673
v -0.04087530 0.01586605 0.00094263
v -0.04918664 -0.00638558 0.00096702
v -0.05020201 -0.00104116 0.00099896
v -0.03600670 -0.01902360 0.00089902
v 0.02868530 -0.02114919 0.00077900
v -0.05001184 -0.00377460 0.00094142
v -0.04427402 0.01292885 0.00093204
v 0.03013873 0.02040688 0.00075910
v 0.05001652 0.00328362 0.00078031
v -0.02509221 -0.02094233 0.00099571
v -0.05015255 0.00188222 0.00098836
v -0.03695256 -0.01858772 0.00090389
v -0.03584027 0.01862565 0.00090395
v -0.03520857 0.01887403 0.00089553
v -0.03078303 -0.02073663 0.00089307
v -0.03850881 0.01730681 0.00090418
v -0.00435131 -0.02128348 0.00084386
v -0.00799746 -0.02121659 0.00085919
v -0.03210425 0.01989644 0.00083325
v -0.04960516 0.00530986 0.00088764
v -0.04343473 0.01376653 0.00092454
v -0.04305195 0.01417057 0.00091179
v -0.04258240 0.01464361 0.00091326
v -0.04645482 -0.01092327 0.00090492
v -0.04044867 0.01621521 0.00091429
v -0.03482544 -0.01937815 0.00090254
v -0.02955620 0.02069776 0.00087938
v -0.04191181 -0.01537432 0.00090935
v -0.04213262 0.01505246 0.00091153
v -0.04337196 -0.01407717 0.00090093
v -0.03067377 0.02041784 0.00084472
v -0.04728120 0.00933292 0.00090012
v -0.04911077 0.00621667 0.00090083
v -0.03465753 0.01911621 0.00086541
v -0.03396218 0.01928130 0.00087876
v -0.04512466 0.01205005 0.00092123
v -0.04817313 -0.00848202 0.00091046
v -0.04850264 -0.00793733 0.00089646
v -0.04890210 -0.00711305 0.00090439
v -0.02849799 -0.02094636 0.00099598
v -0.04640828 0.01065395 0.00088804
v -0.02827839 0.02091047 0.00089232
v -0.04702910 -0.01011581 0.00090018
v -0.01227234 -0.02122849 0.00091589
v -0.04111547 -0.01598095 0.00091931
v -0.04035971 -0.01664043 0.00088295
v 0.05039192 0.00011271 0.00070988
v -0.03364469 -0.01972749 0.00089130
v -0.04746689 -0.00956514 0.00088196
v -0.04998508 0.00391903 0.00088647
v -0.03206768 -0.02037755 0.00088104
v -0.03914783 -0.01739243 0.00089404
v -0.03795596 -0.01798426 0.00090709
v -0.04500799 -0.01249582 0.00091393
v -0.04587569 -0.01163679 0.00091539
v -0.04424836 -0.01326557 0.00090837
v -0.02974268 -0.02089306 0.00094595
v -0.00009366 0.02119607 0.00081025
v -0.04243832 -0.01500416 0.00087435
v 0.04178265 0.01522455 0.00078887
v 0.04101574 0.01572236 0.00079500
v -0.00680494 0.02120601 0.00079267
v -0.01296110 0.02122497 0.00081999
v -0.01647186 0.02121043 0.00079873
v -0.05041179 0.00000646 0.00086223
v -0.01815871 -0.02122445 0.00087815
v 0.00592993 0.02119057 0.00078895
v 0.00866394 0.02120744 0.00070056
v 0.01451451 0.02116881 0.00071053
v 0.04980491 0.00530984 0.00055637
v -0.02299590 -0.02116303 0.00081611
v 0.03458942 0.01897516 0.00075635
v 0.03345422 0.01932606 0.00074688
v -0.04138712 0.01570822 0.00082338
v -0.02240847 0.02117671 0.00073318
v 0.03294990 -0.02086651 0.00031720
v 0.03586794 -0.01954623 0.00033318
v 0.03683301 -0.01913184 0.00034491
v 0.03468308 -0.02003215 0.00035498
v 0.03212260 -0.02111725 0.00032007
v 0.03243138 -0.02130783 0.00025293
v 0.03400835 -0.02075764 0.00024616
v 0.03465821 -0.02039056 0.00024732
v 0.03553922 -0.02020988 0.00022844
v 0.03667236 -0.01970113 0.00020263
v 0.03327154 -0.02135143 0.00033093
v 0.03113656 -0.02166452 0.00023521
v 0.03185972 -0.02177205 0.00032095
v 0.03099376 -0.02127790 0.00033718
v 0.02953417 -0.02150954 0.00032173
v 0.03479176 -0.02087083 0.00036513
v 0.02800113 -0.02183953 0.00025612
v 0.02750333 -0.02160921 0.00033873
v 0.02926638 -0.02205131 0.00023760
v 0.02562105 -0.02217428 0.00019936
v 0.02282681 -0.02186402 0.00027090
v 0.02256723 -0.02220231 0.00019975
v 0.01959575 -0.02184292 0.00023946
v 0.01960943 -0.02220435 0.00015652
v 0.01405231 -0.02222219 0.00015493
v 0.00748721 -0.02184820 0.00023160
v 0.01418939 -0.02185662 0.00023337
v 0.00762671 -0.02222310 0.00015962
v 0.00004228 -0.02222262 0.00015798
v -0.00000105 -0.02184731 0.00023037
v -0.00480078 -0.02185545 0.00022745
v -0.00616501 -0.02221841 0.00014822
v -0.00931028 -0.02184667 0.00018804
v -0.01436787 -0.02221284 0.00012226
v -0.01722929 -0.02185559 0.00017064
v -0.02277043 -0.02217328 0.00013959
v -0.02776713 -0.02182628 0.00018856
v -0.02898253 -0.02208161 0.00017245
v -0.03084965 -0.02164201 0.00018112
v -0.03035992 -0.02211518 0.00026063
v -0.03200545 -0.02147111 0.00019392
v -0.03206094 -0.02086520 0.00032908
v 0.02013069 -0.02247676 0.00023278
v 0.02480572 -0.02258688 0.00030714
v -0.03321765 -0.02093709 0.00017194
v -0.03353096 -0.02134635 0.00028463
v -0.03181260 -0.02181176 0.00027693
v -0.03520977 -0.02049926 0.00016081
v -0.03452219 -0.02042556 0.00017493
v -0.03642662 -0.01985839 0.00015714
v -0.03104479 -0.02117976 0.00029343
v -0.02940973 -0.02153952 0.00025902
v -0.03670620 -0.02023662 0.00027946
v 0.00982915 -0.02252239 0.00023909
v -0.00386193 -0.02251784 0.00023756
v -0.03737857 -0.01951346 0.00016968
v -0.03770002 -0.01912495 0.00018079
v -0.03931239 -0.01832572 0.00016302
v -0.03890375 -0.01877738 0.00016069
v -0.04005642 -0.01800757 0.00015856
v -0.04095775 -0.01674464 0.00032358
v 0.02092994 -0.02163542 0.00033738
v -0.03321029 -0.02043096 0.00033104
v -0.02666222 -0.02155626 0.00027540
v -0.02406142 -0.02244991 0.00023075
v -0.01474232 -0.02247831 0.00020394
v 0.02985456 -0.02220608 0.00031737
v -0.02048652 -0.02157708 0.00027009
v -0.04043215 -0.01820107 0.00027547
v -0.04137148 -0.01727274 0.00017892
v -0.04156464 -0.01683311 0.00015891
v -0.04247194 -0.01605900 0.00015776
v -0.04163250 -0.01622163 0.00030880
v -0.04343598 -0.01553751 0.00013499
v -0.04369980 -0.01500780 0.00014044
v -0.04425099 -0.01466458 0.00012693
v -0.04427391 -0.01496215 0.00015630
v -0.04515199 -0.01456417 0.00029639
v -0.04375299 -0.01443159 0.00028879
v -0.04560100 -0.01325051 0.00011770
v -0.04510469 -0.01405929 0.00013140
v -0.04687014 -0.01217624 0.00011743
v -0.04622255 -0.01252854 0.00013984
v -0.04740186 -0.01110595 0.00013726
v -0.04757483 -0.01144707 0.00012194
v -0.04813879 -0.01062383 0.00010270
v -0.04869810 -0.00946980 0.00007153
v -0.04901302 -0.00955279 0.00012877
v -0.04986821 -0.00808572 0.00010869
v -0.04952766 -0.00824118 0.00007594
v -0.04975280 -0.00757021 0.00009955
v -0.05029170 -0.00690975 0.00008051
v -0.04878097 -0.00905408 0.00010005
v -0.04986561 -0.00622933 0.00028589
v -0.03544331 -0.01972613 0.00030388
v -0.03644009 -0.01937467 0.00031741
v -0.03443930 -0.01998165 0.00033867
v -0.04781106 -0.00987658 0.00029564
v -0.03821839 -0.01948965 0.00029484
v 0.03792286 -0.01886902 0.00022521
v 0.03783668 -0.01916283 0.00019108
v 0.03955228 -0.01807201 0.00019139
v 0.03905085 -0.01862562 0.00021150
v 0.04070418 -0.01752460 0.00018898
v 0.04107215 -0.01703572 0.00019682
v 0.04173146 -0.01726750 0.00035079
v -0.03904900 -0.01800264 0.00031094
v -0.03979057 -0.01758669 0.00031490
v 0.03718292 -0.01993069 0.00034698
v 0.03609743 -0.02038048 0.00035435
v -0.04370326 -0.01585960 0.00028385
v -0.04250724 -0.01681633 0.00028595
v -0.04138917 -0.01764655 0.00030773
v -0.04906872 -0.00796223 0.00027167
v -0.04847371 -0.00892644 0.00026776
v -0.00861908 -0.02158271 0.00029279
v -0.03549369 -0.02075733 0.00028510
v 0.01132577 -0.02163217 0.00031561
v -0.04521085 -0.01301156 0.00028378
v -0.04433254 -0.01381589 0.00031213
v -0.04213873 -0.01579509 0.00031805
v -0.04260225 -0.01541136 0.00031432
v 0.00661278 -0.02163108 0.00031747
v 0.00008957 -0.02162342 0.00032092
v -0.00468659 -0.02163505 0.00032464
v -0.01370157 -0.02160321 0.00028316
v -0.04680187 -0.01290184 0.00029123
v -0.04748425 -0.01217538 0.00029712
v -0.05030321 -0.00601680 0.00013087
v -0.05062184 -0.00595199 0.00010425
v -0.05069452 -0.00508871 0.00010923
v -0.05104788 -0.00462446 0.00011212
v -0.05071954 -0.00365951 0.00025270
v -0.05110561 -0.00332500 0.00013896
v -0.05085157 -0.00146732 0.00030215
v -0.05135274 -0.00407234 0.00016035
v -0.05147159 -0.00249581 0.00012755
v -0.05116462 -0.00077480 0.00018757
v -0.05147998 0.00186141 0.00009905
v -0.05115005 0.00159708 0.00015626
v -0.05108252 0.00352547 0.00011530
v -0.05137676 0.00353388 0.00014176
v -0.05100010 0.00471775 0.00011778
v -0.05186258 0.00024032 0.00018577
v -0.05183709 -0.00189885 0.00022236
v -0.05071609 0.00337781 0.00023956
v -0.05062221 0.00550286 0.00009838
v -0.05092423 -0.00658317 0.00026620
v -0.05090466 0.00631828 0.00030862
v -0.05033518 0.00502723 0.00024147
v -0.05025903 0.00616956 0.00009962
v -0.05023231 0.00688593 0.00008298
v -0.04958388 0.00735612 0.00006408
v -0.04908472 0.00830283 0.00001640
v -0.04917585 0.00888551 0.00004095
v -0.04873830 0.00909603 0.00002005
v -0.04802592 0.01040441 0.00005372
v -0.04813514 0.00963260 0.00007793
v -0.04857286 0.00888329 0.00006553
v -0.04742557 0.01056648 0.00011011
v -0.04713212 0.01122527 0.00007474
v -0.04608871 0.01279976 0.00007408
v -0.04601409 0.01239360 0.00011363
v -0.04505823 0.01369945 0.00007041
v -0.04536445 0.01372192 0.00009360
v -0.04399855 0.01495444 0.00008956
v -0.04271675 0.01570469 0.00010807
v -0.04207025 0.01657947 0.00012529
v -0.04101017 0.01704939 0.00008948
v -0.04704852 0.01191386 0.00010278
v -0.04146232 0.01648865 0.00012584
v -0.04426408 0.01414803 0.00011995
v -0.04853042 0.01005169 0.00009636
v -0.04971096 0.00830651 0.00011296
v -0.04052757 0.01665886 0.00031148
v -0.05181704 -0.00339078 0.00031565
v -0.05088433 -0.00008896 0.00030511
v -0.04727776 -0.01061626 0.00029215
v -0.04690227 -0.01111607 0.00029627
v -0.05187599 0.00202840 0.00026198
v -0.04307781 -0.01498006 0.00032521
v -0.04982648 0.00598567 0.00028181
v -0.05013167 0.00528801 0.00031362
v 0.03939113 -0.01773851 0.00034216
v 0.03819985 -0.01837650 0.00035355
v -0.05143711 -0.00479874 0.00028089
v -0.04037449 -0.01716428 0.00033424
v -0.03941637 -0.01891412 0.00031090
v 0.01443538 -0.02164281 0.00032301
v -0.04004909 0.01742755 0.00010546
v -0.03962186 0.01794231 0.00008445
v -0.03933891 0.01762005 0.00016434
v -0.03862545 0.01827667 0.00009646
v -0.03908213 0.01844935 0.00012959
v -0.03780566 0.01895129 0.00010465
v -0.03756640 0.01848947 0.00020455
v -0.03712084 0.01892558 0.00013417
v -0.03694775 0.01936163 0.00011334
v -0.03624741 0.01933440 0.00012915
v -0.03589533 0.01982478 0.00012420
v -0.03533794 0.01973534 0.00013495
v -0.03487577 0.02012304 0.00012663
v -0.03392237 0.02021615 0.00014274
v -0.03418595 0.02058113 0.00017494
v -0.03292845 0.02062714 0.00012928
v -0.03236474 0.02099271 0.00014593
v -0.03104792 0.02110394 0.00016400
v -0.03128749 0.02134984 0.00016235
v -0.03004675 0.02145312 0.00017372
v -0.02991917 0.02172891 0.00021386
v -0.02816344 0.02183290 0.00016634
v -0.02823768 0.02149590 0.00021794
v -0.02502913 0.02157866 0.00023601
v -0.04055103 0.01756972 0.00013159
v -0.02185351 0.02191872 0.00013206
v -0.02578077 0.02218748 0.00019340
v -0.02165853 0.02222156 0.00016663
v -0.01344687 0.02224310 0.00018390
v -0.01318251 0.02192485 0.00015024
v -0.00841267 0.02221853 0.00019411
v -0.00652164 0.02188557 0.00015121
v -0.00132082 0.02220565 0.00022105
v -0.00044708 0.02186821 0.00016525
v 0.00586490 0.02187070 0.00019808
v 0.00509937 0.02225785 0.00027185
v 0.00742929 0.02223171 0.00029837
v 0.00906982 0.02191627 0.00025285
v 0.01504406 0.02221758 0.00028438
v 0.01521932 0.02189479 0.00022405
v 0.01877303 0.02220631 0.00022711
v 0.01883318 0.02189948 0.00017450
v 0.02403944 0.02188335 0.00021189
v 0.01383493 0.02160880 0.00030564
v 0.00859067 0.02163095 0.00031252
v 0.02423174 0.02226904 0.00030967
v 0.02803027 0.02178890 0.00023763
v 0.02686991 0.02149013 0.00027592
v 0.02884543 0.02146554 0.00022367
v 0.02378974 0.02153298 0.00028552
v 0.01950761 0.02154833 0.00026477
v 0.02941176 0.02182261 0.00033903
v 0.02731449 0.02206594 0.00030695
v -0.01908091 0.02160368 0.00023232
v 0.03008109 0.02140214 0.00022154
v 0.02974498 0.02094276 0.00031929
v 0.03049170 0.02106540 0.00021286
v 0.03142035 0.02098483 0.00019196
v 0.03128646 0.02066728 0.00024840
v 0.03239271 0.02055676 0.00016338
v 0.03304351 0.02053280 0.00015239
v 0.03338567 0.02018476 0.00015259
v 0.03408595 0.02026042 0.00013388
v 0.03480462 0.01974992 0.00014281
v 0.03540011 0.01983168 0.00013646
v 0.03581332 0.01933693 0.00014175
v 0.03648014 0.01934132 0.00011505
v 0.03664150 0.01893366 0.00013031
v 0.03752175 0.01880282 0.00006799
v 0.03750552 0.01850562 0.00011385
v 0.03891236 0.01783384 0.00005997
v 0.04001717 0.01756394 0.00008766
v 0.03988232 0.01733637 0.00005503
v 0.04071022 0.01688589 0.00003408
v 0.03816942 0.01860581 0.00008931
v 0.04136845 0.01678190 0.00008739
v 0.04116416 0.01662161 0.00004540
v 0.04210256 0.01598059 0.00004313
v 0.04252825 0.01598349 0.00009189
v 0.04294786 0.01535092 0.00004247
v 0.04351614 0.01511748 0.00005724
v 0.04381891 0.01444808 0.00004075
v 0.04404974 0.01468593 0.00006496
v 0.04471211 0.01386730 0.00004536
v 0.04492013 0.01338799 0.00007335
v 0.04524574 0.01344390 0.00004995
v 0.04593592 0.01240873 0.00004473
v 0.04577249 0.01299703 0.00006520
v 0.04632030 0.01234530 0.00005868
v 0.04676362 0.01144004 0.00001910
v 0.04729564 0.01130322 0.00006153
v 0.04779443 0.00991340 0.00000000
v 0.04835259 0.00977040 0.00005049
v 0.04835378 0.00910365 0.00000076
v 0.04933573 0.00809841 0.00002649
v 0.04880895 0.00828457 0.00000627
v 0.04979480 0.00708073 0.00002444
v 0.04725004 0.01065693 0.00001224
v 0.04953089 0.00708953 0.00004109
v 0.05014887 0.00620181 0.00006731
v 0.05048360 0.00598611 0.00011922
v 0.05055545 0.00538494 0.00007799
v 0.02827881 0.02126130 0.00030572
v 0.02432590 0.02131364 0.00038790
v 0.00578801 0.02156651 0.00028637
v -0.00646719 0.02158780 0.00024747
v -0.00017300 0.02156493 0.00025669
v -0.01298514 0.02163389 0.00024768
v -0.02974064 0.02106607 0.00031740
v -0.02903336 0.02124151 0.00027823
v -0.03279666 0.02003845 0.00032026
v -0.03143978 0.02050694 0.00031094
v -0.03208725 0.02030053 0.00031110
v -0.03387232 0.01982797 0.00027063
v 0.03155466 0.02142661 0.00034072
v -0.03065808 0.02079981 0.00031279
v 0.03246091 0.02007670 0.00032186
v 0.02037954 0.02131799 0.00042555
v 0.05029840 0.00517303 0.00020114
v -0.02813025 0.02215537 0.00028694
v -0.03053242 0.02181241 0.00030721
v -0.03508138 0.01941236 0.00029273
v 0.03428649 0.02063012 0.00032015
v -0.03267351 0.02135745 0.00032381
v 0.01056351 0.02238659 0.00035830
v -0.04644358 0.01130227 0.00030514
v -0.04585894 0.01202995 0.00028701
v -0.04439653 0.01346332 0.00030246
v -0.04503637 0.01281630 0.00030168
v -0.04374903 0.01411450 0.00030025
v -0.04324823 0.01462110 0.00029733
v -0.04279305 0.01505914 0.00029853
v 0.05066453 0.00439830 0.00010897
v 0.05089780 0.00471524 0.00009927
v 0.05098206 0.00338837 0.00006788
v -0.04225254 0.01551095 0.00029627
v -0.05083694 0.00151243 0.00029293
v -0.05031694 -0.00494508 0.00028126
v -0.04119590 0.01757522 0.00032561
v 0.05054675 0.00354060 0.00023713
v 0.05074226 0.00226663 0.00020846
v 0.05083776 0.00010010 0.00026525
v 0.04160403 -0.01691783 0.00019184
v 0.04312345 -0.01548794 0.00015087
v 0.04297328 -0.01587406 0.00017620
v 0.04380925 -0.01514079 0.00014345
v 0.04325727 -0.01613263 0.00034801
v 0.04518451 -0.01347384 0.00014086
v 0.04581356 -0.01321168 0.00012270
v 0.04637242 -0.01219054 0.00012958
v 0.04694580 -0.01170452 0.00008957
v 0.04754677 -0.01130284 0.00011937
v 0.04892288 -0.00924764 0.00008142
v 0.04836731 -0.00971849 0.00010738
v 0.04905337 -0.00854233 0.00004890
v 0.04948820 -0.00821150 0.00005317
v 0.04947021 -0.00779019 0.00005579
v 0.05030115 -0.00657485 0.00010257
v 0.04980143 -0.00699264 0.00010000
v 0.05022727 -0.00609708 0.00011293
v 0.05057531 -0.00553959 0.00008734
v 0.04706473 -0.01123668 0.00013856
v 0.04228624 -0.01596605 0.00020875
v 0.05019784 -0.00523031 0.00025459
v 0.05064955 -0.00456791 0.00009568
v 0.05087700 -0.00499226 0.00010836
v 0.05098533 -0.00372695 0.00008441
v 0.05126911 -0.00374410 0.00015241
v 0.05136191 -0.00212847 0.00011412
v 0.05113112 -0.00043293 0.00014935
v 0.05140820 0.00105509 0.00009755
v 0.05129635 0.00287865 0.00012727
v 0.05060675 -0.00305420 0.00026869
v 0.05079051 -0.00165981 0.00025173
v 0.05135596 0.00435773 0.00031310
v 0.05091701 -0.00619089 0.00033700
v -0.04922042 -0.00994135 0.00030163
v -0.04845425 -0.01102530 0.00032471
v 0.04305230 -0.01499796 0.00033770
v -0.04949126 -0.00713327 0.00029139
v 0.03382440 0.01966983 0.00031596
v 0.04626611 -0.01168394 0.00035788
v 0.04563126 -0.01245263 0.00032697
v 0.03508890 0.01926315 0.00030627
v -0.03952012 0.01857501 0.00031132
v -0.04638803 0.01319990 0.00029450
v -0.03840671 0.01781295 0.00032275
v 0.05158347 -0.00340815 0.00028952
v 0.05077053 0.00631920 0.00033489
v -0.04581611 -0.01237029 0.00031633
v -0.04492740 -0.01280067 0.00071799
v -0.04642816 -0.01170539 0.00030026
v -0.03724928 -0.01894885 0.00033930
v -0.03822528 -0.01839736 0.00035101
v -0.02687796 0.02132806 0.00038941
v 0.04403936 -0.01404474 0.00034274
v 0.04499038 -0.01312163 0.00033457
v 0.03707621 0.01963830 0.00034783
v 0.03562919 0.02018104 0.00033182
v 0.04976745 0.00620630 0.00022942
v -0.03684146 0.01862917 0.00031977
v 0.02035877 -0.02266699 0.00032313
v 0.01215315 -0.02268654 0.00031522
v 0.01783272 0.02243574 0.00034826
v 0.01384376 0.02238902 0.00037561
v -0.04895098 0.00739974 0.00030482
v -0.04936084 0.00672869 0.00030981
v 0.03610026 0.01882731 0.00032306
v -0.03624357 0.01888493 0.00033021
v -0.03535016 0.01920446 0.00036615
v 0.04441055 -0.01518833 0.00035811
v 0.04545268 -0.01420602 0.00035336
v -0.03622685 0.02012339 0.00031921
v -0.03754432 0.01960051 0.00034343
v 0.04898998 -0.00998290 0.00031717
v 0.03792313 0.01921118 0.00033381
v -0.01465275 0.02246783 0.00029415
v -0.04463455 0.01493624 0.00029593
v -0.04565308 0.01399854 0.00032640
v 0.00496354 -0.02264188 0.00031055
v -0.00469127 -0.02265417 0.00030563
v -0.00660774 0.02245400 0.00032216
v 0.00123946 0.02247899 0.00037271
v -0.03983603 0.01703910 0.00033049
v -0.03918052 0.01738898 0.00033602
v 0.04113391 0.01629812 0.00019958
v -0.04378325 0.01570178 0.00032039
v -0.04252065 0.01667077 0.00030786
v -0.02417028 -0.02256970 0.00029410
v -0.01634088 -0.02263128 0.00028540
v 0.03104826 0.02046694 0.00038780
v -0.04844956 0.00824528 0.00031475
v 0.04991267 -0.00597637 0.00028601
v 0.04652981 -0.01307414 0.00034881
v 0.04261613 0.01515136 0.00023957
v -0.04770843 0.00947790 0.00030783
v -0.04801523 0.00898040 0.00032022
v 0.04190751 -0.01595489 0.00034229
v 0.04083873 -0.01674983 0.00035802
v 0.04007075 -0.01731425 0.00035882
v -0.02255935 0.02247086 0.00030681
v 0.04150366 0.01595987 0.00025080
v -0.04786235 0.01157306 0.00032484
v -0.01130847 0.02245475 0.00031262
v 0.04915076 0.00944373 0.00031745
v -0.04708783 0.01241426 0.00029697
v -0.04101619 0.01634706 0.00031679
v -0.04165273 0.01592159 0.00032421
v -0.03751435 0.01826222 0.00033069
v -0.03845211 0.01804094 0.00019219
v -0.03454450 0.02076459 0.00033566
v -0.05174308 0.00325213 0.00031399
v 0.04931463 -0.00713385 0.00031214
v -0.04729030 0.01011033 0.00031185
v -0.04684930 0.01072016 0.00032988
v -0.04963038 0.00912756 0.00032750
v -0.04891666 0.01018956 0.00032003
v 0.03699008 0.01843140 0.00029642
v 0.04823102 -0.00924115 0.00029449
v 0.04778376 -0.00977932 0.00034528
v 0.04706363 -0.01076483 0.00030816
v -0.05010844 0.00823521 0.00031585
v -0.04561515 0.01208087 0.00042731
v 0.04887535 -0.00809357 0.00027742
v 0.05038201 -0.00452391 0.00025329
v 0.05137213 -0.00478802 0.00036072
v 0.03799873 0.01795172 0.00026886
v -0.05057931 -0.00323551 0.00039944
v -0.05056773 0.00288734 0.00039163
v 0.04281943 0.01628136 0.00034062
v 0.04047127 0.01657373 0.00027301
v -0.02574986 0.02236973 0.00030552
v -0.00244639 0.02305820 0.00071829
v 0.00539537 0.02300400 0.00074964
v 0.01100723 0.02295084 0.00071820
v 0.03929163 0.01723560 0.00030702
v 0.04377836 0.01405071 0.00025453
v 0.04318807 0.01461095 0.00025650
v 0.01390629 0.02298230 0.00077950
v 0.01615302 0.02283069 0.00064540
v 0.04544348 0.01243095 0.00027702
v 0.04618378 0.01164615 0.00028164
v 0.04464260 0.01322478 0.00029088
v 0.03772097 0.01782670 0.00051563
v 0.03855067 0.01731263 0.00058485
v 0.01593452 0.02134597 0.00046116
v 0.02474329 0.02280075 0.00071062
v 0.04900985 0.00730838 0.00027775
v 0.04805426 0.00891738 0.00025988
v 0.04742267 0.00978917 0.00028314
v 0.04677268 0.01086594 0.00026373
v 0.03412515 -0.02155475 0.00068752
v 0.05017605 0.00416955 0.00050579
v 0.04844935 0.00814840 0.00033511
v 0.03584907 -0.02099852 0.00073792
v -0.05036224 -0.00192450 0.00080910
v 0.02769481 0.02254321 0.00071404
v -0.04995419 -0.00444799 0.00085051
v 0.02992591 -0.02259715 0.00063102
v 0.01999591 0.02112244 0.00066232
v 0.02229126 -0.02307165 0.00066824
v -0.02367174 0.02134889 0.00046589
v 0.05184756 -0.00321185 0.00048285
v 0.03727712 -0.02031701 0.00069542
v 0.04463001 0.01271824 0.00074690
v -0.03405114 0.01961719 0.00039137
v 0.03367699 0.02135441 0.00073793
v -0.03389436 -0.02170407 0.00065675
v 0.01401239 0.02138605 0.00049069
v 0.00781147 0.02139316 0.00051036
v -0.00301614 -0.02304163 0.00063576
v -0.02895973 -0.02137324 0.00046865
v -0.02580917 0.02278121 0.00065661
v -0.04703961 -0.01334072 0.00070170
v -0.04570733 -0.01461948 0.00067002
v -0.05038160 0.00162966 0.00080618
v -0.04442849 -0.01576111 0.00064057
v -0.04880491 -0.01142009 0.00077868
v -0.03209806 -0.02218307 0.00065661
v -0.03998762 -0.01897384 0.00064459
v -0.02845165 -0.02116125 0.00080825
v -0.03106701 0.02219064 0.00073189
v -0.04318120 -0.01681857 0.00066300
v -0.04342307 -0.01432510 0.00063975
v -0.03856040 -0.01975622 0.00066417
v -0.04092761 0.01826260 0.00074596
v -0.04730061 0.01281991 0.00071081
v -0.04995606 0.00479651 0.00068935
v -0.04222448 0.01739687 0.00074633
v -0.04612979 0.01410278 0.00073998
v -0.04364331 0.01639051 0.00078143
v -0.04816078 0.01189553 0.00076662
v -0.02753051 0.02109676 0.00069279
v -0.01852110 0.02137875 0.00049285
v -0.01309763 0.02139767 0.00054586
v -0.00697194 0.02134601 0.00055851
v -0.00011012 0.02133292 0.00055560
v 0.00517113 0.02134554 0.00054379
v -0.02636845 -0.02132330 0.00054973
v 0.01445468 -0.02148899 0.00055429
v 0.00604005 -0.02149192 0.00053828
v 0.00026946 -0.02147273 0.00057591
v -0.02162095 -0.02133915 0.00056582
v -0.01847917 -0.02142436 0.00052110
v 0.00120861 -0.02504819 0.00762412
v 0.00170992 -0.02510417 0.00980742
v -0.00340357 -0.02509897 0.00943728
v 0.00648836 -0.02511221 0.00977365
v 0.00652952 -0.02508078 0.00836865
v 0.01187518 -0.02513020 0.00971550
v 0.01243266 -0.02507482 0.00781769
v 0.00322337 -0.02502606 0.00733195
v 0.01582634 -0.02510383 0.00947384
v 0.01593243 -0.02502328 0.00730512
v 0.01986130 -0.02508600 0.00855897
v 0.02083521 -0.02502944 0.00742642
v 0.02133502 -0.02510833 0.00942763
v 0.02447183 -0.02512616 0.00969036
v 0.02536702 -0.02506748 0.00816278
v -0.01927803 -0.02509301 0.01017596
v -0.02114947 -0.02505560 0.01401618
v -0.02443577 -0.02505822 0.01180042
v -0.02530730 -0.02503383 0.01400608
v -0.01728988 -0.02508387 0.01172977
v -0.01595016 -0.02505722 0.01384992
v -0.01335047 -0.02510666 0.00977478
v -0.01168780 -0.02507360 0.01338301
v -0.00821620 -0.02510811 0.00976836
v -0.00513356 -0.02509457 0.01124249
v -0.00645427 -0.02504954 0.01394391
v -0.00025993 -0.02506174 0.01358053
v 0.00265801 -0.02509013 0.01149682
v 0.00347367 -0.02505214 0.01360723
v 0.00951473 -0.02511747 0.01145986
v 0.00937818 -0.02508372 0.01355748
v 0.01537965 -0.02510330 0.01214112
v 0.01584038 -0.02507568 0.01396977
v 0.01124221 -0.02507141 0.01415028
v 0.01802116 -0.02509138 0.01337316
v 0.02158655 -0.02509932 0.01403918
v 0.02094240 -0.02512017 0.01003837
v 0.02260395 -0.02512924 0.01126969
v 0.02570710 -0.02511600 0.01403576
v 0.02604015 -0.02512700 0.01053644
v -0.01528904 -0.02509449 0.00973009
v -0.02522602 -0.02505200 0.00995335
v -0.02756215 -0.02500641 0.01023346
v -0.02772516 -0.02497917 0.01398938
v -0.02136911 -0.02507101 0.00911496
v -0.01574610 -0.02507377 0.00858287
v -0.01315932 -0.02505200 0.00768309
v -0.00805133 -0.02507541 0.00821551
v -0.00517607 -0.02507176 0.00845117
v -0.00563876 -0.02502273 0.00733811
v 0.00323166 -0.02503214 0.01410392
v -0.01106568 -0.02504862 0.01413028
v -0.02560288 -0.02501839 0.00859178
v -0.02750155 -0.02496676 0.00844212
v 0.02761460 -0.02509607 0.01101260
v 0.02764460 -0.02509615 0.01393755
v 0.02760555 -0.02504702 0.00898784
v -0.02031795 -0.02502843 0.00773230
v -0.02759723 -0.02488072 0.00710313
v -0.02540258 -0.02495119 0.00722225
v -0.01601966 -0.02499998 0.00716540
v -0.02365738 -0.02502535 0.01445190
v -0.01758686 -0.02500849 0.01446198
v 0.02731466 -0.02507312 0.01449577
v -0.02927110 -0.02489280 0.01347740
v 0.01270575 -0.02497685 0.00645039
v 0.00285030 -0.02494864 0.00639105
v 0.01573671 -0.02494269 0.00633317
v 0.02280398 -0.02497519 0.00678328
v 0.02602499 -0.02497644 0.00712212
v -0.00004006 -0.02497449 0.00658303
v -0.00350339 -0.02495174 0.00645534
v -0.01137663 -0.02495315 0.00635062
v 0.02750956 -0.02494283 0.00733703
v -0.01925424 -0.02491822 0.00624176
v -0.02915430 -0.02488194 0.00941528
v 0.02952409 -0.02497400 0.01384235
v 0.02971950 -0.02495534 0.01121134
v 0.02974841 -0.02488738 0.00896200
v 0.02288332 -0.02507311 0.01450058
v -0.02763815 -0.02494055 0.01455451
v -0.02909146 -0.02486615 0.01441288
v -0.01399785 -0.02486575 0.00574340
v -0.02932965 -0.02478020 0.00766187
v -0.02540429 -0.02484530 0.00613542
v 0.01696790 -0.02502128 0.01449157
v 0.02963802 -0.02477766 0.00725992
v -0.03098048 -0.02471421 0.01214824
v -0.03100345 -0.02469924 0.01004736
v 0.02285254 -0.02488045 0.00590667
v 0.02567397 -0.02483427 0.00581558
v 0.00799573 -0.02487316 0.00564452
v 0.00357153 -0.02485512 0.00562892
v -0.00386438 -0.02480868 0.00534583
v -0.00839460 -0.02485644 0.00561897
v 0.01184978 -0.02488306 0.00566334
v 0.01601744 -0.02484814 0.00560504
v -0.03098341 -0.02465235 0.00833553
v -0.02754173 -0.02473549 0.00581682
v -0.00596147 -0.02500255 0.01447251
v -0.01051638 -0.02501720 0.01448651
v 0.00335281 -0.02499355 0.01447636
v 0.01032936 -0.02503266 0.01448417
v -0.03086448 -0.02470108 0.01438048
v -0.02927408 -0.02466707 0.00632007
v 0.02764423 -0.02476275 0.00588241
v 0.02978334 -0.02461198 0.00600531
v -0.03098344 -0.02454380 0.00689135
v -0.02018954 -0.02479193 0.00539929
v 0.03120505 -0.02472568 0.00950721
v 0.03126969 -0.02476336 0.01128693
v 0.03115045 -0.02477740 0.01387606
v 0.03130919 -0.02462975 0.00805305
v -0.01520176 -0.02468116 0.00472477
v -0.01197593 -0.02467327 0.00458489
v 0.02967874 -0.02488013 0.01463468
v 0.03117604 -0.02473606 0.01445536
v 0.03114207 -0.02453750 0.00679219
v 0.03133419 -0.02441596 0.00605211
v -0.02571153 -0.02461715 0.00481576
v -0.02235772 -0.02470630 0.00506783
v -0.02075388 -0.02456497 0.00426805
v 0.02172783 -0.02467498 0.00468754
v 0.02549301 -0.02466400 0.00481649
v 0.00784100 -0.02470084 0.00466820
v 0.00308228 -0.02468959 0.00467989
v 0.01203942 -0.02470971 0.00467658
v 0.01537549 -0.02468509 0.00465526
v -0.03091642 -0.02442198 0.00587222
v -0.00472096 -0.02455219 0.00406584
v 0.02718186 -0.02452799 0.00447203
v -0.02759832 -0.02455410 0.00482427
v -0.02952425 -0.02443529 0.00503166
v -0.03285030 -0.02428611 0.00743244
v -0.03292546 -0.02435258 0.00900922
v -0.03280981 -0.02439224 0.01070018
v 0.02981244 -0.02441366 0.00492649
v 0.03119488 -0.02427145 0.00516594
v 0.03299151 -0.02439751 0.00910332
v 0.03281806 -0.02448918 0.01386566
v 0.03304450 -0.02445833 0.01136418
v -0.01371170 -0.02453464 0.00401373
v -0.03284935 -0.02435451 0.01359254
v -0.03214791 -0.02422137 0.00583507
v -0.03283112 -0.02417570 0.00625198
v 0.03299972 -0.02429910 0.00779055
v 0.02361720 -0.02449099 0.00394999
v 0.01297614 -0.02455900 0.00404888
v 0.00740531 -0.02450489 0.00384318
v 0.00400035 -0.02448574 0.00382027
v -0.00140458 -0.02451536 0.00391639
v -0.03094189 -0.02420787 0.00477916
v -0.02532672 -0.02437237 0.00376915
v -0.02934758 -0.02425262 0.00416050
v -0.02763723 -0.02430836 0.00381914
v 0.03290744 -0.02412768 0.00619259
v 0.02545136 -0.02422082 0.00313140
v 0.02966794 -0.02421290 0.00406038
v -0.03280869 -0.02430541 0.01445454
v -0.01148349 -0.02437753 0.00343382
v -0.01809285 -0.02433807 0.00336868
v -0.03108490 -0.02394976 0.00379939
v -0.03285230 -0.02392544 0.00490906
v 0.01232992 -0.02438302 0.00341304
v 0.01649088 -0.02441443 0.00358462
v 0.02184067 -0.02434091 0.00339106
v 0.02755245 -0.02426733 0.00359549
v 0.03340282 -0.02431468 0.01449639
v 0.03399933 -0.02421302 0.01393384
v 0.03442361 -0.02411974 0.01156811
v 0.03447624 -0.02406786 0.01023661
v -0.00037327 -0.02436630 0.00340183
v -0.03354123 -0.02420195 0.01180004
v 0.03291789 -0.02392151 0.00514493
v 0.03116250 -0.02397143 0.00396810
v 0.03284300 -0.02373397 0.00436333
v -0.02141052 -0.02422568 0.00312645
v -0.02943383 -0.02391739 0.00301284
v 0.03453937 -0.02392168 0.00814262
v 0.01646492 -0.02419325 0.00288831
v 0.00324711 -0.02417454 0.00285296
v 0.00782769 -0.02406550 0.00249142
v 0.01200185 -0.02404130 0.00243092
v -0.02544974 -0.02415511 0.00309394
v -0.02767305 -0.02392936 0.00265759
v -0.03454985 -0.02381136 0.00725490
v 0.02963657 -0.02391265 0.00308491
v 0.03485284 -0.02398959 0.01328272
v -0.03453765 -0.02387964 0.01439832
v 0.03477158 -0.02370474 0.00693318
v -0.03477425 -0.02381974 0.00905358
v -0.03486484 -0.02381299 0.01166622
v 0.02157368 -0.02401093 0.00242923
v -0.03272446 -0.02359795 0.00364528
v -0.00233772 -0.02401241 0.00238506
v -0.01290156 -0.02402349 0.00243847
v -0.01894280 -0.02400080 0.00242245
v 0.02758614 -0.02388003 0.00247727
v -0.03460648 -0.02357800 0.00560060
v 0.03474986 -0.02354878 0.00586544
v 0.03499511 -0.02390403 0.01443275
v 0.02645308 -0.02501823 0.01471466
v 0.02534626 -0.02394234 0.00235949
v -0.02504523 -0.02392936 0.00246025
v -0.03093188 -0.02358268 0.00264283
v 0.01532615 -0.02387163 0.00204634
v 0.03469786 -0.02335920 0.00492677
v -0.03610735 -0.02339408 0.01399825
v 0.03109059 -0.02361020 0.00287318
v 0.00313107 -0.02388461 0.00211010
v 0.03634829 -0.02350337 0.01392412
v 0.03632744 -0.02350818 0.01183150
v 0.03611105 -0.02351301 0.01003080
v -0.03610748 -0.02340002 0.01120247
v -0.03611059 -0.02336695 0.00902215
v -0.03619782 -0.02324696 0.00715102
v 0.03281898 -0.02349148 0.00357926
v -0.03450185 -0.02330253 0.00429174
v 0.03639237 -0.02326693 0.00792867
v 0.03647165 -0.02310598 0.00679474
v -0.03635081 -0.02328726 0.01439418
v 0.03632665 -0.02346511 0.01449758
v -0.03374965 -0.02403340 0.01463289
v 0.03469605 -0.02311812 0.00405903
v 0.03642433 -0.02296362 0.00587496
v 0.02975524 -0.02354004 0.00218598
v -0.02921799 -0.02353398 0.00203032
v -0.03614493 -0.02305379 0.00572485
v -0.01754349 -0.02494659 0.01466270
v -0.03764548 -0.02283569 0.01086637
v -0.03808551 -0.02262879 0.00913948
v -0.03761029 -0.02271914 0.00731648
v -0.03788951 -0.02275523 0.01317227
v 0.02112898 -0.02372920 0.00177709
v 0.02516749 -0.02363243 0.00165760
v -0.03263462 -0.02321209 0.00257926
v 0.03710233 -0.02308862 0.00928509
v 0.03715054 -0.02317961 0.01141851
v -0.00301890 -0.02373933 0.00176364
v -0.01182379 -0.02376210 0.00185915
v -0.01951304 -0.02359713 0.00156261
v -0.02533326 -0.02348310 0.00151578
v -0.02779242 -0.02349955 0.00171723
v 0.00971446 -0.02367553 0.00162191
v -0.03613623 -0.02283243 0.00468159
v 0.02769845 -0.02351591 0.00167465
v 0.03784986 -0.02293353 0.01397720
v 0.03763684 -0.02298720 0.01449438
v -0.03900066 -0.02230030 0.01400568
v -0.03893169 -0.02232593 0.01154380
v -0.03848533 -0.02235295 0.00710719
v -0.03479303 -0.02303226 0.00372729
v 0.03298723 -0.02308283 0.00262116
v 0.03643136 -0.02268614 0.00471741
v 0.03459914 -0.02394677 0.01468451
v -0.02987280 -0.02470297 0.01466036
v 0.03812154 -0.02266915 0.00922683
v -0.03794401 -0.02266066 0.01449290
v -0.03959588 -0.02198240 0.00898806
v 0.01766802 -0.02494455 0.01469865
v -0.03457848 -0.02275261 0.00278309
v -0.03801100 -0.02230655 0.00577024
v -0.03628649 -0.02251785 0.00377447
v 0.01443525 -0.02347503 0.00123178
v 0.02501151 -0.02343988 0.00127517
v 0.02052829 -0.02346937 0.00124989
v -0.00006597 -0.02346841 0.00123895
v 0.00367498 -0.02347115 0.00127882
v 0.03468027 -0.02263575 0.00274446
v 0.03634564 -0.02208147 0.00284693
v 0.03149787 -0.02312778 0.00198881
v 0.03082200 -0.02298342 0.00142812
v -0.03798776 -0.02197239 0.00431121
v -0.03079251 -0.02303971 0.00148327
v -0.03265444 -0.02272001 0.00160781
v -0.01367387 -0.02346110 0.00127632
v -0.00953910 -0.02345802 0.00127103
v -0.00504486 -0.02347042 0.00124554
v -0.03996775 -0.02184677 0.01055878
v 0.02930171 -0.02306331 0.00114849
v -0.03961532 -0.02172866 0.00642553
v -0.03943707 -0.02159300 0.00537405
v -0.03616297 -0.02222507 0.00283101
v 0.01018259 -0.02337302 0.00106344
v -0.03984971 -0.02174054 0.00726053
v -0.03952266 -0.02203306 0.01441347
v -0.04027271 -0.02171933 0.01397344
v -0.02904311 -0.02307135 0.00113617
v -0.03464539 -0.02238892 0.00203159
v -0.04126202 -0.02122562 0.01070845
v -0.04160839 -0.02105954 0.01293487
v -0.03495375 -0.02368210 0.01461107
v -0.04142472 -0.02105778 0.00879332
v -0.03769490 -0.02167545 0.00304837
v -0.01916124 -0.02334879 0.00112436
v 0.03292414 -0.02262522 0.00168162
v -0.03965976 -0.02124202 0.00447907
v -0.03980856 -0.02093515 0.00381043
v -0.02780258 -0.02313235 0.00107756
v -0.02537126 -0.02324264 0.00111013
v -0.03605713 -0.02183410 0.00191700
v 0.03466840 -0.02231198 0.00206188
v -0.04171516 -0.02074856 0.00704011
v -0.02108734 -0.02301066 0.00066953
v 0.02780021 -0.02304346 0.00089313
v -0.04249684 -0.02056103 0.01406841
v -0.04131863 -0.02114735 0.01444015
v 0.03103801 -0.02271830 0.00106474
v -0.04206470 -0.02029894 0.00587721
v -0.04166567 -0.02014180 0.00448243
v -0.04298598 -0.02024593 0.00996586
v -0.04361277 -0.01992460 0.01152345
v -0.04301261 -0.02013946 0.00835424
v -0.03136445 -0.02267087 0.00106427
v 0.03032745 -0.02472777 0.01471548
v -0.04302183 -0.01989604 0.00649359
v -0.03789194 -0.02119625 0.00222705
v 0.02524424 -0.02305372 0.00070413
v 0.01554596 -0.02326162 0.00092290
v -0.03959704 -0.02069476 0.00294857
v -0.00267488 -0.02322580 0.00087415
v -0.03472114 -0.02192615 0.00124734
v -0.03344252 -0.02219207 0.00110784
v -0.04424927 -0.01930489 0.00747746
v -0.04357954 -0.01992439 0.01406230
v 0.03445274 -0.02191288 0.00126063
v -0.01302619 -0.02304629 0.00066802
v 0.00394049 -0.02305716 0.00068263
v -0.04326967 -0.01931119 0.00483875
v -0.02533439 -0.02296489 0.00070725
v -0.04462590 -0.01922395 0.00954265
v 0.03301353 -0.02428843 0.01472010
v -0.04244624 -0.02051219 0.01450920
v -0.04065681 -0.02023482 0.00321559
v -0.02955463 -0.02262065 0.00059901
v -0.04469642 -0.01888278 0.00670618
v 0.03307606 -0.02218958 0.00107382
v 0.01130113 -0.02305653 0.00062931
v -0.04308287 -0.01912300 0.00398734
v -0.04179890 -0.01943339 0.00289870
v -0.04487352 -0.01911368 0.01211877
v -0.03616183 -0.02135232 0.00120842
v -0.03806898 -0.02078905 0.00168074
v -0.02772897 -0.02280088 0.00062884
v -0.03991232 -0.02022342 0.00235260
v 0.01704316 -0.02304456 0.00064799
v -0.04500791 -0.01878340 0.00749899
v -0.04426482 -0.01851739 0.00442943
v -0.04522853 -0.01880222 0.01400737
v -0.03545425 -0.02346313 0.01464373
v -0.04504280 -0.01838819 0.00585092
v -0.04514731 -0.01884626 0.00958046
v -0.03940221 -0.01994660 0.00145790
v -0.04369398 -0.01829787 0.00306363
v -0.04181978 -0.01901681 0.00217540
v -0.04350051 -0.01817008 0.00260566
v -0.04083540 -0.01908653 0.00138355
v -0.03751913 -0.02066769 0.00112450
v 0.03216285 -0.02212982 0.00068097
v -0.03538379 -0.02125373 0.00068023
v -0.04592105 -0.01829654 0.01145138
v -0.04554792 -0.01826922 0.00696784
v -0.03638604 -0.02080975 0.00064040
v -0.04512505 -0.01880095 0.01438924
v -0.04595334 -0.01822219 0.01402794
v -0.04639818 -0.01767866 0.00781629
v -0.04567905 -0.01736261 0.00434150
v -0.04701049 -0.01731675 0.01404298
v -0.04087305 -0.02127935 0.01458848
v -0.04188656 -0.01845717 0.00142972
v -0.04511531 -0.01692326 0.00260873
v -0.04333216 -0.01744601 0.00143429
v -0.04413644 -0.01722256 0.00191378
v -0.02800832 -0.02241929 0.00028118
v -0.04691077 -0.01732174 0.01437792
v -0.04759196 -0.01675207 0.01431888
v 0.02753573 -0.02256333 0.00041307
v -0.04174957 -0.01787328 0.00066986
v -0.04407888 -0.01653167 0.00107855
v 0.00947914 0.02348989 0.01370344
v 0.00949756 0.02349333 0.01416772
v 0.00479534 0.02353719 0.01413222
v 0.01505842 0.02349438 0.01415936
v 0.01429606 0.02340520 0.01207186
v 0.01121053 0.02327932 0.00911196
v 0.00758819 0.02340191 0.01147581
v 0.00610409 0.02329253 0.00928348
v 0.00665624 0.02320210 0.00799565
v 0.01293137 0.02317784 0.00775769
v 0.01448078 0.02328966 0.00935498
v 0.01828026 0.02327098 0.00911506
v 0.02108077 0.02323827 0.00877517
v 0.01694818 0.02314620 0.00740966
v 0.00402485 0.02334989 0.00991600
v 0.00369579 0.02346503 0.01257207
v 0.00075807 0.02355075 0.01415251
v 0.00126840 0.02331281 0.00936314
v 0.00114584 0.02339533 0.01086075
v -0.00046685 0.02338183 0.01028950
v -0.00965221 0.02342845 0.01036545
v -0.01006478 0.02353566 0.01364870
v -0.01211706 0.02345884 0.01127088
v -0.01382244 0.02356405 0.01416057
v -0.00870067 0.02354118 0.01419905
v -0.00588497 0.02353495 0.01354537
v -0.02355796 0.02340177 0.00995721
v -0.01832840 0.02339479 0.00920384
v -0.01794221 0.02346231 0.01051702
v -0.02637414 0.02338649 0.01114785
v -0.02757039 0.02339881 0.01255977
v -0.02755433 0.02335559 0.01142500
v -0.02623572 0.02350824 0.01416223
v -0.02382578 0.02355100 0.01418910
v -0.01780570 0.02355135 0.01356549
v -0.01239801 0.02338976 0.00963515
v -0.00948616 0.02337578 0.00925904
v -0.00358711 0.02337645 0.01000395
v -0.00178207 0.02355085 0.01419126
v 0.00083909 0.02322478 0.00807972
v -0.00455889 0.02322987 0.00791853
v -0.00914085 0.02330023 0.00828092
v 0.01819549 0.02333080 0.01024103
v 0.02153070 0.02335657 0.01121965
v 0.02304025 0.02321663 0.00896496
v 0.02606263 0.02327051 0.01160064
v 0.02320656 0.02342528 0.01376671
v 0.02593601 0.02336865 0.01418150
v 0.01928330 0.02346093 0.01361729
v -0.01873331 0.02355547 0.01414612
v -0.00422807 0.02356280 0.01416540
v 0.01947854 0.02346860 0.01417280
v 0.01977653 0.02346665 0.01440654
v 0.02237391 0.02343344 0.01416634
v 0.02628785 0.02341090 0.01456527
v -0.02283262 0.02330391 0.00839834
v -0.02584696 0.02326562 0.00870471
v -0.02769144 0.02318894 0.00871300
v -0.01338269 0.02328240 0.00815831
v -0.01758532 0.02327579 0.00784258
v 0.02255594 0.02306427 0.00685910
v 0.02596488 0.02309635 0.00873968
v 0.02729163 0.02304009 0.00885828
v 0.02727362 0.02322560 0.01208237
v 0.02687205 0.02291385 0.00705351
v -0.02383771 0.02320668 0.00755701
v 0.00298997 0.02312840 0.00712892
v -0.00672693 0.02310985 0.00688998
v -0.00036483 0.02311029 0.00700770
v 0.00907163 0.02308911 0.00689613
v 0.01773051 0.02307419 0.00683327
v 0.01290556 0.02306610 0.00678434
v -0.02783298 0.02342964 0.01410067
v -0.01244131 0.02321417 0.00752052
v -0.01399508 0.02313541 0.00694567
v -0.00951899 0.02316344 0.00705467
v -0.00683901 0.02320323 0.00753801
v -0.02576643 0.02307519 0.00695636
v -0.02758851 0.02299084 0.00697603
v -0.01371132 0.02361743 0.01459316
v -0.00856275 0.02358637 0.01459329
v -0.01944908 0.02361367 0.01458533
v -0.02524049 0.02358961 0.01458518
v -0.00443637 0.02362084 0.01459051
v 0.00648793 0.02305717 0.00682300
v 0.02786905 0.02323591 0.01414600
v 0.02797697 0.02330969 0.01458484
v -0.02776935 0.02350624 0.01458788
v 0.00859523 0.02355703 0.01459380
v 0.00002732 0.02361153 0.01458960
v 0.00475002 0.02360723 0.01459027
v -0.01805784 0.02314789 0.00691152
v -0.02347214 0.02310632 0.00684244
v 0.02887889 0.02279331 0.00752187
v -0.02986338 0.02307671 0.00992948
v -0.02997976 0.02297181 0.00840117
v -0.02969753 0.02285684 0.00713805
v 0.01498479 0.02356409 0.01458639
v 0.01955122 0.02353680 0.01457760
v 0.02873935 0.02271416 0.00670888
v 0.02942599 0.02286324 0.00963137
v 0.02816258 0.02306770 0.01111088
v 0.02699593 0.02285162 0.00668207
v 0.00596442 0.02278189 0.00525171
v 0.00951287 0.02289843 0.00585137
v 0.01233026 0.02286227 0.00569507
v 0.01792210 0.02285466 0.00569059
v 0.02215908 0.02288529 0.00589313
v -0.00962445 0.02298028 0.00607136
v -0.01344019 0.02293799 0.00591120
v -0.01863908 0.02287627 0.00546980
v -0.01650065 0.02284373 0.00533784
v -0.02338799 0.02286805 0.00558210
v -0.00726263 0.02287127 0.00556771
v -0.00245426 0.02285803 0.00562192
v 0.00003504 0.02285310 0.00555620
v 0.00368116 0.02284561 0.00548795
v 0.02568241 0.02273330 0.00581541
v -0.02496418 0.02276476 0.00523059
v 0.00953189 0.02281299 0.00531914
v 0.01366570 0.02285459 0.00558874
v 0.02222992 0.02285233 0.00563487
v -0.00947839 0.02286511 0.00536405
v -0.01354758 0.02284081 0.00533161
v -0.02971081 0.02319687 0.01412751
v 0.01302782 0.02276755 0.00521705
v 0.02937608 0.02302893 0.01410597
v 0.03026251 0.02267843 0.00844669
v -0.02083313 0.02278939 0.00517169
v 0.03011582 0.02282712 0.01126062
v 0.03033914 0.02254434 0.00701586
v -0.03109665 0.02285071 0.00893926
v -0.03138387 0.02262752 0.00701419
v -0.02904850 0.02336187 0.01462433
v -0.00158825 0.02276903 0.00518489
v -0.00768281 0.02278903 0.00517976
v -0.02771593 0.02274779 0.00580440
v 0.02265319 0.02274804 0.00522932
v 0.02765586 0.02253599 0.00538306
v 0.02635702 0.02254994 0.00513857
v 0.01788150 0.02275028 0.00521126
v -0.03099729 0.02292801 0.01029138
v -0.02959695 0.02256019 0.00570500
v -0.02815134 0.02254508 0.00498668
v -0.03130379 0.02301755 0.01458202
v 0.02955609 0.02309488 0.01458011
v 0.03008149 0.02290639 0.01412503
v 0.02991248 0.02296879 0.01443796
v 0.03156709 0.02245433 0.00863397
v -0.03108176 0.02294835 0.01281425
v -0.03143694 0.02291433 0.01414871
v 0.03214381 0.02220424 0.00708823
v 0.02940011 0.02250922 0.00612794
v -0.03203659 0.02251618 0.00715566
v 0.03164288 0.02255623 0.01198972
v 0.03130914 0.02265662 0.01417435
v 0.02851178 0.02244026 0.00547912
v 0.03168618 0.02217095 0.00620497
v 0.03055419 0.02215371 0.00526845
v 0.03116278 0.02208586 0.00529949
v 0.03155784 0.02263699 0.01454991
v 0.03223567 0.02196622 0.00567464
v -0.03252694 0.02261421 0.01072412
v -0.03231154 0.02270213 0.01408587
v -0.03249958 0.02255413 0.00914912
v -0.03154410 0.02218751 0.00529991
v 0.03256578 0.02221707 0.00892368
v 0.03371361 0.02175108 0.00689646
v 0.03413922 0.02173025 0.00836207
v 0.03293328 0.02228138 0.01454803
v 0.03273757 0.02229332 0.01414450
v 0.03319188 0.02212346 0.01224762
v 0.03449032 0.02169104 0.01082739
v -0.03023509 0.02229862 0.00510628
v -0.03102859 0.02211548 0.00483297
v -0.00942562 0.02266905 0.00478211
v -0.00584213 0.02256278 0.00456922
v -0.01550368 0.02259324 0.00461424
v -0.01928801 0.02257186 0.00454966
v 0.00250036 0.02256488 0.00460818
v -0.00106850 0.02257629 0.00463815
v 0.03256088 0.02175935 0.00511971
v -0.03293080 0.02259077 0.01456104
v 0.02811795 0.02217642 0.00454780
v 0.03315341 0.02166595 0.00534806
v -0.03349407 0.02222563 0.00847844
v 0.00769961 0.02255608 0.00464549
v -0.03264404 0.02208598 0.00596003
v -0.03320949 0.02171992 0.00500955
v -0.02957188 0.02217045 0.00452082
v -0.03318198 0.02219285 0.00719060
v -0.03308149 0.02248769 0.01414908
v -0.02540431 0.02252825 0.00464531
v -0.02101555 0.02254810 0.00454933
v 0.02474510 0.02349962 0.01470995
v 0.02787386 0.02342786 0.01478832
v -0.03368560 0.02166591 0.00529428
v 0.03422428 0.02182884 0.01400816
v 0.03345688 0.02216960 0.01473812
v 0.03532172 0.02124159 0.00682829
v 0.03448992 0.02124370 0.00526394
v 0.02003619 0.02255972 0.00473252
v 0.01611477 0.02254697 0.00470338
v -0.03387256 0.02222421 0.01206996
v -0.03424355 0.02161511 0.00601177
v 0.02517645 0.02248800 0.00485053
v 0.03553844 0.02129142 0.00865559
v -0.01065353 0.02255088 0.00450268
v -0.03503271 0.02124112 0.00530854
v -0.03456001 0.02173414 0.00720899
v 0.03583718 0.02124750 0.01130989
v -0.02755611 0.02243758 0.00466789
v 0.03447624 0.02179784 0.01455845
v 0.03572172 0.02129774 0.01393565
v 0.03559920 0.02140681 0.01455126
v -0.03443255 0.02204071 0.01421083
v -0.03491532 0.02175823 0.00890551
v -0.03547164 0.02144797 0.00763354
v -0.03404661 0.02220467 0.01455801
v 0.03165480 0.02175927 0.00468252
v 0.03575089 0.02085075 0.00550151
v 0.02304048 0.02255779 0.00482630
v 0.03196513 0.02260188 0.01475713
v -0.03660240 0.02094278 0.00674055
v -0.03639015 0.02082107 0.00551054
v -0.03659692 0.02104509 0.00749007
v -0.03661088 0.02114897 0.00890501
v -0.03559313 0.02151119 0.00924504
v -0.03531887 0.02168332 0.01152650
v -0.03665020 0.02119135 0.01092148
v -0.03650498 0.02126605 0.01398415
v -0.03630584 0.02137907 0.01456196
v -0.03512446 0.02180972 0.01456866
v 0.03655471 0.02090750 0.00870368
v 0.03627202 0.02086689 0.00673408
v -0.03607888 0.02082625 0.00510306
v -0.03245758 0.02169956 0.00458036
v 0.02994880 0.02180335 0.00426711
v 0.03547553 0.02083411 0.00506801
v -0.00272800 0.02207311 0.00361333
v 0.00083675 0.02207597 0.00364496
v 0.00467888 0.02206265 0.00365678
v -0.01336775 0.02206950 0.00360088
v -0.01775502 0.02206884 0.00358666
v -0.00851544 0.02207625 0.00359643
v -0.03540532 0.02177674 0.01480859
v -0.03834523 0.02037563 0.00829189
v -0.03754414 0.02080041 0.01051300
v -0.03872102 0.02028608 0.00969630
v 0.03672010 0.02088283 0.01182715
v -0.03824845 0.02031547 0.00720161
v 0.03447409 0.02101843 0.00467846
v 0.03707965 0.02051981 0.00670167
v 0.03742440 0.02044764 0.00772735
v -0.03873513 0.02031995 0.01165035
v -0.03926821 0.02009270 0.01453656
v -0.03771167 0.02074234 0.01417299
v -0.03724976 0.02097444 0.01456214
v -0.03827592 0.02053195 0.01458973
v 0.03668457 0.02041937 0.00528727
v -0.03803617 0.02012273 0.00556362
v 0.03722107 0.02064787 0.01413946
v 0.03671551 0.02090188 0.01456696
v 0.03760798 0.02050311 0.01456579
v -0.03521169 0.02091871 0.00462651
v -0.04005415 0.01959899 0.00831362
v -0.03998250 0.01950299 0.00706031
v -0.03931236 0.01952549 0.00546342
v -0.03437443 0.02216928 0.01478640
v 0.03332020 0.02132507 0.00468303
v 0.00716274 0.02203529 0.00366062
v 0.01090177 0.02198911 0.00362176
v 0.01513210 0.02196845 0.00364213
v 0.01995687 0.02211752 0.00393129
v 0.02863329 0.02158612 0.00353337
v -0.02787382 0.02222142 0.00432824
v -0.04012745 0.01965231 0.01047957
v -0.04029005 0.01961808 0.01406773
v -0.04024940 0.01968285 0.01455616
v -0.03710973 0.02042355 0.00517801
v -0.03857483 0.02045817 0.01478695
v -0.03410773 0.02119994 0.00452852
v 0.03820852 0.02000592 0.00688706
v 0.02589395 0.02159356 0.00327558
v 0.02351670 0.02164659 0.00319768
v -0.01951269 0.02200500 0.00353051
v 0.03823705 0.02015154 0.01397629
v 0.03847548 0.02009883 0.01456343
v 0.03810252 0.02015408 0.00853376
v -0.03816775 0.01995287 0.00517083
v -0.01038353 0.02377809 0.01488214
v -0.04048890 0.01966790 0.01480009
v -0.04015476 0.01912909 0.00553584
v 0.03743149 0.02006298 0.00528089
v 0.03922246 0.01928722 0.00582590
v 0.03927549 0.01947058 0.00695768
v -0.03896775 0.01954169 0.00503991
v -0.04117208 0.01912406 0.01083753
v -0.04118099 0.01901535 0.00866342
v 0.03148782 0.02121370 0.00363023
v 0.03173999 0.02149401 0.00426426
v 0.03033636 0.02117165 0.00323258
v 0.03932863 0.01957960 0.01388138
v 0.03932213 0.01966109 0.01456663
v 0.03934958 0.01951086 0.00862482
v -0.04106254 0.01925099 0.01453854
v -0.03325221 0.02257687 0.01476841
v -0.04108057 0.01919279 0.01413822
v -0.04154522 0.01867515 0.00735873
v -0.04131286 0.01847168 0.00559476
v -0.02222905 0.02167206 0.00322095
v -0.01976611 0.02172206 0.00309802
v 0.00998342 0.02167029 0.00310635
v 0.01626019 0.02163601 0.00313323
v 0.02038426 0.02166266 0.00321052
v 0.03610135 0.02041516 0.00469623
v 0.03887486 0.01929613 0.00518380
v -0.03127177 0.02179748 0.00437328
v -0.01636273 0.02172948 0.00305003
v -0.00914659 0.02174339 0.00309368
v 0.00015469 0.02169841 0.00307254
v 0.00606063 0.02156014 0.00292737
v -0.02319117 0.02196269 0.00373459
v -0.02552834 0.02160568 0.00319734
v -0.02531489 0.02204306 0.00390066
v -0.02756135 0.02156982 0.00331670
v -0.02873267 0.02156108 0.00347667
v -0.02000378 0.02378833 0.01485919
v 0.03289151 0.02068998 0.00340827
v -0.03967910 0.01917627 0.00500020
v 0.03607934 0.02128073 0.01478377
v 0.03475275 0.02060197 0.00414009
v 0.03402632 0.02031075 0.00326958
v 0.03579415 0.01996912 0.00371545
v 0.03510977 0.01990890 0.00323376
v -0.04183326 0.01868315 0.00955440
v -0.03627645 0.02045718 0.00453362
v -0.03760701 0.01986835 0.00455650
v -0.03385883 0.02072625 0.00359022
v -0.03494918 0.02037341 0.00366039
v -0.03288366 0.02122444 0.00405246
v -0.03153796 0.02155645 0.00412007
v -0.03214028 0.02116175 0.00367057
v -0.03063221 0.02113427 0.00329917
v 0.04055788 0.01877434 0.00767322
v 0.04050130 0.01886865 0.00973122
v 0.04055847 0.01886217 0.01413052
v 0.03701742 0.02088112 0.01479576
v 0.04057042 0.01868230 0.00675748
v 0.03850724 0.01927896 0.00469051
v 0.03212760 0.02076779 0.00322078
v -0.02574471 0.02377090 0.01484743
v 0.03883243 0.02000391 0.01478739
v 0.04015915 0.01859768 0.00529287
v 0.02860284 0.02117636 0.00294438
v 0.04013432 0.01917793 0.01474824
v 0.04147256 0.01827716 0.01402612
v 0.04145040 0.01835220 0.01456230
v 0.04065535 0.01884457 0.01456027
v 0.04093713 0.01876193 0.01477799
v 0.04142957 0.01827952 0.00897912
v -0.04057121 0.01871439 0.00504568
v -0.04148575 0.01823782 0.00520583
v -0.04190803 0.01867088 0.01152695
v 0.04179674 0.01795691 0.00726761
v 0.03579811 0.02152533 0.01480521
v -0.04191351 0.01866023 0.01418851
v -0.04186403 0.01875381 0.01463409
v 0.04204083 0.01796844 0.01458189
v 0.04131711 0.01784958 0.00525578
v 0.04169130 0.01789222 0.00642892
v 0.03960185 0.01868860 0.00471431
v 0.04233661 0.01769555 0.01400085
v 0.03795057 0.01925810 0.00418857
v 0.03726882 0.01927602 0.00361417
v 0.00879235 0.02376463 0.01486482
v 0.04072199 0.01800382 0.00469779
v 0.04200111 0.01788474 0.00929208
v -0.04274982 0.01793328 0.00835323
v -0.02844398 0.02132254 0.00312713
v 0.04269918 0.01750855 0.01464279
v 0.04310513 0.01716172 0.01407837
v 0.04329935 0.01708210 0.01457360
v 0.04306173 0.01711274 0.00930948
v 0.04309660 0.01699662 0.00715806
v 0.04439759 0.01613999 0.01061331
v 0.04297430 0.01695566 0.00642305
v 0.04393724 0.01665648 0.01467828
v 0.01564487 0.02377428 0.01484541
v -0.03921495 0.01904076 0.00443162
v -0.04254969 0.01757216 0.00552167
v -0.04274234 0.01777435 0.00713775
v 0.03896932 0.01836968 0.00357291
v 0.03879927 0.01878677 0.00415640
v 0.03983831 0.01816664 0.00410362
v 0.04008104 0.01772690 0.00357569
v 0.02190225 0.02131763 0.00279863
v -0.03123787 0.02325842 0.01486252
v -0.04208558 0.01775433 0.00506085
v -0.00735821 0.02156382 0.00286731
v -0.01194910 0.02154184 0.00287758
v 0.02983322 0.02326852 0.01481278
v -0.04049179 0.01848681 0.00460004
v -0.04282679 0.01796591 0.01033238
v 0.04477221 0.01568851 0.00704549
v -0.04377853 0.01701087 0.00726160
v -0.03632433 0.01965821 0.00348521
v -0.03758195 0.01900611 0.00337860
v 0.04118994 0.01737108 0.00412272
v 0.04092206 0.01726351 0.00365139
v -0.04262015 0.01816828 0.01458606
v -0.04282368 0.01795180 0.01409061
v -0.04356006 0.01682997 0.00560383
v -0.04348920 0.01673316 0.00511363
v -0.04446699 0.01602750 0.00529753
v 0.04191475 0.01816922 0.01478962
v -0.04138749 0.01789806 0.00454035
v -0.04434543 0.01667404 0.00843337
v 0.04229155 0.01690019 0.00465998
v -0.04455612 0.01635351 0.00721987
v -0.04358520 0.01737487 0.01457191
v -0.04418223 0.01685905 0.01051724
v -0.04395145 0.01699833 0.01413403
v -0.03422627 0.02028242 0.00324375
v -0.03980930 0.01811527 0.00366601
v -0.04248419 0.01719435 0.00462711
v 0.03746122 0.01858272 0.00293094
v 0.03992542 0.01754940 0.00325521
v -0.04496108 0.01557618 0.00525571
v -0.03650080 0.01930335 0.00318565
v -0.04413213 0.01604154 0.00480640
v -0.04346512 0.01638939 0.00455494
v -0.04437213 0.01665016 0.01454001
v -0.04465384 0.01634934 0.01319752
v 0.04425722 0.01653087 0.01478159
v -0.04585746 0.01513677 0.00777723
v -0.04259273 0.01834332 0.01480032
v -0.04395875 0.01714189 0.01476239
v -0.04512913 0.01590367 0.01407804
v -0.04586974 0.01514947 0.01333264
v -0.04538633 0.01572890 0.01456974
v -0.04586661 0.01520829 0.01458128
v -0.04591325 0.01514363 0.01023113
v -0.04597340 0.01507887 0.00901714
v -0.04581313 0.01508228 0.00706073
v -0.04609702 0.01447950 0.00540412
v -0.04200394 0.01696233 0.00394172
v 0.04118529 0.01678775 0.00330783
v -0.04573163 0.01476171 0.00515421
v -0.04719922 0.01355039 0.00666957
v -0.04706122 0.01344781 0.00531893
v 0.03980144 0.01946248 0.01478021
v -0.04696115 0.01395695 0.00807146
v -0.04701611 0.01393098 0.01052012
v -0.04699435 0.01391717 0.01324122
v -0.04737293 0.01353872 0.01398821
v -0.04630786 0.01469170 0.01430064
v -0.04620039 0.01497406 0.01475988
v -0.04702197 0.01405125 0.01468879
v -0.04639517 0.01399219 0.00500334
v -0.04539743 0.01482318 0.00472365
v -0.04465389 0.01535673 0.00452428
v -0.04303686 0.01546343 0.00322132
v -0.04631023 0.01358896 0.00439980
v -0.04576180 0.01552064 0.01478211
v -0.00381651 0.02498009 0.00755132
v -0.00219276 0.02501837 0.00837591
v 0.00184173 0.02499000 0.00773084
v -0.00535441 0.02507080 0.00938271
v -0.00877157 0.02504837 0.00763366
v -0.02530523 0.02491944 0.00743208
v -0.02338946 0.02505875 0.00957692
v -0.01907347 0.02503782 0.00774821
v -0.01846221 0.02511549 0.00962699
v -0.01337239 0.02506064 0.00796334
v -0.01320078 0.02512059 0.00956791
v -0.00926758 0.02513020 0.00984188
v -0.01374991 0.02502330 0.00741187
v -0.00421952 0.02506257 0.01041039
v -0.02057045 0.02509704 0.01158874
v -0.01643732 0.02510983 0.01183935
v -0.01138682 0.02512172 0.01110624
v -0.00955522 0.02507721 0.01405523
v -0.00543204 0.02503036 0.01398636
v -0.00262637 0.02502020 0.01366967
v 0.00028322 0.02505400 0.00978104
v 0.00070694 0.02502873 0.01248677
v 0.00415661 0.02499942 0.01402762
v 0.00451999 0.02502399 0.00980708
v 0.00824248 0.02496177 0.01343964
v 0.00865000 0.02495769 0.01004509
v 0.01280467 0.02493659 0.00988456
v 0.01446637 0.02494026 0.01395708
v 0.01868817 0.02491806 0.01219352
v 0.01628286 0.02490159 0.00958154
v 0.01903480 0.02488508 0.00959139
v 0.02448440 0.02482229 0.01163788
v 0.02335050 0.02481277 0.00978447
v 0.02538074 0.02473564 0.00902392
v 0.02743247 0.02470678 0.01138590
v 0.02553240 0.02482220 0.01450799
v 0.02751201 0.02473738 0.01445588
v 0.02138475 0.02488564 0.01410017
v 0.01837370 0.02492424 0.01399454
v 0.00909939 0.02494396 0.01432648
v -0.01348017 0.02508196 0.01398603
v -0.02076154 0.02508889 0.01408439
v -0.02544923 0.02506454 0.01438623
v -0.02569136 0.02504096 0.01036798
v 0.00449543 0.02496342 0.00767306
v 0.00939000 0.02490197 0.00798784
v 0.01249661 0.02488380 0.00799614
v 0.01530698 0.02484491 0.00777660
v 0.02065570 0.02478067 0.00779347
v 0.01846497 0.02479008 0.00740883
v -0.02197312 0.02507366 0.01447551
v 0.01947708 0.02489676 0.01446834
v 0.01556350 0.02489437 0.01463814
v -0.02756246 0.02498474 0.01002983
v -0.02777071 0.02500924 0.01387544
v -0.02538881 0.02497602 0.00821920
v -0.00932492 0.02504883 0.01447811
v -0.00432343 0.02498434 0.01448894
v 0.02766583 0.02463149 0.00926878
v 0.01015558 0.02474068 0.00577045
v 0.01221649 0.02476691 0.00632266
v 0.01574757 0.02467329 0.00576705
v 0.01785103 0.02466661 0.00585436
v 0.02264697 0.02455851 0.00562835
v -0.02030191 0.02486424 0.00619022
v -0.01571525 0.02485383 0.00594330
v -0.01279431 0.02488097 0.00600391
v -0.00848662 0.02488538 0.00599036
v -0.00364151 0.02487331 0.00629651
v 0.00156815 0.02484621 0.00601023
v 0.00718560 0.02477870 0.00587449
v -0.02762282 0.02488182 0.00789045
v 0.02560714 0.02464215 0.00765723
v 0.02751490 0.02456728 0.00789509
v 0.02556574 0.02451902 0.00626553
v 0.02543213 0.02447025 0.00558263
v 0.02753862 0.02438100 0.00571744
v -0.02785806 0.02497311 0.01462980
v -0.02950130 0.02484565 0.01064482
v -0.02946157 0.02487956 0.01351107
v -0.02962304 0.02478054 0.00900518
v 0.02885354 0.02460735 0.01401232
v 0.02952486 0.02448677 0.01106411
v 0.02960048 0.02439903 0.00858945
v 0.02957705 0.02432474 0.00743841
v 0.02931088 0.02420274 0.00572386
v -0.02929079 0.02488267 0.01442912
v -0.02581587 0.02472491 0.00589461
v -0.02755632 0.02465319 0.00598668
v -0.00432438 0.02479016 0.00564813
v 0.00429768 0.02495698 0.01461726
v 0.00787448 0.02491656 0.01468328
v -0.02947972 0.02468766 0.00753944
v -0.02964942 0.02446616 0.00596848
v -0.02088634 0.02479084 0.00576141
v 0.01156327 0.02464893 0.00528875
v 0.01861316 0.02455668 0.00524251
v -0.03128063 0.02462896 0.01146088
v -0.03107842 0.02459505 0.00904600
v 0.03089464 0.02433233 0.01439316
v 0.03096385 0.02426266 0.01037663
v -0.02597804 0.02501450 0.01471170
v -0.03085852 0.02468549 0.01435367
v -0.03136037 0.02447921 0.00790828
v -0.00067388 0.02459267 0.00450275
v 0.00496813 0.02455389 0.00446084
v -0.00820609 0.02460848 0.00454826
v -0.02617763 0.02438486 0.00435568
v -0.02359193 0.02444622 0.00433044
v -0.01974171 0.02449664 0.00426546
v -0.01439324 0.02459186 0.00456950
v 0.03203880 0.02398134 0.00794105
v 0.03122911 0.02393721 0.00586419
v 0.01106721 0.02445637 0.00429857
v 0.01561434 0.02440638 0.00432559
v 0.01819076 0.02436708 0.00421405
v -0.03132119 0.02430142 0.00625429
v 0.02229899 0.02429681 0.00435531
v 0.03295158 0.02385625 0.00913370
v 0.03270710 0.02394868 0.01173265
v -0.03293542 0.02429726 0.01008444
v 0.01138299 0.02426951 0.00357236
v -0.00049494 0.02448921 0.00408130
v 0.00498288 0.02444954 0.00405526
v -0.01295294 0.02447760 0.00410620
v -0.00672983 0.02447922 0.00404817
v -0.02737940 0.02431723 0.00440105
v 0.02547017 0.02432738 0.00502635
v 0.02365856 0.02398877 0.00321735
v 0.02736008 0.02399525 0.00396406
v 0.02938604 0.02386978 0.00433175
v 0.03128248 0.02370709 0.00490477
v -0.03301705 0.02431092 0.01208478
v -0.03266190 0.02434257 0.01441850
v -0.03304336 0.02417338 0.00806522
v -0.03294844 0.02398713 0.00621275
v 0.03282475 0.02358134 0.00569243
v 0.03335957 0.02365192 0.00760959
v -0.02948752 0.02408053 0.00427968
v 0.03231494 0.02401744 0.01444406
v 0.01898746 0.02394800 0.00272719
v 0.02367922 0.02383981 0.00267265
v -0.02579763 0.02391859 0.00281161
v -0.01945102 0.02398623 0.00265225
v -0.01470423 0.02393560 0.00242748
v -0.00924795 0.02397512 0.00246875
v -0.00601535 0.02397716 0.00239294
v -0.00244009 0.02398896 0.00238388
v 0.00068065 0.02396571 0.00239266
v 0.00624988 0.02399913 0.00256183
v 0.01168465 0.02398863 0.00260590
v -0.03123801 0.02393880 0.00455174
v -0.03273547 0.02363726 0.00440642
v 0.02507278 0.02365803 0.00230531
v 0.02756352 0.02366753 0.00280839
v 0.03146325 0.02418871 0.01473113
v 0.03407824 0.02359063 0.01398689
v 0.03012025 0.02358087 0.00367107
v 0.03428916 0.02349078 0.00891359
v 0.03474738 0.02341238 0.01125618
v -0.02120795 0.02502893 0.01469577
v -0.00925688 0.02501205 0.01466711
v -0.00365456 0.02492344 0.01474441
v 0.02118355 0.02480166 0.01476730
v -0.03042766 0.02468935 0.01469173
v 0.03431865 0.02317740 0.00566331
v 0.03475750 0.02324753 0.00749534
v -0.02773179 0.02369973 0.00253162
v 0.01946349 0.02378310 0.00224769
v 0.01091190 0.02386405 0.00223411
v 0.02355260 0.02361880 0.00206985
v -0.03414185 0.02396332 0.01438746
v -0.03350235 0.02415077 0.01040073
v -0.03121293 0.02367585 0.00367823
v -0.02941616 0.02359503 0.00276447
v 0.03219565 0.02324374 0.00385491
v 0.03013782 0.02322259 0.00253747
v 0.03147004 0.02304012 0.00274875
v 0.03386046 0.02361352 0.01450950
v -0.03491278 0.02364188 0.00859195
v 0.03320206 0.02314037 0.00434378
v -0.03454775 0.02351486 0.00607870
v -0.03461365 0.02364143 0.00729222
v -0.03467273 0.02382420 0.01170648
v -0.03551666 0.02354064 0.01434280
v -0.03318711 0.02419178 0.01460219
v 0.03530679 0.02315994 0.00878785
v 0.03492517 0.02329239 0.01474889
v -0.03432595 0.02321123 0.00438491
v -0.01954905 0.02376071 0.00206256
v -0.02484282 0.02368737 0.00216437
v 0.03550579 0.02281224 0.00579608
v -0.02632260 0.02364147 0.00217642
v 0.03594923 0.02297684 0.01436968
v -0.03622938 0.02311908 0.00742491
v -0.03098989 0.02323318 0.00239472
v -0.03627443 0.02320444 0.00912505
v -0.03643258 0.02321030 0.01143947
v -0.03619522 0.02296465 0.00605338
v 0.03649525 0.02264021 0.00752537
v 0.03458700 0.02277510 0.00447844
v 0.03350660 0.02279388 0.00349285
v 0.03255605 0.02268398 0.00246098
v 0.02792380 0.02335136 0.00213346
v 0.01921388 0.02362834 0.00186794
v 0.01154069 0.02367822 0.00182700
v 0.00287172 0.02362880 0.00165414
v -0.01515924 0.02349269 0.00145768
v -0.00961773 0.02366064 0.00177870
v -0.00518983 0.02357848 0.00148110
v -0.00204592 0.02356566 0.00143983
v -0.03273129 0.02310155 0.00291998
v -0.03467907 0.02298250 0.00402081
v 0.03649858 0.02278290 0.01125763
v -0.03629715 0.02262514 0.00466459
v -0.02945830 0.02331783 0.00212485
v 0.03716758 0.02245108 0.00861748
v 0.03745801 0.02208111 0.00588291
v 0.03798615 0.02205102 0.00786921
v 0.03674941 0.02199679 0.00437865
v -0.03626291 0.02326443 0.01448190
v 0.03554043 0.02206200 0.00321741
v 0.03413844 0.02223113 0.00246437
v 0.03524873 0.02190446 0.00253854
v 0.02004787 0.02322725 0.00108596
v 0.02290259 0.02309906 0.00098605
v 0.02492627 0.02315084 0.00125265
v 0.03750024 0.02237768 0.01141350
v -0.03641490 0.02233992 0.00387099
v -0.01958482 0.02340956 0.00136116
v -0.02569465 0.02314002 0.00113064
v -0.02794503 0.02311356 0.00137255
v -0.00928412 0.02343757 0.00133331
v 0.03095836 0.02291288 0.00223052
v 0.01410150 0.02339525 0.00134703
v -0.03780292 0.02251880 0.00792497
v -0.03783346 0.02256793 0.00898783
v -0.03784085 0.02264805 0.01135581
v 0.01125496 0.02350913 0.00148867
v 0.00750748 0.02350014 0.00146126
v 0.00256230 0.02347588 0.00136149
v -0.03788034 0.02264204 0.01263184
v -0.03747353 0.02278254 0.01452794
v -0.03854412 0.02200274 0.00617383
v -0.03798121 0.02185387 0.00435829
v -0.03439084 0.02242007 0.00242955
v 0.03847010 0.02192463 0.01396648
v 0.03661041 0.02268732 0.01473646
v -0.03502056 0.02364624 0.01459552
v -0.03825510 0.02245959 0.01450834
v 0.03862832 0.02183450 0.00923838
v -0.03957443 0.02170587 0.00757465
v -0.03952515 0.02180350 0.00852905
v -0.03273826 0.02277241 0.00222693
v -0.03970829 0.02182278 0.01139185
v -0.03957257 0.02188640 0.01428707
v 0.03863739 0.02186629 0.01195222
v -0.03953558 0.02154171 0.00606493
v -0.03615528 0.02203959 0.00286393
v 0.02769847 0.02279094 0.00103612
v 0.03866654 0.02151503 0.00583302
v 0.03899584 0.02156075 0.00777642
v 0.03799722 0.02145733 0.00442565
v 0.02880295 0.02268218 0.00111750
v -0.01974378 0.02319649 0.00098684
v 0.03636206 0.02146868 0.00249130
v 0.03698684 0.02126262 0.00262267
v 0.03849218 0.02183856 0.01474411
v 0.03943412 0.02143344 0.01435356
v -0.03942497 0.02124143 0.00457484
v 0.03982828 0.02127277 0.01181872
v -0.03597325 0.02189969 0.00242699
v -0.03055374 0.02264303 0.00122289
v 0.01377974 0.02321133 0.00103405
v -0.04158097 0.02067152 0.00735940
v -0.04155505 0.02080033 0.00897595
v -0.04153587 0.02089737 0.01187913
v -0.04133056 0.02098402 0.01433676
v 0.04008187 0.02078769 0.00591547
v 0.04017866 0.02093753 0.00767588
v 0.04033471 0.02093812 0.00900415
v -0.03397733 0.02388128 0.01474066
v -0.01073239 0.02320509 0.00095997
v -0.00360261 0.02325154 0.00094673
v 0.03247511 0.02196501 0.00114586
v 0.03402204 0.02154405 0.00116248
v 0.03498989 0.02123020 0.00119899
v 0.03071571 0.02221040 0.00093617
v 0.01045175 0.02321243 0.00101125
v 0.00562350 0.02321726 0.00099057
v 0.00171544 0.02322790 0.00098098
v -0.03261832 0.02224013 0.00128740
v -0.04021804 0.02154937 0.01448295
v -0.04160360 0.02045771 0.00605215
v -0.04153065 0.02020108 0.00485305
v -0.03750459 0.02139106 0.00267679
v -0.03944660 0.02098595 0.00384557
v 0.03808834 0.02082054 0.00281354
v 0.04053663 0.02013045 0.00438578
v -0.02820255 0.02270355 0.00077598
v 0.04030333 0.02096230 0.01438265
v 0.03915704 0.02075653 0.00409304
v 0.03914600 0.02030112 0.00283034
v 0.04139062 0.02002227 0.00584041
v 0.04156641 0.02011087 0.00762531
v 0.02076344 0.02303226 0.00082137
v -0.04167232 0.02001563 0.00449946
v -0.03954574 0.02047294 0.00275815
v -0.04177750 0.01962746 0.00370243
v -0.03408520 0.02175301 0.00116812
v -0.03562264 0.02129338 0.00125826
v 0.04142351 0.02035794 0.01191229
v 0.04189210 0.02006832 0.01402624
v 0.04001901 0.02106024 0.01474403
v 0.04191423 0.02000242 0.00927487
v 0.04132582 0.02036417 0.01450429
v 0.04105500 0.02047454 0.01476397
v 0.03872195 0.02034191 0.00244474
v -0.02085078 0.02299803 0.00074328
v -0.01401887 0.02303365 0.00073015
v -0.00603010 0.02304642 0.00072645
v 0.04266710 0.01958200 0.01174747
v 0.01174530 0.02479042 0.01487811
v -0.04292684 0.02005567 0.01237663
v -0.04302853 0.01994025 0.00990168
v -0.04200133 0.02045818 0.00801287
v -0.04322509 0.01968557 0.00796927
v 0.04000222 0.01970272 0.00251962
v -0.04293431 0.01964796 0.00613751
v -0.04301822 0.01994336 0.01434628
v 0.04142247 0.01962335 0.00450518
v 0.04229043 0.01945170 0.00597211
v 0.04406289 0.01858460 0.00947910
v -0.02831617 0.02479481 0.01487285
v 0.03670304 0.02084346 0.00168757
v 0.03822383 0.01984068 0.00121621
v -0.03779127 0.02105857 0.00231175
v 0.03206407 0.02173966 0.00070095
v 0.04336690 0.01910770 0.01384855
v 0.04231011 0.01971347 0.01476637
v -0.01934740 0.02495633 0.01481202
v -0.00988250 0.02494393 0.01479281
v 0.01496523 0.02475976 0.01486625
v 0.04094353 0.01912842 0.00249685
v -0.04090360 0.02113853 0.01459623
v -0.04078667 0.01971411 0.00263172
v 0.04203114 0.01845272 0.00250319
v 0.02995918 0.02214231 0.00066850
v -0.04442762 0.01899230 0.00996132
v -0.04442295 0.01884082 0.00783374
v -0.04431577 0.01874363 0.00647383
v -0.04467995 0.01885908 0.01182749
v -0.04466310 0.01884151 0.01389339
v -0.03260785 0.02183322 0.00073255
v -0.03801895 0.02047327 0.00156909
v -0.03971283 0.02021725 0.00245522
v -0.04322570 0.01892562 0.00433549
v 0.00762474 0.02298130 0.00075899
v 0.03718572 0.01998567 0.00070882
v 0.03588579 0.02053708 0.00072109
v 0.03478137 0.02097803 0.00074635
v -0.04173177 0.01909228 0.00254786
v -0.04476131 0.01872381 0.01434506
v -0.04451923 0.01831607 0.00539777
v 0.03884321 0.01921470 0.00077322
v 0.04020765 0.01905861 0.00168221
v 0.02213761 0.02280550 0.00062405
v -0.03635911 0.02083659 0.00106710
v -0.04568329 0.01796923 0.00890188
v -0.03933799 0.01974012 0.00146483
v -0.04411574 0.01825675 0.00427494
v -0.04566744 0.01781561 0.00724450
v -0.04315450 0.01818306 0.00263111
v -0.04373993 0.01794171 0.00298523
v -0.03362440 0.02146128 0.00064804
v -0.04554515 0.01769250 0.00599687
v -0.03526886 0.02100792 0.00075235
v -0.04382570 0.01934309 0.01450658
v 0.03990858 0.01858876 0.00073406
v -0.04123190 0.01876614 0.00158240
v -0.03821021 0.01975208 0.00075681
v -0.04603313 0.01776638 0.01131957
v -0.04621550 0.01760205 0.01277522
v -0.04523100 0.01743379 0.00438103
v -0.03690433 0.02031484 0.00072921
v -0.04511317 0.01721816 0.00367352
v -0.04310318 0.01978327 0.01456510
v -0.03957464 0.01903444 0.00074798
v -0.04447020 0.01710474 0.00246944
v -0.04636289 0.01739350 0.01426048
v -0.04257287 0.01773974 0.00142059
v -0.04426187 0.01669119 0.00169187
v -0.04652927 0.01718946 0.00889439
v -0.04703915 0.01680371 0.01093992
v -0.04688405 0.01635372 0.00566132
v -0.04697165 0.01586705 0.00445973
v -0.04715390 0.01628102 0.00646531
v -0.04746615 0.01624486 0.00850451
v -0.03347301 0.02392791 0.01483121
v -0.04684757 0.01579251 0.00400104
v -0.04558143 0.01619844 0.00257323
v -0.04642350 0.01545291 0.00261237
v -0.04745696 0.01638675 0.01276445
v -0.04831377 0.01534686 0.00816259
v -0.04811967 0.01530629 0.00644794
v -0.04824604 0.01494583 0.00557950
v -0.04839363 0.01542926 0.01107653
v -0.04017030 0.02131580 0.01482597
v -0.04727906 0.01644145 0.01446597
v -0.04713125 0.01472401 0.00257372
v -0.04840666 0.01376510 0.00321190
v -0.04590213 0.01500425 0.00142697
v 0.03930215 0.01849443 0.00033442
v 0.04038940 0.01789468 0.00033863
v -0.04475371 0.01545400 0.00078071
v -0.04503045 0.01837842 0.01457487
v -0.04747036 0.01351364 0.00153765
v -0.04806757 0.01557320 0.01453554
v 0.05263181 -0.00039474 0.00913574
v 0.05268249 0.00029839 0.00993863
v 0.05256668 -0.00002845 0.00795842
v 0.05286040 -0.00031298 0.01378325
v 0.05287270 0.00027562 0.01387903
v 0.05258895 -0.00192737 0.01025138
v 0.05279076 -0.00182569 0.01396915
v 0.05245208 -0.00208655 0.00813195
v 0.05249410 -0.00026856 0.00735803
v 0.05271583 -0.00257497 0.01398793
v 0.05259733 -0.00256235 0.01143825
v 0.05233689 -0.00216304 0.00708028
v 0.05234082 -0.00292047 0.00810118
v 0.05297972 -0.00013936 0.01459861
v 0.05283477 -0.00221875 0.01458450
v 0.05266293 -0.00333656 0.01462785
v 0.05227512 -0.00377556 0.00963884
v 0.05211136 -0.00362569 0.00716711
v 0.05242010 -0.00386820 0.01334802
v 0.05250038 -0.00380239 0.01415674
v 0.05200998 -0.00448125 0.00839433
v 0.05169592 -0.00566979 0.00790881
v 0.05168997 -0.00522242 0.00692815
v 0.05227353 -0.00502382 0.01463148
v 0.05185879 -0.00561236 0.01076751
v 0.05204466 -0.00533405 0.01345350
v 0.05200877 -0.00567802 0.01416020
v 0.05215675 -0.00219399 0.00612197
v 0.05194261 -0.00367454 0.00632551
v 0.05184104 -0.00594624 0.01325860
v 0.05234552 -0.00001639 0.00649837
v 0.05129931 -0.00552194 0.00538386
v 0.05170764 -0.00376801 0.00537154
v 0.05136537 -0.00603921 0.00641788
v 0.05132357 -0.00661832 0.00735633
v 0.05188586 -0.00616249 0.01455709
v 0.05123850 -0.00720177 0.00913106
v 0.05089415 -0.00778264 0.00740969
v 0.05083559 -0.00730833 0.00593517
v 0.05085993 -0.00673866 0.00516998
v 0.05128618 -0.00746006 0.01395868
v 0.05145258 -0.00726015 0.01460187
v 0.05099540 -0.00783112 0.00942009
v 0.05163725 -0.00344246 0.00495620
v 0.05198426 -0.00183371 0.00535594
v 0.05204390 -0.00011087 0.00530261
v 0.05024331 -0.00925923 0.00779033
v 0.05050569 -0.00907509 0.01337467
v 0.05096165 -0.00826902 0.01450317
v 0.04999639 -0.00912207 0.00569637
v 0.05011978 -0.00923226 0.00666719
v 0.05266026 -0.00357962 0.01479686
v 0.04996753 -0.00870225 0.00491010
v 0.05036528 -0.00779955 0.00499418
v 0.05130601 -0.00445109 0.00465652
v 0.05246954 0.00036847 0.00729040
v 0.05291789 0.00134834 0.01458806
v 0.05281841 0.00152752 0.01394715
v 0.05258767 0.00181551 0.00988402
v 0.05238480 0.00218617 0.00762823
v 0.05233182 0.00197589 0.00714700
v 0.05272692 0.00255124 0.01407333
v 0.05219713 0.00136957 0.00635596
v 0.05253433 0.00253525 0.01037995
v 0.05269473 0.00315964 0.01458259
v 0.05215399 0.00243490 0.00655853
v 0.05169364 -0.00191005 0.00467061
v 0.05193566 0.00118053 0.00535962
v 0.05286453 -0.00315396 0.01482855
v 0.05177757 -0.00002905 0.00464923
v 0.05081872 -0.00575924 0.00444424
v 0.05300130 0.00157224 0.01480718
v 0.05210844 0.00431435 0.00894109
v 0.05216925 0.00460968 0.01067994
v 0.05245631 0.00394685 0.01388730
v 0.05247017 0.00432726 0.01459890
v 0.05196659 0.00439967 0.00760158
v 0.05170171 0.00219574 0.00498745
v 0.05194102 0.00415861 0.00713796
v 0.05265492 0.00356307 0.01477424
v 0.05227033 0.00479274 0.01390096
v 0.05172798 0.00507307 0.00708255
v 0.05182121 0.00557394 0.00911871
v 0.05174644 0.00414447 0.00628839
v 0.05192130 0.00322957 0.00634276
v 0.05164484 0.00317114 0.00547758
v 0.05124737 0.00443182 0.00490760
v 0.05127563 0.00351053 0.00456773
v 0.05165748 0.00563190 0.00769350
v 0.05225210 0.00515939 0.01461118
v 0.05157319 0.00179393 0.00459019
v 0.05179980 0.00613771 0.01184827
v 0.05126999 -0.00353226 0.00425629
v 0.05132991 0.00568347 0.00619636
v 0.05186543 0.00616904 0.01397084
v 0.05129416 0.00645011 0.00708584
v 0.05187961 0.00628462 0.01456184
v 0.05085437 0.00610361 0.00509401
v 0.05143917 0.00665992 0.00920157
v 0.05093051 0.00756248 0.00756853
v 0.05222252 0.00543646 0.01478936
v 0.05183516 0.00656915 0.01479061
v 0.05036906 -0.00726447 0.00454401
v 0.05110754 -0.00201636 0.00366963
v 0.05144884 0.00002160 0.00412782
v 0.05119571 0.00001142 0.00363242
v 0.05105121 0.00203161 0.00375385
v 0.05074130 0.00360623 0.00368779
v 0.05086596 0.00735810 0.00671959
v 0.05087637 0.00537323 0.00466460
v 0.05079226 -0.00343453 0.00344299
v 0.05078745 -0.00417763 0.00367002
v 0.05145859 0.00734840 0.01460708
v 0.05110351 0.00802382 0.01397219
v 0.05086568 0.00798553 0.00886289
v 0.05097954 0.00814467 0.01179940
v 0.05038888 0.00734443 0.00523954
v 0.05088375 0.00448776 0.00426527
v 0.05097842 0.00836560 0.01457177
v 0.05017154 -0.00635493 0.00369443
v 0.05054332 0.00833302 0.00750642
v 0.05043889 0.00824008 0.00667258
v 0.04950628 -0.00737862 0.00325147
v 0.05081019 -0.00204433 0.00325026
v 0.05284833 0.00331504 0.01482209
v 0.05130384 0.00786302 0.01480005
v 0.05055986 0.00916848 0.01461970
v 0.05021356 0.00967700 0.01391834
v 0.05014586 0.00970337 0.01189430
v 0.05001651 0.00967968 0.00949336
v 0.04993724 0.00921865 0.00675406
v 0.04981540 0.00960861 0.00716091
v 0.05041934 0.00675372 0.00476549
v 0.04997287 0.00822932 0.00533522
v 0.05009034 0.01001179 0.01477698
v 0.05000439 0.00767719 0.00477617
v 0.05025202 0.00549554 0.00376236
v 0.04986079 0.00654106 0.00372225
v 0.04898982 0.01096161 0.00711315
v 0.04954147 0.00971893 0.00640710
v 0.04889774 0.01079998 0.00644847
v 0.04959227 0.00885400 0.00531473
v 0.04901405 0.00985771 0.00521999
v 0.04893757 0.00956264 0.00470328
v 0.04946709 0.00848025 0.00461614
v 0.05085523 0.00879031 0.01480489
v 0.04916014 0.01099188 0.00916645
v 0.04931147 0.01099346 0.01178335
v 0.04971453 0.01055237 0.01457308
v 0.04924382 0.01133103 0.01477744
v 0.04929731 0.01109908 0.01392787
v 0.04849093 0.01175228 0.00747791
v 0.04866849 0.01176321 0.00981120
v 0.04816249 0.01105873 0.00503493
v 0.04829497 0.01183905 0.00681013
v 0.04927609 0.00761037 0.00360213
v 0.04842601 0.00933701 0.00374635
v 0.04877396 0.01181848 0.01386560
v 0.04884959 0.01181890 0.01457260
v 0.04728347 0.01220157 0.00491222
v 0.04776889 0.01248220 0.00674470
v 0.04813518 0.01056042 0.00443249
v 0.04750439 0.01169758 0.00463879
v 0.05115336 0.00852633 0.01483693
v 0.04803799 0.01244182 0.00856193
v 0.04768933 0.01273413 0.00736640
v 0.04826362 0.01234860 0.01126318
v 0.04987273 0.00545549 0.00328700
v 0.04924554 0.00713742 0.00328801
v 0.04693459 0.01358080 0.00711890
v 0.04822682 0.01257098 0.01457221
v 0.04895262 0.01199813 0.01480958
v 0.04680259 0.01347171 0.00633598
v 0.04656931 0.01315997 0.00508993
v 0.04731214 0.01102194 0.00366780
v 0.04736297 0.01052111 0.00331676
v 0.04864646 0.00829496 0.00328322
v 0.04806496 0.01265084 0.01396456
v 0.04713418 0.01356270 0.01051998
v 0.04741949 0.01344604 0.01456775
v 0.04736370 0.01341066 0.01403497
v 0.04644518 0.01435684 0.01398623
v 0.04655349 0.01435238 0.01456807
v 0.04578015 0.01469769 0.00677640
v 0.04650196 0.01293977 0.00463290
v 0.04658631 0.01197692 0.00363285
v 0.04794329 0.00952811 0.00329604
v 0.04622269 0.01448693 0.00994259
v 0.04614010 0.01441801 0.00739670
v 0.04528532 0.01523543 0.00707357
v 0.04550301 0.01439842 0.00532172
v 0.04817954 0.01277022 0.01478386
v 0.04608091 0.01493922 0.01475734
v 0.04554238 0.01524647 0.01400362
v 0.04555314 0.01513715 0.00991152
v 0.04568461 0.01521476 0.01456426
v 0.04549952 0.01404489 0.00465079
v 0.04483579 0.01473391 0.00464718
v 0.04471722 0.01516564 0.00528641
v 0.04670230 0.01141580 0.00326838
v 0.04950959 0.01102939 0.01480484
v 0.04428701 0.01589576 0.00630565
v 0.04386692 0.01582631 0.00501299
v 0.04397839 0.01552867 0.00462189
v 0.04495043 0.01569291 0.01043689
v 0.04539394 0.01557435 0.01476241
v 0.04579252 0.01340149 0.00426025
v 0.04486348 0.01390368 0.00363800
v 0.04589249 0.01244557 0.00329067
v 0.04543503 0.01318408 0.00349966
v 0.04471437 0.01603874 0.01456595
v 0.04442372 0.01618369 0.01393732
v 0.04429391 0.01611925 0.00763496
v 0.04442618 0.01470858 0.00412553
v 0.04373877 0.01503725 0.00364022
v 0.04398620 0.01444972 0.00325533
v 0.04311462 0.01650681 0.00522065
v 0.04304300 0.01629988 0.00462322
v 0.04497533 0.01319370 0.00306033
v 0.04494540 0.01598148 0.01477380
v 0.04189030 0.01732908 0.00491710
v 0.04291035 0.01571892 0.00356310
v 0.04254280 0.01611859 0.00371710
v 0.04305108 0.01533496 0.00326469
v 0.04157798 0.01683011 0.00368145
v 0.04684163 0.01050967 0.00287755
v 0.04809178 0.00841864 0.00289204
v -0.05263850 -0.00005131 0.00776265
v -0.05264344 0.00034917 0.00955101
v -0.05266808 -0.00014713 0.01135912
v -0.05262727 -0.00093327 0.00935033
v -0.05257133 -0.00204292 0.00864983
v -0.05259587 -0.00180872 0.01128983
v -0.05252758 -0.00199219 0.00729070
v -0.05258814 -0.00004345 0.00678137
v -0.05264416 -0.00200536 0.01350334
v -0.05271559 0.00000986 0.01357150
v -0.05276759 -0.00012702 0.01458584
v -0.05270360 -0.00180579 0.01457960
v -0.05247108 -0.00298803 0.01114853
v -0.05240654 -0.00311238 0.00741072
v -0.05236354 -0.00369871 0.00923600
v -0.05258269 -0.00284383 0.01460849
v -0.05236256 -0.00182693 0.00540559
v -0.05247951 -0.00002539 0.00561404
v -0.05232317 -0.00262610 0.00569861
v -0.05235954 -0.00397608 0.01380762
v -0.05228643 -0.00385953 0.00754835
v -0.05229291 -0.00452477 0.01459737
v -0.05223416 -0.00431411 0.01145148
v -0.05199512 -0.00530541 0.00918266
v -0.05210933 -0.00375389 0.00543536
v -0.05269035 -0.00214078 0.01479180
v -0.05195741 -0.00578850 0.01399006
v -0.05207692 -0.00553181 0.01460047
v -0.05224875 -0.00478966 0.01478691
v -0.05180908 -0.00565717 0.00712845
v -0.05175990 -0.00596257 0.00786165
v -0.05174024 -0.00528976 0.00563643
v -0.05180820 -0.00598795 0.00934955
v -0.05176667 -0.00641544 0.01388210
v -0.05184464 -0.00632402 0.01458937
v -0.05244550 -0.00448697 0.01481680
v -0.05211759 -0.00312713 0.00501615
v -0.05122800 -0.00777872 0.01128566
v -0.05111839 -0.00790135 0.00895777
v -0.05143037 -0.00749368 0.01454237
v -0.05135732 -0.00777947 0.01476981
v -0.05142242 -0.00674011 0.00707566
v -0.05093665 -0.00808852 0.00716676
v -0.05172135 -0.00492675 0.00507505
v -0.05098924 -0.00871577 0.01455056
v -0.05085144 -0.00874764 0.01144379
v -0.05060633 -0.00920262 0.00922183
v -0.05051064 -0.00919050 0.00749202
v -0.05102243 -0.00737535 0.00607212
v -0.05053749 -0.00948335 0.01129506
v -0.05059035 -0.00965187 0.01454508
v -0.05180970 -0.00654715 0.01477683
v -0.05042963 -0.00913847 0.00680357
v -0.05132423 -0.00607321 0.00517366
v -0.05087569 -0.00732751 0.00534420
v -0.05238164 -0.00004016 0.00512235
v -0.04998970 -0.01022447 0.00751743
v -0.05003227 -0.01031518 0.00920732
v -0.05000772 -0.01001241 0.00679394
v -0.05045998 -0.00823434 0.00533097
v -0.04995695 -0.01057922 0.01143246
v -0.05013961 -0.01048759 0.01449284
v -0.04998948 -0.00918314 0.00524346
v -0.05177002 -0.00392089 0.00454020
v -0.05092586 -0.00904748 0.01480266
v -0.05050816 -0.00993957 0.01479450
v -0.05255360 0.00182361 0.00776986
v -0.05256554 0.00190861 0.01133993
v -0.05264771 0.00137463 0.01377912
v -0.05269796 0.00114000 0.01457742
v -0.05240401 0.00184414 0.00578861
v -0.05231937 0.00161626 0.00518318
v -0.05255929 0.00235574 0.01357097
v -0.05267940 0.00170390 0.01479719
v -0.05209261 -0.00194564 0.00464868
v -0.05239678 0.00317270 0.00839852
v -0.05240788 0.00319365 0.01153993
v -0.05249322 0.00316892 0.01458439
v -0.05234884 0.00322606 0.00728870
v -0.05224910 0.00297091 0.00570033
v -0.05240609 0.00337528 0.01362630
v -0.05228061 0.00439869 0.01456566
v -0.05214263 0.00266139 0.00500792
v -0.05121054 -0.00583956 0.00464533
v -0.05210618 0.00335863 0.00532200
v -0.05213872 0.00440555 0.00839907
v -0.05211576 0.00462321 0.01190891
v -0.05214055 0.00468355 0.01387666
v -0.05203985 0.00447176 0.00681547
v -0.05212393 0.00151343 0.00462541
v -0.05198218 -0.00014798 0.00419186
v -0.05172878 0.00514306 0.00557555
v -0.05055072 -0.00755865 0.00478182
v -0.04998733 -0.00849288 0.00443375
v -0.05172761 -0.00309478 0.00419550
v -0.05175677 0.00454072 0.00502192
v -0.05178464 0.00546215 0.00715984
v -0.05185596 0.00539737 0.00842352
v -0.05192670 0.00564139 0.01455039
v -0.05183414 0.00569543 0.01400399
v -0.04962862 -0.01074344 0.00722964
v -0.04971463 -0.01085700 0.00973535
v -0.05179459 0.00352378 0.00455661
v -0.05162689 -0.00162154 0.00372801
v -0.05106308 -0.00540060 0.00409648
v -0.04917259 -0.01167998 0.01038663
v -0.04911924 -0.01152928 0.00803529
v -0.04956260 -0.00976474 0.00494154
v -0.04957748 -0.00905913 0.00415973
v -0.04953192 -0.01058745 0.00642704
v -0.05042270 -0.00715880 0.00421186
v -0.05140240 0.00659209 0.00730012
v -0.05143744 0.00666743 0.00915272
v -0.05144157 0.00678277 0.01264153
v -0.05147466 0.00676593 0.01454217
v -0.05117223 0.00670273 0.00557589
v -0.05224156 0.00480560 0.01479675
v -0.05176403 0.00210168 0.00404239
v -0.05140864 0.00563698 0.00505033
v -0.05091788 0.00705986 0.00510482
v -0.05162867 -0.00009560 0.00360150
v -0.05129794 -0.00366751 0.00368470
v -0.05026736 -0.01064531 0.01479491
v -0.04845747 -0.01296862 0.01460702
v -0.04839653 -0.01264411 0.00959638
v -0.04895060 -0.01153484 0.00682429
v -0.04898490 -0.01063803 0.00501129
v -0.04788930 -0.01304751 0.00759093
v -0.04781589 -0.01329678 0.00885149
v -0.04976502 -0.00782302 0.00364297
v -0.05038296 -0.00634151 0.00366173
v -0.05086386 -0.00501304 0.00363016
v -0.04816171 -0.01247697 0.00669461
v -0.04746298 -0.01333628 0.00666135
v -0.04825401 -0.01313554 0.01393216
v -0.04812538 -0.01176979 0.00498175
v -0.04778023 -0.01253944 0.00560015
v -0.04742842 -0.01261145 0.00483964
v -0.04740597 -0.01420589 0.01455924
v -0.04707916 -0.01427077 0.01071186
v -0.04694483 -0.01460413 0.01391195
v -0.04690072 -0.01429078 0.00840644
v -0.04642813 -0.01464586 0.00717843
v -0.04639524 -0.01495563 0.00987487
v -0.04679395 -0.01360806 0.00525867
v -0.04643894 -0.01430354 0.00598245
v -0.04890476 -0.01010940 0.00416334
v -0.04789600 -0.01163655 0.00433128
v -0.04565061 -0.01559387 0.00835034
v -0.04585493 -0.01451617 0.00492009
v -0.04666996 -0.01330719 0.00446575
v -0.04536262 -0.01540608 0.00592788
v -0.04529065 -0.01581633 0.00729849
v -0.04552481 -0.01586035 0.01027306
v -0.04537721 -0.01616831 0.01396225
v -0.04441624 -0.01674307 0.00810867
v -0.04485478 -0.01648935 0.01023555
v -0.04915610 -0.00913374 0.00364307
v -0.04431178 -0.01662282 0.00682025
v -0.04478196 -0.01680439 0.01455467
v -0.04432862 -0.01609302 0.00511264
v -0.04817379 -0.01067597 0.00371065
v -0.04384812 -0.01664906 0.00540478
v -0.04571945 -0.01428120 0.00434716
v -0.04863387 -0.00993151 0.00364642
v -0.04425982 -0.01701400 0.01023734
v -0.04429839 -0.01706831 0.01266871
v -0.04417081 -0.01726189 0.01419558
v -0.04343702 -0.01745299 0.00730343
v -0.04346507 -0.01780748 0.01389702
v -0.04674628 -0.01254626 0.00372932
v -0.04734150 -0.01170884 0.00365895
v -0.04596640 -0.01346166 0.00375464
v -0.04499073 -0.01506633 0.00440713
v -0.04401720 -0.01608203 0.00454351
v -0.04486278 -0.01456183 0.00366733
v -0.05200664 0.00592184 0.01479138
v -0.04315532 -0.01611878 0.00364493
v -0.04723838 -0.01121247 0.00320062
v -0.05132314 0.00374671 0.00387834
v -0.05137273 0.00478119 0.00441745
v -0.04555199 -0.01327772 0.00321197
v -0.05085691 0.00744389 0.00556970
v -0.05073398 0.00816512 0.00732282
v -0.05088715 0.00798875 0.00898246
v -0.05079584 0.00826232 0.01172897
v -0.05096559 0.00797607 0.01453953
v -0.05050768 0.00817232 0.00534159
v -0.05131088 0.00210503 0.00343216
v -0.05094346 0.00628614 0.00460813
v -0.05070211 0.00620898 0.00419260
v -0.05057851 0.00879425 0.01454646
v -0.05053655 0.00869205 0.00876780
v -0.04974572 0.01010354 0.00725585
v -0.04997548 0.00981060 0.00872986
v -0.05001368 0.00921185 0.00551849
v -0.04958053 0.01006160 0.00560864
v -0.05090017 0.00458830 0.00364792
v -0.05032358 0.00919488 0.01390229
v -0.05011211 0.00960683 0.01453145
v -0.04979661 0.01017073 0.01457665
v -0.04972110 0.01027325 0.00946147
v -0.05092280 0.00826928 0.01479990
v -0.05048301 0.00777732 0.00486728
v -0.05006981 0.00886885 0.00509151
v -0.04964498 0.00972530 0.00515452
v -0.05007871 0.00811840 0.00448636
v -0.04913798 0.01067185 0.00531713
v -0.05008246 0.00980344 0.01478521
v -0.04912426 0.01120995 0.00834092
v -0.04883448 0.01153750 0.00704660
v -0.04867222 0.01186281 0.00772143
v -0.04883916 0.01171754 0.01006311
v -0.04929430 0.01096790 0.01454582
v -0.04964555 0.01049717 0.01480387
v -0.04887932 0.01162091 0.01454701
v -0.04953308 0.00943943 0.00470506
v -0.04812446 0.01227544 0.00568089
v -0.04911097 0.01143786 0.01481706
v -0.04872490 0.01120113 0.00513659
v -0.04830658 0.01182292 0.00515145
v -0.04903897 0.01047972 0.00489050
v -0.04812090 0.01249409 0.00686370
v -0.04808261 0.01269273 0.00837169
v -0.04949719 0.00873062 0.00415775
v -0.04804832 0.01277145 0.01009285
v -0.04797701 0.01280944 0.01408283
v -0.04844851 0.01222820 0.01456586
v -0.04854463 0.01244492 0.01481340
v -0.04802158 0.01280522 0.01457246
v -0.04744485 0.01354509 0.01460796
v -0.04764025 0.01268936 0.00518006
v -0.04741006 0.01347847 0.00794573
v -0.04745856 0.01348632 0.01036271
v -0.04847453 0.01115810 0.00471742
v -0.04855585 0.01023655 0.00414084
v -0.04775102 0.01233236 0.00486828
v -0.04784298 0.01152295 0.00425804
v -0.04709228 0.01297867 0.00466436
v -0.05487701 -0.00166167 0.00841482
v -0.05497102 0.00000614 0.00895507
v -0.05487574 0.00004556 0.00741582
v -0.05479725 -0.00166003 0.00733638
v -0.05493777 -0.00154786 0.01004095
v -0.05500000 0.00005577 0.01062347
v -0.05491497 -0.00156869 0.01272164
v -0.05498148 0.00011952 0.01295118
v -0.05475254 -0.00323256 0.01031405
v -0.05472337 -0.00335838 0.01209025
v -0.05469460 -0.00337214 0.00866950
v -0.05462912 -0.00332072 0.00754565
v -0.05467543 -0.00332659 0.01353618
v -0.05484166 -0.00169091 0.01392788
v -0.05492549 0.00006574 0.01396848
v -0.05443924 -0.00495352 0.01064910
v -0.05441231 -0.00505144 0.01178359
v -0.05438810 -0.00480743 0.01395717
v -0.05432554 -0.00514712 0.00842903
v -0.05464958 -0.00191433 0.00623339
v -0.05447934 -0.00320866 0.00606144
v -0.05456851 -0.00353370 0.01430445
v -0.05472315 -0.00229464 0.01428074
v -0.05424136 -0.00506110 0.00727468
v -0.05470646 0.00009135 0.00603736
v -0.05416358 -0.00568523 0.01407592
v -0.05390651 -0.00691982 0.00980946
v -0.05393077 -0.00688131 0.01159709
v -0.05386895 -0.00681777 0.01399273
v -0.05384275 -0.00696074 0.00854309
v -0.05371132 -0.00709040 0.00731158
v -0.05399989 -0.00525319 0.00582896
v -0.05355754 -0.00699733 0.00594171
v -0.05454090 -0.00180095 0.00556147
v -0.05391881 -0.00501305 0.00519704
v -0.05405131 -0.00343331 0.00433829
v -0.05330229 -0.00835448 0.00785295
v -0.05320491 -0.00883171 0.00968049
v -0.05343642 -0.00825733 0.01147180
v -0.05322694 -0.00869820 0.01347787
v -0.05388783 -0.00656115 0.01436116
v -0.05302089 -0.00859475 0.00612690
v -0.05281314 -0.00920770 0.00634512
v -0.05274731 -0.00979402 0.00796032
v -0.05369478 -0.00610350 0.00545842
v -0.05301052 -0.00913831 0.01427278
v -0.05270826 -0.01009165 0.01153003
v -0.05258990 -0.01023957 0.00878595
v -0.05256752 -0.01025079 0.01388723
v -0.05244338 -0.01039522 0.00761115
v -0.05226210 -0.01045150 0.00638268
v -0.05329926 -0.00712984 0.00503336
v -0.05329347 -0.00760966 0.00576708
v -0.05281416 -0.00840320 0.00492813
v -0.05246846 -0.00939089 0.00509925
v -0.05195775 -0.01048009 0.00505495
v -0.05430925 -0.00171979 0.00459845
v -0.05173279 -0.01197250 0.01135579
v -0.05179029 -0.01181283 0.00989748
v -0.05171714 -0.01195998 0.01285003
v -0.05168437 -0.01191917 0.01406278
v -0.05419548 -0.00518302 0.01444148
v -0.05381330 -0.00424939 0.00421752
v -0.05356193 -0.00353374 0.00286654
v -0.05292005 -0.00719880 0.00388247
v -0.05239531 -0.00866560 0.00390806
v -0.05339028 -0.00533545 0.00388448
v -0.05317166 -0.00442951 0.00247962
v -0.05284325 -0.00582395 0.00260782
v -0.05266875 -0.00701192 0.00302497
v -0.05190630 -0.00972312 0.00377687
v -0.05406968 -0.00168079 0.00377384
v -0.05375478 -0.00279258 0.00319157
v -0.05444681 0.00013421 0.00488753
v -0.05150883 -0.01202989 0.00796727
v -0.05143725 -0.01189601 0.00665036
v -0.05122837 -0.01203190 0.00603946
v -0.05233721 -0.01055396 0.01438662
v -0.05153531 -0.01052380 0.00387212
v -0.05235055 -0.00710801 0.00236491
v -0.05191504 -0.00827320 0.00247453
v -0.05284536 -0.00513815 0.00215017
v -0.05410922 0.00010095 0.00375670
v -0.05322722 -0.00353450 0.00208578
v -0.05475765 -0.00148231 0.01444175
v -0.05483139 0.00193218 0.00859232
v -0.05488326 0.00189220 0.01059873
v -0.05486847 0.00192999 0.01225259
v -0.05474101 0.00198964 0.00744718
v -0.05454234 0.00199851 0.00580629
v -0.05479652 0.00206886 0.01358966
v -0.05415573 0.00200858 0.00428830
v -0.05373165 -0.00160147 0.00293231
v -0.05381840 0.00014171 0.00304206
v -0.05465639 0.00356421 0.01017306
v -0.05469415 0.00231872 0.01430647
v -0.05458869 0.00354967 0.00831179
v -0.05465861 0.00349602 0.01226873
v -0.05448068 0.00345358 0.00700274
v -0.05453725 0.00369419 0.01403128
v -0.05425812 0.00357698 0.00562320
v -0.05403479 0.00348410 0.00468775
v -0.05330284 -0.00281741 0.00218014
v -0.05379233 0.00206883 0.00325810
v -0.05150062 -0.01014382 0.00332953
v -0.05151848 -0.01205775 0.01445389
v -0.05133890 -0.01118098 0.00448206
v -0.05070654 -0.01204941 0.00428617
v -0.05279928 -0.00434276 0.00174430
v -0.05082803 -0.01318223 0.01399915
v -0.05090151 -0.01296496 0.01443347
v -0.05062805 -0.01343517 0.00963850
v -0.05034149 -0.01362729 0.00771192
v -0.05046407 -0.01373678 0.01136648
v -0.05019232 -0.01361487 0.00663314
v -0.05016925 -0.01345737 0.00598857
v -0.05017903 -0.01406717 0.01318670
v -0.05005584 -0.01303253 0.00457709
v -0.05042730 -0.01209005 0.00370241
v -0.05104410 -0.00979856 0.00219968
v -0.05242586 -0.00578098 0.00177577
v -0.04943782 -0.01485484 0.00920189
v -0.05000351 -0.01418784 0.01430555
v -0.05186795 -0.00784134 0.00207622
v -0.04910912 -0.01534294 0.01185875
v -0.04911268 -0.01531131 0.01355965
v -0.04895672 -0.01545529 0.01041404
v -0.04938298 -0.01493489 0.01429740
v -0.04883517 -0.01527527 0.00725240
v -0.04892495 -0.01535528 0.00859228
v -0.04949932 -0.01364477 0.00443452
v -0.04877041 -0.01516160 0.00639251
v -0.05182749 -0.00706348 0.00147871
v -0.05069361 -0.01066306 0.00246856
v -0.05000080 -0.01176076 0.00252683
v -0.05292835 -0.00902543 0.01454239
v -0.05327559 0.00013494 0.00200078
v -0.04875038 -0.01560375 0.01435524
v -0.05106360 -0.00831901 0.00118113
v -0.05371292 0.00333266 0.00357991
v -0.05440331 0.00465622 0.01187751
v -0.05212858 -0.00523208 0.00110543
v -0.05329512 0.00196238 0.00222278
v -0.05387335 0.00525932 0.00569374
v -0.05407142 0.00537160 0.00747644
v -0.05422893 0.00532730 0.01011847
v -0.05415063 0.00542730 0.00874879
v -0.05413805 0.00540327 0.01403252
v -0.05415113 0.00560733 0.01159912
v -0.05270580 -0.00152947 0.00111261
v -0.05273858 0.00010501 0.00109742
v -0.05277619 0.00191084 0.00133730
v -0.05324423 0.00341907 0.00252994
v -0.05346613 0.00541857 0.00441836
v -0.05332321 0.00511329 0.00374194
v -0.05280211 -0.00337735 0.00141928
v -0.05051640 -0.01005700 0.00163884
v -0.05379814 -0.00657023 0.01452659
v -0.05337820 0.00710314 0.00640954
v -0.05349737 0.00709777 0.00736413
v -0.05361998 0.00704122 0.00867889
v -0.05365909 0.00708752 0.01061361
v -0.05365718 0.00708395 0.01192080
v -0.05361239 0.00709443 0.01334847
v -0.05296410 0.00492396 0.00269533
v -0.05285936 0.00573463 0.00298531
v -0.05326791 0.00698600 0.00555183
v -0.05292937 0.00724877 0.00457385
v -0.05235912 0.00720297 0.00295815
v -0.05284249 0.00342504 0.00180801
v -0.05363459 0.00681938 0.01431764
v -0.05230633 -0.00332552 0.00077539
v -0.05230721 -0.00150125 0.00060092
v -0.05273814 0.00846517 0.00587597
v -0.05247053 0.00851840 0.00483372
v -0.05284901 0.00857153 0.00702607
v -0.05290927 0.00866086 0.00840420
v -0.05239826 0.00560789 0.00198736
v -0.05238796 0.00342409 0.00110175
v -0.05233852 0.00190848 0.00071203
v -0.05120501 -0.00702369 0.00066873
v -0.05037010 -0.00968632 0.00118801
v -0.05325421 0.00777055 0.01430654
v -0.05202363 0.00716642 0.00224080
v -0.05292975 0.00876052 0.01096267
v -0.05293649 0.00867642 0.01325770
v -0.05281638 0.00877570 0.01431318
v -0.05219047 0.00847186 0.00390222
v -0.05233095 0.00016564 0.00056745
v -0.05204537 0.00519186 0.00123892
v -0.05182079 -0.00522624 0.00073029
v -0.04941906 -0.01267308 0.00274316
v -0.04870056 -0.01381758 0.00315713
v -0.04957083 -0.01175200 0.00190660
v -0.05049784 -0.00870594 0.00072082
v -0.04887232 -0.01416028 0.00408094
v -0.05167216 0.00846562 0.00263808
v -0.05179149 0.01045068 0.00618917
v -0.05204015 0.00373306 0.00070816
v -0.05176299 0.01033072 0.00567622
v -0.05191312 0.01043874 0.00721360
v -0.05198297 0.01047227 0.00839383
v -0.05207549 0.01038755 0.01034769
v -0.05151137 0.01026426 0.00459272
v -0.05148215 0.00706786 0.00131198
v -0.05200353 0.01052378 0.01165224
v -0.05203641 0.01033697 0.01381315
v -0.05096851 0.01008790 0.00295157
v -0.05220736 0.00990455 0.01439611
v -0.05153201 0.00556965 0.00069197
v -0.05201206 -0.01106102 0.01450201
v -0.05083613 0.00860298 0.00137044
v -0.05106197 0.00694343 0.00068222
v -0.04806687 -0.01506806 0.00418618
v -0.04955304 -0.01087884 0.00113695
v -0.05081756 0.00977620 0.00232830
v -0.04856002 -0.01338586 0.00235122
v -0.04893258 -0.01230111 0.00164547
v -0.04731763 -0.01585810 0.00425883
v -0.04694396 -0.01660403 0.00532165
v -0.04718097 -0.01676219 0.00650105
v -0.04712455 -0.01696386 0.00720835
v -0.04743871 -0.01685815 0.00883887
v -0.04736274 -0.01701679 0.01014938
v -0.04820112 -0.01619573 0.01405307
v -0.04763735 -0.01679782 0.01236284
v -0.04741237 -0.01488828 0.00272691
v -0.04963565 -0.01012473 0.00069383
v -0.04679421 -0.01756752 0.01137366
v -0.04633354 -0.01742253 0.00616295
v -0.04666569 -0.01560336 0.00271845
v -0.04630111 -0.01790602 0.00944303
v -0.04547372 -0.01704489 0.00334099
v -0.04813575 -0.01278885 0.00123567
v -0.04748175 -0.01358849 0.00129757
v -0.04682416 -0.01483397 0.00192627
v -0.04579925 -0.01594885 0.00208946
v -0.05013804 -0.01387949 0.01450600
v -0.05065110 -0.00729305 0.00029041
v -0.04809853 -0.01214065 0.00068893
v -0.04560138 -0.01531191 0.00116240
v -0.04531357 -0.01588213 0.00149631
v -0.05141049 0.00461214 0.00029531
v -0.05039136 0.00852382 0.00073446
v -0.05008553 -0.00851220 0.00030793
v -0.05114618 0.01083762 0.00456359
v -0.04654679 -0.01422942 0.00102151
v -0.05026473 0.01013300 0.00177940
v -0.05032874 0.01187637 0.00421146
v -0.05053568 0.01220851 0.00572696
v -0.05102792 0.01201362 0.00993167
v -0.05096648 0.01212557 0.01149120
v -0.05320916 0.00763945 0.01454468
v -0.05069369 0.01226729 0.00709320
v -0.05087801 0.01214727 0.00835241
v -0.05139447 0.01131929 0.01425291
v -0.05087068 0.01216878 0.01384482
v -0.04964620 0.01207943 0.00297120
v -0.04995752 0.01125831 0.00248554
v -0.04962440 0.01042961 0.00117183
v -0.04958694 0.00995730 0.00075754
v -0.05454601 0.00203301 0.01458578
v -0.04974363 0.01281078 0.00456512
v -0.04935418 0.01190172 0.00222865
v -0.04972744 0.01369442 0.00820057
v -0.04978157 0.01372141 0.00990257
v -0.04981342 0.01371209 0.01173069
v -0.04980773 0.01363379 0.01394148
v -0.05043568 0.01268763 0.01439450
v -0.04943831 0.01387973 0.00688794
v -0.04929169 0.01387765 0.00600032
v -0.04872877 0.01410395 0.00464717
v -0.04863707 0.01400318 0.00416530
v -0.04946063 0.01411869 0.01312733
v -0.04872505 0.01302025 0.00262463
v -0.05248125 0.00920740 0.01455696
v -0.04925286 0.01428729 0.01437868
v -0.04874718 0.01186963 0.00139612
v -0.04831285 0.01548804 0.01326355
v -0.04817041 0.01556422 0.01431069
v -0.04808435 0.01372450 0.00256614
v -0.04879221 0.01093552 0.00065274
v 0.05480444 0.00014158 0.00763197
v 0.05490798 0.00008548 0.00878151
v 0.05477689 -0.00183655 0.00854662
v 0.05463418 -0.00185610 0.00720714
v 0.05459814 0.00004326 0.00615005
v 0.05444986 -0.00177240 0.00589237
v 0.05486942 -0.00186540 0.01011417
v 0.05497986 0.00013371 0.01028344
v 0.05500000 0.00007458 0.01192122
v 0.05489727 -0.00187404 0.01186977
v 0.05487583 -0.00185958 0.01351722
v 0.05496917 0.00000086 0.01383866
v 0.05469674 -0.00340633 0.01225723
v 0.05466758 -0.00346229 0.01065138
v 0.05468446 -0.00331663 0.01375557
v 0.05455707 -0.00341683 0.00866373
v 0.05441760 -0.00342153 0.00731889
v 0.05426594 -0.00322492 0.00596939
v 0.05482396 -0.00177566 0.01436661
v 0.05490060 0.00166150 0.00985436
v 0.05491373 0.00179127 0.01200709
v 0.05488039 0.00170163 0.01388943
v 0.05471939 0.00170368 0.00756699
v 0.05483172 0.00192503 0.00907803
v 0.05490297 0.00002316 0.01454077
v 0.05447545 0.00188013 0.00596680
v 0.05470609 0.00349877 0.01148148
v 0.05467355 0.00345731 0.00988327
v 0.05473156 0.00318302 0.01264604
v 0.05459750 0.00342070 0.00851231
v 0.05464264 0.00351477 0.01388957
v 0.05434061 0.00328926 0.00624874
v 0.05447391 0.00363030 0.00772015
v 0.05479755 0.00174759 0.01453391
v 0.05431898 0.00007352 0.00492110
v 0.05409066 -0.00189862 0.00445231
v 0.05414783 0.00183380 0.00462598
v 0.05419243 0.00341729 0.00561466
v 0.05388954 0.00348352 0.00445357
v 0.05411387 0.00012646 0.00419235
v 0.05458645 0.00313443 0.01471009
v 0.05455522 0.00359313 0.01449484
v 0.05402089 0.00460683 0.00608149
v 0.05424823 0.00535360 0.01097335
v 0.05419530 0.00536820 0.00950971
v 0.05411370 0.00513837 0.00775791
v 0.05386358 0.00525092 0.00606639
v 0.05358498 0.00462908 0.00438124
v 0.05425225 0.00533710 0.01207805
v 0.05420025 0.00536940 0.01381334
v 0.05386062 0.00181532 0.00374163
v 0.05369017 0.00340654 0.00382278
v 0.05411256 0.00541700 0.01457944
v 0.05368036 0.00640124 0.00756508
v 0.05361100 0.00700994 0.00924569
v 0.05335204 0.00536132 0.00420099
v 0.05328818 0.00699537 0.00618203
v 0.05286516 0.00692171 0.00439986
v 0.05368539 0.00696387 0.01082138
v 0.05370720 0.00688074 0.01365143
v 0.05340501 0.00712637 0.00748169
v 0.05303307 0.00532873 0.00332432
v 0.05377093 -0.00177208 0.00348885
v 0.05338273 0.00182788 0.00251462
v 0.05321744 0.00335333 0.00255191
v 0.05272203 0.00522935 0.00247595
v 0.05358982 0.00005223 0.00282250
v 0.05378188 -0.00345872 0.00420500
v 0.05283926 0.00857900 0.00809190
v 0.05283497 0.00806409 0.00621066
v 0.05293906 0.00872570 0.01177336
v 0.05287905 0.00873660 0.00960688
v 0.05292886 0.00864427 0.01398129
v 0.05318489 0.00786562 0.01472550
v 0.05251824 0.00869922 0.00614881
v 0.05218926 0.00838818 0.00435435
v 0.05230903 0.00696045 0.00296065
v 0.05213425 0.00690035 0.00250018
v 0.05335946 -0.00179830 0.00247454
v 0.05450977 -0.00382070 0.01447212
v 0.05403899 -0.00514545 0.00747555
v 0.05386557 -0.00507644 0.00612209
v 0.05353451 -0.00505303 0.00470587
v 0.05322455 -0.00346347 0.00264417
v 0.05420347 -0.00524981 0.00998697
v 0.05415501 -0.00525729 0.00912890
v 0.05429451 -0.00509490 0.01159909
v 0.05422718 -0.00529042 0.01353895
v 0.05416201 -0.00531249 0.01442334
v 0.05475586 -0.00133225 0.01477776
v 0.05330122 0.00000873 0.00222769
v 0.05321301 -0.00509962 0.00364553
v 0.05332132 -0.00536381 0.00425381
v 0.05340829 -0.00680171 0.00695303
v 0.05345919 -0.00698006 0.00796074
v 0.05365857 -0.00676605 0.00963491
v 0.05277370 -0.00682095 0.00408700
v 0.05363907 -0.00674578 0.01470769
v 0.05282357 -0.00174859 0.00154269
v 0.05276021 0.00008244 0.00134591
v 0.05278847 0.00182271 0.00153094
v 0.05307578 0.00337477 0.00231605
v 0.05259659 0.00919728 0.01451478
v 0.05155760 0.00821143 0.00255790
v 0.05194546 0.01012646 0.00780800
v 0.05163381 0.01030794 0.00627288
v 0.05216668 0.01012594 0.01284913
v 0.05214445 0.01011273 0.01391278
v 0.05281477 0.00864771 0.01475010
v 0.05208875 0.01024789 0.01128912
v 0.05197920 0.01032467 0.00970280
v 0.05109697 0.01028981 0.00426280
v 0.05142400 0.01026343 0.00536754
v 0.05116966 0.00895264 0.00256927
v 0.05216403 0.00324818 0.00087882
v 0.05201742 0.00519079 0.00134383
v 0.05187552 0.00416221 0.00075447
v 0.05157533 0.00694222 0.00163591
v 0.05193577 0.01030690 0.01471364
v 0.05230783 0.00176891 0.00082094
v 0.05041572 0.01024419 0.00257492
v 0.05129750 0.01146955 0.01254097
v 0.05080152 0.01204813 0.00941003
v 0.05068779 0.01198420 0.00776399
v 0.05082032 0.01214084 0.01135923
v 0.05107543 0.01112954 0.00627393
v 0.05118838 0.01158680 0.01401724
v 0.05152825 0.01093753 0.01474308
v 0.05047780 0.01193996 0.00616248
v 0.05237149 0.00949056 0.01475515
v 0.05060665 0.01242096 0.01379941
v 0.04982348 0.01208024 0.00434944
v 0.04988476 0.01336343 0.01255272
v 0.05142035 0.00570516 0.00074920
v 0.05099988 0.00693858 0.00079942
v 0.05068472 0.00832619 0.00129466
v 0.04926282 0.01206831 0.00293688
v 0.04969881 0.01119193 0.00248274
v 0.04954280 0.01366898 0.00969249
v 0.04948504 0.01384138 0.01146154
v 0.04929933 0.01373911 0.00779357
v 0.04946275 0.01319741 0.00609451
v 0.04908734 0.01308363 0.00459730
v 0.04965475 0.01361798 0.01397029
v 0.05031554 0.01265223 0.01473828
v 0.04949873 0.01368837 0.01473005
v 0.04899985 0.01375765 0.00612771
v 0.04851231 0.01373368 0.00454674
v 0.04980852 0.01023383 0.00163572
v 0.05233729 0.00013003 0.00074957
v 0.05029845 0.00833698 0.00077420
v 0.04955703 0.00956794 0.00074532
v 0.04861636 0.01465501 0.00933805
v 0.04866036 0.01251693 0.00247365
v 0.04776575 0.01360609 0.00258694
v 0.04866539 0.01472534 0.01151906
v 0.04876096 0.01460886 0.01387246
v 0.04878024 0.01447097 0.01473972
v 0.04762830 0.01520516 0.00606537
v 0.04798366 0.01512611 0.00775974
v 0.04752183 0.01478264 0.00451260
v 0.04740635 0.01517986 0.00533801
v 0.04744714 0.01585016 0.00951566
v 0.04912463 0.01033833 0.00082063
v 0.04847724 0.01188005 0.00146959
v 0.04845597 0.01119743 0.00077849
v 0.05230156 -0.00168240 0.00078408
v 0.04699374 0.01531997 0.00454747
v 0.04690852 0.01586988 0.00591713
v 0.04742130 0.01595713 0.01378325
v 0.04729017 0.01608857 0.01206606
v 0.04685964 0.01444556 0.00239942
v 0.04779682 0.01552807 0.01453766
v 0.04615271 0.01520523 0.00251902
v 0.04622647 0.01674721 0.00762811
v 0.04649427 0.01670279 0.00936815
v 0.04597558 0.01671911 0.00598195
v 0.04567736 0.01652088 0.00454859
v 0.04523209 0.01605277 0.00254593
v 0.04616367 0.01707924 0.01191356
v 0.04707902 0.01353910 0.00155552
v 0.04771439 0.01214979 0.00079627
v 0.04634701 0.01690345 0.01406651
v 0.04696974 0.01626106 0.01475289
v 0.04511959 0.01768612 0.00796973
v 0.04542751 0.01716057 0.00597556
v 0.04477022 0.01720963 0.00440928
v 0.04429931 0.01697077 0.00285246
v 0.04516090 0.01779987 0.00987413
v 0.04531388 0.01775422 0.01178809
v 0.04419221 0.01812970 0.00603797
v 0.04490971 0.01608526 0.00212912
v 0.04454892 0.01830528 0.01389454
v 0.04331566 0.01830974 0.00439223
v 0.04661969 0.01328611 0.00073775
v 0.04542837 0.01455663 0.00078740
v 0.04463251 0.01529998 0.00079179
v 0.04584906 0.01405284 0.00071349
v 0.04388614 0.01860865 0.00806011
v 0.04362969 0.01725105 0.00234666
v 0.04438182 0.01844325 0.01202490
v 0.04329498 0.01876831 0.00601582
v 0.04259280 0.01817948 0.00274050
v 0.04368938 0.01615218 0.00083818
v 0.04260489 0.01714861 0.00108136
v 0.04271673 0.01683461 0.00077357
v 0.04761301 0.01158552 0.00033798
v 0.04855891 0.01029810 0.00033767
v 0.04127908 0.01787269 0.00085462
v 0.05182049 0.00170864 0.00033612
v 0.04623914 0.01309442 0.00032063
v 0.04417816 0.01511314 0.00032245
v 0.04508896 0.01425528 0.00033141
v 0.05183541 0.00019829 0.00028680
v 0.05182365 -0.00176813 0.00031574
v 0.04154428 0.01713612 0.00032745
v 0.05440450 -0.00378290 0.01476565
v 0.04928341 -0.01128163 0.01449265
v 0.04924306 -0.01161438 0.01479195
v 0.05012551 -0.00992428 0.01464654
v 0.04885132 -0.01203606 0.01469142
v 0.04849936 -0.01234103 0.01405055
v 0.04842786 -0.01259179 0.01455108
v 0.04782252 -0.01320099 0.01409933
v 0.04786395 -0.01328860 0.01454705
v 0.04682704 -0.01435750 0.01406730
v 0.04716856 -0.01416135 0.01465619
v 0.04665552 -0.01472114 0.01459803
v 0.04612683 -0.01514692 0.01416574
v 0.04598633 -0.01542304 0.01455961
v 0.04931054 -0.01111155 0.01351558
v 0.04533267 -0.01590446 0.01340065
v 0.04536531 -0.01601155 0.01442947
v 0.04654507 -0.01459850 0.01302216
v 0.04777171 -0.01317147 0.01272618
v 0.04837685 -0.01242895 0.01309316
v 0.04677180 -0.01425212 0.00986735
v 0.04827469 -0.01248581 0.00939518
v 0.04816129 -0.01250960 0.00776257
v 0.04647452 -0.01456627 0.00933560
v 0.04520860 -0.01590727 0.00966725
v 0.04641493 -0.01447706 0.00751443
v 0.04770119 -0.01291989 0.00684910
v 0.04914515 -0.01126400 0.00962589
v 0.04497518 -0.01598505 0.00775030
v 0.04918874 -0.01100568 0.00742884
v 0.04658502 -0.01413208 0.00661348
v 0.04474004 -0.01637398 0.00984158
v 0.04457270 -0.01662792 0.01303667
v 0.04460251 -0.01666875 0.01410239
v 0.04481411 -0.01605518 0.00713688
v 0.04811650 -0.01218393 0.00589204
v 0.04903186 -0.01099459 0.00636152
v 0.04584560 -0.01473596 0.00579771
v 0.04657163 -0.01382245 0.00531314
v 0.04730028 -0.01299412 0.00531224
v 0.04483549 -0.01572191 0.00566143
v 0.04960885 -0.01052037 0.00936041
v 0.04345093 -0.01763273 0.01341686
v 0.04333513 -0.01765686 0.01125385
v 0.04354404 -0.01762503 0.01416070
v 0.04318662 -0.01766999 0.00926529
v 0.04306778 -0.01754751 0.00736720
v 0.04407744 -0.01651259 0.00616873
v 0.05019473 -0.00963389 0.01342192
v 0.04861298 -0.01130328 0.00543050
v 0.05027604 -0.00936389 0.00923889
v 0.04573761 -0.01459134 0.00503325
v 0.04475461 -0.01563155 0.00517011
v 0.04401336 -0.01635090 0.00528802
v 0.04809532 -0.01193395 0.00519399
v 0.05054298 -0.00917237 0.01452232
v 0.04932585 -0.01028594 0.00568720
v 0.04496944 -0.01646351 0.01456923
v 0.04454543 -0.01686073 0.01460738
v 0.04401233 -0.01735830 0.01462149
v 0.04349794 -0.01782711 0.01468010
v 0.04255586 -0.01834714 0.01402164
v 0.04325523 -0.01708354 0.00573574
v 0.04165267 -0.01889885 0.01113680
v 0.04232907 -0.01827104 0.00891824
v 0.04234778 -0.01806028 0.00721632
v 0.04118776 -0.01928863 0.01402348
v 0.04100926 -0.01918377 0.00902829
v 0.04089536 -0.01937153 0.01061560
v 0.04088354 -0.01909739 0.00757738
v 0.04222850 -0.01782839 0.00574856
v 0.04286672 -0.01826654 0.01454677
v 0.04225360 -0.01869465 0.01459341
v 0.04098726 -0.01882080 0.00639366
v 0.04946251 -0.00975130 0.00502377
v 0.04752779 -0.01239270 0.00470254
v 0.04268628 -0.01729321 0.00507709
v 0.04116028 -0.01842300 0.00525414
v 0.04184831 -0.01903656 0.01472135
v 0.04700883 -0.01295110 0.00458817
v 0.04647918 -0.01354117 0.00460281
v 0.04055518 -0.01963954 0.01349235
v 0.04018535 -0.01994045 0.01447099
v 0.03920372 -0.02018142 0.00865093
v 0.03922691 -0.02005044 0.00753446
v 0.03940464 -0.01983868 0.00684889
v 0.04094414 -0.01955288 0.01459926
v 0.04002189 -0.01915206 0.00542491
v 0.03916351 -0.02031679 0.01093334
v 0.03912920 -0.02041380 0.01405861
v 0.03901398 -0.02033330 0.00956345
v 0.04422260 -0.01579145 0.00456545
v 0.04339992 -0.01651986 0.00462571
v 0.03933109 -0.02040677 0.01453518
v 0.03745463 -0.02114095 0.01076887
v 0.03745842 -0.02121325 0.01401851
v 0.03737606 -0.02108892 0.00904965
v 0.03857234 -0.01999165 0.00571800
v 0.03760448 -0.02080759 0.00741571
v 0.03846379 -0.02083205 0.01453386
v 0.03763263 -0.02124204 0.01455415
v 0.03765615 -0.02065897 0.00677114
v 0.03692860 -0.02120597 0.00833002
v 0.04538310 -0.01461869 0.00448750
v 0.03683170 -0.02162025 0.01467873
v 0.03921603 -0.01941078 0.00496588
v 0.04211405 -0.01740746 0.00451848
v 0.04094440 -0.01824198 0.00457794
v 0.03976958 -0.01891529 0.00459289
v 0.03635303 -0.02165377 0.01403521
v 0.03642964 -0.02150582 0.01002039
v 0.03813847 -0.01999523 0.00511137
v 0.03666346 -0.02073239 0.00538087
v 0.03599090 -0.02138679 0.00709373
v 0.03583214 -0.02111986 0.00556631
v 0.04870729 -0.01066257 0.00463573
v 0.04820945 -0.01130291 0.00453109
v 0.04923226 -0.00973076 0.00450224
v 0.03573705 -0.02086666 0.00474430
v 0.03707772 -0.02027935 0.00470157
v 0.03887143 -0.01933221 0.00447696
v 0.03756154 -0.01985657 0.00431667
v 0.04765259 -0.01368026 0.01473769
v 0.03963872 -0.02037959 0.01476590
v 0.04049840 -0.01995270 0.01477441
v 0.04966664 -0.00883093 0.00434628
v 0.04454870 -0.01472596 0.00364147
v 0.04594088 -0.01306693 0.00337023
v 0.04508740 -0.01382591 0.00325042
v 0.04140227 -0.01726825 0.00364452
v 0.04289065 -0.01617244 0.00367537
v 0.03699731 -0.02165319 0.01477830
v 0.03566846 -0.02068571 0.00435241
v 0.04659504 -0.01223840 0.00331091
v 0.04737587 -0.01153221 0.00361346
v 0.04851231 -0.01002569 0.00369655
v 0.04017401 -0.01800544 0.00363131
v 0.04335009 -0.01540224 0.00325107
v 0.03840627 -0.01927066 0.00405283
v 0.04943136 -0.00851134 0.00369362
v 0.04329681 -0.01808158 0.01474555
v 0.04438277 -0.01449333 0.00324796
v 0.04107940 -0.01713077 0.00323431
v 0.04726037 -0.01126645 0.00325636
v 0.04817282 -0.00998625 0.00326805
v 0.03492705 -0.02018820 0.00325068
v 0.03459714 -0.02067454 0.00372440
v 0.04905575 -0.00858142 0.00326989
v 0.04577602 -0.01292363 0.00310861
v 0.04690960 -0.01467648 0.01476756
v 0.04422006 -0.01736997 0.01475500
v 0.04599103 -0.01224657 0.00284639
v 0.03641148 -0.02191587 0.01478815
v 0.04426502 -0.01400155 0.00284360
v -0.00722200 -0.02311887 0.00925293
v -0.00943394 -0.02313636 0.01017573
v -0.00490212 -0.02318233 0.00990791
v -0.00812513 -0.02341501 0.01416273
v -0.00426756 -0.02334149 0.01267535
v -0.00031861 -0.02329835 0.01194630
v -0.00120312 -0.02317880 0.00987756
v -0.00182351 -0.02303997 0.00791293
v 0.00411859 -0.02305869 0.00823085
v 0.00275560 -0.02314298 0.00939532
v 0.00543604 -0.02322592 0.01065900
v 0.00887980 -0.02305880 0.00773104
v 0.00914349 -0.02318689 0.00955183
v 0.01193813 -0.02317228 0.00937627
v 0.01244692 -0.02305584 0.00777177
v 0.01683301 -0.02320103 0.00942114
v 0.01557220 -0.02302703 0.00728688
v 0.01971523 -0.02314594 0.00831528
v 0.00446513 -0.02332200 0.01237646
v 0.00678600 -0.02343511 0.01417038
v 0.00933100 -0.02332301 0.01231009
v 0.01235258 -0.02328757 0.01161921
v 0.01426611 -0.02333329 0.01218366
v 0.01783292 -0.02332070 0.01183708
v 0.01992648 -0.02332451 0.01135796
v 0.01959842 -0.02345127 0.01414532
v 0.02299137 -0.02349734 0.01419820
v 0.02287462 -0.02327223 0.01008521
v 0.02330523 -0.02315031 0.00834410
v 0.02522570 -0.02338327 0.01220931
v 0.02698953 -0.02315581 0.00908006
v 0.02582072 -0.02348707 0.01416377
v 0.01546475 -0.02343441 0.01414081
v 0.01248243 -0.02343735 0.01419651
v 0.01033325 -0.02341761 0.01416601
v 0.00288558 -0.02344001 0.01409345
v -0.00071719 -0.02344462 0.01416388
v -0.00580409 -0.02305070 0.00812583
v -0.00456176 -0.02344681 0.01414120
v -0.01645360 -0.02322867 0.01252720
v -0.01204741 -0.02321940 0.01185519
v -0.01346715 -0.02310299 0.01035839
v -0.02053856 -0.02337930 0.01436778
v -0.01626177 -0.02338353 0.01438077
v -0.01862401 -0.02320879 0.01250172
v -0.01227323 -0.02339249 0.01421027
v -0.01837647 -0.02292545 0.00854271
v -0.00959009 -0.02296243 0.00784970
v -0.02157964 -0.02296716 0.00884442
v -0.02206952 -0.02315546 0.01133189
v 0.02729120 -0.02336792 0.01257278
v 0.02715356 -0.02327222 0.01111865
v -0.02394166 -0.02337547 0.01438967
v 0.02045529 -0.02306722 0.00748243
v -0.02478451 -0.02292072 0.00877928
v -0.02549198 -0.02325759 0.01333496
v -0.02732233 -0.02305358 0.01110163
v -0.02747937 -0.02278174 0.00763291
v -0.02784115 -0.02324599 0.01398264
v -0.02712726 -0.02273076 0.00704489
v -0.02273354 -0.02277523 0.00689003
v -0.01912345 -0.02278922 0.00704069
v 0.00396936 -0.02294103 0.00706616
v 0.01250092 -0.02293367 0.00676226
v 0.00909611 -0.02295478 0.00686881
v 0.02492536 -0.02305692 0.00755467
v 0.02761371 -0.02302558 0.00786707
v 0.02291694 -0.02298333 0.00687462
v 0.01879715 -0.02297007 0.00681695
v -0.00481972 -0.02293162 0.00694890
v -0.00094332 -0.02291930 0.00690139
v -0.01317103 -0.02288984 0.00761456
v -0.01156644 -0.02280584 0.00680801
v -0.03012752 -0.02282564 0.00968726
v -0.03000451 -0.02274812 0.00844723
v 0.02780562 -0.02341636 0.01406784
v -0.02974275 -0.02296863 0.01192424
v -0.02904025 -0.02317880 0.01400274
v 0.02708027 -0.02291347 0.00678561
v -0.03049142 -0.02257133 0.00700746
v -0.02747766 -0.02263689 0.00650717
v 0.02877965 -0.02315208 0.01112286
v 0.02993429 -0.02292152 0.00890724
v -0.03092353 -0.02282416 0.01103860
v -0.03039876 -0.02304559 0.01396406
v -0.03185534 -0.02255278 0.00802005
v -0.02314444 -0.02267382 0.00629052
v -0.02493332 -0.02252704 0.00563737
v 0.00368780 -0.02272642 0.00576030
v -0.00120350 -0.02273025 0.00576476
v -0.00453248 -0.02273070 0.00574695
v 0.00916019 -0.02349063 0.01458292
v 0.03006533 -0.02318289 0.01359293
v 0.03038083 -0.02301619 0.01148516
v 0.01535661 -0.02351891 0.01458076
v -0.00535179 -0.02352144 0.01458992
v 0.02857018 -0.02280990 0.00671780
v 0.03023257 -0.02274162 0.00725689
v -0.01902110 -0.02256450 0.00570218
v -0.01050412 -0.02262366 0.00575289
v 0.02712918 -0.02355520 0.01457250
v 0.02215508 -0.02355789 0.01457615
v 0.00884022 -0.02275176 0.00573105
v 0.01241881 -0.02274811 0.00575751
v 0.01816645 -0.02276794 0.00577953
v 0.02367332 -0.02276415 0.00579458
v 0.02699523 -0.02273479 0.00582767
v -0.03228122 -0.02240611 0.00714851
v -0.00066573 -0.02351989 0.01458319
v 0.00396167 -0.02353778 0.01457786
v 0.02897698 -0.02336798 0.01428240
v -0.03241270 -0.02257360 0.00963079
v -0.02962380 -0.02324024 0.01459506
v -0.03160571 -0.02289706 0.01402821
v -0.01627309 -0.02344885 0.01458626
v -0.01215413 -0.02347302 0.01458693
v -0.02723868 -0.02243314 0.00546695
v 0.03191394 -0.02262935 0.00843087
v 0.03072290 -0.02313587 0.01415085
v -0.03102186 -0.02239842 0.00629826
v -0.02913126 -0.02239813 0.00582670
v 0.02978815 -0.02261820 0.00626450
v -0.03238274 -0.02265738 0.01177775
v -0.03190274 -0.02295549 0.01455781
v 0.03235251 -0.02246847 0.00742912
v 0.02941995 -0.02253182 0.00566304
v -0.02383689 -0.02343559 0.01464038
v 0.02680892 -0.02259454 0.00522151
v -0.03285700 -0.02237443 0.00782040
v 0.03234768 -0.02259750 0.00909521
v -0.02519709 -0.02235246 0.00495758
v -0.03270876 -0.02271150 0.01403973
v -0.03328073 -0.02265160 0.01456764
v -0.00428140 -0.02259259 0.00521131
v 0.00855192 -0.02261519 0.00520005
v 0.01709406 -0.02260883 0.00521535
v 0.00382301 -0.02258642 0.00520933
v -0.00924164 -0.02243555 0.00499119
v -0.01295876 -0.02247316 0.00522974
v -0.01903557 -0.02239200 0.00504517
v 0.03245084 -0.02265812 0.01130229
v 0.03222950 -0.02282361 0.01403784
v 0.03098801 -0.02233863 0.00579443
v -0.02959822 -0.02200387 0.00445201
v -0.02735577 -0.02213310 0.00440076
v -0.03140571 -0.02220893 0.00569613
v -0.03282373 -0.02205503 0.00594751
v 0.02895093 -0.02237181 0.00498232
v 0.02910148 -0.02344167 0.01455878
v -0.03317391 -0.02246708 0.01143632
v 0.03229870 -0.02203519 0.00540519
v 0.02250624 -0.02238449 0.00451966
v 0.02568270 -0.02236551 0.00449637
v -0.03125565 -0.02185786 0.00445901
v 0.02745049 -0.02237654 0.00465021
v -0.01331812 -0.02234400 0.00483666
v -0.03312839 -0.02215397 0.00674223
v -0.02001006 -0.02345314 0.01458535
v -0.00477937 -0.02236351 0.00452033
v 0.03334877 -0.02234695 0.00873992
v -0.00115132 -0.02237977 0.00456993
v 0.00548479 -0.02237243 0.00454233
v 0.00943205 -0.02239123 0.00451685
v 0.01377786 -0.02240911 0.00462289
v 0.01847882 -0.02238183 0.00454079
v 0.03035121 -0.02334871 0.01472377
v 0.03212056 -0.02296796 0.01458113
v -0.02485899 -0.02205435 0.00405794
v -0.02748645 -0.02199070 0.00399760
v -0.02174197 -0.02205661 0.00408225
v -0.03286536 -0.02170797 0.00474628
v 0.03215862 -0.02188956 0.00483173
v 0.03060298 -0.02198630 0.00441996
v 0.03337203 -0.02254361 0.01403365
v 0.03349067 -0.02186527 0.00579255
v -0.03359181 -0.02249357 0.01408392
v 0.03362963 -0.02255390 0.01454391
v -0.03355151 -0.02225295 0.00897999
v 0.03431036 -0.02220803 0.01154410
v 0.03443246 -0.02193871 0.00757147
v 0.03405020 -0.02193343 0.00681206
v -0.02967435 -0.02177929 0.00385697
v -0.03170034 -0.02157176 0.00384993
v 0.03382173 -0.02157671 0.00498438
v -0.01829392 -0.02206733 0.00422824
v -0.00905505 -0.02212114 0.00416943
v -0.01356878 -0.02209121 0.00420955
v -0.03392435 -0.02166012 0.00546163
v 0.03465046 -0.02158178 0.00589390
v 0.03550372 -0.02178493 0.00954208
v 0.03585240 -0.02155789 0.00807874
v -0.03234306 -0.02292535 0.01478224
v 0.03539345 -0.02197411 0.01411127
v 0.03512363 -0.02213243 0.01455704
v -0.03462163 -0.02175832 0.00714918
v -0.03513816 -0.02171590 0.00854954
v -0.03415174 -0.02216432 0.01134539
v -0.03546841 -0.02179953 0.01308640
v -0.03473085 -0.02162958 0.00650395
v 0.03029173 -0.02186944 0.00405004
v 0.03634207 -0.02176058 0.01455835
v 0.00465985 -0.02221035 0.00416184
v 0.02781484 -0.02211287 0.00411669
v -0.02987238 -0.02331881 0.01480602
v -0.03590979 -0.02175259 0.01453749
v -0.03469391 -0.02217039 0.01454879
v -0.03588953 -0.02132370 0.00706065
v -0.01110656 -0.02180932 0.00350806
v -0.03556783 -0.02120548 0.00579349
v -0.00499557 -0.02196627 0.00363237
v -0.00076961 -0.02200399 0.00372843
v 0.00313342 -0.02193264 0.00354370
v -0.02301905 -0.02177832 0.00344824
v 0.01305016 -0.02217204 0.00410296
v 0.03244317 -0.02161659 0.00428393
v 0.00710336 -0.02189647 0.00355159
v -0.02732869 -0.02173367 0.00343587
v -0.01837463 -0.02166805 0.00336968
v -0.01343088 -0.02154322 0.00304945
v -0.03405127 -0.02122565 0.00429554
v -0.03670515 -0.02118665 0.00925119
v -0.03716699 -0.02121330 0.01388459
v -0.03798633 -0.02077841 0.01074454
v -0.03791256 -0.02071220 0.00882819
v -0.03632263 -0.02166065 0.01476799
v -0.03704225 -0.02087548 0.00700877
v -0.03669204 -0.02076543 0.00575570
v -0.00892845 -0.02164832 0.00317933
v -0.03497820 -0.02213604 0.01478102
v -0.03386324 -0.02252042 0.01476503
v -0.03733642 -0.02125069 0.01457482
v -0.03594500 -0.02088289 0.00510889
v 0.00895992 -0.02192973 0.00361625
v -0.02971545 -0.02147534 0.00325240
v 0.01689714 -0.02190715 0.00356312
v 0.02289054 -0.02206992 0.00390944
v 0.02529689 -0.02189219 0.00358450
v 0.01923538 -0.02190201 0.00359432
v -0.03845425 -0.02070248 0.01390145
v -0.03832057 -0.02083188 0.01460030
v 0.00002223 -0.02153292 0.00279703
v -0.00447207 -0.02154343 0.00281437
v -0.00115204 -0.02152880 0.00281107
v 0.00434450 -0.02164238 0.00302286
v -0.03888633 -0.02014146 0.00726786
v -0.03881897 -0.02040421 0.01013130
v -0.03932369 -0.02002726 0.00817673
v -0.03839534 -0.02025617 0.00672442
v -0.03580727 -0.02070685 0.00450120
v 0.03545627 -0.02209796 0.01472969
v 0.02182670 -0.02180076 0.00343989
v -0.03350727 -0.02110169 0.00377061
v 0.01252395 -0.02183593 0.00348853
v 0.01480242 -0.02165221 0.00313980
v 0.02808219 -0.02174659 0.00348363
v -0.02087181 -0.02154171 0.00307627
v -0.01653954 -0.02151891 0.00306758
v -0.03732704 -0.02032136 0.00513969
v -0.03921163 -0.02041862 0.01454054
v -0.03946478 -0.02022349 0.01377915
v 0.03461391 -0.02106828 0.00438314
v 0.00576895 -0.02150234 0.00282325
v -0.03909385 -0.01958183 0.00539637
v -0.03906881 -0.01985460 0.00632895
v 0.03041495 -0.02149844 0.00343220
v -0.04010763 -0.01999734 0.01471503
v 0.00767573 -0.02158022 0.00305577
v -0.03963467 -0.02001331 0.01032374
v -0.03756966 -0.02122156 0.01476927
v -0.04108402 -0.01900338 0.00718730
v -0.04106476 -0.01908932 0.00782399
v -0.04120414 -0.01883416 0.00668203
v -0.04121482 -0.01914771 0.01008214
v 0.01847778 -0.02157888 0.00307816
v 0.02502400 -0.02157444 0.00310800
v 0.01244692 -0.02156649 0.00308526
v 0.03411842 -0.02253240 0.01476280
v -0.03690297 -0.02016136 0.00433711
v -0.04015060 -0.01904909 0.00541564
v -0.03864369 -0.01953510 0.00469999
v -0.00904400 -0.02143538 0.00285584
v -0.01258697 -0.02141850 0.00285784
v -0.03455332 -0.02066366 0.00358493
v -0.04084538 -0.01948676 0.01403654
v -0.04077350 -0.01960433 0.01456227
v -0.04097802 -0.01956444 0.01476459
v 0.00343875 -0.02371549 0.01484770
v 0.00854803 -0.02368238 0.01485143
v 0.01961897 -0.02370941 0.01482499
v -0.03980193 -0.01890745 0.00458003
v -0.04191970 -0.01868826 0.00916510
v -0.00627247 -0.02369786 0.01485095
v -0.01614529 -0.02365980 0.01482979
v -0.04186771 -0.01860091 0.00768702
v -0.04158297 -0.01824385 0.00543348
v -0.04098323 -0.01826083 0.00463084
v 0.03319386 -0.02282272 0.01476316
v -0.03567761 -0.02025983 0.00364450
v -0.04230580 -0.01862577 0.01396632
v -0.04150794 -0.01915992 0.01453622
v -0.04229987 -0.01870588 0.01458842
v -0.03879527 -0.01917008 0.00413902
v -0.03710286 -0.01963487 0.00360259
v 0.03219673 -0.02098971 0.00327152
v -0.03210769 -0.02313010 0.01481418
v -0.04183576 -0.01908266 0.01476201
v -0.04278240 -0.01780118 0.00669898
v -0.04307828 -0.01735267 0.00567737
v -0.01671285 -0.02136897 0.00287749
v 0.03399685 -0.02048164 0.00323302
v -0.04275288 -0.01817941 0.01032811
v -0.04288681 -0.01828095 0.01445519
v -0.04274674 -0.01732385 0.00497532
v -0.04335201 -0.01768604 0.00905154
v -0.04020928 -0.01815407 0.00372956
v 0.01268319 -0.02138238 0.00289469
v -0.03926935 -0.02060691 0.01479634
v -0.03873954 -0.01871810 0.00345276
v -0.03793165 -0.01894197 0.00323087
v -0.04164024 -0.01756101 0.00415082
v -0.04110175 -0.01755129 0.00363535
v 0.01526024 -0.02141063 0.00287495
v -0.03499699 -0.02016614 0.00319709
v -0.04238643 -0.01681613 0.00376491
v -0.04336998 -0.01664052 0.00454787
v -0.02226387 -0.02135019 0.00291959
v 0.02522587 -0.02135870 0.00291454
v -0.03979969 -0.01788701 0.00320602
v -0.04160827 -0.01684125 0.00322876
v 0.05148805 -0.01110273 0.01460774
v 0.05183789 -0.01046862 0.01470337
v 0.05111101 -0.01158461 0.01472908
v 0.05101544 -0.01190513 0.01443405
v 0.05003856 -0.01327220 0.01450952
v 0.04934394 -0.01411101 0.01466824
v 0.05178133 -0.01071926 0.01399974
v 0.05234727 -0.00980731 0.01389631
v 0.04994092 -0.01347230 0.01399865
v 0.05109582 -0.01185851 0.01347463
v 0.04863494 -0.01503991 0.01444269
v 0.04989262 -0.01353132 0.01179890
v 0.05120230 -0.01168936 0.01164418
v 0.05228744 -0.00988350 0.01158892
v 0.05103867 -0.01179052 0.00974456
v 0.04977376 -0.01351684 0.00948145
v 0.05219876 -0.00990176 0.00981944
v 0.05198531 -0.01014284 0.00873853
v 0.05086341 -0.01175883 0.00757159
v 0.04960890 -0.01357934 0.00825701
v 0.05197407 -0.00997409 0.00756823
v 0.04866777 -0.01502827 0.01342068
v 0.04852232 -0.01515931 0.01144045
v 0.04835995 -0.01522054 0.00957440
v 0.04933517 -0.01354260 0.00617622
v 0.05070838 -0.01170296 0.00628582
v 0.05165435 -0.01012619 0.00599791
v 0.04915765 -0.01401377 0.00770347
v 0.04806728 -0.01536391 0.00815367
v 0.05237411 -0.00938318 0.00845218
v 0.05272762 -0.00857062 0.00755708
v 0.05293844 -0.00847944 0.00975933
v 0.05299842 -0.00847891 0.01159777
v 0.05301219 -0.00844317 0.01389241
v 0.05264358 -0.00832054 0.00609804
v 0.04882810 -0.01409072 0.00612195
v 0.04787494 -0.01523885 0.00634723
v 0.04713592 -0.01660003 0.01066168
v 0.04736289 -0.01644127 0.01403846
v 0.04708724 -0.01639329 0.00814188
v 0.05046789 -0.01166762 0.00521457
v 0.04776157 -0.01597513 0.01454074
v 0.04700267 -0.01610783 0.00616232
v 0.04633913 -0.01704626 0.00758536
v 0.05136532 -0.01004179 0.00464086
v 0.05226833 -0.00839788 0.00470627
v 0.04987045 -0.01207121 0.00413934
v 0.04888803 -0.01350286 0.00449979
v 0.05104220 -0.01030780 0.00415417
v 0.04767181 -0.01507589 0.00501594
v 0.04626870 -0.01729798 0.00911620
v 0.04648497 -0.01725763 0.01141246
v 0.04608217 -0.01701618 0.00619071
v 0.04717359 -0.01658605 0.01456818
v 0.04660594 -0.01715981 0.01444652
v 0.04532532 -0.01831099 0.01395583
v 0.04530914 -0.01829983 0.01164398
v 0.04525084 -0.01826259 0.01009492
v 0.04599467 -0.01663302 0.00457016
v 0.04476826 -0.01840139 0.00750348
v 0.04458089 -0.01872339 0.00899828
v 0.04458135 -0.01826179 0.00593183
v 0.04725689 -0.01515083 0.00405698
v 0.04853356 -0.01358502 0.00374544
v 0.04462014 -0.01889586 0.01380118
v 0.04457950 -0.01888964 0.01154639
v 0.04561842 -0.01801521 0.01450944
v 0.04466897 -0.01882309 0.01446058
v 0.04530168 -0.01725209 0.00466804
v 0.04429310 -0.01815197 0.00473539
v 0.04305712 -0.01992362 0.00973523
v 0.04300191 -0.02008520 0.01168108
v 0.04300824 -0.02012379 0.01388628
v 0.04371232 -0.01955220 0.01448583
v 0.04301490 -0.01963300 0.00684498
v 0.04292712 -0.01984244 0.00793571
v 0.04290880 -0.01952936 0.00595399
v 0.04961673 -0.01174239 0.00289750
v 0.04988541 -0.01115150 0.00258055
v 0.04637272 -0.01567674 0.00326758
v 0.04809241 -0.01358573 0.00276192
v 0.04468896 -0.01744382 0.00379001
v 0.04711435 -0.01463201 0.00273295
v 0.05097741 -0.00964304 0.00289041
v 0.04536078 -0.01644937 0.00290898
v 0.04285617 -0.01913519 0.00449445
v 0.04149389 -0.02091968 0.00932655
v 0.04152638 -0.02070485 0.00746408
v 0.04166493 -0.02039983 0.00611575
v 0.04137759 -0.02113582 0.01168851
v 0.04148784 -0.02025438 0.00506006
v 0.04924250 -0.01196438 0.00248492
v 0.04242598 -0.02047052 0.01444924
v 0.04126787 -0.02122163 0.01430330
v 0.04350023 -0.01821461 0.00338835
v 0.04290155 -0.01875099 0.00358895
v 0.04471851 -0.01694809 0.00280140
v 0.05179052 -0.00861896 0.00356873
v 0.04148230 -0.01992665 0.00407782
v 0.04051626 -0.02144034 0.00877320
v 0.03961710 -0.02178362 0.00725912
v 0.03964239 -0.02162868 0.00637061
v 0.04609759 -0.01521376 0.00202016
v 0.04315264 -0.01991413 0.01468867
v 0.03990335 -0.02194845 0.01161088
v 0.03953389 -0.02201799 0.00939971
v 0.03972858 -0.02206537 0.01393504
v 0.03964300 -0.02136133 0.00522598
v 0.04083673 -0.02056359 0.00486001
v 0.04197376 -0.02071959 0.01469223
v 0.04529126 -0.01822839 0.01471638
v 0.04307216 -0.01800429 0.00232883
v 0.03956220 -0.02106765 0.00412122
v 0.04812204 -0.01304585 0.00204649
v 0.04120145 -0.01950097 0.00270264
v 0.04190741 -0.01885842 0.00239298
v 0.04658432 -0.01465276 0.00193796
v 0.04727663 -0.01382450 0.00182185
v 0.04476741 -0.01641803 0.00199197
v 0.04377029 -0.01726379 0.00203299
v 0.03939976 -0.02220863 0.01202776
v 0.05057497 -0.00975581 0.00220129
v 0.05161220 -0.00835087 0.00274573
v 0.05371509 -0.00679821 0.01144408
v 0.05377797 -0.00664279 0.01348039
v 0.05294668 -0.00844207 0.01451463
v 0.05316885 -0.00687104 0.00565395
v 0.04919512 -0.01141887 0.00173253
v 0.05368561 -0.00676306 0.01444707
v 0.03982201 -0.02040954 0.00285014
v 0.05128396 -0.00843320 0.00216174
v 0.03807916 -0.02206505 0.00496773
v 0.03809214 -0.02236140 0.00636022
v 0.03797456 -0.02256872 0.00743320
v 0.03818345 -0.02276165 0.01158821
v 0.03859799 -0.02143993 0.00379537
v 0.03779093 -0.02190701 0.00402987
v 0.03910648 -0.02232327 0.01449787
v 0.04609988 -0.01748982 0.01473927
v 0.04807814 -0.01551534 0.01474028
v 0.03884297 -0.02082911 0.00265163
v 0.03785480 -0.02133859 0.00263040
v 0.04773289 -0.01288629 0.00131601
v 0.04984532 -0.00996228 0.00122137
v 0.04137624 -0.01874534 0.00163129
v 0.03951435 -0.02013363 0.00202234
v 0.03790751 -0.02093652 0.00193526
v 0.03636357 -0.02238793 0.00368244
v 0.04278668 -0.01757590 0.00140883
v 0.04541714 -0.01524573 0.00127200
v 0.04410208 -0.01636238 0.00119416
v 0.04613890 -0.01409891 0.00077530
v 0.05082640 -0.00838650 0.00136112
v 0.05225198 -0.00669037 0.00254312
v 0.04708414 -0.01302836 0.00074406
v 0.04434835 -0.01893106 0.01475864
v 0.04427345 -0.01580169 0.00072192
v 0.04543149 -0.01472194 0.00071905
v 0.04802461 -0.01189335 0.00071028
v 0.04866667 -0.01119951 0.00081772
v 0.04951044 -0.00996861 0.00078087
v 0.03602915 -0.02185494 0.00210818
v 0.03663604 -0.02138579 0.00173503
v 0.03949006 -0.01949918 0.00109454
v 0.04118128 -0.01855440 0.00119160
v 0.04202781 -0.01761845 0.00079062
v 0.04298674 -0.01685504 0.00074431
v 0.03793514 -0.02047381 0.00125747
v 0.05153907 -0.00706244 0.00154876
v 0.04112761 -0.01819005 0.00073368
v 0.03979076 -0.01899756 0.00073090
v 0.03606063 -0.02122648 0.00111536
v 0.05050057 -0.00809162 0.00070579
v 0.05104639 -0.00695736 0.00075927
v 0.03858187 -0.01968818 0.00071797
v 0.05322972 -0.00767552 0.01472387
v 0.05281246 -0.00857539 0.01473723
v 0.05231596 -0.00571860 0.00204064
v 0.05282663 -0.00502148 0.00256959
v 0.04984069 -0.00869326 0.00036532
v 0.05144596 -0.00583581 0.00077589
v 0.05223267 -0.00492417 0.00149706
v 0.04781582 -0.01159977 0.00034037
v 0.05297264 -0.00325126 0.00208295
v 0.04071902 -0.01799563 0.00036366
v 0.05185323 -0.00449831 0.00081730
v 0.03947117 -0.01875235 0.00037485
v 0.05235542 -0.00323742 0.00109909
v 0.05040406 -0.00746002 0.00033221
v 0.03819862 -0.01946526 0.00036323
v -0.04939917 -0.01168619 0.01454524
v -0.04892600 -0.01236247 0.01457501
v -0.04911784 -0.01223329 0.01479128
v -0.04876008 -0.01268170 0.01477509
v -0.04835826 -0.01327326 0.01477131
v -0.04798622 -0.01352975 0.01455811
v -0.04942916 -0.01193305 0.01479108
v -0.04969305 -0.01129666 0.01476232
v -0.04814680 -0.01368223 0.01479535
v -0.04777950 -0.01394494 0.01477016
v -0.04736328 -0.01440869 0.01477633
v -0.04694321 -0.01484150 0.01477583
v -0.04656536 -0.01509419 0.01455769
v -0.04638478 -0.01538459 0.01476325
v -0.04568470 -0.01596780 0.01455810
v -0.04588036 -0.01591153 0.01477264
v -0.04543069 -0.01635139 0.01477715
v -0.04499188 -0.01676491 0.01476884
v -0.04454139 -0.01717850 0.01476323
v -0.04406874 -0.01741250 0.01455246
v -0.04418637 -0.01755352 0.01477686
v -0.04351801 -0.01789715 0.01468113
v -0.04327235 -0.01814478 0.01475885
v -0.04290032 -0.01846268 0.01477934
v -0.01446798 -0.02400087 0.01488724
v -0.00852514 -0.02428957 0.01491828
v -0.00570824 -0.02394692 0.01493308
v -0.01468879 -0.02427150 0.01489349
v -0.01979621 -0.02402256 0.01487053
v -0.01968012 -0.02445076 0.01486164
v -0.02779410 -0.02445093 0.01482275
v -0.01939423 -0.02466823 0.01484397
v -0.02813296 -0.02403072 0.01484678
v -0.03092831 -0.02438083 0.01478452
v -0.00617642 -0.02470680 0.01487592
v -0.03178980 -0.02400924 0.01483364
v -0.03017166 -0.02358988 0.01485187
v -0.03290148 -0.02332324 0.01485496
v -0.03328288 -0.02393582 0.01476923
v -0.03414690 -0.02343747 0.01483182
v -0.03356506 -0.02273090 0.01480148
v -0.03465030 -0.02276459 0.01485524
v -0.03536429 -0.02317893 0.01480325
v -0.03655628 -0.02255600 0.01484385
v -0.03545975 -0.02230113 0.01484527
v -0.02779841 -0.02357231 0.01481075
v -0.00422712 -0.02415940 0.01496848
v -0.00440155 -0.02443661 0.01495069
v 0.01092562 -0.02444779 0.01492359
v 0.00957762 -0.02416792 0.01495266
v 0.02442983 -0.02470047 0.01487482
v 0.02012438 -0.02423594 0.01492918
v 0.02456761 -0.02448348 0.01489008
v -0.03608774 -0.02186203 0.01480034
v -0.03698395 -0.02189160 0.01484149
v -0.03800041 -0.02209247 0.01481878
v -0.03736089 -0.02144367 0.01480283
v -0.03911137 -0.02143886 0.01482134
v 0.02237963 -0.02401713 0.01488238
v 0.02848603 -0.02402327 0.01488572
v 0.02865023 -0.02438611 0.01489688
v 0.03105939 -0.02394203 0.01489649
v 0.03187754 -0.02424915 0.01487650
v 0.03233718 -0.02407082 0.01487458
v 0.03433342 -0.02355953 0.01487653
v 0.03254489 -0.02353292 0.01488736
v 0.03378898 -0.02310810 0.01488075
v 0.03560926 -0.02286800 0.01489710
v 0.03485785 -0.02266962 0.01487069
v -0.02513603 -0.02362698 0.01480892
v -0.03841357 -0.02085684 0.01476468
v -0.03944393 -0.02103833 0.01482981
v -0.04083631 -0.02094802 0.01479513
v 0.01027401 -0.02395533 0.01492868
v 0.00034241 -0.02395084 0.01493786
v -0.04006806 -0.02139052 0.01476689
v -0.03929464 -0.02177325 0.01477188
v -0.02019834 -0.02366338 0.01482095
v 0.02519704 -0.02482744 0.01482748
v -0.04061644 -0.02054985 0.01483262
v -0.04002338 -0.02018431 0.01478727
v -0.04110314 -0.01993852 0.01483136
v -0.04170162 -0.02033966 0.01482593
v -0.04274527 -0.01939002 0.01483435
v -0.04261361 -0.01884524 0.01480791
v -0.04416135 -0.01874015 0.01483488
v -0.04453488 -0.01789127 0.01483911
v -0.04616272 -0.01684545 0.01484264
v -0.04630202 -0.01592762 0.01482693
v -0.04743847 -0.01588590 0.01483469
v -0.04777998 -0.01454335 0.01482662
v -0.04888107 -0.01449550 0.01482272
v -0.04908771 -0.01343087 0.01483497
v -0.05018882 -0.01280864 0.01483371
v -0.04998238 -0.01157753 0.01481635
v -0.05076655 -0.01172141 0.01484164
v -0.05076262 -0.00974690 0.01483727
v -0.05134113 -0.01120097 0.01482973
v -0.05189706 -0.01020074 0.01482230
v -0.05156187 -0.00873589 0.01482998
v -0.05233163 -0.00925796 0.01480253
v -0.05280961 -0.00796796 0.01481375
v -0.05216203 -0.00736525 0.01481711
v -0.05320166 -0.00626011 0.01482610
v -0.05266631 -0.00466117 0.01483755
v -0.05373606 -0.00483306 0.01479889
v -0.05377381 -0.00350258 0.01480586
v -0.05285161 -0.00185466 0.01480313
v -0.05346088 -0.00090577 0.01480850
v -0.05287552 0.00124630 0.01481067
v -0.05363393 0.00150714 0.01482963
v -0.05372354 0.00344270 0.01482853
v -0.05284515 0.00472440 0.01484655
v -0.05417966 0.00136608 0.01480232
v -0.05417889 -0.00224357 0.01477779
v -0.05252473 0.00384819 0.01482139
v -0.05242606 0.00463172 0.01482620
v -0.05192135 0.00699238 0.01482476
v -0.05272799 0.00713568 0.01482429
v -0.05232745 0.00846125 0.01482950
v -0.05162841 0.00909982 0.01485405
v -0.05113006 0.00809398 0.01481524
v -0.05090423 0.00941583 0.01486817
v -0.05134740 0.01016757 0.01484872
v -0.05015732 0.01165282 0.01485501
v -0.04987542 0.01036029 0.01483433
v -0.04945369 0.01117846 0.01485562
v -0.04971566 0.01281186 0.01483854
v -0.04875463 0.01266586 0.01485365
v -0.04795904 0.01355106 0.01485433
v -0.04886904 0.01375881 0.01484735
v -0.04824958 0.01438413 0.01486533
v -0.04738419 0.01457498 0.01487786
v -0.04763600 0.01504501 0.01487679
v -0.04709184 0.01549174 0.01486650
v -0.04560007 0.01630468 0.01486341
v -0.04599415 0.01671874 0.01486981
v -0.04473132 0.01782440 0.01486275
v -0.04429902 0.01739437 0.01484279
v -0.04398290 0.01819665 0.01488050
v -0.05366526 0.00473374 0.01480519
v -0.05330292 0.00621972 0.01479541
v -0.05415522 0.00285214 0.01477601
v -0.05112355 -0.00887120 0.01481607
v -0.05156009 -0.00761402 0.01478942
v -0.05204259 -0.00621540 0.01479950
v -0.04243810 -0.02008215 0.01479069
v -0.04636499 -0.01707601 0.01481613
v -0.04435485 -0.01889939 0.01477564
v -0.05076238 0.01147059 0.01481024
v -0.05140745 0.00702553 0.01477836
v -0.05178346 0.00617316 0.01477271
v -0.04811291 0.01500649 0.01481329
v 0.02963734 -0.02454174 0.01486546
v -0.05013409 -0.01325033 0.01480197
v -0.04350757 0.01754778 0.01477599
v -0.04303588 0.01797859 0.01480244
v -0.04318759 0.01852267 0.01486506
v -0.04319901 0.01901031 0.01486130
v -0.04217117 0.01952228 0.01487351
v -0.04451652 0.01838501 0.01481583
v 0.03550576 -0.02344398 0.01482944
v 0.03685894 -0.02288582 0.01485971
v 0.03711662 -0.02222363 0.01488679
v 0.03868695 -0.02192955 0.01487980
v 0.03755861 -0.02187099 0.01487586
v 0.03840257 -0.02139175 0.01486002
v 0.03919262 -0.02139273 0.01488437
v 0.03918833 -0.02199818 0.01483051
v 0.03793678 -0.02260895 0.01482037
v 0.04067400 -0.02116551 0.01484327
v 0.03967426 -0.02080485 0.01486985
v 0.04161899 -0.02045297 0.01485973
v 0.04099825 -0.02010280 0.01486715
v 0.04186920 -0.01946428 0.01484408
v 0.04275113 -0.01910814 0.01486830
v 0.04219365 -0.02028560 0.01483590
v 0.04357979 -0.01886569 0.01486810
v 0.04346086 -0.01942718 0.01482567
v 0.04539558 -0.01784973 0.01485132
v 0.04741726 -0.01483663 0.01488218
v 0.04844185 -0.01452888 0.01487014
v 0.04801398 -0.01382386 0.01485724
v 0.04915799 -0.01315565 0.01488096
v 0.04899579 -0.01272168 0.01486801
v 0.05070402 -0.01120724 0.01488168
v 0.04997928 -0.01113146 0.01488266
v 0.05076668 -0.00987785 0.01489071
v 0.05123291 -0.01068800 0.01487087
v 0.05221668 -0.00857655 0.01488530
v 0.05139475 -0.00856233 0.01488269
v 0.05213341 -0.00736747 0.01487977
v 0.05311476 -0.00693815 0.01486472
v 0.05310251 -0.00465586 0.01489296
v 0.05366655 -0.00577986 0.01485623
v 0.05434658 -0.00305771 0.01486552
v 0.05328337 -0.00228719 0.01487378
v 0.05444125 -0.00185203 0.01487218
v 0.05419994 0.00283633 0.01485454
v 0.05332840 0.00072767 0.01484639
v 0.05319574 0.00376349 0.01486852
v 0.05405323 0.00459002 0.01484792
v 0.05359078 0.00603185 0.01484813
v 0.05278667 0.00511423 0.01487202
v 0.05306312 0.00767425 0.01482973
v 0.05073029 0.00939597 0.01484055
v 0.05132497 0.01097907 0.01482572
v 0.04985591 0.01074842 0.01483523
v 0.04945520 0.01349450 0.01481871
v 0.04872854 0.01269349 0.01482170
v 0.04700755 0.01447948 0.01481573
v 0.04646563 0.01652582 0.01482439
v 0.04583356 0.01563875 0.01481405
v 0.04473959 0.01787189 0.01483008
v 0.05243147 0.00902671 0.01483101
v 0.05216832 0.00663736 0.01484718
v 0.04471143 0.01630436 0.01480395
v 0.04446892 0.01699729 0.01482379
v 0.04297870 0.01765785 0.01481595
v 0.03951595 0.01979692 0.01481122
v 0.04018671 0.02077128 0.01482814
v 0.03866849 0.02024048 0.01481992
v 0.03890567 0.02141563 0.01483786
v 0.04237908 0.01947322 0.01482810
v 0.04168759 0.01850223 0.01481862
v 0.03790599 0.02047979 0.01480116
v 0.03704173 0.02135484 0.01485163
v 0.03751123 0.02207723 0.01484704
v 0.03500524 0.02232151 0.01485137
v 0.03527306 0.02303470 0.01484451
v 0.03393859 0.02283462 0.01486194
v 0.03628378 0.02262858 0.01484639
v 0.03606720 0.02188790 0.01485184
v 0.03343586 0.02323829 0.01485937
v 0.03177968 0.02280983 0.01480631
v 0.05458072 0.00134750 0.01483954
v 0.05010763 -0.01273636 0.01484263
v 0.05221148 -0.00642313 0.01486216
v 0.05221377 -0.00920567 0.01485715
v 0.05244044 0.00504134 0.01482035
v 0.03494929 0.02172767 0.01477534
v 0.04860113 0.01228709 0.01479220
v 0.04777458 0.01319623 0.01477679
v 0.03317966 0.02240483 0.01479043
v 0.03124657 0.02326172 0.01485344
v 0.03153863 0.02367141 0.01485979
v 0.02864309 0.02370772 0.01484357
v 0.02951499 0.02412139 0.01484310
v 0.02666982 0.02410372 0.01486131
v 0.02566321 0.02366986 0.01481624
v 0.03463688 0.02195853 0.01479812
v 0.02018252 0.02375384 0.01484264
v 0.04825156 -0.01507034 0.01484206
v 0.03302125 0.02360532 0.01482756
v 0.02831909 0.02447789 0.01480471
v 0.02137512 0.02454577 0.01487022
v 0.02122012 0.02411288 0.01489238
v 0.01854192 0.02427239 0.01491918
v 0.01461276 0.02406171 0.01491182
v 0.01560440 0.02454417 0.01491068
v 0.02110091 0.02474303 0.01484907
v 0.00521514 0.02421956 0.01497779
v 0.00329811 0.02451007 0.01497442
v -0.00412515 0.02421672 0.01499377
v -0.00860947 0.02452445 0.01500790
v -0.01031607 0.02420062 0.01501508
v 0.00587420 0.02401271 0.01494740
v -0.00389824 0.02399515 0.01495948
v -0.01462100 0.02453334 0.01499338
v -0.01881573 0.02423507 0.01498254
v -0.01910901 0.02454102 0.01498616
v -0.02870042 0.02453545 0.01493145
v -0.02901565 0.02418304 0.01494549
v -0.02994491 0.02451987 0.01489432
v 0.05303402 -0.00769929 0.01482851
v 0.05096355 -0.01147044 0.01483439
v 0.05304217 -0.00071232 0.01480260
v -0.05070967 0.00899761 0.01482369
v -0.05044463 0.00925880 0.01480558
v -0.04235752 0.01992673 0.01480982
v -0.03106058 0.02409803 0.01495247
v -0.02984674 0.02391193 0.01494826
v -0.03173101 0.02353302 0.01496638
v -0.02605782 0.02402057 0.01491943
v -0.02990739 0.02364700 0.01492164
v -0.02804268 0.02371321 0.01484763
v -0.03207891 0.02425579 0.01486224
v -0.03361773 0.02366848 0.01489828
v -0.03348977 0.02303971 0.01492745
v -0.03462824 0.02313279 0.01493130
v -0.03528957 0.02227802 0.01491603
v -0.03650393 0.02268710 0.01490196
v -0.03687096 0.02173695 0.01492701
v -0.03775062 0.02243121 0.01483566
v -0.03844221 0.02181670 0.01488817
v -0.03847283 0.02115927 0.01488892
v -0.04103912 0.02008433 0.01488633
v -0.03953144 0.02023155 0.01484025
v -0.03936535 0.02169301 0.01484042
v -0.04114925 0.02069332 0.01483568
v -0.04125995 0.01938000 0.01480725
v -0.03966343 0.02000938 0.01480078
v -0.04216194 0.01868272 0.01478839
v -0.04151703 0.01907567 0.01476345
v 0.04575977 -0.01641759 0.01486029
v 0.04383948 -0.01829324 0.01485935
v 0.04283886 -0.01847587 0.01476117
v -0.05224599 0.00910717 0.01476695
v 0.03026112 -0.02357921 0.01481755
v -0.04704205 0.01420490 0.01480431
v -0.04666319 0.01462227 0.01479148
v 0.05285774 -0.00404891 0.01487460
v 0.05219643 -0.00557657 0.01480653
v -0.02798864 -0.02338768 0.01475825
v 0.03530559 -0.02228321 0.01479990
v 0.03039966 0.02301330 0.01478563
v 0.05156191 -0.00737703 0.01479392
v -0.01941017 0.02401850 0.01494580
v -0.01106595 0.02399641 0.01497361
v -0.04538301 0.01594690 0.01479232
v -0.04509863 0.01633233 0.01480730
v -0.04447842 0.01664179 0.01475809
v -0.05286862 0.00758098 0.01478247
v 0.04735390 0.01363621 0.01476953
v 0.04683525 0.01414816 0.01476080
v -0.04819954 0.01274137 0.01479177
v -0.04880062 0.01182734 0.01479642
v 0.03876214 -0.02081608 0.01476062
v -0.04545711 0.01761183 0.01480517
v 0.04237225 0.01782189 0.01478275
v -0.04845569 -0.01532111 0.01477411
v 0.02928501 -0.02364740 0.01481233
v 0.02727941 -0.02371486 0.01480192
v -0.03555920 0.02331948 0.01484524
v -0.05126784 -0.01179282 0.01475445
v -0.03829239 0.02069965 0.01481424
v -0.03754315 0.02092471 0.01480631
v 0.04364751 0.01693366 0.01477726
v 0.04329746 0.01723371 0.01478487
v -0.05324693 -0.00721599 0.01477032
v -0.05366652 -0.00604743 0.01473985
v -0.04780958 0.01321007 0.01479095
v -0.04745826 0.01362054 0.01478502
v 0.03196084 0.02400255 0.01478322
v 0.05032979 0.00975408 0.01481085
v 0.01227243 -0.02470220 0.01487318
v 0.00595172 -0.02468315 0.01488139
v -0.04994990 -0.01097879 0.01477527
v -0.05163025 0.01028055 0.01477008
v 0.03219341 -0.02315407 0.01479056
v -0.05323170 0.00703262 0.01472345
v 0.05174400 -0.01024452 0.01482765
v 0.04987520 -0.01333794 0.01475221
v -0.05411107 -0.00418516 0.01470392
v -0.03648459 0.02150719 0.01485097
v 0.04857036 -0.01268589 0.01478418
v 0.04820104 -0.01306606 0.01475520
v -0.03707789 -0.02265867 0.01478040
v -0.03457953 -0.02353639 0.01478174
v 0.03392897 -0.02391253 0.01482276
v 0.04790810 0.01533488 0.01477912
v -0.04939476 0.01363778 0.01474387
v 0.05032310 -0.00987206 0.01480391
v 0.05057724 -0.00937526 0.01479924
v 0.05405501 -0.00467419 0.01483541
v 0.05445907 0.00346141 0.01476737
v 0.05183524 -0.00648209 0.01478207
v 0.04619907 -0.01542241 0.01475261
v 0.04549548 -0.01618371 0.01476476
v 0.04494938 -0.01669846 0.01475907
v 0.03790041 -0.02124105 0.01476629
v -0.04689027 -0.01685771 0.01474793
v -0.02041987 0.02483924 0.01490730
v -0.00123056 -0.02471176 0.01488157
v 0.04147034 -0.01937763 0.01476905
v -0.05408657 0.00419478 0.01468591
v -0.03668041 0.02129882 0.01480913
v 0.05095569 -0.00856098 0.01478699
v 0.05130036 -0.00780909 0.01477794
v -0.01969617 -0.02480586 0.01477159
v -0.04298720 -0.01986460 0.01473390
v 0.05154816 0.00750879 0.01480683
v 0.02882789 -0.02476940 0.01479485
v -0.03836626 -0.02218715 0.01476062
v 0.04986981 -0.01059055 0.01478958
v -0.03617280 -0.02307992 0.01473862
v -0.04998592 -0.01370809 0.01472521
v -0.01365439 0.02481330 0.01491354
v 0.05245114 -0.00494359 0.01482775
v 0.03360253 0.02362804 0.01474494
v -0.05369162 0.00532531 0.01475535
v -0.04356758 0.01920189 0.01475531
v -0.02470804 -0.02481158 0.01474019
v -0.03406793 0.02240117 0.01481233
v -0.03301694 0.02278676 0.01481695
v 0.04966187 -0.01078389 0.01475016
v -0.05281216 -0.00863830 0.01473917
v 0.00431965 0.02476516 0.01489335
v -0.00703790 0.02479517 0.01491733
v 0.04098423 -0.02129241 0.01470288
v 0.05480206 0.00077018 0.01478185
v -0.02887313 0.02345763 0.01480708
v 0.02526516 0.02477811 0.01474307
v 0.04350129 0.01892165 0.01477039
v -0.03169502 0.02301554 0.01479053
v 0.00453776 0.02379201 0.01486510
v -0.05460336 0.00039655 0.01464356
v -0.05192447 -0.01067891 0.01472935
v -0.05238770 -0.00968747 0.01472603
v 0.02977138 0.02443795 0.01470603
v -0.05049430 0.01212309 0.01474828
v 0.02013517 -0.02477935 0.01483354
v -0.03645417 0.02305635 0.01477284
v -0.02818631 -0.02478045 0.01468564
v -0.00441047 0.02378787 0.01487117
v -0.05276361 0.00828848 0.01468072
v 0.05362824 0.00680942 0.01472392
v 0.03916818 0.02150679 0.01475090
v 0.04439598 0.01832044 0.01475832
v 0.04510563 0.01779379 0.01475810
v 0.05459456 -0.00307549 0.01470897
v -0.04600545 0.01739138 0.01470638
v -0.03836874 -0.02240543 0.01461866
v -0.04482604 -0.01880695 0.01462896
v 0.03740878 0.02233007 0.01475852
v 0.04710536 -0.01655103 0.01472815
v 0.05410489 0.00527657 0.01472438
v -0.03170478 -0.02446490 0.01462837
v -0.04802754 0.01535096 0.01472355
v -0.03943346 -0.02035851 0.01472409
v -0.05409249 -0.00509947 0.01458568
v -0.05457096 -0.00186768 0.01458737
v 0.02181872 0.02351091 0.01465824
v -0.01131465 -0.02481640 0.01479164
v 0.05409914 -0.00531774 0.01471043
v -0.05362411 0.00623277 0.01462599
v -0.05243615 -0.01011799 0.01455347
v -0.05443653 -0.00341710 0.01456040
v 0.03601569 -0.02350945 0.01469573
v 0.03726744 -0.02307487 0.01468704
v 0.04588799 0.01718920 0.01474192
v 0.03548543 0.02307303 0.01477267
v 0.04019589 -0.02174284 0.01466072
v 0.03911986 -0.02225236 0.01470651
v -0.05331194 -0.00812348 0.01451496
v -0.05051074 0.01244306 0.01456490
v 0.05090582 0.01186939 0.01472396
v 0.05231431 -0.00964430 0.01467891
v 0.03202367 -0.02452493 0.01467890
v 0.02817270 0.02466078 0.01469958
v 0.03823476 -0.02267171 0.01469989
v 0.04882332 -0.01470882 0.01470202
v -0.04914394 0.01425356 0.01457693
v -0.03134086 0.02446123 0.01479998
v 0.04377327 -0.01940830 0.01471096
v 0.05051606 -0.01253329 0.01468551
v -0.05436677 0.00365871 0.01453969
v -0.03968256 -0.02186291 0.01459262
v -0.05124658 0.01133731 0.01456290
v 0.01012543 -0.02496099 0.01467415
v -0.04830964 -0.01585972 0.01456396
v -0.02444126 -0.02498035 0.01461590
v -0.04324340 -0.01995734 0.01455951
v -0.05392347 0.00556072 0.01454012
v -0.04941963 -0.01468778 0.01454997
v -0.00887150 -0.02495489 0.01468568
v -0.04680897 -0.01726976 0.01454437
v -0.03666181 -0.02308562 0.01459097
v -0.00292092 -0.02493377 0.01468257
v 0.00527653 -0.02492994 0.01466726
v -0.04575801 0.01787149 0.01446839
v -0.05481026 0.00011392 0.01447316
v -0.04408057 -0.01954457 0.01443004
v -0.04193660 0.02054402 0.01455830
v -0.05189520 0.01030613 0.01455362
v -0.04970167 0.01359813 0.01454288
v -0.05473296 0.00155307 0.01443026
v -0.04486807 0.01622782 0.01455739
v -0.04591691 -0.01814963 0.01443332
v -0.05421656 0.00484655 0.01438627
v -0.04653576 0.01712160 0.01452398
v -0.04656840 0.01450589 0.01460908
v -0.03916507 0.02198119 0.01462973
vt 0.34820616 0.10239458
vt 0.34321463 0.05284417
vt 0.37289733 0.08071661
vt 0.37678134 0.12014848
vt 0.40108532 0.17908788
vt 0.37968206 0.15121531
vt 0.40108898 0.12771821
vt 0.39541593 0.07878417
vt 0.41368860 0.10660422
vt 0.37469548 0.04820925
vt 0.40480396 0.04661614
vt 0.40265933 0.02349657
vt 0.42602059 0.03328520
vt 0.42751819 0.10391438
vt 0.41652969 0.06550771
vt 0.43075410 0.05826896
vt 0.41617432 0.14663792
vt 0.44288543 0.11222899
vt 0.46199250 0.12680805
vt 0.42851162 0.16606569
vt 0.44626284 0.06687713
vt 0.49461687 0.04800719
vt 0.47314954 0.07535231
vt 0.47428989 0.16956723
vt 0.49313101 0.14216864
vt 0.44742674 0.16438252
vt 0.41195083 0.20275784
vt 0.37858251 0.19271189
vt 0.38818619 0.21446490
vt 0.34294957 0.21954232
vt 0.38662624 0.23947167
vt 0.33473718 0.24030685
vt 0.32852760 0.27022445
vt 0.35741347 0.27169108
vt 0.34612453 0.30083650
vt 0.32470140 0.31084871
vt 0.36830419 0.31118345
vt 0.38384211 0.29093397
vt 0.38899666 0.26510453
vt 0.42174286 0.25974202
vt 0.40447494 0.31762052
vt 0.40698797 0.31002116
vt 0.42659754 0.31697571
vt 0.33397198 0.31532788
vt 0.49990028 0.31161010
vt 0.48115304 0.26898122
vt 0.50226742 0.27152336
vt 0.51873177 0.29997730
vt 0.52107525 0.31655777
vt 0.46388128 0.29635096
vt 0.42495728 0.31077302
vt 0.44655934 0.27320170
vt 0.44843784 0.24340659
vt 0.41907737 0.22703117
vt 0.46141997 0.22394907
vt 0.44980830 0.20347071
vt 0.49247482 0.19539499
vt 0.51184237 0.20128578
vt 0.50687069 0.16628152
vt 0.49397466 0.22665489
vt 0.52175146 0.27157944
vt 0.55655676 0.30823421
vt 0.56493300 0.31602252
vt 0.56419092 0.29515451
vt 0.54771441 0.28343642
vt 0.58330023 0.28029293
vt 0.60866135 0.29245526
vt 0.61365199 0.26996577
vt 0.63317454 0.28455383
vt 0.64409530 0.28568667
vt 0.55720240 0.25898230
vt 0.59342760 0.24425077
vt 0.62963217 0.24548590
vt 0.60041040 0.21286356
vt 0.62403679 0.20579565
vt 0.66297400 0.22319365
vt 0.59638256 0.17893142
vt 0.61985791 0.17455012
vt 0.65829861 0.17029631
vt 0.66845423 0.19429219
vt 0.61369914 0.13929921
vt 0.59527802 0.14093614
vt 0.56211096 0.14303505
vt 0.59521818 0.11072117
vt 0.55535215 0.21578866
vt 0.56334877 0.19244766
vt 0.51840365 0.23010612
vt 0.52420825 0.15549189
vt 0.56404179 0.16442966
vt 0.54612482 0.11405975
vt 0.55604219 0.08638376
vt 0.50452125 0.11660284
vt 0.51808292 0.10766476
vt 0.52435035 0.08415687
vt 0.57011402 0.06570488
vt 0.60440475 0.08824342
vt 0.50635904 0.08143407
vt 0.51616687 0.04711413
vt 0.55452603 0.04902285
vt 0.58547270 0.03694075
vt 0.59740794 0.04417264
vt 0.60537744 0.03443128
vt 0.62106365 0.04849184
vt 0.61378610 0.03710842
vt 0.61418819 0.06795549
vt 0.63471949 0.08934015
vt 0.65769804 0.13430661
vt 0.62799025 0.11357528
vt 0.68182784 0.10555774
vt 0.67868894 0.13942289
vt 0.69067419 0.17624098
vt 0.66804159 0.25553745
vt 0.65476459 0.27870756
vt 0.65614533 0.27102554
vt 0.66162229 0.27323186
vt 0.67102265 0.26447880
vt 0.67979634 0.25460899
vt 0.67792320 0.24192649
vt 0.68488461 0.24824136
vt 0.69189358 0.23661572
vt 0.69117737 0.22427893
vt 0.69963413 0.20131338
vt 0.70221025 0.15191090
vt 0.70734018 0.17477626
vt 0.69695574 0.12677622
vt 0.65685248 0.07300746
vt 0.63913506 0.06089479
vt 0.63841867 0.04978055
vt 0.52121574 0.03443760
vt 0.54980057 0.03312451
vt 0.49525452 0.03188390
vt 0.59730786 0.30158645
vt 0.46040693 0.31209499
vt 0.45995095 0.31704366
vt 0.49899751 0.31676733
vt 0.45033747 0.03205270
vt 0.35663792 0.03627533
vt 0.37943739 0.02335382
vt 0.35302693 0.02333122
vt 0.32130849 0.03552932
vt 0.31179971 0.02350098
vt 0.30352718 0.04771292
vt 0.31807333 0.06988007
vt 0.33552971 0.08198810
vt 0.33124864 0.11022109
vt 0.35655767 0.13350898
vt 0.34798998 0.16429543
vt 0.32105523 0.16054219
vt 0.34434667 0.19501519
vt 0.31511053 0.20216024
vt 0.30657205 0.22839820
vt 0.29704186 0.25847733
vt 0.28563350 0.28380525
vt 0.27849850 0.30251992
vt 0.24819788 0.28570271
vt 0.21335250 0.29841578
vt 0.27178529 0.31473768
vt 0.30029920 0.31663334
vt 0.21969843 0.31479084
vt 0.26519698 0.31706315
vt 0.20041080 0.31647134
vt 0.18102457 0.31050223
vt 0.17630923 0.31591874
vt 0.15383045 0.31131703
vt 0.14469162 0.30675411
vt 0.20969145 0.27228010
vt 0.16516441 0.29014826
vt 0.13452806 0.30244911
vt 0.13554770 0.28289258
vt 0.15384965 0.25513649
vt 0.19239482 0.24355531
vt 0.21976209 0.23614222
vt 0.24579008 0.25265574
vt 0.23084171 0.21283770
vt 0.26879516 0.22557086
vt 0.26686776 0.24390489
vt 0.29328576 0.21082497
vt 0.24915549 0.20536208
vt 0.28772360 0.18583727
vt 0.29833844 0.15375841
vt 0.31394047 0.10744405
vt 0.29551324 0.11710572
vt 0.29450285 0.08389354
vt 0.26668271 0.10920334
vt 0.26854160 0.14567000
vt 0.24481075 0.12988019
vt 0.24411680 0.08954591
vt 0.26699257 0.07238865
vt 0.26422161 0.05509442
vt 0.27061787 0.03539842
vt 0.29212958 0.02370924
vt 0.26073366 0.02363354
vt 0.24285048 0.03666323
vt 0.22198191 0.02348208
vt 0.20925888 0.03421909
vt 0.21595295 0.06304014
vt 0.23369946 0.06847566
vt 0.22279528 0.10595793
vt 0.19659024 0.10874903
vt 0.17432627 0.07699656
vt 0.17336586 0.11148769
vt 0.17569828 0.14201021
vt 0.21825039 0.14391649
vt 0.19380791 0.16960794
vt 0.21039377 0.18737096
vt 0.17848866 0.19338155
vt 0.16213299 0.22021276
vt 0.14727196 0.16386485
vt 0.15136002 0.11155283
vt 0.12581472 0.14307642
vt 0.12842369 0.20243049
vt 0.10280225 0.16620600
vt 0.10908268 0.22084278
vt 0.11274680 0.25516337
vt 0.07740725 0.22216791
vt 0.07397712 0.18330872
vt 0.04209166 0.19718373
vt 0.05489030 0.15968454
vt 0.09423994 0.14075994
vt 0.04249817 0.13282913
vt 0.09564918 0.12255365
vt 0.11874604 0.11134386
vt 0.08981358 0.09904969
vt 0.13674092 0.08901763
vt 0.15850183 0.04906821
vt 0.19345184 0.04740101
vt 0.18429658 0.02766782
vt 0.12587136 0.04975522
vt 0.13052139 0.04250640
vt 0.15483309 0.03962129
vt 0.15664098 0.02966082
vt 0.11157261 0.07371426
vt 0.10723426 0.05323517
vt 0.09983110 0.06262892
vt 0.09004959 0.08075160
vt 0.11153528 0.09228677
vt 0.07147658 0.10250348
vt 0.06327926 0.11564064
vt 0.04151933 0.11454421
vt 0.04672346 0.10572946
vt 0.05617486 0.10031438
vt 0.03867657 0.12198895
vt 0.03944146 0.15598476
vt 0.03408534 0.13302797
vt 0.02965587 0.15270001
vt 0.02920601 0.17686421
vt 0.03193799 0.19981599
vt 0.06871711 0.24283522
vt 0.05135623 0.22579890
vt 0.03712543 0.21023053
vt 0.03852439 0.22216368
vt 0.09025520 0.26291883
vt 0.10575505 0.28182483
vt 0.11595245 0.29651916
vt 0.10862534 0.29252601
vt 0.09819643 0.28682435
vt 0.07751793 0.27116126
vt 0.06940666 0.26512432
vt 0.05903416 0.25350904
vt 0.05385153 0.24347055
vt 0.04573683 0.23521614
vt 0.24000466 0.16724545
vt 0.25284821 0.18516809
vt 0.12402511 0.30082196
vt 0.04261901 0.22997290
vt 0.06536877 0.08981705
vt 0.07659631 0.07763004
vt 0.08893713 0.06627089
vt 0.32906055 0.31746274
vt 0.49530452 0.02308261
vt 0.43003616 0.02339935
vt 0.64349037 0.05279201
vt 0.63047093 0.29455936
vt 0.62390041 0.29852605
vt 0.61295724 0.30302751
vt 0.60118252 0.30695999
vt 0.57910132 0.31389612
vt 0.58976036 0.31083333
vt 0.69439179 0.10684645
vt 0.69121796 0.10081798
vt 0.62061083 0.03996277
vt 0.52202070 0.02594095
vt 0.56692320 0.02460879
vt 0.59043664 0.03073704
vt 0.57954937 0.02731985
vt 0.14984289 0.03223860
vt 0.14087020 0.03525645
vt 0.67191738 0.08884925
vt 0.65142560 0.05905169
vt 0.67697161 0.08160472
vt 0.68253404 0.08743805
vt 0.68707657 0.09535682
vt 0.67147738 0.07500827
vt 0.66468787 0.06991851
vt 0.65838742 0.06375504
vt 0.62842536 0.04433089
vt 0.70545548 0.20948285
vt 0.69643164 0.23068631
vt 0.71137398 0.17468953
vt 0.70957524 0.19553483
vt 0.17300025 0.02416623
vt 0.70998180 0.15449345
vt 0.70691949 0.13709188
vt 0.70389533 0.12984866
vt 0.70106512 0.12071997
vt 0.16771419 0.02684534
vt 0.12218466 0.04001385
vt 0.11073711 0.04613733
vt 0.13193753 0.03658324
vt 0.05103026 0.09864682
vt 0.06031789 0.08747089
vt 0.08079120 0.06639254
vt 0.09250010 0.05740672
vt 0.09991715 0.05208468
vt 0.07381313 0.07137507
vt 0.05427173 0.24927431
vt 0.04839713 0.24108869
vt 0.03525715 0.21485579
vt 0.52252829 0.02240348
vt 0.13228033 0.30623531
vt 0.13519302 0.03314674
vt 0.06249463 0.08321345
vt 0.02798177 0.19074929
vt 0.45258102 0.02115327
vt 0.49399731 0.02104098
vt 0.42262748 0.02094883
vt 0.02555219 0.16270733
vt 0.31325647 0.31814849
vt 0.45506716 0.76843649
vt 0.19859187 0.02183914
vt 0.25702146 0.86702681
vt 0.39221820 0.02087510
vt 0.64460409 0.28675425
vt 0.14078657 0.30940306
vt 0.55057168 0.02295476
vt 0.08967181 0.28279459
vt 0.03142002 0.21095043
vt 0.02811116 0.19850028
vt 0.35862628 0.02119571
vt 0.31295279 0.02133721
vt 0.28282106 0.02159816
vt 0.24383630 0.02172899
vt 0.71351981 0.17047238
vt 0.03007882 0.13881701
vt 0.10498654 0.29395670
vt 0.15049767 0.02820730
vt 0.13702114 0.03128028
vt 0.19336903 0.86835992
vt 0.15989888 0.02566957
vt 0.21755879 0.86764044
vt 0.04406070 0.10573864
vt 0.99788618 0.41684359
vt 0.09550498 0.28879082
vt 0.15385252 0.31267750
vt 0.16543713 0.31529665
vt 0.12713826 0.03526515
vt 0.11695256 0.30001163
vt 0.11025314 0.29726452
vt 0.02534552 0.18271470
vt 0.03474373 0.12484473
vt 0.05916193 0.08443522
vt 0.05588178 0.08762646
vt 0.99822223 0.43951702
vt 0.07797602 0.06476402
vt 0.08171897 0.06140870
vt 0.03796587 0.11667031
vt 0.99767715 0.40370703
vt 0.71307629 0.19059950
vt 0.10591994 0.04537272
vt 0.11169765 0.04256141
vt 0.09780975 0.05008769
vt 0.08977489 0.05580509
vt 0.03550563 0.22362083
vt 0.12449919 0.30342716
vt 0.69896078 0.11456263
vt 0.70992428 0.14063573
vt 0.71337712 0.15340602
vt 0.06121545 0.26155806
vt 0.72625476 0.77337748
vt 0.71001446 0.20205218
vt 0.17968130 0.02266139
vt 0.23791365 0.86686528
vt 0.07998556 0.27770728
vt 0.07514496 0.27365100
vt 0.07238173 0.27183217
vt 0.71093935 0.77246082
vt 0.11964814 0.03819615
vt 0.50316137 0.31790930
vt 0.26453009 0.77019352
vt 0.03946915 0.23172641
vt 0.04385262 0.23908681
vt 0.75470930 0.77648497
vt 0.06506663 0.07678914
vt 0.07167071 0.07004488
vt 0.99951923 0.46431810
vt 0.59746104 0.03019869
vt 0.08740254 0.28392726
vt 0.54118878 0.86520600
vt 0.48196855 0.01978713
vt 0.69202453 0.24004215
vt 0.55050224 0.31767571
vt 0.04978666 0.24727380
vt 0.74462593 0.77543640
vt 0.70095760 0.22378713
vt 0.70737672 0.13023388
vt 0.70440090 0.12371027
vt 0.55856162 0.86501360
vt 0.49929616 0.01989698
vt 0.23041628 0.31788170
vt 0.53804505 0.76753640
vt 0.02660303 0.14939404
vt 0.71466333 0.19712001
vt 0.08868857 0.49649101
vt 0.71636212 0.15770781
vt 0.71739846 0.16875553
vt 0.71693861 0.18260008
vt 0.08861551 0.48104846
vt 0.59323454 0.02580273
vt 0.65387970 0.86251873
vt 0.17633078 0.31764203
vt 0.59243339 0.76644140
vt 0.71107036 0.13405973
vt 0.70423645 0.22227210
vt 0.69582731 0.23999411
vt 0.09078021 0.54540455
vt 0.59625727 0.31255323
vt 0.70204437 0.23034525
vt 0.08985233 0.53344029
vt 0.70584303 0.12013704
vt 0.71448082 0.14485472
vt 0.08900775 0.44107485
vt 0.71055615 0.20909601
vt 0.08943160 0.50960195
vt 0.70712137 0.21812403
vt 0.08971696 0.51966888
vt 0.65471822 0.28354168
vt 0.57951659 0.02401310
vt 0.63977319 0.86341524
vt 0.44835418 0.86558700
vt 0.38932699 0.01958239
vt 0.36604539 0.01992476
vt 0.42502189 0.86578500
vt 0.65883625 0.28167599
vt 0.09852710 0.77507687
vt 0.68527770 0.25449532
vt 0.09197250 0.56400722
vt 0.60888851 0.03147626
vt 0.67093766 0.86365712
vt 0.63232112 0.29807687
vt 0.12999786 0.77232409
vt 0.61351240 0.30710089
vt 0.15118907 0.77067822
vt 0.62065470 0.30425167
vt 0.14335693 0.77104342
vt 0.66616762 0.27550268
vt 0.08898252 0.77674192
vt 0.67158943 0.26984167
vt 0.51948160 0.02033091
vt 0.69140041 0.09488940
vt 0.09169477 0.38333225
vt 0.57971042 0.31667984
vt 0.18718608 0.76922083
vt 0.02164083 0.16864425
vt 0.99554384 0.34584141
vt 0.64582425 0.29061604
vt 0.11438751 0.77336776
vt 0.70103425 0.11082590
vt 0.62843728 0.04027253
vt 0.69262415 0.86467618
vt 0.63607055 0.04427361
vt 0.70131665 0.86516744
vt 0.66783315 0.06720054
vt 0.64898777 0.05222923
vt 0.65672809 0.05786610
vt 0.69547832 0.10132372
vt 0.09127402 0.39116275
vt 0.02397843 0.19662654
vt 0.99739861 0.31678843
vt 0.67978042 0.07815176
vt 0.75736809 0.86898923
vt 0.09278846 0.36247647
vt 0.64253491 0.04755926
vt 0.70865577 0.86526406
vt 0.15844889 0.31673592
vt 0.61065394 0.76496935
vt 0.14434604 0.31383371
vt 0.62528312 0.76481640
vt 0.21446943 0.76859313
vt 0.55297470 0.31943083
vt 0.02238596 0.15467703
vt 0.99432492 0.36027527
vt 0.02478012 0.14058250
vt 0.99350715 0.37509918
vt 0.68513036 0.08521223
vt 0.09223809 0.37152225
vt 0.59965682 0.31297433
vt 0.16648659 0.76906776
vt 0.10587134 0.04060203
vt 0.16009489 0.86629677
vt 0.06686168 0.07298332
vt 0.99778396 0.45866764
vt 0.12239165 0.30670905
vt 0.64874703 0.76532602
vt 0.28752246 0.02004278
vt 0.34630615 0.86581093
vt 0.67510188 0.07375920
vt 0.75097871 0.86867827
vt 0.17822544 0.76781839
vt 0.58865678 0.31666356
vt 0.02742468 0.21303314
vt 0.99817014 0.29959184
vt 0.11538082 0.30464268
vt 0.65609688 0.76479948
vt 0.09405107 0.29249108
vt 0.68091029 0.76681542
vt 0.10145134 0.29683548
vt 0.67221630 0.76629156
vt 0.10793950 0.30015528
vt 0.66481304 0.76611567
vt 0.59409344 0.76452011
vt 0.17455237 0.31943083
vt 0.71837819 0.18899655
vt 0.08636053 0.48745656
vt 0.08139064 0.28448457
vt 0.69609666 0.76719630
vt 0.08321871 0.05618590
vt 0.99792302 0.48311770
vt 0.24242142 0.02019435
vt 0.30108202 0.86590618
vt 0.72163463 0.15908325
vt 0.08412447 0.45670015
vt 0.11838523 0.03416425
vt 0.17426452 0.86530179
vt 0.71070784 0.12113339
vt 0.08578607 0.41636157
vt 0.64909166 0.04941165
vt 0.71536237 0.86366445
vt 0.70627576 0.11241567
vt 0.08654509 0.40632963
vt 0.67273265 0.06687772
vt 0.74493438 0.86461198
vt 0.42256182 0.50920439
vt 0.42684323 0.47772896
vt 0.45190054 0.50784141
vt 0.41513601 0.47869623
vt 0.41041851 0.46015477
vt 0.43981364 0.45104301
vt 0.45775509 0.46915376
vt 0.44152942 0.42972684
vt 0.46854460 0.43519604
vt 0.44160944 0.38983321
vt 0.48462230 0.38853115
vt 0.46539682 0.38448441
vt 0.41168153 0.43007964
vt 0.40913996 0.38878942
vt 0.39401019 0.40760726
vt 0.38936460 0.44412822
vt 0.38207105 0.47506082
vt 0.40150836 0.48891056
vt 0.37800625 0.50525141
vt 0.39269447 0.51772869
vt 0.36021683 0.54170072
vt 0.40870833 0.53730404
vt 0.39099765 0.56597579
vt 0.41146928 0.57004207
vt 0.42487550 0.54689199
vt 0.39887300 0.59406841
vt 0.37546706 0.57478034
vt 0.36499116 0.60871470
vt 0.34881276 0.60389382
vt 0.34079203 0.56985646
vt 0.31854340 0.55165118
vt 0.34526348 0.51551098
vt 0.32259351 0.50357997
vt 0.34311506 0.49528575
vt 0.36448634 0.48660362
vt 0.33954963 0.47316241
vt 0.35183191 0.45744735
vt 0.31754479 0.43941081
vt 0.31116697 0.48489237
vt 0.29721186 0.50590521
vt 0.28397477 0.52452838
vt 0.26247370 0.50465125
vt 0.29260451 0.49073064
vt 0.27205831 0.48024607
vt 0.29008338 0.45436406
vt 0.25529292 0.45108211
vt 0.26658109 0.41901338
vt 0.29429924 0.42454952
vt 0.32584420 0.40598691
vt 0.34054488 0.42714226
vt 0.35865349 0.40258902
vt 0.37049216 0.42233443
vt 0.37634733 0.39022160
vt 0.34781387 0.39080536
vt 0.31464732 0.39281607
vt 0.27121818 0.40149176
vt 0.26694468 0.38507605
vt 0.32443780 0.38062239
vt 0.35005653 0.38011390
vt 0.37629065 0.37945962
vt 0.43224129 0.37934113
vt 0.46989673 0.37684178
vt 0.49077809 0.37664473
vt 0.50985354 0.38658363
vt 0.23481002 0.39961231
vt 0.23568410 0.42084765
vt 0.21471709 0.41074938
vt 0.22131340 0.43699622
vt 0.23114093 0.46234560
vt 0.19502820 0.44617337
vt 0.20670873 0.48367095
vt 0.23485796 0.49140489
vt 0.23160124 0.52414495
vt 0.20433497 0.51469910
vt 0.20939124 0.54215449
vt 0.26070485 0.54246473
vt 0.22660603 0.56779563
vt 0.25048539 0.56338340
vt 0.26889801 0.57455969
vt 0.29610831 0.55824882
vt 0.29671407 0.60135442
vt 0.32263073 0.60315686
vt 0.30602899 0.62844539
vt 0.27514207 0.61448163
vt 0.24685611 0.59409201
vt 0.23723248 0.61466980
vt 0.21265550 0.59572887
vt 0.18680909 0.55588305
vt 0.19247331 0.57672799
vt 0.17297266 0.52564240
vt 0.16484904 0.55333310
vt 0.18297522 0.48959011
vt 0.15505388 0.50117654
vt 0.14662004 0.54138768
vt 0.14560734 0.48096484
vt 0.16686876 0.46811545
vt 0.15772964 0.45352203
vt 0.19517665 0.41241896
vt 0.15994841 0.43599665
vt 0.18332705 0.41186690
vt 0.18627770 0.40520763
vt 0.19239442 0.40207326
vt 0.24529658 0.48190701
vt 0.34515101 0.62480652
vt 0.42864299 0.57217783
vt 0.41615736 0.60575861
vt 0.43017104 0.59667879
vt 0.45437786 0.58238643
vt 0.48593432 0.55731255
vt 0.48218802 0.52165461
vt 0.50947630 0.51806766
vt 0.49422055 0.50432426
vt 0.50006890 0.47719336
vt 0.51548856 0.43799496
vt 0.49592942 0.44807982
vt 0.47972837 0.48828334
vt 0.44121897 0.54256797
vt 0.46745709 0.55086154
vt 0.48391557 0.42486578
vt 0.50448239 0.41236687
vt 0.54550064 0.45020020
vt 0.54602510 0.41524482
vt 0.51690286 0.55433285
vt 0.53024161 0.51197904
vt 0.50795758 0.58258706
vt 0.58842725 0.59854007
vt 0.59515578 0.57687408
vt 0.62576133 0.58856124
vt 0.60479361 0.62532753
vt 0.63428205 0.61956233
vt 0.65565622 0.59590763
vt 0.62515283 0.56425536
vt 0.65545374 0.55314124
vt 0.60954684 0.54591554
vt 0.54375702 0.57255447
vt 0.54603004 0.54373658
vt 0.58050591 0.55254745
vt 0.57580811 0.51932067
vt 0.61568195 0.51250142
vt 0.64359242 0.51861465
vt 0.60306090 0.47343564
vt 0.63748902 0.48568475
vt 0.54593998 0.48199058
vt 0.59385765 0.45817089
vt 0.58514249 0.41969246
vt 0.61770791 0.41715956
vt 0.59815359 0.40094107
vt 0.64219731 0.39040601
vt 0.60502529 0.38597232
vt 0.58116865 0.38993865
vt 0.57730055 0.38035774
vt 0.52633011 0.38971603
vt 0.52380216 0.38007152
vt 0.66562325 0.42638934
vt 0.65061826 0.40825087
vt 0.66793263 0.40514112
vt 0.64349496 0.45910013
vt 0.63685316 0.43489695
vt 0.68347734 0.56682825
vt 0.68186349 0.54201645
vt 0.71032190 0.55189860
vt 0.71285111 0.52725440
vt 0.67375213 0.51252937
vt 0.69804436 0.48760581
vt 0.67682761 0.46254241
vt 0.71709794 0.45982450
vt 0.69588691 0.42794484
vt 0.72378820 0.42604911
vt 0.73522770 0.49901819
vt 0.73950362 0.46297836
vt 0.76279044 0.48249495
vt 0.74887824 0.52019614
vt 0.73461574 0.54332173
vt 0.71944410 0.57030982
vt 0.74138236 0.56604207
vt 0.72280514 0.59151989
vt 0.69607598 0.59404087
vt 0.69662225 0.61418515
vt 0.65389389 0.62582791
vt 0.57665348 0.62057769
vt 0.55554634 0.63064796
vt 0.53821832 0.61779737
vt 0.54029542 0.59646910
vt 0.48816559 0.61692625
vt 0.48311183 0.58560348
vt 0.46865690 0.61040390
vt 0.44479764 0.62177080
vt 0.37673488 0.61085624
vt 0.26780489 0.62485999
vt 0.21444826 0.62788606
vt 0.20806113 0.61697114
vt 0.23483092 0.62862271
vt 0.13199198 0.49634916
vt 0.12646279 0.48064148
vt 0.13815589 0.47390509
vt 0.14587395 0.45325541
vt 0.15083046 0.43849808
vt 0.13529935 0.54325396
vt 0.14834642 0.57287455
vt 0.16093563 0.57949984
vt 0.16634430 0.59395969
vt 0.17943925 0.59998602
vt 0.17002264 0.60346091
vt 0.18591428 0.61564356
vt 0.26998115 0.64134741
vt 0.32286307 0.63987666
vt 0.34630889 0.63981044
vt 0.37485561 0.63904381
vt 0.37269297 0.65004164
vt 0.41835323 0.64285284
vt 0.41888598 0.65189981
vt 0.34937811 0.65182531
vt 0.30648437 0.64895248
vt 0.41836411 0.63085097
vt 0.44338116 0.64313298
vt 0.46882650 0.63565618
vt 0.48789316 0.63957953
vt 0.51228118 0.62771887
vt 0.51556152 0.64198405
vt 0.58024877 0.64006543
vt 0.55667001 0.65149432
vt 0.58417934 0.65150243
vt 0.61071092 0.64084923
vt 0.60558408 0.65127724
vt 0.65143913 0.64435250
vt 0.51217180 0.65100294
vt 0.68641365 0.63068271
vt 0.66946024 0.64549762
vt 0.65397596 0.65372819
vt 0.63192475 0.65210176
vt 0.71814561 0.62104976
vt 0.73260760 0.60710627
vt 0.74227041 0.59262168
vt 0.76453465 0.56181711
vt 0.75251985 0.58115309
vt 0.76455194 0.54539931
vt 0.77729440 0.50795680
vt 0.77937102 0.54774654
vt 0.77704370 0.48197472
vt 0.75972676 0.46509206
vt 0.76255739 0.45694721
vt 0.77686471 0.47218978
vt 0.74190879 0.43510818
vt 0.75572437 0.43898821
vt 0.73563677 0.42154741
vt 0.71225846 0.40309817
vt 0.70556462 0.40568268
vt 0.68437874 0.39969212
vt 0.54103017 0.39939779
vt 0.46206453 0.65025741
vt 0.48882571 0.65007031
vt 0.20716664 0.39841777
vt 0.21357821 0.39300299
vt 0.23676084 0.38815778
vt 0.24297689 0.64381045
vt 0.25976616 0.65146029
vt 0.29269102 0.65174007
vt 0.20011252 0.62873942
vt 0.21979618 0.63973093
vt 0.28289479 0.37989604
vt 0.24246135 0.38203585
vt 0.12624864 0.53767771
vt 0.12223987 0.50264388
vt 0.64568728 0.38270444
vt 0.55224776 0.37514442
vt 0.58011836 0.37245321
vt 0.60802901 0.37604940
vt 0.63381392 0.38287431
vt 0.51510811 0.37565112
vt 0.68327785 0.38807929
vt 0.69293284 0.39054650
vt 0.69845992 0.39369696
vt 0.70325357 0.63421792
vt 0.68707901 0.64226288
vt 0.25157177 0.37814879
vt 0.26176351 0.37491083
vt 0.74916559 0.60257858
vt 0.75874895 0.59124368
vt 0.76750308 0.58091956
vt 0.76972491 0.57285070
vt 0.77913064 0.56171757
vt 0.14016421 0.56921482
vt 0.12925515 0.55730754
vt 0.16853215 0.42055917
vt 0.72960925 0.61584944
vt 0.74441767 0.60908031
vt 0.73500955 0.61723149
vt 0.72626722 0.62389392
vt 0.71530527 0.62943447
vt 0.78596693 0.50820065
vt 0.78805965 0.53781968
vt 0.36935851 0.65695632
vt 0.41525120 0.65712923
vt 0.34779397 0.65685737
vt 0.31391671 0.65672475
vt 0.46331453 0.65711123
vt 0.49170586 0.65728533
vt 0.51189274 0.65730572
vt 0.55340570 0.65768903
vt 0.58647484 0.65768307
vt 0.15601799 0.59520358
vt 0.14806408 0.58761185
vt 0.38781995 0.37526637
vt 0.44079411 0.37549770
vt 0.31993809 0.37541354
vt 0.35502860 0.37514353
vt 0.64581221 0.65778375
vt 0.60462689 0.65770108
vt 0.63159919 0.65768725
vt 0.13356009 0.45921266
vt 0.77426618 0.45738769
vt 0.76703542 0.44919360
vt 0.48406756 0.37176090
vt 0.75258023 0.42823786
vt 0.76390547 0.43936384
vt 0.75914776 0.43509829
vt 0.17651357 0.41168386
vt 0.72825801 0.40958714
vt 0.72169429 0.40361392
vt 0.73908639 0.41487986
vt 0.74533945 0.42087215
vt 0.17548740 0.61580795
vt 0.18128565 0.62260675
vt 0.18563479 0.62637931
vt 0.16593079 0.60726935
vt 0.63255578 0.37525547
vt 0.64966750 0.37578487
vt 0.67559141 0.38415956
vt 0.16014813 0.42519498
vt 0.15739229 0.42857593
vt 0.15359691 0.43185711
vt 0.78317142 0.47840482
vt 0.78984159 0.50541568
vt 0.77926219 0.46939480
vt 0.22267294 0.38761961
vt 0.24753740 0.65338612
vt 0.11919115 0.52874190
vt 0.23255216 0.38307047
vt 0.20311910 0.39430928
vt 0.13641676 0.45567733
vt 0.13902970 0.45032871
vt 0.14206004 0.44671500
vt 0.14481679 0.44087577
vt 0.67125100 0.65354949
vt 0.65658653 0.65805638
vt 0.77609879 0.57405174
vt 0.77373892 0.57877797
vt 0.26022679 0.65654600
vt 0.29370448 0.65675646
vt 0.36994815 0.37158871
vt 0.32248172 0.37153113
vt 0.41015667 0.37173593
vt 0.44904998 0.37185758
vt 0.75464982 0.59965283
vt 0.17862096 0.40708303
vt 0.23239736 0.64653939
vt 0.19403990 0.39815664
vt 0.23559232 0.65069252
vt 0.11930218 0.49320936
vt 0.54988933 0.37165868
vt 0.51610786 0.37145579
vt 0.71142441 0.63568985
vt 0.72292274 0.62959278
vt 0.70345527 0.64004588
vt 0.12189643 0.54845142
vt 0.11888342 0.53863257
vt 0.20276493 0.63791478
vt 0.21176226 0.64104295
vt 0.19276059 0.63097799
vt 0.74146324 0.61474651
vt 0.13409802 0.57292587
vt 0.24958150 0.65649319
vt 0.60264385 0.37169945
vt 0.11817835 0.50916314
vt 0.20996611 0.38924253
vt 0.77911222 0.56807983
vt 0.76423621 0.59056175
vt 0.18688594 0.40140748
vt 0.66576451 0.37953591
vt 0.75872737 0.59645134
vt 0.15279908 0.59903604
vt 0.25300339 0.37427986
vt 0.71599770 0.39763129
vt 0.71039563 0.39453268
vt 0.21924523 0.64475173
vt 0.78475761 0.55708754
vt 0.78958005 0.54221809
vt 0.69405210 0.64458793
vt 0.68147695 0.65104228
vt 0.75180012 0.60591638
vt 0.55177015 0.66084564
vt 0.58763498 0.66090810
vt 0.79256278 0.53011876
vt 0.79283595 0.50783813
vt 0.46014938 0.66060835
vt 0.49087575 0.66067064
vt 0.51256478 0.66087383
vt 0.41634974 0.66067737
vt 0.39159408 0.66037256
vt 0.36821172 0.66016114
vt 0.21300466 0.64457488
vt 0.21643932 0.38617331
vt 0.73180419 0.40613413
vt 0.73770475 0.41015959
vt 0.14625174 0.43720269
vt 0.78898478 0.48548704
vt 0.79433423 0.49968791
vt 0.73142463 0.62459868
vt 0.16197751 0.60858679
vt 0.16914392 0.61627418
vt 0.17465639 0.62119991
vt 0.13007370 0.46498001
vt 0.12718244 0.47089577
vt 0.16922154 0.41288245
vt 0.16673557 0.41585732
vt 0.16377249 0.41891110
vt 0.16067399 0.42172927
vt 0.13978550 0.58028597
vt 0.14219233 0.58793271
vt 0.12128095 0.47996068
vt 0.68322796 0.38243526
vt 0.69363928 0.38557804
vt 0.67556161 0.37933862
vt 0.12406935 0.47256535
vt 0.70002508 0.38856965
vt 0.70558101 0.39133453
vt 0.23679973 0.38008678
vt 0.24265605 0.37705708
vt 0.77084953 0.58489436
vt 0.12172340 0.55413193
vt 0.12552948 0.56331539
vt 0.18165755 0.40423477
vt 0.63569123 0.37034667
vt 0.64476264 0.37056279
vt 0.66154718 0.37517548
vt 0.65287161 0.37237418
vt 0.66967022 0.37714911
vt 0.77095604 0.44485569
vt 0.77401578 0.44980788
vt 0.26180533 0.37155330
vt 0.17230758 0.41013408
vt 0.75410825 0.42481905
vt 0.14769851 0.43396038
vt 0.15043904 0.43225980
vt 0.78578568 0.47008061
vt 0.78201658 0.46328533
vt 0.78884363 0.47504771
vt 0.77760804 0.45521897
vt 0.60496920 0.66105282
vt 0.18591866 0.62973905
vt 0.72357708 0.40053540
vt 0.72612530 0.40215111
vt 0.73799694 0.62169439
vt 0.74203467 0.61926776
vt 0.22197869 0.38313437
vt 0.78447586 0.56624287
vt 0.76435608 0.59665221
vt 0.11878778 0.48245835
vt 0.75979978 0.43046856
vt 0.76442581 0.43535274
vt 0.12922424 0.57090545
vt 0.56022596 0.36925817
vt 0.74250764 0.41331488
vt 0.72934097 0.62931138
vt 0.24446778 0.37388444
vt 0.65192044 0.66080153
vt 0.63296771 0.66091216
vt 0.61656374 0.36990678
vt 0.59764051 0.36986351
vt 0.32925391 0.66007340
vt 0.11578083 0.53422618
vt 0.11539590 0.51043218
vt 0.11579078 0.49363947
vt 0.13704082 0.58276671
vt 0.76060289 0.60102695
vt 0.74728245 0.41783285
vt 0.75069880 0.42115211
vt 0.12724717 0.46569145
vt 0.15647195 0.42504585
vt 0.79504359 0.52008218
vt 0.49524713 0.36890483
vt 0.17859614 0.62557739
vt 0.13016929 0.45967054
vt 0.79274148 0.48765641
vt 0.20650755 0.64195377
vt 0.11856809 0.54742479
vt 0.46903643 0.36893702
vt 0.74681312 0.61489713
vt 0.75040656 0.61149395
vt 0.75542676 0.60654217
vt 0.23991673 0.65391761
vt 0.15350801 0.42800975
vt 0.13904217 0.44428545
vt 0.14178783 0.44093704
vt 0.67597407 0.65657812
vt 0.66683769 0.65944415
vt 0.13591868 0.45007122
vt 0.13291685 0.45354414
vt 0.79423857 0.53563660
vt 0.14307515 0.59245789
vt 0.78682321 0.56124914
vt 0.18944708 0.63267809
vt 0.19702911 0.63700038
vt 0.78183568 0.57209039
vt 0.77851349 0.57844788
vt 0.77557117 0.58289725
vt 0.51608425 0.36874872
vt 0.70956212 0.64093143
vt 0.71611893 0.63725293
vt 0.72278464 0.63353229
vt 0.22461577 0.64804685
vt 0.13255455 0.57763451
vt 0.15767369 0.60739839
vt 0.69399399 0.64841378
vt 0.70355403 0.64433521
vt 0.68381846 0.65319288
vt 0.76829469 0.43987560
vt 0.78940088 0.55588782
vt 0.79271561 0.54548311
vt 0.18702199 0.39694023
vt 0.76735443 0.59302777
vt 0.77123660 0.58842546
vt 0.23125534 0.65282863
vt 0.17231953 0.40663397
vt 0.44969249 0.36888421
vt 0.41517809 0.36867464
vt 0.37023044 0.36839700
vt 0.32601106 0.36860025
vt 0.28460541 0.36883831
vt 0.22826611 0.37856567
vt 0.19514720 0.39499378
vt 0.13573909 0.44439471
vt 0.73684430 0.62375677
vt 0.18215759 0.39975667
vt 0.16340323 0.61365825
vt 0.11698517 0.55260199
vt 0.12367238 0.46486986
vt 0.60422873 0.66281420
vt 0.12107863 0.47440332
vt 0.12881760 0.57685804
vt 0.12596032 0.46044892
vt 0.18231849 0.63111418
vt 0.51307511 0.66290313
vt 0.58733141 0.66292316
vt 0.55102044 0.66293836
vt 0.14151625 0.43637025
vt 0.14376606 0.43386412
vt 0.15615936 0.42102849
vt 0.12878238 0.45548189
vt 0.20423238 0.38769090
vt 0.20138943 0.39205933
vt 0.19816703 0.39078104
vt 0.47238556 0.66280907
vt 0.15010637 0.42722344
vt 0.30955759 0.66011924
vt 0.23493017 0.37704074
vt 0.71869391 0.39776808
vt 0.17628212 0.40385914
vt 0.11947165 0.55839491
vt 0.11262345 0.52126861
vt 0.20884956 0.64658493
vt 0.64867026 0.66237426
vt 0.11381274 0.54029816
vt 0.15305041 0.42414010
vt 0.65921056 0.37338924
vt 0.79419476 0.49277151
vt 0.28301731 0.65995389
vt 0.11299106 0.50094789
vt 0.20243859 0.64357233
vt 0.21053696 0.38472134
vt 0.21480261 0.38297939
vt 0.24449043 0.65859222
vt 0.19228740 0.39381957
vt 0.42389715 0.66290081
vt 0.39907983 0.66238290
vt 0.23597664 0.37568617
vt 0.11664596 0.47713113
vt 0.15878776 0.41830015
vt 0.16141079 0.41548538
vt 0.16465695 0.41225588
vt 0.13781974 0.59011322
vt 0.17917055 0.40139663
vt 0.21683678 0.64916468
vt 0.25341129 0.37044275
vt 0.16865055 0.62119424
vt 0.16772155 0.40946877
vt 0.15867594 0.61217594
vt 0.24582376 0.37224329
vt 0.13243130 0.44912660
vt 0.11997031 0.47080159
vt 0.21851769 0.38126189
vt 0.22324914 0.38007456
vt 0.14717984 0.43022740
vt 0.12622310 0.57303530
vt 0.12394858 0.56928551
vt 0.12121513 0.56353807
vt 0.25990486 0.65985388
vt 0.13843298 0.43991113
vt 0.26202145 0.36908454
vt 0.13387077 0.58450115
vt 0.37003377 0.66219074
vt 0.17407207 0.62543678
vt 0.17920077 0.63005102
vt 0.79690647 0.51482415
vt 0.22487971 0.65175450
vt 0.13088341 0.58064711
vt 0.11401063 0.48673588
vt 0.23573129 0.65618593
vt 0.18744133 0.63527018
vt 0.19554466 0.63946325
vt 0.14759538 0.60108602
vt 0.14177723 0.59503245
vt 0.15274189 0.60645479
vt 0.25154036 0.65952516
vt 0.45355770 0.36729825
vt 0.16503997 0.61865616
vt 0.73839104 0.40960515
vt 0.73319471 0.40611088
vt 0.40796351 0.36700201
vt 0.36610925 0.36681736
vt 0.34223753 0.36682910
vt 0.11093237 0.51397252
vt 0.33011007 0.66218847
vt 0.49443352 0.36734045
vt 0.51308244 0.36698991
vt 0.55300683 0.36748737
vt 0.79328352 0.47850525
vt 0.29723981 0.66200733
vt 0.68952858 0.38330919
vt 0.68182182 0.38078952
vt 0.17263703 0.40471661
vt 0.30186728 0.36672878
vt 0.67796892 0.66162598
vt 0.69803602 0.65250021
vt 0.70462954 0.64957964
vt 0.68989694 0.65581888
vt 0.67226374 0.66336507
vt 0.67439997 0.66477233
vt 0.68527502 0.66097981
vt 0.68975735 0.65844131
vt 0.69580466 0.65720665
vt 0.70358098 0.65369785
vt 0.68019754 0.66518074
vt 0.66551656 0.66730499
vt 0.67049444 0.66810411
vt 0.66451639 0.66452503
vt 0.65456659 0.66619062
vt 0.69069201 0.66195434
vt 0.64409918 0.66858053
vt 0.64068812 0.66688758
vt 0.65274447 0.67003918
vt 0.62787640 0.67098778
vt 0.60882288 0.66884375
vt 0.60706252 0.67127174
vt 0.58682358 0.66880095
vt 0.58692205 0.67137218
vt 0.54912788 0.67155898
vt 0.50445521 0.66892612
vt 0.55006033 0.66896814
vt 0.50540644 0.67158753
vt 0.45378229 0.67161149
vt 0.45348945 0.66896069
vt 0.42081991 0.66896594
vt 0.41154101 0.67158103
vt 0.39015263 0.66904008
vt 0.35580057 0.67162681
vt 0.33637121 0.66908813
vt 0.29868978 0.67110616
vt 0.26471347 0.66844481
vt 0.25639203 0.67016196
vt 0.24359731 0.66697979
vt 0.24693052 0.67037535
vt 0.23561846 0.66574359
vt 0.23525813 0.66133749
vt 0.59047848 0.67331052
vt 0.62233156 0.67398781
vt 0.22719781 0.66205293
vt 0.22502580 0.66503441
vt 0.23693323 0.66823959
vt 0.21352798 0.65893525
vt 0.21824503 0.65845340
vt 0.20518960 0.65439796
vt 0.24227382 0.66362882
vt 0.25348797 0.66624153
vt 0.20321280 0.65716845
vt 0.52039546 0.67374361
vt 0.42720929 0.67374361
vt 0.19860135 0.65197897
vt 0.19638135 0.64923847
vt 0.18527400 0.64361614
vt 0.18809636 0.64678359
vt 0.18013915 0.64137334
vt 0.17400484 0.63231272
vt 0.59589732 0.66720200
vt 0.22730020 0.65832257
vt 0.27226806 0.66653228
vt 0.28989232 0.67307234
vt 0.35325128 0.67354399
vt 0.65677881 0.67120039
vt 0.31425294 0.66692185
vt 0.17747793 0.64286143
vt 0.17102768 0.63622159
vt 0.16969186 0.63312078
vt 0.16342680 0.62769085
vt 0.16931982 0.62868369
vt 0.15678594 0.62403202
vt 0.15496686 0.62031329
vt 0.15117776 0.61789256
vt 0.15102677 0.61999565
vt 0.14484102 0.61736125
vt 0.15472363 0.61612362
vt 0.14189531 0.60796154
vt 0.14530884 0.61364394
vt 0.13317131 0.60035783
vt 0.13765271 0.60284215
vt 0.12950461 0.59278107
vt 0.12830591 0.59519500
vt 0.12439817 0.58938652
vt 0.12052351 0.58125621
vt 0.11832680 0.58185226
vt 0.11247841 0.57141614
vt 0.11485242 0.57253158
vt 0.11331742 0.56774610
vt 0.10960364 0.56301123
vt 0.11995923 0.57832628
vt 0.11278807 0.55810690
vt 0.21201062 0.65337008
vt 0.20518570 0.65079266
vt 0.21888499 0.65516609
vt 0.12689808 0.58395636
vt 0.19273375 0.65197122
vt 0.71218425 0.64796144
vt 0.71158278 0.65002704
vt 0.72341007 0.64249808
vt 0.71993941 0.64635426
vt 0.73136765 0.63873118
vt 0.73396915 0.63533622
vt 0.73857927 0.63718009
vt 0.10572856 0.93572259
vt 0.18717830 0.64119685
vt 0.18209942 0.63821667
vt 0.70711577 0.65550178
vt 0.69966662 0.65857744
vt 0.15484114 0.62644076
vt 0.16311190 0.63313812
vt 0.17081618 0.63900584
vt 0.11826151 0.57045764
vt 0.12230521 0.57729578
vt 0.39484394 0.66706145
vt 0.21152425 0.66087598
vt 0.53057534 0.66729844
vt 0.14472745 0.60615718
vt 0.15076561 0.61177391
vt 0.16585067 0.62567407
vt 0.16266124 0.62298387
vt 0.49850294 0.66730100
vt 0.45410830 0.66729021
vt 0.42159745 0.66726977
vt 0.36032861 0.66724795
vt 0.13346766 0.60563600
vt 0.12875085 0.60050964
vt 0.10954163 0.55665582
vt 0.10731901 0.55619103
vt 0.10686974 0.55005622
vt 0.10447384 0.54671866
vt 0.10694654 0.53985912
vt 0.10414474 0.53749382
vt 0.10613718 0.52434349
vt 0.10237249 0.54278165
vt 0.10164107 0.53161085
vt 0.10381747 0.51945782
vt 0.10157241 0.50084102
vt 0.10387922 0.50271571
vt 0.10436757 0.48906994
vt 0.10231751 0.48900127
vt 0.10496988 0.48059374
vt 0.09889327 0.51229328
vt 0.09902988 0.52739418
vt 0.10704497 0.49014163
vt 0.10755913 0.47497034
vt 0.10498564 0.56071895
vt 0.82353401 0.99754566
vt 0.10522030 0.46908355
vt 0.91762471 0.99726743
vt 0.10973755 0.47843480
vt 0.11006561 0.47016501
vt 0.11017386 0.46506667
vt 0.11459625 0.46166325
vt 0.11792742 0.45495176
vt 0.11727368 0.45086193
vt 0.12030194 0.44939262
vt 0.12528710 0.44018573
vt 0.12451779 0.44564533
vt 0.12146228 0.45090199
vt 0.12947746 0.43907309
vt 0.13152002 0.43439531
vt 0.13879256 0.42325544
vt 0.13931990 0.42614287
vt 0.14592077 0.41693795
vt 0.14381166 0.41676426
vt 0.15330002 0.40815568
vt 0.16218682 0.40291959
vt 0.16667190 0.39673984
vt 0.17400835 0.39340472
vt 0.13209142 0.42949206
vt 0.17087284 0.39737546
vt 0.15142690 0.41382021
vt 0.12174550 0.44263351
vt 0.11356103 0.45494854
vt 0.17748941 0.39641428
vt 0.09895530 0.53796476
vt 0.84724516 0.99596518
vt 0.10592148 0.51462150
vt 0.13054143 0.58919746
vt 0.13313329 0.59272754
vt 0.09861171 0.49963337
vt 0.88615876 0.99638289
vt 0.15941477 0.61992753
vt 0.11330996 0.47154295
vt 0.11131650 0.47658312
vt 0.72221953 0.63996917
vt 0.71402544 0.64437240
vt 0.10153235 0.54797566
vt 0.83682626 0.99694091
vt 0.17806934 0.63522363
vt 0.18447019 0.64791352
vt 0.55173504 0.66736883
vt 0.18063299 0.39073837
vt 0.18358131 0.38713974
vt 0.18552959 0.38944972
vt 0.19042382 0.38484448
vt 0.18729782 0.38360208
vt 0.19610687 0.38016301
vt 0.19776089 0.38348567
vt 0.20082757 0.38037777
vt 0.20203233 0.37731129
vt 0.20685199 0.37753391
vt 0.20930335 0.37410212
vt 0.21314704 0.37476146
vt 0.21634305 0.37203848
vt 0.22291847 0.37139964
vt 0.22110943 0.36880732
vt 0.22975563 0.36854243
vt 0.23364630 0.36601985
vt 0.24267727 0.36535919
vt 0.24105966 0.36362398
vt 0.24960838 0.36299080
vt 0.25049967 0.36102509
vt 0.26261830 0.36039245
vt 0.26210105 0.36277556
vt 0.28400135 0.36228848
vt 0.17716931 0.38972294
vt 0.30562702 0.35982120
vt 0.27887058 0.35790586
vt 0.30695170 0.35770696
vt 0.36282152 0.35754657
vt 0.36461544 0.35977519
vt 0.39706823 0.35780126
vt 0.40991727 0.36019182
vt 0.44526768 0.35809386
vt 0.45118612 0.36049521
vt 0.49402988 0.36084449
vt 0.48886007 0.35805285
vt 0.50473011 0.35844475
vt 0.51589859 0.36083007
vt 0.55668163 0.35894686
vt 0.55786532 0.36124599
vt 0.58203369 0.35921109
vt 0.58243293 0.36134708
vt 0.61781716 0.36163604
vt 0.54841918 0.36324900
vt 0.51260930 0.36287385
vt 0.61914527 0.35886371
vt 0.64507067 0.36240578
vt 0.63713819 0.36449957
vt 0.65065920 0.36463386
vt 0.61610645 0.36413014
vt 0.58700269 0.36386317
vt 0.65455294 0.36200655
vt 0.64018774 0.36038506
vt 0.32449001 0.36209840
vt 0.65914416 0.36507881
vt 0.65683353 0.36837780
vt 0.66198713 0.36740303
vt 0.66835797 0.36792433
vt 0.66744339 0.37019014
vt 0.67503351 0.37084317
vt 0.67946982 0.37099075
vt 0.68180734 0.37339950
vt 0.68657988 0.37286454
vt 0.69150496 0.37641060
vt 0.69558764 0.37581110
vt 0.69845057 0.37927568
vt 0.70304936 0.37919855
vt 0.70417607 0.38206315
vt 0.71023905 0.38292164
vt 0.71012968 0.38502699
vt 0.71984410 0.38958955
vt 0.72744358 0.39140272
vt 0.72651929 0.39303136
vt 0.73221928 0.39614940
vt 0.71469158 0.38424468
vt 0.73675406 0.39686215
vt 0.73532850 0.39802337
vt 0.74184126 0.40252805
vt 0.74480468 0.40246904
vt 0.74770391 0.40697026
vt 0.75165677 0.40858042
vt 0.75378317 0.41326272
vt 0.75536323 0.41158646
vt 0.75991082 0.41739702
vt 0.76131839 0.42080247
vt 0.76358908 0.42041063
vt 0.76834947 0.42777634
vt 0.76722807 0.42359877
vt 0.77102423 0.42822313
vt 0.77407914 0.43466330
vt 0.77777469 0.43561435
vt 0.78119683 0.44540918
vt 0.78505844 0.44644058
vt 0.78495198 0.45114821
vt 0.79151845 0.45831025
vt 0.78797913 0.45691764
vt 0.79448837 0.46548331
vt 0.77746689 0.44016516
vt 0.79269505 0.46536505
vt 0.79678428 0.47173059
vt 0.79913181 0.47328687
vt 0.79953361 0.47761703
vt 0.64676046 0.36614358
vt 0.61975336 0.36584187
vt 0.49348766 0.36302102
vt 0.41028094 0.36237127
vt 0.45303652 0.36268938
vt 0.36595330 0.36191440
vt 0.25173238 0.36590004
vt 0.25662237 0.36459136
vt 0.23069210 0.37285185
vt 0.23998851 0.36965424
vt 0.23555407 0.37107557
vt 0.22330551 0.37427795
vt 0.66927528 0.36466098
vt 0.24538216 0.36770415
vt 0.67544508 0.37435925
vt 0.59291416 0.36583132
vt 0.79755783 0.47918260
vt 0.26282865 0.35797918
vt 0.24625626 0.36022687
vt 0.21498615 0.37724733
vt 0.68800592 0.37000412
vt 0.23149052 0.36319995
vt 0.52612597 0.35745347
vt 0.13657962 0.43408573
vt 0.14060329 0.42891371
vt 0.15068769 0.41882592
vt 0.14627613 0.42335582
vt 0.15515800 0.41428113
vt 0.15864116 0.41075295
vt 0.16182214 0.40770280
vt 0.80026895 0.48465556
vt 0.80188853 0.48241466
vt 0.80250674 0.49178469
vt 0.16556752 0.40451491
vt 0.10623002 0.50333583
vt 0.10972358 0.54898894
vt 0.17253143 0.38938713
vt 0.79929119 0.49075294
vt 0.80067313 0.49968457
vt 0.80121064 0.51489609
vt 0.73763072 0.63451552
vt 0.74819326 0.62461424
vt 0.74713951 0.62732291
vt 0.75291258 0.62221289
vt 0.74922013 0.62938303
vt 0.10507124 0.92213619
vt 0.76243502 0.61059010
vt 0.76677191 0.60877156
vt 0.77063870 0.60159105
vt 0.77462190 0.59818792
vt 0.77879447 0.59538162
vt 0.78831446 0.58087426
vt 0.78443307 0.58415675
vt 0.78925335 0.57592523
vt 0.79220504 0.57359695
vt 0.79206985 0.57064885
vt 0.79772294 0.56200975
vt 0.79428452 0.56499612
vt 0.79716754 0.55861086
vt 0.79958427 0.55463165
vt 0.77543241 0.59487492
vt 0.74237943 0.62788641
vt 0.79674798 0.55238307
vt 0.80014205 0.54775429
vt 0.80169213 0.55075008
vt 0.80243570 0.54183400
vt 0.80444247 0.54196090
vt 0.80500460 0.53057742
vt 0.80338740 0.51864493
vt 0.80535227 0.50818950
vt 0.80467838 0.49537122
vt 0.79960281 0.53706652
vt 0.80087370 0.52726227
vt 0.80546802 0.48487389
vt 0.90122551 0.12752205
vt 0.80235583 0.55937582
vt 0.10609420 0.83128178
vt 0.11668676 0.58474028
vt 0.12195958 0.59243512
vt 0.74753654 0.62095958
vt 0.11541621 0.56451571
vt 0.68471855 0.37722605
vt 0.76959574 0.59774804
vt 0.76529312 0.60320771
vt 0.69337821 0.38004845
vt 0.18413813 0.38240010
vt 0.13648883 0.42018604
vt 0.19205466 0.38839614
vt 0.80683267 0.53962308
vt 0.80155188 0.47082108
vt 0.88670337 0.12655550
vt 0.14065562 0.60155332
vt 0.14767842 0.60366786
vt 0.13641287 0.59688282
vt 0.19959113 0.64778113
vt 0.19287749 0.64390242
vt 0.27141345 0.36435997
vt 0.75433540 0.61432153
vt 0.76087767 0.60788679
vt 0.70724732 0.37671083
vt 0.69724232 0.37304711
vt 0.79389673 0.47179615
vt 0.20285757 0.38275272
vt 0.59203970 0.67476422
vt 0.53621042 0.67498064
vt 0.57564896 0.35741246
vt 0.54850966 0.35753351
vt 0.11925521 0.46150750
vt 0.11651344 0.46626770
vt 0.70030087 0.38314557
vt 0.20698720 0.38099062
vt 0.21316250 0.37884617
vt 0.75726777 0.62286133
vt 0.10456480 0.91146076
vt 0.76448995 0.61601698
vt 0.10436454 0.90117311
vt 0.20692335 0.37168139
vt 0.19778353 0.37524080
vt 0.78908914 0.58629149
vt 0.10436925 0.86168009
vt 0.71312845 0.37961274
vt 0.91811091 0.82928401
vt 0.35462338 0.35579157
vt 0.14868960 0.40799111
vt 0.14152682 0.41448522
vt 0.48728234 0.67472637
vt 0.42157307 0.67481321
vt 0.40935153 0.35599566
vt 0.46267429 0.35609448
vt 0.18226568 0.39379108
vt 0.18676195 0.39136338
vt 0.73497188 0.40054488
vt 0.15457396 0.40257668
vt 0.16337797 0.39581788
vt 0.28914383 0.67401129
vt 0.54910940 0.97371769
vt 0.34238058 0.67471999
vt 0.49565524 0.97444159
vt 0.66574675 0.37183571
vt 0.12269630 0.45560426
vt 0.79469824 0.55764598
vt 0.77199692 0.60811287
vt 0.10423399 0.88997096
vt 0.74519134 0.40866500
vt 0.12778962 0.44695306
vt 0.12571108 0.45047635
vt 0.73963881 0.62761164
vt 0.73224789 0.63311046
vt 0.72689050 0.63697582
vt 0.30081236 0.35573208
vt 0.73748934 0.40300572
vt 0.12613173 0.43162012
vt 0.37737396 0.35588068
vt 0.79093808 0.44858253
vt 0.86198944 0.12658483
vt 0.13158114 0.42571044
vt 0.17413278 0.39864004
vt 0.16976184 0.40167761
vt 0.19820480 0.38529408
vt 0.19166031 0.38658166
vt 0.21855637 0.36721253
vt 0.09945805 0.49092829
vt 0.89496082 0.99610734
vt 0.79058290 0.56582862
vt 0.13070053 0.44251060
vt 0.13380817 0.43824166
vt 0.11368355 0.44887733
vt 0.93971628 0.99881285
vt 0.11874461 0.44138724
vt 0.70643735 0.38586307
vt 0.78320652 0.58060873
vt 0.78004897 0.58435601
vt 0.77518040 0.59136319
vt 0.11044000 0.45532000
vt 0.93254596 0.99819565
vt 0.14259095 0.42882371
vt 0.78765100 0.57258606
vt 0.79802239 0.54738039
vt 0.80558485 0.54942995
vt 0.10728081 0.82083875
vt 0.71338105 0.38916719
vt 0.10825717 0.53680617
vt 0.10837390 0.49366653
vt 0.74709362 0.39994818
vt 0.79588681 0.12943101
vt 0.73035276 0.39872330
vt 0.27907345 0.35640848
vt 0.43766934 0.35119176
vt 0.91021538 0.54170167
vt 0.91039020 0.59638464
vt 0.49096081 0.35192579
vt 0.52918172 0.35281301
vt 0.91086143 0.63552594
vt 0.72221881 0.39424181
vt 0.75321531 0.41638124
vt 0.74912757 0.41248965
vt 0.91039854 0.65575910
vt 0.54895806 0.35252577
vt 0.56423700 0.35396266
vt 0.76457822 0.42791706
vt 0.76956773 0.43356431
vt 0.75905573 0.42229640
vt 0.71114838 0.39069796
vt 0.71676457 0.39445502
vt 0.56268746 0.36551458
vt 0.91103417 0.73159313
vt 0.62269837 0.35427213
vt 0.78872544 0.46405101
vt 0.78238142 0.45274329
vt 0.77809620 0.44662058
vt 0.77364635 0.43905222
vt 0.68632227 0.66744679
vt 0.14964262 0.97658241
vt 0.10817308 0.99813455
vt 0.79595673 0.48647290
vt 0.78481203 0.45826435
vt 0.69823641 0.66375995
vt 0.10577725 0.98548853
vt 0.11104060 0.52745634
vt 0.64289689 0.35606807
vt 0.91132647 0.75246215
vt 0.11398619 0.54502732
vt 0.17958881 0.97486711
vt 0.65739614 0.67468500
vt 0.59028453 0.36791509
vt 0.23224485 0.97348952
vt 0.60522759 0.67837238
vt 0.29325315 0.36454809
vt 0.80913460 0.53830737
vt 0.95487642 0.13183069
vt 0.10817308 0.80911791
vt 0.70808053 0.65906876
vt 0.10495149 0.97427839
vt 0.75789112 0.42693794
vt 0.22214361 0.37603331
vt 0.68404627 0.36400086
vt 0.91231161 0.79571265
vt 0.22226018 0.66848463
vt 0.61704355 0.97036964
vt 0.54960829 0.36528707
vt 0.50727779 0.36504298
vt 0.43297189 0.67833984
vt 0.40479195 0.97189927
vt 0.25662652 0.66448474
vt 0.27862406 0.35263371
vt 0.90995502 0.37874401
vt 0.13105826 0.60948926
vt 0.76710492 0.99950933
vt 0.14033695 0.61846006
vt 0.11095260 0.50265670
vt 0.14922118 0.62648112
vt 0.70140415 0.97693819
vt 0.11859314 0.59598631
vt 0.78537494 0.99619645
vt 0.23472561 0.67185754
vt 0.60408479 0.96999544
vt 0.18004838 0.64917028
vt 0.66362298 0.97277492
vt 0.26017162 0.66182214
vt 0.24240151 0.35639375
vt 0.90968621 0.34124738
vt 0.15783808 0.63400215
vt 0.69021237 0.97515011
vt 0.15774685 0.61454725
vt 0.18990776 0.65478361
vt 0.65235406 0.97193974
vt 0.17378470 0.38350630
vt 0.91303396 0.26546252
vt 0.12924504 0.42202157
vt 0.91971153 0.20627594
vt 0.97093177 0.99950933
vt 0.11365073 0.48046970
vt 0.16471502 0.38959420
vt 0.91389853 0.25441384
vt 0.13737975 0.41285390
vt 0.91767126 0.21837264
vt 0.15473707 0.39661324
vt 0.91460514 0.24209094
vt 0.12307824 0.42847121
vt 0.96223772 0.99753380
vt 0.26703286 0.36710042
vt 0.32829934 0.36447239
vt 0.36518347 0.36456060
vt 0.40683782 0.36509597
vt 0.45345372 0.36530399
vt 0.48928484 0.36533093
vt 0.27429739 0.66404390
vt 0.55187118 0.66545212
vt 0.49460402 0.66548347
vt 0.45533377 0.66523963
vt 0.30656505 0.66422004
vt 0.32790709 0.66499776
vt 0.37542304 0.92054945
vt 0.37183887 0.90527427
vt 0.40672562 0.90747237
vt 0.33926651 0.90588969
vt 0.33909526 0.91574675
vt 0.30255637 0.90672892
vt 0.29890847 0.92007858
vt 0.36171043 0.92276472
vt 0.27565753 0.90875500
vt 0.27511135 0.92396706
vt 0.24826936 0.91550988
vt 0.24174157 0.92352027
vt 0.23817226 0.90956527
vt 0.21684110 0.90802848
vt 0.21091697 0.91877598
vt 0.51476592 0.90114665
vt 0.52729630 0.87418687
vt 0.54972702 0.88953382
vt 0.55559623 0.87409705
vt 0.50115347 0.89039999
vt 0.49190301 0.87563413
vt 0.47446799 0.90435904
vt 0.46289468 0.87919939
vt 0.43949765 0.90478325
vt 0.41838309 0.89468312
vt 0.42718866 0.87564290
vt 0.38498402 0.87866271
vt 0.36524659 0.89350110
vt 0.35952449 0.87876159
vt 0.31850487 0.89430952
vt 0.31926861 0.87958997
vt 0.27847284 0.89002436
vt 0.27517518 0.87723976
vt 0.30651146 0.87558758
vt 0.26036641 0.88163042
vt 0.23601784 0.87731463
vt 0.24078587 0.90525746
vt 0.22937539 0.89680374
vt 0.20796858 0.87779689
vt 0.20610635 0.90230167
vt 0.48766828 0.90453315
vt 0.55514693 0.90238720
vt 0.57093775 0.90038878
vt 0.57205236 0.87418509
vt 0.52903062 0.90843660
vt 0.49085805 0.91253173
vt 0.47331661 0.91902405
vt 0.43848833 0.91567987
vt 0.41888005 0.91425180
vt 0.42211765 0.92202610
vt 0.36113712 0.87525398
vt 0.45860440 0.87400550
vt 0.55775052 0.91184402
vt 0.57056350 0.91281676
vt 0.19536705 0.89917272
vt 0.19478293 0.87871915
vt 0.19567557 0.91328108
vt 0.52198696 0.91816276
vt 0.57127315 0.92209727
vt 0.55647629 0.92138475
vt 0.49281991 0.92244476
vt 0.54435188 0.87102336
vt 0.50301516 0.87122881
vt 0.19695869 0.87475586
vt 0.58258784 0.87780315
vt 0.29715434 0.92970550
vt 0.36432618 0.92935610
vt 0.27651954 0.93078482
vt 0.22841498 0.92819500
vt 0.20655435 0.92610741
vt 0.38401479 0.92776966
vt 0.40763310 0.92840332
vt 0.46127787 0.92851722
vt 0.19649577 0.92477036
vt 0.51487827 0.92867726
vt 0.58169675 0.90607661
vt 0.18195011 0.87964612
vt 0.18102519 0.89809918
vt 0.18115069 0.91378021
vt 0.22714138 0.87421793
vt 0.57147104 0.87020278
vt 0.18596470 0.00049549
vt 0.58142281 0.87123013
vt 0.47917253 0.93260419
vt 0.58291447 0.91820836
vt 0.55657262 0.92897046
vt 0.26744425 0.87365717
vt 0.18209657 0.92561239
vt 0.59417754 0.88716674
vt 0.59421772 0.90175968
vt 0.22815017 0.93435508
vt 0.20902625 0.93522763
vt 0.32931367 0.93502533
vt 0.35947058 0.93479931
vt 0.41017845 0.93621856
vt 0.44102108 0.93391985
vt 0.30304712 0.93519187
vt 0.27466616 0.93595195
vt 0.59403980 0.91358334
vt 0.57100910 0.93105173
vt 0.42379090 0.87195742
vt 0.45483658 0.87154031
vt 0.36028284 0.87263584
vt 0.31270903 0.87315720
vt 0.59356284 0.87158537
vt 0.58262008 0.92749798
vt 0.19569376 0.93496215
vt 0.18121162 0.93440002
vt 0.59408510 0.92354864
vt 0.52129692 0.93454856
vt 0.17114376 0.91025287
vt 0.17040807 0.89785159
vt 0.17075396 0.87969160
vt 0.17063893 0.92040199
vt 0.48744521 0.93975353
vt 0.46549737 0.94099176
vt 0.57638222 0.00319260
vt 0.18072106 0.87405938
vt 0.17043634 0.87561327
vt 0.17191868 0.92915916
vt 0.17067194 0.93437475
vt 0.55878603 0.93824345
vt 0.53603053 0.93673831
vt 0.52522957 0.94255716
vt 0.23587582 0.94291568
vt 0.21030584 0.94227570
vt 0.33044395 0.94196248
vt 0.36288124 0.94151676
vt 0.30183041 0.94222724
vt 0.27911079 0.94265544
vt 0.59372646 0.93060935
vt 0.41611561 0.94530183
vt 0.19887710 0.94487804
vt 0.57151347 0.93802232
vt 0.58446223 0.93649179
vt 0.60669225 0.91992617
vt 0.60723966 0.90907872
vt 0.60660493 0.89738744
vt 0.18105216 0.94200659
vt 0.17164299 0.94059455
vt 0.15893687 0.91346639
vt 0.15919204 0.88010222
vt 0.15815641 0.89768934
vt 0.47736689 0.94496715
vt 0.60720074 0.87725544
vt 0.60205013 0.93091446
vt 0.60660833 0.92805111
vt 0.15906322 0.92263293
vt 0.22307166 0.94835436
vt 0.29549479 0.94682372
vt 0.33347857 0.94787139
vt 0.35669231 0.94778782
vt 0.39352715 0.94664639
vt 0.59407616 0.93826461
vt 0.55632359 0.94577384
vt 0.58342791 0.94266868
vt 0.57193935 0.94518292
vt 0.15984684 0.93380439
vt 0.21063799 0.95443410
vt 0.18201970 0.94817775
vt 0.60708946 0.87120330
vt 0.46224093 0.94936061
vt 0.50723338 0.94930232
vt 0.59526521 0.94521147
vt 0.60698158 0.93740571
vt 0.29994965 0.95139486
vt 0.27159905 0.95048440
vt 0.23518701 0.95229989
vt 0.19636823 0.95123774
vt 0.15489838 0.87577063
vt 0.15087830 0.87988257
vt 0.14844668 0.89659542
vt 0.14833474 0.90593749
vt 0.38654047 0.95048517
vt 0.61181849 0.88984406
vt 0.15978071 0.94123441
vt 0.17181781 0.94917113
vt 0.16024244 0.94683862
vt 0.52980661 0.95079970
vt 0.58427685 0.95092773
vt 0.14822254 0.92063206
vt 0.27182567 0.95560443
vt 0.36190709 0.95485455
vt 0.33070937 0.95786947
vt 0.30226433 0.95865589
vt 0.55726200 0.95069659
vt 0.57242477 0.95366561
vt 0.61844212 0.92138970
vt 0.18217301 0.95527911
vt 0.14498088 0.88466609
vt 0.61925298 0.87181658
vt 0.14666511 0.92923164
vt 0.62014306 0.90903431
vt 0.62112820 0.89095891
vt 0.23705468 0.95940721
vt 0.60650188 0.94641298
vt 0.40001222 0.95787376
vt 0.47198367 0.95664382
vt 0.51310927 0.95624709
vt 0.19609560 0.95949149
vt 0.61898226 0.93285066
vt 0.14686896 0.93679130
vt 0.14361691 0.87659287
vt 0.20279653 0.87301242
vt 0.55441105 0.00243688
vt 0.21135603 0.96017700
vt 0.55462074 0.95545530
vt 0.59460503 0.95365024
vt 0.27964512 0.96184415
vt 0.14719586 0.94351232
vt 0.63040233 0.87487769
vt 0.17217925 0.95721239
vt 0.36276111 0.96043867
vt 0.13405629 0.88053638
vt 0.13472761 0.89527023
vt 0.13662302 0.90787876
vt 0.62990057 0.89439899
vt 0.62959927 0.90950149
vt 0.63005632 0.92243403
vt 0.16029885 0.95257217
vt 0.61861771 0.94207054
vt 0.13490348 0.92278630
vt 0.13440964 0.93086624
vt 0.63228357 0.87213504
vt 0.13396975 0.87647504
vt 0.14426848 0.00686622
vt 0.61379963 0.87001199
vt 0.14709249 0.94984627
vt 0.13471748 0.93745857
vt 0.06721787 0.99140239
vt 0.18124360 0.96205384
vt 0.58312839 0.95833898
vt 0.62986046 0.93234396
vt 0.50270838 0.86975855
vt 0.25478816 0.00099176
vt 0.64090121 0.89706683
vt 0.64378428 0.90914232
vt 0.64018327 0.92163074
vt 0.64312983 0.88104486
vt 0.24012005 0.96436322
vt 0.21256770 0.96556455
vt 0.60637385 0.95428908
vt 0.12948248 0.91346711
vt 0.12877305 0.89842629
vt 0.40470725 0.96257585
vt 0.46469593 0.96119338
vt 0.51709104 0.96283609
vt 0.55675966 0.96271777
vt 0.57348937 0.96086049
vt 0.31792170 0.96470308
vt 0.63007802 0.93969035
vt 0.19525507 0.96565264
vt 0.12302276 0.88057977
vt 0.01057483 0.98531204
vt 0.12438907 0.87686247
vt 0.00707899 0.98699117
vt 0.65151060 0.87548822
vt 0.65040690 0.89267915
vt 0.64647913 0.92330897
vt 0.62091428 0.94620895
vt 0.15890436 0.95982957
vt 0.13455570 0.94590801
vt 0.07560140 0.98989189
vt 0.60987353 0.00990444
vt 0.14625776 0.87465370
vt 0.17074244 0.00238621
vt 0.58685923 0.86940473
vt 0.12194201 0.91424066
vt 0.04305848 0.98119986
vt 0.11542604 0.01596993
vt 0.64400113 0.87179017
vt 0.65479594 0.91061145
vt 0.26265419 0.87216973
vt 0.49460486 0.00240105
vt 0.61990827 0.95312309
vt 0.64333057 0.93254155
vt 0.63154030 0.94623429
vt 0.28577992 0.96813381
vt 0.21362689 0.96858215
vt 0.24424475 0.96845317
vt 0.38462833 0.96694988
vt 0.35912696 0.96699476
vt 0.14684038 0.95974725
vt 0.09143478 0.99950933
vt 0.08900122 0.98728037
vt 0.13470480 0.95989919
vt 0.16913863 0.96414703
vt 0.17368232 0.96830940
vt 0.64366668 0.94287694
vt 0.59422278 0.96264589
vt 0.60714376 0.96186852
vt 0.47735491 0.96562362
vt 0.44918296 0.96602362
vt 0.41855827 0.96650350
vt 0.65787292 0.89983612
vt 0.18413574 0.97015488
vt 0.65491045 0.92842007
vt 0.65390301 0.93577445
vt 0.63121629 0.95313758
vt 0.31478024 0.96919245
vt 0.65654176 0.92267162
vt 0.65560722 0.87275964
vt 0.66103274 0.87608892
vt 0.58230263 0.96547353
vt 0.62092358 0.95888501
vt 0.66762447 0.89921218
vt 0.67088991 0.88379169
vt 0.13600151 0.00920755
vt 0.62240171 0.87031293
vt 0.66853583 0.91258806
vt 0.64227664 0.95199341
vt 0.51475006 0.96640456
vt 0.15899061 0.96720749
vt 0.65599030 0.94225657
vt 0.65757525 0.94719946
vt 0.57376766 0.96603715
vt 0.55711281 0.96601123
vt 0.63123775 0.96013135
vt 0.14667064 0.96512622
vt 0.67066401 0.92489731
vt 0.52794290 0.97014153
vt 0.31007594 0.67820358
vt 0.19443233 0.97206312
vt 0.67817366 0.87616223
vt 0.66929889 0.87315315
vt 0.17202181 0.97139227
vt 0.67376631 0.93328261
vt 0.67140067 0.94312024
vt 0.68080062 0.90502954
vt 0.68609601 0.89440453
vt 0.68075573 0.91627640
vt 0.59849304 0.96618038
vt 0.58077854 0.00447166
vt 0.17614494 0.87343144
vt 0.68094778 0.92931384
vt 0.64454877 0.95836204
vt 0.21200395 0.97343433
vt 0.62538916 0.67821068
vt 0.27823544 0.97084576
vt 0.65671420 0.95353484
vt 0.40244246 0.96981525
vt 0.62221438 0.96518368
vt 0.61320221 0.96619099
vt 0.69049203 0.92297220
vt 0.68674833 0.87661922
vt 0.14778666 0.97157657
vt 0.10298005 0.99758732
vt 0.36491767 0.67860645
vt 0.47300780 0.97084749
vt 0.35737491 0.97210670
vt 0.48032027 0.67860645
vt 0.68373263 0.94130802
vt 0.55696112 0.96945018
vt 0.69374645 0.90869766
vt 0.59906876 0.00758845
vt 0.15741973 0.87393516
vt 0.08486655 0.03134090
vt 0.67817384 0.87301868
vt 0.66462088 0.95201474
vt 0.58617568 0.97018379
vt 0.25228342 0.67486584
vt 0.69425499 0.92864990
vt 0.15755118 0.97240281
vt 0.30719781 0.97304958
vt 0.53041601 0.67836076
vt 0.68293989 0.94747043
vt 0.67389798 0.95498514
vt 0.69649732 0.89077830
vt 0.63289696 0.96598452
vt 0.64661288 0.96282846
vt 0.57344562 0.97000057
vt 0.65984946 0.95830023
vt 0.56948853 0.67830223
vt 0.26804718 0.97340024
vt 0.69673026 0.92323905
vt 0.69211209 0.94488132
vt 0.70034742 0.87769288
vt 0.13260244 0.01080900
vt 0.62613827 0.87002963
vt 0.69768608 0.93504816
vt 0.69813538 0.90869588
vt 0.65726972 0.96531743
vt 0.68898946 0.95487332
vt 0.67511934 0.96070266
vt 0.68811631 0.95835668
vt 0.66868603 0.96666652
vt 0.64332557 0.96728551
vt 0.67281640 0.67150855
vt 0.16376616 0.97545540
vt 0.21192238 0.66539270
vt 0.62792641 0.97041345
vt 0.70531654 0.89595455
vt 0.70150363 0.92735738
vt 0.20500991 0.66213274
vt 0.63557798 0.97113174
vt 0.69991642 0.87494850
vt 0.70670187 0.87786716
vt 0.70899767 0.92189711
vt 0.73530620 0.94824904
vt 0.70448744 0.94671923
vt 0.73651981 0.97412401
vt 0.71623766 0.87825519
vt 0.73580033 0.90348804
vt 0.09562603 0.02608091
vt 0.66622156 0.87181950
vt 0.67710471 0.96696174
vt 0.70205557 0.95978326
vt 0.73772240 0.98754793
vt 0.68918848 0.96808439
vt 0.69494236 0.96465242
vt 0.73221153 0.99444669
vt 0.26300713 0.67274266
vt 0.57556355 0.97355497
vt 0.71581262 0.87582064
vt 0.72190768 0.87655866
vt 0.74122661 0.90099776
vt 0.64097738 0.67394876
vt 0.19607699 0.97693819
vt 0.16777493 0.64145112
vt 0.67798817 0.97376889
vt 0.69672215 0.97216070
vt 0.36243081 0.78713268
vt 0.36229336 0.78387123
vt 0.39437905 0.78398597
vt 0.32435632 0.78406531
vt 0.32960939 0.79873073
vt 0.35072607 0.81948298
vt 0.37538591 0.80275786
vt 0.38556463 0.81815624
vt 0.38182691 0.82724822
vt 0.33901232 0.82906657
vt 0.32841662 0.81784707
vt 0.30253270 0.81962937
vt 0.28347269 0.82209486
vt 0.31163946 0.83161378
vt 0.39973935 0.81364143
vt 0.40192062 0.79494041
vt 0.42192936 0.78374004
vt 0.41856316 0.81746912
vt 0.41936269 0.80691946
vt 0.43038177 0.81089437
vt 0.49303290 0.81010342
vt 0.49575806 0.78701943
vt 0.50981295 0.80366915
vt 0.52136201 0.78330594
vt 0.48644465 0.78320259
vt 0.46726286 0.78784889
vt 0.58773535 0.81261325
vt 0.55219030 0.81801426
vt 0.54952699 0.80879700
vt 0.60684496 0.80427521
vt 0.61499906 0.79441667
vt 0.61485374 0.80236089
vt 0.60592967 0.78313196
vt 0.58951217 0.78293604
vt 0.54853326 0.78740114
vt 0.51177168 0.81516337
vt 0.49193054 0.81788754
vt 0.45167822 0.81282175
vt 0.43926007 0.78340703
vt 0.42152393 0.82650399
vt 0.45836064 0.82749200
vt 0.48960218 0.82478720
vt 0.30307722 0.81171095
vt 0.28032219 0.80494779
vt 0.27014747 0.82084537
vt 0.24945773 0.80255312
vt 0.26878309 0.78714681
vt 0.25013122 0.78440595
vt 0.29554906 0.78800637
vt 0.55484211 0.78331226
vt 0.45594975 0.78351849
vt 0.29419538 0.78410566
vt 0.29214451 0.78249323
vt 0.27443931 0.78430080
vt 0.24771264 0.78169686
vt 0.58284724 0.82355773
vt 0.60328120 0.82136005
vt 0.61575472 0.82130712
vt 0.51852286 0.82553875
vt 0.54717171 0.82762623
vt 0.27349332 0.83559561
vt 0.25029638 0.82260001
vt 0.24129565 0.82187808
vt 0.24117368 0.79929787
vt 0.24422237 0.83445865
vt 0.58970374 0.82944602
vt 0.40686810 0.83327365
vt 0.47317755 0.83471817
vt 0.42976451 0.83405679
vt 0.36536786 0.83506924
vt 0.30631909 0.83570987
vt 0.33921137 0.83595449
vt 0.61684901 0.78362244
vt 0.51212180 0.83007073
vt 0.52273029 0.83410513
vt 0.49221283 0.83344150
vt 0.47392496 0.83011287
vt 0.60280353 0.83362764
vt 0.61512977 0.83346391
vt 0.52059364 0.78023803
vt 0.48549476 0.78042924
vt 0.55971080 0.78019285
vt 0.59913903 0.78012651
vt 0.45736131 0.78049344
vt 0.38300142 0.83555561
vt 0.23688845 0.78487068
vt 0.23615001 0.78174561
vt 0.61640471 0.78014493
vt 0.36844054 0.78082508
vt 0.42690536 0.78061998
vt 0.39467898 0.78072578
vt 0.55041867 0.83420652
vt 0.58725494 0.83450955
vt 0.23061559 0.83138794
vt 0.63048291 0.81295007
vt 0.63122708 0.82357228
vt 0.62935972 0.83235604
vt 0.32484934 0.78102154
vt 0.29368991 0.78120941
vt 0.23158702 0.83705312
vt 0.22671819 0.81675875
vt 0.23517515 0.80623025
vt 0.24338804 0.83708042
vt 0.38660878 0.84676528
vt 0.36238012 0.84254408
vt 0.34315902 0.84373403
vt 0.30502754 0.84388620
vt 0.27618888 0.84246421
vt 0.49295783 0.84046263
vt 0.51897734 0.84152216
vt 0.55443048 0.84448433
vt 0.53985888 0.84551340
vt 0.58675420 0.84349400
vt 0.47686571 0.84414911
vt 0.44405499 0.84391260
vt 0.42706883 0.84443206
vt 0.40218756 0.84499693
vt 0.25227723 0.84318268
vt 0.59749746 0.84593666
vt 0.36226246 0.84633243
vt 0.33405322 0.84451103
vt 0.27571037 0.84428233
vt 0.49198097 0.84549701
vt 0.51972514 0.84564912
vt 0.62973845 0.78361994
vt 0.33841181 0.84718001
vt 0.22649646 0.78538316
vt 0.22114693 0.82515270
vt 0.56938869 0.84657210
vt 0.22178896 0.80548316
vt 0.22072653 0.83512473
vt 0.63880897 0.81994206
vt 0.64075208 0.83331215
vt 0.62517041 0.78004462
vt 0.43815601 0.84707147
vt 0.47974145 0.84692788
vt 0.61609823 0.84177411
vt 0.27283162 0.84720421
vt 0.23888868 0.84636593
vt 0.24768302 0.84805596
vt 0.30530706 0.84733713
vt 0.63822359 0.81055242
vt 0.62885094 0.84251213
vt 0.61913466 0.84758377
vt 0.64069539 0.78054208
vt 0.22526626 0.78198814
vt 0.22158441 0.78539026
vt 0.22273567 0.78314883
vt 0.21219677 0.82410413
vt 0.63907790 0.79296815
vt 0.64166588 0.78365844
vt 0.20837642 0.83497459
vt 0.22707371 0.84126025
vt 0.64518106 0.83242255
vt 0.21112162 0.80070776
vt 0.21301574 0.78529936
vt 0.23305377 0.84583348
vt 0.21151088 0.84105885
vt 0.21914667 0.84752649
vt 0.21502002 0.84737056
vt 0.21124981 0.78269291
vt 0.20772104 0.84489012
vt 0.64880693 0.80777663
vt 0.64781064 0.78425926
vt 0.64845675 0.81870484
vt 0.64215481 0.84551334
vt 0.20522088 0.82233047
vt 0.19745962 0.83673143
vt 0.19428091 0.82667255
vt 0.20153505 0.78305465
vt 0.20294835 0.78586292
vt 0.20014033 0.79930878
vt 0.19125114 0.80961728
vt 0.63331068 0.84688658
vt 0.63878047 0.84889132
vt 0.49163529 0.84980810
vt 0.46719724 0.85154688
vt 0.53308517 0.85092723
vt 0.55888838 0.85126650
vt 0.41026521 0.85146075
vt 0.43462116 0.85116059
vt 0.20540047 0.84890407
vt 0.65218526 0.78101104
vt 0.23561323 0.85264492
vt 0.20133254 0.84743011
vt 0.65534061 0.82355809
vt 0.37478188 0.85136044
vt 0.64962065 0.84100449
vt 0.65373969 0.84786516
vt 0.62894058 0.85119140
vt 0.65314209 0.83242625
vt 0.65328771 0.78397518
vt 0.60056281 0.85030365
vt 0.57066965 0.85125101
vt 0.25823781 0.78051603
vt 0.54141122 0.33932626
vt 0.56272590 0.33909237
vt 0.23690006 0.78012758
vt 0.65698659 0.84592664
vt 0.19234787 0.78725952
vt 0.60073113 0.33039379
vt 0.19783363 0.78187847
vt 0.18615220 0.83769834
vt 0.19193131 0.84843594
vt 0.29062817 0.85096282
vt 0.31735989 0.85116535
vt 0.65852326 0.79869580
vt 0.66083413 0.84100264
vt 0.25567511 0.85018754
vt 0.18432879 0.82507384
vt 0.50001574 0.85190558
vt 0.66651821 0.84613305
vt 0.66287905 0.83264720
vt 0.18150124 0.80668479
vt 0.61518025 0.85003740
vt 0.19049804 0.78344560
vt 0.18152691 0.78825486
vt 0.18237519 0.78384817
vt 0.66300017 0.78386629
vt 0.66547996 0.82094747
vt 0.66939056 0.82993180
vt 0.66023833 0.78131741
vt 0.21146661 0.85206687
vt 0.18297784 0.84718913
vt 0.27018395 0.85029292
vt 0.59057665 0.33338910
vt 0.20842443 0.78132278
vt 0.67746717 0.83644855
vt 0.67611915 0.84501606
vt 0.67737550 0.83121657
vt 0.67757654 0.82140446
vt 0.67040497 0.81877756
vt 0.66882598 0.80285144
vt 0.67824590 0.80743217
vt 0.67797697 0.78602135
vt 0.67659760 0.78189152
vt 0.66804504 0.78155690
vt 0.17700495 0.82510388
vt 0.17932697 0.83870137
vt 0.67404407 0.84784907
vt 0.64876264 0.85103780
vt 0.22300518 0.85507554
vt 0.18482517 0.85020822
vt 0.44596833 0.85915667
vt 0.42164025 0.85902160
vt 0.39541879 0.85906821
vt 0.51855230 0.85901141
vt 0.54847670 0.85895908
vt 0.48545560 0.85914183
vt 0.13183925 0.32554442
vt 0.66996825 0.77989370
vt 0.69013935 0.82619095
vt 0.68470138 0.81054986
vt 0.69309998 0.81659061
vt 0.17486025 0.80338955
vt 0.68939656 0.83372778
vt 0.19174752 0.85280061
vt 0.17343146 0.83925056
vt 0.17073853 0.83225167
vt 0.69369781 0.80303055
vt 0.69852847 0.78308469
vt 0.68697083 0.78510249
vt 0.68358564 0.78222799
vt 0.69117242 0.78237307
vt 0.17613642 0.84909230
vt 0.68815249 0.84516138
vt 0.17032290 0.78740054
vt 0.17401941 0.78420836
vt 0.16737880 0.78455251
vt 0.66819984 0.85125762
vt 0.70270479 0.82662499
vt 0.70216066 0.83527637
vt 0.69758397 0.84624738
vt 0.13884206 0.32827413
vt 0.66249090 0.77973324
vt 0.19982165 0.85251361
vt 0.37846634 0.85918558
vt 0.35294968 0.85964227
vt 0.32407713 0.85965472
vt 0.29115200 0.85739946
vt 0.23183359 0.86075747
vt 0.61744857 0.85276937
vt 0.70370924 0.81167912
vt 0.70603496 0.78675956
vt 0.70575625 0.78331691
vt 0.68151301 0.84763581
vt 0.11038576 0.31624192
vt 0.69330096 0.78109068
vt 0.66045606 0.85185343
vt 0.16500896 0.83845109
vt 0.25056091 0.86281335
vt 0.26681331 0.86335760
vt 0.56047601 0.85945648
vt 0.16267028 0.78895152
vt 0.16084573 0.78487742
vt 0.16545866 0.82693326
vt 0.68931389 0.84803391
vt 0.30211601 0.34018052
vt 0.49789944 0.77795690
vt 0.09743206 0.31064767
vt 0.70733064 0.78158259
vt 0.70383340 0.84601206
vt 0.17054655 0.84949541
vt 0.15714101 0.84646505
vt 0.15693229 0.83845156
vt 0.69532943 0.84922266
vt 0.71169716 0.80962557
vt 0.71130115 0.82466596
vt 0.21208355 0.86043596
vt 0.21063793 0.85547572
vt 0.21991542 0.86346966
vt 0.15431213 0.79008597
vt 0.15435676 0.78524774
vt 0.64024025 0.31259376
vt 0.15594551 0.82685602
vt 0.71201837 0.78373784
vt 0.14645971 0.33109993
vt 0.65436566 0.77954626
vt 0.71217442 0.78659278
vt 0.71404988 0.83384973
vt 0.71274430 0.84610510
vt 0.51980919 0.01838046
vt 0.57908958 0.86234546
vt 0.56223673 0.86307961
vt 0.50303733 0.01815504
vt 0.35922572 0.86389196
vt 0.31638193 0.86394179
vt 0.28821474 0.86338454
vt 0.18000615 0.85331160
vt 0.15952627 0.85094810
vt 0.64072895 0.85264868
vt 0.53899956 0.86347336
vt 0.48977444 0.86336595
vt 0.42630631 0.86383253
vt 0.38600051 0.86531603
vt 0.32711980 0.01944870
vt 0.58561838 0.85809207
vt 0.54223967 0.01905590
vt 0.60169864 0.86237383
vt 0.60010087 0.85656500
vt 0.61565965 0.86130875
vt 0.62369025 0.86002904
vt 0.56348246 0.77790195
vt 0.23658907 0.33992773
vt 0.20189989 0.86278719
vt 0.70068640 0.84975350
vt 0.61860847 0.32431054
vt 0.17893606 0.78233391
vt 0.18924652 0.85728025
vt 0.19368498 0.86417210
vt 0.18120983 0.86111778
vt 0.18570818 0.86493993
vt 0.12891437 0.03016400
vt 0.71651644 0.81880808
vt 0.67602515 0.85231876
vt 0.68589038 0.85268569
vt 0.65954643 0.85943276
vt 0.66747749 0.85927194
vt 0.65225089 0.85560781
vt 0.64278251 0.85491198
vt 0.64730799 0.85867399
vt 0.57711494 0.02209955
vt 0.63702685 0.86188662
vt 0.14677092 0.83409148
vt 0.14658178 0.81967372
vt 0.14452772 0.78889567
vt 0.62500441 0.32156324
vt 0.17200606 0.78254730
vt 0.14677054 0.84052783
vt 0.16191080 0.85451043
vt 0.20722486 0.86420691
vt 0.14936091 0.02425241
vt 0.60255039 0.77785552
vt 0.19749779 0.33965302
vt 0.63736987 0.31549573
vt 0.15827277 0.78340185
vt 0.14953452 0.85083079
vt 0.23182382 0.86584443
vt 0.17359044 0.02215147
vt 0.64621341 0.30973566
vt 0.14787142 0.78435373
vt 0.13716374 0.79004735
vt 0.13735765 0.78621650
vt 0.14374636 0.78591055
vt 0.65170670 0.30689514
vt 0.14173941 0.78441513
vt 0.13942868 0.82540232
vt 0.70743698 0.84976602
vt 0.71439403 0.84898460
vt 0.71777672 0.80518979
vt 0.13688833 0.83759737
vt 0.61669606 0.32601702
vt 0.18134387 0.78168124
vt 0.71893018 0.78665537
vt 0.71847969 0.78347993
vt 0.13253902 0.78640270
vt 0.14014420 0.85178584
vt 0.13762091 0.84349871
vt 0.15341163 0.85489094
vt 0.13007145 0.79066306
vt 0.16548395 0.85830653
vt 0.17003463 0.86256647
vt 0.36709428 0.77842677
vt 0.43274385 0.34084928
vt 0.14443703 0.85565633
vt 0.13458313 0.82351589
vt 0.72389430 0.82761955
vt 0.56210643 0.02118307
vt 0.62186486 0.86315674
vt 0.66355908 0.29791558
vt 0.12705885 0.78631759
vt 0.12366330 0.79050714
vt 0.12207288 0.78709608
vt 0.12565275 0.82396996
vt 0.12593947 0.83912897
vt 0.11384769 0.81552631
vt 0.94227350 0.47198188
vt 0.12679054 0.84432358
vt 0.11680637 0.78666317
vt 0.32034037 0.77868843
vt 0.47942236 0.34117329
vt 0.69810790 0.85421181
vt 0.72293264 0.84736109
vt 0.72393507 0.83607626
vt 0.15672065 0.86381257
vt 0.15883194 0.85903519
vt 0.15052983 0.86002821
vt 0.14780349 0.86441505
vt 0.21926203 0.02148521
vt 0.27781713 0.86711770
vt 0.16012244 0.33594376
vt 0.64000297 0.77800822
vt 0.71946734 0.85043520
vt 0.41849068 0.01974529
vt 0.47757882 0.86543500
vt 0.44974411 0.01990950
vt 0.50889903 0.86537373
vt 0.57606864 0.33804142
vt 0.22356844 0.77977824
vt 0.70755392 0.85327953
vt 0.72505367 0.81397516
vt 0.11145628 0.84094876
vt 0.96689129 0.46695685
vt 0.73259604 0.83583063
vt 0.67804384 0.86139095
vt 0.62474841 0.03660572
vt 0.68775755 0.86280495
vt 0.13968489 0.86057365
vt 0.14110290 0.86425245
vt 0.99492401 0.49313056
vt 0.72494507 0.78424245
vt 0.72672576 0.78784823
vt 0.73137873 0.84739882
vt 0.73115790 0.85089236
vt 0.73934233 0.85016567
vt 0.65837806 0.30280715
vt 0.13390733 0.78472596
vt 0.71475977 0.85419947
vt 0.73752975 0.82805240
vt 0.13122644 0.85706508
vt 0.98583877 0.48467541
vt 0.73938578 0.83664227
vt 0.73340619 0.78490704
vt 0.73689783 0.81351405
vt 0.73675352 0.78822720
vt 0.60155803 0.02830493
vt 0.66281074 0.86288989
vt 0.70430887 0.86114722
vt 0.72362101 0.85415578
vt 0.11319518 0.04020381
vt 0.16709459 0.86898923
vt 0.09590361 0.04658598
vt 0.14829208 0.86723322
vt 0.74381059 0.85085237
vt 0.61711377 0.03507090
vt 0.68001342 0.86429071
vt 0.73727888 0.85369521
vt 0.73215103 0.85533589
vt 0.74063921 0.78564233
vt 0.74282169 0.79520303
vt 0.67436355 0.29145700
vt 0.11448593 0.78585970
vt 0.75165904 0.83378667
vt 0.08323006 0.30134976
vt 0.72417831 0.78246701
vt 0.07408407 0.29291004
vt 0.73643810 0.78368002
vt 0.74764192 0.78936493
vt 0.75445533 0.79509312
vt 0.74994719 0.78604400
vt 0.75475395 0.78634715
vt 0.75318205 0.81673402
vt 0.75315166 0.82523036
vt 0.75130409 0.83879948
vt 0.75456017 0.85084057
vt 0.65609211 0.04939717
vt 0.72149187 0.85991246
vt 0.08720618 0.05178410
vt 0.13801348 0.86761028
vt 0.99740791 0.48926473
vt 0.75128525 0.85233301
vt 0.76507384 0.84280437
vt 0.06598329 0.36456841
vt 0.76411802 0.85234970
vt 0.07537246 0.36515617
vt 0.64396876 0.31174999
vt 0.15080880 0.78380346
vt 0.76276195 0.83266544
vt 0.76443106 0.81557053
vt 0.76572055 0.79656482
vt 0.76971155 0.79161298
vt 0.01576238 0.36321384
vt 0.75921994 0.78864646
vt 0.05901398 0.27775460
vt 0.75756079 0.78519523
vt 0.05369717 0.27113473
vt 0.01113733 0.35868502
vt 0.76589650 0.78636384
vt 0.75809443 0.85418767
vt 0.07829111 0.35930943
vt 0.74906826 0.85543400
vt 0.74279481 0.85648245
vt 0.66177827 0.06173795
vt 0.73301232 0.86714149
vt 0.75915784 0.85929304
vt 0.08319405 0.36168373
vt 0.06193896 0.28157771
vt 0.75284529 0.78450555
vt 0.86100692 0.53238589
vt 0.85542184 0.54372853
vt 0.85997301 0.57181591
vt 0.84843057 0.52173436
vt 0.86025578 0.49787867
vt 0.86113644 0.38308740
vt 0.84661311 0.39639211
vt 0.85914332 0.42625624
vt 0.84636450 0.43055558
vt 0.85785931 0.46587789
vt 0.84691679 0.46712232
vt 0.84516579 0.49449670
vt 0.86161792 0.46323478
vt 0.84144700 0.52967781
vt 0.83296698 0.41596103
vt 0.83134866 0.44468153
vt 0.83647621 0.47978693
vt 0.81639785 0.49261379
vt 0.81697273 0.52134907
vt 0.81923723 0.54089773
vt 0.84590900 0.56103200
vt 0.82744360 0.56408662
vt 0.81705159 0.58818841
vt 0.84589249 0.59055507
vt 0.82121927 0.61664587
vt 0.84442902 0.61935061
vt 0.84568650 0.64829880
vt 0.81793576 0.66005164
vt 0.83017182 0.68938708
vt 0.84789628 0.67251641
vt 0.84794158 0.69166934
vt 0.83429098 0.72967619
vt 0.84684134 0.72167987
vt 0.85213107 0.73571849
vt 0.83624756 0.75013196
vt 0.81479758 0.73718566
vt 0.81533837 0.75099987
vt 0.81730801 0.70826828
vt 0.81786108 0.68728799
vt 0.81518984 0.62265551
vt 0.81678224 0.46529800
vt 0.81597477 0.41465974
vt 0.81390786 0.38208330
vt 0.84123409 0.38046688
vt 0.86047143 0.59030330
vt 0.85851872 0.62442917
vt 0.85857761 0.64608043
vt 0.86018753 0.66565216
vt 0.86028141 0.70287305
vt 0.86282432 0.68762147
vt 0.81330216 0.40624046
vt 0.81468213 0.69500238
vt 0.81331807 0.66773254
vt 0.84356093 0.36754835
vt 0.81746686 0.36595106
vt 0.85579503 0.38253969
vt 0.81351131 0.49422503
vt 0.81355274 0.52909589
vt 0.85064459 0.75156093
vt 0.87373585 0.62968957
vt 0.87002623 0.64407027
vt 0.87397164 0.66865373
vt 0.87344301 0.68330538
vt 0.87514776 0.71664816
vt 0.86976051 0.41767204
vt 0.87162375 0.44952214
vt 0.87129700 0.46983469
vt 0.87153095 0.49980909
vt 0.86961657 0.53356308
vt 0.87175399 0.56984949
vt 0.87290764 0.60899091
vt 0.85801184 0.36714339
vt 0.86143625 0.73722690
vt 0.85994548 0.75042725
vt 0.87090957 0.73690623
vt 0.87554967 0.73596710
vt 0.87471437 0.75052065
vt 0.81232053 0.36529160
vt 0.83949405 0.35411423
vt 0.82005554 0.35418236
vt 0.85056466 0.35334957
vt 0.81852341 0.76035321
vt 0.83869463 0.76466751
vt 0.85546434 0.76492512
vt 0.86324620 0.76468509
vt 0.87481976 0.76277542
vt 0.81378990 0.35529006
vt 0.87158972 0.37948865
vt 0.87093073 0.36750615
vt 0.87406361 0.52878565
vt 0.81302619 0.58919436
vt 0.81268984 0.61413312
vt 0.86043531 0.35434204
vt 0.87107927 0.35308397
vt 0.87269247 0.41359746
vt 0.87712353 0.63948649
vt 0.87770015 0.68859845
vt 0.83415103 0.34168386
vt 0.85040867 0.34329110
vt 0.81624401 0.77477264
vt 0.84358132 0.77462775
vt 0.81166649 0.37839299
vt 0.19585547 0.34887147
vt 0.81444722 0.34428161
vt 0.85807490 0.34137893
vt 0.88212126 0.55417794
vt 0.88262236 0.59349430
vt 0.88156033 0.50171500
vt 0.88221765 0.37685156
vt 0.88251108 0.39474714
vt 0.88313019 0.42146122
vt 0.88121390 0.45865417
vt 0.86021966 0.78183442
vt 0.87411278 0.77608037
vt 0.88400447 0.63600343
vt 0.88398433 0.66769058
vt 0.88483214 0.68564230
vt 0.86920971 0.34159446
vt 0.88400352 0.71424043
vt 0.85235584 0.78837687
vt 0.83471006 0.78713673
vt 0.84365892 0.33026469
vt 0.88913691 0.63818848
vt 0.88509071 0.55541068
vt 0.88548326 0.59358668
vt 0.88453090 0.46865368
vt 0.88513839 0.51197773
vt 0.88188767 0.36855030
vt 0.87944585 0.73625064
vt 0.89202094 0.72372538
vt 0.88687479 0.74940109
vt 0.88446987 0.76343411
vt 0.88074207 0.77657169
vt 0.83017588 0.32941425
vt 0.81426620 0.33148044
vt 0.85722613 0.32968831
vt 0.86965716 0.33031034
vt 0.87556142 0.78724426
vt 0.86272663 0.79109985
vt 0.88275939 0.35393190
vt 0.81615317 0.78493893
vt 0.89538360 0.69119149
vt 0.89586997 0.72389239
vt 0.89321816 0.37926948
vt 0.89467740 0.42336416
vt 0.89648271 0.45638406
vt 0.89637262 0.49438143
vt 0.89696890 0.51689935
vt 0.89711362 0.54180264
vt 0.89720374 0.56355137
vt 0.89617026 0.60238200
vt 0.89602250 0.64027274
vt 0.88088655 0.34187984
vt 0.88198316 0.33144933
vt 0.89853472 0.73362792
vt 0.89501506 0.75092918
vt 0.58717030 0.34459758
vt 0.81401688 0.77891737
vt 0.81966871 0.79749435
vt 0.88918871 0.76865453
vt 0.85415208 0.79785377
vt 0.83842337 0.80162632
vt 0.81178355 0.41156399
vt 0.81220186 0.49470520
vt 0.81177592 0.53376979
vt 0.81267136 0.70691568
vt 0.51716387 0.34873533
vt 0.81202382 0.34722078
vt 0.16550890 0.34653044
vt 0.87611109 0.79782617
vt 0.86384374 0.80104655
vt 0.89517200 0.36576247
vt 0.89884812 0.69451421
vt 0.89869380 0.63487786
vt 0.90026104 0.72305030
vt 0.81473333 0.32083333
vt 0.84163415 0.32619596
vt 0.88702744 0.34181136
vt 0.89354175 0.35405189
vt 0.88821799 0.78317404
vt 0.89724314 0.76900774
vt 0.89595455 0.77835143
vt 0.81603813 0.79611200
vt 0.85408092 0.31631982
vt 0.88500589 0.79018366
vt 0.87087750 0.31899166
vt 0.86273074 0.31855309
vt 0.83306193 0.31757849
vt 0.81535757 0.31081605
vt 0.81309783 0.32764554
vt 0.85527807 0.80517012
vt 0.61076522 0.33845508
vt 0.81467289 0.80394906
vt 0.88241357 0.32020640
vt 0.89897740 0.42263913
vt 0.89801311 0.38580811
vt 0.87555712 0.80636013
vt 0.89784223 0.37550640
vt 0.81755394 0.81132859
vt 0.86223608 0.30695522
vt 0.89626664 0.34290767
vt 0.85084420 0.30641466
vt 0.83530504 0.30479276
vt 0.87145638 0.30718189
vt 0.86417574 0.81368756
vt 0.88443553 0.80006009
vt 0.89109606 0.79261738
vt 0.89826536 0.78618276
vt 0.90001535 0.75359118
vt 0.90165770 0.69277972
vt 0.90176028 0.63925719
vt 0.90280467 0.57880563
vt 0.90373260 0.45315778
vt 0.90153933 0.49177301
vt 0.90379333 0.52261478
vt 0.90418917 0.54451805
vt 0.89260668 0.33085918
vt 0.88505989 0.31752431
vt 0.83892506 0.81450486
vt 0.88098139 0.30611384
vt 0.89827549 0.35353726
vt 0.85702109 0.81882137
vt 0.87565261 0.82068533
vt 0.86238843 0.82482862
vt 0.88582122 0.81582773
vt 0.81459302 0.30522174
vt 0.89365876 0.80744982
vt 0.89869881 0.79761612
vt 0.89848387 0.80567265
vt 0.90765280 0.69862258
vt 0.90853816 0.71859699
vt 0.90656090 0.73276347
vt 0.83819461 0.82203591
vt 0.88656932 0.30490708
vt 0.90433031 0.42232847
vt 0.90589559 0.37968332
vt 0.90400380 0.36391056
vt 0.90496123 0.49407482
vt 0.89972198 0.77494538
vt 0.90557027 0.65711814
vt 0.85936773 0.29532892
vt 0.85224020 0.29494035
vt 0.83629405 0.29437172
vt 0.90433979 0.63726056
vt 0.90446961 0.61112714
vt 0.90505695 0.57664061
vt 0.82766211 0.29370844
vt 0.81464231 0.29612362
vt 0.87141258 0.28985763
vt 0.88364047 0.29357171
vt 0.89655620 0.31865835
vt 0.82109970 0.83026439
vt 0.62229049 0.33431578
vt 0.81523854 0.81646806
vt 0.81348819 0.31427383
vt 0.81504291 0.29022682
vt 0.85335201 0.82996291
vt 0.86234856 0.28215241
vt 0.85592222 0.28240478
vt 0.89779401 0.33039498
vt 0.83672774 0.28030491
vt 0.81704044 0.28029478
vt 0.83491904 0.83085614
vt 0.87250131 0.28245151
vt 0.89375985 0.30615252
vt 0.90851229 0.75233316
vt 0.87652189 0.82984000
vt 0.86343020 0.83253485
vt 0.88605750 0.82520539
vt 0.90802884 0.76015580
vt 0.90725869 0.42118317
vt 0.89923131 0.81395096
vt 0.89854157 0.81854576
vt 0.63509977 0.32839507
vt 0.81576610 0.83090639
vt 0.81879455 0.83796304
vt 0.88269520 0.28278804
vt 0.83627456 0.84006011
vt 0.89695174 0.30712610
vt 0.90543324 0.34531462
vt 0.90805662 0.65487331
vt 0.86463386 0.26685238
vt 0.85377222 0.26676130
vt 0.83420515 0.26600790
vt 0.81744426 0.26654577
vt 0.87666422 0.84088516
vt 0.86464274 0.84174281
vt 0.85565603 0.84322155
vt 0.14136136 0.34056336
vt 0.81212330 0.32170463
vt 0.90789819 0.48396349
vt 0.90813828 0.53364992
vt 0.90856081 0.78649592
vt 0.90884519 0.79781181
vt 0.90891737 0.80501872
vt 0.90992326 0.77395481
vt 0.90817285 0.63165265
vt 0.90819317 0.59797966
vt 0.90814924 0.57072794
vt 0.90524256 0.33050507
vt 0.81597948 0.27515864
vt 0.87348276 0.26656199
vt 0.88170159 0.26665461
vt 0.89561301 0.29589295
vt 0.88785064 0.28216439
vt 0.89773285 0.82686853
vt 0.88772666 0.84505910
vt 0.90889937 0.36182898
vt 0.26219460 0.35283875
vt 0.81892878 0.84490240
vt 0.88906294 0.83438021
vt 0.89820421 0.83506227
vt 0.87791699 0.85142303
vt 0.76875001 0.08882409
vt 0.86567694 0.85294724
vt 0.59560043 0.35226119
vt 0.90988070 0.70363384
vt 0.88423324 0.26534331
vt 0.89580476 0.28041798
vt 0.89002067 0.26375699
vt 0.90651250 0.31965560
vt 0.90620196 0.30832952
vt 0.83629012 0.85290283
vt 0.82201952 0.85752535
vt 0.64550251 0.32299489
vt 0.81631631 0.84295076
vt 0.85453457 0.85609144
vt 0.81850398 0.85323983
vt 0.65253800 0.31888753
vt 0.81659287 0.85130870
vt 0.90083688 0.83208430
vt 0.31243932 0.35094482
vt 0.90929246 0.41343379
vt 0.35894990 0.35083413
vt 0.90967464 0.46104836
vt 0.41330925 0.35103619
vt 0.91007215 0.51671714
vt 0.83796138 0.86306655
vt 0.45282173 0.34820104
vt 0.81132078 0.64112896
vt 0.83152407 0.25458014
vt 0.84828776 0.25467438
vt 0.86046815 0.26336443
vt 0.86141437 0.25350928
vt 0.90105796 0.84209692
vt 0.87361449 0.25592560
vt 0.81819689 0.25274873
vt 0.88751960 0.85227466
vt 0.77135295 0.09844130
vt 0.77608442 0.08717477
vt 0.87746966 0.85896575
vt 0.85416430 0.87414509
vt 0.78821629 0.06101412
vt 0.17994946 0.34683800
vt 0.81041396 0.36199474
vt 0.90573919 0.81743366
vt 0.91031134 0.82978928
vt 0.89854097 0.29329121
vt 0.67294312 0.36152315
vt 0.91226465 0.78391677
vt 0.82388347 0.86977005
vt 0.66109669 0.31361872
vt 0.81711525 0.86160356
vt 0.24101754 0.34850121
vt 0.81087744 0.42450023
vt 0.30548477 0.34887147
vt 0.81120396 0.49035442
vt 0.81146795 0.66358048
vt 0.47475919 0.34810024
vt 0.90196991 0.84977061
vt 0.81543189 0.26955736
vt 0.09413320 0.32142925
vt 0.89737958 0.27045727
vt 0.90283734 0.85874462
vt 0.78081971 0.11275548
vt 0.65842837 0.35893178
vt 0.91214454 0.76873165
vt 0.84868646 0.24304646
vt 0.86305112 0.24356407
vt 0.87219095 0.24450105
vt 0.83622324 0.24017841
vt 0.82219279 0.23919189
vt 0.23171213 0.35876423
vt 0.90998983 0.32999843
vt 0.90458775 0.29047275
vt 0.89818877 0.27872562
vt 0.88634098 0.25247729
vt 0.91047752 0.61193252
vt 0.50613743 0.35232651
vt 0.70835125 0.37328374
vt 0.91396451 0.82245052
vt 0.69933659 0.36951876
vt 0.91328454 0.81248671
vt 0.69170582 0.36645722
vt 0.91268218 0.80404699
vt 0.89856040 0.26269680
vt 0.81917942 0.23793429
vt 0.87978017 0.24226350
vt 0.91434270 0.83538693
vt 0.90791023 0.84495437
vt 0.60493541 0.35441065
vt 0.91182274 0.71328771
vt 0.90814090 0.30240232
vt 0.85667485 0.23248672
vt 0.90604252 0.27995855
vt 0.88739204 0.24490106
vt 0.86789930 0.23286712
vt 0.89883143 0.25097960
vt 0.89659095 0.24649745
vt 0.22470938 0.36158502
vt 0.91104454 0.32233304
vt 0.87634432 0.23373926
vt 0.21320605 0.36439896
vt 0.91056490 0.31017119
vt 0.07432281 0.30883116
vt 0.81752747 0.24566662
vt 0.91546434 0.84405041
vt 0.76971453 0.12909269
vt 0.90598273 0.26499563
vt 0.19270049 0.37304205
vt 0.91162515 0.28746039
vt 0.84053886 0.22842801
vt 0.83077997 0.22596478
vt 0.88747633 0.23533970
vt 0.20183033 0.36921370
vt 0.91136265 0.29754752
vt 0.89253807 0.23551279
vt 0.07929937 0.31180882
vt 0.81665760 0.25153780
vt 0.18318123 0.37801802
vt 0.91234964 0.27650827
vt 0.90105271 0.23932278
vt 0.82077837 0.22347188
vt 0.90823519 0.25331187
vt 0.90723640 0.23926616
vt 0.85739374 0.22456735
vt 0.84386945 0.21900070
vt 0.87995708 0.22097272
vt 0.88864076 0.21915013
vt 0.87459940 0.21868426
vt 0.86085629 0.21560067
vt 0.14485432 0.34071565
vt 0.81112909 0.32520777
vt 0.89187008 0.21979570
vt 0.90133661 0.22932523
vt 0.90192181 0.22150457
vt 0.83176154 0.21389657
vt 0.86396551 0.20722771
vt 0.98677635 0.94365865
vt 0.87569827 0.20914358
vt 0.98627275 0.95598167
vt 0.88204437 0.20741546
vt 0.98316437 0.96201485
vt 0.84402156 0.20550108
vt 0.98861575 0.92298228
vt 0.09945332 0.32215655
vt 0.81318116 0.27457553
vt 0.05092651 0.28856832
vt 0.82004088 0.21414673
vt 0.90309769 0.21448642
vt 0.89982826 0.20287406
vt 0.97407323 0.97879857
vt 0.91120613 0.22315741
vt 0.72267652 0.38453960
vt 0.91896331 0.84027207
vt 0.73019814 0.38867533
vt 0.91971153 0.84905165
vt 0.77559549 0.13199216
vt 0.14693899 0.40321517
vt 0.91566116 0.23185855
vt 0.06633625 0.30188555
vt 0.81765074 0.23485273
vt 0.91231984 0.20793098
vt 0.97495180 0.99278176
vt 0.04574849 0.28236163
vt 0.99278843 0.89844048
vt 0.82011122 0.20592451
vt 0.95252633 0.33972490
vt 0.94679594 0.34416842
vt 0.96034873 0.34269094
vt 0.92073154 0.33847177
vt 0.91985506 0.34255344
vt 0.94559324 0.32870090
vt 0.92007154 0.32784683
vt 0.96008152 0.32853043
vt 0.96451759 0.34129858
vt 0.92029119 0.32257068
vt 0.93778038 0.32378674
vt 0.96725684 0.32844996
vt 0.96071553 0.32279193
vt 0.91500074 0.33939135
vt 0.91595060 0.32485473
vt 0.91625410 0.31693590
vt 0.95071954 0.31611103
vt 0.96747249 0.31829286
vt 0.92538309 0.31366104
vt 0.91977000 0.31378961
vt 0.95963830 0.31168664
vt 0.96368206 0.30352557
vt 0.97011352 0.30711675
vt 0.91714561 0.30489945
vt 0.94410694 0.30244923
vt 0.92551327 0.30308044
vt 0.92083055 0.30029559
vt 0.97385496 0.32859647
vt 0.97330683 0.31824386
vt 0.92722923 0.29869807
vt 0.97029710 0.34335893
vt 0.98105633 0.30547643
vt 0.98001689 0.31789052
vt 0.97420692 0.30144858
vt 0.96813542 0.29690057
vt 0.91839033 0.29658794
vt 0.95638037 0.29169178
vt 0.96864527 0.28827959
vt 0.97855753 0.29232663
vt 0.98349988 0.29670113
vt 0.92343020 0.28704524
vt 0.91882104 0.28835547
vt 0.95485377 0.28682232
vt 0.98279244 0.32026196
vt 0.97905767 0.33133411
vt 0.97867984 0.34320414
vt 0.77325487 0.74060369
vt 0.96720976 0.27676278
vt 0.77899945 0.70205015
vt 0.92860979 0.27495790
vt 0.92025268 0.28062916
vt 0.77159959 0.75535363
vt 0.98185188 0.27858686
vt 0.77214491 0.74844193
vt 0.97506291 0.27743268
vt 0.73211122 0.15213895
vt 0.91520250 0.31518179
vt 0.98717147 0.28190613
vt 0.98575824 0.28874218
vt 0.98564065 0.31318110
vt 0.96474129 0.34566540
vt 0.91458416 0.34975719
vt 0.91896743 0.35125673
vt 0.94666719 0.35464042
vt 0.96185011 0.35797524
vt 0.96519285 0.35673678
vt 0.91779333 0.35838699
vt 0.97087663 0.35294330
vt 0.94308251 0.35945314
vt 0.91409349 0.36247677
vt 0.96911073 0.36017585
vt 0.98415607 0.33099818
vt 0.97795713 0.35212016
vt 0.73352599 0.15509224
vt 0.91438979 0.31829834
vt 0.98346019 0.34406340
vt 0.98829544 0.30369425
vt 0.73427081 0.18789744
vt 0.91286612 0.35118806
vt 0.95244092 0.37233508
vt 0.94055939 0.37389469
vt 0.91874391 0.36833733
vt 0.91371822 0.37077069
vt 0.96151334 0.37338126
vt 0.98034877 0.35939586
vt 0.96474016 0.37190247
vt 0.73178685 0.20168340
vt 0.91272348 0.36526674
vt 0.91848153 0.37438798
vt 0.96491694 0.37833440
vt 0.95101517 0.38115036
vt 0.97063422 0.37227756
vt 0.97050458 0.36587018
vt 0.97671843 0.36603224
vt 0.98040193 0.37529671
vt 0.98320585 0.36905801
vt 0.96067363 0.38204348
vt 0.91350073 0.37677956
vt 0.98344237 0.35684967
vt 0.93235403 0.38456565
vt 0.98823547 0.31966567
vt 0.97097659 0.38324749
vt 0.91779673 0.38439023
vt 0.96471941 0.38819337
vt 0.91370481 0.38505232
vt 0.97872657 0.38714993
vt 0.95034462 0.38902801
vt 0.96136743 0.39614856
vt 0.72881490 0.21466547
vt 0.91220236 0.37866843
vt 0.72616559 0.22250843
vt 0.91205788 0.38699174
vt 0.98872858 0.29264891
vt 0.99222904 0.33046460
vt 0.98769188 0.34469688
vt 0.99155992 0.34487295
vt 0.99010479 0.35924518
vt 0.99024177 0.37070000
vt 0.96717864 0.39506376
vt 0.98206753 0.38233280
vt 0.99480319 0.32032466
vt 0.99339962 0.31498802
vt 0.91329533 0.39302433
vt 0.91764241 0.39837825
vt 0.95257711 0.39894474
vt 0.93255830 0.39956534
vt 0.97766888 0.39630222
vt 0.98539889 0.37642241
vt 0.91347206 0.40089315
vt 0.99489772 0.29901183
vt 0.96180874 0.40204287
vt 0.96752113 0.40176725
vt 0.03039719 0.22091866
vt 0.77751541 0.77674192
vt 0.99951923 0.29103792
vt 0.02163462 0.18366253
vt 0.99587518 0.33033448
vt 0.73316503 0.19998395
vt 0.91200560 0.36325455
vt 0.72251910 0.23145843
vt 0.91187847 0.39672482
vt 0.71692312 0.24023074
vt 0.91318035 0.40722287
vt 0.91802514 0.41148847
vt 0.93193847 0.41180849
vt 0.94834256 0.41198534
vt 0.96702605 0.40931523
vt 0.96423954 0.41208702
vt 0.98121929 0.39246821
vt 0.97706628 0.40307546
vt 0.71416926 0.24633145
vt 0.91210842 0.41394508
vt 0.98115367 0.39951456
vt 0.98942333 0.38465142
vt 0.98958331 0.39261997
vt 0.96471506 0.42295361
vt 0.96951997 0.41361630
vt 0.96934849 0.42227399
vt 0.97735703 0.40814412
vt 0.97807324 0.41618526
vt 0.98190320 0.41463697
vt 0.98254782 0.40620840
vt 0.71947128 0.23787731
vt 0.91180426 0.40394855
vt 0.95072496 0.42274702
vt 0.93281317 0.42245650
vt 0.91351187 0.41854995
vt 0.70837921 0.25546801
vt 0.91219157 0.42493343
vt 0.91806984 0.42331743
vt 0.96237332 0.42941713
vt 0.94645089 0.42913795
vt 0.97960329 0.42637718
vt 0.96698856 0.43057358
vt 0.99064869 0.40129173
vt 0.98960876 0.41500229
vt 0.91859221 0.42955554
vt 0.91365588 0.42931902
vt 0.98074120 0.43636954
vt 0.96763480 0.43628007
vt 0.98418754 0.42349678
vt 0.98270464 0.43258333
vt 0.72150248 0.23606503
vt 0.91105771 0.40133202
vt 0.95515001 0.43528050
vt 0.96340883 0.43811631
vt 0.93660629 0.43429077
vt 0.02789563 0.13128942
vt 0.99371195 0.38530850
vt 0.03211319 0.11954767
vt 0.99344683 0.39831483
vt 0.96540034 0.44589573
vt 0.91382563 0.43617010
vt 0.70641726 0.26011157
vt 0.91156536 0.42993176
vt 0.97087961 0.44569862
vt 0.97980052 0.44474423
vt 0.99037498 0.42931020
vt 0.99330682 0.42609358
vt 0.99348450 0.40771818
vt 0.91807848 0.43723166
vt 0.94204265 0.44566584
vt 0.91407478 0.44449604
vt 0.91778159 0.44448394
vt 0.91837025 0.45369506
vt 0.91430670 0.45325470
vt 0.96827155 0.45692837
vt 0.98319000 0.44373345
vt 0.99087793 0.43778682
vt 0.99350184 0.41788566
vt 0.94630736 0.45457768
vt 0.96384335 0.45397866
vt 0.96644557 0.46214998
vt 0.97870904 0.45625150
vt 0.70113534 0.26544499
vt 0.91225117 0.43746889
vt 0.68678910 0.28043079
vt 0.91303933 0.45852345
vt 0.91850770 0.46256977
vt 0.94674563 0.46108973
vt 0.91456890 0.46180987
vt 0.98358089 0.45420933
vt 0.98395342 0.46095216
vt 0.97939342 0.46396482
vt 0.99384904 0.43402100
vt 0.71021354 0.25339019
vt 0.91186363 0.42215741
vt 0.11530136 0.84602141
vt 0.97243816 0.47016448
vt 0.98190510 0.47140205
vt 0.98467875 0.46919179
vt 0.94331759 0.46695447
vt 0.68210483 0.28482634
vt 0.91319829 0.46504194
vt 0.98648340 0.44931948
vt 0.99179488 0.45615351
vt 0.99403226 0.44336808
vt 0.99255866 0.44956994
vt 0.67712206 0.28745329
vt 0.11009616 0.78789294
vt 0.91485679 0.47070765
vt 0.11253462 0.79218537
vt 0.91929519 0.47276902
vt 0.11558675 0.83645380
vt 0.96297145 0.47164178
vt 0.98829275 0.46263188
vt 0.99240559 0.46753347
vt 0.99537814 0.46313888
vt 0.12476595 0.85322011
vt 0.98101962 0.47872537
vt 0.98542619 0.47779059
vt 0.06165869 0.07741129
vt 0.99657488 0.45164382
vt 0.67904896 0.28764749
vt 0.91320103 0.46927297
vt 0.13504295 0.85468966
vt 0.98431087 0.48901379
vt 0.99359697 0.47512221
vt 0.99274021 0.47906852
vt 0.07445399 0.06196332
vt 0.99592990 0.47236162
vt 0.99393672 0.48757827
vt 0.13562995 0.86447567
vt 0.04937204 0.09644252
vt 0.99775368 0.42804193
vt 0.04087395 0.11097199
vt 0.99761659 0.41040719
vt 0.05548279 0.46766645
vt 0.04341895 0.46488541
vt 0.03116393 0.46831262
vt 0.04478270 0.47374964
vt 0.04953976 0.48139358
vt 0.03167546 0.47988808
vt 0.05867890 0.48102510
vt 0.06208452 0.46761680
vt 0.01658983 0.48135734
vt 0.01605444 0.46721649
vt 0.00905134 0.46817732
vt 0.00921252 0.48000741
vt 0.03270957 0.48811954
vt 0.05792962 0.48876190
vt 0.04570133 0.49293393
vt 0.00911258 0.48732448
vt 0.07139139 0.47993720
vt 0.06996246 0.46750033
vt 0.06942014 0.48543590
vt 0.01469524 0.49530911
vt 0.05706375 0.49395955
vt 0.00936016 0.49924338
vt 0.03077377 0.49751079
vt 0.04625773 0.50429881
vt 0.07126714 0.49327874
vt 0.01556607 0.15894556
vt 0.00785457 0.48238337
vt 0.01368313 0.50829035
vt 0.00944954 0.50643831
vt 0.01867787 0.14060086
vt 0.00815890 0.50115728
vt 0.06012020 0.50667387
vt 0.05524237 0.50889367
vt 0.07013332 0.50413686
vt 0.04523043 0.50920212
vt 0.01452777 0.51286900
vt 0.00967067 0.51221424
vt 0.01731455 0.14268774
vt 0.00758797 0.49877822
vt 0.07410892 0.48901200
vt 0.03246526 0.52260059
vt 0.04824583 0.52316535
vt 0.01020323 0.52089769
vt 0.02480211 0.11993366
vt 0.00875111 0.52306026
vt 0.06069551 0.51456261
vt 0.06035230 0.52443212
vt 0.07391477 0.50168359
vt 0.01043530 0.53005916
vt 0.03163499 0.52986193
vt 0.04678448 0.53286272
vt 0.05841784 0.53260499
vt 0.06767508 0.51941454
vt 0.03284733 0.53538376
vt 0.01072022 0.53720164
vt 0.02169790 0.12844360
vt 0.00844937 0.51381707
vt 0.06306490 0.53234094
vt 0.07356563 0.51006377
vt 0.07269660 0.51932192
vt 0.07333904 0.46760619
vt 0.05857080 0.54053169
vt 0.04724548 0.54148138
vt 0.06336517 0.53897434
vt 0.07304993 0.52622402
vt 0.03228297 0.54403973
vt 0.01136487 0.54385561
vt 0.07390576 0.53352988
vt 0.07762580 0.49478900
vt 0.02776073 0.11118233
vt 0.00880000 0.53246504
vt 0.03064748 0.10503989
vt 0.00912898 0.53936213
vt 0.05548492 0.45475042
vt 0.03135435 0.45398283
vt 0.01469973 0.45761859
vt 0.00922303 0.45922947
vt 0.06883591 0.45460463
vt 0.07297158 0.45613599
vt 0.01618660 0.45073318
vt 0.01551027 0.18560433
vt 0.00779243 0.45527071
vt 0.07680468 0.48090875
vt 0.05133852 0.44536173
vt 0.03008412 0.44495904
vt 0.00931540 0.44497037
vt 0.05880634 0.44503939
vt 0.06949286 0.44678652
vt 0.01588874 0.44351792
vt 0.00954510 0.43622762
vt 0.07424226 0.44883549
vt 0.07732505 0.50867182
vt 0.07211395 0.44402033
vt 0.05146786 0.43668675
vt 0.02772218 0.43476307
vt 0.01432301 0.43414605
vt 0.06212891 0.43627781
vt 0.07700440 0.45674944
vt 0.08024559 0.46838939
vt 0.07059944 0.43143702
vt 0.07685561 0.52153575
vt 0.07962062 0.52901840
vt 0.08027256 0.48917425
vt 0.07434185 0.43557477
vt 0.05995386 0.42920291
vt 0.05144342 0.42958283
vt 0.00984374 0.42718458
vt 0.01362801 0.42672229
vt 0.06073020 0.54473299
vt 0.04390035 0.54598820
vt 0.07762872 0.44255203
vt 0.08395987 0.47891808
vt 0.08146586 0.50596547
vt 0.03985597 0.55304456
vt 0.05570151 0.55147916
vt 0.07625906 0.53836900
vt 0.08181468 0.53376245
vt 0.06617558 0.54388529
vt 0.08111265 0.51915455
vt 0.05921169 0.42097545
vt 0.04673837 0.42022979
vt 0.02310372 0.41886568
vt 0.01018263 0.41874158
vt 0.07089989 0.42003381
vt 0.01837682 0.20712328
vt 0.00803016 0.43335485
vt 0.08150409 0.45241272
vt 0.07438134 0.42760825
vt 0.07423424 0.41719294
vt 0.72120857 0.17019677
vt 0.08502179 0.46805191
vt 0.08444996 0.49368465
vt 0.03229847 0.10017341
vt 0.00896361 0.54447758
vt 0.04509743 0.08460093
vt 0.01168934 0.56488132
vt 0.04570657 0.56129259
vt 0.06393006 0.55167824
vt 0.07628061 0.54564798
vt 0.05956008 0.56475806
vt 0.05113712 0.56699890
vt 0.08588128 0.52517039
vt 0.08542708 0.51373482
vt 0.08523775 0.50367886
vt 0.06541418 0.56008452
vt 0.06614470 0.56772792
vt 0.01640098 0.56642348
vt 0.07718837 0.55550504
vt 0.07315724 0.56152838
vt 0.07868454 0.56306380
vt 0.05236264 0.07627547
vt 0.01267854 0.57622552
vt 0.03905702 0.57631767
vt 0.01739595 0.58015949
vt 0.05478518 0.57613885
vt 0.06341635 0.57953429
vt 0.04521867 0.58264393
vt 0.07622804 0.57145172
vt 0.07152373 0.57709479
vt 0.08238780 0.54247850
vt 0.08201262 0.55539179
vt 0.05608089 0.58864242
vt 0.07928746 0.58034426
vt 0.08190789 0.56999362
vt 0.07273829 0.58777368
vt 0.06347296 0.59092945
vt 0.04313248 0.59158939
vt 0.01810838 0.59567440
vt 0.05864431 0.60025388
vt 0.04386411 0.59797776
vt 0.08612332 0.53544354
vt 0.06749408 0.59946883
vt 0.07007797 0.05832124
vt 0.01445453 0.60205764
vt 0.07921503 0.59578651
vt 0.08645088 0.54843122
vt 0.07758462 0.60108942
vt 0.08353160 0.57944089
vt 0.08658027 0.54220074
vt 0.04427208 0.60351551
vt 0.02766054 0.60484153
vt 0.01732535 0.60720402
vt 0.09620350 0.74350715
vt 0.06489497 0.60821277
vt 0.09418133 0.69722641
vt 0.01984194 0.61329544
vt 0.08744200 0.56510258
vt 0.08757757 0.55779308
vt 0.08791015 0.57361597
vt 0.08369555 0.58699179
vt 0.08352299 0.59694541
vt 0.67519569 0.27199459
vt 0.07932692 0.77482647
vt 0.08950166 0.58459115
vt 0.01992892 0.21487272
vt 0.00786401 0.42550623
vt 0.09512736 0.77167040
vt 0.09122434 0.60088623
vt 0.69032067 0.24759519
vt 0.09158532 0.55514139
vt 0.08310191 0.44040501
vt 0.07899676 0.43335462
vt 0.67887264 0.26203376
vt 0.09278846 0.57422316
vt 0.07111545 0.41448069
vt 0.05940748 0.40919894
vt 0.04816795 0.41037232
vt 0.02960059 0.40780848
vt 0.01040540 0.40956509
vt 0.07283624 0.40896153
vt 0.71855962 0.15484440
vt 0.08679842 0.45194221
vt 0.07788985 0.42237210
vt 0.08124620 0.42238224
vt 0.01054080 0.40321350
vt 0.04979882 0.40499485
vt 0.06040138 0.39421135
vt 0.05035609 0.39634442
vt 0.07192438 0.40098441
vt 0.07156014 0.39439344
vt 0.71639323 0.13720167
vt 0.08538725 0.43387640
vt 0.01505336 0.40004599
vt 0.01089050 0.39666665
vt 0.01070646 0.39214045
vt 0.04553687 0.39250141
vt 0.02717798 0.23119235
vt 0.00865237 0.40749425
vt 0.07620285 0.41148674
vt 0.07481135 0.40337974
vt 0.07460261 0.39676654
vt 0.07932496 0.40824926
vt 0.07380552 0.38931674
vt 0.03285049 0.24184024
vt 0.00915598 0.39532459
vt 0.05343658 0.38511187
vt 0.06234662 0.38253069
vt 0.05788517 0.37979865
vt 0.04189954 0.38057005
vt 0.01112968 0.38554609
vt 0.03577073 0.24667209
vt 0.00927447 0.38958192
vt 0.01133383 0.38012928
vt 0.07798046 0.39826512
vt 0.07204629 0.37606061
vt 0.03935519 0.25321358
vt 0.00934499 0.38199222
vt 0.07531207 0.38477093
vt 0.07550173 0.37958324
vt 0.07689743 0.39024329
vt 0.06403299 0.37431145
vt 0.05379645 0.37248373
vt 0.08234058 0.40267766
vt 0.04206699 0.37136722
vt 0.01486976 0.36981177
vt 0.01135474 0.37491798
vt 0.04315479 0.26020396
vt 0.00919890 0.37399721
vt 0.01151284 0.36989176
vt 0.01150205 0.36332691
vt 0.07586754 0.37196332
vt 0.76715004 0.83393407
vt 0.05708298 0.36538166
vt 0.76861167 0.81699872
vt 0.04048583 0.36480188
vt 0.07858863 0.38425088
vt 0.08318742 0.39023399
vt 0.07799603 0.37458432
vt 0.08263937 0.37990248
vt 0.08013079 0.36825728
vt 0.76615578 0.85794532
vt 0.86046273 0.93503976
vt 0.87158644 0.93129897
vt 0.87182450 0.94181734
vt 0.86050415 0.94240886
vt 0.86115557 0.92388070
vt 0.87195176 0.91982877
vt 0.86086601 0.90524560
vt 0.87243885 0.90361094
vt 0.84971815 0.92215127
vt 0.84862047 0.90983659
vt 0.84896767 0.93347502
vt 0.84939939 0.94115722
vt 0.84859085 0.89967328
vt 0.85991949 0.89672232
vt 0.87209994 0.89641172
vt 0.83785945 0.92014092
vt 0.83694255 0.91229135
vt 0.83808428 0.89698249
vt 0.83690834 0.93547624
vt 0.85882825 0.94997096
vt 0.85020608 0.95129460
vt 0.84694213 0.89423430
vt 0.85563231 0.89422685
vt 0.83760005 0.94337338
vt 0.87211013 0.95123947
vt 0.83176994 0.89635426
vt 0.82435751 0.92646176
vt 0.82413077 0.91409326
vt 0.82369363 0.89727229
vt 0.82434857 0.93518627
vt 0.82363594 0.94367462
vt 0.83633024 0.95336676
vt 0.82434410 0.95307064
vt 0.85957128 0.95459461
vt 0.83791721 0.95771974
vt 0.84857333 0.96335727
vt 0.81460714 0.94043654
vt 0.81071591 0.92806828
vt 0.81424552 0.91544187
vt 0.81019133 0.90157032
vt 0.82531536 0.89455295
vt 0.81308568 0.95239413
vt 0.80871081 0.95114952
vt 0.80427897 0.94031346
vt 0.83044827 0.95619428
vt 0.80652690 0.89614099
vt 0.80082470 0.91582203
vt 0.80077475 0.93487066
vt 0.79842728 0.89939737
vt 0.79996002 0.94300878
vt 0.79966533 0.95148939
vt 0.82327622 0.95948333
vt 0.81998861 0.95453668
vt 0.81424046 0.96071851
vt 0.80721426 0.95992410
vt 0.79923487 0.96077806
vt 0.86006290 0.96133107
vt 0.78653777 0.91802448
vt 0.78839082 0.92806244
vt 0.78580928 0.90757132
vt 0.78533810 0.89902663
vt 0.00462643 0.13763165
vt 0.83513504 0.89353478
vt 0.84296113 0.96448535
vt 0.84764838 0.97396559
vt 0.82244843 0.96776015
vt 0.81199610 0.96814084
vt 0.83532548 0.96730191
vt 0.84131050 0.97719860
vt 0.83158416 0.97672540
vt 0.82341236 0.97398019
vt 0.80424613 0.96956336
vt 0.86026716 0.96719450
vt 0.85271227 0.97154629
vt 0.87238938 0.95924103
vt 0.78719884 0.94157195
vt 0.78845626 0.95059282
vt 0.78731245 0.95496207
vt 0.79563135 0.89599442
vt 0.79830402 0.96932495
vt 0.82234097 0.97899896
vt 0.81386954 0.97879738
vt 0.83622593 0.97994608
vt 0.87217540 0.96729261
vt 0.84741253 0.97980475
vt 0.00079663 0.16339731
vt 0.86130202 0.89297801
vt 0.88444668 0.93391716
vt 0.88435972 0.92011750
vt 0.88479823 0.90861875
vt 0.88475752 0.94175458
vt 0.88475680 0.95298159
vt 0.88595009 0.89922410
vt 0.88489741 0.96363735
vt 0.86071038 0.97342694
vt 0.87246233 0.97259438
vt 0.89566481 0.92330647
vt 0.88783437 0.89413869
vt 0.89530641 0.93609017
vt 0.89557672 0.90876138
vt 0.89454979 0.94503528
vt 0.89738661 0.89637560
vt 0.89533800 0.95454490
vt 0.89479697 0.96110505
vt 0.85231429 0.97922289
vt 0.88541824 0.97110915
vt 0.80074847 0.97314733
vt 0.02318903 0.08993751
vt 0.78373104 0.89630705
vt 0.79347318 0.96541369
vt 0.78642714 0.96752840
vt 0.84157407 0.98297518
vt 0.77482176 0.90029567
vt 0.02732558 0.08362389
vt 0.77610230 0.89704800
vt 0.77505529 0.93101972
vt 0.77407211 0.94458783
vt 0.77173799 0.91917557
vt 0.77426142 0.95212841
vt 0.77546787 0.95655125
vt 0.76769620 0.90666133
vt 0.77831155 0.96636975
vt 0.78557450 0.97193015
vt 0.80207026 0.98185289
vt 0.83137941 0.98327458
vt 0.76275027 0.93528724
vt 0.76564825 0.89885533
vt 0.81666422 0.98177618
vt 0.75706446 0.91704386
vt 0.75618303 0.90503365
vt 0.75670433 0.92731577
vt 0.75892252 0.89951092
vt 0.75929654 0.94944674
vt 0.75831378 0.94006157
vt 0.77285612 0.96808451
vt 0.76024288 0.95547378
vt 0.82183599 0.98621160
vt 0.79557520 0.98036796
vt 0.78667712 0.98087364
vt 0.01372244 0.11105049
vt 0.80692422 0.89402419
vt 0.87245470 0.98076946
vt 0.04170955 0.06509829
vt 0.73317307 0.87651563
vt 0.75250173 0.89966720
vt 0.81194532 0.98956609
vt 0.89393747 0.96902001
vt 0.90358883 0.91174030
vt 0.83474672 0.98881131
vt 0.88491613 0.97908521
vt 0.90681046 0.95452309
vt 0.90770894 0.94229120
vt 0.90786129 0.92409503
vt 0.90828282 0.93356735
vt 0.90951580 0.89673901
vt 0.91021580 0.91392148
vt 0.86091763 0.98811871
vt 0.87226707 0.98821044
vt 0.88481104 0.98632020
vt 0.89482635 0.97693992
vt 0.90814233 0.96364057
vt 0.90621072 0.96843839
vt 0.84816426 0.98536277
vt 0.79916161 0.98677349
vt 0.00765046 0.12805420
vt 0.82502329 0.89324445
vt 0.91974807 0.95026875
vt 0.91980368 0.94368094
vt 0.91964239 0.93460512
vt 0.92050523 0.92123526
vt 0.92091405 0.91211957
vt 0.92154706 0.90208304
vt 0.90524542 0.97613907
vt 0.91083205 0.97424358
vt 0.91893417 0.95618546
vt 0.92096239 0.96320647
vt 0.92131621 0.97504652
vt 0.89518017 0.98271501
vt 0.92001253 0.89512640
vt 0.84813833 0.99116021
vt 0.09480949 0.52464664
vt 0.86097264 0.99280685
vt 0.92955214 0.95461309
vt 0.93010753 0.96199661
vt 0.93042624 0.94669455
vt 0.93141240 0.93722814
vt 0.91051656 0.98198253
vt 0.89556158 0.98865348
vt 0.88502365 0.99176753
vt 0.82102120 0.99347854
vt 0.80125284 0.99048835
vt 0.92714137 0.89552444
vt 0.92155915 0.98058355
vt 0.93302870 0.91951668
vt 0.93338883 0.90336370
vt 0.93478650 0.89591914
vt 0.93011940 0.96871698
vt 0.09471154 0.51282728
vt 0.87273902 0.99302256
vt 0.90812832 0.98806757
vt 0.83438027 0.99226499
vt 0.77914369 0.98013377
vt 0.76964134 0.97815830
vt 0.78556627 0.98609257
vt 0.80812812 0.99404866
vt 0.76777309 0.97138602
vt 0.93084890 0.97816837
vt 0.94444555 0.95358294
vt 0.89803606 0.99221963
vt 0.94355029 0.95710343
vt 0.94453794 0.94645023
vt 0.94512081 0.93827373
vt 0.94526476 0.92462325
vt 0.94336033 0.96480584
vt 0.92178982 0.98823035
vt 0.94692600 0.91556180
vt 0.94666398 0.90023965
vt 0.94304162 0.97690940
vt 0.94372815 0.89586830
vt 0.91143811 0.99304944
vt 0.01987429 0.09687459
vt 0.79141557 0.89536369
vt 0.93337262 0.98861837
vt 0.10305034 0.46427143
vt 0.92169613 0.99376136
vt 0.75941271 0.97173083
vt 0.79119200 0.99212736
vt 0.94126195 0.98157310
vt 0.77203536 0.98421550
vt 0.78013319 0.98900044
vt 0.75190014 0.97226334
vt 0.74542356 0.96533322
vt 0.71643096 0.93199652
vt 0.74468225 0.95669895
vt 0.71563625 0.92682922
vt 0.74283588 0.95174158
vt 0.74363160 0.93992645
vt 0.71799552 0.90588444
vt 0.74152637 0.93076015
vt 0.74710202 0.90235001
vt 0.74248695 0.91485810
vt 0.75870323 0.98311585
vt 0.11295317 0.58663017
vt 0.79641193 0.99567956
vt 0.71306497 0.89693576
vt 0.73524588 0.92262185
vt 0.70886391 0.93379366
vt 0.73761737 0.96028697
vt 0.75161237 0.98430842
vt 0.70823491 0.91030228
vt 0.73248041 0.93687278
vt 0.70401543 0.95429206
vt 0.73810065 0.98162955
vt 0.77443588 0.99342048
vt 0.76717508 0.99385840
vt 0.75706047 0.99000043
vt 0.74640834 0.99034244
vt 0.03266270 0.07740110
vt 0.76778233 0.89711201
vt 0.10678745 0.56584281
vt 0.81804520 0.99778086
vt 0.12370918 0.60095352
vt 0.77837849 0.99805981
vt 0.71018243 0.97342783
vt 0.14000326 0.62450051
vt 0.74967116 0.99785602
vt 0.70655978 0.96989632
vt 0.74503684 0.99569654
vt 0.10183848 0.48128057
vt 0.90496296 0.99670815
vt 0.93381238 0.99419421
vt 0.11065439 0.57460690
vt 0.80842048 0.99852222
vt 0.94792229 0.96546978
vt 0.13376223 0.61650491
vt 0.75980991 0.99755609
vt 0.94486016 0.98637211
vt 0.95660049 0.96897173
vt 0.95873624 0.95822775
vt 0.95824647 0.92854089
vt 0.95993787 0.91765904
vt 0.01114608 0.22692662
vt 0.92650312 0.89364284
vt 0.95933765 0.94862068
vt 0.95870543 0.93969715
vt 0.95501059 0.89766192
vt 0.96173847 0.90106535
vt 0.95938599 0.97864175
vt 0.95312083 0.98166817
vt 0.94840741 0.99195123
vt 0.11300361 0.44223601
vt 0.94535935 0.99525261
vt 0.00242948 0.18784177
vt 0.88604879 0.89171690
vt 0.96439344 0.96729213
vt 0.95889151 0.98442197
vt 0.97179365 0.94195807
vt 0.97272480 0.92996442
vt 0.97357261 0.91703880
vt 0.97433591 0.90133536
vt 0.96669662 0.89747989
vt 0.97316611 0.95144355
vt 0.97316480 0.95781660
vt 0.88944066 0.20166832
vt 0.97580594 0.96804094
vt 0.89290065 0.20204419
vt 0.97524041 0.97164071
vt 0.97804332 0.90744275
vt 0.96807235 0.98250538
vt 0.01603618 0.23789752
vt 0.93862903 0.89423949
vt 0.98052895 0.89867473
vt 0.96033674 0.99164659
vt 0.82900864 0.20497727
vt 0.99051702 0.90748060
vt 0.82175732 0.20550281
vt 0.99213940 0.90008777
vt 0.90444642 0.20486844
vt 0.97460091 0.98399758
vt 0.11890139 0.43551511
vt 0.95407802 0.99739736
vt 0.93712741 0.07494044
vt 0.93820059 0.06711197
vt 0.95092660 0.07001680
vt 0.95018595 0.07926750
vt 0.93682814 0.08516973
vt 0.94874847 0.08830106
vt 0.95211935 0.05922246
vt 0.93876082 0.05678928
vt 0.94007945 0.04551482
vt 0.95328689 0.04706144
vt 0.95422268 0.03553361
vt 0.94164014 0.03217959
vt 0.96406996 0.04539883
vt 0.96337140 0.05663413
vt 0.96447963 0.03482240
vt 0.96174330 0.07041174
vt 0.96087497 0.07976115
vt 0.95861137 0.08899069
vt 0.95419675 0.02948141
vt 0.92829746 0.05889225
vt 0.92848885 0.04400384
vt 0.92999530 0.03090578
vt 0.92672044 0.07447743
vt 0.92610884 0.06405944
vt 0.94187212 0.02721083
vt 0.92454976 0.08530873
vt 0.91665256 0.04683846
vt 0.91622072 0.05783206
vt 0.91924834 0.03889877
vt 0.91579914 0.06719291
vt 0.91741222 0.03004509
vt 0.91536701 0.08266521
vt 0.91395748 0.07250142
vt 0.92995322 0.02631003
vt 0.93578023 0.09370571
vt 0.94862527 0.09857106
vt 0.92388552 0.09465742
vt 0.91408175 0.08694816
vt 0.91276515 0.09496391
vt 0.93490201 0.09881324
vt 0.74521297 0.19883627
vt 0.92031676 0.02434123
vt 0.91701370 0.02570224
vt 0.90637833 0.08326644
vt 0.90361416 0.04961771
vt 0.90295702 0.05964381
vt 0.90371728 0.07166296
vt 0.90201843 0.08312094
vt 0.90491074 0.09504080
vt 0.90405530 0.04199326
vt 0.90429288 0.02987432
vt 0.92329144 0.10096860
vt 0.91272914 0.09947759
vt 0.90404910 0.02441931
vt 0.89483356 0.07260317
vt 0.89127570 0.06098491
vt 0.89977837 0.09601545
vt 0.88994205 0.08185583
vt 0.88902861 0.09422308
vt 0.89209819 0.05019838
vt 0.89333588 0.03056842
vt 0.88968509 0.07298726
vt 0.89909559 0.10232681
vt 0.94711059 0.10549706
vt 0.92211413 0.10993105
vt 0.91187131 0.10869431
vt 0.89886552 0.10852903
vt 0.93431878 0.10891807
vt 0.95909142 0.10181779
vt 0.87945378 0.06855953
vt 0.88228738 0.08147264
vt 0.87936360 0.04324782
vt 0.87881386 0.05818200
vt 0.88018900 0.02784312
vt 0.73549366 0.23162794
vt 0.88594967 0.02271456
vt 0.87760085 0.08181787
vt 0.87833029 0.09435248
vt 0.88714653 0.10456055
vt 0.88699907 0.10796404
vt 0.94657511 0.11311615
vt 0.96860379 0.03009814
vt 0.97295141 0.08022499
vt 0.97153592 0.08970731
vt 0.97052133 0.09989733
vt 0.95817196 0.11346424
vt 0.97543311 0.06269020
vt 0.97489047 0.06872129
vt 0.97546983 0.05127037
vt 0.97826648 0.03778398
vt 0.97915405 0.03155249
vt 0.74643713 0.16781294
vt 0.95142949 0.02619541
vt 0.93409961 0.11351609
vt 0.97022343 0.10773176
vt 0.97245133 0.10354793
vt 0.05664244 0.82502753
vt 0.98456091 0.08566952
vt 0.04962407 0.82578516
vt 0.98657095 0.07863247
vt 0.03817211 0.82352036
vt 0.98621041 0.06653464
vt 0.07669193 0.82793564
vt 0.98292524 0.10658550
vt 0.73918498 0.13010317
vt 0.00336967 0.82276392
vt 0.98990387 0.03060675
vt 0.94551671 0.12064123
vt 0.93276209 0.12066925
vt 0.92103994 0.11786377
vt 0.91145360 0.11050761
vt 0.87584096 0.02394539
vt 0.87738705 0.10737193
vt 0.86755335 0.07038963
vt 0.86543757 0.08091474
vt 0.86861402 0.03554714
vt 0.86871481 0.02807105
vt 0.73289371 0.23701668
vt 0.87996542 0.02235937
vt 0.86750579 0.04640836
vt 0.86659700 0.05737001
vt 0.86373490 0.09498578
vt 0.86498255 0.08722806
vt 0.87175953 0.10727417
vt 0.91031975 0.12235570
vt 0.89734381 0.11767179
vt 0.90367699 0.12306261
vt 0.88513476 0.11485362
vt 0.72694248 0.24856281
vt 0.86690629 0.02234024
vt 0.92052096 0.12390387
vt 0.86167353 0.10731542
vt 0.85764909 0.03763407
vt 0.85256022 0.05940890
vt 0.85256630 0.07076609
vt 0.85204732 0.04589802
vt 0.85882956 0.08096969
vt 0.85658652 0.02723765
vt 0.72408676 0.25289750
vt 0.86166888 0.02208048
vt 0.85212016 0.08183479
vt 0.72983855 0.24285007
vt 0.87334722 0.02213246
vt 0.84955406 0.02879512
vt 0.84900743 0.09470654
vt 0.84146291 0.03764254
vt 0.89247918 0.12257296
vt 0.88345289 0.12178493
vt 0.87393618 0.11749393
vt 0.84704751 0.10502225
vt 0.85365885 0.10822290
vt 0.83867037 0.05765170
vt 0.83731818 0.04535156
vt 0.83752686 0.07085127
vt 0.84130549 0.08256543
vt 0.84059274 0.09320176
vt 0.83897239 0.02768290
vt 0.71577203 0.26476264
vt 0.84701502 0.02211154
vt 0.71021497 0.27196491
vt 0.83782774 0.02227992
vt 0.83642381 0.08247352
vt 0.83474982 0.09376705
vt 0.85960442 0.11483783
vt 0.93181801 0.12578487
vt 0.87261409 0.12183702
vt 0.86267287 0.12226605
vt 0.82955700 0.06034523
vt 0.84220135 0.10866749
vt 0.83256328 0.10822505
vt 0.82907295 0.04511726
vt 0.82976586 0.02853096
vt 0.70527565 0.27735865
vt 0.83043349 0.02233750
vt 0.82298422 0.08341271
vt 0.82461911 0.07150638
vt 0.82499009 0.09441990
vt 0.82226765 0.08864546
vt 0.81813717 0.05946743
vt 0.85650092 0.12170023
vt 0.84506911 0.11659950
vt 0.84890044 0.12228471
vt 0.94442409 0.12713480
vt 0.81987041 0.09442216
vt 0.81638843 0.08476359
vt 0.81665796 0.02948159
vt 0.81569737 0.04163969
vt 0.82419860 0.11004323
vt 0.82045114 0.02401984
vt 0.81705034 0.10953116
vt 0.80839109 0.07312280
vt 0.80944699 0.06083351
vt 0.80778980 0.08476794
vt 0.80772746 0.09511626
vt 0.80845320 0.10988396
vt 0.80540276 0.04305452
vt 0.83005905 0.11658823
vt 0.84045905 0.12239832
vt 0.80669922 0.02777046
vt 0.69290191 0.28973877
vt 0.81274223 0.02268779
vt 0.79830509 0.07123089
vt 0.80298829 0.08511680
vt 0.79999769 0.09667522
vt 0.79931962 0.10826164
vt 0.79743576 0.05778092
vt 0.79794377 0.04420978
vt 0.79215574 0.08538628
vt 0.80684316 0.11322975
vt 0.82410043 0.87978411
vt 0.79094744 0.02949840
vt 0.78743333 0.09777385
vt 0.82947874 0.12347370
vt 0.81729090 0.12360317
vt 0.80969149 0.12402570
vt 0.82188606 0.12405699
vt 0.86385304 0.87243533
vt 0.78761339 0.07119453
vt 0.79478586 0.11248088
vt 0.83684349 0.87755698
vt 0.78985828 0.04282832
vt 0.78452361 0.08610284
vt 0.87769336 0.86748636
vt 0.90157926 0.86327976
vt 0.78491563 0.11042070
vt 0.80081898 0.12423956
vt 0.79046118 0.12322319
vt 0.79262942 0.12558311
vt 0.78042096 0.43325305
vt 0.84320450 0.12687910
vt 0.78697544 0.44239950
vt 0.85455686 0.12670887
vt 0.78023851 0.12635559
vt 0.91549408 0.85501897
vt 0.80862278 0.50357693
vt 0.92013747 0.12885845
vt 0.77084124 0.42256385
vt 0.82881987 0.12771738
vt 0.75658906 0.40816545
vt 0.80846477 0.12874210
vt 0.76292032 0.41425955
vt 0.81727737 0.12823737
vt 0.80855232 0.51422715
vt 0.93074930 0.13060248
vt 0.80849421 0.52806145
vt 0.94459689 0.13199216
vt 0.73820597 0.39395499
vt 0.78520131 0.13082170
vt 0.74420118 0.15075326
vt 0.96871424 0.02785903
vt 0.76270044 0.69256657
vt 0.70918250 0.09618235
vt 0.76087976 0.69005549
vt 0.71474165 0.10819066
vt 0.77360070 0.69258612
vt 0.75698155 0.69058996
vt 0.75350451 0.69477695
vt 0.75218183 0.69107735
vt 0.74611980 0.69375306
vt 0.74611229 0.69056803
vt 0.73578107 0.69304687
vt 0.73865342 0.68910301
vt 0.73349261 0.68905365
vt 0.72870612 0.69174159
vt 0.72692096 0.68878210
vt 0.76312494 0.69946432
vt 0.72086251 0.69643080
vt 0.72106183 0.68922430
vt 0.73268867 0.70007491
vt 0.74522412 0.70327049
vt 0.75193375 0.70133257
vt 0.73360145 0.72209388
vt 0.74888152 0.72680146
vt 0.74722451 0.73796076
vt 0.73040485 0.72548997
vt 0.71823514 0.72214252
vt 0.72949481 0.73800516
vt 0.74256372 0.74385279
vt 0.75912362 0.72622806
vt 0.71571696 0.73516518
vt 0.75920051 0.74156171
vt 0.73141503 0.74443734
vt 0.71390575 0.72058302
vt 0.71356648 0.69838572
vt 0.71407253 0.69098717
vt 0.71428746 0.73927975
vt 0.74749124 0.75104815
vt 0.75789154 0.74892849
vt 0.72460485 0.74950588
vt 0.73208296 0.75360072
vt 0.73945212 0.75431150
vt 0.71510595 0.74961156
vt 0.76484758 0.72867531
vt 0.70357043 0.69498962
vt 0.70184451 0.70989209
vt 0.70443821 0.68984526
vt 0.70008463 0.72351420
vt 0.69908315 0.73654783
vt 0.70808995 0.74551994
vt 0.77470797 0.70128304
vt 0.75386673 0.75506908
vt 0.77378792 0.73046660
vt 0.95724803 0.27517337
vt 0.72433341 0.75490391
vt 0.71484882 0.75307053
vt 0.70802581 0.75167179
vt 0.74822146 0.75609857
vt 0.77932692 0.69404089
vt 0.92076457 0.27369702
vt 0.76246047 0.75429267
vt 0.71707398 0.68788677
vt 0.71316922 0.68733364
vt 0.70825261 0.68682832
vt 0.70358050 0.68605661
vt 0.69606376 0.69027060
vt 0.70121992 0.74804723
vt 0.68773127 0.70977026
vt 0.69293350 0.72542447
vt 0.69312245 0.73718768
vt 0.68480438 0.68955225
vt 0.68225044 0.72399533
vt 0.68154281 0.71300411
vt 0.68129259 0.73395473
vt 0.69273865 0.74741459
vt 0.69831723 0.68665349
vt 0.69327253 0.68604362
vt 0.68240571 0.74224722
vt 0.76548755 0.75951082
vt 0.98749661 0.27359390
vt 0.74309087 0.75913429
vt 0.69703603 0.75247329
vt 0.68436724 0.75038552
vt 0.65898103 0.04446781
vt 0.68976879 0.68487889
vt 0.73791444 0.75945401
vt 0.73260665 0.75888228
vt 0.67968488 0.69296598
vt 0.67684507 0.68597090
vt 0.66832882 0.72585756
vt 0.66851479 0.73356104
vt 0.67000061 0.73839313
vt 0.68267602 0.68535048
vt 0.67535305 0.74868947
vt 0.66840333 0.71013218
vt 0.66887259 0.68849081
vt 0.66703039 0.71951246
vt 0.71115065 0.75726253
vt 0.70380276 0.75628048
vt 0.67026615 0.68519014
vt 0.65560472 0.71070081
vt 0.65630591 0.68820536
vt 0.65481001 0.72251207
vt 0.66421181 0.74607795
vt 0.65652579 0.73384726
vt 0.66372705 0.68490314
vt 0.65745866 0.68445861
vt 0.65706623 0.73836237
vt 0.65157175 0.72734302
vt 0.72218710 0.75883186
vt 0.65150011 0.68332481
vt 0.66959572 0.75175977
vt 0.69320124 0.75645566
vt 0.68352026 0.75537032
vt 0.67435354 0.75484830
vt 0.64822036 0.68778110
vt 0.64812702 0.71559030
vt 0.66138399 0.75032657
vt 0.65037572 0.74791384
vt 0.64500195 0.73566312
vt 0.64427650 0.74634087
vt 0.75713342 0.76137787
vt 0.75156492 0.76150203
vt 0.76426369 0.76335990
vt 0.64404827 0.75230986
vt 0.65393996 0.75309169
vt 0.66759264 0.75541371
vt 0.65798610 0.75627339
vt 0.69834930 0.08182770
vt 0.74329787 0.68884313
vt 0.64400893 0.03505540
vt 0.67228574 0.68349487
vt 0.64985347 0.03802347
vt 0.67877418 0.68367666
vt 0.77089208 0.76562798
vt 0.99161893 0.28075755
vt 0.71709067 0.76531088
vt 0.73164797 0.76878488
vt 0.72377676 0.76916033
vt 0.68934262 0.76336384
vt 0.70205349 0.76399171
vt 0.62607718 0.02617818
vt 0.65248913 0.68243074
vt 0.64392650 0.75533122
vt 0.73879927 0.77000946
vt 0.74613839 0.76835209
vt 0.75908113 0.76922631
vt 0.67947137 0.76302606
vt 0.07247039 0.27728581
vt 0.70761925 0.76805717
vt 0.66480172 0.75878316
vt 0.77118450 0.77103722
vt 0.99658024 0.28288352
vt 0.66882873 0.05110288
vt 0.70148557 0.68525976
vt 0.71710366 0.76871628
vt 0.08811957 0.28914487
vt 0.68782002 0.76686329
vt 0.74677920 0.77152109
vt 0.03930182 0.23927093
vt 0.75755650 0.77277792
vt 0.13022165 0.31045198
vt 0.64004856 0.76448762
vt 0.63691133 0.76019502
vt 0.03344413 0.22934759
vt 0.76893532 0.77436274
vt 0.73140872 0.77117342
vt 0.69334221 0.07486284
vt 0.73498559 0.68755347
vt 0.67508817 0.05607808
vt 0.70935518 0.68553483
vt 0.05511158 0.25448835
vt 0.73565793 0.77434540
vt 0.62210017 0.02434832
vt 0.64818972 0.68208057
vt 0.06686491 0.26669824
vt 0.71853006 0.77306527
vt 0.35004699 0.72254241
vt 0.33486652 0.71625924
vt 0.36584094 0.71776330
vt 0.34351358 0.68818170
vt 0.36997333 0.69831604
vt 0.39698938 0.70314324
vt 0.39109746 0.71770567
vt 0.38700223 0.73153001
vt 0.42754924 0.72887260
vt 0.41815931 0.72080249
vt 0.43636701 0.71174604
vt 0.46008182 0.73199922
vt 0.46174687 0.71921945
vt 0.48082125 0.72024429
vt 0.48440874 0.73145115
vt 0.51418388 0.71954745
vt 0.50575185 0.73460138
vt 0.53389597 0.72705001
vt 0.42961827 0.69978178
vt 0.44533661 0.68704432
vt 0.46282971 0.69989949
vt 0.48348412 0.70451725
vt 0.49648830 0.70042288
vt 0.52082008 0.70258284
vt 0.53511387 0.70576835
vt 0.53268886 0.68631589
vt 0.55580890 0.68569869
vt 0.55526477 0.71444803
vt 0.55830479 0.72656846
vt 0.57113540 0.69948959
vt 0.58326983 0.72122961
vt 0.57510865 0.68579704
vt 0.50452071 0.68664896
vt 0.48418897 0.68646801
vt 0.46953890 0.68684071
vt 0.41871426 0.68785113
vt 0.39411071 0.68762463
vt 0.35981372 0.73033226
vt 0.36785996 0.68804854
vt 0.28673837 0.70031732
vt 0.31688818 0.70468587
vt 0.30729803 0.71530277
vt 0.25870231 0.68769801
vt 0.28791332 0.68728268
vt 0.27191648 0.70066768
vt 0.31517175 0.68817043
vt 0.27388841 0.72843170
vt 0.33397266 0.73260498
vt 0.25199741 0.72652507
vt 0.24847618 0.70911330
vt 0.58518434 0.69688380
vt 0.58429658 0.70703924
vt 0.23546523 0.68781358
vt 0.53899693 0.73282754
vt 0.23014921 0.72723329
vt 0.22496428 0.69536269
vt 0.21266568 0.71120191
vt 0.21188506 0.73549062
vt 0.20886216 0.69105566
vt 0.21431316 0.73957777
vt 0.24425653 0.74032807
vt 0.26888585 0.73904401
vt 0.42661437 0.73707736
vt 0.48485237 0.73855758
vt 0.46162137 0.73805261
vt 0.56936473 0.73197699
vt 0.58755654 0.72964996
vt 0.55578083 0.73689616
vt 0.52776164 0.73765963
vt 0.36662057 0.73853129
vt 0.39308321 0.73859334
vt 0.30952290 0.73455709
vt 0.32054555 0.74012583
vt 0.19369316 0.72142351
vt 0.19466470 0.73004979
vt 0.58866912 0.68643302
vt 0.19605722 0.70575386
vt 0.20064890 0.69106644
vt 0.58403790 0.73722649
vt 0.19146670 0.74014521
vt 0.21195394 0.74339861
vt 0.59535217 0.70702201
vt 0.60322076 0.72242320
vt 0.18809663 0.71213943
vt 0.19131036 0.69154829
vt 0.18215887 0.73329288
vt 0.24148895 0.74460024
vt 0.22932409 0.74937266
vt 0.42478588 0.74636114
vt 0.39138824 0.74667305
vt 0.36866680 0.74703312
vt 0.46151114 0.68396467
vt 0.60413063 0.68983185
vt 0.60625648 0.70455605
vt 0.50375342 0.68353021
vt 0.36243337 0.68491501
vt 0.59412467 0.73764712
vt 0.60531527 0.73387212
vt 0.26966900 0.74854362
vt 0.32787609 0.74755490
vt 0.58401257 0.68282998
vt 0.55008656 0.68306315
vt 0.45995930 0.74615002
vt 0.48436660 0.74570799
vt 0.52354914 0.74509412
vt 0.56101447 0.74449813
vt 0.58357078 0.74399972
vt 0.17934312 0.73940611
vt 0.39443147 0.68464452
vt 0.42602646 0.68431014
vt 0.59666377 0.68493277
vt 0.17813747 0.72223556
vt 0.19662583 0.68693292
vt 0.18296471 0.69132024
vt 0.28782231 0.68577451
vt 0.31596008 0.68546629
vt 0.21362184 0.75078434
vt 0.61665982 0.72581273
vt 0.60864800 0.68598253
vt 0.18787493 0.74519187
vt 0.20071135 0.74842179
vt 0.60242730 0.74081588
vt 0.17795223 0.70728117
vt 0.18090656 0.68757528
vt 0.61966383 0.73274320
vt 0.60002047 0.74506444
vt 0.23616266 0.68600261
vt 0.21184230 0.01210195
vt 0.58239383 0.74834985
vt 0.17536281 0.73488253
vt 0.61960971 0.72126973
vt 0.22755393 0.75428581
vt 0.17528777 0.69150472
vt 0.17122893 0.68792313
vt 0.37041628 0.75088054
vt 0.45803231 0.75000197
vt 0.51629055 0.74928075
vt 0.42574868 0.75033325
vt 0.33655128 0.75297379
vt 0.31113276 0.75152344
vt 0.26960942 0.75330442
vt 0.62046087 0.70601755
vt 0.61909616 0.68697107
vt 0.61068535 0.74418133
vt 0.19747631 0.75839525
vt 0.21283858 0.75853121
vt 0.18523021 0.74953163
vt 0.17558114 0.74797940
vt 0.59698242 0.74999845
vt 0.59747416 0.68291217
vt 0.17249541 0.70987326
vt 0.61971307 0.74698216
vt 0.55320001 0.75389206
vt 0.57482958 0.75377166
vt 0.18611363 0.75848573
vt 0.58684397 0.75248951
vt 0.30870101 0.75444424
vt 0.17352840 0.74245965
vt 0.26229522 0.68604982
vt 0.36706159 0.75599885
vt 0.62648761 0.72384226
vt 0.39182982 0.75539160
vt 0.43714377 0.75512159
vt 0.46408802 0.75496173
vt 0.49372301 0.75390172
vt 0.52577615 0.75413197
vt 0.58088028 0.01453429
vt 0.60599023 0.68181700
vt 0.61824280 0.68307811
vt 0.22989598 0.76089066
vt 0.21194610 0.76153201
vt 0.25117603 0.76057917
vt 0.17511362 0.75662643
vt 0.61893958 0.75110942
vt 0.60842645 0.75411212
vt 0.62709284 0.68719745
vt 0.62782067 0.74435216
vt 0.16904210 0.69146150
vt 0.62885070 0.68365782
vt 0.17032178 0.72706556
vt 0.63340741 0.70462340
vt 0.63403833 0.73206943
vt 0.63147122 0.73727524
vt 0.19689119 0.76286066
vt 0.18293102 0.76309019
vt 0.63035911 0.75012904
vt 0.27472833 0.75942355
vt 0.33787370 0.75912774
vt 0.30702591 0.75919515
vt 0.16787818 0.75176418
vt 0.63584214 0.74379218
vt 0.64155197 0.71868247
vt 0.64395469 0.72883022
vt 0.15390165 0.01494145
vt 0.17782533 0.68614691
vt 0.64135277 0.68703407
vt 0.63937306 0.68382996
vt 0.16301031 0.74013847
vt 0.15915313 0.73059523
vt 0.16556092 0.71081084
vt 0.15571661 0.69910610
vt 0.16226278 0.74468786
vt 0.60643554 0.75693059
vt 0.64802724 0.68405879
vt 0.43153790 0.75807208
vt 0.58945769 0.75656211
vt 0.17072628 0.01225984
vt 0.19495206 0.68533617
vt 0.15228598 0.68909144
vt 0.16105376 0.68860465
vt 0.15400372 0.74122238
vt 0.32389155 0.76435179
vt 0.15624630 0.75002742
vt 0.36563864 0.76281488
vt 0.39449722 0.76181656
vt 0.42116100 0.76291883
vt 0.24248441 0.76549172
vt 0.48880413 0.75795388
vt 0.62114882 0.75519800
vt 0.44826826 0.76270807
vt 0.21301256 0.76587653
vt 0.27423194 0.76606452
vt 0.30803761 0.76817340
vt 0.16663402 0.76037908
vt 0.14772694 0.72630978
vt 0.14319490 0.69417137
vt 0.13808300 0.71642148
vt 0.13910671 0.72973013
vt 0.12678811 0.02367532
vt 0.14933677 0.68762219
vt 0.14567275 0.74205333
vt 0.14809366 0.75077993
vt 0.33878881 0.76680708
vt 0.13594607 0.02037233
vt 0.15907034 0.68702990
vt 0.14354858 0.01772404
vt 0.16709612 0.68673021
vt 0.14195891 0.68934488
vt 0.15336742 0.75511724
vt 0.46093673 0.76207036
vt 0.19649675 0.76763546
vt 0.57076311 0.31939113
vt 0.51507777 0.76184648
vt 0.55588812 0.75865483
vt 0.57233769 0.76100564
vt 0.53101468 0.76148063
vt 0.13374053 0.69458234
vt 0.13466193 0.68961811
vt 0.36819074 0.31892395
vt 0.39997679 0.76906729
vt 0.39879274 0.31901467
vt 0.36926323 0.76923281
vt 0.37618828 0.31891739
vt 0.39195347 0.76907629
vt 0.42947084 0.76700240
vt 0.13216089 0.74104053
vt 0.13213268 0.72105777
vt 0.12877059 0.73491144
vt 0.13572986 0.74465209
vt 0.15407923 0.75957406
vt 0.61557573 0.02318597
vt 0.64164758 0.68264812
vt 0.54869324 0.76253885
vt 0.17018215 0.76433074
vt 0.48526850 0.76289296
vt 0.50083655 0.76546186
vt 0.59147727 0.76161909
vt 0.25718749 0.76845688
vt 0.28679252 0.76831698
vt 0.14321958 0.75553578
vt 0.12798086 0.69040400
vt 0.12615424 0.69589061
vt 0.63635373 0.75484419
vt 0.32906333 0.31871045
vt 0.43921334 0.76859736
vt 0.13009809 0.75455135
vt 0.13062656 0.74779826
vt 0.60761237 0.76191926
vt 0.10118728 0.03543979
vt 0.12115015 0.68961680
vt 0.45221981 0.76678437
vt 0.12592161 0.72010517
vt 0.11830989 0.02672595
vt 0.14029953 0.68806124
vt 0.11545157 0.74274868
vt 0.11553857 0.73828006
vt 0.11443403 0.74640000
vt 0.11379533 0.72260606
vt 0.52589899 0.76580411
vt 0.57054853 0.76505971
vt 0.48477983 0.76629126
vt 0.60650057 0.02010155
vt 0.63211924 0.68204510
vt 0.14582141 0.76141846
vt 0.12204349 0.75496978
vt 0.13304426 0.75951082
vt 0.42992288 0.31826568
vt 0.33801284 0.76952296
vt 0.45404705 0.31815422
vt 0.31381357 0.76973462
vt 0.16248812 0.76629126
vt 0.11536767 0.69478977
vt 0.11595403 0.69103438
vt 0.09525193 0.03840095
vt 0.11451683 0.68963653
vt 0.39767042 0.01091152
vt 0.42243162 0.68208843
vt 0.43245792 0.01131010
vt 0.45731115 0.68170542
vt 0.53278822 0.68115622
vt 0.50783265 0.01156229
vt 0.12412108 0.76101583
vt 0.10850978 0.72940236
vt 0.35612854 0.68276024
vt 0.33153844 0.01062274
vt 0.28867623 0.68351102
vt 0.26426753 0.01042128
vt 0.10923889 0.73971462
vt 0.11084825 0.75570756
vt 0.11490420 0.76138020
vt 0.60021746 0.01808721
vt 0.62557626 0.68173867
vt 0.15421820 0.76643550
vt 0.10384130 0.69605756
vt 0.11012018 0.69162095
vt 0.08657532 0.04490680
vt 0.10387962 0.69166481
vt 0.13130584 0.76399642
vt 0.14348987 0.76749980
vt 0.14887780 0.31604195
vt 0.62031645 0.76368755
vt 0.15550809 0.01350528
vt 0.17969716 0.68528688
vt 0.08945788 0.04180002
vt 0.10782186 0.69004279
vt 0.10159015 0.74737537
vt 0.09880310 0.75499052
vt 0.07639865 0.60859752
vt 0.48214015 0.31786287
vt 0.28562155 0.77002251
vt 0.13661566 0.31240928
vt 0.63321286 0.76438624
vt 0.10130816 0.72177529
vt 0.09900752 0.69295782
vt 0.08315434 0.04854232
vt 0.10103510 0.75999099
vt 0.08166841 0.60974634
vt 0.09665492 0.73110676
vt 0.05300187 0.61075038
vt 0.11969442 0.76819283
vt 0.28197563 0.31797147
vt 0.48641029 0.76812667
vt 0.10676878 0.03102916
vt 0.12806232 0.68814677
vt 0.13063513 0.76977539
vt 0.62686694 0.30155385
vt 0.13648672 0.77128178
vt 0.10889284 0.76575065
vt 0.11237343 0.76963377
vt 0.50398415 0.76793146
vt 0.26442525 0.31811774
vt 0.60676366 0.30992079
vt 0.15863958 0.77012038
vt 0.10209409 0.76957238
vt 0.09121084 0.60832047
vt 0.09519181 0.76402050
vt 0.08411037 0.60296375
vt 0.24767403 0.77024883
vt 0.51994246 0.31772101
vt 0.19656841 0.31779993
vt 0.57197863 0.76706111
vt 0.63958609 0.29414213
vt 0.12162608 0.77287030
vt 0.65195906 0.28688288
vt 0.10714414 0.77385956
vt 0.00360321 0.85693854
vt 0.72711521 0.10406470
vt 0.00296923 0.85184580
vt 0.72214741 0.09628201
vt 0.00263201 0.86121005
vt 0.00474824 0.86347437
vt 0.00418096 0.87523890
vt 0.71029258 0.07853043
vt 0.00308635 0.88287133
vt 0.00781329 0.85361189
vt 0.00861518 0.84611756
vt 0.00768328 0.87677091
vt 0.01131326 0.86293995
vt 0.00468065 0.89103681
vt 0.02264646 0.87731504
vt 0.02377491 0.86164957
vt 0.02432904 0.84700918
vt 0.03664111 0.86298245
vt 0.03832572 0.87776423
vt 0.03635519 0.84762520
vt 0.04365563 0.84994501
vt 0.05133539 0.86365438
vt 0.04659199 0.87881762
vt 0.05161447 0.84914869
vt 0.01165352 0.89078158
vt 0.02510879 0.89204496
vt 0.03773185 0.89301819
vt 0.06065315 0.87982708
vt 0.06004665 0.86405879
vt 0.06226052 0.85143882
vt 0.05034691 0.88309431
vt 0.04734411 0.89502585
vt 0.04573401 0.84407908
vt 0.05199255 0.83810633
vt 0.03699090 0.83648527
vt 0.02445798 0.83604044
vt 0.00879079 0.83551139
vt 0.06203263 0.83715427
vt 0.06105745 0.88493931
vt 0.05956843 0.89518148
vt 0.03053098 0.90581751
vt 0.00757364 0.90424031
vt 0.04753467 0.90478730
vt 0.06738876 0.86490726
vt 0.00408606 0.89999735
vt 0.06091755 0.90360731
vt 0.05139871 0.91152519
vt 0.07161710 0.85222453
vt 0.07165167 0.83921045
vt 0.07476188 0.86965871
vt 0.07217958 0.88156974
vt 0.07496203 0.85504770
vt 0.06867579 0.89522618
vt 0.04109983 0.91327083
vt 0.02555746 0.91229439
vt 0.06086969 0.91247565
vt 0.00396266 0.90594357
vt 0.00489545 0.91158593
vt 0.00846674 0.92355198
vt 0.02421384 0.92321479
vt 0.03470685 0.92308456
vt 0.07194936 0.91088462
vt 0.05230224 0.92575288
vt 0.04227658 0.92845422
vt 0.06297704 0.92580575
vt 0.07536566 0.89748490
vt 0.07746899 0.88356471
vt 0.00968091 0.92994213
vt 0.02504585 0.92970181
vt 0.00460776 0.92073417
vt 0.00514740 0.92947698
vt 0.07147308 0.91728818
vt 0.07124337 0.92659461
vt 0.03773140 0.94202101
vt 0.02455784 0.94346905
vt 0.00953182 0.94412124
vt 0.00521029 0.93792301
vt 0.05727676 0.94031161
vt 0.04994107 0.94194794
vt 0.06335892 0.94023204
vt 0.08357574 0.86896247
vt 0.08592975 0.86457402
vt 0.08107074 0.90426826
vt 0.08449557 0.88552237
vt 0.07775031 0.92116833
vt 0.08481988 0.89544940
vt 0.08404532 0.85162777
vt 0.08383112 0.91297626
vt 0.07341525 0.93849593
vt 0.04103035 0.95474088
vt 0.05364350 0.95315325
vt 0.06274070 0.95074296
vt 0.02502435 0.95691895
vt 0.07003846 0.95084035
vt 0.08656494 0.87176961
vt 0.00584350 0.94899660
vt 0.00721677 0.95861661
vt 0.08096038 0.93080097
vt 0.07974476 0.93639338
vt 0.08479051 0.91857415
vt 0.07957185 0.84247071
vt 0.07686758 0.94926214
vt 0.04516443 0.96223897
vt 0.05585388 0.96828306
vt 0.06191419 0.96724230
vt 0.09023701 0.90320742
vt 0.66810608 0.03806466
vt 0.00395590 0.94264489
vt 0.02606571 0.96862519
vt 0.04128847 0.97038835
vt 0.01023631 0.97079277
vt 0.06980576 0.96582758
vt 0.07175843 0.95571744
vt 0.66009331 0.03243846
vt 0.00428641 0.95266956
vt 0.68263346 0.04987013
vt 0.00320039 0.92348623
vt 0.08876906 0.93195051
vt 0.07756212 0.96478069
vt 0.08982679 0.88251704
vt 0.08681315 0.94871789
vt 0.08879375 0.94202548
vt 0.09081459 0.89802480
vt 0.09162111 0.89047688
vt 0.09076498 0.91572034
vt 0.09077726 0.92485577
vt 0.02339714 0.97271812
vt 0.08904405 0.85391062
vt 0.08554672 0.84168160
vt 0.02576009 0.82328743
vt 0.98771924 0.05374968
vt 0.01183588 0.82186460
vt 0.98805588 0.03924310
vt 0.00450602 0.83562922
vt 0.06563799 0.82653952
vt 0.98417908 0.09509903
vt 0.09228432 0.86896533
vt 0.00518905 0.82277822
vt 0.98972988 0.03248984
vt 0.08645476 0.96028060
vt 0.08980448 0.84347546
vt 0.12230793 0.94502860
vt 0.07252089 0.97768432
vt 0.12233766 0.93466443
vt 0.06281295 0.97923535
vt 0.12322819 0.92692822
vt 0.05545036 0.98109400
vt 0.12108399 0.89755094
vt 0.02684328 0.98192585
vt 0.08046563 0.97175336
vt 0.07935951 0.97841936
vt 0.00657145 0.97567528
vt 0.68808281 0.05509216
vt 0.00285465 0.91580302
vt 0.70152646 0.06886238
vt 0.00257436 0.89613515
vt 0.08853290 0.96755421
vt 0.08932102 0.97531378
vt 0.09553256 0.88339913
vt 0.09648210 0.85806060
vt 0.09479138 0.94434011
vt 0.09276947 0.96072489
vt 0.09446523 0.97323191
vt 0.13483210 0.95357114
vt 0.08298910 0.98869616
vt 0.09596583 0.93143713
vt 0.09630077 0.90667123
vt 0.09723124 0.91881031
vt 0.10016928 0.89726084
vt 0.09595208 0.84499866
vt 0.08789887 0.82931983
vt 0.98129714 0.11816013
vt 0.10036357 0.88713843
vt 0.67613995 0.04506087
vt 0.00301545 0.93177611
vt 0.10104888 0.91519004
vt 0.10085233 0.90393490
vt 0.10054223 0.87666261
vt 0.09961879 0.86999404
vt 0.10004025 0.85946828
vt 0.13674943 0.96576166
vt 0.09474810 0.98805058
vt 0.09704438 0.98248148
vt 0.10006078 0.95809716
vt 0.09833538 0.94453669
vt 0.10129372 0.93568450
vt 0.10132629 0.92698848
vt 0.09972356 0.97108960
vt 0.09525614 0.83435142
vt 0.10217740 0.94320750
vt 0.10297924 0.95424628
vt 0.10239992 0.98514622
vt 0.10136976 0.84451544
vt 0.10161500 0.83559585
vt 0.10375616 0.96407789
vt 0.73645508 0.12360656
vt 0.00313012 0.82988471
vt 0.73361474 0.11733663
vt 0.00289597 0.83685112
vt 0.09255902 0.82316214
vt 0.08920070 0.81683278
vt 0.96915752 0.11581874
vt 0.79515111 0.57726288
vt 0.10420203 0.85065019
vt 0.10248039 0.82719672
vt 0.09756453 0.81860715
vt 0.78095096 0.59774649
vt 0.10408808 0.87595248
vt 0.09508161 0.80520117
vt 0.95637196 0.11776662
vt 0.73157126 0.64225644
vt 0.10599037 0.94465733
vt 0.10359479 0.81733233
vt 0.72295076 0.64751446
vt 0.10663419 0.95505589
vt 0.10283864 0.80750507
vt 0.95553660 0.12609380
vt 0.79889852 0.56842405
vt 0.10521628 0.84101999
vt 0.71413618 0.65238553
vt 0.10747497 0.96541220
vt 0.03907121 0.09355825
vt 0.01150210 0.55373847
vt 0.04214135 0.08889639
vt 0.04006698 0.08918267
vt 0.04247102 0.08612520
vt 0.04523278 0.08210063
vt 0.04833817 0.08077866
vt 0.01230756 0.56999052
vt 0.03806086 0.09134400
vt 0.03619230 0.09572279
vt 0.00984070 0.55041695
vt 0.04670336 0.07925969
vt 0.04918245 0.07740998
vt 0.05200181 0.07423931
vt 0.05485404 0.07125270
vt 0.05810706 0.07020783
vt 0.01324701 0.58477503
vt 0.05864343 0.06751007
vt 0.06403933 0.06415737
vt 0.01383484 0.59344590
vt 0.06205684 0.06386471
vt 0.06508976 0.06081116
vt 0.06806657 0.05796152
vt 0.07111640 0.05511022
vt 0.07479285 0.05405545
vt 0.01494808 0.60862291
vt 0.07353605 0.05251157
vt 0.07820066 0.05030346
vt 0.09387380 0.69169521
vt 0.01443726 0.61383712
vt 0.07970763 0.04837310
vt 0.08221135 0.04614884
vt 0.09943645 0.69039190
vt 0.27571285 0.00809574
vt 0.31621575 0.00631815
vt 0.33539340 0.00882584
vt 0.27421960 0.00620508
vt 0.23940386 0.00771910
vt 0.24021135 0.00474519
vt 0.18490285 0.00443465
vt 0.24217419 0.00325739
vt 0.18258198 0.00735307
vt 0.16357195 0.00482619
vt 0.33223194 0.00347364
vt 0.15769586 0.00737852
vt 0.16869584 0.01034456
vt 0.15010822 0.01212037
vt 0.14751706 0.00782299
vt 0.14162271 0.01129580
vt 0.14557074 0.01622993
vt 0.16944985 0.68602401
vt 0.13817061 0.01596498
vt 0.13330366 0.01305735
vt 0.12518701 0.01741588
vt 0.13265465 0.01918060
vt 0.18484354 0.01055741
vt 0.34548950 0.00740242
vt 0.34431201 0.00547051
vt 0.44867659 0.00598323
vt 0.43948594 0.00788403
vt 0.54062146 0.00480592
vt 0.51129168 0.00785750
vt 0.54155296 0.00632089
vt 0.12838030 0.02224767
vt 0.15131314 0.68696874
vt 0.12227423 0.02203178
vt 0.11534113 0.02065659
vt 0.11971407 0.02515274
vt 0.14217785 0.68726486
vt 0.10780971 0.02525055
vt 0.52663952 0.00948679
vt 0.56821513 0.00964803
vt 0.56934005 0.00713080
vt 0.58572060 0.01023352
vt 0.59128386 0.00810200
vt 0.59441662 0.00931931
vt 0.60799527 0.01287067
vt 0.59583133 0.01305580
vt 0.60429257 0.01600331
vt 0.61666775 0.01767963
vt 0.61155713 0.01904666
vt 0.20299283 0.01030338
vt 0.11257993 0.02927607
vt 0.13409157 0.68843728
vt 0.10556117 0.02803802
vt 0.09610178 0.02876139
vt 0.44421864 0.00939965
vt 0.37659645 0.00904107
vt 0.10128599 0.02560371
vt 0.10654031 0.02292305
vt 0.23664859 0.01022190
vt 0.26099136 0.68385053
vt 0.54585004 0.00390971
vt 0.09762139 0.03151840
vt 0.10168017 0.03401929
vt 0.09435810 0.03578335
vt 0.09026749 0.03304744
vt 0.08324365 0.03971565
vt 0.08417366 0.04349840
vt 0.07365470 0.04427272
vt 0.07114106 0.05015230
vt 0.06011744 0.05738735
vt 0.05917648 0.06372964
vt 0.05148764 0.06401861
vt 0.04917785 0.07328647
vt 0.04172586 0.07361978
vt 0.04030601 0.08096588
vt 0.03286555 0.08524144
vt 0.03424607 0.09373891
vt 0.02894183 0.09272355
vt 0.02888730 0.10635096
vt 0.00833594 0.53736055
vt 0.02504432 0.09629381
vt 0.02123110 0.10316062
vt 0.02343066 0.11330158
vt 0.01822733 0.10965776
vt 0.01494387 0.11857790
vt 0.01932105 0.12276888
vt 0.01224347 0.13038635
vt 0.01581596 0.14147228
vt 0.00855651 0.14024067
vt 0.00824880 0.14946139
vt 0.01445487 0.16092151
vt 0.00739415 0.48024511
vt 0.01028308 0.16748112
vt 0.01418990 0.18242562
vt 0.00721154 0.45860302
vt 0.00902739 0.18420690
vt 0.00834413 0.19761723
vt 0.01425813 0.20653838
vt 0.00532124 0.18320888
vt 0.00544654 0.15817910
vt 0.01647252 0.20047629
vt 0.00753917 0.44029301
vt 0.01711157 0.20591313
vt 0.00732899 0.43489397
vt 0.02043591 0.22230530
vt 0.01494825 0.22326392
vt 0.01761589 0.23247552
vt 0.02234171 0.23693424
vt 0.02576788 0.22997606
vt 0.00810312 0.40922523
vt 0.02724951 0.23915118
vt 0.02421597 0.24433935
vt 0.03222676 0.25467193
vt 0.03419353 0.24573326
vt 0.00863870 0.39127100
vt 0.03701833 0.25141573
vt 0.00846077 0.38479233
vt 0.03518076 0.26271677
vt 0.04170816 0.26173663
vt 0.04707868 0.26788545
vt 0.04090271 0.26930046
vt 0.04509032 0.27364063
vt 0.05095068 0.27498412
vt 0.04922957 0.27822244
vt 0.05288913 0.28134513
vt 0.06296891 0.28704011
vt 0.06027248 0.28988558
vt 0.06876455 0.29761875
vt 0.07172561 0.29467148
vt 0.07381005 0.30024570
vt 0.00868152 0.20656830
vt 0.01107035 0.21689004
vt 0.00542407 0.19350392
vt 0.02640697 0.11238492
vt 0.00826150 0.53078264
vt 0.02341448 0.12106758
vt 0.00817818 0.52138591
vt 0.02010149 0.13073230
vt 0.00788488 0.51112336
vt 0.08527680 0.03488475
vt 0.05873994 0.05578959
vt 0.07231019 0.04313791
vt 0.02811424 0.25339711
vt 0.02394047 0.22255266
vt 0.00861503 0.41685116
vt 0.02143724 0.21662462
vt 0.00844009 0.42330587
vt 0.04597514 0.27796471
vt 0.57605559 0.00604743
vt 0.03323172 0.08218718
vt 0.07710300 0.29575968
vt 0.73234642 0.78329384
vt 0.08025539 0.29879308
vt 0.72804952 0.78273708
vt 0.07916833 0.30256319
vt 0.07905998 0.30594045
vt 0.08600603 0.30956566
vt 0.07016848 0.30152571
vt 0.61597556 0.01365566
vt 0.62517118 0.01755047
vt 0.62691700 0.02215445
vt 0.63759059 0.02420926
vt 0.62992239 0.02460259
vt 0.63565004 0.02793604
vt 0.64102495 0.02794123
vt 0.64101487 0.02371645
vt 0.63251030 0.01945460
vt 0.65110999 0.02953392
vt 0.64430231 0.03202301
vt 0.65752691 0.03450280
vt 0.65329283 0.03692001
vt 0.65920091 0.04138160
vt 0.66519380 0.04387844
vt 0.66143560 0.03568596
vt 0.67082506 0.04559875
vt 0.67004168 0.04167783
vt 0.68317026 0.05270451
vt 0.69687128 0.07369941
vt 0.70384449 0.07586294
vt 0.70091277 0.08075511
vt 0.70869070 0.08543015
vt 0.70757389 0.08844501
vt 0.71918559 0.09901571
vt 0.71424395 0.09952390
vt 0.71957326 0.10826695
vt 0.72278577 0.10264689
vt 0.72939152 0.11737865
vt 0.72379524 0.11743838
vt 0.72876972 0.12577963
vt 0.73543662 0.12881118
vt 0.73523140 0.14467096
vt 0.73912513 0.13689238
vt 0.74362677 0.15581846
vt 0.73636472 0.16112185
vt 0.74422204 0.16418946
vt 0.74239290 0.19672227
vt 0.73654783 0.18205124
vt 0.73552555 0.20311105
vt 0.74131459 0.20887256
vt 0.73814046 0.21884930
vt 0.73270589 0.21246129
vt 0.73450321 0.23022175
vt 0.71857005 0.24207950
vt 0.72258008 0.25309616
vt 0.71259445 0.25146151
vt 0.91113466 0.41919339
vt 0.70980424 0.27051383
vt 0.70488131 0.26493478
vt 0.69312876 0.27728748
vt 0.68939018 0.29147899
vt 0.68511140 0.28530562
vt 0.67762220 0.30078828
vt 0.73016661 0.23957789
vt 0.72845691 0.22300249
vt 0.67746359 0.28990304
vt 0.91277349 0.47203159
vt 0.67579788 0.29470921
vt 0.66563189 0.29926515
vt 0.64203382 0.31409043
vt 0.15345474 0.78306770
vt 0.64658481 0.32087111
vt 0.63625944 0.31715786
vt 0.16000912 0.78256816
vt 0.63785344 0.32532650
vt 0.66152972 0.31188512
vt 0.65683538 0.30512869
vt 0.13642405 0.78372443
vt 0.63106459 0.31880397
vt 0.16539073 0.78285831
vt 0.62516844 0.32487571
vt 0.62835121 0.32990128
vt 0.61128885 0.33154821
vt 0.61310136 0.33650595
vt 0.60402042 0.33510101
vt 0.61998582 0.33370626
vt 0.61852616 0.32855701
vt 0.60059142 0.33789909
vt 0.58932346 0.33488083
vt 0.21002705 0.78033710
vt 0.74504179 0.18640375
vt 0.71515942 0.08836204
vt 0.72925156 0.13234794
vt 0.72940654 0.11300057
vt 0.73033202 0.21193886
vt 0.91177374 0.37558806
vt 0.61090910 0.32738650
vt 0.18721795 0.78198647
vt 0.70401663 0.26210582
vt 0.91208810 0.43301290
vt 0.69836646 0.26838768
vt 0.91242558 0.44156981
vt 0.59885323 0.33207774
vt 0.20010842 0.78093863
vt 0.58569169 0.33803016
vt 0.58767253 0.34088033
vt 0.56795985 0.34108257
vt 0.57388860 0.34397304
vt 0.55451000 0.34378731
vt 0.54766297 0.34072882
vt 0.60878354 0.32899761
vt 0.18972734 0.78127003
vt 0.51033086 0.34122372
vt 0.28939250 0.77877927
vt 0.70256305 0.07208830
vt 0.59775907 0.34044337
vt 0.56573898 0.34643650
vt 0.51843464 0.34679461
vt 0.51738787 0.34377527
vt 0.49913847 0.34479058
vt 0.47237974 0.34318054
vt 0.47911778 0.34658575
vt 0.51654232 0.34813821
vt 0.81197733 0.70634753
vt 0.40835604 0.34396684
vt 0.39528683 0.34591997
vt 0.34472960 0.34361064
vt 0.31417295 0.34558880
vt 0.30256015 0.34327722
vt 0.41285318 0.34253883
vt 0.34628373 0.34206009
vt 0.27322686 0.34543228
vt 0.24466762 0.34319687
vt 0.24266005 0.34531212
vt 0.17734694 0.34496891
vt 0.17520989 0.34250760
vt 0.16887555 0.34484875
vt 0.73493797 0.12350672
vt 0.72097677 0.09717643
vt 0.73462272 0.17204750
vt 0.91371936 0.33533573
vt 0.02859699 0.23625064
vt 0.00819910 0.40231103
vt 0.03039699 0.23806363
vt 0.00877348 0.39983582
vt 0.08469313 0.31238353
vt 0.16129954 0.34186101
vt 0.16955981 0.34059834
vt 0.15674599 0.33793950
vt 0.19535697 0.34144831
vt 0.16915238 0.33874619
vt 0.18185626 0.33916342
vt 0.61814815 0.77772325
vt 0.15435010 0.34300041
vt 0.81083637 0.33527482
vt 0.14389062 0.33884096
vt 0.14478500 0.33446884
vt 0.13703509 0.33507013
vt 0.13256980 0.32911289
vt 0.12429474 0.33189774
vt 0.12185064 0.32528520
vt 0.11581386 0.33006710
vt 0.81216824 0.29326391
vt 0.11117210 0.32572246
vt 0.11101051 0.32116234
vt 0.09365527 0.31353712
vt 0.10388839 0.31464529
vt 0.69986755 0.78045654
vt 0.10490162 0.32481420
vt 0.09285878 0.31775749
vt 0.09221440 0.30861121
vt 0.71285063 0.78138632
vt 0.10301603 0.31306696
vt 0.70133770 0.78135598
vt 0.08613671 0.30371928
vt 0.72047567 0.78225148
vt 0.09050249 0.30645943
vt 0.71537572 0.78226376
vt 0.68561280 0.06267339
vt 0.67258477 0.04958457
vt 0.66573954 0.04833543
vt 0.69745016 0.68476200
vt 0.01810339 0.23698407
vt 0.58028495 0.01280022
vt 0.05330409 0.27240705
vt 0.05588281 0.27529740
vt 0.73353571 0.14887309
vt 0.72907084 0.13824010
vt 0.91613150 0.30095738
vt 0.18354364 0.01188231
vt 0.20780824 0.68554658
vt 0.61458570 0.02178532
vt 0.64029479 0.68167549
vt 0.57992387 0.33625591
vt 0.21946670 0.78063124
vt 0.72483367 0.12570751
vt 0.91720659 0.28775156
vt 0.24062589 0.34165204
vt 0.29745984 0.34180230
vt 0.06446309 0.28454292
vt 0.74900484 0.78408802
vt 0.06641094 0.28720200
vt 0.07060181 0.28941250
vt 0.74131638 0.78409469
vt 0.01394772 0.22635299
vt 0.69548935 0.27142668
vt 0.91260356 0.44581723
vt 0.69194430 0.27496243
vt 0.91285062 0.45089966
vt 0.04549661 0.26225281
vt 0.00983012 0.37092847
vt 0.04145615 0.25591564
vt 0.00966606 0.37858474
vt 0.63805884 0.03200763
vt 0.66566312 0.68322229
vt 0.06382763 0.29613423
vt 0.66149569 0.30040407
vt 0.13004363 0.78506309
vt 0.04458607 0.06790113
vt 0.57364368 0.01232481
vt 0.59859127 0.68056917
vt 0.58499652 0.68086219
vt 0.55999023 0.01182967
vt 0.13067614 0.33637512
vt 0.81165040 0.30991143
vt 0.02550865 0.09218347
vt 0.11227653 0.31795084
vt 0.69089699 0.78043687
vt 0.11735136 0.31954157
vt 0.68561625 0.78054625
vt 0.67020530 0.29424244
vt 0.11946528 0.78571266
vt 0.66782844 0.29632980
vt 0.12257733 0.78534377
vt 0.01193938 0.12376893
vt 0.00902743 0.13182330
vt 0.04813032 0.26550376
vt 0.01003278 0.36669677
vt 0.05050726 0.26834631
vt 0.01024127 0.36293101
vt 0.59055161 0.34323645
vt 0.81365770 0.78263670
vt 0.71585077 0.24458194
vt 0.91164511 0.41152942
vt 0.45785701 0.00424016
vt 0.41482109 0.00411445
vt 0.03444907 0.09788364
vt 0.00952436 0.54758656
vt 0.02223464 0.24514139
vt 0.59342724 0.01575744
vt 0.61849838 0.68108332
vt 0.01146514 0.22254860
vt 0.72626519 0.10575026
vt 0.71369505 0.08408582
vt 0.00240385 0.87629354
vt 0.00589769 0.14470649
vt 0.12450571 0.32365936
vt 0.67747843 0.77951181
vt 0.70462227 0.08871996
vt 0.75241631 0.68908036
vt 0.70208752 0.08609366
vt 0.74885327 0.68914580
vt 0.12161658 0.01666957
vt 0.13866058 0.01057583
vt 0.60524416 0.01040256
vt 0.69925845 0.28327489
vt 0.82190090 0.02221680
vt 0.03725721 0.26851821
vt 0.71649224 0.10832596
vt 0.71820498 0.11178714
vt 0.77847958 0.69180334
vt 0.91881055 0.27232581
vt 0.74173832 0.14457697
vt 0.74420887 0.20108223
vt 0.91789573 0.02361983
vt 0.72663403 0.13193893
vt 0.91698563 0.29424071
vt 0.68850392 0.06967634
vt 0.72803891 0.68715602
vt 0.68374455 0.06435370
vt 0.72107542 0.68645155
vt 0.68003625 0.06076574
vt 0.71602774 0.68607968
vt 0.63220334 0.02905881
vt 0.65918118 0.68287426
vt 0.05513242 0.05724496
vt 0.23372066 0.34740031
vt 0.36591646 0.00362802
vt 0.65645069 0.04203385
vt 0.68640274 0.68406433
vt 0.00569871 0.20283717
vt 0.12319773 0.32216418
vt 0.67925805 0.78024268
vt 0.72073686 0.11746699
vt 0.91831791 0.27857196
vt 0.72305018 0.12270641
vt 0.91784877 0.28431487
vt 0.24011402 0.00218964
vt 0.08151401 0.03634393
vt 0.72418994 0.22901046
vt 0.91158748 0.39378059
vt 0.57055897 0.00438273
vt 0.11282247 0.01999378
vt 0.71341234 0.10332322
vt 0.12776217 0.01367491
vt 0.03416370 0.07896638
vt 0.27979860 0.34749734
vt 0.73077929 0.14264870
vt 0.91537833 0.30560911
vt 0.60174400 0.34071875
vt 0.81432939 0.79439902
vt 0.00843043 0.21067935
vt 0.07648323 0.30732477
vt 0.20595156 0.00194943
vt 0.14090888 0.32991338
vt 0.65998226 0.77907932
vt 0.14803374 0.33260655
vt 0.65242344 0.77868462
vt 0.71195984 0.10199535
vt 0.76708359 0.69115889
vt 0.01490866 0.11391437
vt 0.40223768 0.34780961
vt 0.81073475 0.58936697
vt 0.32486913 0.34762639
vt 0.81009614 0.51019788
vt 0.65334731 0.02845603
vt 0.00450366 0.96070403
vt 0.74663460 0.18241203
vt 0.93683559 0.02496308
vt 0.17621547 0.33732843
vt 0.62392443 0.77866656
vt 0.81312948 0.73535126
vt 0.54493713 0.34857392
vt 0.66921467 0.30812347
vt 0.81761384 0.87162423
vt 0.15703207 0.33415020
vt 0.64334679 0.77905488
vt 0.40375867 0.34084582
vt 0.39612678 0.77839667
vt 0.00229390 0.17646456
vt 0.02097242 0.09980243
vt 0.01779293 0.10664576
vt 0.57565242 0.34635735
vt 0.81389612 0.76696128
vt 0.02984983 0.25796801
vt 0.51139152 0.00398952
vt 0.12454215 0.33462381
vt 0.81247371 0.30337811
vt 0.18223158 0.00194877
vt 0.57530534 0.86898923
vt 0.34280354 0.34047216
vt 0.45717534 0.77819461
vt 0.01445374 0.23134738
vt 0.93202037 0.89256310
vt 0.73852575 0.22430354
vt 0.89387500 0.02298486
vt 0.63969594 0.32607341
vt 0.81594926 0.83619905
vt 0.67533195 0.30398220
vt 0.81810087 0.87916708
vt 0.78985167 0.02336997
vt 0.68017888 0.30033904
vt 0.79597855 0.02318197
vt 0.74561989 0.15566117
vt 0.96355945 0.02786714
vt 0.06003396 0.29466379
vt 0.11269525 0.01819271
vt 0.64738959 0.87087387
vt 0.06892823 0.04353738
vt 0.69835311 0.87277502
vt 0.62770885 0.33178318
vt 0.81532693 0.82258230
vt 0.69491464 0.06164086
vt 0.00275259 0.90612882
vt 0.74185002 0.21368986
vt 0.90501851 0.02338290
vt 0.15822947 0.00388223
vt 0.59950078 0.86978412
vt 0.04643220 0.28045177
vt 0.10572533 0.03286582
vt 0.12632763 0.68923515
vt 0.00578407 0.13831180
vt 0.00244963 0.16074723
vt 0.85844100 0.89156038
vt 0.52147967 0.33913052
vt 0.27820510 0.78076553
vt 0.29723054 0.00238866
vt 0.74228990 0.14004368
vt 0.97951418 0.02949166
vt 0.00859947 0.21706229
vt 0.91627234 0.89234960
vt 0.01711633 0.10349077
vt 0.79857504 0.89443278
vt 0.00336031 0.14997977
vt 0.84755588 0.89210486
vt 0.61952257 0.01294857
vt 0.13604151 0.87493587
vt 0.62805593 0.01595175
vt 0.12693049 0.87536192
vt 0.68554026 0.29618931
vt 0.80284262 0.02306861
vt 0.61459452 0.33692443
vt 0.81463474 0.80816400
vt 0.64804173 0.02518260
vt 0.00507687 0.96706378
vt 0.64066064 0.02172649
vt 0.00507228 0.97544146
vt 0.01102710 0.11728805
vt 0.81373769 0.89399725
vt 0.02933443 0.26047051
vt 0.96509725 0.89601403
vt 0.71984279 0.25937009
vt 0.85385394 0.02218580
vt 0.73041278 0.10979247
vt 0.00321800 0.84514862
vt 0.59235299 0.00578189
vt 0.16442066 0.87413722
vt 0.56475937 0.34791476
vt 0.81372571 0.75566912
vt 0.63463962 0.01878220
vt 0.11971154 0.87547094
vt 0.00543594 0.98231983
vt 0.70667326 0.07442909
vt 0.00282874 0.88842630
vt 0.03860023 0.27306271
vt 0.98094344 0.89709491
vt 0.15934721 0.34458607
vt 0.81130683 0.34063423
vt 0.67231154 0.04161751
vt 0.00354293 0.93702537
vt 0.71822190 0.08958513
vt 0.00296309 0.86907810
vt 0.00344980 0.19916999
vt 0.89744657 0.89260066
vt 0.10372422 0.02195013
vt 0.65713549 0.87140965
vt 0.02435880 0.25276434
vt 0.95582831 0.89534843
vt 0.31408432 0.87171835
vt 0.44325304 0.00188065
vt 0.04523283 0.06383526
vt 0.72979259 0.87472159
vt 0.54968727 0.86981660
vt 0.20777099 0.00049067
vt 0.07954647 0.03535253
vt 0.00636533 0.21243012
vt 0.91112930 0.89300591
vt 0.03767931 0.07191879
vt 0.76021427 0.89734459
vt 0.31388029 0.00123125
vt 0.44361192 0.87019706
vt 0.05536111 0.05402625
vt 0.71558434 0.87441081
vt 0.12429590 0.01327652
vt 0.63479245 0.87070352
vt 0.40304369 0.87064642
vt 0.35441598 0.00149184
vt 0.34715137 0.87136269
vt 0.41023800 0.00181246
vt 0.06120256 0.29856664
vt 0.81895274 0.22873431
vt 0.00048077 0.17449343
vt 0.87245601 0.89272892
vt 0.07364592 0.03789550
vt 0.69115269 0.87421870
vt 0.08712035 0.31726038
vt 0.81617606 0.26125729
vt 0.01994487 0.24558884
vt 0.94731236 0.89486969
vt 0.03475126 0.26855516
vt 0.97491050 0.89699399
vt 0.00073421 0.18452466
vt 0.88252473 0.89314336
vt 0.06846627 0.28591001
vt 0.74506038 0.78580123
vt 0.06118703 0.04766977
vt 0.70696259 0.87495965
vt 0.00390238 0.20756215
vt 0.90573329 0.89400977
vt 0.05607759 0.29317355
vt 0.81905723 0.22114980
vt 0.05695996 0.27408671
vt 0.76150459 0.78660870
vt 0.10594938 0.32744348
vt 0.81447101 0.28301585
f 3370/3738 3369/3737 3359/3727
f 3370/3738 3359/3727 3362/3730
f 3368/3736 3371/3739 3365/3733
f 3371/3739 3381/3749 3372/3740
f 3378/3746 3370/3738 3362/3730
f 3369/3737 3363/3731 3359/3727
f 3369/3737 3367/3735 3363/3731
f 3367/3735 3368/3736 3365/3733
f 3367/3735 3365/3733 3363/3731
f 3371/3739 3372/3740 3365/3733
f 3372/3740 3381/3749 3443/3813
f 3378/3746 3362/3730 3383/3751
f 3362/3730 3359/3727 3361/3729
f 3359/3727 3360/3728 3361/3729
f 3365/3733 3372/3740 3373/3741
f 3365/3733 3373/3741 3366/3734
f 3372/3740 3443/3813 3373/3741
f 3383/3751 3362/3730 3361/3729
f 3359/3727 3363/3731 3360/3728
f 3363/3731 3364/3732 3360/3728
f 3363/3731 3365/3733 3364/3732
f 3364/3732 3365/3733 3366/3734
f 3373/3741 3443/3813 5001/5713
f 3383/3751 3361/3729 3447/3817
f 3361/3729 3360/3728 3444/3814
f 3373/3741 5001/5713 5006/5723
f 3383/3751 3447/3817 3448/3818
f 3447/3817 3361/3729 3444/3814
f 3360/3728 3445/3815 3444/3814
f 3360/3728 3364/3732 3445/3815
f 3364/3732 3446/3816 3445/3815
f 3364/3732 3366/3734 3446/3816
f 3366/3734 3373/3741 3449/3819
f 3449/3819 3373/3741 3454/3824
f 3373/3741 5006/5723 3454/3824
f 3366/3734 3449/3819 3446/3816
f 3447/3817 3444/3814 3455/3825
f 3446/3816 3449/3819 3456/3826
f 3455/3825 3444/3814 3453/3823
f 3444/3814 3445/3815 3453/3823
f 3445/3815 3456/3826 3453/3823
f 3445/3815 3446/3816 3456/3826
f 3374/3742 3386/3754 3375/3743
f 3388/3756 3385/3753 3377/3745
f 3385/3753 3374/3742 3377/3745
f 3386/3754 3384/3752 3375/3743
f 3375/3743 3384/3752 3376/3744
f 3384/3752 3420/3789 3376/3744
f 3382/3750 3377/3745 3370/3738
f 3377/3745 3369/3737 3370/3738
f 3377/3745 3374/3742 3369/3737
f 3376/3744 3420/3789 3380/3748
f 3393/3761 3390/3758 3379/3747
f 3374/3742 3375/3743 3368/3736
f 3375/3743 3376/3744 3368/3736
f 3380/3748 3420/3789 4967/5645
f 3394/3762 3393/3761 3379/3747
f 3390/3758 3382/3750 3379/3747
f 3382/3750 3370/3738 3379/3747
f 3369/3737 3374/3742 3367/3735
f 3368/3736 3376/3744 3371/3739
f 3376/3744 3380/3748 3371/3739
f 3394/3762 3379/3747 3392/3760
f 3392/3760 3379/3747 3378/3746
f 3379/3747 3370/3738 3378/3746
f 3371/3739 3380/3748 3381/3749
f 3394/3762 3415/3783 3430/3799
f 3415/3783 3394/3762 3392/3760
f 3380/3748 4967/5645 3381/3749
f 3381/3749 4967/5645 4961/5634
f 3381/3749 4961/5634 3443/3813
f 3392/3760 3378/3746 3383/3751
f 3430/3799 3415/3783 3432/3801
f 3430/3799 3432/3801 3441/3810
f 3415/3783 3392/3760 3432/3801
f 3432/3801 3392/3760 3383/3751
f 3432/3801 3383/3751 3448/3818
f 3441/3810 3432/3801 3450/3820
f 3450/3820 3432/3801 3448/3818
f 5006/5723 3620/4020 3454/3824
f 3450/3820 3448/3818 3460/3830
f 3448/3818 3447/3817 3457/3827
f 3449/3819 3454/3824 3458/3828
f 3460/3830 3448/3818 3459/3829
f 3459/3829 3448/3818 3457/3827
f 3457/3827 3447/3817 3455/3825
f 3456/3826 3449/3819 3458/3828
f 3454/3824 3620/4020 4986/5684
f 3458/3828 3454/3824 5009/5729
f 3454/3824 4986/5684 5009/5729
f 3459/3829 3457/3827 3502/3877
f 3453/3823 3456/3826 3499/3874
f 3456/3826 3458/3828 3499/3874
f 3502/3877 3457/3827 3503/3878
f 3499/3874 3458/3828 3506/3881
f 3458/3828 5009/5729 3506/3881
f 3457/3827 3455/3825 3503/3878
f 3503/3878 3455/3825 3505/3880
f 3505/3880 3455/3825 3504/3879
f 3455/3825 3453/3823 3504/3879
f 3453/3823 3499/3874 3504/3879
f 3504/3879 3499/3874 3507/3882
f 3499/3874 3506/3881 3507/3882
f 3391/3759 3389/3757 3390/3758
f 3389/3757 3388/3756 3377/3745
f 3385/3753 3386/3754 3374/3742
f 3387/3755 3384/3752 3386/3754
f 3403/3771 3391/3759 3390/3758
f 3390/3758 3389/3757 3382/3750
f 3389/3757 3377/3745 3382/3750
f 3387/3755 3399/3767 3384/3752
f 3403/3771 3390/3758 3393/3761
f 3384/3752 3399/3767 3420/3789
f 3399/3767 3516/3892 3420/3789
f 3420/3788 3516/3891 4960/5632
f 3421/3790 3393/3761 3394/3762
f 3422/3791 3421/3790 3394/3762
f 3422/3791 3394/3762 3431/3800
f 3431/3800 3394/3762 3430/3799
f 3431/3800 3430/3799 3451/3821
f 3451/3821 3430/3799 3452/3822
f 3452/3822 3430/3799 3441/3810
f 3452/3822 3441/3810 3462/3832
f 3441/3810 3450/3820 3462/3832
f 3462/3832 3450/3820 3498/3873
f 3450/3820 3460/3830 3498/3873
f 3498/3873 3460/3830 3513/3888
f 3513/3888 3460/3830 3512/3887
f 3460/3830 3459/3829 3502/3877
f 3460/3830 3502/3877 3512/3887
f 3502/3877 3503/3878 3517/3893
f 3506/3881 5009/5729 3529/3905
f 5009/5729 4993/5697 3529/3905
f 3517/3893 3503/3878 3518/3894
f 3518/3894 3503/3878 3519/3895
f 3503/3878 3505/3880 3519/3895
f 3505/3880 3504/3879 3519/3895
f 3504/3879 3507/3882 3520/3896
f 3507/3882 3506/3881 3522/3898
f 3507/3882 3522/3898 3521/3897
f 3522/3898 3506/3881 3529/3905
f 3519/3895 3504/3879 3520/3896
f 3507/3882 3521/3897 3520/3896
f 3411/3779 3400/3768 3391/3759
f 3400/3768 3389/3757 3391/3759
f 3400/3768 3395/3763 3389/3757
f 3395/3763 3388/3756 3389/3757
f 3395/3763 3396/3764 3388/3756
f 3396/3764 3385/3753 3388/3756
f 3396/3764 3397/3765 3385/3753
f 3385/3753 3397/3765 3386/3754
f 3397/3765 3398/3766 3386/3754
f 3398/3766 3387/3755 3386/3754
f 3387/3755 4974/5659 3399/3767
f 3399/3767 4974/5659 3516/3892
f 3410/3778 3411/3779 3391/3759
f 3410/3778 3403/3771 3425/3794
f 3410/3778 3391/3759 3403/3771
f 3425/3794 3403/3771 3393/3761
f 3425/3794 3393/3761 3421/3790
f 3426/3795 3425/3794 3421/3790
f 3426/3795 3422/3791 3442/3811
f 3426/3795 3421/3790 3422/3791
f 3442/3811 3422/3791 3461/3831
f 3461/3831 3422/3791 3431/3800
f 3461/3831 3431/3800 3451/3821
f 3461/3831 3451/3821 3495/3868
f 3495/3868 3451/3821 3452/3822
f 3495/3868 3452/3822 3501/3876
f 3501/3876 3452/3822 3462/3832
f 3501/3876 3462/3832 3511/3886
f 3462/3832 3498/3873 3511/3886
f 3511/3886 3498/3873 3523/3899
f 3523/3899 3498/3873 3513/3888
f 3512/3887 3502/3877 3526/3902
f 3526/3902 3502/3877 3525/3901
f 3502/3877 3517/3893 3525/3901
f 3529/3905 4993/5697 4965/5641
f 3529/3905 4965/5641 3611/4009
f 3522/3898 3529/3905 3541/3918
f 3529/3905 3611/4009 3541/3918
f 3520/3896 3521/3897 3543/3920
f 3396/3764 3405/3773 3397/3765
f 3401/3769 3402/3770 3395/3763
f 3401/3769 3395/3763 3400/3768
f 3402/3770 3396/3764 3395/3763
f 3404/3772 3387/3755 3398/3766
f 3404/3772 4974/5659 3387/3755
f 3404/3772 3494/3867 4974/5659
f 3412/3780 3400/3768 3411/3779
f 3423/3792 3412/3780 3410/3778
f 3412/3780 3411/3779 3410/3778
f 3423/3792 3410/3778 3425/3794
f 3428/3797 3423/3792 3425/3794
f 3427/3796 3428/3797 3425/3794
f 3440/3809 3427/3796 3426/3795
f 3427/3796 3425/3794 3426/3795
f 3440/3809 3426/3795 3467/3838
f 3467/3838 3426/3795 3442/3811
f 3467/3838 3442/3811 3514/3889
f 3442/3811 3461/3831 3508/3883
f 3508/3883 3461/3831 3509/3884
f 3509/3884 3461/3831 3495/3868
f 3509/3884 3495/3868 3510/3885
f 3510/3885 3495/3868 3501/3876
f 3510/3885 3501/3876 3528/3904
f 3528/3904 3501/3876 3511/3886
f 3528/3904 3511/3886 3523/3899
f 3523/3899 3513/3888 3524/3900
f 3524/3900 3513/3888 3512/3887
f 3526/3902 3525/3901 3532/3909
f 3525/3901 3517/3893 3532/3909
f 3532/3909 3517/3893 3534/3911
f 3517/3893 3518/3894 3534/3911
f 3518/3894 3519/3895 3534/3911
f 3534/3911 3519/3895 3535/3912
f 3519/3895 3520/3896 3535/3912
f 3535/3912 3520/3896 3543/3920
f 3543/3920 3521/3897 3544/3921
f 3521/3897 3522/3898 3544/3921
f 3522/3898 3541/3918 3544/3921
f 3544/3921 3541/3918 3545/3922
f 3541/3918 3611/4009 3545/3922
f 3408/3776 3406/3774 3402/3770
f 3413/3781 3409/3777 3401/3769
f 3409/3777 3408/3776 3401/3769
f 3401/3769 3408/3776 3402/3770
f 3402/3770 3406/3774 3396/3764
f 3406/3774 3405/3773 3396/3764
f 3407/3775 3398/3766 3405/3773
f 3407/3775 3404/3772 3398/3766
f 3407/3775 3436/3805 3404/3772
f 3436/3805 4966/5643 3404/3772
f 3404/3772 4966/5643 3494/3867
f 3424/3793 3413/3781 3412/3780
f 3413/3781 3400/3768 3412/3780
f 3413/3781 3401/3769 3400/3768
f 3424/3793 3423/3792 3438/3807
f 3424/3793 3412/3780 3423/3792
f 3438/3807 3423/3792 3428/3797
f 3438/3807 3428/3797 3427/3796
f 3479/3851 3438/3807 3440/3809
f 3438/3807 3427/3796 3440/3809
f 3479/3851 3440/3809 3500/3875
f 3500/3875 3440/3809 3467/3838
f 3500/3875 3467/3838 3530/3906
f 3530/3906 3467/3838 3514/3889
f 3530/3906 3508/3883 3531/3908
f 3442/3811 3508/3883 3514/3889
f 3530/3906 3514/3889 3508/3883
f 3531/3908 3508/3883 3547/3925
f 3547/3925 3508/3883 3509/3884
f 3547/3925 3509/3884 3538/3915
f 3538/3915 3509/3884 3510/3885
f 3538/3915 3510/3885 3537/3914
f 3537/3914 3510/3885 3528/3904
f 3537/3914 3528/3904 3548/3926
f 3548/3926 3528/3904 3536/3913
f 3528/3904 3523/3899 3536/3913
f 3536/3913 3523/3899 3524/3900
f 3536/3913 3524/3900 3542/3919
f 3542/3919 3524/3900 3527/3903
f 3524/3900 3512/3887 3526/3902
f 3524/3900 3526/3902 3527/3903
f 3527/3903 3526/3902 3546/3923
f 3546/3923 3526/3902 3533/3910
f 3526/3902 3532/3909 3533/3910
f 3545/3922 3611/4009 4945/5604
f 3545/3922 4945/5604 3634/4037
f 3532/3909 3534/3911 3556/3934
f 3543/3920 3544/3921 3564/3942
f 3544/3921 3565/3943 3564/3942
f 3544/3921 3545/3922 3565/3943
f 3545/3922 3634/4037 3567/3945
f 3535/3912 3543/3920 3561/3939
f 3561/3939 3543/3920 3564/3942
f 3545/3922 3567/3945 3565/3943
f 3408/3776 3417/3785 3406/3774
f 3417/3785 3416/3784 3406/3774
f 3416/3784 3418/3786 3405/3773
f 3418/3786 3407/3775 3405/3773
f 3418/3786 3419/3787 3407/3775
f 3419/3787 3436/3805 3407/3775
f 3436/3805 3569/3948 4966/5643
f 3414/3782 3409/3777 3413/3781
f 3429/3798 3414/3782 3413/3781
f 3429/3798 3413/3781 3424/3793
f 3439/3808 3429/3798 3438/3807
f 3429/3798 3424/3793 3438/3807
f 3439/3808 3438/3807 3482/3854
f 3482/3854 3438/3807 3491/3863
f 3491/3863 3438/3807 3479/3851
f 3500/3875 3491/3863 3479/3851
f 3500/3875 3530/3906 3549/3927
f 1273/1353 3530/3906 3531/3908
f 1273/1352 3531/3907 1242/1319
f 3125/3461 3128/3464 3132/3468
f 3131/3467 4637/5193 3145/3482
f 1242/1319 3531/3907 3547/3924
f 1242/1319 3547/3924 1241/1318
f 1241/1318 3547/3924 1277/1357
f 3547/3925 3538/3915 1277/1358
f 3538/3915 3537/3914 3557/3935
f 1277/1358 3538/3915 3557/3935
f 3542/3919 3527/3903 3555/3933
f 3527/3903 3546/3923 3555/3933
f 3546/3923 3533/3910 3562/3940
f 3562/3940 3533/3910 3558/3936
f 3533/3910 3532/3909 3558/3936
f 3532/3909 3556/3934 3558/3936
f 3567/3945 3634/4037 5004/5719
f 3556/3934 3534/3911 3559/3937
f 3534/3911 3535/3912 3559/3937
f 3559/3937 3535/3912 3560/3938
f 3535/3912 3561/3939 3560/3938
f 3434/3803 3433/3802 3408/3776
f 3434/3803 3408/3776 3409/3777
f 3433/3802 3417/3785 3408/3776
f 3419/3787 3464/3835 3436/3805
f 3436/3805 3464/3835 3569/3948
f 3435/3804 3409/3777 3414/3782
f 3435/3804 3434/3803 3409/3777
f 3437/3806 3465/3836 3414/3782
f 3463/3833 3437/3806 3429/3798
f 3437/3806 3414/3782 3429/3798
f 3463/3833 3429/3798 3439/3808
f 3497/3872 3482/3854 3491/3863
f 3549/3927 3530/3906 1273/1353
f 1283/1365 3549/3927 1273/1353
f 3148/3485 3155/3493 4675/5239
f 3148/3486 4675/5240 3147/3484
f 3134/3470 3142/3478 3143/3479
f 1277/1358 3557/3935 1538/1633
f 1538/1633 3557/3935 3601/3996
f 3537/3914 3548/3926 3557/3935
f 3601/3996 3557/3935 3568/3946
f 3568/3946 3557/3935 3548/3926
f 3548/3926 3536/3913 3563/3941
f 3563/3941 3536/3913 3542/3919
f 3563/3941 3542/3919 3555/3933
f 3560/3938 3561/3939 3609/4006
f 3561/3939 3564/3942 3609/4006
f 3565/3943 3614/4012 3564/3942
f 3565/3943 3567/3945 3614/4012
f 3567/3945 5004/5719 3614/4012
f 3472/3844 3468/3839 3418/3786
f 3472/3844 3418/3786 3416/3784
f 3433/3802 3470/3842 3417/3785
f 3470/3842 3416/3784 3417/3785
f 3470/3842 3472/3844 3416/3784
f 3468/3839 3419/3787 3418/3786
f 3468/3839 3469/3841 3419/3787
f 3419/3787 3469/3841 3464/3835
f 3465/3836 3435/3804 3414/3782
f 3478/3850 3463/3833 3439/3808
f 3497/3872 3478/3850 3482/3854
f 3478/3850 3439/3808 3482/3854
f 3491/3863 3539/3916 3497/3872
f 3491/3863 3500/3875 3539/3916
f 3549/3927 1283/1365 1245/1323
f 3154/3492 4675/5240 3171/3512
f 1283/1364 1273/1352 1233/1310
f 1273/1352 1234/1311 1233/1310
f 1273/1352 1242/1319 1234/1311
f 1242/1319 1241/1318 1234/1311
f 1234/1311 1241/1318 1236/1313
f 1241/1318 1277/1357 1236/1313
f 1277/1357 1538/1632 1239/1316
f 1277/1357 1239/1316 1236/1313
f 1538/1632 3601/3995 1239/1316
f 3601/3996 3568/3946 1246/1325
f 3548/3926 3563/3941 3568/3946
f 3571/3951 3568/3946 3563/3941
f 3571/3951 3563/3941 3570/3949
f 3563/3941 3555/3933 3570/3949
f 3570/3949 3555/3933 3574/3954
f 3574/3954 3555/3933 3566/3944
f 3555/3933 3546/3923 3566/3944
f 3546/3923 3562/3940 3566/3944
f 3566/3944 3562/3940 3604/4000
f 3562/3940 3558/3936 3604/4000
f 3604/4000 3558/3936 3608/4005
f 3558/3936 3556/3934 3608/4005
f 3556/3934 3559/3937 3612/4010
f 3559/3937 3560/3938 3612/4010
f 3614/4012 5004/5719 4988/5688
f 3612/4010 3560/3938 3613/4011
f 3560/3938 3609/4006 3613/4011
f 3609/4006 3564/3942 3610/4007
f 3564/3942 3615/4013 3610/4007
f 3564/3942 3614/4012 3615/4013
f 3471/3843 3433/3802 3434/3803
f 3471/3843 3470/3842 3433/3802
f 3466/3837 3474/3846 3435/3804
f 3466/3837 3435/3804 3465/3836
f 3477/3849 3466/3837 3437/3806
f 3466/3837 3465/3836 3437/3806
f 3492/3864 3477/3849 3463/3833
f 3477/3849 3437/3806 3463/3833
f 3492/3864 3478/3850 3515/3890
f 3492/3864 3463/3833 3478/3850
f 3515/3890 3478/3850 3497/3872
f 3540/3917 3497/3872 3553/3931
f 3553/3931 3497/3872 3539/3916
f 3597/3987 3539/3916 1245/1323
f 3159/3498 4674/5238 3160/3500
f 1283/1364 1229/1306 1245/1322
f 1283/1364 1233/1310 1229/1306
f 1229/1306 1233/1310 1231/1308
f 1233/1310 1234/1311 1231/1308
f 1234/1311 1235/1312 1231/1308
f 1234/1311 1236/1313 1235/1312
f 1236/1313 1237/1314 1235/1312
f 1236/1313 1238/1315 1237/1314
f 1236/1313 1239/1316 1238/1315
f 1239/1316 1240/1317 1238/1315
f 1239/1316 3601/3995 1240/1317
f 3601/3995 1246/1324 1240/1317
f 3568/3946 3571/3951 1246/1325
f 1246/1324 3571/3950 1548/1644
f 3571/3951 3570/3949 3602/3997
f 1548/1645 3571/3951 3602/3997
f 4878/5499 4653/5213 4679/5244
f 3566/3944 3604/4000 3607/4004
f 3607/4004 3604/4000 3608/4005
f 4988/5688 4975/5661 3614/4012
f 3608/4005 3556/3934 3612/4010
f 3615/4013 3614/4012 3627/4027
f 3614/4012 4975/5661 3627/4027
f 3472/3844 3475/3847 3468/3839
f 3475/3847 3481/3853 3468/3839
f 3481/3853 3469/3841 3468/3839
f 3481/3853 3596/3985 3469/3841
f 3474/3846 3473/3845 3435/3804
f 3469/3840 3596/3984 4916/5556
f 3477/3849 3476/3848 3466/3837
f 3493/3865 3477/3849 3492/3864
f 3515/3890 3497/3872 3540/3917
f 3164/3504 4673/5236 3184/3526
f 3553/3931 3539/3916 3597/3987
f 3553/3931 3597/3987 3603/3999
f 3158/3497 3166/3506 3162/3502
f 3158/3497 3165/3505 3166/3506
f 3597/3986 1245/1322 1189/1265
f 1245/1322 1227/1304 1189/1265
f 1245/1322 1229/1306 1227/1304
f 1227/1304 1229/1306 1228/1305
f 1229/1306 1230/1307 1228/1305
f 1229/1306 1231/1308 1230/1307
f 1231/1308 1235/1312 1232/1309
f 1231/1308 1232/1309 1230/1307
f 1232/1309 1235/1312 1274/1354
f 1235/1312 1237/1314 1274/1354
f 1237/1314 1423/1505 1274/1354
f 1423/1505 1237/1314 1243/1320
f 1237/1314 1238/1315 1243/1320
f 1238/1315 1240/1317 1243/1320
f 1240/1317 1244/1321 1243/1320
f 1240/1317 1246/1324 1244/1321
f 1244/1321 1246/1324 1249/1328
f 1249/1328 1246/1324 1548/1644
f 3602/3997 3570/3949 3606/4003
f 3570/3949 3574/3954 3606/4003
f 3606/4003 3574/3954 3617/4015
f 3574/3954 3566/3944 3617/4015
f 3617/4015 3566/3944 3616/4014
f 3566/3944 3607/4004 3616/4014
f 3612/4010 3613/4011 3623/4023
f 3609/4006 3610/4007 3624/4024
f 3610/4007 3615/4013 3625/4025
f 3615/4013 3627/4027 3626/4026
f 3489/3861 3476/3848 3477/3849
f 3552/3930 3515/3890 3573/3953
f 3493/3865 3492/3864 3515/3890
f 3552/3930 3493/3865 3515/3890
f 3573/3953 3515/3890 3540/3917
f 3573/3953 3540/3917 3586/3970
f 3540/3917 3553/3931 3586/3970
f 3170/3510 4626/5181 3185/3528
f 3553/3931 3603/3999 3586/3970
f 3597/3986 1186/1262 3603/3998
f 3597/3986 1189/1265 1186/1262
f 1189/1265 1227/1304 1226/1303
f 1227/1304 1228/1305 1226/1303
f 1226/1303 1228/1305 1424/1506
f 1228/1305 1230/1307 1424/1506
f 1230/1307 1554/1652 1424/1506
f 1554/1652 1582/1689 1028/1104
f 1554/1652 1232/1309 1582/1689
f 1232/1309 1274/1354 1087/1163
f 1232/1309 1087/1163 1582/1689
f 1274/1354 1423/1505 1087/1163
f 1423/1505 1602/1720 1087/1163
f 1423/1505 1555/1653 1602/1720
f 1602/1720 1555/1653 1072/1148
f 1243/1320 1244/1321 1247/1326
f 1244/1321 1248/1327 1247/1326
f 1244/1321 1249/1328 1248/1327
f 1249/1328 1548/1644 1271/1350
f 1548/1645 3602/3997 1542/1638
f 1542/1638 3602/3997 3619/4018
f 3619/4018 3602/3997 3618/4016
f 3618/4016 3602/3997 3606/4003
f 3618/4016 3606/4003 3622/4022
f 3606/4003 3617/4015 3622/4022
f 3607/4004 3608/4005 3621/4021
f 3612/4010 3623/4023 3628/4028
f 3627/4027 4975/5661 5005/5721
f 3613/4011 3609/4006 3623/4023
f 3609/4006 3624/4024 3623/4023
f 3610/4007 3625/4025 3624/4024
f 3625/4025 3615/4013 3626/4026
f 3626/4026 3627/4027 3635/4038
f 3627/4027 5005/5721 3635/4038
f 3480/3852 3483/3855 3472/3844
f 3483/3855 3484/3856 3475/3847
f 3484/3856 3486/3858 3475/3847
f 3472/3844 3483/3855 3475/3847
f 3475/3847 3486/3858 3481/3853
f 3486/3858 4994/5699 3481/3853
f 3489/3861 3474/3846 3476/3848
f 3550/3928 3493/3865 3552/3930
f 3177/3518 3180/3521 3221/3565
f 3181/3522 3242/3589 4877/5498
f 3603/3998 1186/1262 1463/1548
f 1187/1263 1186/1262 1188/1264
f 1186/1262 1189/1265 1188/1264
f 1188/1264 1189/1265 1191/1267
f 1189/1265 1226/1303 1191/1267
f 1226/1303 1424/1506 1191/1267
f 1028/1104 1025/1101 936/1012
f 1025/1101 937/1013 936/1012
f 1025/1101 1033/1109 937/1013
f 1033/1109 938/1014 937/1013
f 1033/1109 1072/1148 938/1014
f 1247/1326 1248/1327 1280/1361
f 1280/1361 1248/1327 1279/1360
f 1248/1327 1249/1328 1250/1329
f 1248/1327 1250/1329 1279/1360
f 1271/1350 1548/1644 1542/1637
f 3622/4022 3617/4015 3616/4014
f 3607/4004 3621/4021 3616/4014
f 3631/4033 3616/4014 3621/4021
f 3631/4033 3621/4021 3630/4031
f 3621/4021 3629/4029 3630/4031
f 3621/4021 3608/4005 3629/4029
f 3608/4005 3612/4010 3629/4029
f 3612/4010 3628/4028 3629/4029
f 3625/4025 3626/4026 3632/4034
f 3632/4034 3626/4026 3635/4038
f 3488/3860 3485/3857 3480/3852
f 3485/3857 3483/3855 3480/3852
f 3484/3856 3496/3871 3486/3858
f 3490/3862 3487/3859 3473/3845
f 3488/3860 3480/3852 3487/3859
f 3496/3871 4994/5699 3486/3858
f 3490/3862 3473/3845 3474/3846
f 3551/3929 3554/3932 3489/3861
f 3551/3929 3489/3861 3477/3849
f 3551/3929 3477/3849 3550/3928
f 3550/3928 3552/3930 3575/3955
f 3576/3956 3575/3955 3552/3930
f 3552/3930 3573/3953 3576/3956
f 1604/1724 3576/3956 3573/3953
f 3573/3953 3586/3970 1604/1724
f 3586/3969 1463/1548 1604/1723
f 3220/3564 3221/3565 3226/3570
f 1463/1548 1186/1262 1185/1261
f 1185/1261 1186/1262 1184/1260
f 1184/1260 1186/1262 1187/1263
f 1188/1264 1191/1267 1466/1551
f 1466/1551 1191/1267 1024/1100
f 1191/1267 1001/1077 1024/1100
f 1001/1077 1028/1104 951/1027
f 951/1027 1028/1104 831/907
f 1028/1104 936/1012 831/907
f 831/907 936/1012 802/878
f 936/1012 839/915 802/878
f 936/1012 937/1013 839/915
f 937/1013 938/1014 839/915
f 839/915 938/1014 824/900
f 824/900 938/1014 923/999
f 938/1014 1072/1148 923/999
f 1072/1148 1042/1118 923/999
f 1280/1361 1279/1360 1042/1118
f 1042/1118 1279/1360 1055/1131
f 1279/1360 1250/1329 1493/1579
f 1249/1328 1251/1330 1250/1329
f 1249/1328 1271/1350 1252/1331
f 1249/1328 1252/1331 1251/1330
f 1271/1350 1542/1637 1252/1331
f 1252/1331 1542/1637 1543/1639
f 1542/1637 3619/4017 1543/1639
f 1543/1639 3619/4017 3640/4046
f 3619/4018 3618/4016 3640/4047
f 3640/4047 3618/4016 3636/4039
f 3618/4016 3622/4022 3636/4039
f 3622/4022 3616/4014 3633/4035
f 3616/4014 3631/4033 3633/4035
f 3628/4028 3623/4023 2878/3160
f 3623/4023 3624/4024 2878/3160
f 2878/3160 3624/4024 2881/3166
f 3624/4024 3625/4025 2881/3166
f 3635/4038 5005/5721 4982/5676
f 3632/4034 3635/4038 3637/4041
f 3572/3952 3490/3862 3489/3861
f 3225/3569 4530/5071 3243/3591
f 4530/5070 4536/5078 4532/5073
f 3221/3565 3225/3569 3226/3570
f 1604/1723 1463/1548 1464/1549
f 1184/1260 1187/1263 1190/1266
f 1190/1266 1187/1263 1211/1288
f 1187/1263 1188/1264 1211/1288
f 1188/1264 1466/1551 1211/1288
f 1211/1288 1466/1551 1061/1137
f 1466/1551 1024/1100 1061/1137
f 1024/1100 1001/1077 895/971
f 1001/1077 951/1027 830/906
f 1001/1077 830/906 895/971
f 830/906 951/1027 831/907
f 802/878 839/915 728/804
f 839/915 824/900 728/804
f 824/900 923/999 885/961
f 923/999 1042/1118 885/961
f 885/961 1042/1118 1004/1080
f 1042/1118 1055/1131 1004/1080
f 1493/1579 1250/1329 1492/1578
f 1250/1329 1251/1330 1492/1578
f 1252/1331 1543/1639 1270/1349
f 3636/4039 3622/4022 3633/4035
f 3639/4045 3633/4035 2885/3173
f 3633/4035 3631/4033 2885/3173
f 3630/4031 3629/4029 2880/3164
f 2880/3164 3629/4029 2879/3162
f 3629/4029 3628/4028 2879/3162
f 3635/4038 4982/5676 2892/3187
f 3625/4025 3632/4034 2881/3166
f 3632/4034 3637/4041 2881/3166
f 3637/4041 3635/4038 3638/4043
f 3635/4038 2892/3187 3638/4043
f 3582/3965 3483/3855 3485/3857
f 3584/3967 3583/3966 3484/3856
f 3585/3968 3572/3952 3551/3929
f 3572/3952 3554/3932 3551/3929
f 4531/5072 4532/5073 4533/5074
f 1604/1723 1464/1549 1225/1302
f 3246/3594 3245/3593 3255/3603
f 1464/1549 1463/1548 1183/1259
f 1463/1548 1185/1261 1183/1259
f 1183/1259 1185/1261 1184/1260
f 1190/1266 1211/1288 1212/1289
f 1211/1288 1061/1137 1060/1136
f 1061/1137 896/972 1060/1136
f 1061/1137 1024/1100 896/972
f 896/972 1024/1100 895/971
f 831/907 727/803 830/906
f 831/907 802/878 727/803
f 802/878 728/804 727/803
f 728/804 824/900 659/735
f 824/900 885/961 659/735
f 885/961 1004/1080 889/965
f 885/961 889/965 659/735
f 1004/1080 1055/1131 889/965
f 889/965 1055/1131 1002/1078
f 1493/1579 1492/1578 1002/1078
f 1002/1078 1492/1578 1006/1082
f 1492/1578 1251/1330 1518/1610
f 1251/1330 1256/1335 1518/1610
f 1251/1330 1253/1332 1256/1335
f 1252/1331 1270/1349 1254/1333
f 1252/1331 1254/1333 1253/1332
f 1270/1349 1543/1639 1529/1622
f 1543/1639 3640/4046 1529/1622
f 3640/4047 3636/4039 1618/1750
f 1618/1750 3636/4039 2891/3185
f 2891/3185 3636/4039 3633/4035
f 4891/5518 4660/5222 4661/5223
f 3628/4028 2878/3160 2879/3162
f 3577/3957 3578/3958 3490/3862
f 3578/3958 3579/3960 3490/3862
f 3577/3957 3490/3862 3572/3952
f 3585/3968 3575/3955 3593/3981
f 3585/3968 3551/3929 3575/3955
f 3593/3981 3575/3955 3592/3980
f 3592/3980 3598/3989 3593/3981
f 1464/1549 1182/1258 1225/1302
f 3245/3593 3252/3600 3255/3603
f 1464/1549 1183/1259 1182/1258
f 1184/1260 1190/1266 1195/1271
f 1195/1271 1190/1266 1212/1289
f 1212/1289 1211/1288 1059/1135
f 1212/1289 1059/1135 1005/1081
f 1059/1135 1060/1136 926/1002
f 1060/1136 896/972 926/1002
f 896/972 895/971 748/824
f 895/971 830/906 748/824
f 830/906 727/803 748/824
f 727/803 728/804 658/734
f 728/804 659/735 658/734
f 659/735 889/965 878/954
f 889/965 1002/1078 878/954
f 878/954 1002/1078 943/1019
f 1002/1078 1006/1082 943/1019
f 1518/1610 1256/1335 1523/1616
f 1256/1335 1253/1332 1255/1334
f 1256/1335 1255/1334 1523/1616
f 1253/1332 1254/1333 1255/1334
f 1270/1349 1529/1622 1267/1346
f 1270/1349 1267/1346 1254/1333
f 3640/4046 1618/1749 1529/1622
f 1529/1622 1618/1749 1613/1739
f 3633/4035 3639/4045 2891/3185
f 4661/5223 4663/5225 4682/5249
f 3631/4032 3630/4030 2874/3155
f 2874/3155 3630/4030 2870/3150
f 3630/4030 2880/3163 2870/3150
f 2880/3163 2879/3161 2869/3149
f 2878/3159 2881/3165 2872/3152
f 2872/3152 2881/3165 2868/3148
f 2881/3165 3637/4040 2877/3158
f 3638/4042 2892/3188 2883/3170
f 2006/2177 4996/5703 4990/5692
f 3585/3968 3577/3957 3572/3952
f 3585/3968 3593/3981 3594/3982
f 4535/5076 4538/5081 4539/5082
f 3598/3988 1225/1302 1600/1717
f 1182/1258 1183/1259 1181/1257
f 3281/3631 3267/3616 3291/3643
f 1183/1259 1184/1260 1181/1257
f 1181/1257 1184/1260 1195/1271
f 1059/1135 926/1002 1005/1081
f 926/1002 896/972 836/912
f 836/912 896/972 748/824
f 663/739 727/803 658/734
f 878/954 877/953 659/735
f 878/954 943/1019 877/953
f 943/1019 1006/1082 877/953
f 877/953 1006/1082 948/1024
f 1006/1082 1014/1090 948/1024
f 1014/1090 1523/1616 1054/1130
f 1523/1616 1255/1334 1522/1615
f 1255/1334 1254/1333 1257/1336
f 1255/1334 1257/1336 1522/1615
f 1254/1333 1258/1337 1257/1336
f 1267/1346 1529/1622 1532/1626
f 1532/1626 1529/1622 1613/1739
f 1618/1750 2891/3185 1613/1741
f 2891/3184 3639/4044 2884/3171
f 3639/4044 2885/3172 2884/3171
f 2885/3172 2874/3155 2884/3171
f 2885/3172 3631/4032 2874/3155
f 2870/3150 2880/3163 2869/3149
f 2869/3149 2879/3161 2871/3151
f 2879/3161 2878/3159 2871/3151
f 2871/3151 2878/3159 2872/3152
f 2881/3165 2877/3158 2868/3148
f 3637/4040 3638/4042 2864/3144
f 3637/4040 2864/3144 2877/3158
f 3638/4042 2883/3170 2864/3144
f 3590/3977 3582/3965 3581/3963
f 3589/3975 3577/3957 3585/3968
f 3594/3982 3589/3975 3585/3968
f 3605/4002 3593/3981 1600/1718
f 3258/3606 4539/5082 4540/5083
f 3247/3595 3248/3596 3261/3610
f 1225/1302 1179/1255 1224/1301
f 1225/1302 1182/1258 1179/1255
f 1179/1255 1182/1258 1181/1257
f 1181/1257 1195/1271 1275/1355
f 1195/1271 1071/1147 1275/1355
f 1071/1147 977/1053 1065/1141
f 1071/1147 1005/1081 977/1053
f 1005/1081 926/1002 836/912
f 1005/1081 836/912 977/1053
f 727/803 663/739 748/824
f 658/734 659/735 660/736
f 659/735 877/953 775/851
f 877/953 948/1024 775/851
f 948/1024 1014/1090 775/851
f 775/851 1014/1090 963/1039
f 1054/1130 1522/1615 1540/1635
f 1522/1615 1257/1336 1540/1635
f 1254/1333 1267/1346 1259/1338
f 1254/1333 1259/1338 1258/1337
f 1532/1626 1613/1739 1472/1557
f 1616/1746 2891/3184 2886/3174
f 2891/3184 2884/3171 2886/3174
f 2884/3171 2874/3155 2876/3157
f 4682/5249 4663/5225 4664/5226
f 2872/3152 2868/3148 2867/3147
f 2857/3134 2877/3158 2864/3144
f 2883/3170 5010/5731 2864/3144
f 3588/3974 3579/3960 3578/3958
f 3593/3981 3605/4002 3599/3992
f 1601/1719 3605/4001 1600/1717
f 3258/3606 4540/5083 4541/5084
f 3247/3595 3261/3610 3262/3611
f 1600/1717 1225/1302 1224/1301
f 3291/3643 3290/3642 415/446
f 1179/1255 1181/1257 1180/1256
f 1180/1256 1181/1257 1276/1356
f 3298/3655 3291/3643 415/446
f 1181/1257 1275/1355 1276/1356
f 1065/1141 977/1053 939/1015
f 977/1053 836/912 939/1015
f 836/912 748/824 747/823
f 659/735 775/851 660/736
f 775/851 963/1039 805/881
f 805/881 963/1039 962/1038
f 963/1039 1054/1130 962/1038
f 962/1038 1054/1130 997/1073
f 1540/1635 1257/1336 1541/1636
f 1257/1336 1258/1337 1412/1494
f 1257/1336 1412/1494 1541/1636
f 1267/1346 1532/1626 1472/1557
f 1613/1740 2891/3184 1616/1746
f 1613/1739 1616/1745 1472/1557
f 2869/3149 2871/3151 2850/3123
f 2871/3151 2872/3152 2846/3118
f 2868/3148 2877/3158 2857/3134
f 4542/5085 4541/5084 4543/5087
f 1601/1719 1600/1717 1175/1251
f 1600/1717 1224/1301 1175/1251
f 1224/1301 1179/1255 1178/1254
f 1180/1256 1276/1356 1478/1564
f 1276/1356 1046/1122 1478/1564
f 1046/1122 1065/1141 939/1015
f 939/1015 836/912 883/959
f 748/824 663/739 747/823
f 658/734 660/736 560/636
f 775/851 661/737 660/736
f 775/851 805/881 661/737
f 805/881 962/1038 806/882
f 962/1038 997/1073 806/882
f 806/882 997/1073 958/1034
f 997/1073 1541/1636 1063/1139
f 1063/1139 1541/1636 1412/1494
f 1258/1337 1259/1338 1260/1339
f 1258/1337 1260/1339 1412/1494
f 1267/1346 1472/1557 1259/1338
f 1505/1595 1472/1557 1616/1745
f 2884/3171 2876/3157 2886/3174
f 2886/3174 2876/3157 2875/3156
f 2876/3157 2874/3155 2875/3156
f 2874/3155 2870/3150 2858/3135
f 2870/3150 2869/3149 2858/3135
f 2850/3123 2871/3151 2846/3118
f 2872/3152 2867/3147 2846/3118
f 2846/3118 2867/3147 2843/3115
f 2867/3147 2868/3148 2843/3115
f 2868/3148 2856/3133 2843/3115
f 2868/3148 2857/3134 2856/3133
f 2864/3144 5010/5731 5000/5711
f 2001/2170 3591/3979 3589/3975
f 3600/3994 3595/3983 3599/3992
f 3599/3991 3605/4001 1601/1719
f 3260/3609 4542/5086 3274/3623
f 3274/3623 4542/5086 4544/5089
f 4542/5085 4543/5087 4544/5088
f 3269/3618 3265/3614 3271/3620
f 1224/1301 1178/1254 1175/1251
f 3270/3619 3269/3618 3283/3633
f 3292/3644 3270/3619 3283/3633
f 1178/1254 1179/1255 1177/1253
f 1177/1253 1179/1255 1180/1256
f 3290/3642 3292/3644 3301/3659
f 415/446 3290/3642 3301/3659
f 1180/1256 1478/1564 1476/1562
f 1476/1562 1478/1564 1077/1153
f 1077/1153 1046/1122 965/1041
f 1046/1122 884/960 965/1041
f 1046/1122 939/1015 884/960
f 884/960 939/1015 883/959
f 883/959 836/912 767/843
f 767/843 836/912 747/823
f 747/823 663/739 664/740
f 664/740 663/739 559/635
f 805/881 806/882 661/737
f 806/882 807/883 661/737
f 806/882 958/1034 807/883
f 807/883 958/1034 959/1035
f 958/1034 1063/1139 959/1035
f 959/1035 1063/1139 1011/1087
f 1412/1494 1260/1339 1413/1495
f 1259/1338 1472/1557 1262/1341
f 1472/1557 1505/1595 1262/1341
f 2874/3155 2858/3135 2875/3156
f 2858/3135 2869/3149 2850/3123
f 1603/1721 3599/3991 1601/1719
f 1177/1253 1180/1256 1216/1293
f 1180/1256 1476/1562 1216/1293
f 884/960 883/959 767/843
f 663/739 658/734 559/635
f 658/734 560/636 559/635
f 807/883 959/1035 808/884
f 807/883 808/884 661/737
f 959/1035 1011/1087 808/884
f 808/884 1011/1087 870/946
f 1011/1087 1012/1088 870/946
f 1011/1087 1549/1646 1012/1088
f 1259/1338 1261/1340 1260/1339
f 1259/1338 1262/1341 1261/1340
f 1262/1341 1505/1595 1504/1594
f 1505/1595 1616/1745 1504/1594
f 1616/1746 2886/3174 2889/3181
f 1616/1745 2889/3180 1504/1594
f 2466/2696 2449/2672 2451/2674
f 2451/2674 2449/2672 2448/2671
f 2886/3174 2875/3156 2866/3146
f 2875/3156 2858/3135 2860/3138
f 2843/3115 2856/3133 2826/3092
f 2856/3133 2857/3134 2826/3092
f 2826/3092 2857/3134 2827/3093
f 2857/3134 2864/3144 2827/3093
f 2003/2173 2001/2170 3600/3994
f 3273/3622 3276/3625 3275/3624
f 3273/3622 3274/3623 3276/3625
f 3274/3623 4544/5089 3279/3629
f 4544/5088 4546/5091 3279/3628
f 1603/1721 1601/1719 1175/1251
f 3269/3618 3271/3620 3280/3630
f 3295/3649 3283/3633 3293/3645
f 1216/1293 1476/1562 1477/1563
f 1476/1562 1076/1152 1477/1563
f 1076/1152 1077/1153 965/1041
f 965/1041 884/960 846/922
f 846/922 884/960 767/843
f 767/843 747/823 664/740
f 664/740 559/635 665/741
f 559/635 560/636 558/634
f 560/636 660/736 562/638
f 660/736 661/737 562/638
f 661/737 808/884 662/738
f 808/884 870/946 662/738
f 870/946 1012/1088 908/984
f 1012/1088 1058/1134 908/984
f 1413/1495 1260/1339 1415/1497
f 2886/3174 2866/3146 2889/3181
f 2866/3146 2875/3156 2863/3143
f 2875/3156 2860/3138 2863/3143
f 2858/3135 2850/3123 2838/3109
f 2850/3123 2846/3118 2825/3091
f 2846/3118 2824/3090 2825/3091
f 2846/3118 2843/3115 2824/3090
f 2843/3115 2826/3092 2823/3089
f 2827/3093 2864/3144 2837/3108
f 2864/3144 5000/5711 2837/3108
f 5000/5711 2890/3183 2837/3108
f 1978/2138 3591/3978 1984/2145
f 3276/3625 3274/3623 3286/3636
f 3271/3620 3272/3621 3278/3627
f 1603/1721 1175/1251 1208/1285
f 3280/3630 3271/3620 3282/3632
f 1175/1251 1178/1254 1173/1249
f 1175/1251 1173/1249 1174/1250
f 1173/1249 1178/1254 1177/1253
f 1177/1253 1216/1293 1217/1294
f 661/737 564/640 562/638
f 564/640 661/737 662/738
f 870/946 908/984 662/738
f 662/738 908/984 909/985
f 908/984 1058/1134 909/985
f 909/985 1058/1134 1019/1095
f 1058/1134 1415/1497 1019/1095
f 1415/1497 1260/1339 1414/1496
f 1260/1339 1261/1340 1269/1348
f 1260/1339 1269/1348 1414/1496
f 1262/1341 1263/1342 1261/1340
f 1262/1341 1504/1594 1263/1342
f 1513/1603 1504/1594 2889/3180
f 2889/3181 2866/3146 1617/1748
f 2863/3143 2860/3138 2848/3120
f 2860/3138 2845/3117 2848/3120
f 2860/3138 2858/3135 2845/3117
f 2858/3135 2838/3109 2845/3117
f 4667/5229 4669/5231 4690/5259
f 2838/3109 2850/3123 2825/3091
f 2824/3090 2843/3115 2823/3089
f 2837/3108 2890/3183 2852/3127
f 1955/2107 1971/2130 1942/2092
f 3287/3637 3279/3629 4549/5095
f 3279/3628 4548/5093 4549/5094
f 3275/3624 3276/3625 3285/3635
f 3271/3620 3278/3627 3282/3632
f 1208/1285 1175/1251 1174/1250
f 3293/3645 3280/3630 3294/3646
f 1173/1249 1177/1253 1176/1252
f 1177/1253 1217/1294 1176/1252
f 1217/1294 1477/1563 1078/1154
f 1078/1154 1076/1152 978/1054
f 1076/1152 965/1041 978/1054
f 978/1054 965/1041 846/922
f 846/922 767/843 766/842
f 767/843 664/740 766/842
f 662/738 909/985 796/872
f 662/738 796/872 564/640
f 909/985 1019/1095 796/872
f 796/872 1019/1095 957/1033
f 1019/1095 1029/1105 957/1033
f 1019/1095 1414/1496 1029/1105
f 1504/1594 1513/1603 1263/1342
f 1513/1603 2889/3180 1617/1747
f 2838/3109 2825/3091 2803/3057
f 2824/3090 2823/3089 2801/3055
f 2827/3093 2837/3108 2804/3058
f 2837/3108 2852/3127 2804/3058
f 3275/3624 3285/3635 4324/4822
f 1208/1285 1174/1250 1171/1247
f 3295/3649 3294/3646 3297/3653
f 1174/1250 1173/1249 1171/1247
f 1171/1247 1173/1249 1172/1248
f 1173/1249 1176/1252 1172/1248
f 1176/1252 1217/1294 1610/1734
f 1217/1294 1078/1154 1052/1128
f 1078/1154 978/1054 1052/1128
f 665/741 559/635 556/632
f 561/637 560/636 562/638
f 564/640 796/872 795/871
f 796/872 957/1033 795/871
f 957/1033 1029/1105 795/871
f 795/871 1029/1105 944/1020
f 944/1020 1029/1105 1013/1089
f 1029/1105 1414/1496 1013/1089
f 1013/1089 1414/1496 1043/1119
f 1414/1496 1269/1348 1416/1498
f 2866/3146 2863/3143 2865/3145
f 2863/3143 2848/3120 2847/3119
f 4690/5259 4669/5231 4688/5257
f 2845/3117 2838/3109 2831/3098
f 2838/3109 2803/3057 2831/3098
f 2824/3090 2801/3055 2825/3091
f 2801/3055 2823/3089 2799/3053
f 2823/3089 2826/3092 2798/3052
f 2823/3089 2798/3052 2799/3053
f 2826/3092 2827/3093 2798/3052
f 4551/5097 4550/5096 4552/5100
f 2002/2171 2009/2183 1609/1733
f 3285/3635 3289/3641 4324/4822
f 3286/3636 3287/3637 3289/3641
f 3287/3637 4549/5095 3289/3641
f 3289/3641 4549/5095 4551/5099
f 1609/1732 1208/1285 1209/1286
f 3282/3632 4318/4811 4323/4820
f 3282/3632 3278/3627 3288/3639
f 3282/3632 3288/3639 4318/4811
f 3294/3646 3282/3632 4335/4840
f 978/1054 846/922 874/950
f 874/950 846/922 790/866
f 846/922 766/842 790/866
f 766/842 664/740 666/742
f 664/740 665/741 666/742
f 556/632 559/635 555/631
f 559/635 558/634 555/631
f 795/871 944/1020 794/870
f 944/1020 1013/1089 794/870
f 794/870 1013/1089 882/958
f 882/958 1013/1089 1043/1119
f 1043/1119 1416/1498 1044/1120
f 1416/1498 1269/1348 1417/1499
f 1269/1348 1261/1340 1264/1343
f 1269/1348 1264/1343 1417/1499
f 1261/1340 1263/1342 1264/1343
f 1263/1342 1513/1603 1265/1344
f 1265/1344 1513/1603 1514/1604
f 1514/1604 1513/1603 1617/1747
f 2866/3146 2865/3145 1617/1748
f 2865/3145 2863/3143 2847/3119
f 2848/3120 2845/3117 2831/3098
f 2831/3098 2803/3057 2781/3029
f 2825/3091 2801/3055 2803/3057
f 2827/3093 2804/3058 2798/3052
f 2804/3058 2852/3127 2861/3140
f 1986/2147 2000/2168 1985/2146
f 4324/4821 3289/3640 4321/4816
f 4321/4816 3289/3640 4322/4817
f 3289/3640 4551/5098 4322/4817
f 4551/5097 4552/5100 4322/4818
f 4318/4810 3288/3638 4317/4809
f 1171/1247 1172/1248 1169/1245
f 1169/1245 1172/1248 1219/1296
f 420/456 3297/3652 414/444
f 1172/1248 1176/1252 1278/1359
f 1172/1248 1278/1359 1219/1296
f 1052/1128 978/1054 874/950
f 1052/1128 874/950 1000/1076
f 790/866 766/842 668/744
f 766/842 666/742 668/744
f 558/634 560/636 557/633
f 882/958 1043/1119 881/957
f 1043/1119 1044/1120 881/957
f 1044/1120 1417/1499 1045/1121
f 1417/1499 1264/1343 1418/1500
f 1617/1747 1615/1743 1514/1604
f 1615/1744 1617/1748 2865/3145
f 2865/3145 2847/3119 2836/3107
f 2847/3119 2848/3120 2831/3098
f 2847/3119 2831/3098 2783/3031
f 4921/5563 4688/5257 4809/5396
f 4321/4816 4322/4817 4309/4797
f 4309/4797 4322/4817 4311/4800
f 4322/4817 4553/5102 4311/4800
f 3288/3638 4324/4821 4304/4791
f 1609/1732 1209/1286 2008/2181
f 1209/1286 1208/1285 1167/1243
f 1208/1285 1171/1247 1167/1243
f 1167/1243 1171/1247 1169/1245
f 1219/1296 1278/1359 1081/1157
f 1081/1157 1052/1128 1000/1076
f 1000/1076 874/950 875/951
f 875/951 874/950 790/866
f 558/634 557/633 555/631
f 557/633 560/636 561/637
f 795/871 794/870 564/640
f 564/640 794/870 749/825
f 794/870 882/958 749/825
f 882/958 881/957 749/825
f 881/957 1044/1120 880/956
f 1044/1120 1045/1121 880/956
f 1418/1500 1264/1343 1422/1504
f 1263/1342 1265/1344 1264/1343
f 2865/3145 2836/3107 2854/3130
f 2847/3119 2783/3031 2836/3107
f 2803/3057 2801/3055 2800/3054
f 2801/3055 2799/3053 2800/3054
f 2804/3058 2861/3140 5003/5717
f 2800/3054 2799/3053 2750/2994
f 2799/3053 2798/3052 2750/2994
f 2798/3052 2751/2995 2750/2994
f 2751/2995 2798/3052 2752/2996
f 2798/3052 2804/3058 2752/2996
f 1923/2072 1920/2068 1941/2091
f 4311/4799 4614/5168 4316/4807
f 4317/4809 3288/3638 4304/4791
f 4304/4791 4324/4821 4301/4786
f 4324/4821 4321/4816 4301/4786
f 4321/4816 4309/4797 4301/4786
f 4323/4819 4318/4810 4305/4792
f 4318/4810 4317/4809 4305/4792
f 1167/1243 1169/1245 1168/1244
f 414/444 4334/4837 4339/4848
f 414/443 4339/4847 410/436
f 1169/1245 1219/1296 1218/1295
f 1219/1296 1081/1157 1218/1295
f 881/957 880/956 749/825
f 880/956 1045/1121 879/955
f 1045/1121 1051/1127 879/955
f 1045/1121 1422/1504 1051/1127
f 2831/3098 2781/3029 2783/3031
f 2781/3029 2803/3057 2769/3014
f 2803/3057 2768/3013 2769/3014
f 2768/3013 2803/3057 2749/2993
f 2803/3057 2800/3054 2749/2993
f 2749/2993 2800/3054 2750/2994
f 2804/3058 5003/5717 2752/2996
f 4304/4791 4301/4786 4281/4759
f 4301/4786 4309/4797 4283/4761
f 4309/4797 4311/4800 4310/4798
f 4311/4800 4316/4808 4310/4798
f 4305/4792 4317/4809 4282/4760
f 4317/4809 4304/4791 4282/4760
f 1210/1287 1209/1286 1167/1243
f 4334/4837 4330/4831 4331/4832
f 4334/4837 4331/4832 4339/4848
f 1168/1244 1169/1245 1170/1246
f 1169/1245 1218/1295 1170/1246
f 1218/1295 1050/1126 1170/1246
f 1050/1126 1000/1076 875/951
f 875/951 790/866 787/863
f 666/742 665/741 667/743
f 665/741 554/630 667/743
f 665/741 556/632 554/630
f 556/632 553/629 554/630
f 880/956 879/955 749/825
f 879/955 1051/1127 906/982
f 906/982 1051/1127 989/1065
f 1422/1504 1534/1628 1096/1172
f 1422/1504 1264/1343 1268/1347
f 1422/1504 1268/1347 1534/1628
f 1264/1343 1265/1344 1266/1345
f 1264/1343 1266/1345 1268/1347
f 1514/1604 1425/1507 1265/1344
f 1514/1604 1615/1743 1425/1507
f 1425/1507 1615/1743 1612/1737
f 1615/1744 2865/3145 1612/1738
f 2865/3145 2854/3130 1612/1738
f 2836/3107 2783/3031 2820/3084
f 4809/5396 4689/5258 4829/5420
f 4310/4798 4316/4808 4296/4778
f 4282/4760 4304/4791 4280/4758
f 4304/4791 4281/4759 4280/4758
f 4330/4831 4323/4819 4306/4793
f 4323/4819 4305/4792 4306/4793
f 1168/1244 1170/1246 1158/1234
f 1067/1143 1050/1126 876/952
f 1050/1126 875/951 876/952
f 876/952 875/951 787/863
f 790/866 668/744 787/863
f 668/744 666/742 667/743
f 556/632 555/631 553/629
f 749/825 879/955 782/858
f 879/955 906/982 782/858
f 1534/1628 1268/1347 1533/1627
f 1265/1344 1425/1507 1266/1345
f 1266/1345 1425/1507 1311/1393
f 2854/3130 2836/3107 2820/3084
f 2820/3084 2783/3031 2782/3030
f 2783/3031 2781/3029 2782/3030
f 2768/3013 2749/2993 2732/2975
f 2750/2994 2751/2995 2729/2972
f 2752/2996 5003/5717 2819/3082
f 4294/4775 4310/4798 4295/4776
f 4310/4798 4296/4778 4295/4776
f 2008/2181 1210/1287 1606/1727
f 1166/1242 1606/1727 1210/1287
f 4305/4792 4282/4760 4289/4768
f 1166/1242 1210/1287 1167/1243
f 4331/4832 4330/4831 4325/4823
f 1167/1243 1168/1244 1157/1233
f 1157/1233 1168/1244 1158/1234
f 1067/1143 876/952 947/1023
f 561/637 562/638 535/611
f 906/982 989/1065 782/858
f 782/858 989/1065 820/896
f 989/1065 1023/1099 820/896
f 1533/1627 1268/1347 1272/1351
f 1268/1347 1266/1345 1272/1351
f 1471/1556 1425/1507 1612/1737
f 2782/3030 2781/3029 2771/3016
f 2781/3029 2769/3014 2771/3016
f 2769/3014 2768/3013 2732/2975
f 2749/2993 2750/2994 2727/2970
f 2750/2994 2729/2972 2727/2970
f 2751/2995 2752/2996 2730/2973
f 2751/2995 2730/2973 2729/2972
f 2752/2996 2767/3012 2730/2973
f 2752/2996 2819/3082 2767/3012
f 4283/4761 4294/4775 4278/4755
f 4294/4775 4295/4776 4270/4745
f 4270/4745 4295/4776 4276/4753
f 4295/4776 4296/4778 4276/4753
f 4306/4793 4305/4792 4289/4768
f 1166/1242 1167/1243 1157/1233
f 4325/4823 4306/4793 4300/4785
f 1157/1233 1158/1234 1155/1231
f 1155/1231 1158/1234 1284/1366
f 1284/1366 1158/1234 1068/1144
f 1068/1144 1067/1143 947/1023
f 947/1023 876/952 788/864
f 876/952 787/863 788/864
f 788/864 787/863 669/745
f 787/863 668/744 669/745
f 668/744 667/743 669/745
f 749/825 782/858 565/641
f 749/825 565/641 564/640
f 782/858 820/896 565/641
f 820/896 1023/1099 897/973
f 1023/1099 1047/1123 897/973
f 1533/1627 1272/1351 1047/1123
f 1272/1351 1266/1345 1287/1369
f 1266/1345 1311/1393 1288/1370
f 1266/1345 1288/1370 1287/1369
f 1425/1507 1471/1556 1311/1393
f 1612/1738 2854/3130 2862/3142
f 1471/1556 1612/1737 2862/3141
f 2854/3130 2844/3116 2862/3142
f 2854/3130 2820/3084 2830/3097
f 2854/3130 2830/3097 2844/3116
f 2820/3084 2782/3030 2830/3097
f 2771/3016 2769/3014 2744/2988
f 2769/3014 2732/2975 2744/2988
f 2732/2975 2749/2993 2726/2969
f 2767/3012 2819/3082 2882/3168
f 4280/4758 4281/4759 4257/4731
f 4280/4758 4257/4731 4255/4729
f 4281/4759 4283/4761 4278/4755
f 4281/4759 4278/4755 4257/4731
f 4278/4755 4294/4775 4270/4745
f 4289/4768 4282/4760 4274/4750
f 4282/4760 4280/4758 4274/4750
f 4306/4793 4289/4768 4300/4785
f 1155/1231 1284/1366 1205/1282
f 1284/1366 1068/1144 1205/1282
f 1068/1144 947/1023 1007/1083
f 1007/1083 947/1023 789/865
f 947/1023 788/864 789/865
f 553/629 555/631 540/616
f 557/633 561/637 536/612
f 562/638 564/640 563/639
f 565/641 820/896 566/642
f 820/896 897/973 566/642
f 897/973 1047/1123 999/1075
f 1047/1123 1272/1351 999/1075
f 999/1075 1272/1351 1510/1600
f 1272/1351 1287/1369 1510/1600
f 1311/1393 1471/1556 1288/1370
f 1288/1370 1471/1556 1291/1373
f 2726/2969 2749/2993 2727/2970
f 1973/2132 1975/2134 1983/2144
f 1983/2144 1606/1728 1611/1736
f 4270/4745 4276/4753 4269/4744
f 4276/4752 4610/5164 4959/5630
f 4276/4753 4959/5631 4269/4744
f 4274/4750 4280/4758 4255/4729
f 1285/1367 1166/1242 1156/1232
f 4300/4785 4289/4768 4273/4749
f 4289/4768 4274/4750 4273/4749
f 1166/1242 1157/1233 1156/1232
f 1156/1232 1157/1233 1155/1231
f 4325/4823 4300/4785 4312/4801
f 1155/1231 1205/1282 1204/1281
f 331/333 273/273 70/70
f 1205/1282 1007/1083 1074/1150
f 1007/1083 789/865 915/991
f 789/865 788/864 669/745
f 535/611 562/638 563/639
f 564/640 565/641 563/639
f 897/973 999/1075 566/642
f 566/642 999/1075 843/919
f 843/919 999/1075 985/1061
f 1510/1600 1287/1369 1289/1371
f 1510/1600 1289/1371 1511/1601
f 1287/1369 1288/1370 1289/1371
f 2730/2973 2767/3012 5012/5735
f 1988/2149 1983/2144 1611/1736
f 4959/5631 4327/4827 4269/4744
f 4257/4731 4278/4755 4256/4730
f 4312/4801 4300/4785 4290/4769
f 4300/4785 4273/4749 4290/4769
f 4325/4823 4312/4801 4328/4828
f 1074/1150 1007/1083 967/1043
f 1007/1083 915/991 967/1043
f 561/637 535/611 536/612
f 566/642 843/919 567/643
f 985/1061 1510/1600 1511/1601
f 1289/1371 1288/1370 1290/1372
f 1471/1556 2862/3141 2855/3131
f 2862/3142 2844/3116 2855/3132
f 2844/3116 2830/3097 2829/3096
f 2830/3097 2782/3030 2829/3096
f 2771/3016 2744/2988 2719/2961
f 2732/2975 2726/2969 2718/2960
f 2726/2969 2727/2970 2711/2953
f 2727/2970 2729/2972 2711/2953
f 2729/2972 2730/2973 2716/2958
f 2730/2973 2724/2967 2716/2958
f 2730/2973 5012/5735 2724/2967
f 4256/4730 4270/4745 4249/4720
f 4270/4745 4269/4744 4249/4720
f 4249/4720 4269/4744 4250/4721
f 4269/4744 4327/4827 4600/5153
f 4269/4744 4600/5153 4250/4721
f 4274/4750 4255/4729 4258/4732
f 4255/4729 4257/4731 4234/4701
f 4257/4731 4256/4730 4234/4701
f 1285/1367 1156/1232 1196/1272
f 1204/1281 1074/1150 1075/1151
f 967/1043 915/991 834/910
f 915/991 789/865 834/910
f 565/641 566/642 563/639
f 566/642 567/643 563/639
f 843/919 985/1061 567/643
f 567/643 985/1061 822/898
f 822/898 985/1061 1038/1114
f 1289/1371 1290/1372 1473/1558
f 1473/1558 1290/1372 1536/1630
f 1288/1370 1291/1373 1290/1372
f 1500/1588 1471/1556 2855/3131
f 2844/3116 2829/3096 2855/3132
f 2829/3096 2782/3030 2811/3069
f 2771/3016 2719/2961 2770/3015
f 2744/2988 2732/2975 2719/2961
f 2732/2975 2718/2960 2719/2961
f 5012/5734 4828/5419 4823/5412
f 4823/5412 4828/5419 4824/5414
f 2718/2960 2726/2969 2710/2952
f 2726/2969 2711/2953 2710/2952
f 2729/2972 2712/2954 2711/2953
f 2729/2972 2716/2958 2712/2954
f 4256/4730 4233/4700 4234/4701
f 4256/4730 4249/4720 4233/4700
f 1196/1272 1156/1232 1153/1229
f 1156/1232 1155/1231 1153/1229
f 1153/1229 1155/1231 1154/1230
f 4328/4828 4312/4801 4329/4830
f 1155/1231 1204/1281 1154/1230
f 1154/1230 1204/1281 1480/1566
f 417/450 4328/4828 4329/4830
f 1075/1151 1074/1150 968/1044
f 1074/1150 967/1043 968/1044
f 968/1044 967/1043 834/910
f 834/910 789/865 723/799
f 789/865 669/745 723/799
f 669/745 667/743 552/628
f 667/743 554/630 552/628
f 555/631 557/633 539/615
f 535/611 563/639 532/608
f 822/898 1038/1114 996/1072
f 1290/1372 1291/1373 1292/1374
f 1291/1373 1471/1556 1292/1374
f 1471/1556 1500/1588 1292/1374
f 2811/3069 2782/3030 2770/3015
f 2782/3030 2771/3016 2770/3015
f 1988/2149 1611/1736 1993/2157
f 4233/4700 4249/4720 4232/4699
f 4249/4720 4250/4721 4232/4699
f 4232/4699 4250/4721 4241/4711
f 4250/4721 4600/5153 4279/4757
f 4250/4721 4279/4757 4241/4711
f 4255/4729 4234/4701 4236/4704
f 1196/1272 1153/1229 1150/1226
f 4290/4769 4273/4749 4268/4743
f 4273/4749 4274/4750 4258/4732
f 4273/4749 4258/4732 4268/4743
f 4312/4801 4288/4767 4313/4802
f 4312/4801 4290/4769 4288/4767
f 4329/4830 4312/4801 4313/4802
f 1154/1230 1480/1566 1479/1565
f 723/799 669/745 656/732
f 669/745 552/628 656/732
f 996/1072 1038/1114 1017/1093
f 1536/1630 1290/1372 1535/1629
f 1535/1629 1290/1372 1293/1375
f 1290/1372 1292/1374 1293/1375
f 1500/1588 2855/3131 2859/3136
f 2719/2961 2673/2915 2689/2931
f 2719/2961 2718/2960 2673/2915
f 2716/2958 2724/2967 2717/2959
f 1973/2132 1988/2149 1972/2131
f 4234/4701 4233/4700 4231/4698
f 4268/4743 4258/4732 4237/4705
f 4258/4732 4236/4704 4237/4705
f 4258/4732 4255/4729 4236/4704
f 4288/4767 4290/4769 4268/4743
f 4329/4830 4313/4802 419/454
f 1479/1565 1075/1151 1034/1110
f 968/1044 834/910 832/908
f 555/631 539/615 540/616
f 563/639 567/643 532/608
f 822/898 996/1072 804/880
f 996/1072 1017/1093 804/880
f 804/880 1017/1093 1016/1092
f 1293/1375 1292/1374 1294/1376
f 1292/1374 1295/1377 1294/1376
f 1292/1374 1500/1588 1295/1377
f 2859/3137 2855/3132 2842/3114
f 2855/3132 2829/3096 2842/3114
f 2842/3114 2829/3096 2785/3033
f 2829/3096 2811/3069 2785/3033
f 2770/3015 2719/2961 2703/2945
f 2718/2960 2710/2952 2669/2911
f 2718/2960 2669/2911 2673/2915
f 2710/2952 2671/2913 2669/2911
f 2710/2952 2711/2953 2671/2913
f 2711/2953 2712/2954 2672/2914
f 2711/2953 2672/2914 2671/2913
f 2712/2954 2716/2958 2672/2914
f 2716/2958 2717/2959 2672/2914
f 1947/2098 1973/2132 1972/2131
f 1947/2098 1972/2131 1931/2080
f 4232/4699 4241/4711 4235/4703
f 4241/4711 4586/5138 4235/4703
f 4234/4701 4231/4698 4236/4704
f 4268/4743 4242/4712 4259/4733
f 4268/4743 4237/4705 4242/4712
f 1153/1229 1154/1230 1147/1223
f 1147/1223 1154/1230 1193/1269
f 1154/1230 1479/1565 1193/1269
f 1075/1151 968/1044 1034/1110
f 1034/1110 968/1044 832/908
f 832/908 834/910 723/799
f 723/799 656/732 655/731
f 567/643 822/898 717/793
f 822/898 804/880 717/793
f 1016/1092 1017/1093 1015/1091
f 1293/1375 1294/1376 1487/1573
f 1295/1377 1500/1588 1499/1587
f 1500/1588 2859/3136 1499/1587
f 2811/3069 2770/3015 2746/2990
f 2811/3069 2746/2990 2785/3033
f 2770/3015 2733/2976 2746/2990
f 2770/3015 2703/2945 2733/2976
f 2719/2961 2689/2931 2703/2945
f 4942/5597 4823/5412 4821/5410
f 2672/2914 2717/2959 2695/2937
f 2695/2937 2717/2959 4942/5598
f 4231/4698 4232/4699 4208/4674
f 4232/4699 4235/4703 4215/4682
f 4237/4705 4236/4704 4217/4684
f 1150/1226 1153/1229 1147/1223
f 4313/4802 4288/4767 4308/4796
f 419/454 4313/4802 418/452
f 1479/1565 1034/1110 1193/1269
f 1034/1110 832/908 950/1026
f 554/630 553/629 542/618
f 539/615 557/633 536/612
f 1016/1092 1015/1091 804/880
f 804/880 1015/1091 840/916
f 1487/1573 1294/1376 1495/1581
f 1294/1376 1295/1377 1296/1378
f 1294/1376 1296/1378 1495/1581
f 1295/1377 1297/1379 1296/1378
f 1295/1377 1499/1587 1297/1379
f 1499/1587 2859/3136 2851/3124
f 2851/3125 2859/3137 2842/3114
f 4942/5597 4821/5410 4863/5474
f 1972/2131 1993/2157 1990/2153
f 4236/4704 4231/4698 4217/4684
f 4231/4698 4208/4674 4206/4672
f 4232/4699 4215/4682 4208/4674
f 4242/4712 4237/4705 4219/4686
f 4237/4705 4217/4684 4219/4686
f 1150/1226 1147/1223 1145/1221
f 4308/4796 4288/4767 4259/4733
f 4313/4802 4308/4796 418/452
f 1147/1223 1193/1269 1192/1268
f 1193/1269 1034/1110 1026/1102
f 1034/1110 950/1026 1026/1102
f 950/1026 832/908 833/909
f 833/909 832/908 724/800
f 832/908 723/799 724/800
f 656/732 552/628 551/627
f 553/629 540/616 542/618
f 533/609 535/611 532/608
f 532/608 567/643 717/793
f 717/793 804/880 718/794
f 804/880 840/916 718/794
f 840/916 1015/1091 1035/1111
f 2703/2945 2689/2931 2687/2929
f 2669/2911 2671/2913 2654/2895
f 2671/2913 2672/2914 2658/2899
f 2658/2899 2672/2914 2659/2900
f 2672/2914 2695/2937 2659/2900
f 1821/1955 1844/1979 1845/1980
f 1821/1955 1822/1956 1844/1979
f 1822/1956 1838/1973 1844/1979
f 1851/1986 1922/2071 1980/2141
f 1931/2080 1972/2131 1952/2104
f 4217/4684 4231/4698 4206/4672
f 1150/1226 1145/1221 1214/1291
f 1145/1221 1147/1223 1146/1222
f 1147/1223 1192/1268 1146/1222
f 1193/1269 1026/1102 1192/1268
f 1026/1102 950/1026 833/909
f 1026/1102 833/909 866/942
f 724/800 723/799 655/731
f 540/616 539/615 538/614
f 536/612 535/611 534/610
f 1035/1111 1495/1581 1036/1112
f 1495/1581 1296/1378 1496/1582
f 1496/1582 1296/1378 1408/1490
f 1296/1378 1297/1379 1298/1380
f 1296/1378 1298/1380 1408/1490
f 1537/1631 1499/1587 2851/3124
f 2842/3114 2785/3033 2851/3125
f 2733/2976 2703/2945 2687/2929
f 2687/2929 2689/2931 2663/2905
f 2689/2931 2673/2915 2656/2897
f 2689/2931 2656/2897 2663/2905
f 2671/2913 2658/2899 2654/2895
f 2659/2900 2695/2937 2723/2966
f 1882/2022 1913/2061 1891/2037
f 1919/2067 1931/2080 1952/2104
f 4215/4682 4583/5134 4239/4708
f 4219/4686 4217/4684 4209/4675
f 4209/4675 4217/4684 4205/4671
f 4217/4684 4206/4672 4205/4671
f 418/452 4308/4796 4333/4836
f 1192/1268 1026/1102 1048/1124
f 1026/1102 866/942 1048/1124
f 866/942 833/909 724/800
f 554/630 542/618 552/628
f 840/916 1035/1111 867/943
f 867/943 1035/1111 1036/1112
f 1298/1380 1297/1379 1299/1381
f 1297/1379 1499/1587 1301/1383
f 1297/1379 1301/1383 1299/1381
f 1499/1587 1537/1631 1301/1383
f 2785/3033 2746/2990 2784/3032
f 2746/2990 2733/2976 2720/2962
f 2673/2915 2669/2911 2657/2898
f 2669/2911 2654/2895 2657/2898
f 1990/2152 1214/1291 1594/1708
f 4206/4672 4208/4674 4207/4673
f 4208/4674 4215/4682 4186/4651
f 4186/4651 4215/4682 4216/4683
f 4215/4682 4239/4708 4216/4683
f 1214/1291 1145/1221 1143/1219
f 4333/4836 4308/4796 4293/4774
f 1146/1222 1192/1268 1194/1270
f 1192/1268 1048/1124 1194/1270
f 1048/1124 866/942 850/926
f 866/942 724/800 850/926
f 539/615 536/612 538/614
f 534/610 535/611 533/609
f 532/608 717/793 530/606
f 718/794 840/916 800/876
f 840/916 867/943 800/876
f 1036/1112 1496/1582 1056/1132
f 2851/3125 2785/3033 2784/3032
f 2720/2962 2733/2976 2687/2929
f 2673/2915 2657/2898 2656/2897
f 2723/2966 4863/5475 2756/3001
f 2654/2895 2658/2899 2647/2888
f 2658/2899 2659/2900 2646/2887
f 2659/2900 2723/2966 2646/2887
f 1765/1899 1803/1937 1821/1955
f 1848/1983 1793/1927 1829/1963
f 4207/4673 4208/4674 4186/4651
f 4216/4683 4239/4708 4240/4710
f 1594/1708 1214/1291 1143/1219
f 4205/4671 4206/4672 4139/4603
f 4139/4603 4206/4672 4188/4653
f 4206/4672 4207/4673 4188/4653
f 4230/4697 4242/4712 4198/4663
f 4242/4712 4219/4686 4198/4663
f 4219/4686 4209/4675 4198/4663
f 4333/4836 4293/4774 443/497
f 4333/4835 443/496 404/426
f 1194/1270 1048/1124 1070/1146
f 1070/1146 1048/1124 976/1052
f 1048/1124 850/926 976/1052
f 655/731 656/732 657/733
f 536/612 534/610 537/613
f 717/793 718/794 530/606
f 867/943 1036/1112 920/996
f 1036/1112 1056/1132 920/996
f 1408/1490 1298/1380 1400/1482
f 1298/1380 1299/1381 1300/1382
f 1298/1380 1300/1382 1400/1482
f 1299/1381 1301/1383 1300/1382
f 1537/1631 2851/3124 2849/3121
f 2849/3122 2851/3125 2784/3032
f 2784/3032 2746/2990 2720/2962
f 2756/3000 4863/5474 4817/5406
f 2657/2898 2654/2895 2609/2847
f 2654/2895 2647/2888 2609/2847
f 2646/2887 2723/2966 2756/3001
f 4186/4651 4216/4683 4143/4607
f 4216/4683 4240/4710 4143/4607
f 1143/1219 1145/1221 1142/1218
f 1145/1221 1146/1222 1142/1218
f 4293/4774 4230/4697 4262/4737
f 4293/4774 4262/4737 443/497
f 718/794 800/876 719/795
f 867/943 920/996 800/876
f 920/996 1056/1132 1057/1133
f 1300/1382 1301/1383 1302/1384
f 1537/1631 2849/3121 1410/1492
f 2687/2929 2663/2905 2627/2865
f 2663/2905 2656/2897 2610/2848
f 2756/3000 4817/5406 2873/3153
f 2656/2897 2657/2898 2609/2847
f 2656/2897 2609/2847 2610/2848
f 2647/2888 2658/2899 2607/2845
f 2658/2899 2646/2887 2607/2845
f 2646/2887 2756/3001 2660/2901
f 4240/4710 4570/5120 4143/4607
f 4205/4671 4139/4603 4167/4631
f 4207/4673 4160/4624 4188/4653
f 4207/4673 4186/4651 4160/4624
f 4198/4663 4209/4675 4167/4631
f 4209/4675 4205/4671 4167/4631
f 1143/1219 1142/1218 1138/1214
f 4230/4697 4198/4663 4181/4646
f 1142/1218 1146/1222 1160/1236
f 1146/1222 1194/1270 1160/1236
f 1194/1270 1070/1146 1160/1236
f 976/1052 850/926 821/897
f 850/926 724/800 821/897
f 724/800 655/731 657/733
f 533/609 532/608 531/607
f 718/794 719/795 530/606
f 800/876 920/996 803/879
f 920/996 1057/1133 995/1071
f 920/996 995/1071 803/879
f 1057/1133 1592/1705 995/1071
f 1301/1383 1537/1631 1410/1492
f 2849/3122 2784/3032 2828/3095
f 2784/3032 2720/2962 2766/3011
f 2687/2929 2627/2865 2686/2928
f 2646/2887 2660/2901 2608/2846
f 1953/2105 1594/1709 1605/1726
f 4160/4624 4186/4651 4142/4606
f 4186/4651 4143/4607 4142/4606
f 4181/4646 4198/4663 4157/4621
f 4198/4663 4167/4631 4157/4621
f 404/426 443/496 449/509
f 1070/1146 976/1052 988/1064
f 988/1064 976/1052 821/897
f 724/800 657/733 720/796
f 657/733 656/732 551/627
f 533/609 531/607 534/610
f 532/608 530/606 531/607
f 800/876 803/879 719/795
f 1400/1482 1300/1382 1397/1479
f 1300/1382 1302/1384 1397/1479
f 1302/1384 1301/1383 1303/1385
f 1301/1383 1410/1492 1303/1385
f 2784/3032 2766/3011 2828/3095
f 2766/3011 2720/2962 2728/2971
f 2728/2971 2720/2962 2686/2928
f 2720/2962 2687/2929 2686/2928
f 2663/2905 2610/2848 2627/2865
f 2609/2847 2647/2888 2595/2833
f 2647/2888 2607/2845 2595/2833
f 2607/2845 2646/2887 2608/2846
f 4122/4585 4160/4624 4133/4596
f 4160/4624 4142/4606 4133/4596
f 4143/4607 4570/5120 4202/4668
f 1594/1708 1143/1219 1144/1220
f 4157/4621 4167/4631 4118/4581
f 449/508 4262/4737 4193/4658
f 4262/4737 4230/4697 4193/4658
f 1142/1218 1160/1236 1139/1215
f 1160/1236 1073/1149 1139/1215
f 1160/1236 1070/1146 1073/1149
f 1073/1149 1070/1146 988/1064
f 988/1064 821/897 823/899
f 821/897 724/800 720/796
f 551/627 552/628 550/626
f 803/879 995/1071 892/968
f 995/1071 1021/1097 892/968
f 995/1071 1397/1479 1041/1117
f 2849/3121 2828/3094 1410/1492
f 2610/2848 2609/2847 2591/2829
f 2591/2829 2609/2847 2578/2816
f 2595/2833 2607/2845 2572/2809
f 2607/2845 2608/2846 2577/2815
f 4118/4581 4139/4603 4096/4559
f 4139/4603 4122/4585 4096/4559
f 4142/4606 4143/4607 4124/4587
f 4124/4587 4143/4607 4134/4597
f 4143/4607 4202/4668 4134/4597
f 1144/1220 1143/1219 1138/1214
f 4181/4646 4157/4621 4156/4620
f 1138/1214 1142/1218 1139/1215
f 823/899 821/897 720/796
f 552/628 542/618 550/626
f 542/618 540/616 541/617
f 540/616 538/614 541/617
f 1041/1117 1397/1479 1399/1481
f 1397/1479 1302/1384 1399/1481
f 1303/1385 1410/1492 1305/1387
f 1305/1387 1410/1492 1407/1489
f 1410/1492 1608/1730 1407/1489
f 1410/1492 2828/3094 1608/1730
f 2828/3095 2766/3011 1608/1731
f 2670/2912 2686/2928 2648/2889
f 2686/2928 2627/2865 2648/2889
f 2627/2865 2626/2864 2648/2889
f 2627/2865 2591/2829 2626/2864
f 2627/2865 2610/2848 2591/2829
f 2609/2847 2595/2833 2578/2816
f 2578/2816 2595/2833 2573/2810
f 2608/2846 2660/2901 4983/5678
f 1824/1958 1866/2004 1835/1970
f 4118/4581 4096/4559 4090/4553
f 4122/4585 4133/4596 4094/4557
f 4133/4596 4142/4606 4124/4587
f 4156/4620 4157/4621 4118/4581
f 1138/1214 1139/1215 1136/1212
f 1073/1149 988/1064 956/1032
f 988/1064 823/899 956/1032
f 542/618 543/619 550/626
f 537/613 534/610 568/644
f 534/610 531/607 511/587
f 719/795 803/879 726/802
f 803/879 892/968 726/802
f 1399/1481 1302/1384 1398/1480
f 1302/1384 1303/1385 1304/1386
f 1302/1384 1304/1386 1398/1480
f 1303/1385 1305/1387 1304/1386
f 1608/1731 2766/3011 2747/2991
f 2766/3011 2728/2971 2747/2991
f 2728/2971 2686/2928 2670/2912
f 2595/2833 2572/2809 2573/2810
f 2572/2809 2607/2845 2577/2815
f 4130/4593 4118/4581 4090/4553
f 4096/4559 4122/4585 4094/4557
f 4156/4620 4118/4581 4130/4593
f 4181/4646 4156/4620 4164/4628
f 1136/1212 1139/1215 1148/1224
f 1139/1215 1073/1149 1037/1113
f 1139/1215 1037/1113 1148/1224
f 1073/1149 956/1032 1037/1113
f 543/619 542/618 541/617
f 892/968 1021/1097 893/969
f 1021/1097 1041/1117 893/969
f 893/969 1041/1117 930/1006
f 2747/2991 2728/2971 2670/2912
f 2577/2815 2608/2846 2639/2879
f 1944/2094 1605/1726 1965/2122
f 4124/4587 4134/4597 4095/4558
f 1605/1725 1144/1220 1137/1213
f 1605/1725 1137/1213 1965/2123
f 4096/4559 4094/4557 4084/4547
f 1144/1220 1138/1214 1137/1213
f 1137/1213 1138/1214 1136/1212
f 424/462 449/508 4244/4714
f 956/1032 823/899 801/877
f 823/899 720/796 801/877
f 550/626 543/619 544/620
f 538/614 537/613 507/583
f 507/583 537/613 568/644
f 568/644 534/610 511/587
f 511/587 531/607 512/588
f 719/795 726/802 530/606
f 892/968 893/969 726/802
f 1398/1480 1304/1386 1402/1484
f 2626/2864 2591/2829 2568/2805
f 4983/5677 4816/5404 4803/5387
f 1759/1893 1782/1916 1763/1897
f 4084/4547 4094/4557 4087/4550
f 4094/4557 4095/4558 4087/4550
f 4094/4557 4124/4587 4095/4558
f 4095/4558 4134/4597 4123/4586
f 4134/4597 4315/4806 4214/4681
f 4134/4597 4214/4681 4123/4586
f 4096/4559 4085/4548 4090/4553
f 4096/4559 4084/4547 4085/4548
f 4164/4628 4156/4620 4154/4618
f 4193/4658 4164/4628 4154/4618
f 1037/1113 956/1032 801/877
f 1037/1113 801/877 837/913
f 551/627 550/626 549/625
f 512/588 531/607 521/597
f 531/607 530/606 521/597
f 530/606 726/802 740/816
f 726/802 893/969 740/816
f 893/969 930/1006 740/816
f 1304/1386 1305/1387 1306/1388
f 1305/1387 1407/1489 1307/1389
f 1305/1387 1307/1389 1306/1388
f 2670/2912 2648/2889 2649/2890
f 2648/2889 2626/2864 2613/2851
f 2591/2829 2578/2816 2567/2804
f 2578/2816 2573/2810 2555/2792
f 2573/2810 2572/2809 2553/2790
f 2573/2810 2553/2790 2555/2792
f 2572/2809 2577/2815 2554/2791
f 1706/1838 1695/1827 1718/1851
f 4095/4558 4123/4586 4088/4551
f 4130/4593 4090/4553 4131/4594
f 1137/1213 1136/1212 1135/1211
f 4154/4618 4156/4620 4131/4594
f 4156/4620 4130/4593 4131/4594
f 1136/1212 1148/1224 1149/1225
f 4244/4714 4193/4658 4192/4657
f 4193/4658 4154/4618 4192/4657
f 1149/1225 1148/1224 1598/1714
f 1148/1224 1037/1113 1079/1155
f 1148/1224 1079/1155 1598/1714
f 1037/1113 837/913 1079/1155
f 720/796 657/733 670/746
f 740/816 930/1006 847/923
f 930/1006 1053/1129 847/923
f 847/923 1053/1129 1049/1125
f 1402/1484 1304/1386 1395/1477
f 1304/1386 1306/1388 1395/1477
f 2690/2932 2670/2912 2649/2890
f 2648/2889 2613/2851 2649/2890
f 2626/2864 2568/2805 2613/2851
f 4983/5677 4803/5387 2808/3065
f 2591/2829 2567/2804 2568/2805
f 2578/2816 2555/2792 2567/2804
f 2572/2809 2554/2791 2553/2790
f 2577/2815 2561/2798 2554/2791
f 2577/2815 2639/2879 2561/2798
f 1137/1213 1135/1211 2004/2174
f 424/461 4244/4715 63/63
f 801/877 720/796 721/797
f 657/733 551/627 654/730
f 538/614 507/583 541/617
f 507/583 568/644 509/585
f 1608/1731 2747/2991 2774/3019
f 2747/2991 2670/2912 2690/2932
f 2747/2991 2690/2932 2706/2948
f 4087/4550 4095/4558 4088/4551
f 4131/4594 4090/4553 4091/4554
f 4091/4554 4090/4553 4068/4531
f 4068/4531 4090/4553 4085/4548
f 1135/1211 1136/1212 1134/1210
f 1136/1212 1149/1225 1134/1210
f 1598/1714 1079/1155 1607/1729
f 1607/1729 1079/1155 1062/1138
f 1079/1155 837/913 1062/1138
f 1062/1138 837/913 813/889
f 837/913 801/877 721/797
f 837/913 721/797 813/889
f 654/730 551/627 549/625
f 568/644 511/587 509/585
f 530/606 522/598 521/597
f 1049/1125 1395/1477 1396/1478
f 1395/1477 1306/1388 1309/1391
f 1395/1477 1309/1391 1396/1478
f 1306/1388 1307/1389 1308/1390
f 1306/1388 1308/1390 1309/1391
f 1307/1389 1407/1489 1308/1390
f 1407/1489 1608/1730 1406/1488
f 1406/1488 1608/1730 2774/3020
f 2747/2991 2706/2948 2774/3019
f 2649/2890 2613/2851 2642/2883
f 2561/2798 2639/2879 2552/2789
f 2639/2879 2808/3066 2552/2789
f 1918/2066 1965/2122 1929/2078
f 1965/2122 2004/2175 1974/2133
f 4088/4551 4123/4586 4843/5441
f 4123/4586 4214/4681 4843/5441
f 4244/4714 4227/4694 439/488
f 4244/4714 4192/4657 4179/4644
f 4244/4714 4179/4644 4227/4694
f 4192/4657 4154/4618 4179/4644
f 522/598 740/816 741/817
f 740/816 847/923 741/817
f 847/923 1049/1125 905/981
f 847/923 905/981 741/817
f 1049/1125 1064/1140 905/981
f 1308/1390 1407/1489 1406/1488
f 2690/2932 2649/2890 2642/2883
f 2642/2883 2613/2851 2601/2839
f 2555/2792 2553/2790 2528/2765
f 2528/2765 2553/2790 2529/2766
f 2553/2790 2554/2791 2529/2766
f 2554/2791 2561/2798 2529/2766
f 4084/4547 4087/4550 4067/4530
f 4087/4550 4088/4551 4067/4530
f 4088/4551 4843/5441 4069/4532
f 4131/4594 4091/4554 4127/4590
f 4179/4644 4154/4618 4155/4619
f 4154/4618 4127/4590 4155/4619
f 4154/4618 4131/4594 4127/4590
f 721/797 720/796 670/746
f 541/617 507/583 506/582
f 530/606 740/816 522/598
f 2690/2932 2642/2883 2706/2948
f 2613/2851 2568/2805 2601/2839
f 2567/2804 2555/2792 2546/2783
f 2555/2792 2528/2765 2546/2783
f 2529/2766 2561/2798 2552/2789
f 1929/2078 1965/2122 1974/2133
f 4085/4548 4084/4547 4068/4531
f 4084/4547 4067/4530 4068/4531
f 4067/4530 4088/4551 4069/4532
f 4091/4554 4068/4531 4070/4533
f 1134/1210 1149/1225 1161/1237
f 1149/1225 1598/1714 1161/1237
f 2601/2839 2568/2805 2563/2800
f 2568/2805 2567/2804 2546/2783
f 2568/2805 2546/2783 2563/2800
f 1161/1237 1598/1714 1625/1757
f 1598/1714 1607/1729 1625/1757
f 544/620 543/619 541/617
f 1406/1488 2774/3020 1599/1715
f 2706/2948 2642/2883 2667/2909
f 4843/5440 4575/5125 4599/5151
f 2004/2174 1135/1211 1162/1238
f 813/889 721/797 722/798
f 549/625 550/626 546/622
f 511/587 512/588 510/586
f 522/598 741/817 725/801
f 1308/1390 1406/1488 1313/1395
f 1313/1395 1406/1488 1558/1657
f 1406/1488 1599/1715 1558/1657
f 2774/3019 2706/2948 2705/2947
f 2667/2909 2642/2883 2617/2855
f 2642/2883 2601/2839 2582/2820
f 2601/2839 2563/2800 2562/2799
f 2601/2839 2562/2799 2582/2820
f 2563/2800 2546/2783 2562/2799
f 2552/2789 2808/3066 2576/2813
f 2529/2766 2552/2789 2517/2754
f 2552/2789 2576/2813 2517/2754
f 1929/2078 1974/2133 1960/2115
f 4843/5440 4599/5151 4137/4601
f 4067/4530 4069/4532 4066/4529
f 4066/4529 4069/4532 4063/4526
f 4069/4532 4843/5441 4063/4526
f 1625/1757 1607/1729 1093/1169
f 1607/1729 1062/1138 1093/1169
f 670/746 657/733 548/624
f 657/733 654/730 548/624
f 550/626 544/620 546/622
f 509/585 511/587 510/586
f 1309/1391 1308/1390 1310/1392
f 2705/2947 2706/2948 2667/2909
f 2642/2883 2582/2820 2617/2855
f 2562/2799 2546/2783 2480/2717
f 2546/2783 2528/2765 2530/2767
f 2528/2765 2518/2755 2530/2767
f 2528/2765 2529/2766 2517/2754
f 1929/2078 1960/2115 1930/2079
f 1974/2133 2004/2175 1515/1606
f 4068/4531 4067/4530 4065/4528
f 4127/4590 4098/4561 4141/4605
f 4127/4590 4091/4554 4098/4561
f 4091/4554 4070/4533 4097/4560
f 4179/4644 4155/4619 4178/4643
f 4155/4619 4127/4590 4141/4605
f 1093/1169 1062/1138 1032/1108
f 1062/1138 813/889 1032/1108
f 905/981 1064/1140 994/1070
f 2774/3019 2705/2947 1599/1716
f 2480/2717 2546/2783 2530/2767
f 2528/2765 2517/2754 2518/2755
f 4070/4533 4068/4531 4065/4528
f 1162/1238 1135/1211 1133/1209
f 4098/4561 4091/4554 4097/4560
f 1135/1211 1134/1210 1133/1209
f 4155/4619 4141/4605 4178/4643
f 721/797 670/746 722/798
f 507/583 509/585 508/584
f 2667/2909 2617/2855 2665/2907
f 4067/4530 4066/4529 4065/4528
f 1134/1210 1161/1237 1165/1241
f 439/488 4227/4694 4223/4690
f 4227/4694 4179/4644 4223/4690
f 4223/4690 4179/4644 4178/4643
f 1161/1237 1625/1757 1165/1241
f 1032/1108 813/889 814/890
f 813/889 722/798 814/890
f 544/620 541/617 545/621
f 541/617 506/582 545/621
f 506/582 507/583 505/581
f 505/581 507/583 508/584
f 2705/2947 2667/2909 2665/2907
f 2530/2767 2518/2755 2481/2718
f 63/63 387/401 4336/4842
f 63/63 4336/4842 49/49
f 654/730 549/625 548/624
f 546/622 544/620 545/621
f 512/588 513/589 510/586
f 1619/1751 1481/1567 1097/1173
f 2617/2855 2582/2820 2583/2821
f 2582/2820 2562/2799 2583/2821
f 4066/4529 4060/4523 4065/4528
f 4097/4560 4070/4533 4071/4534
f 1097/1173 1481/1567 1588/1698
f 1558/1657 1599/1715 1527/1620
f 1599/1716 2705/2947 2793/3044
f 2793/3044 2705/2947 2739/2982
f 2562/2799 2480/2717 2539/2776
f 2576/2814 2808/3065 4902/5537
f 2517/2754 2576/2813 2525/2762
f 439/488 4223/4690 4266/4741
f 1165/1241 1625/1757 1629/1761
f 1625/1757 1093/1169 1629/1761
f 722/798 670/746 678/754
f 670/746 671/747 678/754
f 670/746 548/624 671/747
f 509/585 504/580 508/584
f 509/585 510/586 504/580
f 725/801 770/846 523/599
f 725/801 741/817 770/846
f 1310/1392 1308/1390 1312/1394
f 1308/1390 1313/1395 1312/1394
f 2665/2907 2617/2855 2618/2856
f 2583/2821 2562/2799 2569/2806
f 2481/2718 2518/2755 2517/2754
f 1930/2079 1960/2115 1934/2083
f 4065/4528 4060/4523 4059/4522
f 4060/4523 4066/4529 4063/4526
f 522/598 725/801 523/599
f 2525/2762 2576/2813 2635/2874
f 4070/4533 4065/4528 4059/4522
f 4223/4690 4178/4643 4180/4645
f 512/588 521/597 514/590
f 521/597 522/598 520/596
f 741/817 905/981 816/892
f 905/981 994/1070 816/892
f 1313/1395 1558/1657 1527/1620
f 1527/1620 1599/1715 2793/3043
f 2617/2855 2583/2821 2584/2822
f 2562/2799 2539/2776 2569/2806
f 2530/2767 2481/2718 2480/2717
f 2481/2718 2517/2754 2489/2726
f 2489/2726 2517/2754 2516/2753
f 4071/4534 4070/4533 4059/4522
f 1133/1209 1134/1210 1132/1208
f 4178/4643 4141/4605 4180/4645
f 1134/1210 1165/1241 1132/1208
f 1093/1169 1032/1108 1020/1096
f 1032/1108 814/890 1020/1096
f 548/624 549/625 546/622
f 513/589 512/588 514/590
f 514/590 521/597 520/596
f 741/817 816/892 770/846
f 816/892 994/1070 993/1069
f 1312/1394 1313/1395 1314/1396
f 1313/1395 1527/1620 1314/1396
f 2739/2982 2705/2947 2704/2946
f 2705/2947 2665/2907 2704/2946
f 2617/2855 2584/2822 2618/2856
f 2576/2814 4902/5537 2815/3075
f 2517/2754 2525/2762 2516/2753
f 4060/4523 4063/4526 4053/4516
f 4141/4605 4098/4561 4109/4572
f 4098/4561 4097/4560 4109/4572
f 4180/4645 4141/4605 4150/4614
f 1020/1096 814/890 760/836
f 814/890 722/798 760/836
f 722/798 678/754 760/836
f 546/622 545/621 496/572
f 545/621 506/582 496/572
f 508/584 504/580 505/581
f 1310/1392 1312/1394 1340/1422
f 2704/2946 2665/2907 2664/2906
f 1872/2010 1925/2074 1871/2009
f 4137/4601 4599/5151 4607/5160
f 513/589 514/590 503/579
f 1097/1173 1588/1698 1620/1752
f 4071/4534 4059/4522 4072/4535
f 548/624 546/622 547/623
f 510/586 503/579 504/580
f 510/586 513/589 503/579
f 2665/2907 2618/2856 2664/2906
f 2583/2821 2569/2806 2584/2822
f 2539/2776 2480/2717 2482/2719
f 2480/2717 2481/2718 2482/2719
f 4137/4600 4607/5161 4168/4632
f 4097/4560 4071/4534 4072/4535
f 4266/4741 4223/4690 4228/4695
f 4223/4690 4180/4645 4228/4695
f 496/572 506/582 498/574
f 506/582 505/581 498/574
f 522/598 523/599 520/596
f 2481/2718 2483/2720 2482/2719
f 1515/1605 1162/1238 1163/1239
f 4059/4522 4060/4523 4055/4518
f 4060/4523 4053/4516 4055/4518
f 1162/1238 1133/1209 1163/1239
f 4228/4695 4180/4645 4195/4660
f 1629/1761 1093/1169 1088/1164
f 1093/1169 1020/1096 1088/1164
f 49/49 4336/4842 378/388
f 49/49 378/388 135/135
f 760/836 678/754 677/753
f 505/581 504/580 498/574
f 1934/2084 1515/1605 1516/1607
f 1163/1239 1133/1209 1131/1207
f 4141/4605 4109/4572 4150/4614
f 4097/4560 4072/4535 4109/4572
f 1133/1209 1132/1208 1131/1207
f 4180/4645 4150/4614 4195/4660
f 1165/1241 1629/1761 1630/1762
f 1629/1761 1088/1164 1630/1762
f 546/622 496/572 547/623
f 2481/2718 2489/2726 2483/2720
f 4909/5548 4561/5110 4559/5108
f 1515/1605 1163/1239 1516/1607
f 1088/1164 1020/1096 935/1011
f 1020/1096 760/836 935/1011
f 678/754 671/747 677/753
f 1527/1620 2793/3043 1503/1593
f 4072/4535 4059/4522 4057/4520
f 4057/4520 4059/4522 4055/4518
f 515/591 503/579 514/590
f 1314/1396 1527/1620 1503/1593
f 1503/1593 2793/3043 2794/3045
f 2489/2726 2516/2753 2490/2727
f 4168/4632 4607/5161 4125/4588
f 4125/4588 4607/5161 4303/4789
f 4053/4516 4054/4517 4055/4518
f 548/624 547/623 569/645
f 1097/1173 1620/1752 1086/1162
f 498/574 504/580 501/577
f 504/580 503/579 501/577
f 503/579 502/578 501/577
f 4559/5108 4561/5110 4557/5106
f 4266/4741 4228/4695 4267/4742
f 135/135 378/388 4319/4812
f 671/747 548/624 569/645
f 547/623 496/572 495/571
f 496/572 498/574 497/573
f 514/590 520/596 519/595
f 520/596 523/599 524/600
f 1312/1394 1314/1396 1315/1397
f 1314/1396 1503/1593 1315/1397
f 2569/2806 2539/2776 2540/2777
f 2815/3075 4902/5537 4917/5557
f 2482/2719 2483/2720 2484/2721
f 2483/2720 2489/2726 2490/2727
f 4072/4535 4057/4520 4082/4545
f 4057/4520 4055/4518 4050/4513
f 4150/4614 4109/4572 4149/4613
f 4109/4572 4072/4535 4083/4546
f 671/747 569/645 672/748
f 569/645 547/623 494/570
f 494/570 547/623 495/571
f 497/573 498/574 499/575
f 503/579 515/591 502/578
f 520/596 524/600 519/595
f 523/599 770/846 524/600
f 2793/3044 2739/2982 2794/3046
f 2704/2946 2664/2906 2682/2924
f 2664/2906 2618/2856 2619/2857
f 1871/2009 1925/2074 1906/2054
f 4150/4614 4149/4613 4166/4630
f 1132/1208 1165/1241 1223/1300
f 1165/1241 1630/1762 1223/1300
f 495/571 496/572 486/562
f 496/572 497/573 486/562
f 498/574 501/577 499/575
f 1340/1422 1312/1394 1316/1398
f 1312/1394 1315/1397 1316/1398
f 2739/2982 2704/2946 2682/2924
f 2682/2924 2664/2906 2619/2857
f 2599/2837 2584/2822 2585/2823
f 2584/2822 2569/2806 2540/2777
f 2539/2776 2482/2719 2487/2724
f 2482/2719 2484/2721 2487/2724
f 1934/2083 1516/1608 1957/2111
f 4083/4546 4072/4535 4082/4545
f 4195/4660 4150/4614 4166/4630
f 935/1011 760/836 759/835
f 760/836 677/753 759/835
f 2618/2856 2584/2822 2619/2857
f 2584/2822 2540/2777 2585/2823
f 2540/2777 2539/2776 2487/2724
f 2484/2721 2483/2720 2485/2722
f 4055/4518 4054/4517 4050/4513
f 4228/4695 4195/4660 4197/4662
f 677/753 671/747 672/748
f 2483/2720 2490/2727 2485/2722
f 1630/1762 1088/1164 1223/1300
f 135/135 4319/4812 134/134
f 514/590 519/595 516/592
f 524/600 770/846 771/847
f 770/846 816/892 771/847
f 2619/2857 2584/2822 2599/2837
f 4054/4517 4125/4588 4056/4519
f 4057/4520 4050/4513 4052/4515
f 4050/4513 4054/4517 4056/4519
f 4109/4572 4083/4546 4110/4573
f 4195/4660 4166/4630 4197/4662
f 4228/4695 4197/4662 4229/4696
f 501/577 502/578 500/576
f 771/847 816/892 815/891
f 816/892 993/1069 815/891
f 1086/1162 1620/1752 1621/1753
f 1340/1422 1316/1398 1394/1476
f 2490/2727 2516/2753 2515/2752
f 4056/4519 4125/4588 4126/4589
f 4125/4588 4303/4789 4126/4589
f 4050/4513 4051/4514 4052/4515
f 4267/4742 4228/4695 4229/4696
f 497/573 499/575 500/576
f 499/575 501/577 500/576
f 515/591 514/590 516/592
f 516/592 519/595 518/594
f 815/891 993/1069 992/1068
f 2682/2924 2619/2857 2683/2925
f 2516/2753 2525/2762 2531/2768
f 2516/2753 2531/2768 2515/2752
f 2525/2762 2635/2874 2531/2768
f 4149/4613 4109/4572 4110/4573
f 1088/1164 935/1011 865/941
f 935/1011 759/835 865/941
f 865/941 759/835 757/833
f 759/835 677/753 757/833
f 677/753 672/748 674/750
f 672/748 569/645 673/749
f 2585/2823 2540/2777 2541/2778
f 1223/1300 1088/1164 1066/1142
f 1088/1164 865/941 1066/1142
f 134/134 4319/4812 4292/4772
f 674/750 672/748 673/749
f 569/645 494/570 493/569
f 515/591 516/592 517/593
f 1086/1162 1621/1753 1085/1161
f 2540/2777 2487/2724 2541/2778
f 2531/2768 2635/2874 2636/2875
f 4229/4696 4197/4662 4218/4685
f 494/570 495/571 486/562
f 502/578 515/591 517/593
f 2794/3046 2739/2982 2757/3002
f 2739/2982 2682/2924 2757/3002
f 2815/3075 4917/5557 2816/3077
f 4057/4520 4052/4515 4058/4521
f 677/753 674/750 757/833
f 519/595 524/600 518/594
f 524/600 525/601 518/594
f 524/600 771/847 525/601
f 1315/1397 1503/1593 1530/1623
f 1503/1593 2794/3045 1530/1623
f 2619/2857 2599/2837 2620/2858
f 1516/1607 1163/1239 1507/1597
f 4057/4520 4058/4521 4082/4545
f 673/749 569/645 493/569
f 494/570 486/562 493/569
f 486/562 497/573 484/560
f 497/573 500/576 484/560
f 2585/2823 2541/2778 2581/2819
f 2485/2722 2490/2727 2491/2728
f 2490/2727 2515/2752 2491/2728
f 1957/2110 1516/1607 1507/1597
f 4051/4514 4050/4513 4014/4477
f 1131/1207 1132/1208 1130/1206
f 1132/1208 1223/1300 1130/1206
f 1130/1206 1223/1300 1213/1290
f 653/729 493/569 492/568
f 493/569 486/562 492/568
f 500/576 502/578 482/558
f 2515/2752 2531/2768 2492/2729
f 486/562 484/560 485/561
f 482/558 502/578 481/557
f 517/593 516/592 518/594
f 525/601 771/847 768/844
f 771/847 815/891 768/844
f 4058/4521 4052/4515 4012/4475
f 4014/4477 4050/4513 4056/4519
f 134/134 4292/4772 4291/4770
f 673/749 493/569 653/729
f 653/729 492/568 491/567
f 492/568 486/562 488/564
f 502/578 517/593 481/557
f 517/593 518/594 480/556
f 2757/3002 2682/2924 2707/2949
f 2682/2924 2683/2925 2707/2949
f 2487/2724 2484/2721 2479/2716
f 2491/2728 2515/2752 2492/2729
f 4052/4515 4051/4514 4012/4475
f 1066/1142 865/941 864/940
f 865/941 757/833 864/940
f 484/560 500/576 482/558
f 4166/4630 4149/4613 4148/4612
f 4218/4685 4197/4662 4196/4661
f 4197/4662 4166/4630 4148/4612
f 4197/4662 4148/4612 4196/4661
f 1213/1290 1223/1300 1040/1116
f 1223/1300 1066/1142 1040/1116
f 864/940 757/833 758/834
f 757/833 674/750 758/834
f 518/594 525/601 479/555
f 1530/1623 2794/3045 2795/3047
f 2816/3077 4917/5557 4928/5574
f 2541/2778 2487/2724 2542/2779
f 2487/2724 2479/2716 2542/2779
f 2485/2722 2491/2728 2486/2723
f 1826/1960 1870/2008 1825/1959
f 4554/5103 4557/5106 4555/5104
f 4083/4546 4082/4545 4058/4521
f 4051/4514 4014/4477 4012/4475
f 4229/4696 4218/4685 4238/4706
f 491/567 492/568 488/564
f 2794/3046 2757/3002 2795/3048
f 2683/2925 2619/2857 2620/2858
f 2581/2819 2541/2778 2542/2779
f 2484/2721 2485/2722 2486/2723
f 4056/4519 4126/4589 4106/4569
f 4056/4519 4106/4569 4014/4477
f 4126/4589 4303/4789 4106/4569
f 4106/4569 4303/4789 4302/4787
f 1163/1239 1131/1207 1129/1205
f 4149/4613 4110/4573 4148/4612
f 1131/1207 1130/1206 1129/1205
f 4218/4685 4196/4661 4238/4706
f 134/134 4291/4770 43/43
f 679/755 653/729 491/567
f 768/844 815/891 817/893
f 815/891 992/1068 817/893
f 1316/1398 1315/1397 1317/1399
f 1315/1397 1530/1623 1317/1399
f 2599/2837 2585/2823 2600/2838
f 2484/2721 2486/2723 2479/2716
f 2486/2723 2491/2728 2492/2729
f 1066/1142 864/940 1040/1116
f 673/749 653/729 679/755
f 482/558 481/557 470/546
f 817/893 992/1068 991/1067
f 1394/1476 1316/1398 1318/1400
f 1316/1398 1317/1399 1318/1400
f 2600/2838 2585/2823 2581/2819
f 1957/2110 1507/1597 1597/1712
f 1507/1597 1163/1239 1152/1228
f 1163/1239 1129/1205 1152/1228
f 486/562 485/561 487/563
f 484/560 482/558 483/559
f 517/593 480/556 481/557
f 480/556 518/594 479/555
f 1085/1161 1621/1753 1622/1754
f 1394/1476 1318/1400 1392/1474
f 4011/4474 4012/4475 4013/4476
f 4012/4475 4014/4477 4013/4476
f 674/750 673/749 675/751
f 673/749 679/755 675/751
f 488/564 486/562 487/563
f 484/560 483/559 485/561
f 482/558 470/546 483/559
f 1085/1161 1622/1754 1084/1160
f 2795/3048 2757/3002 2758/3003
f 2757/3002 2707/2949 2758/3003
f 2620/2858 2599/2837 2600/2838
f 2486/2723 2492/2729 2493/2730
f 4554/5103 4555/5104 4556/5105
f 4048/4511 4058/4521 4011/4474
f 4058/4521 4012/4475 4011/4474
f 1317/1399 1530/1623 1508/1598
f 2492/2729 2531/2768 2493/2730
f 4083/4546 4058/4521 4080/4543
f 4148/4612 4110/4573 4101/4564
f 489/565 488/564 487/563
f 481/557 480/556 478/554
f 479/555 525/601 526/602
f 525/601 768/844 526/602
f 1530/1623 2795/3047 1508/1598
f 2816/3078 4928/5575 2637/2876
f 2479/2716 2486/2723 2478/2715
f 2486/2723 2493/2730 2488/2725
f 1825/1959 1870/2008 1869/2007
f 4013/4476 4014/4477 4015/4478
f 4110/4573 4083/4546 4101/4564
f 1040/1116 864/940 863/939
f 864/940 758/834 863/939
f 758/834 674/750 676/752
f 488/564 489/565 491/567
f 2683/2925 2620/2858 2684/2926
f 2620/2858 2600/2838 2621/2859
f 4556/5105 4555/5104 4576/5126
f 4014/4477 4106/4569 4049/4512
f 4058/4521 4048/4511 4080/4543
f 1129/1205 1130/1206 1128/1204
f 1130/1206 1213/1290 1128/1204
f 679/755 491/567 571/647
f 470/546 481/557 478/554
f 2758/3003 2707/2949 2684/2926
f 2707/2949 2683/2925 2684/2926
f 2684/2926 2620/2858 2621/2859
f 2478/2715 2486/2723 2488/2725
f 4014/4477 4049/4512 4015/4478
f 4220/4687 4196/4661 4169/4633
f 4196/4661 4148/4612 4169/4633
f 1128/1204 1213/1290 1222/1299
f 4291/4771 4238/4706 4252/4725
f 676/752 674/750 675/751
f 485/561 483/559 466/542
f 483/559 470/546 469/545
f 480/556 479/555 478/554
f 2479/2716 2475/2712 2542/2779
f 2531/2768 2636/2875 2637/2876
f 1760/1894 1790/1924 1781/1915
f 4148/4612 4144/4608 4169/4633
f 4148/4612 4101/4564 4144/4608
f 4252/4725 4238/4706 4220/4687
f 1213/1290 1040/1116 1222/1299
f 491/567 489/565 571/647
f 487/563 485/561 466/542
f 466/542 483/559 469/545
f 479/555 526/602 475/551
f 2581/2819 2542/2779 2564/2801
f 2542/2779 2543/2780 2564/2801
f 2475/2712 2479/2716 2478/2715
f 2493/2730 2531/2768 2532/2769
f 2531/2768 2637/2876 2532/2769
f 4048/4511 4011/4474 4013/4476
f 1222/1299 1040/1116 1039/1115
f 1040/1116 863/939 1039/1115
f 490/566 489/565 487/563
f 478/554 479/555 475/551
f 2542/2779 2475/2712 2543/2780
f 572/648 571/647 570/646
f 571/647 489/565 570/646
f 570/646 489/565 490/566
f 487/563 466/542 490/566
f 469/545 470/546 467/543
f 470/546 478/554 473/549
f 1084/1160 1622/1754 1080/1156
f 1080/1156 1622/1754 1623/1755
f 1392/1474 1318/1400 1320/1402
f 1318/1400 1317/1399 1319/1401
f 1318/1400 1319/1401 1320/1402
f 1317/1399 1508/1598 1319/1401
f 679/755 571/647 572/648
f 466/542 469/545 467/543
f 478/554 475/551 473/549
f 526/602 768/844 769/845
f 768/844 817/893 769/845
f 1392/1474 1320/1402 1393/1475
f 2684/2926 2621/2859 2622/2860
f 2621/2859 2600/2838 2622/2860
f 467/543 470/546 471/547
f 470/546 473/549 471/547
f 1508/1598 2795/3047 1559/1658
f 2475/2712 2478/2715 2476/2713
f 2488/2725 2493/2730 2494/2731
f 4080/4543 4048/4511 4018/4481
f 1152/1228 1129/1205 1126/1202
f 1129/1205 1128/1204 1126/1202
f 863/939 758/834 761/837
f 758/834 676/752 761/837
f 675/751 679/755 680/756
f 679/755 652/728 680/756
f 679/755 572/648 652/728
f 570/646 490/566 582/658
f 769/845 817/893 818/894
f 817/893 991/1067 818/894
f 2795/3048 2758/3003 1559/1659
f 2684/2926 2622/2860 2685/2927
f 4556/5105 4576/5126 4604/5157
f 4015/4478 4049/4512 4047/4510
f 4049/4512 4106/4569 4047/4510
f 4048/4511 4013/4476 4018/4481
f 4018/4481 4013/4476 4017/4480
f 4144/4608 4101/4564 4100/4563
f 676/752 675/751 680/756
f 466/542 467/543 468/544
f 2758/3003 2684/2926 2685/2927
f 2622/2860 2600/2838 2597/2835
f 2600/2838 2581/2819 2579/2817
f 2581/2819 2564/2801 2579/2817
f 2637/2876 4928/5575 4927/5573
f 2476/2713 2478/2715 2488/2725
f 4047/4510 4106/4569 4119/4582
f 4106/4569 4302/4787 4119/4582
f 4169/4633 4144/4608 4171/4635
f 1126/1202 1128/1204 1127/1203
f 4220/4687 4169/4633 4221/4688
f 4221/4688 4169/4633 4171/4635
f 1128/1204 1222/1299 1127/1203
f 4252/4725 4220/4687 4221/4688
f 1222/1299 1039/1115 1628/1760
f 2494/2731 2493/2730 2497/2734
f 2493/2730 2532/2769 2497/2734
f 2532/2769 2637/2876 2565/2802
f 4080/4543 4018/4481 4081/4544
f 4013/4476 4016/4479 4017/4480
f 4013/4476 4015/4478 4016/4479
f 4252/4725 4221/4688 4253/4727
f 490/566 466/542 582/658
f 467/543 472/548 468/544
f 467/543 471/547 472/548
f 818/894 991/1067 990/1066
f 676/752 680/756 715/791
f 572/648 570/646 573/649
f 582/658 466/542 468/544
f 1508/1598 1559/1658 1509/1599
f 2475/2712 2476/2713 2477/2714
f 4101/4564 4080/4543 4081/4544
f 4101/4564 4081/4544 4100/4563
f 1127/1203 1222/1299 1221/1298
f 1222/1299 1628/1760 1221/1298
f 652/728 572/648 573/649
f 1319/1401 1508/1598 1509/1599
f 2600/2838 2579/2817 2597/2835
f 2488/2725 2494/2731 2495/2732
f 4015/4478 4047/4510 4016/4479
f 761/837 676/752 715/791
f 570/646 582/658 583/659
f 2476/2713 2488/2725 2495/2732
f 2497/2734 2532/2769 2565/2802
f 4081/4544 4018/4481 4073/4536
f 573/649 570/646 583/659
f 1559/1659 2758/3003 2765/3010
f 2758/3003 2685/2927 2765/3010
f 2685/2927 2622/2860 2681/2923
f 2564/2801 2544/2781 2579/2817
f 2564/2801 2543/2780 2544/2781
f 2543/2780 2475/2712 2544/2781
f 2494/2731 2496/2733 2495/2732
f 4073/4536 4018/4481 4019/4482
f 1628/1760 1039/1115 1018/1094
f 1039/1115 863/939 1018/1094
f 1018/1094 863/939 860/936
f 863/939 761/837 860/936
f 680/756 652/728 681/757
f 652/728 573/649 651/727
f 472/548 471/547 474/550
f 471/547 473/549 474/550
f 2681/2923 2622/2860 2623/2861
f 2622/2860 2597/2835 2623/2861
f 2476/2713 2495/2732 2477/2714
f 4119/4582 4302/4787 4297/4780
f 4018/4481 4017/4480 4019/4482
f 4019/4482 4017/4480 4020/4483
f 4144/4608 4100/4563 4099/4562
f 4253/4727 4221/4688 4251/4723
f 475/551 526/602 527/603
f 475/551 527/603 477/553
f 4017/4480 4016/4479 4020/4483
f 4251/4723 4221/4688 4222/4689
f 582/658 468/544 583/659
f 818/894 990/1066 952/1028
f 2765/3010 2685/2927 2715/2957
f 2685/2927 2681/2923 2715/2957
f 4016/4479 4047/4510 4046/4509
f 4047/4510 4119/4582 4120/4583
f 4119/4582 4297/4780 4120/4583
f 4100/4563 4081/4544 4073/4536
f 680/756 681/757 715/791
f 475/551 477/553 476/552
f 526/602 769/845 527/603
f 2544/2781 2475/2712 2477/2714
f 2496/2733 2494/2731 2497/2734
f 1958/2113 1597/1712 1506/1596
f 4171/4635 4144/4608 4147/4611
f 4171/4635 4147/4611 4172/4636
f 4144/4608 4099/4562 4147/4611
f 4221/4688 4171/4635 4212/4678
f 4171/4635 4172/4636 4212/4678
f 473/549 475/551 474/550
f 769/845 818/894 527/603
f 2495/2732 2496/2733 2497/2734
f 4047/4510 4120/4583 4046/4509
f 4251/4723 4254/4728 4272/4748
f 4251/4723 4222/4689 4254/4728
f 652/728 651/727 681/757
f 651/727 573/649 650/726
f 468/544 472/548 581/657
f 474/550 475/551 476/552
f 527/603 818/894 778/854
f 818/894 952/1028 778/854
f 2623/2861 2597/2835 2598/2836
f 4020/4483 4016/4479 4029/4492
f 4016/4479 4046/4509 4029/4492
f 4221/4688 4212/4678 4222/4689
f 573/649 583/659 574/650
f 468/544 581/657 575/651
f 1509/1599 1559/1658 1560/1661
f 1559/1659 2765/3010 1560/1660
f 2597/2835 2579/2817 2580/2818
f 1507/1597 1152/1228 1506/1596
f 4100/4563 4073/4536 4099/4562
f 860/936 761/837 762/838
f 715/791 681/757 682/758
f 1080/1156 1623/1755 1624/1756
f 1319/1401 1509/1599 1322/1404
f 2623/2861 2598/2836 2624/2862
f 2579/2817 2544/2781 2580/2818
f 2544/2781 2477/2714 2519/2756
f 2477/2714 2495/2732 2498/2735
f 761/837 715/791 716/792
f 1393/1475 1320/1402 1321/1403
f 1393/1475 1321/1403 1391/1473
f 1320/1402 1319/1401 1321/1403
f 2597/2835 2580/2818 2598/2836
f 1506/1596 1152/1228 1151/1227
f 1152/1228 1126/1202 1151/1227
f 1127/1203 1221/1298 1220/1297
f 1221/1298 1628/1760 1627/1759
f 1221/1298 1627/1759 1220/1297
f 1628/1760 1018/1094 1627/1759
f 715/791 682/758 716/792
f 1080/1156 1624/1756 1089/1165
f 2681/2923 2623/2861 2644/2885
f 2623/2861 2624/2862 2644/2885
f 4604/5157 4576/5126 4579/5129
f 4020/4483 4021/4484 4019/4482
f 1018/1094 860/936 861/937
f 860/936 762/838 861/937
f 762/838 761/837 716/792
f 681/757 651/727 649/725
f 650/726 573/649 574/650
f 583/659 468/544 575/651
f 474/550 476/552 584/660
f 477/553 527/603 476/552
f 476/552 527/603 528/604
f 527/603 778/854 528/604
f 1321/1403 1319/1401 1322/1404
f 1560/1660 2765/3010 2764/3009
f 2765/3010 2715/2957 2764/3009
f 2637/2876 4927/5573 2566/2803
f 2519/2756 2477/2714 2498/2735
f 2495/2732 2497/2734 2498/2735
f 583/659 575/651 574/650
f 575/651 581/657 577/653
f 472/548 474/550 580/656
f 580/656 474/550 584/660
f 778/854 952/1028 946/1022
f 1322/1404 1509/1599 1560/1661
f 2544/2781 2519/2756 2545/2782
f 4020/4483 4029/4492 4021/4484
f 1151/1227 1126/1202 1125/1201
f 1126/1202 1127/1203 1123/1199
f 1126/1202 1123/1199 1125/1201
f 1127/1203 1220/1297 1123/1199
f 681/757 649/725 682/758
f 651/727 650/726 649/725
f 472/548 580/656 581/657
f 4604/5157 4579/5129 4603/5156
f 4029/4492 4046/4509 4030/4493
f 4172/4636 4147/4611 4145/4609
f 4147/4611 4099/4562 4145/4609
f 4145/4609 4099/4562 4113/4576
f 4254/4728 4222/4689 4226/4693
f 4222/4689 4212/4678 4226/4693
f 649/725 650/726 590/666
f 650/726 574/650 590/666
f 581/657 578/654 577/653
f 581/657 580/656 578/654
f 584/660 476/552 580/656
f 2580/2818 2544/2781 2545/2782
f 2498/2735 2497/2734 2499/2736
f 4029/4492 4030/4493 4021/4484
f 4046/4509 4120/4583 4030/4493
f 4099/4562 4073/4536 4075/4538
f 682/758 649/725 683/759
f 2764/3009 2715/2957 2714/2956
f 2715/2957 2681/2923 2714/2956
f 2545/2782 2519/2756 2520/2757
f 4075/4538 4073/4536 4022/4485
f 4073/4536 4019/4482 4022/4485
f 4254/4728 4226/4693 4272/4748
f 590/666 574/650 576/652
f 574/650 575/651 576/652
f 575/651 577/653 576/652
f 476/552 528/604 529/605
f 1322/1404 1560/1661 2832/3100
f 1560/1660 2764/3009 2832/3099
f 4120/4583 4297/4780 4298/4782
f 762/838 716/792 691/767
f 716/792 682/758 684/760
f 649/725 590/666 683/759
f 528/604 778/854 734/810
f 1089/1165 1624/1756 1596/1711
f 1321/1403 1322/1404 1323/1405
f 1322/1404 2832/3100 1323/1405
f 1958/2113 1506/1596 1968/2127
f 4023/4486 4021/4484 4031/4494
f 4212/4678 4172/4636 4226/4693
f 4272/4748 4226/4693 4277/4754
f 1627/1759 1018/1094 1008/1084
f 1018/1094 861/937 1008/1084
f 1008/1084 861/937 862/938
f 269/269 4272/4747 328/328
f 861/937 762/838 862/938
f 529/605 528/604 734/810
f 734/810 778/854 826/902
f 778/854 946/1022 826/902
f 2519/2756 2498/2735 2500/2737
f 2519/2756 2500/2737 2520/2757
f 4030/4493 4120/4583 4102/4565
f 4030/4493 4102/4565 4045/4508
f 4120/4583 4298/4782 4102/4565
f 862/938 762/838 763/839
f 762/838 691/767 763/839
f 691/767 716/792 684/760
f 577/653 578/654 576/652
f 580/656 476/552 585/661
f 476/552 529/605 585/661
f 826/902 946/1022 972/1048
f 1391/1473 1321/1403 1331/1413
f 1331/1413 1321/1403 1324/1406
f 1321/1403 1323/1405 1324/1406
f 2714/2956 2681/2923 2680/2922
f 2681/2923 2644/2885 2680/2922
f 2598/2836 2580/2818 2588/2826
f 2566/2803 4927/5573 2797/3051
f 2497/2734 2565/2802 2566/2803
f 2497/2734 2566/2803 2514/2751
f 4021/4484 4030/4493 4031/4494
f 4019/4482 4021/4484 4022/4485
f 4022/4485 4021/4484 4023/4486
f 4226/4693 4172/4636 4243/4713
f 684/760 682/758 683/759
f 1089/1165 1596/1711 1090/1166
f 2832/3099 2764/3009 2763/3008
f 2764/3009 2714/2956 2763/3008
f 2580/2818 2545/2782 2534/2771
f 2500/2737 2498/2735 2499/2736
f 2497/2734 2514/2751 2499/2736
f 4172/4636 4145/4609 4173/4637
f 4243/4713 4172/4636 4173/4637
f 590/666 576/652 588/664
f 576/652 578/654 579/655
f 578/654 580/656 579/655
f 2624/2862 2598/2836 2596/2834
f 2598/2836 2588/2826 2596/2834
f 2545/2782 2520/2757 2534/2771
f 1898/2044 1914/2062 1874/2012
f 4023/4486 4031/4494 4032/4495
f 1123/1199 1220/1297 1215/1292
f 4277/4754 4226/4693 4243/4713
f 1220/1297 1627/1759 1215/1292
f 1627/1759 1008/1084 1215/1292
f 269/269 328/328 158/158
f 580/656 585/661 579/655
f 579/655 585/661 529/605
f 529/605 734/810 618/694
f 2588/2826 2580/2818 2534/2771
f 4277/4754 4243/4713 4286/4764
f 579/655 529/605 617/693
f 1323/1405 2832/3100 1411/1493
f 2588/2826 2534/2771 2570/2807
f 4022/4485 4023/4486 4024/4487
f 590/666 600/676 648/724
f 590/666 588/664 600/676
f 588/664 576/652 589/665
f 576/652 579/655 586/662
f 579/655 617/693 587/663
f 617/693 529/605 618/694
f 1411/1493 2832/3100 1561/1662
f 4031/4494 4030/4493 4045/4508
f 1506/1596 1151/1227 1489/1575
f 1151/1227 1125/1201 1122/1198
f 1125/1201 1123/1199 1122/1198
f 691/767 684/760 686/762
f 684/760 683/759 646/722
f 683/759 647/723 646/722
f 683/759 590/666 647/723
f 608/684 576/652 586/662
f 586/662 579/655 587/663
f 1090/1166 1596/1711 1091/1167
f 2832/3099 2763/3008 1561/1663
f 2763/3008 2714/2956 2713/2955
f 2714/2956 2680/2922 2713/2955
f 4023/4486 4032/4495 4024/4487
f 4243/4713 4173/4637 4224/4691
f 158/158 328/328 4326/4824
f 590/666 648/724 647/723
f 576/652 608/684 589/665
f 2644/2885 2624/2862 2625/2863
f 2500/2737 2499/2736 2501/2738
f 1968/2127 1506/1596 1489/1575
f 4113/4576 4075/4538 4114/4577
f 4075/4538 4022/4485 4074/4537
f 4022/4485 4024/4487 4025/4488
f 4173/4637 4145/4609 4174/4638
f 4145/4609 4113/4576 4114/4577
f 1008/1084 862/938 856/932
f 862/938 763/839 856/932
f 588/664 589/665 601/677
f 587/663 617/693 714/790
f 618/694 734/810 730/806
f 734/810 826/902 730/806
f 1091/1167 1596/1711 1595/1710
f 1331/1413 1324/1406 1330/1412
f 2624/2862 2596/2834 2625/2863
f 2534/2771 2520/2757 2521/2758
f 2499/2736 2514/2751 2502/2739
f 4102/4565 4298/4782 4299/4783
f 4074/4537 4022/4485 4025/4488
f 4174/4638 4145/4609 4146/4610
f 4145/4609 4114/4577 4146/4610
f 1122/1198 1123/1199 1124/1200
f 4173/4637 4174/4638 4224/4691
f 1123/1199 1215/1292 1124/1200
f 4286/4764 4243/4713 4263/4738
f 730/806 826/902 825/901
f 826/902 972/1048 927/1003
f 826/902 927/1003 825/901
f 1324/1406 1323/1405 1325/1407
f 1323/1405 1411/1493 1325/1407
f 2520/2757 2500/2737 2501/2738
f 4031/4494 4044/4507 4032/4495
f 4031/4494 4045/4508 4044/4507
f 4045/4508 4102/4565 4105/4568
f 4102/4565 4299/4783 4105/4568
f 4114/4577 4075/4538 4074/4537
f 2534/2771 2521/2758 2535/2772
f 2521/2758 2520/2757 2501/2738
f 1874/2012 1914/2062 1894/2040
f 4045/4508 4105/4568 4044/4507
f 1215/1292 1008/1084 1010/1086
f 1215/1292 1010/1086 1626/1758
f 1008/1084 856/932 1010/1086
f 588/664 601/677 600/676
f 1325/1407 1411/1493 1491/1577
f 1411/1493 1561/1662 1491/1577
f 1491/1577 1561/1662 1565/1668
f 1561/1663 2763/3008 2748/2992
f 1561/1663 2748/2992 1565/1667
f 2763/3008 2713/2955 2748/2992
f 2748/2992 2713/2955 2709/2951
f 2514/2751 2566/2803 2527/2764
f 856/932 763/839 764/840
f 763/839 691/767 764/840
f 764/840 691/767 686/762
f 2709/2951 2713/2955 2680/2922
f 4024/4487 4032/4495 4033/4496
f 158/158 4326/4824 160/160
f 2570/2807 2534/2771 2536/2773
f 2534/2771 2535/2772 2536/2773
f 2535/2772 2521/2758 2522/2759
f 2501/2738 2499/2736 2502/2739
f 2502/2739 2514/2751 2527/2764
f 4286/4764 4263/4738 4264/4739
f 4263/4738 4224/4691 4264/4739
f 160/160 4326/4824 4332/4834
f 603/679 589/665 608/684
f 4044/4507 4105/4568 4043/4506
f 4074/4537 4025/4488 4027/4490
f 4025/4488 4024/4487 4026/4489
f 4024/4487 4033/4496 4026/4489
f 1330/1412 1324/1406 1326/1408
f 1324/1406 1325/1407 1326/1408
f 1491/1577 1565/1668 1566/1669
f 2644/2885 2625/2863 2615/2853
f 2596/2834 2588/2826 2589/2827
f 2588/2826 2570/2807 2589/2827
f 2521/2758 2501/2738 2504/2741
f 4033/4496 4044/4507 4043/4506
f 617/693 618/694 616/692
f 2680/2922 2644/2885 2643/2884
f 2644/2885 2615/2853 2643/2884
f 2589/2827 2570/2807 2571/2808
f 2570/2807 2536/2773 2571/2808
f 2797/3051 2817/3079 2527/2764
f 1968/2127 1489/1575 1976/2135
f 586/662 587/663 610/686
f 587/663 714/790 615/691
f 714/790 617/693 615/691
f 617/693 616/692 615/691
f 618/694 730/806 616/692
f 2535/2772 2522/2759 2536/2773
f 2521/2758 2504/2741 2522/2759
f 4025/4488 4026/4489 4027/4490
f 1626/1758 1010/1086 1009/1085
f 1010/1086 856/932 1009/1085
f 2130/2304 2116/2290 2115/2289
f 2501/2738 2502/2739 2503/2740
f 4114/4577 4074/4537 4079/4542
f 4074/4537 4027/4490 4079/4542
f 686/762 684/760 685/761
f 646/722 647/723 645/721
f 647/723 648/724 645/721
f 600/676 601/677 602/678
f 1091/1167 1595/1710 1572/1675
f 2709/2951 2680/2922 2679/2921
f 2625/2863 2596/2834 2590/2828
f 2596/2834 2589/2827 2590/2828
f 4026/4489 4033/4496 4034/4497
f 4174/4638 4146/4610 4175/4639
f 684/760 646/722 685/761
f 601/677 589/665 603/679
f 608/684 609/685 603/679
f 1325/1407 1491/1577 1490/1576
f 1491/1577 1566/1669 1490/1576
f 2680/2922 2643/2884 2679/2921
f 2625/2863 2590/2828 2615/2853
f 2502/2739 2527/2764 2513/2750
f 1489/1575 1151/1227 1488/1574
f 4146/4610 4114/4577 4115/4578
f 4224/4691 4175/4639 4245/4716
f 4224/4691 4174/4638 4175/4639
f 4284/4762 4264/4739 4245/4716
f 1009/1085 856/932 857/933
f 856/932 764/840 857/933
f 645/721 648/724 591/667
f 602/678 601/677 603/679
f 1326/1408 1325/1407 1327/1409
f 1325/1407 1490/1576 1327/1409
f 2536/2773 2522/2759 2537/2774
f 2537/2774 2522/2759 2524/2761
f 2527/2764 2817/3079 2638/2877
f 2504/2741 2501/2738 2503/2740
f 4603/5156 4579/5129 4581/5131
f 4033/4496 4043/4506 4034/4497
f 4114/4577 4079/4542 4115/4578
f 1151/1227 1122/1198 1121/1197
f 1122/1198 1124/1200 1121/1197
f 1121/1197 1124/1200 1120/1196
f 1124/1200 1286/1368 1120/1196
f 648/724 600/676 591/667
f 600/676 592/668 591/667
f 730/806 825/901 731/807
f 825/901 927/1003 731/807
f 1330/1412 1326/1408 1328/1410
f 1326/1408 1327/1409 1328/1410
f 1566/1669 1565/1668 2780/3027
f 1565/1667 2748/2992 2780/3028
f 2589/2827 2571/2808 2590/2828
f 2522/2759 2504/2741 2505/2742
f 2513/2750 2527/2764 2526/2763
f 1488/1574 1151/1227 1140/1216
f 4027/4490 4064/4527 4079/4542
f 1151/1227 1121/1197 1140/1216
f 1120/1196 1286/1368 1159/1235
f 1286/1368 1626/1758 1159/1235
f 1626/1758 1009/1085 1159/1235
f 764/840 686/762 687/763
f 608/684 586/662 609/685
f 616/692 730/806 731/807
f 2780/3028 2748/2992 2699/2941
f 2748/2992 2709/2951 2699/2941
f 2571/2808 2536/2773 2537/2774
f 2503/2740 2502/2739 2513/2750
f 4245/4716 4175/4639 4248/4719
f 857/933 764/840 765/841
f 764/840 687/763 765/841
f 686/762 685/761 687/763
f 600/676 602/678 592/668
f 1091/1167 1572/1675 1404/1486
f 1330/1412 1328/1410 1337/1419
f 2709/2951 2679/2921 2699/2941
f 2527/2764 2638/2877 2526/2763
f 2638/2877 2817/3079 4790/5374
f 1976/2135 1489/1575 1488/1574
f 4034/4497 4043/4506 4036/4499
f 4026/4489 4034/4497 4035/4498
f 4284/4762 4245/4716 4248/4719
f 2524/2761 2522/2759 2523/2760
f 2504/2741 2503/2740 2505/2742
f 4034/4497 4036/4499 4035/4498
f 4043/4506 4105/4568 4036/4499
f 4064/4527 4027/4490 4028/4491
f 4027/4490 4026/4489 4028/4491
f 646/722 645/721 685/761
f 586/662 610/686 609/685
f 587/663 615/691 612/688
f 587/663 612/688 610/686
f 1490/1576 1566/1669 2841/3112
f 4603/5156 4581/5131 4588/5140
f 4036/4499 4105/4568 4112/4575
f 4105/4568 4299/4783 4112/4575
f 160/160 4332/4834 393/409
f 731/807 927/1003 934/1010
f 1091/1167 1404/1486 1586/1695
f 1566/1669 2780/3027 2841/3112
f 2522/2759 2505/2742 2523/2760
f 4028/4491 4026/4489 4035/4498
f 2062/2236 2108/2282 2061/2235
f 2537/2774 2524/2761 2538/2775
f 1976/2135 1488/1574 1587/1697
f 4248/4719 4175/4639 4162/4626
f 160/160 393/409 161/161
f 603/679 609/685 606/682
f 2615/2853 2590/2828 2603/2841
f 2513/2750 2526/2763 2512/2749
f 4175/4639 4146/4610 4162/4626
f 4284/4762 4248/4719 4261/4736
f 685/761 645/721 594/670
f 731/807 934/1010 838/914
f 2062/2236 2061/2235 2056/2230
f 2062/2236 2056/2230 2063/2237
f 2590/2828 2571/2808 2592/2830
f 2538/2775 2524/2761 2523/2760
f 2523/2760 2505/2742 2507/2744
f 2503/2740 2513/2750 2512/2749
f 4035/4498 4036/4499 4037/4500
f 4115/4578 4079/4542 4078/4541
f 4064/4527 4028/4491 4039/4502
f 4028/4491 4035/4498 4038/4501
f 4284/4762 4261/4736 4285/4763
f 857/933 765/841 773/849
f 765/841 687/763 689/765
f 765/841 689/765 773/849
f 687/763 685/761 688/764
f 687/763 688/764 689/765
f 615/691 616/692 614/690
f 614/690 616/692 732/808
f 616/692 731/807 732/808
f 2780/3028 2699/2941 2700/2942
f 2603/2841 2590/2828 2592/2830
f 2592/2830 2571/2808 2538/2775
f 2571/2808 2537/2774 2538/2775
f 1140/1216 1121/1197 1119/1195
f 1121/1197 1120/1196 1119/1195
f 1159/1235 1009/1085 1003/1079
f 1009/1085 857/933 1003/1079
f 645/721 591/667 594/670
f 602/678 599/675 592/668
f 731/807 838/914 732/808
f 1586/1695 1404/1486 934/1010
f 1327/1409 1490/1576 1332/1414
f 1490/1576 2841/3112 1332/1414
f 2643/2884 2615/2853 2616/2854
f 2616/2854 2615/2853 2603/2841
f 4582/5132 4581/5131 4580/5130
f 4036/4499 4112/4575 4037/4500
f 4115/4578 4078/4541 4116/4579
f 4079/4542 4064/4527 4078/4541
f 1119/1195 1120/1196 1118/1194
f 4248/4719 4162/4626 4246/4717
f 1120/1196 1159/1235 1118/1194
f 1003/1079 857/933 914/990
f 857/933 773/849 914/990
f 602/678 603/679 599/675
f 603/679 604/680 599/675
f 603/679 606/682 604/680
f 610/686 612/688 611/687
f 612/688 615/691 614/690
f 2505/2742 2503/2740 2506/2743
f 2503/2740 2512/2749 2506/2743
f 591/667 592/668 593/669
f 610/686 611/687 609/685
f 934/1010 1404/1486 933/1009
f 1337/1419 1328/1410 1329/1411
f 1328/1410 1327/1409 1329/1411
f 2700/2942 2699/2941 2645/2886
f 2699/2941 2679/2921 2645/2886
f 1587/1697 1488/1574 1141/1217
f 4035/4498 4037/4500 4038/4501
f 1488/1574 1140/1216 1141/1217
f 4039/4502 4028/4491 4038/4501
f 1140/1216 1119/1195 1141/1217
f 4162/4626 4146/4610 4138/4602
f 4146/4610 4115/4578 4138/4602
f 161/161 393/409 4337/4843
f 688/764 685/761 594/670
f 594/670 591/667 593/669
f 592/668 599/675 597/673
f 1337/1419 1329/1411 1336/1418
f 2679/2921 2643/2884 2645/2886
f 2507/2744 2505/2742 2506/2743
f 2512/2749 2526/2763 2510/2747
f 2526/2763 2638/2877 2510/2747
f 4038/4501 4037/4500 4040/4503
f 4078/4541 4064/4527 4076/4539
f 4064/4527 4039/4502 4076/4539
f 4162/4626 4138/4602 4163/4627
f 1118/1194 1159/1235 1115/1191
f 1115/1191 1159/1235 1003/1079
f 604/680 606/682 607/683
f 732/808 838/914 791/867
f 838/914 934/1010 933/1009
f 933/1009 1404/1486 1390/1472
f 1329/1411 1327/1409 1332/1414
f 2841/3113 2780/3028 2700/2942
f 2643/2884 2616/2854 2645/2886
f 2538/2775 2523/2760 2549/2786
f 2523/2760 2507/2744 2508/2745
f 4138/4602 4115/4578 4116/4579
f 592/668 597/673 593/669
f 612/688 614/690 613/689
f 1332/1414 2841/3112 1573/1677
f 2841/3113 2700/2942 1573/1676
f 2700/2942 2645/2886 2701/2943
f 2523/2760 2547/2784 2549/2786
f 2523/2760 2508/2745 2547/2784
f 2510/2747 2638/2877 4932/5582
f 1141/1217 1119/1195 1117/1193
f 1119/1195 1118/1194 1117/1193
f 1003/1079 914/990 932/1008
f 914/990 773/849 774/850
f 914/990 774/850 932/1008
f 773/849 689/765 774/850
f 689/765 690/766 695/771
f 689/765 688/764 690/766
f 606/682 609/685 622/698
f 622/698 609/685 623/699
f 609/685 611/687 623/699
f 2645/2886 2616/2854 2628/2866
f 2592/2830 2538/2775 2602/2840
f 2538/2775 2550/2787 2602/2840
f 2538/2775 2549/2786 2550/2787
f 2506/2743 2512/2749 2510/2747
f 1587/1697 1141/1217 1948/2100
f 4112/4575 4299/4783 4862/5472
f 4038/4501 4040/4503 4039/4502
f 774/850 689/765 695/771
f 599/675 604/680 605/681
f 606/682 622/698 607/683
f 2603/2841 2592/2830 2602/2840
f 4040/4503 4037/4500 4042/4505
f 4037/4500 4112/4575 4111/4574
f 4037/4500 4111/4574 4042/4505
f 4112/4575 4862/5472 4111/4574
f 4116/4579 4078/4541 4089/4552
f 4246/4717 4162/4626 4163/4627
f 4246/4717 4163/4627 4247/4718
f 4285/4763 4261/4736 4247/4718
f 4261/4736 4246/4717 4247/4718
f 2700/2942 2701/2943 1573/1676
f 2645/2886 2628/2866 2701/2943
f 4116/4579 4089/4552 4117/4580
f 4078/4541 4076/4539 4089/4552
f 4039/4502 4040/4503 4041/4504
f 595/671 594/670 593/669
f 2507/2744 2506/2743 2508/2745
f 4076/4539 4039/4502 4041/4504
f 4138/4602 4116/4579 4117/4580
f 1003/1079 932/1008 1027/1103
f 611/687 612/688 613/689
f 614/690 732/808 733/809
f 791/867 838/914 898/974
f 838/914 933/1009 898/974
f 933/1009 1390/1472 898/974
f 1336/1418 1329/1411 1334/1416
f 2616/2854 2603/2841 2628/2866
f 2603/2841 2602/2840 2604/2842
f 1117/1193 1118/1194 1114/1190
f 1118/1194 1115/1191 1114/1190
f 4285/4763 4247/4718 4265/4740
f 1115/1191 1003/1079 1027/1103
f 688/764 594/670 595/671
f 597/673 599/675 598/674
f 614/690 733/809 613/689
f 732/808 791/867 733/809
f 1332/1414 1573/1677 1339/1421
f 2508/2745 2506/2743 2509/2746
f 2506/2743 2510/2747 2509/2746
f 4062/4525 4040/4503 4061/4524
f 1948/2100 1141/1217 2007/2179
f 4076/4539 4041/4504 4077/4540
f 4041/4504 4040/4503 4062/4525
f 4163/4627 4138/4602 4165/4629
f 4247/4718 4163/4627 4213/4679
f 4163/4627 4165/4629 4213/4679
f 4285/4763 4265/4740 455/520
f 161/161 4337/4843 400/420
f 595/671 593/669 596/672
f 898/974 1390/1472 1389/1471
f 1334/1416 1329/1411 1333/1415
f 1329/1411 1332/1414 1333/1415
f 1333/1415 1332/1414 1339/1421
f 2628/2866 2603/2841 2629/2867
f 2603/2841 2604/2842 2629/2867
f 2602/2840 2550/2787 2551/2788
f 2550/2787 2549/2786 2551/2788
f 2510/2747 4932/5582 2511/2748
f 1865/2003 1895/2041 1876/2014
f 1876/2014 1895/2041 1935/2085
f 4040/4503 4042/4505 4061/4524
f 4061/4524 4042/4505 4086/4549
f 4042/4505 4111/4574 4086/4549
f 4089/4552 4076/4539 4077/4540
f 623/699 611/687 620/696
f 1339/1421 1573/1677 1583/1690
f 1573/1676 2734/2977 1583/1691
f 1573/1676 2701/2943 2734/2977
f 2701/2943 2628/2866 2678/2920
f 2628/2866 2629/2867 2678/2920
f 2604/2842 2602/2840 2551/2788
f 2551/2788 2549/2786 2548/2785
f 2549/2786 2547/2784 2548/2785
f 2547/2784 2508/2745 2548/2785
f 2508/2745 2533/2770 2548/2785
f 2508/2745 2509/2746 2533/2770
f 2509/2746 2510/2747 2511/2748
f 2511/2748 4932/5582 4979/5669
f 1141/1217 1117/1193 1164/1240
f 1164/1240 1117/1193 1116/1192
f 1117/1193 1114/1190 1116/1192
f 161/161 400/420 163/163
f 1027/1103 932/1008 931/1007
f 932/1008 774/850 772/848
f 932/1008 772/848 931/1007
f 774/850 695/771 772/848
f 599/675 605/681 598/674
f 604/680 607/683 605/681
f 733/809 729/805 613/689
f 733/809 791/867 729/805
f 791/867 898/974 899/975
f 2701/2943 2678/2920 2734/2977
f 4117/4580 4089/4552 4107/4570
f 4138/4602 4117/4580 4136/4599
f 772/848 695/771 694/770
f 695/771 690/766 694/770
f 593/669 597/673 598/674
f 611/687 613/689 620/696
f 729/805 791/867 792/868
f 791/867 899/975 792/868
f 1585/1694 2007/2179 1164/1240
f 4041/4504 4062/4525 4077/4540
f 4062/4525 4092/4555 4077/4540
f 4062/4525 4061/4524 4092/4555
f 4165/4629 4138/4602 4158/4622
f 4158/4622 4138/4602 4136/4599
f 4136/4599 4117/4580 4107/4570
f 688/764 644/720 690/766
f 1389/1471 1334/1416 1335/1417
f 1334/1416 1333/1415 1335/1417
f 1339/1421 1583/1690 1338/1420
f 2629/2867 2604/2842 2605/2843
f 2548/2785 2533/2770 2558/2795
f 2509/2746 2511/2748 2556/2793
f 2556/2793 2511/2748 4979/5669
f 4086/4549 4111/4574 4121/4584
f 4121/4584 4111/4574 4159/4623
f 4111/4574 4862/5472 4159/4623
f 4159/4623 4862/5472 4861/5471
f 4089/4552 4077/4540 4107/4570
f 4061/4524 4086/4549 4092/4555
f 4213/4679 4165/4629 4158/4622
f 4213/4679 4158/4622 4210/4676
f 1114/1190 1115/1191 1112/1188
f 4265/4740 4213/4679 4210/4676
f 1115/1191 1027/1103 1112/1188
f 688/764 595/671 644/720
f 623/699 620/696 619/695
f 1333/1415 1339/1421 1338/1420
f 1583/1691 2734/2977 2738/2981
f 2734/2977 2678/2920 2738/2981
f 2551/2788 2548/2785 2559/2796
f 2533/2770 2509/2746 2557/2794
f 2557/2794 2509/2746 2556/2793
f 4107/4570 4077/4540 4108/4571
f 4077/4540 4092/4555 4093/4556
f 4086/4549 4121/4584 4103/4566
f 4136/4599 4107/4570 4132/4595
f 163/163 400/420 350/355
f 931/1007 772/848 810/886
f 607/683 622/698 630/706
f 622/698 623/699 619/695
f 620/696 613/689 621/697
f 792/868 899/975 901/977
f 1338/1420 1583/1690 2822/3087
f 1583/1691 2738/2981 2822/3088
f 2604/2842 2551/2788 2605/2843
f 2605/2843 2551/2788 2560/2797
f 2551/2788 2559/2796 2560/2797
f 2559/2796 2548/2785 2558/2795
f 2533/2770 2557/2794 2558/2795
f 4589/5141 4590/5142 4591/5143
f 4092/4555 4086/4549 4103/4566
f 4132/4595 4107/4570 4108/4571
f 455/520 4265/4740 4275/4751
f 4265/4740 4210/4676 4275/4751
f 810/886 772/848 694/770
f 694/770 690/766 693/769
f 593/669 598/674 596/672
f 792/868 901/977 900/976
f 1389/1471 1335/1417 1342/1424
f 1335/1417 1333/1415 1338/1420
f 2110/2284 2139/2313 2136/2310
f 2136/2310 2157/2331 2155/2329
f 2678/2920 2629/2867 2651/2892
f 2651/2892 2629/2867 2632/2871
f 2629/2867 2605/2843 2632/2871
f 4159/4623 4861/5471 4176/4641
f 4176/4640 4861/5470 4838/5434
f 4077/4540 4093/4556 4108/4571
f 4093/4556 4092/4555 4104/4567
f 4104/4567 4092/4555 4103/4566
f 4103/4566 4121/4584 4129/4592
f 4121/4584 4176/4641 4129/4592
f 1116/1192 1114/1190 1109/1185
f 1114/1190 1112/1188 1109/1185
f 595/671 596/672 644/720
f 605/681 607/683 628/704
f 900/976 901/977 1030/1106
f 1342/1424 1335/1417 1341/1423
f 1335/1417 1338/1420 1341/1423
f 2822/3088 2738/2981 2762/3007
f 2139/2313 2156/2330 2136/2310
f 2157/2331 2136/2310 2156/2330
f 2738/2981 2678/2920 2651/2892
f 2556/2793 4979/5669 4939/5594
f 4591/5143 4590/5142 4592/5144
f 4136/4599 4132/4595 4153/4617
f 1116/1192 1109/1185 1164/1240
f 4210/4676 4158/4622 4183/4648
f 4158/4622 4136/4599 4183/4648
f 4183/4648 4136/4599 4153/4617
f 1112/1188 1027/1103 1111/1187
f 350/355 455/521 437/484
f 437/485 455/520 4275/4751
f 1027/1103 931/1007 1111/1187
f 598/674 605/681 628/704
f 607/683 630/706 628/704
f 621/697 613/689 713/789
f 729/805 792/868 793/869
f 792/868 900/976 844/920
f 1342/1424 1341/1423 1343/1425
f 2738/2981 2651/2892 2708/2950
f 2560/2797 2559/2796 2587/2825
f 2558/2795 2557/2794 2575/2812
f 2557/2794 2556/2793 2574/2811
f 2556/2793 4939/5594 2574/2811
f 4093/4556 4128/4591 4108/4571
f 4093/4556 4104/4567 4128/4591
f 1109/1185 1112/1188 1111/1187
f 1111/1187 931/1007 961/1037
f 931/1007 810/886 961/1037
f 810/886 694/770 809/885
f 793/869 792/868 844/920
f 1342/1424 1343/1425 1345/1427
f 1341/1423 1338/1420 1401/1483
f 1338/1420 2822/3087 1401/1483
f 2738/2981 2708/2950 2762/3007
f 2632/2871 2605/2843 2606/2844
f 2605/2843 2560/2797 2606/2844
f 2560/2797 2587/2825 2606/2844
f 2559/2796 2558/2795 2586/2824
f 2586/2824 2558/2795 2575/2812
f 2575/2812 2557/2794 2574/2811
f 2574/2811 4939/5594 2630/2869
f 1938/2088 1585/1693 1989/2151
f 1585/1694 1164/1240 1110/1186
f 4132/4595 4108/4571 4153/4617
f 1164/1240 1109/1185 1110/1186
f 4183/4648 4153/4617 4182/4647
f 4210/4676 4183/4648 4225/4692
f 4183/4648 4182/4647 4225/4692
f 1111/1187 961/1037 1102/1178
f 810/886 809/885 961/1037
f 693/769 690/766 692/768
f 690/766 644/720 692/768
f 713/789 613/689 729/805
f 844/920 900/976 902/978
f 902/978 900/976 1517/1609
f 1345/1427 1343/1425 1344/1426
f 1343/1425 1341/1423 1344/1426
f 1344/1426 1341/1423 1401/1483
f 2708/2950 2651/2892 2652/2893
f 2651/2892 2632/2871 2652/2893
f 2587/2825 2559/2796 2586/2824
f 4128/4591 4104/4567 4140/4604
f 4104/4567 4103/4566 4151/4615
f 4151/4615 4103/4566 4152/4616
f 4103/4566 4129/4592 4152/4616
f 4129/4592 4176/4641 4177/4642
f 4176/4641 4879/5501 4177/4642
f 1585/1694 1110/1186 1989/2150
f 4153/4617 4108/4571 4135/4598
f 4135/4598 4108/4571 4128/4591
f 1109/1185 1111/1187 1103/1179
f 1111/1187 1102/1178 1103/1179
f 437/485 4275/4751 4314/4804
f 694/770 693/769 809/885
f 622/698 619/695 630/706
f 2822/3087 2812/3070 1401/1483
f 2822/3088 2762/3007 2812/3071
f 2170/2344 2232/2410 4764/5340
f 2762/3007 2708/2950 2759/3004
f 2652/2893 2632/2871 2650/2891
f 2632/2871 2606/2844 2650/2891
f 4591/5143 4592/5144 4593/5145
f 4104/4567 4151/4615 4140/4604
f 4129/4592 4177/4642 4152/4616
f 4182/4647 4153/4617 4161/4625
f 4161/4625 4153/4617 4135/4598
f 1109/1185 1103/1179 1110/1186
f 4314/4804 4275/4751 4225/4692
f 961/1037 809/885 960/1036
f 596/672 598/674 624/700
f 598/674 625/701 624/700
f 902/978 1517/1609 1403/1485
f 1517/1609 1345/1427 1403/1485
f 1403/1485 1345/1427 1346/1428
f 1345/1427 1344/1426 1346/1428
f 2759/3004 2708/2950 2677/2919
f 2708/2950 2652/2893 2677/2919
f 2606/2844 2587/2825 2611/2849
f 2575/2812 2574/2811 2594/2832
f 2594/2832 2574/2811 2614/2852
f 2574/2811 2630/2869 2614/2852
f 4177/4642 4879/5501 4307/4795
f 4135/4598 4128/4591 4140/4604
f 4161/4625 4135/4598 4185/4650
f 1103/1179 1102/1178 1098/1174
f 1102/1178 961/1037 1098/1174
f 1098/1174 961/1037 960/1036
f 960/1036 809/885 854/930
f 644/720 596/672 624/700
f 598/674 628/704 625/701
f 628/704 630/706 629/705
f 619/695 620/696 621/697
f 619/695 621/697 632/708
f 713/789 729/805 735/811
f 729/805 793/869 735/811
f 793/869 844/920 888/964
f 844/920 902/978 888/964
f 902/978 1403/1485 888/964
f 1346/1428 1344/1426 1347/1429
f 1344/1426 1401/1483 1347/1429
f 2812/3071 2762/3007 2759/3004
f 2652/2893 2650/2891 2677/2919
f 2650/2891 2606/2844 2611/2849
f 2587/2825 2586/2824 2611/2849
f 2593/2831 2575/2812 2594/2832
f 4135/4598 4140/4604 4170/4634
f 1989/2150 1110/1186 1108/1184
f 1110/1186 1103/1179 1108/1184
f 4182/4647 4161/4625 4194/4659
f 4194/4659 4161/4625 4185/4650
f 4314/4804 4225/4692 4003/4460
f 164/164 349/354 332/334
f 644/720 624/700 642/718
f 632/708 621/697 633/709
f 1403/1485 1346/1428 1348/1430
f 1348/1430 1346/1428 1347/1429
f 1347/1429 1401/1483 1409/1491
f 1401/1483 2812/3070 1409/1491
f 2677/2919 2650/2891 2676/2918
f 2650/2891 2655/2896 2676/2918
f 2650/2891 2611/2849 2655/2896
f 2611/2849 2586/2824 2612/2850
f 2612/2850 2586/2824 2593/2831
f 4140/4604 4184/4649 4170/4634
f 4140/4604 4151/4615 4184/4649
f 4151/4615 4152/4616 4184/4649
f 4152/4616 4177/4642 4187/4652
f 4152/4616 4187/4652 4184/4649
f 4177/4642 4307/4795 4187/4652
f 4185/4650 4135/4598 4191/4656
f 1103/1179 1098/1174 1104/1180
f 1103/1179 1104/1180 1108/1184
f 438/487 4314/4804 4320/4815
f 4314/4804 4003/4460 4320/4815
f 1098/1174 960/1036 981/1057
f 960/1036 854/930 981/1057
f 809/885 693/769 739/815
f 809/885 739/815 854/930
f 793/869 888/964 886/962
f 1095/1171 888/964 1467/1552
f 1403/1485 1348/1430 1467/1552
f 1409/1491 2812/3070 1593/1706
f 2812/3071 2759/3004 1593/1707
f 2759/3004 2677/2919 2760/3005
f 2594/2832 2614/2852 2631/2870
f 2631/2870 2614/2852 2653/2894
f 2614/2852 4873/5492 4919/5561
f 2614/2852 4919/5561 2653/2894
f 1926/2075 1967/2125 1956/2108
f 4187/4652 4307/4795 4287/4766
f 1989/2150 1108/1184 1578/1682
f 4191/4656 4135/4598 4190/4655
f 4135/4598 4170/4634 4190/4655
f 4170/4634 4184/4649 4189/4654
f 4003/4460 4225/4692 4271/4746
f 4271/4746 4225/4692 4194/4659
f 1101/1177 1098/1174 981/1057
f 693/769 692/768 739/815
f 644/720 643/719 692/768
f 630/706 619/695 632/708
f 621/697 713/789 633/709
f 735/811 793/869 886/962
f 1348/1430 1347/1429 1349/1431
f 1347/1429 1409/1491 1349/1431
f 2677/2919 2697/2939 2760/3005
f 2697/2939 2677/2919 2676/2918
f 2655/2896 2611/2849 2640/2881
f 2612/2850 2593/2831 2633/2872
f 2593/2831 2594/2832 2634/2873
f 2634/2873 2594/2832 2631/2870
f 1967/2125 1578/1683 1956/2108
f 4200/4665 4170/4634 4189/4654
f 4184/4649 4187/4652 4203/4669
f 1578/1682 1108/1184 1113/1189
f 4185/4650 4191/4656 4199/4664
f 1104/1180 1098/1174 1105/1181
f 1098/1174 1101/1177 1105/1181
f 854/930 739/815 853/929
f 644/720 642/718 643/719
f 713/789 735/811 736/812
f 886/962 1095/1171 1094/1170
f 1467/1552 1348/1430 1350/1432
f 1350/1432 1348/1430 1349/1431
f 1593/1707 2759/3004 2760/3005
f 2676/2918 2655/2896 2675/2917
f 4763/5338 4760/5335 4759/5334
f 2611/2849 2612/2850 2640/2881
f 2593/2831 2634/2873 2633/2872
f 2653/2894 4919/5561 2662/2904
f 1956/2109 1578/1684 1581/1688
f 4184/4649 4203/4669 4189/4654
f 4203/4669 4187/4652 4204/4670
f 4187/4652 4287/4766 4204/4670
f 4204/4670 4287/4766 4844/5443
f 1108/1184 1104/1180 1113/1189
f 4002/4459 4320/4815 4003/4460
f 981/1057 979/1055 1101/1177
f 981/1057 854/930 979/1055
f 854/930 853/929 979/1055
f 625/701 628/704 627/703
f 735/811 886/962 887/963
f 1467/1552 1350/1432 1470/1555
f 1409/1491 1593/1706 2835/3105
f 1593/1707 2760/3005 2835/3106
f 2222/2399 4770/5348 4780/5362
f 2697/2939 2696/2938 2698/2940
f 2697/2939 2676/2918 2696/2938
f 2676/2918 2675/2917 2696/2938
f 2655/2896 2640/2881 2675/2917
f 2640/2881 2612/2850 2641/2882
f 2612/2850 2633/2872 2641/2882
f 2631/2870 2653/2894 2662/2904
f 4199/4664 4191/4656 3970/4416
f 4191/4656 4190/4655 3970/4416
f 4170/4634 4200/4665 4190/4655
f 1104/1180 1105/1181 1106/1182
f 1104/1180 1106/1182 1113/1189
f 4003/4460 4271/4746 3989/4440
f 3989/4440 4271/4746 3975/4421
f 739/815 692/768 738/814
f 713/789 736/812 737/813
f 736/812 735/811 887/963
f 1350/1432 1349/1431 1351/1433
f 1349/1431 1409/1491 1351/1433
f 1409/1491 2835/3105 1485/1571
f 2835/3106 2760/3005 2761/3006
f 2760/3005 2697/2939 2761/3006
f 2761/3006 2697/2939 2698/2940
f 2675/2917 2640/2881 2666/2908
f 2640/2881 2641/2882 2666/2908
f 2641/2882 2633/2872 2661/2902
f 2661/2902 2633/2872 2634/2873
f 4204/4670 4844/5443 4260/4735
f 3970/4416 4190/4655 4201/4666
f 4190/4655 4200/4665 4201/4666
f 4189/4654 4203/4669 4200/4665
f 4203/4669 4204/4670 4211/4677
f 1581/1687 1113/1189 1207/1284
f 4194/4659 4199/4664 3971/4417
f 4199/4664 3970/4416 3971/4417
f 4003/4460 3989/4440 4002/4459
f 1105/1181 1101/1177 1099/1175
f 1101/1177 979/1055 1099/1175
f 624/700 625/701 626/702
f 630/706 632/708 631/707
f 1470/1555 1350/1432 1352/1434
f 1352/1434 1350/1432 1351/1433
f 1351/1433 1409/1491 1485/1571
f 1485/1571 2835/3105 2834/3103
f 2834/3104 2835/3106 2761/3006
f 2209/2386 2243/2421 2216/2393
f 2696/2938 2675/2917 2694/2936
f 2674/2916 2641/2882 2661/2902
f 2634/2873 2631/2870 2668/2910
f 2631/2870 2662/2904 2668/2910
f 4201/4666 4200/4665 3967/4413
f 4200/4665 4203/4669 3967/4413
f 3967/4413 4203/4669 3966/4412
f 4203/4669 4211/4677 3966/4412
f 4211/4677 4260/4735 4009/4471
f 1113/1189 1106/1182 1207/1284
f 1105/1181 1099/1175 1106/1182
f 853/929 739/815 829/905
f 739/815 738/814 829/905
f 630/706 631/707 629/705
f 713/789 737/813 712/788
f 737/813 736/812 890/966
f 736/812 887/963 890/966
f 887/963 1494/1580 890/966
f 1470/1555 1352/1434 1494/1580
f 2761/3006 2698/2940 2740/2983
f 2694/2936 2675/2917 2666/2908
f 2641/2882 2674/2916 2666/2908
f 2661/2902 2634/2873 2688/2930
f 2688/2930 2634/2873 2668/2910
f 3970/4416 4201/4666 3959/4405
f 4201/4666 3967/4413 3959/4405
f 3975/4421 3971/4417 3969/4415
f 1207/1284 1106/1182 1107/1183
f 1207/1284 1107/1183 1206/1283
f 1106/1182 1099/1175 1107/1183
f 451/513 4002/4459 3989/4440
f 1107/1183 1099/1175 1100/1176
f 1099/1175 979/1055 1100/1176
f 1100/1176 979/1055 980/1056
f 264/264 367/374 352/357
f 979/1055 853/929 980/1056
f 853/929 829/905 980/1056
f 692/768 643/719 696/772
f 624/700 626/702 642/718
f 625/701 627/703 626/702
f 627/703 628/704 629/705
f 1494/1580 1352/1434 1354/1436
f 1354/1436 1352/1434 1353/1435
f 1352/1434 1351/1433 1353/1435
f 1351/1433 1485/1571 1353/1435
f 2834/3104 2761/3006 2833/3102
f 2833/3102 2761/3006 2809/3067
f 2761/3006 2740/2983 2809/3067
f 2698/2940 2696/2938 2740/2983
f 2674/2916 2661/2902 2691/2933
f 2691/2933 2661/2902 2688/2930
f 2668/2910 4971/5653 2722/2965
f 4501/5030 4481/5006 1900/2047
f 4211/4677 4009/4471 3961/4407
f 3961/4407 4009/4471 3988/4439
f 3966/4412 4211/4677 3961/4407
f 1581/1687 1207/1284 1590/1702
f 3969/4415 3971/4417 3958/4404
f 3971/4417 3970/4416 3958/4404
f 3989/4440 3975/4421 3976/4422
f 3975/4421 3969/4415 3976/4422
f 352/357 367/374 451/512
f 692/768 696/772 738/814
f 737/813 890/966 891/967
f 737/813 891/967 849/925
f 890/966 1544/1640 891/967
f 1494/1580 1354/1436 1544/1640
f 1353/1435 1485/1571 1484/1570
f 1485/1571 2834/3103 2833/3101
f 1485/1571 2833/3101 1484/1570
f 2269/2448 2303/2486 2262/2441
f 2740/2983 2696/2938 2741/2984
f 2741/2984 2696/2938 2694/2936
f 2694/2936 2666/2908 2692/2934
f 2666/2908 2674/2916 2692/2934
f 3959/4405 3967/4413 3953/4399
f 3953/4399 3967/4413 3951/4397
f 3967/4413 3966/4412 3951/4397
f 3966/4412 3952/4398 3951/4397
f 3966/4412 3961/4407 3952/4398
f 3958/4404 3970/4416 3955/4401
f 3970/4416 3959/4405 3955/4401
f 3976/4422 3969/4415 3968/4414
f 1107/1183 1198/1274 1206/1283
f 1107/1183 1100/1176 1197/1273
f 1107/1183 1197/1273 1198/1274
f 1100/1176 980/1056 973/1049
f 980/1056 829/905 973/1049
f 829/905 738/814 827/903
f 829/905 827/903 973/1049
f 642/718 626/702 639/715
f 633/709 713/789 712/788
f 712/788 737/813 711/787
f 711/787 737/813 849/925
f 1544/1640 1354/1436 1356/1438
f 1356/1438 1354/1436 1355/1437
f 363/370 2436/2653 377/387
f 1354/1436 1353/1435 1355/1437
f 1353/1435 1484/1570 1355/1437
f 2740/2983 2741/2984 2809/3067
f 2691/2933 2688/2930 2702/2944
f 2688/2930 2668/2910 2702/2944
f 2702/2944 2668/2910 2721/2963
f 2668/2910 2722/2965 2721/2963
f 3952/4398 3961/4407 3957/4403
f 3961/4407 3988/4439 3957/4403
f 3957/4403 3988/4439 4900/5535
f 3955/4401 3959/4405 3953/4399
f 1590/1702 1206/1283 4529/5068
f 3968/4414 3969/4415 3954/4400
f 3969/4415 3958/4404 3954/4400
f 1100/1176 973/1049 1282/1363
f 1197/1273 1100/1176 1282/1363
f 738/814 754/830 827/903
f 1544/1640 1356/1438 1553/1651
f 1355/1437 1484/1570 1502/1591
f 2833/3102 2809/3067 2810/3068
f 2772/3017 2741/2984 2737/2980
f 2741/2984 2694/2936 2737/2980
f 2692/2934 2674/2916 2693/2935
f 2674/2916 2691/2933 2693/2935
f 2721/2963 2722/2965 4954/5622
f 4507/5036 1590/1703 4514/5043
f 3940/4386 3953/4399 3947/4393
f 3953/4399 3951/4397 3947/4393
f 3951/4397 3945/4391 3947/4393
f 3951/4397 3952/4398 3946/4392
f 3952/4398 3957/4403 3956/4402
f 3952/4398 3956/4402 3946/4392
f 3957/4403 4900/5535 3956/4402
f 1206/1283 1198/1274 4529/5068
f 451/513 3978/4424 3995/4447
f 3995/4447 3978/4424 3977/4423
f 454/519 451/513 3995/4447
f 1282/1363 973/1049 974/1050
f 973/1049 827/903 974/1050
f 738/814 696/772 754/830
f 711/787 849/925 848/924
f 849/925 1570/1673 1571/1674
f 1553/1651 1356/1438 1357/1439
f 363/370 362/369 444/498
f 1355/1437 1502/1591 1361/1443
f 1484/1570 2833/3101 1502/1591
f 2809/3067 2741/2984 2792/3042
f 2741/2984 2772/3017 2792/3042
f 2694/2936 2692/2934 2737/2980
f 2691/2933 2725/2968 2693/2935
f 2691/2933 2702/2944 2725/2968
f 3951/4397 3946/4392 3945/4391
f 3956/4402 4900/5535 4857/5465
f 3958/4404 3955/4401 3941/4387
f 3955/4401 3953/4399 3941/4387
f 3941/4387 3953/4399 3940/4386
f 4529/5068 1198/1274 1200/1276
f 1282/1363 974/1050 1281/1362
f 1197/1273 1282/1363 1281/1362
f 343/345 353/358 454/518
f 642/718 641/717 643/719
f 642/718 639/715 641/717
f 632/708 633/709 631/707
f 633/709 712/788 711/787
f 1022/1098 848/924 1571/1674
f 1553/1651 1357/1439 1562/1664
f 1357/1439 1355/1437 1358/1440
f 1355/1437 1361/1443 1358/1440
f 1361/1443 1502/1591 2887/3175
f 2403/2609 2359/2553 2383/2584
f 1502/1592 2833/3102 2839/3110
f 2839/3110 2833/3102 2810/3068
f 2305/2488 2298/2479 2292/2473
f 2297/2478 2362/2559 4751/5324
f 2792/3042 2772/3017 2777/3023
f 2772/3017 2737/2980 2776/3022
f 2737/2980 2692/2934 2735/2978
f 2692/2934 2693/2935 2735/2978
f 2735/2978 2693/2935 2736/2979
f 2702/2944 2721/2963 2731/2974
f 2721/2963 4954/5622 2742/2986
f 3946/4392 3956/4402 3950/4396
f 3956/4402 4857/5465 3950/4396
f 4514/5043 4529/5069 4526/5063
f 3954/4400 3958/4404 3942/4388
f 3958/4404 3941/4387 3942/4388
f 3977/4423 3968/4414 3962/4408
f 3968/4414 3954/4400 3962/4408
f 1198/1274 1197/1273 1199/1275
f 1198/1274 1199/1275 1200/1276
f 453/517 3995/4447 3993/4444
f 1197/1273 1281/1362 1199/1275
f 974/1050 827/903 975/1051
f 827/903 754/830 828/904
f 827/903 828/904 975/1051
f 696/772 643/719 697/773
f 633/709 711/787 710/786
f 711/787 848/924 784/860
f 362/369 364/371 444/498
f 1502/1592 2839/3110 2887/3176
f 2772/3017 2776/3022 2777/3023
f 2693/2935 2725/2968 2736/2979
f 2731/2974 2721/2963 2745/2989
f 4485/5010 4507/5036 4503/5032
f 3950/4396 4857/5465 3980/4428
f 3962/4408 3954/4400 3944/4390
f 3954/4400 3942/4388 3944/4390
f 4529/5068 1200/1276 4526/5062
f 3977/4423 3962/4408 3965/4411
f 1281/1362 974/1050 975/1051
f 754/830 696/772 753/829
f 754/830 753/829 828/904
f 627/703 629/705 634/710
f 710/786 711/787 783/859
f 711/787 784/860 783/859
f 784/860 848/924 916/992
f 1022/1098 1562/1664 916/992
f 1358/1440 1361/1443 2887/3175
f 2887/3176 2839/3110 2853/3128
f 2313/2497 2461/2689 4749/5320
f 2737/2980 2735/2978 2753/2997
f 2725/2968 2731/2974 2745/2989
f 2745/2989 2721/2963 2743/2987
f 2721/2963 2742/2986 2743/2987
f 2742/2986 4947/5608 2743/2987
f 3940/4386 3947/4393 3945/4391
f 3945/4391 3946/4392 3938/4384
f 3946/4392 3939/4385 3938/4384
f 3946/4392 3950/4396 3939/4385
f 3950/4396 3980/4428 3939/4385
f 3965/4411 3962/4408 3944/4390
f 3993/4444 3977/4423 3965/4411
f 348/353 453/516 452/514
f 452/515 453/517 3993/4444
f 1281/1362 975/1051 1526/1619
f 975/1051 828/904 929/1005
f 1526/1619 975/1051 929/1005
f 643/719 641/717 697/773
f 784/860 916/992 917/993
f 1562/1664 1357/1439 1359/1441
f 1357/1439 1358/1440 1359/1441
f 2355/2548 2356/2549 2312/2495
f 2853/3128 2839/3110 2840/3111
f 2839/3110 2810/3068 2840/3111
f 2840/3111 2810/3068 2802/3056
f 2810/3068 2792/3042 2802/3056
f 2792/3042 2777/3023 2802/3056
f 2776/3022 2737/2980 2773/3018
f 2773/3018 2737/2980 2753/2997
f 2735/2978 2736/2979 2753/2997
f 2753/2997 2736/2979 2754/2998
f 2736/2979 2725/2968 2754/2998
f 2754/2998 2725/2968 2755/2999
f 2725/2968 2745/2989 2755/2999
f 2743/2987 4947/5608 2788/3037
f 4485/5010 4503/5032 4484/5009
f 3939/4385 3980/4428 3981/4430
f 3942/4388 3941/4387 3926/4370
f 3941/4387 3940/4386 3926/4370
f 3926/4370 3940/4386 3924/4368
f 3924/4368 3940/4386 3925/4369
f 3940/4386 3945/4391 3925/4369
f 3945/4391 3938/4384 3925/4369
f 3944/4390 3942/4388 3930/4374
f 4526/5062 1200/1276 4524/5059
f 3965/4411 3944/4390 3964/4410
f 1200/1276 1199/1275 1201/1277
f 1200/1276 1201/1277 4524/5059
f 1199/1275 1281/1362 1202/1278
f 1199/1275 1202/1278 1201/1277
f 1281/1362 1526/1619 1202/1278
f 1525/1618 1526/1619 929/1005
f 828/904 753/829 929/1005
f 929/1005 753/829 873/949
f 696/772 750/826 753/829
f 753/829 750/826 752/828
f 696/772 697/773 750/826
f 639/715 626/702 638/714
f 626/702 627/703 638/714
f 629/705 631/707 634/710
f 631/707 633/709 635/711
f 783/859 784/860 868/944
f 784/860 917/993 868/944
f 1083/1159 868/944 917/993
f 917/993 916/992 1557/1656
f 1562/1664 1359/1441 1557/1656
f 1358/1440 2887/3175 2888/3177
f 2888/3178 2887/3176 2853/3128
f 2777/3023 2773/3018 2802/3056
f 2777/3023 2776/3022 2773/3018
f 2745/2989 2743/2987 2775/3021
f 2743/2987 2788/3037 2775/3021
f 3938/4384 3939/4385 3923/4367
f 3939/4385 3943/4389 3923/4367
f 3939/4385 3981/4430 3943/4389
f 4503/5032 4510/5039 4504/5033
f 3942/4388 3926/4370 3930/4374
f 3964/4410 3944/4390 3934/4379
f 3944/4390 3930/4374 3934/4379
f 3993/4444 3965/4411 3964/4410
f 3999/4454 3993/4444 3986/4436
f 1526/1619 1525/1618 1202/1278
f 697/773 641/717 698/774
f 641/717 639/715 640/716
f 638/714 627/703 634/710
f 1083/1159 917/993 1512/1602
f 1557/1656 1359/1441 1360/1442
f 2773/3018 2753/2997 2778/3024
f 2775/3021 2788/3037 2791/3041
f 3943/4389 3981/4430 4904/5540
f 4504/5033 4510/5039 4509/5038
f 3925/4369 3938/4384 3923/4367
f 4510/5039 4524/5060 4509/5038
f 3993/4444 3964/4410 3986/4436
f 384/397 348/353 3999/4453
f 1524/1617 1525/1618 929/1005
f 929/1005 873/949 998/1074
f 753/829 752/828 873/949
f 641/717 640/716 698/774
f 631/707 635/711 634/710
f 633/709 710/786 708/784
f 710/786 783/859 785/861
f 1528/1621 1083/1159 1512/1602
f 1557/1656 1360/1442 1512/1602
f 1512/1602 1360/1442 1363/1445
f 1360/1442 1358/1440 1362/1444
f 1362/1444 1358/1440 3856/4294
f 1358/1440 2888/3177 3856/4294
f 2380/2581 2374/2574 2358/2552
f 2888/3179 2853/3129 3849/4280
f 2853/3128 2840/3111 3849/4281
f 3849/4281 2840/3111 2818/3081
f 2840/3111 2802/3056 2818/3081
f 2818/3081 2802/3056 2773/3018
f 2805/3059 2773/3018 2778/3024
f 2778/3024 2753/2997 2754/2998
f 2755/2999 2745/2989 2786/3034
f 2745/2989 2775/3021 2786/3034
f 2786/3034 2775/3021 2787/3035
f 2775/3021 2791/3041 2790/3039
f 3924/4368 3925/4369 3920/4364
f 3925/4369 3923/4367 3920/4364
f 3923/4367 3943/4389 3935/4381
f 3923/4367 3935/4381 3929/4373
f 3943/4389 4904/5540 3935/4381
f 3926/4370 3924/4368 3922/4366
f 3934/4379 3930/4374 3927/4371
f 4524/5059 1201/1277 1203/1279
f 1201/1277 1202/1278 1203/1279
f 1203/1279 1202/1278 1429/1511
f 3986/4436 3964/4410 3963/4409
f 3999/4453 457/524 384/397
f 1525/1618 1524/1617 1202/1278
f 929/1005 998/1074 1524/1617
f 998/1074 873/949 918/994
f 873/949 752/828 918/994
f 750/826 697/773 752/828
f 639/715 638/714 640/716
f 638/714 634/710 637/713
f 634/710 635/711 636/712
f 785/861 783/859 869/945
f 783/859 868/944 869/945
f 1083/1159 1528/1621 1082/1158
f 1528/1621 1512/1602 1363/1445
f 3856/4295 2888/3179 3849/4280
f 2367/2566 2425/2640 4754/5328
f 2818/3081 2773/3018 2821/3085
f 2778/3024 2754/2998 2779/3026
f 2779/3026 2755/2999 2789/3038
f 2755/2999 2786/3034 2789/3038
f 3924/4368 3920/4364 3921/4365
f 3920/4364 3923/4367 3918/4362
f 3923/4367 3929/4373 3918/4362
f 4509/5038 4524/5060 4505/5034
f 3927/4371 3930/4374 3922/4366
f 3930/4374 3926/4370 3922/4366
f 3922/4366 3924/4368 3921/4365
f 4524/5060 1203/1280 4505/5034
f 3963/4409 3934/4379 3933/4378
f 3934/4379 3927/4371 3933/4378
f 1429/1511 1202/1278 1430/1512
f 457/525 3986/4436 3987/4437
f 1202/1278 1524/1617 1449/1532
f 1202/1278 1449/1532 1430/1512
f 998/1074 918/994 919/995
f 918/994 752/828 919/995
f 919/995 752/828 835/911
f 752/828 697/773 751/827
f 710/786 785/861 786/862
f 1528/1621 1363/1445 1364/1446
f 2378/2579 4859/5468 2425/2640
f 3849/4281 2818/3081 2821/3085
f 2773/3018 2805/3059 2821/3085
f 2821/3085 2805/3059 3843/4271
f 2778/3024 2779/3026 2806/3062
f 2791/3041 2814/3074 2790/3039
f 3929/4373 3935/4381 4836/5432
f 3921/4365 3920/4364 3902/4344
f 1429/1511 1430/1512 1431/1513
f 1429/1511 1431/1513 1203/1279
f 3987/4437 3963/4409 3949/4395
f 998/1074 919/995 1524/1617
f 752/828 751/827 835/911
f 697/773 742/818 751/827
f 697/773 698/774 742/818
f 635/711 633/709 708/784
f 708/784 710/786 709/785
f 785/861 928/1004 786/862
f 785/861 869/945 928/1004
f 1082/1158 1521/1614 928/1004
f 1528/1621 1364/1446 1521/1614
f 1364/1446 1362/1444 1365/1447
f 1365/1447 1362/1444 1556/1654
f 1362/1444 3856/4294 1556/1654
f 2394/2598 2393/2597 2374/2574
f 2393/2597 2382/2583 2387/2589
f 2391/2595 2390/2594 2382/2583
f 3856/4295 3845/4274 3846/4275
f 3845/4274 3849/4280 2821/3086
f 3843/4272 2805/3060 3834/4259
f 2805/3060 2778/3025 3842/4269
f 3842/4269 2778/3025 2806/3061
f 2789/3038 2786/3034 2796/3049
f 2796/3049 2786/3034 2787/3035
f 2787/3035 2790/3039 2814/3074
f 3920/4364 3918/4362 3900/4342
f 3918/4362 3929/4373 3928/4372
f 3929/4373 4836/5432 3928/4372
f 3928/4372 4836/5432 3997/4451
f 4488/5014 4505/5034 4506/5035
f 3922/4366 3921/4365 3903/4345
f 3903/4345 3921/4365 3902/4344
f 3933/4378 3927/4371 3919/4363
f 3927/4371 3922/4366 3919/4363
f 1203/1279 1431/1513 1433/1515
f 3963/4409 3933/4378 3949/4395
f 457/525 3987/4437 3994/4446
f 1449/1532 1524/1617 1465/1550
f 1449/1532 1465/1550 1430/1512
f 1524/1617 919/995 1465/1550
f 1465/1550 919/995 953/1029
f 919/995 835/911 953/1029
f 835/911 751/827 953/1029
f 709/785 710/786 779/855
f 710/786 786/862 779/855
f 786/862 928/1004 941/1017
f 941/1017 928/1004 1564/1666
f 928/1004 1521/1614 1564/1666
f 1521/1614 1364/1446 1366/1448
f 1366/1448 1364/1446 1365/1447
f 2390/2593 4868/5483 4748/5319
f 2805/3060 3842/4269 3834/4259
f 2806/3062 2779/3026 3839/4264
f 2779/3026 2789/3038 3839/4264
f 3839/4264 2789/3038 2807/3063
f 2789/3038 2796/3049 2807/3063
f 3902/4344 3920/4364 3900/4342
f 3900/4342 3918/4362 3899/4341
f 3899/4341 3918/4362 3901/4343
f 3918/4362 3928/4372 3901/4343
f 3901/4343 3928/4372 3917/4361
f 3928/4372 3997/4451 3917/4361
f 3919/4363 3922/4366 3903/4345
f 375/384 3994/4445 376/385
f 1465/1550 953/1029 954/1030
f 953/1029 751/827 954/1030
f 954/1030 751/827 855/931
f 751/827 742/818 855/931
f 640/716 638/714 701/777
f 635/711 708/784 705/781
f 786/862 941/1017 942/1018
f 1563/1665 941/1017 1564/1666
f 1564/1666 1521/1614 1368/1450
f 1366/1448 1365/1447 1367/1449
f 1365/1447 1556/1654 1367/1449
f 2392/2596 4867/5482 4868/5484
f 3845/4274 2821/3086 3840/4266
f 2821/3086 3843/4272 3840/4266
f 2806/3062 3839/4264 3842/4270
f 2796/3049 2787/3035 2813/3072
f 2787/3035 2814/3074 2813/3072
f 2813/3072 2814/3074 4933/5585
f 3917/4361 3997/4451 4007/4467
f 3917/4361 4007/4467 3916/4360
f 4488/5014 4506/5035 4490/5016
f 3901/4343 3917/4361 3916/4360
f 4506/5035 1433/1516 4496/5024
f 3919/4363 3903/4345 3904/4346
f 3904/4346 3903/4345 3891/4333
f 3949/4395 3933/4378 3910/4353
f 3933/4378 3919/4363 3910/4353
f 1433/1515 1431/1513 1432/1514
f 3987/4437 3949/4395 3948/4394
f 1431/1513 1430/1512 1432/1514
f 3994/4446 3987/4437 3983/4433
f 1465/1550 1482/1568 1430/1512
f 1465/1550 954/1030 1482/1568
f 955/1031 954/1030 855/931
f 698/774 700/776 742/818
f 742/818 700/776 743/819
f 698/774 699/775 700/776
f 698/774 640/716 699/775
f 638/714 637/713 701/777
f 779/855 786/862 907/983
f 786/862 942/1018 907/983
f 941/1017 1563/1665 942/1018
f 1563/1665 1564/1666 1368/1450
f 1367/1449 1556/1654 3852/4286
f 3105/3432 2395/2599 2393/2597
f 1556/1655 3846/4275 3844/4273
f 3846/4275 3845/4274 3844/4273
f 3844/4273 3845/4274 3840/4266
f 3843/4272 3834/4259 3840/4266
f 3840/4266 3834/4259 3828/4252
f 4490/5016 4506/5035 4496/5024
f 3903/4345 3902/4344 3891/4333
f 3902/4344 3900/4342 3888/4330
f 3900/4342 3899/4341 3888/4330
f 3899/4341 3889/4331 3888/4330
f 3899/4341 3890/4332 3889/4331
f 3899/4341 3901/4343 3890/4332
f 3901/4343 3916/4360 3890/4332
f 3890/4332 3916/4360 3915/4359
f 3910/4353 3897/4339 3909/4352
f 3919/4363 3904/4346 3910/4353
f 3910/4353 3904/4346 3897/4339
f 1433/1515 1432/1514 1497/1583
f 3949/4395 3910/4353 3948/4394
f 3948/4394 3910/4353 3909/4352
f 3987/4437 3948/4394 3983/4433
f 376/386 3994/4446 3998/4452
f 3998/4452 3994/4446 3983/4433
f 4010/4473 376/386 3998/4452
f 954/1030 955/1031 1482/1568
f 855/931 742/818 819/895
f 819/895 742/818 743/819
f 637/713 634/710 636/712
f 708/784 709/785 706/782
f 1591/1704 907/983 1569/1672
f 1569/1672 942/1018 1563/1665
f 381/393 445/500 382/394
f 1368/1450 1367/1449 1369/1451
f 3108/3436 3106/3434 3107/3435
f 1369/1451 1367/1449 3852/4286
f 3852/4287 1556/1655 3844/4273
f 3828/4252 3834/4259 3827/4251
f 3834/4259 3842/4269 3831/4255
f 3842/4269 3839/4265 3831/4255
f 2813/3072 4933/5585 4948/5610
f 4409/4921 4434/4946 4421/4933
f 3916/4360 4007/4467 3915/4359
f 3915/4359 4007/4467 4899/5533
f 3891/4333 3902/4344 3885/4327
f 3885/4327 3902/4344 3888/4330
f 3889/4331 3890/4332 3872/4314
f 3890/4332 3915/4359 3914/4358
f 3904/4346 3891/4333 3897/4339
f 1430/1512 1482/1568 1434/1517
f 1430/1512 1434/1517 1432/1514
f 4010/4473 3998/4452 371/379
f 1483/1569 1482/1568 955/1031
f 855/931 819/895 940/1016
f 855/931 940/1016 955/1031
f 940/1016 819/895 845/921
f 819/895 743/819 845/921
f 640/716 701/777 699/775
f 636/712 635/711 705/781
f 705/781 708/784 706/782
f 709/785 779/855 781/857
f 779/855 924/1000 781/857
f 779/855 907/983 924/1000
f 1591/1704 924/1000 907/983
f 1569/1672 1563/1665 1371/1453
f 1563/1665 1368/1450 1371/1453
f 1371/1453 1368/1450 1370/1452
f 3111/3441 3108/3436 445/501
f 1368/1450 1369/1451 1370/1452
f 3852/4287 3844/4273 3837/4262
f 3105/3433 3097/3420 2395/2600
f 3097/3420 3104/3431 2395/2600
f 3103/3429 3112/3443 4746/5317
f 3837/4262 3844/4273 3832/4256
f 3834/4259 3831/4255 3827/4251
f 3831/4255 3839/4265 3825/4249
f 3841/4267 2813/3072 3833/4257
f 2813/3072 4948/5610 3833/4257
f 4458/4973 4490/5016 4489/5015
f 3915/4359 4899/5533 3914/4358
f 3914/4358 4899/5533 4898/5531
f 3885/4327 3888/4330 3881/4323
f 3888/4330 3889/4331 3872/4314
f 3888/4330 3872/4314 3881/4323
f 3872/4314 3890/4332 3873/4315
f 3890/4332 3914/4358 3873/4315
f 3948/4394 3909/4352 3960/4406
f 1432/1514 1435/1518 1497/1583
f 1432/1514 1434/1517 1435/1518
f 3998/4452 3983/4433 3985/4435
f 1482/1568 1483/1569 1434/1517
f 955/1031 940/1016 1483/1569
f 743/819 700/776 744/820
f 1567/1670 1591/1704 1569/1672
f 1372/1454 1371/1453 1370/1452
f 3111/3441 3102/3426 3100/3424
f 3100/3424 3099/3423 3089/3410
f 1370/1452 1369/1451 1372/1454
f 1372/1454 1369/1451 3853/4288
f 3100/3424 3089/3410 3106/3434
f 3106/3434 3089/3410 3090/3411
f 1369/1451 3852/4286 3853/4288
f 3090/3411 3083/3402 3091/3412
f 3852/4287 3837/4262 3836/4261
f 3076/3395 3082/3401 2414/2626
f 2414/2626 3082/3401 3097/3420
f 3103/3429 3098/3422 3112/3443
f 3840/4266 3828/4252 3832/4256
f 3832/4256 3828/4252 3819/4242
f 3839/4265 2807/3064 3825/4249
f 2807/3064 3829/4253 3825/4249
f 2807/3064 3841/4268 3829/4253
f 3829/4253 3841/4268 3830/4254
f 3830/4254 3841/4268 3833/4258
f 3833/4258 4948/5611 4949/5613
f 3914/4358 4898/5531 3873/4315
f 3873/4315 4898/5531 3870/4312
f 3891/4333 3885/4327 3882/4324
f 3885/4327 3881/4323 3882/4324
f 3909/4352 3897/4339 3894/4336
f 3897/4339 3891/4333 3894/4336
f 3891/4333 3882/4324 3894/4336
f 1497/1583 1435/1518 1498/1585
f 3960/4406 3909/4352 3908/4351
f 3985/4435 3983/4433 3984/4434
f 3985/4435 3984/4434 4005/4463
f 1434/1517 1483/1569 1469/1554
f 1483/1569 940/1016 1469/1554
f 940/1016 845/921 922/998
f 845/921 743/819 922/998
f 922/998 743/819 842/918
f 700/776 699/775 744/820
f 744/820 699/775 745/821
f 637/713 636/712 701/777
f 706/782 709/785 777/853
f 709/785 780/856 777/853
f 709/785 781/857 780/856
f 781/857 925/1001 780/856
f 781/857 924/1000 925/1001
f 924/1000 1591/1704 1567/1670
f 924/1000 1567/1670 925/1001
f 1567/1670 1569/1672 1371/1453
f 1373/1455 1567/1670 1371/1453
f 1373/1455 1371/1453 1372/1454
f 3111/3441 3101/3425 3102/3426
f 3102/3426 3099/3423 3100/3424
f 3089/3410 3083/3402 3090/3411
f 3083/3402 3076/3395 3091/3412
f 3088/3409 3085/3406 3098/3422
f 3818/4241 3827/4251 3826/4250
f 3833/4258 4949/5613 3823/4246
f 3823/4246 4949/5613 4970/5651
f 3870/4312 4898/5531 4897/5529
f 3882/4324 3881/4323 3880/4322
f 3881/4323 3872/4314 3880/4322
f 3880/4322 3872/4314 3874/4316
f 3874/4316 3872/4314 3866/4308
f 3872/4314 3873/4315 3869/4311
f 3872/4314 3869/4311 3866/4308
f 3873/4315 3870/4312 3869/4311
f 3909/4352 3894/4336 3908/4351
f 3960/4406 3908/4351 3937/4383
f 4008/4469 371/379 4005/4463
f 1469/1554 940/1016 1468/1553
f 940/1016 922/998 1468/1553
f 922/998 842/918 986/1062
f 842/918 743/819 744/820
f 1567/1670 1373/1455 1568/1671
f 1373/1455 1372/1454 1374/1456
f 3101/3425 3099/3423 3102/3426
f 1374/1456 1372/1454 3851/4284
f 3099/3423 3077/3396 3089/3410
f 1372/1454 3853/4288 3851/4284
f 3089/3410 3066/3385 3083/3402
f 3851/4285 3853/4289 3838/4263
f 3853/4289 3836/4261 3838/4263
f 3076/3395 3081/3400 3082/3401
f 3080/3399 3086/3407 3087/3408
f 3086/3407 3075/3394 3088/3409
f 3075/3394 3085/3406 3088/3409
f 3837/4262 3832/4256 3836/4261
f 3818/4241 3826/4250 3817/4240
f 3831/4255 3825/4249 3826/4250
f 3826/4250 3825/4249 3815/4238
f 3815/4238 3825/4249 3816/4239
f 3825/4249 3829/4253 3816/4239
f 3829/4253 3830/4254 3820/4243
f 3830/4254 3833/4258 3823/4246
f 4442/4954 4489/5015 4491/5017
f 3870/4312 4897/5529 3868/4310
f 3880/4322 3874/4316 3877/4319
f 3869/4311 3870/4312 3868/4310
f 3869/4311 3868/4310 3866/4308
f 3908/4351 3894/4336 3895/4337
f 3894/4336 3887/4329 3895/4337
f 3894/4336 3882/4324 3887/4329
f 1498/1585 1435/1518 1520/1612
f 3937/4383 3908/4351 3895/4337
f 3984/4434 3960/4406 3937/4383
f 1434/1517 1469/1554 1436/1519
f 1434/1517 1436/1519 1435/1518
f 4005/4463 3984/4434 3990/4441
f 4005/4463 3990/4441 4008/4469
f 1469/1554 1468/1553 1436/1519
f 922/998 986/1062 1468/1553
f 1547/1643 1468/1553 986/1062
f 986/1062 842/918 987/1063
f 842/918 894/970 987/1063
f 842/918 744/820 894/970
f 701/777 636/712 702/778
f 636/712 705/781 704/780
f 704/780 705/781 706/782
f 777/853 780/856 903/979
f 903/979 780/856 982/1058
f 780/856 925/1001 982/1058
f 982/1058 925/1001 1568/1671
f 982/1058 1568/1671 1577/1681
f 1376/1458 1568/1671 1373/1455
f 1376/1458 1373/1455 1375/1457
f 1373/1455 1374/1456 1375/1457
f 3101/3425 3078/3397 3099/3423
f 3078/3397 3077/3396 3099/3423
f 3066/3385 3065/3384 3083/3402
f 3065/3384 3062/3380 3076/3395
f 3075/3394 4854/5459 3085/3406
f 3836/4261 3832/4256 3814/4237
f 3836/4261 3814/4237 3812/4235
f 3826/4250 3815/4238 3817/4240
f 3829/4253 3820/4243 3816/4239
f 4424/4936 4442/4954 4419/4931
f 4419/4931 4442/4954 4422/4934
f 4456/4971 4491/5017 4457/4972
f 3868/4310 4897/5529 4006/4465
f 3866/4308 3868/4310 3867/4309
f 4491/5017 1520/1613 4494/5021
f 3937/4383 3895/4337 3896/4338
f 3937/4383 3896/4338 3936/4382
f 3984/4434 3937/4383 3936/4382
f 3984/4434 3936/4382 3990/4441
f 1436/1519 1437/1520 1435/1518
f 1436/1519 1468/1553 1437/1520
f 1437/1520 1468/1553 1448/1531
f 388/403 4008/4469 4000/4455
f 1468/1553 1547/1643 1448/1531
f 1547/1643 986/1062 987/1063
f 894/970 744/820 812/888
f 744/820 745/821 812/888
f 745/821 699/775 746/822
f 699/775 703/779 746/822
f 702/778 636/712 704/780
f 704/780 706/782 707/783
f 707/783 706/782 776/852
f 706/782 777/853 776/852
f 777/853 904/980 776/852
f 777/853 903/979 904/980
f 982/1058 1577/1681 903/979
f 1577/1681 1568/1671 1376/1458
f 1376/1458 1375/1457 1377/1459
f 1375/1457 1374/1456 3851/4284
f 3052/3367 3066/3385 3077/3396
f 3851/4285 3838/4263 3835/4260
f 3835/4260 3838/4263 3821/4244
f 3081/3400 3062/3380 3080/3399
f 3062/3380 3071/3390 3080/3399
f 3074/3393 3072/3391 3075/3394
f 3072/3391 4854/5459 3075/3394
f 3836/4261 3812/4235 3821/4244
f 3814/4237 3818/4241 3808/4231
f 3808/4231 3818/4241 3809/4232
f 3818/4241 3817/4240 3809/4232
f 3817/4240 3815/4238 3809/4232
f 3823/4246 4970/5651 3824/4248
f 4402/4914 4419/4931 4422/4934
f 3868/4310 4006/4465 3867/4309
f 3867/4309 4006/4465 3979/4426
f 3882/4324 3880/4322 3879/4321
f 3880/4322 3877/4319 3879/4321
f 3877/4319 3874/4316 3875/4317
f 3874/4316 3866/4308 3864/4306
f 3866/4308 3867/4309 3865/4307
f 3866/4308 3865/4307 3864/4306
f 3867/4309 3979/4426 3865/4307
f 3895/4337 3887/4329 3883/4325
f 3895/4337 3883/4325 3896/4338
f 3887/4329 3882/4324 3883/4325
f 3882/4324 3879/4321 3883/4325
f 3936/4382 3896/4338 3932/4377
f 1435/1518 1438/1521 1520/1612
f 3936/4382 3932/4377 3990/4441
f 1435/1518 1437/1520 1438/1521
f 3990/4441 3932/4377 3991/4442
f 4000/4455 3990/4441 3991/4442
f 987/1063 894/970 971/1047
f 894/970 812/888 971/1047
f 812/888 745/821 811/887
f 745/821 746/822 811/887
f 699/775 701/777 703/779
f 701/777 702/778 703/779
f 904/980 903/979 1576/1680
f 1577/1681 1384/1466 1576/1680
f 1577/1681 1376/1458 1384/1466
f 3092/3413 3068/3387 3067/3386
f 3067/3386 3055/3370 3078/3397
f 1377/1459 1375/1457 3851/4284
f 3066/3385 3052/3367 3065/3384
f 3052/3367 3053/3368 3065/3384
f 3065/3384 3053/3368 3062/3380
f 3053/3368 3058/3374 3062/3380
f 3812/4235 3814/4237 3801/4224
f 3814/4237 3808/4231 3801/4224
f 3815/4238 3816/4239 3803/4226
f 3816/4239 3820/4243 3811/4234
f 3811/4234 3820/4243 3810/4233
f 3820/4243 3823/4246 3810/4233
f 3879/4321 3877/4319 3878/4320
f 3877/4319 3875/4317 3878/4320
f 3874/4316 3864/4306 3875/4317
f 4494/5021 1520/1613 4522/5056
f 3896/4338 3883/4325 3892/4334
f 1520/1612 1438/1521 4522/5055
f 3932/4377 3896/4338 3911/4354
f 3896/4338 3892/4334 3911/4354
f 1448/1531 1547/1643 1546/1642
f 1547/1643 987/1063 1546/1642
f 987/1063 971/1047 1546/1642
f 971/1047 970/1046 1546/1642
f 971/1047 812/888 970/1046
f 812/888 811/887 970/1046
f 811/887 746/822 841/917
f 707/783 776/852 799/875
f 776/852 904/980 913/989
f 913/989 904/980 1576/1680
f 1576/1680 1384/1466 1378/1460
f 1384/1466 1376/1458 1378/1460
f 1378/1460 1376/1458 1377/1459
f 3068/3387 3054/3369 3067/3386
f 3067/3386 3054/3369 3055/3370
f 3055/3370 3046/3361 3052/3367
f 3046/3361 3033/3346 3052/3367
f 3052/3367 3033/3346 3053/3368
f 1377/1459 3851/4284 3847/4276
f 3847/4277 3851/4285 3822/4245
f 3851/4285 3835/4260 3822/4245
f 3835/4260 3821/4244 3822/4245
f 3057/3373 3059/3375 3062/3380
f 3059/3375 3070/3389 3073/3392
f 3070/3389 3063/3381 3072/3391
f 3070/3389 3072/3391 3073/3392
f 3063/3381 4772/5352 3072/3391
f 3799/4222 3809/4232 3800/4223
f 3809/4232 3815/4238 3800/4223
f 3816/4239 3811/4234 3803/4226
f 3823/4246 3824/4248 3810/4233
f 4382/4894 4389/4901 4376/4888
f 4389/4901 4402/4914 4387/4899
f 3875/4317 3864/4306 3862/4304
f 3864/4306 3865/4307 3863/4305
f 3865/4307 3979/4426 4886/5512
f 3865/4307 4886/5512 3863/4305
f 4494/5021 4522/5056 4498/5026
f 3883/4325 3879/4321 3892/4334
f 3932/4377 3911/4354 3973/4419
f 4000/4455 3991/4442 3992/4443
f 1448/1531 1546/1642 1440/1523
f 1448/1531 1440/1523 1437/1520
f 380/392 4000/4455 4001/4457
f 4001/4457 4000/4455 3992/4443
f 1440/1523 1546/1642 1545/1641
f 1546/1642 970/1046 1545/1641
f 1545/1641 970/1046 969/1045
f 811/887 841/917 969/1045
f 811/887 969/1045 970/1046
f 799/875 776/852 911/987
f 776/852 913/989 911/987
f 913/989 1575/1679 1580/1686
f 1576/1680 1378/1460 1575/1679
f 1380/1462 1575/1679 1378/1460
f 3079/3398 3049/3364 3068/3387
f 3068/3387 3049/3364 3054/3369
f 1378/1460 1377/1459 1379/1461
f 3054/3369 3046/3361 3055/3370
f 3033/3346 3047/3362 3053/3368
f 3047/3362 3044/3359 3058/3374
f 3047/3362 3058/3374 3053/3368
f 3044/3359 3057/3373 3058/3374
f 3875/4317 3876/4318 3878/4320
f 3875/4317 3862/4304 3876/4318
f 3864/4306 3863/4305 3862/4304
f 3863/4305 4886/5512 4885/5510
f 3892/4334 3879/4321 3886/4328
f 3878/4320 3876/4318 3884/4326
f 3862/4304 3863/4305 3861/4303
f 3911/4354 3892/4334 3906/4348
f 3892/4334 3893/4335 3906/4348
f 3892/4334 3886/4328 3893/4335
f 3973/4419 3911/4354 3906/4348
f 3973/4419 3906/4348 3972/4418
f 3973/4419 3972/4418 3992/4443
f 1437/1520 1440/1523 1439/1522
f 1437/1520 1439/1522 1438/1521
f 4001/4457 3992/4443 4004/4462
f 4001/4456 4004/4461 379/390
f 1550/1647 1545/1641 969/1045
f 969/1045 841/917 921/997
f 841/917 746/822 921/997
f 921/997 746/822 851/927
f 746/822 756/832 851/927
f 746/822 703/779 756/832
f 703/779 702/778 755/831
f 702/778 704/780 755/831
f 755/831 704/780 797/873
f 704/780 707/783 797/873
f 707/783 799/875 797/873
f 799/875 910/986 797/873
f 799/875 911/987 910/986
f 911/987 1580/1686 1574/1678
f 1580/1686 1575/1679 1382/1464
f 3119/3455 3069/3388 3079/3398
f 3079/3398 3069/3388 3049/3364
f 1380/1462 1378/1460 1379/1461
f 3049/3364 3036/3349 3054/3369
f 3054/3369 3036/3349 3046/3361
f 3036/3349 3035/3348 3046/3361
f 1379/1461 1377/1459 3847/4276
f 1379/1461 3847/4276 3848/4278
f 3035/3348 3033/3346 3046/3361
f 3033/3346 3031/3344 3047/3362
f 3031/3344 3044/3359 3047/3362
f 3044/3359 3045/3360 3057/3373
f 3847/4277 3822/4245 3806/4229
f 3057/3373 3045/3360 3059/3375
f 3050/3365 3051/3366 3063/3381
f 3051/3366 4771/5350 3063/3381
f 3821/4244 3794/4216 3805/4228
f 3794/4216 3795/4217 3783/4203
f 3795/4217 3788/4210 3783/4203
f 3795/4217 3801/4224 3788/4210
f 3799/4222 3800/4223 3781/4201
f 3803/4226 3811/4234 3796/4218
f 3811/4234 3810/4233 3796/4218
f 3810/4233 3813/4236 3797/4219
f 3863/4305 4885/5510 3861/4303
f 3861/4303 4885/5510 3859/4300
f 3879/4321 3878/4320 3884/4326
f 3879/4321 3884/4326 3886/4328
f 3884/4326 3876/4318 3871/4313
f 3876/4318 3862/4304 3871/4313
f 3871/4313 3862/4304 3858/4298
f 3862/4304 3861/4303 3858/4298
f 3861/4303 3859/4300 3858/4298
f 4522/5055 1438/1521 1501/1589
f 3972/4418 3906/4348 3931/4375
f 3906/4348 3913/4357 3931/4375
f 3906/4348 3893/4335 3913/4357
f 1438/1521 1439/1522 1501/1589
f 3972/4418 3931/4375 3974/4420
f 3992/4443 3972/4418 3974/4420
f 1440/1523 1545/1641 1441/1524
f 1440/1523 1441/1524 1439/1522
f 1545/1641 1550/1647 1441/1524
f 969/1045 921/997 1550/1647
f 1550/1647 921/997 1539/1634
f 921/997 851/927 966/1042
f 1539/1634 921/997 966/1042
f 703/779 755/831 756/832
f 797/873 910/986 871/947
f 1574/1678 910/986 911/987
f 360/367 3061/3379 3069/3388
f 3069/3388 3061/3379 3048/3363
f 3069/3388 3048/3363 3049/3364
f 3048/3363 3037/3350 3049/3364
f 3049/3364 3037/3350 3036/3349
f 1379/1461 3848/4278 1531/1624
f 3035/3348 3032/3345 3033/3346
f 3031/3344 3039/3353 3044/3359
f 3039/3353 3045/3360 3044/3359
f 3039/3353 3040/3354 3045/3360
f 3040/3354 3043/3358 3050/3365
f 3043/3358 3042/3357 3051/3366
f 3806/4229 3822/4245 3805/4228
f 3045/3360 3040/3354 3050/3365
f 3043/3358 3051/3366 3050/3365
f 3051/3366 3042/3357 3064/3383
f 3794/4216 3783/4203 3777/4197
f 3799/4222 3781/4201 3787/4209
f 3858/4298 3859/4300 4925/5570
f 4499/5027 1501/1590 4500/5028
f 3886/4328 3884/4326 3898/4340
f 3884/4326 3871/4313 3898/4340
f 4004/4462 3992/4443 3996/4448
f 3996/4448 3992/4443 3974/4420
f 3974/4420 3982/4431 3996/4448
f 1441/1524 1550/1647 1443/1526
f 1441/1524 1443/1526 1442/1525
f 1550/1647 1539/1634 1443/1526
f 366/373 3015/3321 335/337
f 1539/1634 966/1042 1519/1611
f 966/1042 983/1059 1519/1611
f 966/1042 851/927 983/1059
f 851/927 852/928 983/1059
f 851/927 756/832 852/928
f 756/832 755/831 798/874
f 755/831 797/873 798/874
f 798/874 797/873 871/947
f 949/1025 871/947 912/988
f 871/947 910/986 912/988
f 244/244 342/344 355/360
f 912/988 910/986 1486/1572
f 1574/1678 1385/1467 1486/1572
f 1574/1678 1382/1464 1385/1467
f 1383/1465 1382/1464 1381/1463
f 1382/1464 1380/1462 1381/1463
f 1380/1462 1379/1461 1381/1463
f 3037/3350 3034/3347 3036/3349
f 3036/3349 3034/3347 3035/3348
f 3035/3348 3034/3347 3032/3345
f 3848/4279 3804/4227 1531/1625
f 3032/3345 3024/3336 3033/3346
f 3033/3346 3024/3336 3031/3344
f 3024/3336 3022/3334 3031/3344
f 3031/3344 3022/3334 3039/3353
f 3022/3334 3040/3354 3039/3353
f 3020/3332 3041/3355 3042/3357
f 3020/3332 3042/3357 3043/3358
f 3041/3355 3093/3415 3042/3357
f 3806/4229 3805/4228 3789/4211
f 3805/4228 3794/4216 3778/4198
f 3788/4210 3787/4209 3783/4203
f 3796/4218 3797/4219 3780/4200
f 4362/4874 4355/4867 4351/4863
f 3898/4340 3905/4347 3907/4349
f 3898/4340 3871/4313 3905/4347
f 3871/4313 3858/4298 3905/4347
f 3858/4298 4925/5570 3860/4302
f 4925/5569 4914/5554 3860/4301
f 3913/4357 3893/4335 2943/3242
f 3893/4335 3886/4328 2943/3242
f 3886/4328 2939/3235 2943/3242
f 3886/4328 3898/4340 3907/4349
f 3886/4328 3907/4349 2939/3235
f 3905/4347 3858/4298 3860/4302
f 3931/4375 3913/4357 2942/3240
f 3913/4357 2943/3242 2942/3240
f 1439/1522 1442/1525 1501/1589
f 3982/4432 3931/4376 2945/3246
f 3931/4376 2942/3241 2945/3246
f 3996/4449 2995/3301 3015/3323
f 3996/4449 3982/4432 2995/3301
f 1443/1526 1539/1634 1445/1528
f 3015/3323 2995/3301 3012/3318
f 1445/1528 1539/1634 1519/1611
f 3015/3321 450/510 335/337
f 983/1059 984/1060 1519/1611
f 983/1059 852/928 984/1060
f 852/928 964/1040 984/1060
f 964/1040 852/928 858/934
f 852/928 756/832 858/934
f 756/832 798/874 858/934
f 858/934 798/874 859/935
f 798/874 872/948 859/935
f 798/874 871/947 872/948
f 871/947 949/1025 872/948
f 1031/1107 872/948 949/1025
f 949/1025 912/988 1092/1168
f 912/988 1486/1572 1092/1168
f 3061/3379 3030/3343 3048/3363
f 3028/3341 3026/3338 3037/3350
f 3037/3350 3026/3338 3034/3347
f 3034/3347 3023/3335 3032/3345
f 3032/3345 3023/3335 3024/3336
f 3022/3334 3021/3333 3040/3354
f 3020/3332 3027/3340 3041/3355
f 1531/1625 3804/4227 3792/4214
f 3021/3333 3020/3332 3040/3354
f 3040/3354 3020/3332 3043/3358
f 3041/3355 3027/3340 4737/5307
f 3783/4203 3787/4209 3782/4202
f 3780/4200 3797/4219 3784/4204
f 4418/4930 4467/4985 4461/4976
f 3860/4301 4914/5554 4892/5519
f 3907/4349 3905/4347 2940/3237
f 3905/4347 3860/4302 2940/3237
f 2940/3237 3860/4302 3912/4355
f 3860/4301 4892/5519 4893/5520
f 3860/4302 4893/5521 3912/4355
f 1501/1589 1442/1525 4519/5051
f 4519/5051 1442/1525 4528/5066
f 2945/3246 2942/3241 2931/3227
f 3982/4432 2945/3246 2946/3247
f 2945/3246 2931/3227 2946/3247
f 1442/1525 1443/1526 1444/1527
f 1442/1525 1444/1527 4528/5066
f 3982/4432 2946/3247 2995/3301
f 1443/1526 1445/1528 1444/1527
f 1445/1528 1519/1611 1446/1529
f 1445/1528 1446/1529 1444/1527
f 1519/1611 1450/1533 1446/1529
f 1519/1611 984/1060 1450/1533
f 1450/1533 984/1060 1551/1648
f 984/1060 964/1040 1551/1648
f 1551/1648 964/1040 1459/1542
f 336/338 354/359 323/323
f 964/1040 858/934 945/1021
f 964/1040 945/1021 1069/1145
f 858/934 859/935 945/1021
f 859/935 872/948 945/1021
f 1069/1145 945/1021 872/948
f 1069/1145 872/948 1031/1107
f 327/327 394/411 342/344
f 1031/1107 949/1025 1579/1685
f 1426/1508 1579/1685 1405/1487
f 949/1025 1092/1168 1405/1487
f 949/1025 1405/1487 1579/1685
f 1486/1572 1386/1468 1405/1487
f 1486/1572 1385/1467 1386/1468
f 1386/1468 1385/1467 1383/1465
f 3030/3343 3029/3342 3025/3337
f 3030/3343 3025/3337 3028/3341
f 1383/1465 1381/1463 1475/1560
f 3025/3337 3009/3315 3028/3341
f 1381/1463 1531/1624 1475/1560
f 3028/3341 3009/3315 3026/3338
f 3026/3338 3014/3320 3023/3335
f 3014/3320 3013/3319 3023/3335
f 3023/3335 3013/3319 3024/3336
f 3013/3319 3007/3313 3024/3336
f 3024/3336 3007/3313 3022/3334
f 1531/1625 3792/4214 3791/4213
f 3020/3332 3019/3331 3027/3340
f 3019/3331 4874/5494 3027/3340
f 4483/5008 4512/5041 4492/5018
f 3912/4356 4893/5522 4907/5545
f 2939/3236 2935/3231 2930/3226
f 2939/3236 3907/4350 2935/3231
f 2935/3231 3907/4350 2933/3229
f 3907/4350 2940/3238 2933/3229
f 2940/3238 3912/4356 2933/3229
f 2933/3229 3912/4356 2941/3239
f 3912/4356 4907/5545 2941/3239
f 2942/3241 2943/3243 2930/3226
f 2942/3241 2930/3226 2931/3227
f 2943/3243 2939/3236 2930/3226
f 2946/3247 2932/3228 2995/3301
f 2946/3247 2931/3227 2932/3228
f 2995/3301 2932/3228 2963/3265
f 2995/3301 2963/3265 3012/3318
f 1446/1529 1447/1530 1444/1527
f 1446/1529 1450/1533 1447/1530
f 1450/1533 1451/1534 1447/1530
f 3012/3318 2963/3265 3004/3310
f 1450/1533 1551/1648 1451/1534
f 1551/1648 1459/1542 1451/1534
f 434/478 3004/3310 3003/3309
f 1459/1542 964/1040 1460/1543
f 964/1040 1069/1145 1460/1543
f 1460/1543 1069/1145 1428/1510
f 354/359 425/463 327/327
f 1428/1510 1069/1145 1427/1509
f 1069/1145 1031/1107 1427/1509
f 1031/1107 1426/1508 1427/1509
f 1031/1107 1579/1685 1426/1508
f 441/493 440/491 3000/3306
f 1426/1508 1405/1487 1419/1501
f 441/493 3000/3306 3010/3316
f 1405/1487 1388/1470 1419/1501
f 441/493 3010/3316 3029/3342
f 3029/3342 3010/3316 3002/3308
f 1405/1487 1386/1468 1388/1470
f 1388/1470 1386/1468 1387/1469
f 3002/3308 2990/3294 3025/3337
f 1386/1468 1383/1465 1387/1469
f 1387/1469 1383/1465 1475/1560
f 3025/3337 2990/3294 3009/3315
f 3009/3315 2990/3294 3001/3307
f 3009/3315 3001/3307 3014/3320
f 3001/3307 2992/3296 3013/3319
f 3001/3307 3013/3319 3014/3320
f 2992/3296 3007/3313 3013/3319
f 1475/1561 1531/1625 3791/4213
f 3007/3313 3008/3314 3022/3334
f 3022/3334 3008/3314 3021/3333
f 3008/3314 3006/3312 3021/3333
f 3006/3312 3011/3317 3019/3331
f 3006/3312 3019/3331 3020/3332
f 3011/3317 3038/3352 3019/3331
f 3791/4213 3792/4214 3789/4211
f 3019/3330 3038/3351 4735/5304
f 3763/4181 3779/4199 3765/4183
f 4492/5018 4512/5041 4513/5042
f 2941/3239 4907/5545 4908/5547
f 2941/3239 2934/3230 2933/3229
f 2941/3239 4908/5547 2934/3230
f 4512/5041 4528/5067 4513/5042
f 2931/3227 2930/3226 2927/3223
f 2930/3226 2935/3231 2929/3225
f 2935/3231 2933/3229 2929/3225
f 4528/5066 1444/1527 1462/1546
f 2927/3223 2930/3226 2929/3225
f 2932/3228 2931/3227 2926/3222
f 2932/3228 2926/3222 2924/3220
f 2931/3227 2927/3223 2926/3222
f 1444/1527 1447/1530 1462/1546
f 1462/1546 1447/1530 1452/1535
f 2932/3228 2924/3220 2947/3248
f 1447/1530 1451/1534 1452/1535
f 2963/3265 2947/3248 3004/3310
f 1451/1534 1453/1536 1452/1535
f 3003/3309 3004/3310 2985/3289
f 3004/3310 2947/3248 2985/3289
f 1451/1534 1459/1542 1453/1536
f 3003/3309 2985/3289 2996/3302
f 1453/1536 1459/1542 1456/1539
f 434/478 3003/3309 3016/3325
f 3016/3325 3003/3309 2996/3302
f 1459/1542 1460/1543 1456/1539
f 3016/3325 2996/3302 2998/3304
f 3016/3325 2998/3304 425/464
f 1460/1543 1428/1510 1456/1539
f 1428/1510 1427/1509 1421/1503
f 1428/1510 1421/1503 1456/1539
f 425/464 2998/3304 440/491
f 440/491 2998/3304 2999/3305
f 1427/1509 1426/1508 1421/1503
f 2999/3305 2980/3284 3000/3306
f 1426/1508 1419/1501 1421/1503
f 1421/1503 1419/1501 1420/1502
f 3000/3306 2980/3284 3010/3316
f 3010/3316 2980/3284 2979/3283
f 1419/1501 1388/1470 1420/1502
f 3010/3316 2979/3283 3002/3308
f 3002/3308 2979/3283 2990/3294
f 2979/3283 2986/3290 2990/3294
f 1388/1470 1387/1469 1475/1560
f 1388/1470 1475/1560 1420/1502
f 2990/3294 2986/3290 2988/3292
f 2990/3294 2988/3292 3001/3307
f 3001/3307 2988/3292 2992/3296
f 1475/1561 3791/4213 3775/4195
f 2992/3296 2991/3295 3007/3313
f 2991/3295 3008/3314 3007/3313
f 3006/3312 3005/3311 3011/3317
f 3005/3311 3018/3329 3011/3317
f 3011/3317 3018/3329 3056/3372
f 2934/3230 4908/5547 4846/5447
f 2929/3225 2933/3229 2922/3218
f 2922/3218 2933/3229 2919/3215
f 2933/3229 2934/3230 2919/3215
f 2934/3230 4846/5447 4896/5527
f 4513/5042 1462/1547 4520/5053
f 2927/3223 2929/3225 2914/3210
f 2929/3225 2917/3213 2914/3210
f 2929/3225 2922/3218 2917/3213
f 2919/3215 2934/3230 2928/3224
f 2934/3230 4896/5527 2928/3224
f 2927/3223 2914/3210 2926/3222
f 1462/1546 1452/1535 1552/1649
f 2924/3220 2926/3222 2915/3211
f 2926/3222 2914/3210 2915/3211
f 1452/1535 1454/1537 1552/1649
f 2924/3220 2921/3217 2925/3221
f 2924/3220 2915/3211 2921/3217
f 1452/1535 1453/1536 1454/1537
f 2947/3248 2936/3232 2985/3289
f 2947/3248 2925/3221 2936/3232
f 1453/1536 1455/1538 1454/1537
f 2985/3289 2936/3232 2959/3260
f 1453/1536 1456/1539 1455/1538
f 2985/3289 2959/3260 2996/3302
f 2996/3302 2959/3260 2997/3303
f 1456/1539 1457/1540 1455/1538
f 1456/1539 1421/1503 1457/1540
f 2999/3305 2997/3303 2983/3287
f 1457/1540 1421/1503 1458/1541
f 2983/3287 2970/3273 2980/3284
f 2980/3284 2970/3273 2978/3282
f 1458/1541 1421/1503 1461/1544
f 1421/1503 1420/1502 1461/1544
f 2980/3284 2978/3282 2979/3283
f 2978/3282 2976/3280 2979/3283
f 2979/3283 2976/3280 2986/3290
f 2986/3290 2976/3280 2974/3278
f 1420/1502 1475/1560 1461/1544
f 2986/3290 2974/3278 2988/3292
f 2988/3292 2974/3278 2981/3285
f 2988/3292 2981/3285 2991/3295
f 2981/3285 2975/3279 2991/3295
f 2975/3279 2984/3288 2991/3295
f 1475/1561 3775/4195 3774/4194
f 2987/3291 2989/3293 3005/3311
f 2989/3293 2994/3300 3005/3311
f 2991/3295 2984/3288 3008/3314
f 2984/3288 2987/3291 3006/3312
f 2987/3291 3005/3311 3006/3312
f 3005/3311 2994/3300 4911/5551
f 2928/3224 4896/5527 4842/5439
f 2922/3218 2918/3214 2917/3213
f 2922/3218 2919/3215 2918/3214
f 2919/3215 2928/3224 2916/3212
f 2928/3224 4842/5439 2916/3212
f 4520/5053 1552/1650 4525/5061
f 2915/3211 2914/3210 2913/3209
f 2914/3210 2917/3213 2909/3205
f 2917/3213 2918/3214 2909/3205
f 2914/3210 2909/3205 2913/3209
f 1552/1649 1454/1537 1474/1559
f 2915/3211 2913/3209 2910/3206
f 2921/3217 2915/3211 2910/3206
f 1454/1537 1455/1538 1474/1559
f 2936/3232 2925/3221 2920/3216
f 2925/3221 2921/3217 2920/3216
f 2921/3217 2910/3206 2920/3216
f 1455/1538 3855/4292 1474/1559
f 2936/3232 2937/3233 2959/3260
f 2936/3232 2920/3216 2937/3233
f 1455/1538 1457/1540 3855/4292
f 2959/3260 2937/3233 2938/3234
f 2959/3260 2938/3234 2962/3264
f 1457/1540 3854/4290 3855/4292
f 2962/3264 2938/3234 2960/3261
f 1457/1540 3850/4282 3854/4290
f 2962/3264 2960/3261 2970/3273
f 2960/3261 2955/3256 2958/3259
f 2960/3261 2958/3259 2970/3273
f 1457/1540 1458/1541 3850/4282
f 2970/3273 2958/3259 2978/3282
f 2978/3282 2958/3259 2977/3281
f 1458/1541 1461/1544 3850/4282
f 2977/3281 2958/3259 2971/3274
f 2977/3281 2971/3274 2976/3280
f 2976/3280 2971/3274 2974/3278
f 2971/3274 2969/3272 2974/3278
f 2969/3272 2965/3268 2975/3279
f 2965/3268 2966/3269 2975/3279
f 1461/1545 1475/1561 3774/4194
f 1461/1545 3774/4194 3757/4174
f 2974/3278 2969/3272 2981/3285
f 2969/3272 2975/3279 2981/3285
f 2966/3269 2984/3288 2975/3279
f 2966/3269 2973/3277 2984/3288
f 2973/3277 2987/3291 2984/3288
f 2973/3277 2982/3286 2987/3291
f 2987/3291 2982/3286 2989/3293
f 2982/3286 2993/3298 2989/3293
f 2989/3293 2993/3298 2994/3300
f 2916/3212 4842/5439 4918/5559
f 2918/3214 2919/3215 2911/3207
f 2911/3207 2919/3215 2912/3208
f 2919/3215 2916/3212 2912/3208
f 2909/3205 2918/3214 2911/3207
f 2912/3208 2916/3212 2908/3204
f 2916/3212 4918/5559 2944/3245
f 2916/3212 2944/3245 2908/3204
f 1552/1650 1589/1701 4525/5061
f 2910/3206 2913/3209 2909/3205
f 2910/3206 2909/3205 2905/3201
f 2909/3205 2903/3199 2905/3201
f 2909/3205 2911/3207 2903/3199
f 2903/3199 2911/3207 2902/3198
f 2911/3207 2912/3208 2902/3198
f 2910/3206 2905/3201 2904/3200
f 2920/3216 2910/3206 2904/3200
f 2904/3200 2905/3201 2900/3196
f 2905/3201 2903/3199 2900/3196
f 2900/3196 2903/3199 2898/3194
f 2900/3196 2898/3194 2893/3189
f 2937/3233 2920/3216 2923/3219
f 2904/3200 2901/3197 2920/3216
f 2904/3200 2900/3196 2901/3197
f 2900/3196 2893/3189 2901/3197
f 2937/3233 2923/3219 2938/3234
f 2920/3216 2901/3197 2923/3219
f 2901/3197 2893/3189 2895/3191
f 2923/3219 2901/3197 2948/3249
f 2901/3197 2895/3191 2948/3249
f 2938/3234 2923/3219 2960/3261
f 2960/3261 2923/3219 2955/3256
f 2923/3219 2948/3249 2955/3256
f 2895/3191 2951/3252 2948/3249
f 2955/3256 2948/3249 2953/3254
f 2948/3249 2952/3253 2953/3254
f 2948/3249 2951/3252 2952/3253
f 2958/3259 2955/3256 2953/3254
f 2958/3259 2953/3254 2952/3253
f 2952/3253 2951/3252 2956/3257
f 3850/4283 1461/1545 3755/4172
f 2958/3259 2952/3253 2971/3274
f 2971/3274 2952/3253 2969/3272
f 2952/3253 2965/3268 2969/3272
f 2952/3253 2956/3257 2965/3268
f 1461/1545 3757/4174 3755/4172
f 2965/3268 2956/3257 2966/3269
f 2956/3257 2954/3255 2967/3270
f 2954/3255 2957/3258 2968/3271
f 2954/3255 2968/3271 2967/3270
f 2966/3269 2956/3257 2967/3270
f 2967/3270 2973/3277 2966/3269
f 2967/3270 2968/3271 2973/3277
f 2973/3277 2968/3271 2982/3286
f 2968/3271 4769/5346 2982/3286
f 2982/3286 4769/5346 2993/3298
f 3774/4194 3758/4175 3756/4173
f 3750/4167 3762/4180 3747/4163
f 2944/3244 4841/5437 2961/3262
f 2944/3245 2961/3263 2908/3204
f 2912/3208 2908/3204 2902/3198
f 2902/3198 2908/3204 2907/3203
f 2908/3204 2961/3263 2907/3203
f 2903/3199 2902/3198 2898/3194
f 2898/3194 2902/3198 2899/3195
f 2902/3198 2907/3203 2899/3195
f 2907/3203 2961/3263 4806/5391
f 2898/3194 2899/3195 2896/3192
f 2899/3195 2907/3203 2906/3202
f 2907/3203 4806/5391 2906/3202
f 2898/3194 2896/3192 2893/3189
f 2899/3195 2906/3202 2896/3192
f 2893/3189 2894/3190 2895/3191
f 2893/3189 2896/3192 2894/3190
f 2896/3192 2897/3193 2894/3190
f 2896/3192 2906/3202 2897/3193
f 2895/3191 2894/3190 2951/3252
f 2894/3190 2897/3193 2951/3252
f 2897/3193 2906/3202 2949/3250
f 2906/3202 4806/5391 2949/3250
f 2949/3250 4806/5391 2964/3267
f 3850/4283 3760/4178 3790/4212
f 2951/3252 2897/3193 2950/3251
f 2897/3193 2949/3250 2950/3251
f 2951/3252 2950/3251 2954/3255
f 2951/3252 2954/3255 2956/3257
f 2950/3251 2949/3250 2954/3255
f 2954/3255 2949/3250 2957/3258
f 2949/3250 2964/3267 2957/3258
f 2957/3258 2964/3267 3017/3327
f 2957/3258 3017/3327 2972/3276
f 3716/4125 3710/4118 3698/4106
f 3724/4133 3703/4111 3708/4116
f 3658/4065 3708/4116 3676/4083
f 3374/3742 3368/3736 3367/3735
f 4961/5633 4936/5590 3443/3812
f 3443/3812 4936/5590 5001/5712
f 4936/5590 5006/5722 5001/5712
f 4936/5590 3620/4019 5006/5722
f 4960/5632 4883/5506 3420/3788
f 4883/5506 4967/5644 3420/3788
f 4883/5506 4644/5201 4967/5644
f 4644/5201 4961/5633 4967/5644
f 4644/5201 4936/5590 4961/5633
f 4644/5201 4643/5200 4936/5590
f 4936/5590 4643/5200 3620/4019
f 4643/5200 4672/5234 3620/4019
f 4672/5234 4986/5683 3620/4019
f 4672/5234 4905/5541 4986/5683
f 4905/5541 5009/5728 4986/5683
f 4905/5541 4993/5696 5009/5728
f 4870/5486 4960/5632 3516/3891
f 4870/5486 4635/5190 4960/5632
f 4635/5190 4883/5506 4960/5632
f 4635/5190 4636/5191 4883/5506
f 4636/5191 4644/5201 4883/5506
f 4636/5191 4638/5194 4644/5201
f 4638/5194 4643/5200 4644/5201
f 4638/5194 4640/5197 4643/5200
f 4640/5197 4672/5234 4643/5200
f 4640/5197 4641/5198 4672/5234
f 4672/5234 4641/5198 4905/5541
f 4641/5198 4670/5232 4905/5541
f 4670/5232 4920/5562 4905/5541
f 4905/5541 4920/5562 4993/5696
f 4920/5562 4965/5640 4993/5696
f 4974/5658 4869/5485 3516/3891
f 4869/5485 4870/5486 3516/3891
f 4869/5485 4633/5188 4870/5486
f 4633/5188 4635/5190 4870/5486
f 4633/5188 4634/5189 4635/5190
f 4635/5190 4634/5189 4636/5191
f 4634/5189 4637/5192 4636/5191
f 4637/5192 4638/5194 4636/5191
f 4670/5232 4671/5233 4920/5562
f 4920/5562 4671/5233 4965/5640
f 4671/5233 4880/5502 4965/5640
f 4880/5502 3611/4008 4965/5640
f 3405/3773 3398/3766 3397/3765
f 3494/3866 4926/5571 4974/5658
f 4926/5571 4631/5186 4974/5658
f 4631/5186 4869/5485 4974/5658
f 4631/5186 4633/5188 4869/5485
f 3123/3459 3122/3458 3125/3461
f 3122/3458 3128/3464 3125/3461
f 3122/3458 3129/3465 3128/3464
f 3128/3464 3130/3466 3131/3467
f 3130/3466 4637/5193 3131/3467
f 3120/3456 3122/3458 3123/3459
f 3128/3464 3129/3465 3130/3466
f 4637/5192 4639/5195 4638/5194
f 3130/3466 4639/5196 4637/5193
f 3120/3456 3121/3457 3122/3458
f 3121/3457 3187/3530 3122/3458
f 3187/3530 3129/3465 3122/3458
f 3129/3465 3188/3531 3130/3466
f 3188/3531 3189/3532 3130/3466
f 3189/3532 4639/5196 3130/3466
f 3187/3530 3188/3531 3129/3465
f 4639/5195 4640/5197 4638/5194
f 4640/5197 4639/5195 4641/5198
f 4639/5195 4642/5199 4641/5198
f 4642/5199 4670/5232 4641/5198
f 4642/5199 4671/5233 4670/5232
f 4642/5199 4648/5207 4671/5233
f 4671/5233 4648/5207 4880/5502
f 4648/5207 4852/5455 4880/5502
f 4880/5502 4852/5455 3611/4008
f 4852/5455 4945/5603 3611/4008
f 3406/3774 3416/3784 3405/3773
f 4938/5592 4630/5185 3494/3866
f 4938/5592 3494/3866 4966/5642
f 4630/5185 4926/5571 3494/3866
f 4630/5185 4631/5186 4926/5571
f 4631/5186 4632/5187 4633/5188
f 4632/5187 4634/5189 4633/5188
f 3141/3477 3155/3494 3148/3486
f 3140/3476 3134/3470 3143/3479
f 3134/3470 3132/3468 3142/3478
f 3132/3468 3139/3475 3142/3478
f 3156/3495 3138/3474 3144/3480
f 3138/3474 3133/3469 3144/3480
f 3144/3480 3133/3469 3140/3476
f 3133/3469 3134/3470 3140/3476
f 3139/3475 3135/3471 3141/3477
f 3135/3471 3155/3494 3141/3477
f 3133/3469 3124/3460 3134/3470
f 3132/3468 3128/3464 3139/3475
f 3128/3464 3135/3471 3139/3475
f 3155/3493 3145/3481 4634/5189
f 4634/5189 3145/3481 4637/5192
f 3135/3471 3145/3482 3155/3494
f 3194/3538 3136/3472 3156/3495
f 3136/3472 3138/3474 3156/3495
f 3138/3474 3126/3462 3133/3469
f 3126/3462 3124/3460 3133/3469
f 3124/3460 3132/3468 3134/3470
f 3136/3472 3126/3462 3138/3474
f 3124/3460 3125/3461 3132/3468
f 3128/3464 3131/3467 3135/3471
f 3131/3467 3145/3482 3135/3471
f 3136/3472 3127/3463 3126/3462
f 3194/3538 3175/3516 3136/3472
f 3175/3516 3137/3473 3136/3472
f 3137/3473 3127/3463 3136/3472
f 3127/3463 3120/3456 3126/3462
f 3126/3462 3120/3456 3124/3460
f 3120/3456 3123/3459 3124/3460
f 3123/3459 3125/3461 3124/3460
f 3210/3554 3175/3516 3194/3538
f 3210/3554 3209/3553 3175/3516
f 3209/3553 3191/3534 3175/3516
f 3191/3534 3137/3473 3175/3516
f 3127/3463 3186/3529 3120/3456
f 3191/3534 3190/3533 3137/3473
f 3137/3473 3190/3533 3127/3463
f 3190/3533 3186/3529 3127/3463
f 3120/3456 3186/3529 3121/3457
f 3186/3529 3187/3530 3121/3457
f 3191/3534 3199/3543 3190/3533
f 3187/3530 3192/3535 3188/3531
f 3188/3531 3192/3535 3189/3532
f 3192/3535 3193/3537 3189/3532
f 3189/3532 3193/3537 4639/5196
f 3202/3546 3191/3534 3209/3553
f 3202/3546 3199/3543 3191/3534
f 3190/3533 3198/3542 3186/3529
f 3198/3542 3195/3539 3186/3529
f 3186/3529 3195/3539 3187/3530
f 3195/3539 3196/3540 3187/3530
f 3196/3540 3192/3535 3187/3530
f 3199/3543 3198/3542 3190/3533
f 3192/3535 3197/3541 3193/3537
f 3193/3536 4645/5202 4639/5195
f 3197/3541 4645/5203 3193/3537
f 3204/3548 3199/3543 3202/3546
f 3196/3540 3200/3544 3192/3535
f 3192/3535 3200/3544 3197/3541
f 3200/3544 3201/3545 3197/3541
f 4645/5202 4642/5199 4639/5195
f 3201/3545 4645/5203 3197/3541
f 3208/3552 3198/3542 3199/3543
f 3208/3552 3205/3549 3198/3542
f 3205/3549 3195/3539 3198/3542
f 3195/3539 3205/3549 3196/3540
f 3196/3540 3206/3550 3200/3544
f 3206/3550 3207/3551 3200/3544
f 3207/3551 3201/3545 3200/3544
f 3205/3549 3206/3550 3196/3540
f 4645/5202 4646/5204 4642/5199
f 3201/3545 4646/5205 4645/5203
f 4646/5204 4647/5206 4642/5199
f 4647/5206 4648/5207 4642/5199
f 4648/5207 4649/5208 4852/5455
f 4852/5455 4649/5208 4945/5603
f 4649/5208 4837/5433 4945/5603
f 4945/5603 4837/5433 3634/4036
f 3569/3947 4937/5591 4966/5642
f 4937/5591 4628/5183 4966/5642
f 4628/5183 4630/5185 4938/5592
f 4628/5183 4938/5592 4966/5642
f 4630/5185 4629/5184 4631/5186
f 4629/5184 4632/5187 4631/5186
f 4632/5187 4675/5239 4634/5189
f 3152/3490 3146/3483 3153/3491
f 3146/3483 3147/3484 3154/3492
f 3146/3483 3154/3492 3153/3491
f 3147/3484 4675/5240 3154/3492
f 3149/3487 3143/3479 3150/3488
f 3150/3488 3143/3479 3152/3490
f 3152/3490 3143/3479 3146/3483
f 3142/3478 3139/3475 3143/3479
f 3143/3479 3139/3475 3146/3483
f 3139/3475 3147/3484 3146/3483
f 4634/5189 4675/5239 3155/3493
f 3144/3480 3140/3476 3151/3489
f 3151/3489 3140/3476 3149/3487
f 3149/3487 3140/3476 3143/3479
f 3147/3484 3141/3477 3148/3486
f 3139/3475 3141/3477 3147/3484
f 3183/3524 3144/3480 3163/3503
f 3144/3480 3151/3489 3163/3503
f 3214/3558 3156/3495 3183/3524
f 3183/3524 3156/3495 3144/3480
f 3214/3558 3194/3538 3156/3495
f 3223/3567 3194/3538 3214/3558
f 3210/3554 3194/3538 3223/3567
f 3240/3586 3210/3554 3223/3567
f 3240/3586 460/531 3210/3554
f 460/531 3209/3553 3210/3554
f 3237/3582 3209/3553 460/531
f 3237/3582 3202/3546 3209/3553
f 3222/3566 3202/3546 3237/3582
f 3222/3566 3204/3548 3202/3546
f 3215/3559 3204/3548 3222/3566
f 3204/3548 3208/3552 3199/3543
f 3215/3559 3211/3555 3204/3548
f 3211/3555 3208/3552 3204/3548
f 3216/3560 3217/3561 3205/3549
f 3216/3560 3205/3549 3208/3552
f 3217/3561 3206/3550 3205/3549
f 3207/3551 3218/3562 3201/3545
f 3201/3545 3236/3581 4646/5205
f 3218/3562 3236/3581 3201/3545
f 3211/3555 3216/3560 3208/3552
f 3217/3561 3219/3563 3206/3550
f 3206/3550 3219/3563 3207/3551
f 3219/3563 3218/3562 3207/3551
f 3236/3580 3296/3650 4646/5204
f 3218/3562 3296/3651 3236/3581
f 3296/3650 4647/5206 4646/5204
f 4647/5206 4649/5208 4648/5207
f 4837/5433 4878/5499 3634/4036
f 3634/4036 4878/5499 5004/5718
f 3464/3834 4864/5476 3569/3947
f 4864/5476 4627/5182 4937/5591
f 4864/5476 4937/5591 3569/3947
f 4627/5182 4628/5183 4937/5591
f 4628/5183 4629/5184 4630/5185
f 4629/5184 4674/5237 4632/5187
f 3157/3496 3153/3491 3159/3498
f 3161/3501 3150/3488 3162/3502
f 3158/3497 3152/3490 3157/3496
f 3152/3490 3153/3491 3157/3496
f 3153/3491 3154/3492 3159/3498
f 4674/5237 3171/3511 4632/5187
f 4632/5187 3171/3511 4675/5239
f 3154/3492 3171/3512 3159/3498
f 3159/3498 3171/3512 4674/5238
f 1245/1323 3539/3916 3549/3927
f 3549/3927 3539/3916 3500/3875
f 3150/3488 3152/3490 3158/3497
f 3173/3514 3151/3489 3168/3508
f 3151/3489 3149/3487 3161/3501
f 3151/3489 3161/3501 3168/3508
f 3149/3487 3150/3488 3161/3501
f 3203/3547 3163/3503 3173/3514
f 3163/3503 3151/3489 3173/3514
f 3224/3568 3163/3503 3203/3547
f 3224/3568 3183/3524 3163/3503
f 3241/3587 3183/3524 3224/3568
f 3241/3587 3214/3558 3183/3524
f 456/523 3214/3558 3241/3587
f 456/523 3223/3567 3214/3558
f 397/415 3240/3585 398/416
f 397/415 460/530 3240/3585
f 3308/3667 3237/3582 460/531
f 3308/3667 3299/3656 3237/3582
f 3299/3656 3222/3566 3237/3582
f 3299/3656 3300/3657 3222/3566
f 3300/3657 3215/3559 3222/3566
f 3300/3657 3238/3583 3215/3559
f 3215/3559 3238/3583 3211/3555
f 3238/3583 3235/3579 3211/3555
f 3235/3579 3216/3560 3211/3555
f 3235/3579 3231/3575 3216/3560
f 3216/3560 3231/3575 3217/3561
f 3231/3575 3232/3576 3217/3561
f 3232/3576 3233/3577 3217/3561
f 3233/3577 3234/3578 3217/3561
f 3217/3561 3234/3578 3219/3563
f 3219/3563 3234/3578 3218/3562
f 3218/3562 4681/5248 3296/3651
f 3296/3650 4681/5247 4647/5206
f 3234/3578 4681/5248 3218/3562
f 4681/5247 4680/5245 4647/5206
f 3234/3578 4680/5246 4681/5248
f 4647/5206 4650/5209 4649/5208
f 4649/5208 4650/5209 4837/5433
f 4650/5209 4653/5213 4837/5433
f 4837/5433 4653/5213 4878/5499
f 4878/5499 4988/5687 5004/5718
f 3469/3840 4864/5476 3464/3834
f 4627/5182 4626/5180 4628/5183
f 4626/5180 4673/5235 4629/5184
f 4626/5180 4629/5184 4628/5183
f 3158/3497 3157/3496 3165/3505
f 3165/3505 3157/3496 3164/3504
f 3157/3496 3160/3500 3164/3504
f 4673/5235 3160/3499 4629/5184
f 3164/3504 3160/3500 4673/5236
f 3159/3498 3160/3500 3157/3496
f 4629/5184 3160/3499 4674/5237
f 3168/3508 3161/3501 3162/3502
f 3162/3502 3150/3488 3158/3497
f 3203/3547 3173/3514 3174/3515
f 3173/3514 3168/3508 3174/3515
f 395/413 3241/3587 3251/3599
f 3251/3599 3241/3587 3224/3568
f 395/413 456/523 3241/3587
f 398/416 456/522 395/412
f 456/523 398/417 3223/3567
f 398/417 3240/3586 3223/3567
f 397/415 3308/3666 460/530
f 396/414 3308/3666 397/415
f 407/430 3308/3666 396/414
f 3317/3677 3299/3656 3308/3667
f 3317/3677 3300/3657 3299/3656
f 3310/3669 3300/3657 3317/3677
f 3310/3669 3238/3583 3300/3657
f 3309/3668 3238/3583 3310/3669
f 3309/3668 3239/3584 3238/3583
f 3239/3584 3235/3579 3238/3583
f 3239/3584 3302/3660 3235/3579
f 3302/3660 3231/3575 3235/3579
f 3302/3660 3303/3661 3231/3575
f 3303/3661 3304/3662 3232/3576
f 3303/3661 3232/3576 3231/3575
f 3304/3662 3305/3663 3232/3576
f 3232/3576 3305/3663 3233/3577
f 3305/3663 3234/3578 3233/3577
f 3306/3664 4680/5246 3234/3578
f 4680/5245 4651/5210 4647/5206
f 3306/3664 4651/5211 4680/5246
f 3305/3663 3306/3664 3234/3578
f 4651/5210 4652/5212 4650/5209
f 4651/5210 4650/5209 4647/5206
f 4652/5212 4653/5213 4650/5209
f 4878/5499 4679/5244 4988/5687
f 3435/3804 3473/3845 3434/3803
f 3473/3845 3471/3843 3434/3803
f 4916/5556 4684/5251 3469/3840
f 3476/3848 3474/3846 3466/3837
f 4684/5251 4623/5177 4864/5476
f 4684/5251 4864/5476 3469/3840
f 4623/5177 4625/5179 4864/5476
f 4625/5179 4627/5182 4864/5476
f 4625/5179 4626/5180 4627/5182
f 4626/5180 3184/3525 4673/5235
f 3170/3510 3184/3526 4626/5181
f 3166/3506 3165/3505 3169/3509
f 3165/3505 3170/3510 3169/3509
f 3165/3505 3164/3504 3170/3510
f 3164/3504 3184/3526 3170/3510
f 3179/3520 3168/3508 3172/3513
f 3168/3508 3162/3502 3172/3513
f 3162/3502 3167/3507 3172/3513
f 3167/3507 3162/3502 3166/3506
f 3212/3556 3174/3515 3179/3520
f 3174/3515 3168/3508 3179/3520
f 3174/3515 3212/3556 3203/3547
f 3203/3547 3212/3556 3230/3574
f 3250/3598 3224/3568 3230/3574
f 3230/3574 3224/3568 3203/3547
f 3250/3598 3251/3599 3224/3568
f 408/433 395/413 3251/3599
f 361/368 398/416 395/412
f 1232/1309 1554/1652 1230/1307
f 361/368 341/343 398/416
f 341/343 397/415 398/416
f 341/343 396/414 397/415
f 341/343 370/377 396/414
f 1243/1320 1555/1653 1423/1505
f 370/377 407/430 396/414
f 407/431 3317/3677 3308/3667
f 401/422 3317/3676 407/430
f 462/535 3310/3669 3317/3677
f 3310/3669 3239/3584 3309/3668
f 3323/3684 3239/3584 3310/3669
f 3323/3684 3307/3665 3239/3584
f 3307/3665 3302/3660 3239/3584
f 3307/3665 3303/3661 3302/3660
f 3303/3661 3312/3671 3304/3662
f 3312/3671 3305/3663 3304/3662
f 3305/3663 3311/3670 3306/3664
f 3306/3664 3322/3683 4651/5211
f 3322/3682 4652/5212 4651/5210
f 3311/3670 3322/3683 3306/3664
f 3312/3671 3318/3678 3305/3663
f 3305/3663 3318/3678 3311/3670
f 3322/3682 4807/5392 4652/5212
f 3311/3670 4807/5393 3322/3683
f 4653/5213 4654/5214 4679/5244
f 4679/5244 4940/5595 4988/5687
f 4988/5687 4940/5595 4975/5660
f 3471/3843 3480/3852 3470/3842
f 3480/3852 3472/3844 3470/3842
f 3550/3928 3477/3849 3493/3865
f 4623/5177 4624/5178 4625/5179
f 4624/5178 3242/3588 4626/5180
f 4624/5178 4626/5180 4625/5179
f 3242/3588 3185/3527 4626/5180
f 3181/3522 3185/3528 3242/3589
f 3178/3519 3167/3507 3176/3517
f 3167/3507 3166/3506 3176/3517
f 3176/3517 3166/3506 3177/3518
f 3166/3506 3169/3509 3177/3518
f 3177/3518 3169/3509 3180/3521
f 3180/3521 3169/3509 3181/3522
f 3169/3509 3170/3510 3181/3522
f 3170/3510 3185/3528 3181/3522
f 3182/3523 3172/3513 3178/3519
f 3172/3513 3167/3507 3178/3519
f 3179/3520 3172/3513 3182/3523
f 3213/3557 3179/3520 3182/3523
f 3212/3556 3179/3520 3213/3557
f 3249/3597 3230/3574 3213/3557
f 3230/3574 3212/3556 3213/3557
f 409/435 3250/3598 3249/3597
f 3249/3597 3250/3598 3230/3574
f 408/433 3250/3598 409/435
f 3250/3598 408/433 3251/3599
f 372/380 395/412 408/432
f 1424/1506 1554/1652 1584/1692
f 1554/1652 1028/1104 1584/1692
f 372/380 300/300 395/412
f 395/412 300/300 361/368
f 1582/1689 1025/1101 1028/1104
f 300/300 299/299 361/368
f 1087/1163 1025/1101 1582/1689
f 299/299 341/343 361/368
f 1087/1163 1033/1109 1025/1101
f 299/299 302/302 341/343
f 1602/1720 1033/1109 1087/1163
f 302/302 370/377 341/343
f 1072/1148 1033/1109 1602/1720
f 302/302 369/376 370/377
f 370/377 369/376 407/430
f 1247/1326 1555/1653 1243/1320
f 1247/1326 1072/1148 1555/1653
f 1247/1326 1614/1742 1072/1148
f 369/376 401/422 407/430
f 1247/1326 1280/1361 1614/1742
f 401/422 462/534 3317/3676
f 3326/3687 3310/3669 462/535
f 3326/3687 3323/3684 3310/3669
f 3324/3685 3307/3665 3323/3684
f 3324/3685 3315/3674 3307/3665
f 3315/3674 3303/3661 3307/3665
f 3315/3674 3313/3672 3303/3661
f 3313/3672 3314/3673 3303/3661
f 3303/3661 3314/3673 3312/3671
f 3314/3673 3318/3678 3312/3671
f 3318/3678 3319/3679 3311/3670
f 3311/3670 4808/5395 4807/5393
f 4808/5394 4652/5212 4807/5392
f 3319/3679 4808/5395 3311/3670
f 3314/3673 3320/3680 3318/3678
f 3320/3680 3319/3679 3318/3678
f 4808/5394 3328/3689 4652/5212
f 3328/3690 4808/5395 3319/3679
f 3328/3689 4655/5215 4652/5212
f 4655/5215 4654/5214 4652/5212
f 4652/5212 4654/5214 4653/5213
f 3481/3853 4994/5699 3596/3985
f 4994/5698 4916/5556 3596/3984
f 3176/3517 3177/3518 3220/3564
f 3220/3564 3177/3518 3221/3565
f 3180/3521 3181/3522 4530/5071
f 3181/3522 4537/5080 4530/5071
f 4624/5178 4877/5497 3242/3588
f 3181/3522 4877/5498 4537/5080
f 3229/3573 3178/3519 3220/3564
f 3178/3519 3176/3517 3220/3564
f 3227/3571 3182/3523 3229/3573
f 3182/3523 3178/3519 3229/3573
f 3603/3998 1463/1548 3586/3969
f 3228/3572 3213/3557 3227/3571
f 3213/3557 3182/3523 3227/3571
f 3249/3597 3213/3557 3228/3572
f 409/434 297/297 408/432
f 1191/1267 1424/1506 1001/1077
f 1584/1692 1001/1077 1424/1506
f 297/297 372/380 408/432
f 1584/1692 1028/1104 1001/1077
f 297/297 300/300 372/380
f 124/124 299/299 122/122
f 122/122 299/299 300/300
f 124/124 302/302 299/299
f 302/302 303/303 369/376
f 1614/1742 1042/1118 1072/1148
f 303/303 390/405 401/422
f 303/303 401/422 369/376
f 1280/1361 1042/1118 1614/1742
f 390/405 406/429 401/422
f 401/422 406/429 462/534
f 3344/3708 3326/3687 462/535
f 3326/3687 3324/3685 3323/3684
f 3326/3687 3336/3699 3324/3685
f 3336/3699 3325/3686 3324/3685
f 3325/3686 3315/3674 3324/3685
f 3325/3686 3316/3675 3315/3674
f 3316/3675 3313/3672 3315/3674
f 3313/3672 3321/3681 3314/3673
f 3321/3681 3320/3680 3314/3673
f 3320/3680 4655/5216 3328/3690
f 3320/3680 3328/3690 3319/3679
f 4655/5215 4656/5217 4654/5214
f 4654/5214 4657/5219 4679/5244
f 4679/5244 4657/5219 4940/5595
f 4940/5595 4657/5219 4975/5660
f 4657/5219 4891/5518 4975/5660
f 4975/5660 4891/5518 5005/5720
f 3473/3845 3487/3859 3471/3843
f 3487/3859 3480/3852 3471/3843
f 3489/3861 3490/3862 3474/3846
f 4622/5176 4624/5178 4623/5177
f 3225/3569 3180/3521 4530/5071
f 4536/5078 4537/5079 4624/5178
f 4530/5070 4537/5079 4536/5078
f 3220/3564 3226/3570 3245/3593
f 3221/3565 3180/3521 3225/3569
f 4624/5178 4537/5079 4877/5497
f 3227/3571 3229/3573 3246/3594
f 3266/3615 3227/3571 3246/3594
f 3277/3626 3228/3572 3266/3615
f 3228/3572 3227/3571 3266/3615
f 405/428 3249/3597 3277/3626
f 3277/3626 3249/3597 3228/3572
f 405/428 409/435 3249/3597
f 402/423 409/434 405/427
f 402/423 297/297 409/434
f 122/122 300/300 297/297
f 124/124 123/123 302/302
f 123/123 303/303 302/302
f 303/303 304/304 390/405
f 304/304 391/406 390/405
f 1493/1579 1055/1131 1279/1360
f 391/406 406/429 390/405
f 406/429 464/538 462/534
f 406/429 427/467 464/538
f 464/539 3344/3708 462/535
f 3344/3708 3336/3699 3326/3687
f 3341/3705 3327/3688 3325/3686
f 3341/3705 3325/3686 3336/3699
f 3327/3688 3316/3675 3325/3686
f 3327/3688 3330/3692 3313/3672
f 3327/3688 3313/3672 3316/3675
f 3330/3692 3329/3691 3313/3672
f 3329/3691 3321/3681 3313/3672
f 3321/3681 3333/3695 3320/3680
f 3320/3680 3334/3697 4655/5216
f 3333/3695 3334/3697 3320/3680
f 3329/3691 3332/3694 3321/3681
f 3321/3681 3332/3694 3333/3695
f 3334/3696 4656/5217 4655/5215
f 3333/3695 4656/5218 3334/3697
f 4656/5217 4657/5219 4654/5214
f 4891/5518 4982/5675 5005/5720
f 3484/3856 3583/3966 3496/3871
f 3496/3869 4990/5691 4994/5698
f 4990/5691 4860/5469 4994/5698
f 4860/5469 4621/5175 4916/5556
f 4860/5469 4916/5556 4994/5698
f 3554/3932 3572/3952 3489/3861
f 4621/5175 4684/5251 4916/5556
f 4621/5175 4622/5176 4623/5177
f 4621/5175 4623/5177 4684/5251
f 3575/3955 3551/3929 3550/3928
f 4532/5073 4624/5178 4622/5176
f 3225/3569 3243/3591 3244/3592
f 4530/5070 4531/5072 3243/3590
f 4532/5073 4536/5078 4624/5178
f 4530/5070 4532/5073 4531/5072
f 3226/3570 3225/3569 3244/3592
f 3246/3594 3229/3573 3245/3593
f 3229/3573 3220/3564 3245/3593
f 3284/3634 3277/3626 3266/3615
f 405/427 389/404 402/423
f 297/297 389/404 298/298
f 389/404 297/297 402/423
f 122/122 123/123 124/124
f 123/123 125/125 303/303
f 125/125 304/304 303/303
f 304/304 305/305 391/406
f 305/305 406/429 391/406
f 305/305 368/375 406/429
f 368/375 427/467 406/429
f 1252/1331 1253/1332 1251/1330
f 3344/3708 3355/3722 3336/3699
f 3355/3722 3344/3708 464/539
f 3341/3705 3336/3699 3355/3722
f 3339/3703 3327/3688 3341/3705
f 3331/3693 3329/3691 3330/3692
f 3332/3694 3335/3698 3333/3695
f 3333/3695 3338/3702 4656/5218
f 3335/3698 3338/3702 3333/3695
f 3331/3693 3332/3694 3329/3691
f 3338/3701 4658/5220 4656/5217
f 4658/5220 4657/5219 4656/5217
f 4658/5220 4660/5222 4657/5219
f 4657/5219 4660/5222 4891/5518
f 3488/3860 3581/3963 3485/3857
f 3483/3855 3584/3967 3484/3856
f 4621/5175 4538/5081 4622/5176
f 4538/5081 4534/5075 4622/5176
f 3592/3980 3575/3955 3576/3956
f 4534/5075 4533/5074 4532/5073
f 4534/5075 4532/5073 4622/5176
f 3243/3590 4533/5074 4534/5075
f 3226/3570 3244/3592 3247/3595
f 3244/3592 3243/3591 3254/3602
f 4531/5072 4533/5074 3243/3590
f 3598/3989 3592/3980 1604/1724
f 1604/1724 3592/3980 3576/3956
f 3252/3600 3245/3593 3247/3595
f 3245/3593 3226/3570 3247/3595
f 1225/1302 3598/3988 1604/1723
f 3267/3616 3246/3594 3255/3603
f 3281/3631 3266/3615 3267/3616
f 3266/3615 3246/3594 3267/3616
f 3284/3634 3266/3615 3281/3631
f 403/425 405/428 3284/3634
f 3284/3634 405/428 3277/3626
f 403/424 298/298 405/427
f 1060/1136 1059/1135 1211/1288
f 298/298 389/404 405/427
f 298/298 121/121 297/297
f 121/121 122/122 297/297
f 304/304 125/125 305/305
f 1002/1078 1055/1131 1493/1579
f 1518/1610 1006/1082 1492/1578
f 427/467 433/475 464/538
f 433/476 3355/3722 464/539
f 3341/3705 3354/3721 3339/3703
f 3354/3721 3341/3705 3355/3722
f 3339/3703 3337/3700 3327/3688
f 3340/3704 3337/3700 3339/3703
f 3337/3700 3330/3692 3327/3688
f 3337/3700 3342/3706 3330/3692
f 3347/3711 4856/5463 3335/3698
f 3335/3698 4856/5463 3338/3702
f 4856/5462 4658/5220 3338/3701
f 3342/3706 3331/3693 3330/3692
f 3343/3707 3332/3694 3331/3693
f 3343/3707 3345/3709 3332/3694
f 3332/3694 3345/3709 3335/3698
f 3345/3709 3346/3710 3335/3698
f 3346/3710 3347/3711 3335/3698
f 4856/5462 3348/3712 4658/5220
f 3347/3711 3348/3713 4856/5463
f 4661/5223 4682/5249 4891/5518
f 4891/5518 4682/5249 4982/5675
f 4682/5249 4958/5629 4982/5675
f 4982/5675 4958/5629 2892/3186
f 3581/3963 3582/3965 3485/3857
f 3582/3965 3584/3967 3483/3855
f 3583/3966 2006/2178 3496/3871
f 3579/3960 3580/3962 3490/3862
f 3490/3862 3580/3962 3487/3859
f 3580/3962 3581/3963 3487/3859
f 3487/3859 3581/3963 3488/3860
f 2006/2177 4990/5692 3496/3870
f 4619/5173 4620/5174 4621/5175
f 4619/5173 4621/5175 4860/5469
f 4620/5174 4538/5081 4621/5175
f 3254/3602 3243/3591 4535/5077
f 3243/3590 4534/5075 4535/5076
f 4535/5076 4534/5075 4538/5081
f 3247/3595 3244/3592 3248/3596
f 3248/3596 3244/3592 3254/3602
f 3255/3603 3252/3600 3256/3604
f 3281/3631 403/425 3284/3634
f 1212/1289 1005/1081 1195/1271
f 111/111 123/123 122/122
f 1518/1610 1014/1090 1006/1082
f 125/125 279/279 305/305
f 305/305 279/279 368/375
f 1518/1610 1523/1616 1014/1090
f 368/375 279/279 427/467
f 279/279 433/475 427/467
f 433/476 423/460 3355/3722
f 3357/3724 3354/3721 3355/3722
f 3357/3724 3355/3722 423/460
f 3357/3724 3356/3723 3354/3721
f 3354/3721 3340/3704 3339/3703
f 3356/3723 3340/3704 3354/3721
f 3356/3723 3351/3716 3340/3704
f 3351/3716 3337/3700 3340/3704
f 3342/3706 3343/3707 3331/3693
f 3346/3710 3349/3714 3347/3711
f 3347/3711 4855/5461 3348/3713
f 4855/5460 4658/5220 3348/3712
f 3349/3714 4855/5461 3347/3711
f 4855/5460 4659/5221 4658/5220
f 4659/5221 4660/5222 4658/5220
f 4659/5221 4661/5223 4660/5222
f 3584/3967 1998/2165 3583/3966
f 1998/2165 2006/2178 3583/3966
f 4901/5536 4619/5173 4860/5469
f 4901/5536 4860/5469 4990/5691
f 4620/5174 4539/5082 4538/5081
f 3259/3608 3254/3602 3260/3609
f 3254/3602 4535/5077 3258/3607
f 3254/3602 3258/3607 3260/3609
f 4535/5076 4539/5082 3258/3606
f 3248/3596 3254/3602 3259/3608
f 3598/3989 1600/1718 3593/3981
f 3256/3604 3252/3600 3253/3601
f 3252/3600 3247/3595 3253/3601
f 3267/3616 3255/3603 3257/3605
f 3255/3603 3256/3604 3257/3605
f 3298/3655 403/425 3281/3631
f 3298/3654 386/400 403/424
f 386/400 120/120 403/424
f 1005/1081 1071/1147 1195/1271
f 120/120 298/298 403/424
f 1523/1616 1522/1615 1054/1130
f 279/279 280/280 433/475
f 280/280 423/459 433/475
f 3351/3716 2460/2688 3337/3700
f 2460/2688 3342/3706 3337/3700
f 3352/3718 3343/3707 3342/3706
f 3352/3718 3353/3720 3345/3709
f 3352/3718 3345/3709 3343/3707
f 3353/3720 2465/2695 3345/3709
f 3345/3709 2465/2695 3346/3710
f 3346/3710 3350/3715 3349/3714
f 3349/3714 4871/5488 4855/5461
f 4855/5460 4871/5487 4659/5221
f 3350/3715 4871/5488 3349/3714
f 4659/5221 4662/5224 4661/5223
f 4662/5224 4663/5225 4661/5223
f 3582/3965 3587/3972 3584/3967
f 3587/3972 1998/2165 3584/3967
f 1998/2164 2005/2176 2006/2177
f 2005/2176 4996/5703 2006/2177
f 4996/5702 4901/5536 4990/5691
f 4540/5083 4539/5082 4620/5174
f 3265/3614 3253/3601 3262/3611
f 3253/3601 3247/3595 3262/3611
f 3261/3610 3248/3596 3259/3608
f 3256/3604 3253/3601 3264/3613
f 3270/3619 3257/3605 3264/3613
f 3257/3605 3256/3604 3264/3613
f 3290/3642 3267/3616 3270/3619
f 3267/3616 3257/3605 3270/3619
f 3291/3643 3267/3616 3290/3642
f 3291/3643 3298/3655 3281/3631
f 119/119 120/120 386/400
f 1071/1147 1065/1141 1275/1355
f 120/120 121/121 298/298
f 111/111 110/110 123/123
f 1054/1130 963/1039 1014/1090
f 423/460 442/495 3357/3724
f 3357/3724 3358/3725 3356/3723
f 3358/3725 3357/3724 442/495
f 3358/3725 3351/3716 3356/3723
f 3358/3725 2460/2688 3351/3716
f 2460/2688 2459/2686 3342/3706
f 2459/2686 3352/3718 3342/3706
f 3353/3719 2464/2693 2465/2694
f 2465/2695 3350/3715 3346/3710
f 3350/3715 4872/5490 4871/5488
f 4872/5489 4659/5221 4871/5487
f 2463/2692 2464/2693 3353/3719
f 4872/5489 4839/5435 4659/5221
f 4659/5221 4839/5435 4662/5224
f 2468/2699 4839/5435 4872/5489
f 2468/2700 4872/5490 3350/3715
f 4958/5629 2883/3169 2892/3186
f 3587/3971 1995/2159 1998/2164
f 3588/3973 3580/3961 3579/3959
f 3580/3962 1996/2161 3581/3963
f 1996/2161 3590/3977 3581/3963
f 3590/3976 3587/3971 3582/3964
f 1997/2163 3578/3958 3577/3957
f 4677/5242 4617/5171 4619/5173
f 4677/5242 4619/5173 4901/5536
f 3589/3975 3591/3979 3577/3957
f 4618/5172 4541/5084 4620/5174
f 4618/5172 4620/5174 4619/5173
f 3599/3992 3594/3982 3593/3981
f 3263/3612 3259/3608 3260/3609
f 3260/3609 3258/3607 4542/5086
f 4541/5084 4540/5083 4620/5174
f 3258/3606 4541/5084 4542/5085
f 3261/3610 3259/3608 3263/3612
f 3264/3613 3253/3601 3265/3614
f 415/445 119/119 3298/3654
f 1276/1356 1275/1355 1046/1122
f 119/119 386/400 3298/3654
f 1065/1141 1046/1122 1275/1355
f 110/110 125/125 123/123
f 125/125 109/109 279/279
f 109/109 280/280 279/279
f 109/109 292/292 280/280
f 997/1073 1054/1130 1540/1635
f 1541/1636 997/1073 1540/1635
f 280/280 292/292 423/459
f 292/292 291/291 423/459
f 291/291 442/494 423/459
f 2469/2703 2460/2688 3358/3725
f 3352/3717 2462/2691 3353/3719
f 2462/2691 2453/2676 2463/2692
f 2462/2691 2463/2692 3353/3719
f 2464/2693 2466/2696 2465/2694
f 2466/2696 2468/2701 2465/2694
f 2465/2695 2468/2700 3350/3715
f 2463/2692 2449/2672 2464/2693
f 2449/2672 2466/2696 2464/2693
f 4839/5435 4840/5436 4662/5224
f 5011/5732 4840/5436 4839/5435
f 5011/5732 4839/5435 2468/2699
f 4662/5224 4664/5226 4663/5225
f 4682/5249 4951/5616 4958/5629
f 4958/5629 4951/5616 2883/3169
f 4951/5616 5010/5730 2883/3169
f 3588/3973 1992/2155 3580/3961
f 1992/2155 1996/2160 3580/3961
f 3590/3976 1991/2154 3587/3971
f 1991/2154 1995/2159 3587/3971
f 1995/2159 5008/5727 1998/2164
f 1998/2164 5008/5727 2005/2176
f 5008/5727 4996/5703 2005/2176
f 4617/5171 4618/5172 4619/5173
f 3594/3982 3595/3983 3589/3975
f 3263/3612 3260/3609 3273/3622
f 3273/3622 3260/3609 3274/3623
f 4618/5172 4543/5087 4541/5084
f 3262/3611 3261/3610 3268/3617
f 3261/3610 3263/3612 3268/3617
f 3264/3613 3265/3614 3269/3618
f 3270/3619 3264/3613 3269/3618
f 3292/3644 3290/3642 3270/3619
f 1046/1122 1077/1153 1478/1564
f 119/119 118/118 120/120
f 118/118 121/121 120/120
f 121/121 76/76 122/122
f 76/76 80/80 122/122
f 1063/1139 958/1034 997/1073
f 435/481 3358/3725 442/495
f 435/481 2473/2709 3358/3725
f 2473/2708 2469/2702 3358/3726
f 2469/2702 2455/2678 2460/2687
f 2455/2678 2459/2685 2460/2687
f 2455/2678 2454/2677 2459/2685
f 2454/2677 2445/2666 3352/3717
f 2454/2677 3352/3717 2459/2685
f 2445/2666 2462/2691 3352/3717
f 2466/2696 5011/5733 2468/2701
f 2445/2666 2453/2676 2462/2691
f 2453/2676 2452/2675 2463/2692
f 2452/2675 2449/2672 2463/2692
f 4840/5436 2467/2697 4662/5224
f 2467/2697 4840/5436 5011/5732
f 2467/2697 4665/5227 4662/5224
f 4662/5224 4665/5227 4664/5226
f 4664/5226 4666/5228 4682/5249
f 4666/5228 4858/5466 4682/5249
f 4682/5249 4858/5466 4951/5616
f 1992/2155 1977/2137 1996/2160
f 1977/2137 3590/3976 1996/2160
f 5008/5726 4953/5619 4996/5702
f 4953/5619 4677/5242 4901/5536
f 4953/5619 4901/5536 4996/5702
f 1997/2163 3588/3974 3578/3958
f 3591/3979 1997/2163 3577/3957
f 3599/3992 3595/3983 3594/3982
f 3268/3617 3263/3612 3273/3622
f 4545/5090 4543/5087 4618/5172
f 4544/5088 4543/5087 4545/5090
f 3265/3614 3262/3611 3271/3620
f 3262/3611 3268/3617 3272/3621
f 3301/3658 117/117 415/445
f 117/117 119/119 415/445
f 117/117 118/118 119/119
f 80/80 111/111 122/122
f 80/80 79/79 111/111
f 110/110 109/109 125/125
f 109/109 288/288 292/292
f 1011/1087 1063/1139 1412/1494
f 1413/1495 1011/1087 1412/1494
f 1413/1495 1549/1646 1011/1087
f 291/291 435/479 442/494
f 2473/2708 2470/2704 2469/2702
f 2469/2702 2458/2684 2455/2678
f 2470/2704 2458/2684 2469/2702
f 2466/2696 2451/2674 2467/2698
f 2466/2696 2467/2698 5011/5733
f 2467/2697 2474/2710 4665/5227
f 2451/2674 2474/2711 2467/2698
f 4665/5227 4666/5228 4664/5226
f 4951/5616 5000/5710 5010/5730
f 1977/2137 1982/2143 3590/3976
f 3590/3976 1982/2143 1991/2154
f 1982/2143 1971/2130 1991/2154
f 1971/2130 1979/2139 1991/2154
f 1991/2154 1979/2139 1995/2159
f 1979/2139 1994/2158 5008/5727
f 1979/2139 5008/5727 1995/2159
f 1981/2142 1992/2155 3588/3973
f 1997/2162 1981/2142 3588/3973
f 3595/3983 2001/2170 3589/3975
f 4546/5091 4545/5090 4618/5172
f 4544/5088 4545/5090 4546/5091
f 3271/3620 3262/3611 3272/3621
f 3283/3633 3269/3618 3293/3645
f 3292/3644 3283/3633 3295/3649
f 3301/3659 3292/3644 3295/3649
f 1077/1153 1076/1152 1476/1562
f 118/118 76/76 121/121
f 79/79 110/110 111/111
f 1549/1646 1058/1134 1012/1088
f 288/288 290/290 291/291
f 291/291 290/290 435/479
f 448/507 2473/2708 435/480
f 465/541 2473/2708 448/507
f 2438/2657 2455/2678 2458/2684
f 2448/2671 2450/2673 2451/2674
f 2474/2710 4849/5450 4665/5227
f 2450/2673 4849/5451 2474/2711
f 2450/2673 2474/2711 2451/2674
f 4858/5466 2890/3182 5000/5710
f 4858/5466 5000/5710 4951/5616
f 1977/2137 1961/2116 1982/2143
f 1961/2116 1971/2130 1982/2143
f 1981/2142 1966/2124 1992/2155
f 1966/2124 1977/2137 1992/2155
f 1994/2158 4953/5620 5008/5727
f 1978/2138 1981/2142 1997/2162
f 4678/5243 4617/5171 4677/5242
f 4678/5243 4677/5242 4953/5619
f 3591/3978 1978/2138 1997/2162
f 4616/5170 4547/5092 4618/5172
f 4616/5170 4618/5172 4617/5171
f 3600/3994 2001/2170 3595/3983
f 4547/5092 4546/5091 4618/5172
f 3279/3628 4546/5091 4547/5092
f 3272/3621 3268/3617 3275/3624
f 3268/3617 3273/3622 3275/3624
f 3293/3645 3269/3618 3280/3630
f 421/457 3301/3658 3295/3647
f 116/116 117/117 3301/3658
f 112/112 118/118 117/117
f 107/107 109/109 110/110
f 292/292 288/288 291/291
f 1415/1497 1058/1134 1549/1646
f 1415/1497 1549/1646 1413/1495
f 290/290 293/293 435/479
f 293/293 448/506 435/479
f 465/541 2470/2704 2473/2708
f 2471/2705 2470/2704 465/541
f 2470/2704 2438/2657 2458/2684
f 2438/2657 2454/2677 2455/2678
f 2438/2657 2429/2645 2454/2677
f 2454/2677 2429/2645 2445/2666
f 2429/2645 2427/2642 2445/2666
f 2427/2642 2453/2676 2445/2666
f 2453/2676 2427/2642 2452/2675
f 2443/2663 2449/2672 2452/2675
f 2443/2663 2448/2671 2449/2672
f 2448/2671 5007/5725 2450/2673
f 5007/5725 4849/5451 2450/2673
f 4849/5450 4850/5452 4665/5227
f 5007/5724 4850/5452 4849/5450
f 4665/5227 4667/5229 4666/5228
f 4666/5228 4667/5229 4858/5466
f 1966/2124 1954/2106 1977/2137
f 1954/2106 1961/2116 1977/2137
f 1979/2139 5002/5715 1994/2158
f 5002/5715 4953/5620 1994/2158
f 1978/2138 1966/2124 1981/2142
f 4615/5169 4616/5170 4617/5171
f 4615/5169 4617/5171 4678/5243
f 1984/2145 3591/3978 2001/2169
f 3276/3625 3286/3636 3285/3635
f 3286/3636 3274/3623 3287/3637
f 3274/3623 3279/3629 3287/3637
f 4548/5093 4547/5092 4616/5170
f 3279/3628 4547/5092 4548/5093
f 2009/2183 2003/2172 3600/3993
f 3278/3627 3272/3621 3275/3624
f 1603/1722 2009/2183 3599/3990
f 3599/3990 2009/2183 3600/3993
f 421/457 116/116 3301/3658
f 1216/1293 1477/1563 1217/1294
f 1477/1563 1076/1152 1078/1154
f 116/116 112/112 117/117
f 1415/1497 1414/1496 1019/1095
f 293/293 430/472 448/506
f 430/472 465/540 448/506
f 2471/2705 2438/2657 2470/2704
f 2440/2660 2438/2657 2471/2705
f 2424/2638 2429/2645 2438/2657
f 2427/2642 2431/2647 2452/2675
f 2431/2647 2443/2663 2452/2675
f 5007/5724 4851/5453 4850/5452
f 4851/5453 4665/5227 4850/5452
f 4851/5453 4668/5230 4665/5227
f 4665/5227 4668/5230 4667/5229
f 4667/5229 4690/5259 4858/5466
f 4858/5466 4690/5259 2890/3182
f 1954/2106 1943/2093 1961/2116
f 1961/2116 1942/2092 1971/2130
f 1971/2130 1955/2107 1979/2139
f 1955/2107 5002/5715 1979/2139
f 5002/5714 4678/5243 4953/5619
f 1978/2138 1959/2114 1966/2124
f 2003/2172 1986/2147 2001/2169
f 1986/2147 1984/2145 2001/2169
f 4550/5096 4548/5093 4616/5170
f 4549/5094 4548/5093 4550/5096
f 3278/3627 3275/3624 3288/3639
f 3295/3649 3293/3645 3294/3646
f 420/455 421/457 3295/3647
f 288/288 293/293 290/290
f 2441/2661 2440/2660 2471/2705
f 2440/2660 2424/2638 2438/2657
f 2422/2636 2429/2645 2424/2638
f 2443/2663 2442/2662 2448/2671
f 2443/2663 2432/2648 2442/2662
f 2442/2662 5007/5725 2448/2671
f 5007/5725 2442/2662 4851/5454
f 2431/2647 2432/2648 2443/2663
f 4690/5259 4921/5563 2890/3182
f 4921/5563 2852/3126 2890/3182
f 1943/2093 1941/2091 1961/2116
f 1961/2116 1941/2091 1942/2092
f 1959/2114 1946/2097 1966/2124
f 1946/2097 1954/2106 1966/2124
f 4992/5695 4678/5243 5002/5714
f 1984/2145 1969/2128 1978/2138
f 2002/2171 1986/2147 2003/2172
f 4549/5094 4550/5096 4551/5097
f 3288/3639 3275/3624 4324/4822
f 3285/3635 3286/3636 3289/3641
f 2009/2183 2002/2171 2003/2172
f 1208/1285 1609/1732 1603/1721
f 1603/1722 1609/1733 2009/2183
f 3294/3646 3280/3630 3282/3632
f 3297/3653 3294/3646 4335/4840
f 420/456 3295/3648 3297/3652
f 420/455 115/115 421/457
f 115/115 116/116 421/457
f 1217/1294 1052/1128 1610/1734
f 79/79 107/107 110/110
f 293/293 126/126 294/294
f 1416/1498 1043/1119 1414/1496
f 294/294 430/472 293/293
f 430/472 2472/2706 465/540
f 2472/2707 2471/2705 465/541
f 2472/2707 2441/2661 2471/2705
f 2440/2660 2423/2637 2424/2638
f 2423/2637 2422/2636 2424/2638
f 2422/2636 2415/2627 2429/2645
f 2429/2645 2415/2627 2427/2642
f 2432/2648 2430/2646 2442/2662
f 2430/2646 2447/2670 2442/2662
f 2442/2662 2447/2670 4851/5454
f 2447/2669 4668/5230 4851/5453
f 4668/5230 4669/5231 4667/5229
f 4688/5257 4921/5563 4690/5259
f 4910/5549 4615/5169 4678/5243
f 4910/5549 4678/5243 4992/5695
f 1969/2128 1959/2114 1978/2138
f 4614/5168 4553/5101 4615/5169
f 4615/5169 4553/5101 4616/5170
f 4553/5101 4552/5100 4550/5096
f 4553/5101 4550/5096 4616/5170
f 4335/4840 3282/3632 4323/4820
f 1176/1252 1610/1734 1278/1359
f 112/112 76/76 118/118
f 288/288 126/126 293/293
f 1416/1498 1417/1499 1044/1120
f 2441/2661 2423/2637 2440/2660
f 2415/2627 2388/2590 2427/2642
f 2427/2642 2413/2624 2431/2647
f 2431/2647 2413/2624 2432/2648
f 2413/2624 2421/2635 2432/2648
f 2430/2646 4685/5253 2447/2670
f 4685/5252 4668/5230 2447/2669
f 4685/5252 4686/5254 4669/5231
f 4685/5252 4669/5231 4668/5230
f 4686/5254 4687/5256 4669/5231
f 4669/5231 4687/5256 4688/5257
f 4921/5563 2861/3139 2852/3126
f 1942/2092 1936/2086 1955/2107
f 1936/2086 1963/2120 5002/5715
f 1936/2086 5002/5715 1955/2107
f 1963/2119 4992/5695 5002/5714
f 1946/2097 1933/2082 1954/2106
f 1933/2082 1943/2093 1954/2106
f 4676/5241 4613/5167 4615/5169
f 4676/5241 4615/5169 4910/5549
f 1984/2145 1970/2129 1969/2128
f 4613/5167 4614/5168 4615/5169
f 1985/2146 1984/2145 1986/2147
f 2002/2171 2000/2168 1986/2147
f 4322/4818 4552/5100 4553/5101
f 1609/1733 2008/2182 2002/2171
f 4334/4837 4335/4839 4323/4819
f 4334/4838 3297/3653 4335/4840
f 414/443 115/115 420/455
f 1610/1734 1052/1128 1081/1157
f 1610/1734 1081/1157 1278/1359
f 114/114 112/112 116/116
f 109/109 126/126 288/288
f 1417/1499 1418/1500 1045/1121
f 294/294 295/295 430/472
f 295/295 2472/2706 430/472
f 432/474 2456/2679 2472/2706
f 2456/2680 2441/2661 2472/2707
f 2435/2652 2423/2637 2441/2661
f 2423/2637 2400/2606 2422/2636
f 2400/2606 2415/2627 2422/2636
f 2400/2606 2401/2607 2415/2627
f 2401/2607 2388/2590 2415/2627
f 2388/2590 2413/2624 2427/2642
f 2421/2635 2420/2634 2430/2646
f 2421/2635 2430/2646 2432/2648
f 2420/2634 4686/5255 2430/2646
f 2430/2646 4686/5255 4685/5253
f 4921/5563 4809/5396 2861/3139
f 1963/2119 4676/5241 4992/5695
f 4992/5695 4676/5241 4910/5549
f 1959/2114 1939/2089 1946/2097
f 1985/2146 1970/2129 1984/2145
f 4311/4799 4553/5101 4614/5168
f 2008/2182 2000/2168 2002/2171
f 4334/4837 4323/4819 4330/4831
f 4334/4837 414/444 3297/3652
f 414/443 113/113 115/115
f 113/113 114/114 115/115
f 114/114 116/116 115/115
f 126/126 295/295 294/294
f 1418/1500 1422/1504 1045/1121
f 295/295 432/474 2472/2706
f 2456/2680 2435/2652 2441/2661
f 2435/2652 2408/2616 2423/2637
f 2408/2616 2400/2606 2423/2637
f 2401/2607 2318/2503 2388/2590
f 2376/2577 2420/2634 2421/2635
f 2420/2634 2446/2668 4686/5255
f 2446/2667 4687/5256 4686/5254
f 2446/2667 4689/5258 4688/5257
f 2446/2667 4688/5257 4687/5256
f 4809/5396 5003/5716 2861/3139
f 1933/2082 1923/2072 1943/2093
f 1943/2093 1923/2072 1941/2091
f 1941/2091 1920/2068 1942/2092
f 1920/2068 1921/2069 1942/2092
f 1942/2092 1921/2069 1936/2086
f 1936/2086 1937/2087 1963/2120
f 1939/2089 1933/2082 1946/2097
f 1969/2128 1940/2090 1959/2114
f 1940/2090 1939/2089 1959/2114
f 4612/5166 4613/5167 4676/5241
f 1209/1286 1210/1287 2008/2181
f 410/436 113/113 414/443
f 1081/1157 1000/1076 1050/1126
f 1081/1157 1050/1126 1218/1295
f 107/107 108/108 109/109
f 295/295 289/289 432/474
f 2400/2606 2318/2503 2401/2607
f 2388/2590 2345/2537 2413/2624
f 2345/2537 2373/2573 2413/2624
f 2373/2573 2421/2635 2413/2624
f 2373/2573 2376/2577 2421/2635
f 2376/2577 2377/2578 2420/2634
f 2377/2578 4832/5426 2420/2634
f 2420/2634 4832/5426 2446/2668
f 4832/5425 4689/5258 2446/2667
f 4689/5258 4809/5396 4688/5257
f 1921/2069 1917/2065 1936/2086
f 1917/2065 1937/2087 1936/2086
f 1937/2087 1999/2167 1963/2120
f 1999/2166 4612/5166 4676/5241
f 1999/2166 4676/5241 1963/2119
f 1970/2129 1964/2121 1969/2128
f 1964/2121 1940/2090 1969/2128
f 4612/5166 4611/5165 4613/5167
f 4611/5165 4316/4807 4614/5168
f 4611/5165 4614/5168 4613/5167
f 4283/4761 4309/4797 4294/4775
f 4309/4797 4310/4798 4294/4775
f 2008/2182 1987/2148 2000/2168
f 1050/1126 1067/1143 1170/1246
f 109/109 106/106 126/126
f 126/126 289/289 295/295
f 1096/1172 989/1065 1051/1127
f 1096/1172 1051/1127 1422/1504
f 432/474 463/536 2456/2679
f 431/473 463/536 432/474
f 431/473 432/474 289/289
f 2456/2680 2426/2641 2435/2652
f 2435/2652 2426/2641 2408/2616
f 2426/2641 2372/2572 2408/2616
f 2372/2572 2319/2504 2408/2616
f 2408/2616 2319/2504 2400/2606
f 2319/2504 2318/2503 2400/2606
f 2318/2503 2345/2537 2388/2590
f 2317/2502 2376/2577 2373/2573
f 2377/2578 4833/5428 4832/5426
f 4833/5427 4830/5421 4689/5258
f 4833/5427 4689/5258 4832/5425
f 4830/5421 4826/5416 4689/5258
f 4826/5416 4829/5420 4689/5258
f 4809/5396 4829/5420 5003/5716
f 1920/2068 1917/2065 1921/2069
f 4602/5155 4612/5166 1999/2166
f 1987/2148 1975/2134 1985/2146
f 1975/2134 1970/2129 1985/2146
f 4611/5165 4296/4777 4316/4807
f 2000/2168 1987/2148 1985/2146
f 4301/4786 4283/4761 4281/4759
f 426/466 4339/4848 4331/4832
f 4339/4847 331/333 410/436
f 1170/1246 1067/1143 1158/1234
f 331/333 113/113 410/436
f 70/70 113/113 331/333
f 70/70 114/114 113/113
f 114/114 73/73 112/112
f 73/73 76/76 112/112
f 75/75 80/80 76/76
f 127/127 289/289 126/126
f 1096/1172 1023/1099 989/1065
f 1534/1628 1533/1627 1096/1172
f 272/272 431/473 289/289
f 463/537 2426/2641 2456/2680
f 2412/2623 2372/2572 2426/2641
f 2318/2503 2308/2491 2345/2537
f 2308/2491 2307/2490 2345/2537
f 2345/2537 2307/2490 2373/2573
f 2307/2490 2317/2502 2373/2573
f 2317/2502 2315/2499 2376/2577
f 2376/2577 2315/2499 2377/2578
f 2315/2499 4833/5428 2377/2578
f 2315/2499 4830/5422 4833/5428
f 4829/5420 2819/3083 5003/5716
f 1939/2089 1911/2059 1933/2082
f 1911/2059 1915/2063 1933/2082
f 1915/2063 1889/2034 1923/2072
f 1915/2063 1923/2072 1933/2082
f 1889/2034 1920/2068 1923/2072
f 1927/2076 1939/2089 1940/2090
f 4602/5155 4609/5163 4612/5166
f 1928/2077 1940/2090 1964/2121
f 4609/5163 4611/5165 4612/5166
f 1975/2134 1964/2121 1970/2129
f 2008/2182 1606/1728 1987/2148
f 4306/4793 4325/4823 4330/4831
f 426/465 331/333 4339/4847
f 1067/1143 1068/1144 1158/1234
f 106/106 127/127 126/126
f 127/127 272/272 289/289
f 1533/1627 1047/1123 1096/1172
f 1096/1172 1047/1123 1023/1099
f 436/482 463/536 431/473
f 463/537 2434/2651 2426/2641
f 2412/2623 2371/2571 2372/2572
f 2371/2571 2319/2504 2372/2572
f 2319/2504 2276/2455 2318/2503
f 2286/2466 2287/2467 2307/2490
f 2287/2467 2317/2502 2307/2490
f 2315/2499 2301/2484 4830/5422
f 2301/2483 4826/5416 4830/5421
f 4829/5420 2882/3167 2819/3083
f 1889/2034 1909/2057 1920/2068
f 1909/2057 1917/2065 1920/2068
f 1917/2065 1916/2064 1937/2087
f 1916/2064 1999/2167 1937/2087
f 1927/2076 1912/2060 1939/2089
f 1912/2060 1911/2059 1939/2089
f 4605/5158 4602/5155 1999/2166
f 1928/2077 1927/2076 1940/2090
f 1975/2134 1950/2102 1964/2121
f 1950/2102 1928/2077 1964/2121
f 4609/5163 4610/5164 4611/5165
f 4610/5164 4276/4752 4296/4777
f 4610/5164 4296/4777 4611/5165
f 1166/1242 1285/1367 1606/1727
f 4325/4823 426/466 4331/4832
f 4338/4846 426/466 4325/4823
f 108/108 106/106 109/109
f 272/272 436/482 431/473
f 436/483 2434/2651 463/537
f 2426/2641 2434/2651 2412/2623
f 2371/2571 2302/2485 2319/2504
f 2302/2485 2276/2455 2319/2504
f 2276/2455 2275/2454 2318/2503
f 2318/2503 2275/2454 2308/2491
f 2308/2491 2286/2466 2307/2490
f 2275/2454 2286/2466 2308/2491
f 2287/2467 2288/2468 2315/2499
f 2287/2467 2315/2499 2317/2502
f 2288/2468 2301/2484 2315/2499
f 4826/5416 2882/3167 4829/5420
f 1916/2064 4987/5686 1999/2167
f 4987/5685 4605/5158 1999/2166
f 4605/5158 4601/5154 4602/5155
f 4601/5154 4327/4826 4602/5155
f 4602/5155 4327/4826 4609/5163
f 4327/4826 4610/5164 4609/5163
f 1987/2148 1983/2144 1975/2134
f 1606/1728 1983/2144 1987/2148
f 4338/4845 331/333 426/465
f 1068/1144 1007/1083 1205/1282
f 70/70 73/73 114/114
f 73/73 75/75 76/76
f 80/80 75/75 79/79
f 128/128 429/470 436/482
f 128/128 436/482 272/272
f 2412/2623 2339/2529 2371/2571
f 2339/2529 2302/2485 2371/2571
f 2288/2468 4831/5424 2301/2484
f 4831/5423 4827/5417 4826/5416
f 4831/5423 4826/5416 2301/2483
f 4826/5416 4824/5414 2882/3167
f 1911/2059 1881/2021 1915/2063
f 1881/2021 1889/2034 1915/2063
f 1889/2034 1880/2020 1909/2057
f 1880/2020 1879/2019 1909/2057
f 1909/2057 1879/2019 1917/2065
f 1879/2019 1916/2064 1917/2065
f 4606/5159 4587/5139 4605/5158
f 4606/5159 4605/5158 4987/5685
f 4587/5139 4601/5154 4605/5158
f 4327/4826 4959/5630 4610/5164
f 1285/1367 1611/1735 1606/1727
f 4328/4828 4338/4846 4325/4823
f 417/450 4338/4846 4328/4828
f 1205/1282 1074/1150 1204/1281
f 4338/4845 273/273 331/333
f 985/1061 999/1075 1510/1600
f 429/471 2434/2651 436/483
f 2434/2651 2399/2605 2412/2623
f 2399/2605 2339/2529 2412/2623
f 2339/2529 2277/2456 2302/2485
f 2302/2485 2277/2456 2276/2455
f 2275/2454 2258/2437 2286/2466
f 2258/2437 2264/2443 2286/2466
f 2264/2443 2287/2467 2286/2466
f 2265/2444 2288/2468 2287/2467
f 2265/2444 4831/5424 2288/2468
f 2265/2444 4827/5418 4831/5424
f 4827/5417 4825/5415 4826/5416
f 4825/5415 4824/5414 4826/5416
f 4824/5414 4828/5419 2882/3167
f 4828/5419 5012/5734 2882/3167
f 2882/3168 5012/5735 2767/3012
f 1916/2064 4952/5618 4987/5686
f 4952/5617 4606/5159 4987/5685
f 1950/2102 1924/2073 1928/2077
f 1928/2077 1924/2073 1927/2076
f 1973/2132 1947/2098 1975/2134
f 1947/2098 1950/2102 1975/2134
f 4256/4730 4278/4755 4270/4745
f 417/449 273/273 4338/4845
f 273/273 69/69 70/70
f 75/75 78/78 79/79
f 127/127 128/128 272/272
f 296/296 429/470 128/128
f 2399/2605 2306/2489 2339/2529
f 2306/2489 2277/2456 2339/2529
f 2270/2449 2260/2439 2277/2456
f 2277/2456 2260/2439 2276/2455
f 2260/2439 2275/2454 2276/2455
f 2264/2443 2265/2444 2287/2467
f 2265/2444 2290/2471 4827/5418
f 2290/2470 4825/5415 4827/5417
f 1881/2021 1861/1999 1889/2034
f 1861/1999 1880/2020 1889/2034
f 1880/2020 1863/2001 1879/2019
f 1879/2019 1888/2033 1916/2064
f 1888/2033 4952/5618 1916/2064
f 1912/2060 1892/2038 1911/2059
f 1892/2038 1881/2021 1911/2059
f 4913/5553 4585/5136 4606/5159
f 4913/5553 4606/5159 4952/5617
f 1924/2073 1903/2051 1927/2076
f 1903/2051 1912/2060 1927/2076
f 4585/5136 4587/5139 4606/5159
f 1947/2098 1924/2073 1950/2102
f 4587/5139 4600/5152 4601/5154
f 4600/5152 4327/4826 4601/5154
f 1988/2149 1973/2132 1983/2144
f 1285/1367 1196/1272 1611/1735
f 1204/1281 1075/1151 1480/1566
f 70/70 68/68 73/73
f 78/78 81/81 79/79
f 79/79 81/81 107/107
f 1038/1114 985/1061 1511/1601
f 103/103 296/296 128/128
f 1473/1558 1038/1114 1511/1601
f 1473/1558 1511/1601 1289/1371
f 296/296 428/468 429/470
f 429/471 428/469 2434/2651
f 2399/2605 2347/2539 2306/2489
f 2299/2480 2270/2449 2306/2489
f 2306/2489 2270/2449 2277/2456
f 2260/2439 2256/2435 2275/2454
f 2256/2435 2258/2437 2275/2454
f 2268/2447 2290/2471 2265/2444
f 2290/2470 4865/5477 4825/5415
f 4823/5413 2724/2967 5012/5735
f 1862/2000 1861/1999 1881/2021
f 1861/1999 1860/1998 1880/2020
f 1860/1998 1863/2001 1880/2020
f 1903/2051 1892/2038 1912/2060
f 69/69 68/68 70/70
f 81/81 108/108 107/107
f 127/127 103/103 128/128
f 428/469 2417/2630 2434/2651
f 2434/2651 2417/2630 2399/2605
f 2417/2630 2347/2539 2399/2605
f 2347/2539 2299/2480 2306/2489
f 2266/2445 2268/2447 2265/2444
f 2268/2447 4865/5478 2290/2471
f 1863/2001 1851/1986 1879/2019
f 1851/1986 1888/2033 1879/2019
f 1858/1995 1881/2021 1892/2038
f 4952/5617 4585/5136 4913/5553
f 4584/5135 4586/5137 4585/5136
f 4585/5136 4586/5137 4587/5139
f 4586/5137 4279/4756 4600/5152
f 4586/5137 4600/5152 4587/5139
f 1150/1226 1993/2156 1611/1735
f 1196/1272 1150/1226 1611/1735
f 4329/4829 274/274 417/449
f 1480/1566 1075/1151 1479/1565
f 274/274 273/273 417/449
f 1017/1093 1038/1114 1473/1558
f 1535/1629 1017/1093 1473/1558
f 1535/1629 1473/1558 1536/1630
f 2235/2413 2256/2435 2260/2439
f 2256/2435 2257/2436 2258/2437
f 2258/2437 2257/2436 2264/2443
f 2257/2436 2266/2445 2265/2444
f 2257/2436 2265/2444 2264/2443
f 2268/2447 4866/5480 4865/5478
f 4866/5479 4825/5415 4865/5477
f 4823/5413 2717/2959 2724/2967
f 1881/2021 1846/1981 1862/2000
f 1845/1980 1860/1998 1861/1999
f 1845/1980 1844/1979 1860/1998
f 1844/1979 1838/1973 1860/1998
f 1860/1998 1838/1973 1863/2001
f 1838/1973 1851/1986 1863/2001
f 1851/1986 4997/5705 1888/2033
f 4997/5704 4887/5513 1888/2032
f 1888/2032 4887/5513 4952/5617
f 1875/2013 1858/1995 1903/2051
f 1903/2051 1858/1995 1892/2038
f 4887/5513 4585/5136 4952/5617
f 1924/2073 1893/2039 1903/2051
f 4231/4698 4233/4700 4232/4699
f 4241/4711 4279/4757 4586/5138
f 419/453 274/274 4329/4829
f 274/274 67/67 69/69
f 274/274 69/69 273/273
f 106/106 105/105 127/127
f 105/105 103/103 127/127
f 281/281 428/468 296/296
f 281/281 2417/2629 428/468
f 2439/2658 2417/2629 281/281
f 2347/2539 2289/2469 2299/2480
f 2289/2469 2270/2449 2299/2480
f 2270/2449 2233/2411 2260/2439
f 2233/2411 2235/2413 2260/2439
f 2236/2414 2256/2435 2235/2413
f 2239/2417 2266/2445 2257/2436
f 2266/2445 2267/2446 2268/2447
f 2267/2446 4866/5480 2268/2447
f 4866/5479 4822/5411 4825/5415
f 4822/5411 4824/5414 4825/5415
f 4823/5413 4942/5598 2717/2959
f 1858/1995 1846/1981 1881/2021
f 1846/1981 1845/1980 1862/2000
f 1862/2000 1845/1980 1861/1999
f 1893/2039 1875/2013 1903/2051
f 4887/5513 4573/5123 4585/5136
f 1913/2061 1893/2039 1924/2073
f 4573/5123 4584/5135 4585/5136
f 1947/2098 1931/2080 1924/2073
f 4288/4767 4268/4743 4259/4733
f 419/453 275/275 274/274
f 1015/1091 1017/1093 1535/1629
f 103/103 281/281 296/296
f 1487/1573 1015/1091 1535/1629
f 1487/1573 1535/1629 1293/1375
f 2439/2659 2416/2628 2417/2630
f 2416/2628 2347/2539 2417/2630
f 2346/2538 2289/2469 2347/2539
f 2289/2469 2234/2412 2270/2449
f 2234/2412 2233/2411 2270/2449
f 2256/2435 2236/2414 2257/2436
f 2236/2414 2239/2417 2257/2436
f 2239/2417 2240/2418 2266/2445
f 2240/2418 2267/2446 2266/2445
f 2267/2446 4906/5543 4866/5480
f 4906/5542 4822/5411 4866/5479
f 4822/5411 4821/5410 4823/5412
f 4822/5411 4823/5412 4824/5414
f 4915/5555 4573/5123 4887/5513
f 4915/5555 4887/5513 4997/5704
f 1931/2080 1913/2061 1924/2073
f 4584/5135 4235/4702 4586/5137
f 1993/2157 1972/2131 1988/2149
f 418/451 275/275 419/453
f 67/67 68/68 69/69
f 108/108 96/96 106/106
f 96/96 105/105 106/106
f 1487/1573 1495/1581 1015/1091
f 104/104 2439/2658 281/281
f 2346/2538 2245/2423 2289/2469
f 2245/2423 2234/2412 2289/2469
f 2240/2418 2241/2419 2267/2446
f 2241/2419 4906/5543 2267/2446
f 4906/5542 4884/5507 4822/5411
f 2241/2419 4884/5508 4906/5543
f 1851/1986 1980/2141 4997/5705
f 1980/2140 4915/5555 4997/5704
f 1913/2061 1882/2022 1893/2039
f 1919/2067 1913/2061 1931/2080
f 4574/5124 4583/5133 4573/5123
f 4573/5123 4583/5133 4584/5135
f 4583/5133 4235/4702 4584/5135
f 4215/4682 4235/4703 4583/5134
f 1150/1226 1214/1291 1993/2156
f 275/275 67/67 274/274
f 1035/1111 1015/1091 1495/1581
f 103/103 104/104 281/281
f 2416/2628 2346/2538 2347/2539
f 2235/2413 2227/2404 2236/2414
f 4884/5507 4820/5409 4822/5411
f 4820/5409 4821/5410 4822/5411
f 1875/2013 1829/1963 1858/1995
f 1816/1950 1821/1955 1846/1981
f 1846/1981 1821/1955 1845/1980
f 1980/2140 4572/5122 4915/5555
f 1882/2022 1848/1983 1893/2039
f 1893/2039 1848/1983 1875/2013
f 4572/5122 4571/5121 4573/5123
f 4572/5122 4573/5123 4915/5555
f 4571/5121 4574/5124 4573/5123
f 1990/2153 1952/2104 1972/2131
f 1214/1291 1990/2152 1993/2156
f 68/68 72/72 73/73
f 72/72 74/74 73/73
f 73/73 74/74 75/75
f 81/81 84/84 108/108
f 84/84 96/96 108/108
f 103/103 102/102 104/104
f 1496/1582 1036/1112 1495/1581
f 104/104 416/447 2439/2658
f 2439/2659 416/448 2416/2628
f 2349/2541 2346/2538 2416/2628
f 2346/2538 2274/2453 2245/2423
f 2218/2395 2233/2411 2234/2412
f 2233/2411 2227/2404 2235/2413
f 2227/2404 2237/2415 2236/2414
f 2237/2415 2238/2416 2236/2414
f 2236/2414 2238/2416 2239/2417
f 2238/2416 2240/2418 2239/2417
f 2241/2419 2255/2434 4884/5508
f 2255/2433 4820/5409 4884/5507
f 4820/5409 4819/5408 4821/5410
f 4819/5408 4863/5474 4821/5410
f 4863/5475 2723/2966 2695/2937
f 4863/5475 2695/2937 4942/5598
f 1848/1983 1829/1963 1875/2013
f 1829/1963 1816/1950 1846/1981
f 1829/1963 1846/1981 1858/1995
f 1919/2067 1891/2037 1913/2061
f 4574/5124 4239/4707 4583/5133
f 4333/4835 275/275 418/451
f 75/75 77/77 78/78
f 77/77 81/81 78/78
f 101/101 102/102 103/103
f 102/102 416/447 104/104
f 416/448 2349/2541 2416/2628
f 2349/2541 2274/2453 2346/2538
f 2274/2453 2218/2395 2245/2423
f 2218/2395 2234/2412 2245/2423
f 2226/2403 2237/2415 2227/2404
f 2226/2403 2238/2416 2237/2415
f 2238/2416 2225/2402 2240/2418
f 2225/2402 2242/2420 2241/2419
f 2225/2402 2241/2419 2240/2418
f 2242/2420 2255/2434 2241/2419
f 1822/1956 1819/1953 1838/1973
f 1838/1973 1819/1953 1851/1986
f 1819/1953 1922/2071 1851/1986
f 1922/2070 4888/5514 1980/2140
f 4888/5514 4569/5118 4572/5122
f 4888/5514 4572/5122 1980/2140
f 4569/5118 4571/5121 4572/5122
f 4571/5121 4239/4707 4574/5124
f 1990/2153 1594/1709 1952/2104
f 4230/4697 4259/4733 4242/4712
f 4230/4697 4293/4774 4259/4733
f 4259/4733 4293/4774 4308/4796
f 4333/4835 276/276 275/275
f 276/276 132/132 275/275
f 132/132 67/67 275/275
f 74/74 77/77 75/75
f 77/77 82/82 81/81
f 105/105 101/101 103/103
f 1408/1490 1056/1132 1496/1582
f 102/102 2433/2649 416/447
f 416/448 2433/2650 2349/2541
f 2348/2540 2274/2453 2349/2541
f 2274/2453 2206/2382 2218/2395
f 2218/2395 2219/2396 2233/2411
f 2233/2411 2219/2396 2227/2404
f 2219/2396 2226/2403 2227/2404
f 2242/2420 2278/2458 2255/2434
f 2278/2457 4820/5409 2255/2433
f 4820/5409 4818/5407 4819/5408
f 1821/1955 1803/1937 1822/1956
f 1803/1937 1819/1953 1822/1956
f 1819/1953 1853/1989 1922/2071
f 1853/1988 4888/5514 1922/2070
f 4571/5121 4240/4709 4239/4707
f 1594/1709 1953/2105 1952/2104
f 404/426 276/276 4333/4835
f 1408/1490 1592/1705 1056/1132
f 1400/1482 1592/1705 1408/1490
f 2433/2650 2348/2540 2349/2541
f 2348/2540 2291/2472 2274/2453
f 2206/2382 2214/2391 2218/2395
f 2214/2391 2219/2396 2218/2395
f 2226/2403 2213/2390 2238/2416
f 2238/2416 2213/2390 2225/2402
f 2225/2402 2228/2405 2242/2420
f 2228/2405 2278/2458 2242/2420
f 2278/2457 4923/5565 4820/5409
f 4819/5408 4817/5406 4863/5474
f 1764/1898 1765/1899 1816/1950
f 1816/1950 1765/1899 1821/1955
f 1829/1963 1775/1909 1816/1950
f 1853/1988 4569/5118 4888/5514
f 1891/2037 1824/1958 1882/2022
f 1824/1958 1848/1983 1882/2022
f 4567/5116 4570/5119 4569/5118
f 4569/5118 4570/5119 4571/5121
f 1953/2105 1919/2067 1952/2104
f 4570/5119 4240/4709 4571/5121
f 82/82 84/84 81/81
f 96/96 95/95 105/105
f 101/101 100/100 102/102
f 1057/1133 1056/1132 1592/1705
f 284/284 383/396 102/102
f 102/102 383/396 2433/2649
f 2291/2472 2206/2382 2274/2453
f 2214/2391 2200/2374 2219/2396
f 2219/2396 2195/2369 2226/2403
f 2195/2369 2213/2390 2226/2403
f 2228/2405 4923/5566 2278/2458
f 4923/5565 4818/5407 4820/5409
f 1775/1909 1764/1898 1816/1950
f 1803/1937 1773/1907 1819/1953
f 1773/1907 1789/1923 1819/1953
f 1789/1923 1853/1989 1819/1953
f 1824/1958 1793/1927 1848/1983
f 1793/1927 1775/1909 1829/1963
f 4568/5117 4569/5118 1853/1988
f 1919/2067 1866/2004 1891/2037
f 1953/2105 1905/2053 1919/2067
f 404/426 278/278 276/276
f 537/613 538/614 536/612
f 105/105 95/95 101/101
f 100/100 284/284 102/102
f 1400/1482 995/1071 1592/1705
f 383/396 399/418 2433/2649
f 399/419 2348/2540 2433/2650
f 2348/2540 2350/2542 2291/2472
f 2291/2472 2198/2372 2206/2382
f 2206/2382 2197/2371 2214/2391
f 2197/2371 2200/2374 2214/2391
f 2200/2374 2195/2369 2219/2396
f 2213/2390 2201/2375 2225/2402
f 2201/2375 2192/2366 2225/2402
f 2225/2402 2192/2366 2228/2405
f 2192/2366 2316/2501 2228/2405
f 2228/2405 2316/2501 4923/5566
f 2316/2500 4818/5407 4923/5565
f 4818/5407 4817/5406 4819/5408
f 2873/3154 2660/2901 2756/3001
f 1766/1900 1803/1937 1765/1899
f 1766/1900 1773/1907 1803/1937
f 4568/5117 4567/5116 4569/5118
f 1866/2004 1824/1958 1891/2037
f 1905/2053 1866/2004 1919/2067
f 4139/4603 4188/4653 4122/4585
f 4122/4585 4188/4653 4160/4624
f 4262/4737 449/508 443/497
f 132/132 66/66 67/67
f 66/66 68/68 67/67
f 86/86 77/77 74/74
f 1397/1479 995/1071 1400/1482
f 2350/2542 2246/2424 2291/2472
f 2291/2472 2246/2424 2198/2372
f 2198/2372 2197/2371 2206/2382
f 2174/2348 2172/2346 2195/2369
f 2195/2369 2172/2346 2213/2390
f 2172/2346 2201/2375 2213/2390
f 2316/2500 4924/5567 4818/5407
f 2192/2366 4924/5568 2316/2501
f 4817/5406 4816/5404 2873/3153
f 1793/1927 1774/1908 1775/1909
f 1789/1923 4957/5628 1853/1989
f 4957/5627 4565/5114 4568/5117
f 4957/5627 4568/5117 1853/1988
f 4565/5114 4567/5116 4568/5117
f 4567/5116 4202/4667 4570/5119
f 1605/1726 1944/2094 1953/2105
f 1953/2105 1944/2094 1905/2053
f 4167/4631 4139/4603 4118/4581
f 1144/1220 1605/1725 1594/1708
f 4181/4646 4193/4658 4230/4697
f 278/278 132/132 276/276
f 66/66 72/72 68/68
f 1041/1117 1021/1097 995/1071
f 284/284 285/285 399/418
f 284/284 399/418 383/396
f 399/419 2352/2544 2348/2540
f 2348/2540 2352/2544 2350/2542
f 2197/2371 2163/2337 2200/2374
f 2163/2337 2195/2369 2200/2374
f 2163/2337 2174/2348 2195/2369
f 2172/2346 2173/2347 2201/2375
f 2173/2347 2192/2366 2201/2375
f 4924/5567 4812/5399 4818/5407
f 4812/5399 4817/5406 4818/5407
f 4812/5399 4816/5404 4817/5406
f 4816/5405 2660/2901 2873/3154
f 1764/1898 1728/1861 1765/1899
f 1728/1861 1766/1900 1765/1899
f 1734/1867 1789/1923 1773/1907
f 1792/1926 1774/1908 1793/1927
f 1774/1908 1764/1898 1775/1909
f 1824/1958 1792/1926 1793/1927
f 4315/4805 4202/4667 4567/5116
f 4134/4597 4202/4668 4315/4806
f 4164/4628 4193/4658 4181/4646
f 404/426 449/509 424/461
f 277/277 132/132 278/278
f 72/72 85/85 74/74
f 85/85 86/86 74/74
f 83/83 82/82 77/77
f 91/91 95/95 96/96
f 285/285 411/437 399/418
f 411/438 2352/2544 399/419
f 2352/2544 2351/2543 2350/2542
f 2350/2542 2351/2543 2246/2424
f 2246/2424 2175/2349 2198/2372
f 2175/2349 2197/2371 2198/2372
f 2160/2334 2154/2328 2173/2347
f 2173/2347 2154/2328 2192/2366
f 2154/2328 4934/5587 2192/2366
f 2192/2366 4934/5587 4924/5568
f 4934/5586 4812/5399 4924/5567
f 4816/5405 4983/5678 2660/2901
f 1774/1908 1738/1871 1764/1898
f 1738/1871 1728/1861 1764/1898
f 1718/1851 1773/1907 1766/1900
f 1718/1851 1734/1867 1773/1907
f 1734/1867 4957/5628 1789/1923
f 1792/1926 1782/1916 1774/1908
f 4563/5112 4565/5114 4957/5627
f 1835/1970 1792/1926 1824/1958
f 4565/5114 4566/5115 4567/5116
f 1904/2052 1835/1970 1905/2053
f 1905/2053 1835/1970 1866/2004
f 4566/5115 4315/4805 4567/5116
f 1944/2094 1904/2052 1905/2053
f 4133/4596 4124/4587 4094/4557
f 424/461 277/277 404/426
f 277/277 278/278 404/426
f 64/64 66/66 132/132
f 89/89 83/83 77/77
f 83/83 84/84 82/82
f 84/84 91/91 96/96
f 99/99 101/101 95/95
f 100/100 285/285 284/284
f 1398/1480 1041/1117 1399/1481
f 411/438 2353/2546 2352/2544
f 2351/2543 2327/2514 2246/2424
f 2327/2514 2184/2358 2246/2424
f 2184/2358 2175/2349 2246/2424
f 2175/2349 2142/2316 2197/2371
f 2197/2371 2142/2316 2163/2337
f 2142/2316 2141/2315 2163/2337
f 2163/2337 2141/2315 2174/2348
f 2141/2315 2172/2346 2174/2348
f 2172/2346 2159/2333 2173/2347
f 2159/2333 2160/2334 2173/2347
f 4812/5399 4810/5397 4816/5404
f 1759/1893 1738/1871 1774/1908
f 1728/1861 1719/1852 1766/1900
f 1719/1852 1718/1851 1766/1900
f 1782/1916 1759/1893 1774/1908
f 62/62 132/132 277/277
f 99/99 100/100 101/101
f 1398/1480 930/1006 1041/1117
f 2353/2546 2351/2543 2352/2544
f 2141/2315 2151/2325 2172/2346
f 2151/2325 2159/2333 2172/2346
f 2154/2328 2407/2615 4934/5587
f 4934/5586 2407/2614 4812/5399
f 4811/5398 4810/5397 4812/5399
f 4983/5678 2639/2879 2608/2846
f 4193/4658 4244/4714 449/508
f 66/66 71/71 72/72
f 86/86 89/89 77/77
f 1053/1129 930/1006 1398/1480
f 1402/1484 1053/1129 1398/1480
f 2142/2316 2105/2279 2141/2315
f 2159/2333 2134/2308 2160/2334
f 2134/2308 2154/2328 2160/2334
f 2407/2614 4814/5401 4812/5399
f 4814/5401 4811/5398 4812/5399
f 4810/5397 4803/5387 4816/5404
f 1735/1868 1738/1871 1759/1893
f 1738/1871 1714/1847 1728/1861
f 1734/1867 1886/2029 4957/5628
f 1886/2028 4563/5112 4957/5627
f 1784/1918 1782/1916 1792/1926
f 4566/5115 4214/4680 4315/4805
f 62/62 64/64 132/132
f 72/72 71/71 85/85
f 100/100 283/283 285/285
f 2184/2358 2183/2357 2175/2349
f 2183/2357 2152/2326 2175/2349
f 2152/2326 2142/2316 2175/2349
f 2106/2280 2105/2279 2142/2316
f 2105/2279 2104/2278 2141/2315
f 2104/2278 2151/2325 2141/2315
f 2151/2325 2134/2308 2159/2333
f 1728/1861 1706/1838 1719/1852
f 1706/1838 1718/1851 1719/1852
f 1718/1851 1695/1827 1734/1867
f 1808/1942 1784/1918 1792/1926
f 1784/1918 1763/1897 1782/1916
f 1857/1994 1808/1942 1835/1970
f 1808/1942 1792/1926 1835/1970
f 1904/2052 1857/1994 1835/1970
f 1965/2122 1918/2066 1944/2094
f 1944/2094 1918/2066 1904/2052
f 64/64 65/65 66/66
f 65/65 71/71 66/66
f 90/90 91/91 84/84
f 1402/1484 1395/1477 1053/1129
f 1395/1477 1049/1125 1053/1129
f 2336/2525 2351/2543 2353/2546
f 2336/2525 2199/2373 2351/2543
f 2351/2543 2199/2373 2327/2514
f 2199/2373 2184/2358 2327/2514
f 2184/2358 2199/2373 2183/2357
f 2152/2326 2106/2280 2142/2316
f 2104/2278 2134/2308 2151/2325
f 2134/2308 2143/2317 2154/2328
f 2143/2317 4931/5581 2154/2328
f 2154/2328 4931/5581 2407/2615
f 4931/5580 4814/5401 2407/2614
f 2808/3065 2639/2880 4983/5677
f 1763/1897 1735/1868 1759/1893
f 1735/1868 1714/1847 1738/1871
f 1714/1847 1706/1838 1728/1861
f 1695/1827 1712/1845 1734/1867
f 1712/1845 1886/2029 1734/1867
f 1918/2066 1857/1994 1904/2052
f 2004/2174 1965/2123 1137/1213
f 424/461 63/63 277/277
f 63/63 62/62 277/277
f 83/83 90/90 84/84
f 285/285 283/283 411/437
f 283/283 2389/2591 2353/2545
f 283/283 2353/2545 411/437
f 2389/2592 2336/2525 2353/2546
f 4811/5398 4802/5386 4810/5397
f 4802/5386 4803/5387 4810/5397
f 4563/5112 4562/5111 4565/5114
f 4562/5111 4566/5115 4565/5114
f 100/100 130/130 283/283
f 1396/1478 1064/1140 1049/1125
f 2199/2373 2153/2327 2183/2357
f 2153/2327 2152/2326 2183/2357
f 2041/2215 2134/2308 2104/2278
f 4802/5386 4801/5385 4803/5387
f 4801/5385 2808/3065 4803/5387
f 1714/1847 1684/1816 1706/1838
f 1684/1816 1673/1805 1706/1838
f 1706/1838 1673/1805 1695/1827
f 1695/1827 1674/1806 1712/1845
f 1784/1918 1762/1896 1763/1897
f 1762/1896 1729/1862 1735/1868
f 1762/1896 1735/1868 1763/1897
f 1729/1862 1689/1821 1735/1868
f 1689/1821 1714/1847 1735/1868
f 1711/1843 4943/5600 1712/1845
f 1712/1845 4943/5600 1886/2029
f 4943/5599 4560/5109 4563/5112
f 4943/5599 4563/5112 1886/2028
f 1815/1949 1785/1919 1808/1942
f 1785/1919 1784/1918 1808/1942
f 4560/5109 4562/5111 4563/5112
f 1918/2066 1873/2011 1857/1994
f 439/489 63/63 4244/4715
f 2088/2262 2106/2280 2152/2326
f 2106/2280 2067/2241 2105/2279
f 2105/2279 2067/2241 2104/2278
f 2067/2241 2041/2215 2104/2278
f 2041/2215 2082/2256 2134/2308
f 2082/2256 2143/2317 2134/2308
f 4931/5580 4815/5402 4814/5401
f 4815/5402 4811/5398 4814/5401
f 1674/1806 1711/1843 1712/1845
f 1857/1994 1815/1949 1808/1942
f 4562/5111 4575/5125 4566/5115
f 4575/5125 4843/5440 4566/5115
f 4566/5115 4843/5440 4214/4680
f 99/99 130/130 100/100
f 1309/1391 1481/1567 1396/1478
f 1396/1478 1481/1567 1619/1751
f 1619/1751 1064/1140 1396/1478
f 2336/2525 2285/2465 2199/2373
f 2285/2465 2153/2327 2199/2373
f 2153/2327 2146/2320 2152/2326
f 2088/2262 2067/2241 2106/2280
f 2082/2256 2097/2271 2143/2317
f 2097/2271 4931/5581 2143/2317
f 2097/2271 4815/5403 4931/5581
f 1689/1821 1684/1816 1714/1847
f 1673/1805 1674/1806 1695/1827
f 1785/1919 1762/1896 1784/1918
f 1873/2011 1815/1949 1857/1994
f 1929/2078 1873/2011 1918/2066
f 439/489 387/401 63/63
f 2389/2592 2335/2524 2336/2525
f 2335/2524 2285/2465 2336/2525
f 2285/2465 2221/2398 2153/2327
f 2146/2320 2088/2262 2152/2326
f 2040/2214 2082/2256 2041/2215
f 333/335 2389/2591 283/283
f 2221/2398 2202/2376 2153/2327
f 4815/5402 4813/5400 4811/5398
f 4813/5400 4802/5386 4811/5398
f 1673/1805 1649/1781 1674/1806
f 1649/1781 1711/1843 1674/1806
f 1715/1848 1689/1821 1729/1862
f 4562/5111 4599/5151 4575/5125
f 1929/2078 1872/2010 1873/2011
f 2087/2261 2066/2240 2067/2241
f 2087/2261 2067/2241 2088/2262
f 2067/2241 2039/2213 2041/2215
f 2039/2213 2040/2214 2041/2215
f 2042/2216 2082/2256 2040/2214
f 2042/2216 2097/2271 2082/2256
f 1715/1848 1690/1822 1689/1821
f 1689/1821 1690/1822 1684/1816
f 1690/1822 1683/1815 1684/1816
f 1684/1816 1683/1815 1673/1805
f 1683/1815 1672/1804 1673/1805
f 4991/5694 4943/5599 1711/1844
f 1785/1919 1750/1884 1762/1896
f 1750/1884 1729/1862 1762/1896
f 1750/1884 1715/1848 1729/1862
f 1814/1948 1783/1917 1815/1949
f 1815/1949 1783/1917 1785/1919
f 1872/2010 1834/1969 1873/2011
f 1873/2011 1834/1969 1815/1949
f 1930/2079 1872/2010 1929/2078
f 4137/4600 4063/4526 4843/5441
f 333/335 2333/2521 2389/2591
f 1310/1392 1481/1567 1309/1391
f 2389/2592 2333/2522 2335/2524
f 2333/2522 2334/2523 2335/2524
f 2335/2524 2334/2523 2285/2465
f 2042/2216 2092/2266 2097/2271
f 2092/2266 2361/2556 2097/2271
f 2097/2271 2361/2556 4815/5403
f 2361/2557 4813/5400 4815/5402
f 1672/1804 1648/1780 1673/1805
f 1648/1780 1649/1781 1673/1805
f 1783/1917 1750/1884 1785/1919
f 1834/1969 1814/1948 1815/1949
f 1515/1606 1960/2115 1974/2133
f 1162/1238 1515/1605 2004/2174
f 1619/1751 994/1070 1064/1140
f 2285/2465 2202/2376 2221/2398
f 2202/2376 2128/2302 2153/2327
f 2153/2327 2128/2302 2146/2320
f 2146/2320 2128/2302 2088/2262
f 2128/2302 2087/2261 2088/2262
f 2066/2240 2039/2213 2067/2241
f 2039/2213 2042/2216 2040/2214
f 4991/5694 4922/5564 4943/5599
f 4922/5564 4560/5109 4943/5599
f 88/88 89/89 86/86
f 88/88 83/83 89/89
f 2087/2261 2075/2249 2066/2240
f 1649/1781 1692/1824 1711/1843
f 1692/1824 4991/5693 1711/1843
f 65/65 61/61 71/71
f 87/87 85/85 71/71
f 95/95 98/98 99/99
f 99/99 129/129 130/130
f 2334/2523 2202/2376 2285/2465
f 2036/2210 2042/2216 2039/2213
f 2036/2210 2043/2217 2042/2216
f 2043/2217 2092/2266 2042/2216
f 1688/1820 1683/1815 1690/1822
f 439/489 4336/4842 387/401
f 49/49 62/62 63/63
f 62/62 48/48 64/64
f 48/48 65/65 64/64
f 1097/1173 994/1070 1619/1751
f 283/283 319/319 333/335
f 319/319 2333/2521 333/335
f 2066/2240 2036/2210 2039/2213
f 4813/5400 4799/5383 4802/5386
f 4799/5383 4801/5385 4802/5386
f 1751/1885 1715/1848 1750/1884
f 130/130 282/282 283/283
f 1310/1392 1588/1698 1481/1567
f 2122/2296 2087/2261 2128/2302
f 2122/2296 2102/2276 2087/2261
f 2102/2276 2075/2249 2087/2261
f 2075/2249 2065/2239 2066/2240
f 2065/2239 2036/2210 2066/2240
f 4801/5385 4902/5537 2808/3065
f 1683/1815 1675/1807 1672/1804
f 4560/5109 4558/5107 4562/5111
f 4558/5107 4599/5151 4562/5111
f 4266/4741 4336/4841 439/488
f 61/61 87/87 71/71
f 85/85 58/58 86/86
f 90/90 94/94 91/91
f 129/129 282/282 130/130
f 282/282 319/319 283/283
f 319/319 422/458 2333/2521
f 422/458 2320/2505 2333/2521
f 2320/2506 2332/2520 2333/2522
f 2332/2520 2334/2523 2333/2522
f 2332/2520 2203/2377 2334/2523
f 2334/2523 2203/2377 2202/2376
f 2203/2377 2128/2302 2202/2376
f 1934/2083 1872/2010 1930/2079
f 49/49 48/48 62/62
f 58/58 88/88 86/86
f 94/94 95/95 91/91
f 1648/1780 1647/1779 1649/1781
f 1834/1969 1807/1941 1814/1948
f 1807/1941 1783/1917 1814/1948
f 87/87 58/58 85/85
f 88/88 90/90 83/83
f 98/98 129/129 99/99
f 4799/5383 4800/5384 4801/5385
f 4800/5384 4902/5537 4801/5385
f 1647/1779 1692/1824 1649/1781
f 4991/5694 4909/5548 4922/5564
f 1752/1886 1750/1884 1783/1917
f 4909/5548 4559/5108 4560/5109
f 4909/5548 4560/5109 4922/5564
f 4559/5108 4558/5107 4560/5109
f 88/88 93/93 90/90
f 93/93 94/94 90/90
f 94/94 98/98 95/95
f 1097/1173 993/1069 994/1070
f 2092/2266 2337/2526 2361/2556
f 2337/2527 4813/5400 2361/2557
f 2815/3076 2635/2874 2576/2813
f 1752/1886 1751/1885 1750/1884
f 1751/1885 1739/1872 1715/1848
f 1515/1606 1934/2083 1960/2115
f 48/48 61/61 65/65
f 58/58 59/59 88/88
f 1340/1422 1588/1698 1310/1392
f 2320/2506 2203/2377 2332/2520
f 2203/2377 2138/2312 2128/2302
f 2138/2312 2122/2296 2128/2302
f 2043/2217 2091/2265 2092/2266
f 2091/2265 2337/2526 2092/2266
f 2337/2527 4847/5448 4813/5400
f 4847/5448 4799/5383 4813/5400
f 1688/1820 1675/1807 1683/1815
f 1646/1778 1648/1780 1672/1804
f 4558/5107 4607/5160 4599/5151
f 1934/2083 1925/2074 1872/2010
f 4137/4600 4053/4516 4063/4526
f 94/94 22/22 98/98
f 1340/1422 1620/1752 1588/1698
f 2037/2211 2036/2210 2065/2239
f 2036/2210 2038/2212 2043/2217
f 2059/2233 2091/2265 2043/2217
f 1705/1837 1688/1820 1690/1822
f 1675/1807 1646/1778 1672/1804
f 1646/1778 1647/1779 1648/1780
f 1647/1779 1693/1825 1692/1824
f 1693/1825 4991/5693 1692/1824
f 1871/2009 1834/1969 1872/2010
f 45/45 48/48 49/49
f 61/61 47/47 87/87
f 88/88 92/92 93/93
f 93/93 97/97 94/94
f 97/97 22/22 94/94
f 2038/2212 2044/2218 2043/2217
f 2044/2218 2059/2233 2043/2217
f 1693/1825 1859/1996 4991/5693
f 1859/1997 4909/5548 4991/5694
f 1791/1925 1752/1886 1783/1917
f 1827/1961 1807/1941 1834/1969
f 1807/1941 1791/1925 1783/1917
f 4168/4632 4053/4516 4137/4600
f 135/135 45/45 49/49
f 47/47 61/61 48/48
f 92/92 97/97 93/93
f 422/458 2321/2508 2320/2505
f 2321/2507 2295/2476 2320/2506
f 2295/2476 2203/2377 2320/2506
f 2188/2362 2138/2312 2203/2377
f 1705/1837 1715/1848 1739/1872
f 4266/4741 378/389 4336/4841
f 98/98 131/131 129/129
f 282/282 270/270 319/319
f 2138/2312 2120/2294 2122/2296
f 2122/2296 2101/2275 2102/2276
f 2036/2210 2037/2211 2038/2212
f 1715/1848 1705/1837 1690/1822
f 1752/1886 1739/1872 1751/1885
f 1871/2009 1827/1961 1834/1969
f 59/59 92/92 88/88
f 131/131 282/282 129/129
f 131/131 270/270 282/282
f 319/319 392/408 422/458
f 392/408 2321/2508 422/458
f 2295/2476 2188/2362 2203/2377
f 2101/2275 2075/2249 2102/2276
f 2069/2243 2065/2239 2075/2249
f 1646/1778 1650/1782 1647/1779
f 45/45 47/47 48/48
f 60/60 58/58 87/87
f 270/270 325/325 319/319
f 325/325 392/408 319/319
f 2120/2294 2101/2275 2122/2296
f 1676/1808 1646/1778 1675/1807
f 58/58 57/57 59/59
f 57/57 25/25 59/59
f 2069/2243 2037/2211 2065/2239
f 1650/1782 1651/1783 1647/1779
f 1791/1925 1772/1906 1752/1886
f 1827/1961 1791/1925 1807/1941
f 4558/5107 4303/4790 4607/5160
f 4125/4588 4053/4516 4168/4632
f 47/47 60/60 87/87
f 59/59 25/25 92/92
f 92/92 22/22 97/97
f 22/22 131/131 98/98
f 1086/1162 993/1069 1097/1173
f 2253/2431 2188/2362 2295/2476
f 2101/2275 2069/2243 2075/2249
f 4125/4588 4054/4517 4053/4516
f 45/45 46/46 47/47
f 57/57 58/58 60/60
f 92/92 25/25 22/22
f 392/407 2328/2515 2321/2507
f 2328/2515 2253/2431 2321/2507
f 2321/2507 2253/2431 2295/2476
f 1688/1820 1676/1808 1675/1807
f 4557/5106 4558/5107 4559/5108
f 4267/4742 4319/4813 4266/4741
f 4266/4741 4319/4813 378/389
f 46/46 60/60 47/47
f 55/55 57/57 60/60
f 2188/2362 2121/2295 2138/2312
f 2121/2295 2120/2294 2138/2312
f 4800/5384 4917/5557 4902/5537
f 1691/1823 1688/1820 1705/1837
f 1651/1783 1693/1825 1647/1779
f 1772/1906 1744/1877 1752/1886
f 1744/1877 1739/1872 1752/1886
f 1870/2008 1827/1961 1871/2009
f 50/50 46/46 45/45
f 57/57 24/24 25/25
f 19/19 23/23 25/25
f 23/23 22/22 25/25
f 325/325 385/399 392/408
f 385/398 2328/2515 392/407
f 1691/1823 1676/1808 1688/1820
f 1676/1808 1671/1803 1646/1778
f 1826/1960 1791/1925 1827/1961
f 1906/2054 1870/2008 1871/2009
f 135/135 133/133 45/45
f 55/55 56/56 57/57
f 56/56 24/24 57/57
f 24/24 19/19 25/25
f 2253/2431 2187/2361 2188/2362
f 2091/2265 2300/2482 2337/2526
f 2300/2481 4847/5448 2337/2527
f 1790/1924 1772/1906 1791/1925
f 4557/5106 4554/5103 4558/5107
f 1870/2008 1826/1960 1827/1961
f 4554/5103 4303/4790 4558/5107
f 1957/2111 1925/2074 1934/2083
f 4799/5383 4798/5382 4800/5384
f 4798/5382 4917/5557 4800/5384
f 1671/1803 1650/1782 1646/1778
f 1744/1877 1705/1837 1739/1872
f 133/133 50/50 45/45
f 2328/2515 2252/2430 2253/2431
f 2187/2361 2121/2295 2188/2362
f 2121/2295 2119/2293 2120/2294
f 2119/2293 2084/2258 2101/2275
f 2119/2293 2101/2275 2120/2294
f 2101/2275 2084/2258 2069/2243
f 2084/2258 2068/2242 2069/2243
f 1713/1846 1691/1823 1705/1837
f 1859/1997 4963/5637 4909/5548
f 1744/1877 1713/1846 1705/1837
f 4963/5637 4561/5110 4909/5548
f 1957/2111 1906/2054 1925/2074
f 134/134 133/133 135/135
f 46/46 53/53 60/60
f 53/53 55/55 60/60
f 2252/2430 2187/2361 2253/2431
f 2068/2242 2037/2211 2069/2243
f 2045/2219 2038/2212 2037/2211
f 2300/2481 4848/5449 4847/5448
f 4848/5449 4799/5383 4847/5448
f 52/52 53/53 46/46
f 271/271 324/324 270/270
f 270/270 324/324 325/325
f 1394/1476 1621/1753 1340/1422
f 1340/1422 1621/1753 1620/1752
f 324/324 385/399 325/325
f 2068/2242 2045/2219 2037/2211
f 2059/2233 2089/2263 2091/2265
f 2089/2263 2300/2482 2091/2265
f 1653/1785 1682/1814 1651/1783
f 1682/1814 1693/1825 1651/1783
f 136/136 270/270 131/131
f 1086/1162 992/1068 993/1069
f 2252/2430 2217/2394 2187/2361
f 2133/2307 2119/2293 2121/2295
f 2044/2218 2033/2207 2059/2233
f 2033/2207 2089/2263 2059/2233
f 1677/1809 1671/1803 1676/1808
f 1671/1803 1652/1784 1650/1782
f 1652/1784 1651/1783 1650/1782
f 1682/1814 1731/1864 1693/1825
f 1731/1864 1859/1996 1693/1825
f 136/136 271/271 270/270
f 2187/2361 2133/2307 2121/2295
f 2083/2257 2068/2242 2084/2258
f 2038/2212 2033/2207 2044/2218
f 4848/5449 4795/5379 4799/5383
f 4795/5379 4798/5382 4799/5383
f 1713/1846 1703/1835 1691/1823
f 1703/1835 1677/1809 1691/1823
f 1677/1809 1676/1808 1691/1823
f 1772/1906 1745/1878 1744/1877
f 4229/4696 4292/4773 4267/4742
f 4267/4742 4292/4773 4319/4813
f 1085/1161 992/1068 1086/1162
f 2045/2219 2032/2206 2038/2212
f 2032/2206 2033/2207 2038/2212
f 2815/3076 2636/2875 2635/2874
f 1745/1878 1713/1846 1744/1877
f 26/26 19/19 24/24
f 19/19 18/18 23/23
f 21/21 22/22 23/23
f 324/324 2410/2619 385/399
f 2410/2620 2328/2515 385/398
f 2816/3078 2636/2875 2815/3076
f 1677/1809 1652/1784 1671/1803
f 50/50 52/52 46/46
f 22/22 136/136 131/131
f 1731/1864 4995/5701 1859/1996
f 4995/5700 4963/5637 1859/1997
f 56/56 26/26 24/24
f 2217/2394 2185/2359 2187/2361
f 2185/2359 2133/2307 2187/2361
f 2031/2205 2034/2208 2033/2207
f 2034/2208 2089/2263 2033/2207
f 1907/2055 1870/2008 1906/2054
f 2032/2206 2031/2205 2033/2207
f 1653/1785 1651/1783 1652/1784
f 1957/2111 1907/2055 1906/2054
f 2410/2620 2329/2516 2328/2515
f 2329/2516 2252/2430 2328/2515
f 2254/2432 2217/2394 2252/2430
f 2132/2306 2119/2293 2133/2307
f 2118/2292 2084/2258 2119/2293
f 2034/2208 2090/2264 2089/2263
f 2090/2264 2300/2482 2089/2263
f 4795/5379 4794/5378 4798/5382
f 4794/5378 4917/5557 4798/5382
f 4561/5110 4555/5104 4557/5106
f 4229/4696 4291/4771 4292/4773
f 13/13 136/136 22/22
f 2132/2306 2118/2292 2119/2293
f 2085/2259 2083/2257 2084/2258
f 2030/2204 2032/2206 2045/2219
f 1725/1858 1703/1835 1713/1846
f 1745/1878 1725/1858 1713/1846
f 1826/1960 1790/1924 1791/1925
f 43/43 133/133 134/134
f 18/18 21/21 23/23
f 21/21 13/13 22/22
f 2185/2359 2132/2306 2133/2307
f 4963/5637 4564/5113 4561/5110
f 4564/5113 4555/5104 4561/5110
f 50/50 51/51 52/52
f 2118/2292 2085/2259 2084/2258
f 2085/2259 2051/2225 2083/2257
f 2083/2257 2051/2225 2068/2242
f 2051/2225 2045/2219 2068/2242
f 4794/5378 4928/5574 4917/5557
f 4238/4706 4291/4771 4229/4696
f 43/43 51/51 133/133
f 133/133 51/51 50/50
f 2051/2225 2046/2220 2045/2219
f 2046/2220 2030/2204 2045/2219
f 1703/1835 1680/1812 1677/1809
f 1678/1810 1652/1784 1677/1809
f 1678/1810 1654/1786 1652/1784
f 1654/1786 1653/1785 1652/1784
f 1760/1894 1772/1906 1790/1924
f 4554/5103 4302/4788 4303/4790
f 26/26 20/20 19/19
f 14/14 16/16 21/21
f 16/16 13/13 21/21
f 136/136 13/13 271/271
f 324/324 2409/2617 2410/2619
f 2409/2618 2329/2516 2410/2620
f 1951/2103 1907/2055 1957/2111
f 52/52 40/40 53/53
f 17/17 18/18 19/19
f 18/18 14/14 21/21
f 1085/1161 991/1067 992/1068
f 271/271 326/326 324/324
f 326/326 2409/2617 324/324
f 2329/2516 2254/2432 2252/2430
f 2030/2204 2031/2205 2032/2206
f 1680/1812 1678/1810 1677/1809
f 1654/1786 1655/1787 1653/1785
f 1655/1787 1656/1788 1653/1785
f 1656/1788 1682/1814 1653/1785
f 1760/1894 1745/1878 1772/1906
f 54/54 56/56 55/55
f 56/56 20/20 26/26
f 20/20 17/17 19/19
f 17/17 14/14 18/18
f 14/14 15/15 16/16
f 1392/1474 1622/1754 1394/1476
f 1394/1476 1622/1754 1621/1753
f 2123/2297 2118/2292 2132/2306
f 1825/1959 1790/1924 1826/1960
f 54/54 55/55 53/53
f 54/54 27/27 56/56
f 1084/1160 991/1067 1085/1161
f 2185/2359 2145/2319 2132/2306
f 2145/2319 2123/2297 2132/2306
f 2035/2209 2034/2208 2031/2205
f 2300/2481 4797/5381 4848/5449
f 4797/5381 4795/5379 4848/5449
f 1724/1857 1725/1858 1745/1878
f 1908/2056 1869/2007 1907/2055
f 1907/2055 1869/2007 1870/2008
f 4556/5105 4302/4788 4554/5103
f 51/51 40/40 52/52
f 40/40 54/54 53/53
f 15/15 13/13 16/16
f 2254/2432 2186/2360 2217/2394
f 2186/2360 2185/2359 2217/2394
f 2118/2292 2077/2251 2085/2259
f 2085/2259 2086/2260 2051/2225
f 1682/1814 1730/1863 1731/1864
f 1730/1863 4995/5701 1731/1864
f 4995/5700 4564/5113 4963/5637
f 1597/1713 1951/2103 1957/2111
f 27/27 5/5 56/56
f 56/56 5/5 20/20
f 5/5 17/17 20/20
f 9/9 14/14 17/17
f 9/9 15/15 14/14
f 2123/2297 2077/2251 2118/2292
f 2077/2251 2086/2260 2085/2259
f 2637/2876 2636/2875 2816/3078
f 1656/1788 1730/1863 1682/1814
f 4564/5113 4577/5127 4555/5104
f 4080/4543 4101/4564 4083/4546
f 4291/4770 41/41 43/43
f 43/43 42/42 51/51
f 42/42 40/40 51/51
f 31/31 54/54 40/40
f 11/11 13/13 15/15
f 13/13 12/12 271/271
f 2186/2360 2145/2319 2185/2359
f 2030/2204 2035/2209 2031/2205
f 2090/2264 4944/5602 2300/2482
f 4944/5601 4797/5381 2300/2481
f 1679/1811 1654/1786 1678/1810
f 4577/5127 4576/5126 4555/5104
f 4220/4687 4238/4706 4196/4661
f 41/41 42/42 43/43
f 2249/2427 2186/2360 2254/2432
f 2047/2221 2030/2204 2046/2220
f 2034/2208 2093/2267 2090/2264
f 2093/2267 4944/5602 2090/2264
f 1702/1834 1680/1812 1703/1835
f 1680/1812 1679/1811 1678/1810
f 1730/1863 4998/5706 4995/5701
f 4998/5707 4564/5113 4995/5700
f 1951/2103 1908/2056 1907/2055
f 9/9 8/8 15/15
f 12/12 326/326 271/271
f 2086/2260 2050/2224 2051/2225
f 1725/1858 1702/1834 1703/1835
f 1679/1811 1633/1765 1654/1786
f 1633/1765 1655/1787 1654/1786
f 17/17 7/7 9/9
f 12/12 330/332 326/326
f 330/332 2409/2617 326/326
f 2047/2221 2046/2220 2051/2225
f 2035/2209 2060/2234 2034/2208
f 2060/2234 2093/2267 2034/2208
f 4797/5381 4793/5377 4795/5379
f 4793/5377 4794/5378 4795/5379
f 4252/4724 41/41 4291/4770
f 38/38 40/40 42/42
f 38/38 39/39 40/40
f 11/11 12/12 13/13
f 330/332 412/440 2409/2617
f 2409/2618 412/439 2329/2516
f 412/439 2254/2432 2329/2516
f 2047/2221 2035/2209 2030/2204
f 1760/1894 1724/1857 1745/1878
f 39/39 31/31 40/40
f 54/54 29/29 27/27
f 7/7 8/8 9/9
f 8/8 11/11 15/15
f 1080/1156 991/1067 1084/1160
f 1392/1474 1623/1755 1622/1754
f 2050/2224 2047/2221 2051/2225
f 1825/1959 1802/1936 1790/1924
f 1802/1936 1781/1915 1790/1924
f 5/5 7/7 17/17
f 1393/1475 1623/1755 1392/1474
f 412/439 2249/2427 2254/2432
f 2124/2298 2078/2252 2077/2251
f 2124/2298 2077/2251 2123/2297
f 2077/2251 2050/2224 2086/2260
f 1724/1857 1702/1834 1725/1858
f 10/10 12/12 11/11
f 138/138 330/332 12/12
f 2186/2360 2144/2318 2145/2319
f 2144/2318 2124/2298 2145/2319
f 2145/2319 2124/2298 2123/2297
f 2048/2222 2060/2234 2035/2209
f 4998/5707 4903/5538 4564/5113
f 41/41 37/37 42/42
f 29/29 28/28 27/27
f 27/27 28/28 5/5
f 5/5 4/4 7/7
f 8/8 10/10 11/11
f 2047/2221 2029/2203 2035/2209
f 1897/2043 1869/2007 1908/2056
f 4604/5157 4302/4788 4556/5105
f 1951/2103 1897/2043 1908/2056
f 4253/4726 41/41 4252/4724
f 31/31 29/29 54/54
f 5/5 6/6 4/4
f 2048/2222 2093/2267 2060/2234
f 4794/5378 4927/5572 4928/5574
f 1655/1787 1657/1789 1656/1788
f 1656/1788 1732/1865 1730/1863
f 1732/1865 4998/5706 1730/1863
f 4/4 8/8 7/7
f 2249/2427 2190/2364 2186/2360
f 2190/2364 2144/2318 2186/2360
f 1701/1833 1631/1763 1702/1834
f 1702/1834 1631/1763 1680/1812
f 1680/1812 1631/1763 1679/1811
f 1080/1156 990/1066 991/1067
f 330/332 413/441 412/440
f 2077/2251 2078/2252 2050/2224
f 2078/2252 2049/2223 2050/2224
f 4793/5377 4792/5376 4794/5378
f 4792/5376 4927/5572 4794/5378
f 4903/5538 4577/5127 4564/5113
f 28/28 6/6 5/5
f 4/4 3/3 8/8
f 3/3 10/10 8/8
f 10/10 138/138 12/12
f 413/442 2330/2517 412/439
f 2330/2517 2249/2427 412/439
f 2029/2203 2048/2222 2035/2209
f 2048/2222 2099/2273 2093/2267
f 2099/2273 4944/5602 2093/2267
f 1724/1857 1701/1833 1702/1834
f 1632/1764 1655/1787 1633/1765
f 1657/1789 1681/1813 1656/1788
f 1681/1813 1732/1865 1656/1788
f 1760/1894 1756/1890 1724/1857
f 4253/4726 4251/4722 41/41
f 4251/4722 37/37 41/41
f 37/37 38/38 42/42
f 2144/2318 2125/2299 2124/2298
f 137/137 138/138 10/10
f 1631/1763 1633/1765 1679/1811
f 1632/1764 1657/1789 1655/1787
f 1781/1915 1756/1890 1760/1894
f 38/38 34/34 39/39
f 30/30 28/28 29/29
f 139/139 330/332 138/138
f 2330/2517 2250/2428 2249/2427
f 2250/2428 2190/2364 2249/2427
f 2050/2224 2029/2203 2047/2221
f 2029/2203 2028/2202 2048/2222
f 2028/2202 2026/2200 2048/2222
f 4797/5381 4791/5375 4793/5377
f 4791/5375 4792/5376 4793/5377
f 1811/1945 1802/1936 1825/1959
f 146/146 4/4 6/6
f 139/139 337/339 330/332
f 337/339 413/441 330/332
f 2250/2428 2189/2363 2190/2364
f 2125/2299 2078/2252 2124/2298
f 2049/2223 2027/2201 2050/2224
f 2027/2201 2029/2203 2050/2224
f 2099/2273 4935/5589 4944/5602
f 4935/5588 4797/5381 4944/5601
f 1723/1856 1701/1833 1724/1857
f 4604/5157 4297/4779 4302/4788
f 39/39 32/32 31/31
f 30/30 29/29 31/31
f 28/28 147/147 6/6
f 2026/2200 2099/2273 2048/2222
f 1631/1763 1632/1764 1633/1765
f 1632/1764 1658/1790 1657/1789
f 1756/1890 1723/1856 1724/1857
f 1958/2112 1951/2103 1597/1713
f 37/37 35/35 38/38
f 35/35 34/34 38/38
f 39/39 34/34 32/32
f 149/149 147/147 28/28
f 147/147 146/146 6/6
f 3/3 2/2 10/10
f 1080/1156 952/1028 990/1066
f 2027/2201 2028/2202 2029/2203
f 1659/1791 1681/1813 1657/1789
f 1701/1833 1638/1770 1631/1763
f 1840/1975 1811/1945 1825/1959
f 1811/1945 1780/1914 1802/1936
f 1898/2044 1840/1975 1897/2043
f 1897/2043 1840/1975 1869/2007
f 1869/2007 1840/1975 1825/1959
f 1958/2112 1898/2044 1897/2043
f 1958/2112 1897/2043 1951/2103
f 1507/1597 1506/1596 1597/1712
f 32/32 30/30 31/31
f 30/30 149/149 28/28
f 4/4 1/1 3/3
f 137/137 139/139 138/138
f 2144/2318 2126/2300 2125/2299
f 2078/2252 2076/2250 2049/2223
f 4935/5588 4796/5380 4797/5381
f 4796/5380 4791/5375 4797/5381
f 1697/1829 1638/1770 1701/1833
f 1658/1790 1659/1791 1657/1789
f 1780/1914 1781/1915 1802/1936
f 4876/5496 4577/5127 4903/5538
f 44/44 36/36 37/37
f 44/44 37/37 4251/4722
f 1/1 4/4 146/146
f 1/1 144/144 2/2
f 1/1 2/2 3/3
f 2189/2363 2144/2318 2190/2364
f 2076/2250 2078/2252 2125/2299
f 2025/2199 2026/2200 2028/2202
f 1780/1914 1756/1890 1781/1915
f 4876/5496 4578/5128 4577/5127
f 4578/5128 4576/5126 4577/5127
f 33/33 32/32 34/34
f 2126/2300 2076/2250 2125/2299
f 2024/2198 2025/2199 2028/2202
f 2012/2186 2099/2273 2026/2200
f 1723/1856 1697/1829 1701/1833
f 1634/1766 1658/1790 1632/1764
f 1732/1865 4999/5708 4998/5706
f 4999/5709 4903/5538 4998/5707
f 4272/4747 269/269 4251/4722
f 269/269 44/44 4251/4722
f 10/10 2/2 137/137
f 1393/1475 1624/1756 1623/1755
f 36/36 35/35 37/37
f 1391/1473 1624/1756 1393/1475
f 2189/2363 2113/2287 2144/2318
f 2113/2287 2126/2300 2144/2318
f 2049/2223 2024/2198 2027/2201
f 2024/2198 2028/2202 2027/2201
f 2012/2186 2100/2274 2099/2273
f 2100/2274 4935/5589 2099/2273
f 1631/1763 1634/1766 1632/1764
f 1089/1165 952/1028 1080/1156
f 2330/2517 2251/2429 2250/2428
f 2251/2429 2189/2363 2250/2428
f 2025/2199 2012/2186 2026/2200
f 4999/5709 4876/5496 4903/5538
f 4578/5128 4579/5129 4576/5126
f 35/35 33/33 34/34
f 145/145 1/1 146/146
f 140/140 139/139 137/137
f 139/139 338/340 337/339
f 338/340 413/441 337/339
f 413/442 2331/2518 2330/2517
f 2331/2518 2251/2429 2330/2517
f 2566/2803 2565/2802 2637/2876
f 1638/1770 1635/1767 1631/1763
f 1635/1767 1634/1766 1631/1763
f 145/145 146/146 147/147
f 145/145 144/144 1/1
f 2/2 140/140 137/137
f 1089/1165 946/1022 952/1028
f 2076/2250 2018/2192 2049/2223
f 2018/2192 2024/2198 2049/2223
f 149/149 148/148 147/147
f 338/340 2331/2519 413/441
f 2113/2287 2076/2250 2126/2300
f 1755/1889 1723/1856 1756/1890
f 4603/5156 4297/4779 4604/5157
f 148/148 145/145 147/147
f 144/144 143/143 2/2
f 2113/2287 2094/2268 2076/2250
f 2094/2268 2018/2192 2076/2250
f 2024/2198 2012/2186 2025/2199
f 1722/1855 1697/1829 1723/1856
f 1755/1889 1722/1855 1723/1856
f 1898/2044 1874/2012 1840/1975
f 1874/2012 1812/1946 1840/1975
f 2251/2429 2196/2370 2189/2363
f 2196/2370 2113/2287 2189/2363
f 2018/2192 2017/2191 2024/2198
f 2017/2191 2016/2190 2024/2198
f 1779/1913 1755/1889 1780/1914
f 1780/1914 1755/1889 1756/1890
f 1812/1946 1811/1945 1840/1975
f 1811/1945 1779/1913 1780/1914
f 1958/2112 1914/2062 1898/2044
f 2331/2518 2280/2460 2251/2429
f 2016/2190 2012/2186 2024/2198
f 1696/1828 1638/1770 1697/1829
f 1658/1790 1660/1792 1659/1791
f 1661/1793 1681/1813 1659/1791
f 1812/1946 1779/1913 1811/1945
f 4603/5156 4298/4781 4297/4779
f 4075/4538 4113/4576 4099/4562
f 35/35 36/36 33/33
f 30/30 150/150 149/149
f 141/141 338/340 139/139
f 1391/1473 1596/1711 1624/1756
f 2280/2460 2196/2370 2251/2429
f 2016/2190 2010/2184 2012/2186
f 1722/1855 1696/1828 1697/1829
f 1634/1766 1660/1792 1658/1790
f 1732/1865 4989/5689 4999/5708
f 4989/5690 4876/5496 4999/5709
f 1968/2126 1914/2062 1958/2112
f 4277/4754 328/329 4272/4748
f 151/151 150/150 30/30
f 150/150 148/148 149/149
f 148/148 181/181 145/145
f 145/145 181/181 144/144
f 142/142 140/140 2/2
f 2012/2186 2098/2272 2100/2274
f 2098/2272 4935/5589 2100/2274
f 1660/1792 1661/1793 1659/1791
f 44/44 158/158 36/36
f 32/32 151/151 30/30
f 181/181 143/143 144/144
f 143/143 142/142 2/2
f 140/140 141/141 139/139
f 1089/1165 972/1048 946/1022
f 1331/1413 1596/1711 1391/1473
f 2322/2509 2280/2460 2331/2518
f 2094/2268 2079/2253 2018/2192
f 2098/2272 2385/2586 4935/5589
f 2385/2587 4796/5380 4935/5588
f 4792/5376 2797/3050 4927/5572
f 1681/1813 1733/1866 1732/1865
f 1733/1866 4989/5689 1732/1865
f 269/269 158/158 44/44
f 158/158 154/154 36/36
f 1090/1166 972/1048 1089/1165
f 2196/2370 2129/2303 2113/2287
f 2114/2288 2079/2253 2113/2287
f 2113/2287 2079/2253 2094/2268
f 1638/1770 1637/1769 1635/1767
f 1661/1793 1664/1796 1681/1813
f 1664/1796 1733/1866 1681/1813
f 152/152 32/32 33/33
f 180/180 181/181 148/148
f 181/181 183/183 143/143
f 338/340 447/504 2331/2519
f 447/505 2322/2509 2331/2518
f 2322/2509 2281/2461 2280/2460
f 2129/2303 2114/2288 2113/2287
f 2010/2184 2011/2185 2012/2186
f 2011/2185 2098/2272 2012/2186
f 1635/1767 1636/1768 1634/1766
f 4875/5495 4578/5128 4876/5496
f 1812/1946 1794/1928 1779/1913
f 36/36 153/153 33/33
f 153/153 152/152 33/33
f 152/152 151/151 32/32
f 151/151 177/177 150/150
f 179/179 148/148 150/150
f 142/142 141/141 140/140
f 1636/1768 1660/1792 1634/1766
f 4286/4764 328/329 4277/4754
f 154/154 153/153 36/36
f 177/177 179/179 150/150
f 179/179 180/180 148/148
f 180/180 182/182 181/181
f 2015/2189 2017/2191 2018/2192
f 4791/5375 4789/5372 4792/5376
f 4789/5372 2797/3050 4792/5376
f 1637/1769 1636/1768 1635/1767
f 4989/5690 4875/5495 4876/5496
f 1813/1947 1794/1928 1812/1946
f 1874/2012 1813/1947 1812/1946
f 157/157 154/154 158/158
f 191/191 338/340 141/141
f 2281/2461 2196/2370 2280/2460
f 2079/2253 2019/2193 2018/2192
f 2015/2189 2016/2190 2017/2191
f 182/182 183/183 181/181
f 183/183 142/142 143/143
f 1091/1167 972/1048 1090/1166
f 2081/2255 2019/2193 2079/2253
f 1726/1859 1696/1828 1722/1855
f 1696/1828 1637/1769 1638/1770
f 1779/1913 1757/1891 1755/1889
f 1757/1891 1722/1855 1755/1889
f 4286/4764 4326/4825 328/329
f 2115/2289 2114/2288 2129/2303
f 2385/2587 4788/5371 4796/5380
f 4788/5371 4791/5375 4796/5380
f 1794/1928 1778/1912 1779/1913
f 1778/1912 1757/1891 1779/1913
f 1757/1891 1726/1859 1722/1855
f 4224/4691 4263/4738 4243/4713
f 183/183 189/189 142/142
f 142/142 191/191 141/141
f 1330/1412 1595/1710 1331/1413
f 1331/1413 1595/1710 1596/1711
f 2196/2370 2135/2309 2129/2303
f 2135/2309 2115/2289 2129/2303
f 1663/1795 1664/1796 1661/1793
f 4603/5156 4299/4784 4298/4781
f 175/175 177/177 151/151
f 185/185 182/182 180/180
f 1091/1167 927/1003 972/1048
f 191/191 339/341 338/340
f 339/341 447/504 338/340
f 2115/2289 2081/2255 2079/2253
f 2115/2289 2079/2253 2114/2288
f 2019/2193 2015/2189 2018/2192
f 2014/2188 2010/2184 2016/2190
f 1636/1768 1662/1794 1660/1792
f 1660/1792 1662/1794 1661/1793
f 152/152 176/176 151/151
f 176/176 175/175 151/151
f 183/183 188/188 189/189
f 189/189 190/190 142/142
f 2020/2194 2016/2190 2015/2189
f 2011/2185 2107/2281 2098/2272
f 2107/2281 2385/2586 2098/2272
f 1968/2126 1949/2101 1914/2062
f 190/190 191/191 142/142
f 2281/2461 2212/2389 2196/2370
f 2135/2309 2130/2304 2115/2289
f 2020/2194 2014/2188 2016/2190
f 2010/2184 2013/2187 2011/2185
f 2013/2187 2107/2281 2011/2185
f 2797/3051 2527/2764 2566/2803
f 4044/4507 4033/4496 4032/4495
f 184/184 183/183 182/182
f 447/505 2323/2510 2322/2509
f 2323/2510 2282/2462 2322/2509
f 2322/2509 2282/2462 2281/2461
f 2019/2193 2020/2194 2015/2189
f 2014/2188 2013/2187 2010/2184
f 160/160 157/157 158/158
f 185/185 184/184 182/182
f 2212/2389 2135/2309 2196/2370
f 2107/2281 2398/2603 2385/2586
f 2398/2604 4788/5371 2385/2587
f 1662/1794 1663/1795 1661/1793
f 1664/1796 1716/1849 1733/1866
f 1716/1849 4989/5689 1733/1866
f 1894/2040 1836/1971 1874/2012
f 1836/1971 1813/1947 1874/2012
f 1949/2101 1894/2040 1914/2062
f 1215/1292 1626/1758 1286/1368
f 1215/1292 1286/1368 1124/1200
f 4286/4764 4332/4833 4326/4825
f 178/178 179/179 177/177
f 184/184 188/188 183/183
f 2282/2462 2212/2389 2281/2461
f 2081/2255 2023/2197 2019/2193
f 4788/5371 4787/5370 4791/5375
f 4787/5370 4789/5372 4791/5375
f 1716/1849 1890/2035 4989/5689
f 1890/2036 4875/5495 4989/5690
f 1795/1929 1778/1912 1794/1928
f 1778/1912 1758/1892 1757/1891
f 4264/4739 4332/4833 4286/4764
f 179/179 185/185 180/180
f 190/190 192/192 191/191
f 192/192 339/341 191/191
f 1726/1859 1698/1830 1696/1828
f 1698/1830 1640/1772 1696/1828
f 1639/1771 1636/1768 1637/1769
f 1758/1892 1726/1859 1757/1891
f 1813/1947 1810/1944 1794/1928
f 173/173 176/176 152/152
f 4789/5372 2817/3080 2797/3050
f 1696/1828 1640/1772 1637/1769
f 1836/1971 1810/1944 1813/1947
f 1810/1944 1795/1929 1794/1928
f 1976/2136 1949/2101 1968/2126
f 153/153 173/173 152/152
f 175/175 178/178 177/177
f 192/192 340/342 339/341
f 340/342 447/504 339/341
f 1727/1860 1698/1830 1726/1859
f 1640/1772 1639/1771 1637/1769
f 1639/1771 1662/1794 1636/1768
f 1663/1795 1716/1849 1664/1796
f 1890/2036 4941/5596 4875/5495
f 1758/1892 1727/1860 1726/1859
f 155/155 153/153 154/154
f 178/178 263/263 179/179
f 189/189 193/193 190/190
f 340/342 459/528 447/504
f 459/529 2323/2510 447/505
f 2080/2254 2023/2197 2081/2255
f 2014/2188 2058/2232 2013/2187
f 4284/4762 4332/4833 4264/4739
f 155/155 173/173 153/153
f 1330/1412 1572/1675 1595/1710
f 2212/2389 2150/2324 2135/2309
f 2150/2324 2130/2304 2135/2309
f 2115/2289 2080/2254 2081/2255
f 263/263 185/185 179/179
f 2150/2324 2116/2290 2130/2304
f 2116/2290 2080/2254 2115/2289
f 2052/2226 2014/2188 2020/2194
f 1667/1799 1662/1794 1639/1771
f 1662/1794 1665/1797 1663/1795
f 4224/4691 4245/4716 4264/4739
f 193/193 192/192 190/190
f 4578/5128 4581/5131 4579/5129
f 160/160 159/159 157/157
f 185/185 186/186 184/184
f 2019/2193 2021/2195 2020/2194
f 2021/2195 2052/2226 2020/2194
f 2052/2226 2053/2227 2014/2188
f 2013/2187 2108/2282 2107/2281
f 2108/2282 2398/2603 2107/2281
f 1640/1772 1641/1773 1639/1771
f 4941/5596 4580/5130 4875/5495
f 4580/5130 4578/5128 4875/5495
f 176/176 173/173 175/175
f 263/263 262/262 185/185
f 184/184 187/187 188/188
f 2323/2510 2283/2463 2282/2462
f 2053/2227 2058/2232 2014/2188
f 2108/2282 4781/5364 2398/2603
f 4781/5363 4788/5371 2398/2604
f 1698/1830 1642/1774 1640/1772
f 173/173 174/174 175/175
f 175/175 174/174 178/178
f 262/262 186/186 185/185
f 1337/1419 1404/1486 1572/1675
f 1337/1419 1572/1675 1330/1412
f 4789/5372 4790/5373 2817/3080
f 1641/1773 1667/1799 1639/1771
f 1667/1799 1665/1797 1662/1794
f 1795/1929 1777/1911 1778/1912
f 1777/1911 1758/1892 1778/1912
f 1753/1887 1727/1860 1758/1892
f 1949/2101 1896/2042 1894/2040
f 186/186 187/187 184/184
f 187/187 197/197 189/189
f 187/187 189/189 188/188
f 189/189 197/197 193/193
f 2283/2463 2212/2389 2282/2462
f 2023/2197 2022/2196 2019/2193
f 2022/2196 2021/2195 2019/2193
f 2058/2232 2061/2235 2013/2187
f 2061/2235 2108/2282 2013/2187
f 1720/1853 1698/1830 1727/1860
f 1642/1774 1641/1773 1640/1772
f 1777/1911 1753/1887 1758/1892
f 1894/2040 1864/2002 1836/1971
f 1864/2002 1823/1957 1836/1971
f 157/157 156/156 154/154
f 156/156 155/155 154/154
f 193/193 194/194 192/192
f 194/194 340/342 192/192
f 2283/2463 2211/2388 2212/2389
f 1699/1831 1642/1774 1698/1830
f 1665/1797 1666/1798 1663/1795
f 1666/1798 1716/1849 1663/1795
f 1836/1971 1823/1957 1810/1944
f 4588/5140 4299/4784 4603/5156
f 4284/4762 393/410 4332/4833
f 159/159 156/156 157/157
f 174/174 262/262 178/178
f 178/178 262/262 263/263
f 262/262 203/203 186/186
f 203/203 198/198 186/186
f 198/198 187/187 186/186
f 1586/1695 934/1010 1091/1167
f 1091/1167 934/1010 927/1003
f 459/529 2324/2511 2323/2510
f 2211/2388 2150/2324 2212/2389
f 4781/5363 4786/5369 4788/5371
f 4786/5369 4787/5370 4788/5371
f 1720/1853 1699/1831 1698/1830
f 1823/1957 1796/1930 1810/1944
f 1796/1930 1795/1929 1810/1944
f 1896/2042 1864/2002 1894/2040
f 4787/5370 4785/5368 4789/5372
f 4785/5368 4790/5373 4789/5372
f 1667/1799 1666/1798 1665/1797
f 1796/1930 1777/1911 1795/1929
f 1753/1887 1720/1853 1727/1860
f 4580/5130 4581/5131 4578/5128
f 1976/2136 1587/1696 1949/2101
f 1587/1696 1896/2042 1949/2101
f 161/161 159/159 160/160
f 156/156 166/166 155/155
f 155/155 166/166 173/173
f 172/172 174/174 173/173
f 2324/2511 2283/2463 2323/2510
f 2150/2324 2131/2305 2116/2290
f 2131/2305 2117/2291 2116/2290
f 2117/2291 2080/2254 2116/2290
f 1642/1774 1643/1775 1641/1773
f 1641/1773 1643/1775 1667/1799
f 198/198 197/197 187/187
f 196/196 193/193 197/197
f 340/342 2406/2612 459/528
f 2406/2613 2324/2511 459/529
f 2211/2388 2147/2321 2150/2324
f 2147/2321 2131/2305 2150/2324
f 2117/2291 2070/2244 2080/2254
f 2070/2244 2023/2197 2080/2254
f 2058/2232 2056/2230 2061/2235
f 1716/1849 1832/1966 1890/2035
f 1832/1967 4941/5596 1890/2036
f 4285/4763 393/410 4284/4762
f 166/166 172/172 173/173
f 195/195 194/194 193/193
f 194/194 2406/2612 340/342
f 2022/2196 2052/2226 2021/2195
f 4786/5369 4785/5368 4787/5370
f 1666/1798 1710/1842 1716/1849
f 1710/1842 1832/1966 1716/1849
f 174/174 205/205 262/262
f 2070/2244 2022/2196 2023/2197
f 2062/2236 4962/5636 2108/2282
f 2053/2227 2056/2230 2058/2232
f 4962/5636 4781/5364 2108/2282
f 2638/2878 4790/5373 4785/5368
f 1668/1800 1667/1799 1643/1775
f 4582/5132 4588/5140 4581/5131
f 4246/4717 4261/4736 4248/4719
f 205/205 203/203 262/262
f 196/196 195/195 193/193
f 2294/2475 2283/2463 2324/2511
f 2231/2408 2211/2388 2283/2463
f 2231/2408 2147/2321 2211/2388
f 2022/2196 2053/2227 2052/2226
f 1699/1831 1645/1777 1642/1774
f 1667/1799 1668/1800 1666/1798
f 2406/2613 2294/2475 2324/2511
f 2070/2244 2054/2228 2022/2196
f 2022/2196 2054/2228 2053/2227
f 1643/1775 1644/1776 1668/1800
f 1587/1696 1895/2041 1896/2042
f 4285/4763 4337/4844 393/410
f 198/198 196/196 197/197
f 1336/1418 1404/1486 1337/1419
f 2294/2475 2231/2408 2283/2463
f 1642/1774 1644/1776 1643/1775
f 1895/2041 1865/2003 1896/2042
f 1896/2042 1865/2003 1864/2002
f 1865/2003 1823/1957 1864/2002
f 172/172 205/205 174/174
f 1336/1418 1390/1472 1404/1486
f 2062/2236 2204/2378 4962/5636
f 2204/2379 4779/5360 4962/5635
f 4962/5635 4779/5360 4781/5363
f 4779/5360 4778/5359 4781/5363
f 4781/5363 4778/5359 4786/5369
f 4778/5359 4785/5368 4786/5369
f 1645/1777 1644/1776 1642/1774
f 1832/1967 4608/5162 4941/5596
f 1777/1911 1754/1888 1753/1887
f 1754/1888 1721/1854 1720/1853
f 1754/1888 1720/1853 1753/1887
f 4608/5162 4580/5130 4941/5596
f 1833/1968 1787/1921 1823/1957
f 1823/1957 1787/1921 1796/1930
f 1787/1921 1777/1911 1796/1930
f 1865/2003 1833/1968 1823/1957
f 1948/2099 1895/2041 1587/1696
f 203/203 199/199 198/198
f 198/198 199/199 196/196
f 329/331 2294/2475 2406/2613
f 2215/2392 2147/2321 2231/2408
f 4785/5368 4932/5583 2638/2878
f 1668/1800 1669/1801 1666/1798
f 1669/1801 1710/1842 1666/1798
f 162/162 156/156 159/159
f 204/204 203/203 205/205
f 194/194 329/330 2406/2612
f 2147/2321 2127/2301 2131/2305
f 2131/2305 2127/2301 2117/2291
f 2127/2301 2112/2286 2117/2291
f 2112/2286 2070/2244 2117/2291
f 2054/2228 2055/2229 2053/2227
f 4588/5140 4862/5473 4299/4784
f 166/166 171/171 172/172
f 171/171 205/205 172/172
f 226/226 195/195 196/196
f 195/195 227/227 194/194
f 2215/2392 2231/2408 2294/2475
f 2215/2392 2149/2323 2147/2321
f 2149/2323 2127/2301 2147/2321
f 2055/2229 2056/2230 2053/2227
f 2056/2230 2057/2231 2063/2237
f 2057/2231 2064/2238 2063/2237
f 2063/2237 2064/2238 2062/2236
f 2064/2238 2204/2378 2062/2236
f 1720/1853 1700/1832 1699/1831
f 1700/1832 1645/1777 1699/1831
f 1670/1802 1668/1800 1644/1776
f 1670/1802 1669/1801 1668/1800
f 4582/5132 4580/5130 4608/5162
f 161/161 163/163 159/159
f 163/163 162/162 159/159
f 227/227 301/301 194/194
f 301/301 329/330 194/194
f 329/331 2293/2474 2294/2475
f 2074/2248 2054/2228 2070/2244
f 1669/1801 1694/1826 1710/1842
f 1694/1826 1832/1966 1710/1842
f 1761/1895 1754/1888 1777/1911
f 204/204 202/202 203/203
f 202/202 199/199 203/203
f 200/200 196/196 199/199
f 200/200 226/226 196/196
f 2293/2474 2215/2392 2294/2475
f 2112/2286 2074/2248 2070/2244
f 2074/2248 2071/2245 2054/2228
f 2071/2245 2055/2229 2054/2228
f 4778/5359 4784/5367 4785/5368
f 4784/5367 4932/5583 4785/5368
f 1721/1854 1700/1832 1720/1853
f 1645/1777 1670/1802 1644/1776
f 1787/1921 1761/1895 1777/1911
f 1334/1416 1390/1472 1336/1418
f 2057/2231 2056/2230 2055/2229
f 227/227 195/195 226/226
f 2064/2238 2205/2381 2204/2378
f 2205/2380 4779/5360 2204/2379
f 1704/1836 1687/1819 1700/1832
f 1700/1832 1687/1819 1645/1777
f 1685/1817 1669/1801 1670/1802
f 1685/1817 1686/1818 1669/1801
f 4608/5162 4590/5142 4582/5132
f 1828/1962 1787/1921 1833/1968
f 4590/5142 4589/5141 4582/5132
f 4582/5132 4589/5141 4588/5140
f 1876/2014 1833/1968 1865/2003
f 4589/5141 4862/5473 4588/5140
f 455/520 400/421 4337/4844
f 455/520 4337/4844 4285/4763
f 171/171 206/206 205/205
f 206/206 204/204 205/205
f 225/225 227/227 226/226
f 301/301 373/381 329/330
f 1334/1416 1389/1471 1390/1472
f 373/382 2293/2474 329/331
f 2293/2474 2193/2367 2215/2392
f 2193/2367 2149/2323 2215/2392
f 2073/2247 2057/2231 2055/2229
f 1736/1869 1704/1836 1721/1854
f 1721/1854 1704/1836 1700/1832
f 1645/1777 1687/1819 1670/1802
f 1687/1819 1685/1817 1670/1802
f 1797/1931 1761/1895 1787/1921
f 1761/1895 1736/1869 1754/1888
f 1754/1888 1736/1869 1721/1854
f 1828/1962 1797/1931 1787/1921
f 1948/2099 1935/2085 1895/2041
f 2007/2180 1935/2085 1948/2099
f 4213/4679 4265/4740 4247/4718
f 162/162 165/165 156/156
f 156/156 165/165 166/166
f 2149/2323 2148/2322 2127/2301
f 2148/2322 2112/2286 2127/2301
f 2072/2246 2071/2245 2074/2248
f 2072/2246 2055/2229 2071/2245
f 2072/2246 2073/2247 2055/2229
f 4784/5367 4979/5668 4932/5583
f 1686/1818 1694/1826 1669/1801
f 1876/2014 1828/1962 1833/1968
f 1164/1240 2007/2179 1141/1217
f 166/166 170/170 171/171
f 1389/1471 899/975 898/974
f 2284/2464 2193/2367 2293/2474
f 2073/2247 2095/2269 2057/2231
f 2095/2269 2096/2270 2064/2238
f 2095/2269 2064/2238 2057/2231
f 2096/2270 2205/2381 2064/2238
f 2205/2380 4776/5357 4779/5360
f 4776/5357 4778/5359 4779/5360
f 1832/1967 4912/5552 4608/5162
f 4912/5552 4590/5142 4608/5162
f 201/201 200/200 199/199
f 306/306 301/301 227/227
f 373/382 2364/2561 2293/2474
f 2193/2367 2148/2322 2149/2323
f 2074/2248 2103/2277 2072/2246
f 2072/2246 2111/2285 2073/2247
f 4776/5357 4777/5358 4778/5359
f 4777/5358 4784/5367 4778/5359
f 1910/2058 1876/2014 1935/2085
f 1585/1693 1935/2085 2007/2180
f 167/167 166/166 165/165
f 169/169 170/170 166/166
f 170/170 207/207 171/171
f 171/171 207/207 206/206
f 206/206 202/202 204/204
f 202/202 201/201 199/199
f 2364/2561 2284/2464 2293/2474
f 2166/2340 2109/2283 2148/2322
f 2148/2322 2109/2283 2112/2286
f 2109/2283 2074/2248 2112/2286
f 2109/2283 2103/2277 2074/2248
f 2111/2285 2095/2269 2073/2247
f 1687/1819 1708/1840 1685/1817
f 1685/1817 1707/1839 1686/1818
f 1707/1839 1694/1826 1686/1818
f 1694/1826 1746/1880 1832/1966
f 1746/1879 4912/5552 1832/1967
f 1797/1931 1788/1922 1761/1895
f 1788/1922 1767/1901 1761/1895
f 1767/1901 1736/1869 1761/1895
f 1736/1869 1717/1850 1704/1836
f 1817/1951 1797/1931 1828/1962
f 4589/5141 4861/5470 4862/5473
f 167/167 169/169 166/166
f 2193/2367 2166/2340 2148/2322
f 2103/2277 2110/2284 2072/2246
f 2110/2284 2111/2285 2072/2246
f 2111/2285 2136/2310 2095/2269
f 1717/1850 1709/1841 1687/1819
f 1717/1850 1687/1819 1704/1836
f 1685/1817 1708/1840 1707/1839
f 1707/1839 1746/1880 1694/1826
f 1767/1901 1737/1870 1736/1869
f 1737/1870 1717/1850 1736/1869
f 4912/5552 4683/5250 4590/5142
f 1856/1993 1828/1962 1876/2014
f 1856/1993 1817/1951 1828/1962
f 1910/2058 1856/1993 1876/2014
f 202/202 209/209 201/201
f 209/209 200/200 201/201
f 225/225 231/231 227/227
f 1389/1471 901/977 899/975
f 301/301 2364/2562 373/381
f 2162/2336 2109/2283 2166/2340
f 2110/2284 2136/2310 2111/2285
f 2136/2310 2155/2329 2095/2269
f 2095/2269 2155/2329 2096/2270
f 2155/2329 2411/2622 2205/2381
f 2155/2329 2205/2381 2096/2270
f 2411/2621 4776/5357 2205/2380
f 1709/1841 1708/1840 1687/1819
f 1817/1951 1788/1922 1797/1931
f 4591/5143 4861/5470 4589/5141
f 1585/1693 1910/2058 1935/2085
f 455/521 350/355 400/420
f 1389/1471 1342/1424 901/977
f 2311/2494 2284/2464 2364/2561
f 2284/2464 2247/2425 2193/2367
f 2168/2342 2166/2340 2193/2367
f 2168/2342 2162/2336 2166/2340
f 2140/2314 2103/2277 2109/2283
f 4784/5367 4939/5593 4979/5668
f 1746/1879 1945/2095 4912/5552
f 1945/2095 4683/5250 4912/5552
f 4683/5250 4592/5144 4590/5142
f 4591/5143 4838/5434 4861/5470
f 4176/4641 4121/4584 4159/4623
f 350/355 349/354 163/163
f 349/354 164/164 163/163
f 163/163 164/164 162/162
f 206/206 208/208 202/202
f 200/200 225/225 226/226
f 231/231 306/306 227/227
f 1342/1424 1030/1106 901/977
f 301/301 346/349 2364/2562
f 346/350 2311/2494 2364/2561
f 2162/2336 2140/2314 2109/2283
f 2137/2311 2110/2284 2103/2277
f 2411/2621 4775/5356 4776/5357
f 4775/5356 4777/5358 4776/5357
f 4777/5358 4939/5593 4784/5367
f 1743/1876 1740/1873 1709/1841
f 1740/1873 1708/1840 1709/1841
f 1707/1839 1747/1881 1746/1880
f 1767/1901 1749/1883 1737/1870
f 1749/1883 1748/1882 1737/1870
f 1737/1870 1748/1882 1717/1850
f 1717/1850 1743/1876 1709/1841
f 1902/2050 1856/1993 1910/2058
f 1585/1693 1938/2088 1910/2058
f 1938/2088 1902/2050 1910/2058
f 164/164 165/165 162/162
f 207/207 208/208 206/206
f 306/306 346/349 301/301
f 2309/2492 2247/2425 2284/2464
f 2247/2425 2229/2406 2193/2367
f 2229/2406 2168/2342 2193/2367
f 2168/2342 2140/2314 2162/2336
f 2140/2314 2137/2311 2103/2277
f 2137/2311 2139/2313 2110/2284
f 2157/2331 4845/5445 2155/2329
f 4845/5445 2411/2622 2155/2329
f 1740/1873 1741/1874 1708/1840
f 1741/1874 1707/1839 1708/1840
f 1741/1874 1742/1875 1707/1839
f 1742/1875 1747/1881 1707/1839
f 1768/1902 1749/1883 1767/1901
f 1748/1882 1743/1876 1717/1850
f 1747/1881 1945/2096 1746/1880
f 1805/1939 1788/1922 1817/1951
f 1788/1922 1805/1939 1767/1901
f 1805/1939 1768/1902 1767/1901
f 1839/1974 1817/1951 1856/1993
f 1839/1974 1805/1939 1817/1951
f 165/165 168/168 167/167
f 225/225 230/230 231/231
f 1517/1609 900/976 1030/1106
f 231/231 346/349 306/306
f 1345/1427 1517/1609 1342/1424
f 1342/1424 1517/1609 1030/1106
f 2311/2494 2309/2492 2284/2464
f 2309/2492 2310/2493 2247/2425
f 2168/2342 2167/2341 2140/2314
f 2140/2314 2158/2332 2137/2311
f 2158/2332 2139/2313 2137/2311
f 2165/2339 2156/2330 2139/2313
f 2156/2330 2170/2344 2157/2331
f 2170/2344 4845/5445 2157/2331
f 4845/5444 4774/5355 2411/2621
f 4774/5355 4775/5356 2411/2621
f 4777/5358 2630/2868 4939/5593
f 1747/1881 4978/5667 1945/2096
f 4978/5666 4592/5144 1945/2095
f 1945/2095 4592/5144 4683/5250
f 1902/2050 1901/2049 1856/1993
f 1901/2049 1839/1974 1856/1993
f 4838/5434 4879/5500 4176/4640
f 437/484 349/354 350/355
f 344/346 2360/2555 346/349
f 2360/2554 2311/2494 346/350
f 2310/2493 2229/2406 2247/2425
f 2229/2406 2169/2343 2168/2342
f 2169/2343 2167/2341 2168/2342
f 2167/2341 2161/2335 2140/2314
f 2158/2332 2164/2338 2139/2313
f 2164/2338 2165/2339 2139/2313
f 2165/2339 2170/2344 2156/2330
f 2170/2344 4764/5340 4845/5445
f 4764/5339 4774/5355 4845/5444
f 4775/5356 4873/5491 4777/5358
f 4873/5491 2630/2868 4777/5358
f 4591/5143 4595/5147 4838/5434
f 4595/5147 4879/5500 4838/5434
f 1938/2088 1901/2049 1902/2050
f 4225/4692 4275/4751 4210/4676
f 4314/4803 349/354 437/484
f 168/168 169/169 167/167
f 209/209 224/224 200/200
f 230/230 286/286 231/231
f 2360/2554 2309/2492 2311/2494
f 2171/2345 2167/2341 2169/2343
f 2161/2335 2158/2332 2140/2314
f 1749/1883 1776/1910 1743/1876
f 1749/1883 1743/1876 1748/1882
f 1740/1873 1769/1903 1741/1874
f 1741/1874 1770/1904 1742/1875
f 1770/1904 1747/1881 1742/1875
f 1806/1940 1804/1938 1768/1902
f 1806/1940 1768/1902 1805/1939
f 1804/1938 1749/1883 1768/1902
f 1847/1982 1805/1939 1839/1974
f 4593/5145 4595/5147 4591/5143
f 1901/2049 1883/2023 1839/1974
f 1883/2023 1847/1982 1839/1974
f 4314/4803 438/486 349/354
f 211/211 208/208 207/207
f 202/202 208/208 209/209
f 224/224 225/225 200/200
f 286/286 344/346 231/231
f 231/231 344/346 346/349
f 2229/2406 2191/2365 2169/2343
f 2191/2365 2171/2345 2169/2343
f 2176/2350 2164/2338 2158/2332
f 2164/2338 2180/2354 2165/2339
f 2180/2354 2179/2353 2165/2339
f 2165/2339 2179/2353 2170/2344
f 2179/2353 2232/2410 2170/2344
f 4764/5339 4763/5338 4774/5355
f 4763/5338 4775/5356 4774/5355
f 2575/2812 2593/2831 2586/2824
f 2614/2852 2630/2869 4873/5492
f 1776/1910 1769/1903 1743/1876
f 1769/1903 1740/1873 1743/1876
f 1769/1903 1771/1905 1741/1874
f 1771/1905 1770/1904 1741/1874
f 1770/1904 1798/1932 1747/1881
f 1798/1932 4978/5667 1747/1881
f 4978/5666 1962/2117 4592/5144
f 1804/1938 1786/1920 1749/1883
f 1962/2117 4593/5145 4592/5144
f 1847/1982 1806/1940 1805/1939
f 1926/2075 1901/2049 1938/2088
f 230/230 287/287 286/286
f 2338/2528 2310/2493 2309/2492
f 2338/2528 2309/2492 2360/2554
f 2279/2459 2229/2406 2310/2493
f 2171/2345 2177/2351 2167/2341
f 2177/2351 2161/2335 2167/2341
f 2161/2335 2176/2350 2158/2332
f 2181/2355 2180/2354 2164/2338
f 2179/2353 4773/5354 2232/2410
f 4773/5353 4764/5339 2232/2409
f 4763/5338 4783/5366 4775/5356
f 4783/5366 4873/5491 4775/5356
f 1798/1932 1962/2118 4978/5667
f 1786/1920 1776/1910 1749/1883
f 4595/5147 4596/5148 4879/5500
f 1926/2075 1883/2023 1901/2049
f 4596/5148 4307/4794 4879/5500
f 1967/2125 1926/2075 1938/2088
f 1967/2125 1938/2088 1989/2151
f 438/486 332/334 349/354
f 210/210 209/209 208/208
f 229/229 287/287 230/230
f 345/347 2360/2555 344/346
f 2279/2459 2191/2365 2229/2406
f 2194/2368 2171/2345 2191/2365
f 2181/2355 2164/2338 2176/2350
f 1799/1933 1798/1932 1770/1904
f 1962/2117 4889/5515 4593/5145
f 4889/5515 4594/5146 4593/5145
f 4593/5145 4594/5146 4595/5147
f 4594/5146 4596/5148 4595/5147
f 4194/4659 4225/4692 4182/4647
f 164/164 332/334 165/165
f 211/211 207/207 170/170
f 229/229 230/230 225/225
f 1095/1171 886/962 888/964
f 1403/1485 1467/1552 888/964
f 286/286 345/347 344/346
f 345/348 2342/2533 2360/2554
f 2342/2533 2338/2528 2360/2554
f 2279/2459 2194/2368 2191/2365
f 2194/2368 2177/2351 2171/2345
f 2178/2352 2176/2350 2161/2335
f 2182/2356 2181/2355 2176/2350
f 2207/2383 2208/2385 2179/2353
f 2207/2383 2179/2353 2180/2354
f 2208/2385 4773/5354 2179/2353
f 4773/5353 4760/5335 4764/5339
f 4760/5335 4763/5338 4764/5339
f 4783/5366 4919/5560 4873/5491
f 1771/1905 1799/1933 1770/1904
f 1809/1943 1776/1910 1786/1920
f 1809/1943 1769/1903 1776/1910
f 1769/1903 1801/1935 1771/1905
f 1837/1972 1804/1938 1806/1940
f 1837/1972 1786/1920 1804/1938
f 1926/2075 1932/2081 1883/2023
f 1932/2081 1899/2045 1883/2023
f 4596/5148 4287/4765 4307/4794
f 1956/2108 1932/2081 1926/2075
f 1578/1683 1967/2125 1989/2151
f 438/486 4320/4814 332/334
f 332/334 320/320 165/165
f 320/320 168/168 165/165
f 224/224 228/228 225/225
f 228/228 229/229 225/225
f 287/287 321/321 286/286
f 321/321 345/347 286/286
f 2338/2528 2341/2532 2310/2493
f 2341/2532 2279/2459 2310/2493
f 2261/2440 2210/2387 2194/2368
f 2261/2440 2194/2368 2279/2459
f 2177/2351 2178/2352 2161/2335
f 2181/2355 2207/2383 2180/2354
f 4763/5338 4919/5560 4783/5366
f 1809/1943 1801/1935 1769/1903
f 1801/1935 1800/1934 1771/1905
f 1800/1934 1799/1933 1771/1905
f 1798/1932 1885/2027 1962/2118
f 1885/2026 4889/5515 1962/2117
f 1837/1972 1830/1964 1786/1920
f 1883/2023 1854/1990 1847/1982
f 1854/1990 1806/1940 1847/1982
f 1806/1940 1854/1990 1837/1972
f 4320/4814 320/320 332/334
f 229/229 309/309 287/287
f 309/309 321/321 287/287
f 2342/2533 2341/2532 2338/2528
f 2341/2532 2261/2440 2279/2459
f 2178/2352 2182/2356 2176/2350
f 2182/2356 2207/2383 2181/2355
f 2207/2383 2222/2399 2208/2385
f 2222/2399 4780/5362 2208/2385
f 4780/5361 4758/5333 2208/2384
f 2208/2384 4758/5333 4773/5353
f 4758/5333 4760/5335 4773/5353
f 4759/5334 2662/2903 4919/5560
f 4759/5334 4919/5560 4763/5338
f 1818/1952 1799/1933 1800/1934
f 1818/1952 1831/1965 1799/1933
f 1831/1965 1798/1932 1799/1933
f 1831/1965 1885/2027 1798/1932
f 1830/1964 1820/1954 1786/1920
f 1820/1954 1809/1943 1786/1920
f 1885/2026 4594/5146 4889/5515
f 1899/2045 1854/1990 1883/2023
f 4596/5148 4598/5150 4287/4765
f 4598/5150 4844/5442 4287/4765
f 4199/4664 4194/4659 4185/4650
f 4002/4458 320/320 4320/4814
f 320/320 264/264 168/168
f 1094/1170 887/963 886/962
f 1470/1555 1094/1170 1467/1552
f 1467/1552 1094/1170 1095/1171
f 2344/2535 2342/2533 345/348
f 2210/2387 2209/2386 2194/2368
f 2194/2368 2209/2386 2177/2351
f 2209/2386 2178/2352 2177/2351
f 1885/2026 4691/5260 4594/5146
f 4691/5260 4597/5149 4594/5146
f 4594/5146 4597/5149 4596/5148
f 4597/5149 4598/5150 4596/5148
f 1113/1189 1581/1687 1578/1682
f 3975/4421 4271/4746 4194/4659
f 168/168 264/264 169/169
f 214/214 170/170 169/169
f 1470/1555 887/963 1094/1170
f 309/309 351/356 321/321
f 351/356 2344/2536 345/347
f 351/356 345/347 321/321
f 2344/2535 2341/2532 2342/2533
f 2248/2426 2210/2387 2261/2440
f 2209/2386 2216/2393 2178/2352
f 2216/2393 2182/2356 2178/2352
f 2223/2400 2224/2401 2207/2383
f 2207/2383 2224/2401 2222/2399
f 2224/2401 4770/5348 2222/2399
f 4758/5333 4759/5334 4760/5335
f 1820/1954 1849/1984 1809/1943
f 1809/1943 1849/1984 1843/1978
f 1843/1978 1801/1935 1809/1943
f 1843/1978 1842/1977 1800/1934
f 1843/1978 1800/1934 1801/1935
f 1842/1977 1818/1952 1800/1934
f 1831/1965 4968/5647 1885/2027
f 4968/5646 4691/5260 1885/2026
f 1837/1972 1855/1991 1830/1964
f 1855/1991 1820/1954 1830/1964
f 1900/2048 4487/5012 1854/1990
f 1900/2048 1854/1990 1899/2045
f 4487/5012 1837/1972 1854/1990
f 4501/5029 1899/2045 1932/2081
f 4501/5030 1900/2047 1899/2046
f 4597/5149 4844/5442 4598/5150
f 1956/2108 4501/5029 1932/2081
f 4260/4735 4211/4677 4204/4670
f 4511/5040 1956/2109 1581/1688
f 3971/4417 3975/4421 4194/4659
f 446/502 367/374 320/320
f 446/502 320/320 4002/4458
f 367/374 264/264 320/320
f 229/229 307/307 309/309
f 307/307 351/356 309/309
f 2343/2534 2341/2532 2344/2535
f 2325/2512 2248/2426 2261/2440
f 2325/2512 2261/2440 2341/2532
f 2248/2426 2230/2407 2210/2387
f 2230/2407 2209/2386 2210/2387
f 2220/2397 2182/2356 2216/2393
f 2220/2397 2207/2383 2182/2356
f 2220/2397 2223/2400 2207/2383
f 2224/2401 2375/2576 4770/5348
f 2375/2575 4762/5337 4770/5347
f 4770/5347 4762/5337 4780/5361
f 4762/5337 4758/5333 4780/5361
f 4971/5652 2662/2903 4759/5334
f 2668/2910 2662/2904 4971/5653
f 1842/1977 1841/1976 1818/1952
f 1841/1976 1831/1965 1818/1952
f 1841/1976 1852/1987 1831/1965
f 1852/1987 4968/5647 1831/1965
f 4844/5442 4009/4470 4260/4734
f 4511/5040 4501/5030 1956/2109
f 254/254 169/169 264/264
f 214/214 213/213 170/170
f 213/213 211/211 170/170
f 211/211 210/210 208/208
f 222/222 209/209 210/210
f 209/209 222/222 224/224
f 236/236 232/232 224/224
f 224/224 232/232 228/228
f 1470/1555 1494/1580 887/963
f 377/387 461/532 351/356
f 351/356 461/532 2344/2536
f 461/533 2343/2534 2344/2535
f 2343/2534 2325/2512 2341/2532
f 2244/2422 2209/2386 2230/2407
f 2244/2422 2243/2421 2209/2386
f 2243/2421 2220/2397 2216/2393
f 2340/2531 2375/2576 2224/2401
f 4762/5337 4761/5336 4758/5333
f 4761/5336 4759/5334 4758/5333
f 4761/5336 4971/5652 4759/5334
f 1855/1991 1850/1985 1820/1954
f 1850/1985 1849/1984 1820/1954
f 4968/5646 4692/5261 4691/5260
f 4487/5012 1884/2024 1837/1972
f 1884/2024 1855/1991 1837/1972
f 4691/5260 4692/5261 4597/5149
f 4597/5149 4693/5262 4844/5442
f 4693/5262 4009/4470 4844/5442
f 4502/5031 4501/5030 4511/5040
f 451/513 446/503 4002/4459
f 219/219 221/221 210/210
f 222/222 223/223 224/224
f 223/223 236/236 224/224
f 228/228 307/307 229/229
f 1494/1580 1544/1640 890/966
f 307/307 377/387 351/356
f 2325/2512 2269/2448 2248/2426
f 2269/2448 2230/2407 2248/2426
f 2269/2448 2244/2422 2230/2407
f 2243/2421 2259/2438 2220/2397
f 2220/2397 2259/2438 2223/2400
f 2259/2438 2271/2450 2223/2400
f 2271/2450 2272/2451 2223/2400
f 2223/2400 2272/2451 2224/2401
f 2272/2451 2340/2531 2224/2401
f 2340/2530 4756/5331 2375/2575
f 4756/5331 4762/5337 2375/2575
f 4761/5336 2722/2964 4971/5652
f 1867/2005 1843/1978 1849/1984
f 1867/2005 1868/2006 1843/1978
f 1868/2006 1842/1977 1843/1978
f 1852/1987 4969/5649 4968/5647
f 4969/5648 4692/5261 4968/5646
f 4476/4999 1884/2025 4487/5013
f 4692/5261 4693/5262 4597/5149
f 4693/5262 3988/4438 4009/4470
f 4502/5031 4481/5006 4501/5030
f 1590/1703 4511/5040 1581/1688
f 3976/4422 3978/4424 3989/4440
f 446/502 451/512 367/374
f 352/357 254/254 264/264
f 212/212 219/219 210/210
f 2384/2585 2343/2534 461/533
f 2269/2448 2262/2441 2244/2422
f 2262/2441 2243/2421 2244/2422
f 2272/2451 2357/2551 2340/2531
f 2357/2550 4756/5331 2340/2530
f 4756/5331 4757/5332 4762/5337
f 4757/5332 4761/5336 4762/5337
f 4757/5332 2722/2964 4761/5336
f 1842/1977 1877/2015 1841/1976
f 1877/2015 1878/2017 1852/1987
f 1877/2015 1852/1987 1841/1976
f 1878/2017 4969/5649 1852/1987
f 4472/4992 1850/1985 1855/1991
f 4476/4999 4471/4991 1884/2025
f 4471/4990 1855/1991 1884/2024
f 4693/5262 4695/5264 3988/4438
f 1206/1283 1590/1702 1207/1284
f 3978/4424 451/513 3989/4440
f 253/253 169/169 254/254
f 253/253 214/214 169/169
f 212/212 210/210 211/211
f 221/221 222/222 210/210
f 232/232 233/233 228/228
f 233/233 308/308 228/228
f 228/228 308/308 307/307
f 1544/1640 1570/1673 891/967
f 308/308 363/370 307/307
f 363/370 377/387 307/307
f 2436/2653 461/532 377/387
f 2384/2585 2383/2584 2343/2534
f 2383/2584 2325/2512 2343/2534
f 2325/2512 2303/2486 2269/2448
f 2263/2442 2243/2421 2262/2441
f 2263/2442 2298/2479 2243/2421
f 2298/2479 2259/2438 2243/2421
f 2271/2450 2273/2452 2272/2451
f 2273/2452 2357/2551 2272/2451
f 4757/5332 4954/5621 2722/2964
f 1868/2006 1877/2015 1842/1977
f 4472/4992 4473/4994 1850/1985
f 4473/4994 1849/1984 1850/1985
f 4473/4994 1887/2030 1867/2005
f 4473/4994 1867/2005 1849/1984
f 4969/5648 4699/5268 4692/5261
f 4471/4991 4472/4993 1855/1992
f 4699/5268 4694/5263 4692/5261
f 4692/5261 4694/5263 4693/5262
f 1900/2047 4476/4999 4487/5013
f 4694/5263 4695/5264 4693/5262
f 4695/5264 4900/5534 3988/4438
f 4511/5040 4486/5011 4502/5031
f 4486/5011 4481/5006 4502/5031
f 4507/5036 4511/5040 1590/1703
f 454/518 353/358 352/357
f 454/518 352/357 451/512
f 353/358 343/345 254/254
f 353/358 254/254 352/357
f 343/345 255/255 254/254
f 255/255 253/253 254/254
f 234/234 233/233 232/232
f 1570/1673 849/925 891/967
f 1553/1651 1570/1673 1544/1640
f 2436/2654 2384/2585 461/533
f 2359/2553 2325/2512 2383/2584
f 2359/2553 2303/2486 2325/2512
f 2273/2452 4755/5330 2357/2551
f 4755/5329 4756/5331 2357/2550
f 1887/2030 4474/4996 1867/2005
f 1867/2005 4474/4996 1868/2006
f 4474/4996 1877/2015 1868/2006
f 1878/2017 4980/5671 4969/5649
f 4980/5670 4699/5268 4969/5648
f 4481/5006 4476/4999 1900/2047
f 4694/5263 4696/5265 4695/5264
f 4695/5264 4696/5265 4900/5534
f 4507/5036 4486/5011 4511/5040
f 4529/5069 4514/5043 1590/1703
f 3968/4414 3977/4423 3978/4424
f 3968/4414 3978/4424 3976/4422
f 1553/1651 1571/1674 1570/1673
f 362/369 363/370 308/308
f 1355/1437 1357/1439 1356/1438
f 363/370 444/498 2436/2653
f 444/499 2384/2585 2436/2654
f 444/499 2383/2584 2384/2585
f 2359/2553 2326/2513 2303/2486
f 2292/2473 2262/2441 2303/2486
f 2262/2441 2292/2473 2263/2442
f 2292/2473 2298/2479 2263/2442
f 2296/2477 2259/2438 2298/2479
f 2259/2438 2296/2477 2271/2450
f 2296/2477 2297/2478 2273/2452
f 2296/2477 2273/2452 2271/2450
f 2297/2478 4755/5330 2273/2452
f 2809/3067 2792/3042 2810/3068
f 4757/5332 2742/2985 4954/5621
f 1877/2016 4477/5000 1878/2018
f 4477/5000 4980/5672 1878/2018
f 4980/5670 4698/5267 4699/5268
f 4699/5268 4698/5267 4694/5263
f 4475/4998 4476/4999 4481/5006
f 4475/4998 4471/4991 4476/4999
f 4480/5005 4481/5006 4486/5011
f 4696/5265 4857/5464 4900/5534
f 4507/5036 4485/5010 4486/5011
f 4485/5010 4480/5005 4486/5011
f 3995/4447 453/517 454/519
f 233/233 314/314 308/308
f 1571/1674 848/924 849/925
f 1562/1664 1571/1674 1553/1651
f 2402/2608 2403/2609 2383/2584
f 2402/2608 2383/2584 444/499
f 2326/2513 2304/2487 2303/2486
f 2304/2487 2292/2473 2303/2486
f 2297/2478 4751/5324 4755/5330
f 4751/5323 4752/5325 4755/5329
f 4755/5329 4752/5325 4756/5331
f 4752/5325 4757/5332 4756/5331
f 4752/5325 2742/2985 4757/5332
f 2725/2968 2702/2944 2731/2974
f 4440/4952 1887/2031 4473/4995
f 4440/4952 4445/4958 1887/2031
f 4445/4958 4460/4975 4474/4997
f 4445/4958 4474/4997 1887/2031
f 4460/4975 1877/2016 4474/4997
f 4460/4975 4446/4959 1877/2016
f 4446/4959 4477/5000 1877/2016
f 4477/5000 4973/5657 4980/5672
f 4973/5656 4698/5267 4980/5670
f 4471/4991 4441/4953 4472/4993
f 4447/4960 4441/4953 4471/4991
f 4475/4998 4452/4967 4471/4991
f 4694/5263 4697/5266 4696/5265
f 4480/5005 4475/4998 4481/5006
f 4697/5266 4701/5270 4857/5464
f 4697/5266 4857/5464 4696/5265
f 3977/4423 3993/4444 3995/4447
f 343/345 256/256 255/255
f 256/256 253/253 255/255
f 1562/1664 1022/1098 1571/1674
f 314/314 362/369 308/308
f 2304/2487 2305/2488 2292/2473
f 2305/2488 2314/2498 2298/2479
f 2314/2498 2296/2477 2298/2479
f 2312/2495 2313/2496 2297/2478
f 2312/2495 2297/2478 2296/2477
f 2313/2496 2362/2559 2297/2478
f 4752/5325 4947/5607 2742/2985
f 4441/4953 4440/4952 4472/4993
f 4440/4952 4473/4995 4472/4993
f 4452/4967 4447/4960 4471/4991
f 4698/5267 4697/5266 4694/5263
f 4480/5005 4452/4967 4475/4998
f 4485/5010 4469/4988 4480/5005
f 4701/5270 3980/4427 4857/5464
f 4503/5032 4507/5036 4514/5043
f 4510/5039 4503/5032 4514/5043
f 4510/5039 4514/5043 4526/5063
f 453/516 348/353 343/345
f 453/516 343/345 454/518
f 213/213 212/212 211/211
f 221/221 223/223 222/222
f 235/235 234/234 232/232
f 234/234 314/314 233/233
f 1022/1098 916/992 848/924
f 314/314 364/371 362/369
f 364/371 2437/2655 444/498
f 2437/2656 2402/2608 444/499
f 2381/2582 2359/2553 2403/2609
f 2381/2582 2326/2513 2359/2553
f 2314/2498 2312/2495 2296/2477
f 2313/2496 4749/5321 2362/2559
f 2362/2558 4749/5320 4751/5323
f 4749/5320 4750/5322 4751/5323
f 4750/5322 4752/5325 4751/5323
f 4750/5322 4947/5607 4752/5325
f 4444/4957 4460/4975 4445/4958
f 4444/4957 4446/4959 4460/4975
f 4477/5000 4972/5655 4973/5657
f 4972/5654 4698/5267 4973/5656
f 4698/5267 4700/5269 4697/5266
f 4469/4988 4452/4967 4480/5005
f 348/353 256/256 343/345
f 253/253 252/252 214/214
f 313/313 314/314 234/234
f 2437/2656 2405/2611 2402/2608
f 2405/2611 2404/2610 2402/2608
f 2404/2610 2403/2609 2402/2608
f 2404/2610 2381/2582 2403/2609
f 2381/2582 2363/2560 2326/2513
f 2363/2560 2304/2487 2326/2513
f 2358/2552 2354/2547 2305/2488
f 2354/2547 2314/2498 2305/2488
f 2354/2547 2355/2548 2314/2498
f 2355/2548 2312/2495 2314/2498
f 2356/2549 2365/2564 2312/2495
f 2312/2495 2365/2564 2313/2496
f 2365/2564 2461/2690 2313/2496
f 4750/5322 2788/3036 4947/5607
f 4446/4959 4972/5655 4477/5000
f 4439/4951 4445/4958 4440/4952
f 4439/4951 4444/4957 4445/4958
f 4972/5654 4700/5269 4698/5267
f 4452/4967 4448/4961 4447/4960
f 4469/4988 4438/4950 4452/4967
f 4700/5269 4701/5270 4697/5266
f 4701/5270 3981/4429 3980/4427
f 4526/5063 4524/5060 4510/5039
f 252/252 248/248 214/214
f 248/248 215/215 214/214
f 214/214 215/215 213/213
f 213/213 216/216 212/212
f 235/235 232/232 236/236
f 235/235 268/268 234/234
f 268/268 313/313 234/234
f 313/313 365/372 314/314
f 1562/1664 1557/1656 916/992
f 365/372 364/371 314/314
f 2405/2611 2386/2588 2404/2610
f 2386/2588 2381/2582 2404/2610
f 2386/2588 2363/2560 2381/2582
f 2363/2560 2358/2552 2304/2487
f 2358/2552 2305/2488 2304/2487
f 2356/2549 2368/2567 2365/2564
f 4439/4951 4429/4941 4444/4957
f 4444/4957 4429/4941 4446/4959
f 4429/4941 4433/4945 4446/4959
f 4929/5576 4700/5269 4972/5654
f 4448/4961 4428/4940 4447/4960
f 4428/4940 4441/4953 4447/4960
f 4438/4950 4448/4961 4452/4967
f 4700/5269 4702/5271 4701/5270
f 4702/5271 4703/5272 4701/5270
f 4701/5270 4703/5272 3981/4429
f 4484/5009 4454/4969 4485/5010
f 4454/4969 4469/4988 4485/5010
f 4504/5033 4484/5009 4503/5032
f 3999/4454 452/515 3993/4444
f 3999/4453 348/353 452/514
f 348/353 334/336 256/256
f 256/256 252/252 253/253
f 1557/1656 1512/1602 917/993
f 1358/1440 1360/1442 1359/1441
f 2457/2681 2437/2655 364/371
f 2419/2632 2418/2631 2405/2611
f 2419/2632 2405/2611 2437/2656
f 2418/2631 2386/2588 2405/2611
f 2379/2580 2358/2552 2363/2560
f 2379/2580 2380/2581 2358/2552
f 2368/2567 2369/2569 2365/2564
f 2369/2568 4754/5327 2461/2689
f 2369/2568 2461/2689 2365/2563
f 4754/5327 4753/5326 4749/5320
f 4754/5327 4749/5320 2461/2689
f 4753/5326 4750/5322 4749/5320
f 2754/2998 2755/2999 2779/3026
f 4750/5322 2791/3040 2788/3036
f 4433/4945 4972/5655 4446/4959
f 4433/4945 4929/5577 4972/5655
f 4428/4940 4427/4939 4440/4952
f 4428/4940 4440/4952 4441/4953
f 4427/4939 4439/4951 4440/4952
f 4430/4942 4428/4940 4448/4961
f 4703/5272 4904/5539 3981/4429
f 384/397 334/336 348/353
f 257/257 252/252 256/256
f 215/215 216/216 213/213
f 223/223 235/235 236/236
f 312/312 313/313 268/268
f 1360/1442 1362/1444 1363/1445
f 365/372 458/526 364/371
f 458/526 2457/2681 364/371
f 2457/2682 2419/2632 2437/2656
f 2386/2588 2379/2580 2363/2560
f 2358/2552 2374/2574 2354/2547
f 2374/2574 2370/2570 2354/2547
f 2370/2570 2355/2548 2354/2547
f 2355/2548 2366/2565 2356/2549
f 2366/2565 2367/2566 2356/2549
f 2356/2549 2367/2566 2368/2567
f 2367/2566 2369/2569 2368/2567
f 2775/3021 2790/3039 2787/3035
f 4427/4939 4426/4938 4439/4951
f 4426/4938 4429/4941 4439/4951
f 4433/4945 4449/4963 4929/5577
f 4929/5576 4702/5271 4700/5269
f 4438/4950 4430/4942 4448/4961
f 4454/4969 4438/4950 4469/4988
f 4703/5272 4704/5273 4904/5539
f 3934/4379 3963/4409 3964/4410
f 3986/4436 457/525 3999/4454
f 334/336 257/257 256/256
f 216/216 219/219 212/212
f 1082/1158 869/945 1083/1159
f 1083/1159 869/945 868/944
f 312/312 359/365 313/313
f 359/365 365/372 313/313
f 2457/2683 3117/3450 2419/2633
f 3117/3451 2418/2631 2419/2632
f 2418/2631 3113/3444 2386/2588
f 3113/3444 2379/2580 2386/2588
f 2355/2548 2370/2570 2366/2565
f 2367/2566 4754/5328 2369/2569
f 4753/5326 2791/3040 4750/5322
f 4449/4962 4706/5275 4929/5576
f 4929/5576 4706/5275 4702/5271
f 4438/4950 4425/4937 4430/4942
f 4702/5271 4705/5274 4704/5273
f 4702/5271 4704/5273 4703/5272
f 4455/4970 4435/4947 4454/4969
f 4435/4947 4438/4950 4454/4969
f 4455/4970 4454/4969 4484/5009
f 4704/5273 3935/4380 4904/5539
f 4509/5038 4505/5034 4504/5033
f 4505/5034 4484/5009 4504/5033
f 3963/4409 3987/4437 3986/4436
f 457/524 374/383 384/397
f 384/397 374/383 334/336
f 374/383 257/257 334/336
f 219/219 220/220 221/221
f 221/221 237/237 223/223
f 235/235 267/267 268/268
f 267/267 312/312 268/268
f 358/364 359/365 312/312
f 359/365 458/526 365/372
f 1362/1444 1364/1446 1363/1445
f 458/527 3117/3450 2457/2683
f 3117/3451 2428/2643 2418/2631
f 2428/2643 3113/3444 2418/2631
f 3849/4280 3845/4274 3856/4295
f 3113/3444 2396/2601 2379/2580
f 2396/2601 2380/2581 2379/2580
f 2374/2574 2387/2589 2370/2570
f 2387/2589 2382/2583 2370/2570
f 2370/2570 2382/2583 2366/2565
f 2382/2583 2378/2579 2366/2565
f 2366/2565 2378/2579 2367/2566
f 2378/2579 2425/2640 2367/2566
f 4753/5326 2814/3073 2791/3040
f 4426/4938 4411/4923 4429/4941
f 4411/4923 4412/4924 4429/4941
f 4412/4924 4433/4945 4429/4941
f 4412/4924 4432/4944 4433/4945
f 4433/4945 4432/4944 4449/4963
f 4414/4926 4427/4939 4428/4940
f 4414/4926 4415/4927 4427/4939
f 4415/4927 4426/4938 4427/4939
f 4416/4928 4428/4940 4430/4942
f 4706/5275 4705/5274 4702/5271
f 4435/4947 4425/4937 4438/4950
f 4705/5274 4836/5431 3935/4380
f 4705/5274 3935/4380 4704/5273
f 4451/4966 4455/4970 4484/5009
f 4505/5034 4488/5014 4484/5009
f 4488/5014 4451/4966 4484/5009
f 223/223 237/237 235/235
f 237/237 267/267 235/235
f 1082/1158 928/1004 869/945
f 1528/1621 1521/1614 1082/1158
f 458/527 3114/3446 3117/3450
f 3114/3446 3115/3447 3117/3450
f 3115/3447 2428/2644 3117/3450
f 3856/4295 3846/4275 1556/1655
f 2396/2601 2394/2598 2374/2574
f 2396/2601 2374/2574 2380/2581
f 2374/2574 2393/2597 2387/2589
f 2382/2583 2390/2594 2378/2579
f 2390/2594 4859/5468 2378/2579
f 4859/5467 4754/5327 2425/2639
f 4415/4927 4410/4922 4426/4938
f 4410/4922 4411/4923 4426/4938
f 4432/4944 4443/4956 4449/4963
f 4443/4955 4708/5277 4449/4962
f 4449/4962 4708/5277 4706/5275
f 4416/4928 4414/4926 4428/4940
f 4425/4937 4416/4928 4430/4942
f 4506/5035 4505/5034 1203/1280
f 1203/1280 1433/1516 4506/5035
f 3994/4445 374/383 457/524
f 3994/4445 375/384 374/383
f 374/383 375/384 257/257
f 258/258 248/248 252/252
f 315/315 358/364 312/312
f 358/364 3116/3448 359/365
f 359/365 3116/3448 458/526
f 3116/3449 3114/3446 458/527
f 3115/3447 3110/3439 2428/2644
f 3110/3439 3109/3438 3113/3445
f 3110/3439 3113/3445 2428/2644
f 3109/3437 2396/2601 3113/3444
f 2390/2593 4748/5319 4859/5467
f 4748/5319 4754/5327 4859/5467
f 4412/4924 4413/4925 4432/4944
f 4413/4925 4443/4956 4432/4944
f 4708/5277 4707/5276 4706/5275
f 4706/5275 4707/5276 4705/5274
f 4451/4966 4434/4946 4435/4947
f 4451/4966 4435/4947 4455/4970
f 4707/5276 4835/5430 4836/5431
f 4707/5276 4836/5431 4705/5274
f 4835/5430 3997/4450 4836/5431
f 4488/5014 4459/4974 4451/4966
f 376/385 258/258 257/257
f 376/385 257/257 375/384
f 258/258 252/252 257/257
f 218/218 219/219 216/216
f 266/266 267/267 237/237
f 382/394 358/364 315/315
f 1367/1449 1368/1450 1366/1448
f 1366/1448 1368/1450 1521/1614
f 382/394 3116/3448 358/364
f 3114/3446 3096/3419 3110/3439
f 3114/3446 3110/3439 3115/3447
f 3110/3439 3095/3418 3109/3438
f 2393/2597 2391/2595 2382/2583
f 2391/2595 2392/2596 2390/2594
f 2392/2596 4868/5484 2390/2594
f 4748/5319 4743/5313 4754/5327
f 4743/5313 4753/5326 4754/5327
f 4933/5584 2814/3073 4753/5326
f 4443/4955 4984/5679 4708/5277
f 4413/4925 4984/5680 4443/4956
f 4414/4926 4400/4912 4415/4927
f 4415/4927 4400/4912 4410/4922
f 4409/4921 4416/4928 4425/4937
f 4434/4946 4409/4921 4435/4947
f 4409/4921 4425/4937 4435/4947
f 4490/5016 4459/4974 4488/5014
f 220/220 238/238 221/221
f 238/238 237/237 221/221
f 3108/3436 3107/3435 3116/3449
f 3108/3436 3116/3449 382/395
f 3107/3435 3114/3446 3116/3449
f 3107/3435 3096/3419 3114/3446
f 3096/3419 3095/3418 3110/3439
f 3095/3418 3094/3417 3109/3438
f 3094/3416 2396/2601 3109/3437
f 2396/2601 2414/2625 2394/2598
f 2414/2625 3105/3432 2394/2598
f 3105/3432 2393/2597 2394/2598
f 2393/2597 2395/2599 2391/2595
f 3104/3430 2397/2602 2392/2596
f 3104/3430 2392/2596 2391/2595
f 2397/2602 4867/5482 2392/2596
f 4867/5481 4748/5319 4868/5483
f 4743/5313 4933/5584 4753/5326
f 2796/3049 3841/4267 2807/3063
f 2796/3049 2813/3072 3841/4267
f 4400/4912 4405/4917 4410/4922
f 4405/4917 4411/4923 4410/4922
f 4405/4917 4404/4916 4412/4924
f 4405/4917 4412/4924 4411/4923
f 4404/4916 4413/4925 4412/4924
f 4984/5679 4495/5022 4708/5277
f 4413/4925 4495/5023 4984/5680
f 4409/4921 4401/4913 4416/4928
f 4401/4913 4414/4926 4416/4928
f 4399/4911 4400/4912 4414/4926
f 4459/4974 4436/4948 4451/4966
f 4436/4948 4434/4946 4451/4966
f 4835/5430 4007/4466 3997/4450
f 1497/1584 4496/5024 1433/1516
f 4010/4472 258/258 376/385
f 266/266 311/311 267/267
f 311/311 315/315 312/312
f 311/311 312/312 267/267
f 1569/1672 907/983 942/1018
f 381/393 382/394 315/315
f 445/501 3108/3436 382/395
f 3107/3435 3106/3434 3096/3419
f 3094/3416 2414/2625 2396/2601
f 2395/2599 3104/3430 2391/2595
f 3844/4273 3840/4266 3832/4256
f 2397/2602 2444/2665 4867/5482
f 2444/2664 4747/5318 4748/5319
f 2444/2664 4748/5319 4867/5481
f 4747/5318 4743/5313 4748/5319
f 4743/5313 4948/5609 4933/5584
f 4404/4916 4407/4919 4413/4925
f 4407/4919 4495/5023 4413/4925
f 4401/4913 4399/4911 4414/4926
f 4495/5022 4709/5278 4708/5277
f 4708/5277 4709/5278 4707/5276
f 4436/4948 4421/4933 4434/4946
f 4458/4973 4436/4948 4459/4974
f 4458/4973 4459/4974 4490/5016
f 4010/4472 371/378 258/258
f 259/259 248/248 258/258
f 218/218 220/220 219/219
f 322/322 381/393 315/315
f 322/322 315/315 311/311
f 381/393 3111/3440 445/500
f 3100/3424 3106/3434 3108/3436
f 3090/3411 3096/3419 3106/3434
f 3096/3419 3091/3412 3095/3418
f 3091/3412 3094/3417 3095/3418
f 3104/3430 3103/3428 2397/2602
f 3103/3427 4746/5316 2444/2664
f 3103/3428 2444/2665 2397/2602
f 4746/5316 4747/5318 2444/2664
f 3827/4251 3831/4255 3826/4250
f 4397/4909 4405/4917 4400/4912
f 4397/4909 4396/4908 4405/4917
f 4396/4908 4404/4916 4405/4917
f 4407/4919 4450/4965 4495/5023
f 4450/4964 4709/5278 4495/5022
f 4421/4933 4408/4920 4409/4921
f 4424/4936 4421/4933 4436/4948
f 4707/5276 4834/5429 4835/5430
f 4835/5430 4834/5429 4007/4466
f 4834/5429 4899/5532 4007/4466
f 4496/5024 4489/5015 4490/5016
f 1497/1584 4497/5025 4496/5024
f 3960/4406 3983/4433 3948/4394
f 3985/4435 371/379 3998/4452
f 371/378 259/259 258/258
f 259/259 260/260 248/248
f 248/248 217/217 215/215
f 217/217 218/218 216/216
f 241/241 266/266 237/237
f 3111/3441 3100/3424 3108/3436
f 3852/4287 3836/4261 3853/4289
f 3090/3411 3091/3412 3096/3419
f 3091/3412 3076/3395 3094/3417
f 3076/3395 2414/2626 3094/3417
f 2414/2626 3097/3420 3105/3433
f 3097/3420 3086/3407 3104/3431
f 3086/3407 3103/3429 3104/3431
f 3828/4252 3827/4251 3819/4242
f 4949/5612 4948/5609 4743/5313
f 4396/4908 4395/4907 4404/4916
f 4395/4907 4407/4919 4404/4916
f 4395/4907 4406/4918 4407/4919
f 4406/4918 4450/4965 4407/4919
f 4392/4904 4399/4911 4401/4913
f 4399/4911 4390/4902 4400/4912
f 4390/4902 4397/4909 4400/4912
f 4408/4920 4401/4913 4409/4921
f 4408/4920 4392/4904 4401/4913
f 4458/4973 4424/4936 4436/4948
f 4834/5429 4898/5530 4899/5532
f 4497/5025 4489/5015 4496/5024
f 1498/1586 4497/5025 1497/1584
f 3985/4435 4005/4463 371/379
f 215/215 217/217 216/216
f 238/238 241/241 237/237
f 241/241 311/311 266/266
f 311/311 356/361 322/322
f 322/322 356/361 381/393
f 356/361 3111/3440 381/393
f 3087/3408 3097/3420 3082/3401
f 3087/3408 3086/3407 3097/3420
f 3086/3407 3088/3409 3103/3429
f 3088/3409 3098/3422 3103/3429
f 3098/3421 4742/5312 3112/3442
f 4742/5312 4746/5316 3112/3442
f 4746/5316 4743/5313 4747/5318
f 3827/4251 3818/4241 3819/4242
f 4394/4906 4406/4918 4395/4907
f 4450/4964 4478/5001 4709/5278
f 4406/4918 4478/5002 4450/4965
f 4392/4904 4383/4895 4399/4911
f 4383/4895 4390/4902 4399/4911
f 4398/4910 4392/4904 4408/4920
f 4424/4936 4398/4910 4421/4933
f 4398/4910 4408/4920 4421/4933
f 4709/5278 4710/5279 4707/5276
f 4707/5276 4710/5279 4834/5429
f 4442/4954 4424/4936 4458/4973
f 4834/5429 4897/5528 4898/5530
f 4442/4954 4458/4973 4489/5015
f 3960/4406 3984/4434 3983/4433
f 4008/4468 259/259 371/378
f 4008/4468 316/316 259/259
f 316/316 260/260 259/259
f 260/260 249/249 248/248
f 249/249 217/217 248/248
f 240/240 241/241 238/238
f 310/310 311/311 241/241
f 311/311 357/362 356/361
f 1568/1671 925/1001 1567/1670
f 357/363 3101/3425 3111/3441
f 357/362 3111/3440 356/361
f 3082/3401 3081/3400 3087/3408
f 3081/3400 3080/3399 3087/3408
f 3085/3405 4742/5312 3098/3421
f 3832/4256 3819/4242 3814/4237
f 4742/5312 4743/5313 4746/5316
f 4741/5311 4970/5650 4949/5612
f 4741/5311 4949/5612 4743/5313
f 3830/4254 3823/4246 3820/4243
f 4390/4902 4391/4903 4397/4909
f 4397/4909 4391/4903 4396/4908
f 4391/4903 4395/4907 4396/4908
f 4391/4903 4394/4906 4395/4907
f 4394/4906 4478/5002 4406/4918
f 4419/4931 4398/4910 4424/4936
f 4491/5017 4456/4971 4442/4954
f 4491/5017 4489/5015 4497/5025
f 4491/5017 4497/5025 1498/1586
f 1520/1613 4491/5017 1498/1586
f 239/239 240/240 238/238
f 310/310 357/362 311/311
f 3077/3396 3066/3385 3089/3410
f 3836/4261 3821/4244 3838/4263
f 3065/3384 3076/3395 3083/3402
f 3080/3399 3074/3393 3086/3407
f 3074/3393 3075/3394 3086/3407
f 4740/5310 4742/5312 3085/3405
f 3819/4242 3818/4241 3814/4237
f 4390/4902 4377/4889 4391/4903
f 4478/5001 4955/5623 4709/5278
f 4394/4906 4955/5624 4478/5002
f 4392/4904 4382/4894 4383/4895
f 4382/4894 4379/4891 4383/4895
f 4955/5623 4782/5365 4709/5278
f 4398/4910 4382/4894 4392/4904
f 4782/5365 4711/5280 4709/5278
f 4709/5278 4711/5280 4710/5279
f 4834/5429 4710/5279 4897/5528
f 4456/4971 4422/4934 4442/4954
f 4710/5279 4006/4464 4897/5528
f 4494/5021 4457/4972 4491/5017
f 3990/4441 4000/4455 4008/4469
f 388/402 316/316 4008/4468
f 388/402 317/317 316/316
f 316/316 317/317 260/260
f 317/317 261/261 260/260
f 260/260 261/261 249/249
f 220/220 239/239 238/238
f 240/240 310/310 241/241
f 310/310 3118/3452 357/362
f 3118/3453 3092/3413 357/363
f 357/363 3092/3413 3101/3425
f 3092/3413 3078/3397 3101/3425
f 3062/3380 3081/3400 3076/3395
f 3071/3390 3074/3393 3080/3399
f 4854/5458 4740/5310 3085/3405
f 4740/5310 4741/5311 4742/5312
f 3808/4231 3809/4232 3802/4225
f 4741/5311 4743/5313 4742/5312
f 3824/4247 4970/5650 4741/5311
f 4391/4903 4378/4890 4394/4906
f 4378/4890 4393/4905 4394/4906
f 4379/4891 4390/4902 4383/4895
f 4379/4891 4377/4889 4390/4902
f 4393/4905 4955/5624 4394/4906
f 4389/4901 4382/4894 4398/4910
f 4402/4914 4398/4910 4419/4931
f 4457/4972 4422/4934 4456/4971
f 261/261 265/265 249/249
f 243/243 220/220 218/218
f 240/240 3118/3452 310/310
f 1577/1681 1576/1680 903/979
f 3068/3387 3092/3413 3118/3453
f 3067/3386 3078/3397 3092/3413
f 3055/3370 3052/3367 3078/3397
f 3078/3397 3052/3367 3077/3396
f 3071/3390 3073/3392 3074/3393
f 3073/3392 3072/3391 3074/3393
f 3072/3391 4853/5457 4854/5459
f 4853/5456 4740/5310 4854/5458
f 4377/4889 4378/4890 4391/4903
f 4368/4880 4363/4875 4379/4891
f 4379/4891 4363/4875 4377/4889
f 4381/4893 4955/5624 4393/4905
f 4382/4894 4376/4888 4379/4891
f 4376/4888 4368/4880 4379/4891
f 4402/4914 4389/4901 4398/4910
f 4422/4934 4420/4932 4402/4914
f 4457/4972 4420/4932 4422/4934
f 4710/5279 4712/5281 4006/4464
f 4006/4464 4712/5281 3979/4425
f 4482/5007 4457/4972 4494/5021
f 3932/4377 3973/4419 3991/4442
f 4000/4455 380/392 388/403
f 380/391 317/317 388/402
f 380/391 261/261 317/317
f 265/265 251/251 249/249
f 250/250 217/217 249/249
f 239/239 347/351 240/240
f 240/240 347/351 3118/3452
f 347/352 3079/3398 3118/3453
f 3079/3398 3068/3387 3118/3453
f 3062/3380 3059/3375 3071/3390
f 3071/3390 3059/3375 3073/3392
f 3072/3391 4772/5352 4853/5457
f 4772/5351 4740/5310 4853/5456
f 3821/4244 3812/4235 3795/4217
f 3812/4235 3801/4224 3795/4217
f 3808/4231 3802/4225 3801/4224
f 3809/4232 3799/4222 3802/4225
f 3815/4238 3803/4226 3800/4223
f 3810/4233 3824/4248 3813/4236
f 4890/5516 3824/4247 4741/5311
f 3813/4236 3824/4248 4890/5517
f 4378/4890 4381/4893 4393/4905
f 4363/4875 4362/4874 4377/4889
f 4350/4862 4381/4893 4378/4890
f 4381/4893 4479/5004 4955/5624
f 4955/5623 4479/5003 4782/5365
f 4420/4932 4403/4915 4402/4914
f 4403/4915 4387/4899 4402/4914
f 4482/5007 4453/4968 4457/4972
f 4457/4972 4453/4968 4420/4932
f 4712/5281 4886/5511 3979/4425
f 4494/5021 4498/5026 4482/5007
f 380/391 379/390 261/261
f 379/390 265/265 261/261
f 251/251 250/250 249/249
f 220/220 242/242 239/239
f 1580/1686 911/987 913/989
f 1576/1680 1575/1679 913/989
f 3119/3455 3079/3398 347/352
f 3057/3373 3062/3380 3058/3374
f 3063/3381 3084/3404 4772/5352
f 3084/3403 4739/5309 4772/5351
f 3821/4244 3795/4217 3794/4216
f 4739/5309 4740/5310 4772/5351
f 4739/5309 4738/5308 4740/5310
f 4738/5308 4741/5311 4740/5310
f 4738/5308 4890/5516 4741/5311
f 3800/4223 3803/4226 3793/4215
f 4362/4874 4361/4873 4378/4890
f 4362/4874 4378/4890 4377/4889
f 4361/4873 4350/4862 4378/4890
f 4350/4862 4479/5004 4381/4893
f 4375/4887 4368/4880 4376/4888
f 4389/4901 4375/4887 4376/4888
f 4711/5280 4713/5282 4712/5281
f 4711/5280 4712/5281 4710/5279
f 4713/5282 4714/5283 4712/5281
f 4712/5281 4714/5283 4886/5511
f 4714/5283 4885/5509 4886/5511
f 4498/5026 4467/4985 4482/5007
f 4482/5007 4467/4985 4453/4968
f 4498/5026 4499/5027 4467/4985
f 4522/5056 4499/5027 4498/5026
f 3973/4419 3992/4443 3991/4442
f 4001/4456 379/390 380/391
f 379/390 366/373 265/265
f 366/373 251/251 265/265
f 217/217 243/243 218/218
f 244/244 242/242 220/220
f 242/242 360/366 239/239
f 360/366 3119/3454 239/239
f 239/239 3119/3454 347/351
f 1380/1462 1382/1464 1575/1679
f 3847/4277 3806/4229 3848/4279
f 3821/4244 3805/4228 3822/4245
f 3059/3375 3050/3365 3070/3389
f 3050/3365 3063/3381 3070/3389
f 3063/3381 4771/5350 3084/3404
f 4771/5349 4739/5309 3084/3403
f 3801/4224 3802/4225 3787/4209
f 3801/4224 3787/4209 3788/4210
f 3802/4225 3799/4222 3787/4209
f 3803/4226 3796/4218 3793/4215
f 3796/4218 3810/4233 3797/4219
f 3797/4219 3813/4236 3798/4221
f 3813/4236 4890/5517 3798/4221
f 4350/4862 4981/5674 4479/5004
f 4981/5673 4782/5365 4479/5003
f 4375/4887 4367/4879 4368/4880
f 4367/4879 4363/4875 4368/4880
f 4367/4879 4355/4867 4363/4875
f 4387/4899 4375/4887 4389/4901
f 4420/4932 4417/4929 4403/4915
f 4431/4943 4420/4932 4453/4968
f 4431/4943 4417/4929 4420/4932
f 4467/4985 4431/4943 4453/4968
f 1501/1590 4499/5027 4522/5056
f 366/373 318/318 251/251
f 251/251 318/318 250/250
f 250/250 247/247 217/217
f 217/217 246/246 243/243
f 246/246 245/245 243/243
f 243/243 244/244 220/220
f 244/244 355/360 242/242
f 355/360 360/366 242/242
f 1382/1464 1574/1678 1580/1686
f 360/367 3069/3388 3119/3455
f 3806/4229 3804/4227 3848/4279
f 3045/3360 3050/3365 3059/3375
f 3051/3366 3064/3383 4771/5350
f 3064/3382 4739/5309 4771/5349
f 3800/4223 3793/4215 3781/4201
f 3798/4220 4890/5516 4738/5308
f 4361/4873 4348/4860 4350/4862
f 4348/4860 4345/4857 4350/4862
f 4345/4857 4981/5674 4350/4862
f 4375/4887 4364/4876 4367/4879
f 4363/4875 4355/4867 4362/4874
f 4981/5673 4882/5504 4782/5365
f 4782/5365 4882/5504 4711/5280
f 4345/4856 4882/5504 4981/5673
f 4387/4899 4364/4876 4375/4887
f 4882/5504 4766/5342 4711/5280
f 4711/5280 4766/5342 4713/5282
f 4387/4899 4386/4898 4364/4876
f 4417/4929 4386/4898 4403/4915
f 4386/4898 4387/4899 4403/4915
f 4714/5283 4716/5285 4885/5509
f 4885/5509 4716/5285 3859/4299
f 4500/5028 4467/4985 4499/5027
f 1441/1524 1442/1525 1439/1522
f 4004/4461 366/373 379/390
f 4004/4461 3015/3321 366/373
f 366/373 335/337 318/318
f 335/337 250/250 318/318
f 335/337 247/247 250/250
f 247/247 246/246 217/217
f 245/245 244/244 243/243
f 1574/1678 1486/1572 910/986
f 355/360 3061/3378 360/366
f 1383/1465 1385/1467 1382/1464
f 1379/1461 1531/1624 1381/1463
f 3806/4229 3789/4211 3804/4227
f 3805/4228 3778/4198 3789/4211
f 3093/3414 4737/5306 3042/3356
f 4737/5306 4739/5309 3064/3382
f 4737/5306 3064/3382 3042/3356
f 3794/4216 3777/4197 3778/4198
f 3777/4197 3783/4203 3772/4192
f 3787/4209 3781/4201 3782/4202
f 3793/4215 3779/4199 3781/4201
f 3793/4215 3780/4200 3779/4199
f 3793/4215 3796/4218 3780/4200
f 3797/4219 3798/4221 3786/4208
f 3797/4219 3786/4208 3784/4204
f 4351/4863 4348/4860 4361/4873
f 4351/4863 4361/4873 4362/4874
f 4348/4860 4344/4855 4345/4857
f 4364/4876 4359/4871 4367/4879
f 4359/4871 4355/4867 4367/4879
f 4344/4855 4882/5505 4345/4857
f 4386/4898 4380/4892 4364/4876
f 4364/4876 4380/4892 4365/4877
f 4766/5342 4715/5284 4713/5282
f 4713/5282 4715/5284 4714/5283
f 4715/5284 4716/5285 4714/5283
f 4467/4985 4418/4930 4431/4943
f 4418/4930 4417/4929 4431/4943
f 4716/5285 4925/5569 3859/4299
f 4500/5028 4483/5008 4467/4985
f 4716/5285 4914/5554 4925/5569
f 1501/1590 4519/5052 4500/5028
f 3931/4375 3982/4431 3974/4420
f 3996/4448 3015/3322 4004/4462
f 335/337 336/338 247/247
f 336/338 323/323 247/247
f 323/323 246/246 247/247
f 245/245 342/344 244/244
f 342/344 3060/3376 355/360
f 3060/3376 3061/3378 355/360
f 3048/3363 3028/3341 3037/3350
f 3804/4227 3789/4211 3792/4214
f 3041/3355 4737/5307 3093/3415
f 4737/5306 4738/5308 4739/5309
f 3780/4200 3784/4204 3773/4193
f 4738/5308 3786/4207 3798/4220
f 4365/4877 4358/4870 4364/4876
f 4364/4876 4358/4870 4359/4871
f 4358/4870 4355/4867 4359/4871
f 4418/4930 4386/4898 4417/4929
f 4483/5008 4461/4976 4467/4985
f 4716/5285 4892/5519 4914/5554
f 4519/5052 4512/5041 4500/5028
f 4500/5028 4512/5041 4483/5008
f 3012/3318 450/511 3015/3323
f 450/510 434/477 335/337
f 434/477 336/338 335/337
f 323/323 327/327 246/246
f 246/246 327/327 245/245
f 327/327 342/344 245/245
f 394/411 441/492 342/344
f 441/492 3060/3376 342/344
f 1486/1572 1405/1487 1092/1168
f 3029/3342 3030/3343 3060/3377
f 3060/3377 3030/3343 3061/3379
f 3030/3343 3028/3341 3048/3363
f 3026/3338 3023/3335 3034/3347
f 4874/5493 4737/5306 3027/3339
f 3778/4198 3761/4179 3789/4211
f 3778/4198 3777/4197 3761/4179
f 3777/4197 3752/4169 3761/4179
f 3777/4197 3772/4192 3752/4169
f 3783/4203 3782/4202 3769/4188
f 3783/4203 3769/4188 3772/4192
f 3782/4202 3764/4182 3769/4188
f 4736/5305 3785/4205 4738/5308
f 3782/4202 3781/4201 3764/4182
f 3764/4182 3781/4201 3763/4181
f 3781/4201 3779/4199 3763/4181
f 3779/4199 3780/4200 3765/4183
f 3785/4205 3786/4207 4738/5308
f 3780/4200 3773/4193 3765/4183
f 3784/4204 3786/4208 3785/4206
f 3784/4204 3785/4206 3771/4191
f 4354/4866 4351/4863 4355/4867
f 4354/4866 4352/4864 4351/4863
f 4352/4864 4349/4861 4351/4863
f 4351/4863 4349/4861 4348/4860
f 4344/4855 4985/5682 4882/5505
f 4985/5681 4766/5342 4882/5504
f 4358/4870 4354/4866 4355/4867
f 4766/5342 4805/5389 4715/5284
f 4386/4898 4388/4900 4380/4892
f 4418/4930 4388/4900 4386/4898
f 4423/4935 4388/4900 4418/4930
f 4715/5284 4717/5286 4716/5285
f 4716/5285 4717/5286 4892/5519
f 4483/5008 4492/5018 4461/4976
f 4717/5286 4893/5520 4892/5519
f 4528/5067 4512/5041 4519/5052
f 3012/3318 3004/3310 434/478
f 3012/3318 434/478 450/511
f 336/338 434/477 354/359
f 434/477 3016/3324 354/359
f 354/359 327/327 323/323
f 425/463 440/490 327/327
f 327/327 440/490 394/411
f 440/490 441/492 394/411
f 441/493 3029/3342 3060/3377
f 3002/3308 3025/3337 3029/3342
f 3009/3315 3014/3320 3026/3338
f 3789/4211 3776/4196 3791/4213
f 3789/4211 3754/4171 3776/4196
f 3021/3333 3006/3312 3020/3332
f 3019/3330 4735/5304 4874/5493
f 4735/5304 4737/5306 4874/5493
f 3789/4211 3761/4179 3754/4171
f 3772/4192 3769/4188 3752/4169
f 3769/4188 3753/4170 3752/4169
f 4736/5305 4738/5308 4737/5306
f 3773/4193 3771/4191 3765/4183
f 3771/4191 3785/4206 4976/5663
f 3773/4193 3784/4204 3771/4191
f 4349/4861 4343/4854 4348/4860
f 4348/4860 4343/4854 4344/4855
f 4343/4854 4985/5682 4344/4855
f 4985/5681 4342/4852 4766/5342
f 4766/5342 4342/4852 4805/5389
f 4343/4854 4342/4853 4985/5682
f 4388/4900 4384/4896 4380/4892
f 4384/4896 4365/4877 4380/4892
f 4805/5389 4718/5287 4715/5284
f 4718/5287 4717/5286 4715/5284
f 4461/4976 4423/4935 4418/4930
f 4492/5018 4423/4935 4461/4976
f 4717/5286 4720/5289 4893/5520
f 4492/5018 4470/4989 4423/4935
f 4893/5520 4720/5289 4907/5544
f 4528/5067 1462/1547 4513/5042
f 2932/3228 2947/3248 2963/3265
f 3016/3324 425/463 354/359
f 2999/3305 3000/3306 440/491
f 3791/4213 3776/4196 3775/4195
f 3011/3317 3056/3372 3038/3352
f 3056/3371 4735/5304 3038/3351
f 3761/4179 3752/4169 3754/4171
f 4735/5304 4736/5305 4737/5306
f 3769/4188 3766/4184 3753/4170
f 3769/4188 3764/4182 3766/4184
f 3765/4183 3771/4191 3762/4180
f 3771/4191 3767/4185 3762/4180
f 3771/4191 4976/5663 3767/4185
f 4976/5662 3785/4205 4736/5305
f 4360/4872 4354/4866 4358/4870
f 4352/4864 4346/4858 4349/4861
f 4349/4861 4346/4858 4343/4854
f 4346/4858 4340/4849 4343/4854
f 4340/4849 4342/4853 4343/4854
f 4360/4872 4357/4869 4354/4866
f 4357/4869 4352/4864 4354/4866
f 4342/4852 4341/4850 4805/5389
f 4805/5389 4341/4850 4718/5287
f 4340/4849 4341/4851 4342/4853
f 4384/4896 4366/4878 4365/4877
f 4365/4877 4366/4878 4358/4870
f 4358/4870 4366/4878 4360/4872
f 4341/4850 4881/5503 4718/5287
f 4423/4935 4384/4896 4388/4900
f 4437/4949 4384/4896 4423/4935
f 4718/5287 4719/5288 4717/5286
f 4717/5286 4719/5288 4720/5289
f 4470/4989 4462/4977 4423/4935
f 4462/4977 4437/4949 4423/4935
f 4720/5289 4908/5546 4907/5544
f 4513/5042 4508/5037 4492/5018
f 4492/5018 4508/5037 4470/4989
f 4720/5289 4846/5446 4908/5546
f 4520/5053 4508/5037 4513/5042
f 1462/1547 1552/1650 4520/5053
f 2924/3220 2925/3221 2947/3248
f 2996/3302 2997/3303 2998/3304
f 2997/3303 2999/3305 2998/3304
f 2983/3287 2980/3284 2999/3305
f 3775/4195 3758/4175 3774/4194
f 2988/3292 2991/3295 2992/3296
f 2984/3288 3006/3312 3008/3314
f 3776/4196 3744/4160 3758/4175
f 3776/4196 3758/4175 3775/4195
f 3005/3311 4911/5551 3018/3329
f 4911/5550 3056/3371 3018/3328
f 3754/4171 3744/4160 3776/4196
f 3056/3371 4744/5314 4735/5304
f 4744/5314 4736/5305 4735/5304
f 3753/4170 3766/4184 3746/4162
f 3766/4184 3764/4182 3746/4162
f 3764/4182 3763/4181 3745/4161
f 3763/4181 3751/4168 3745/4161
f 3763/4181 3765/4183 3751/4168
f 3765/4183 3750/4167 3751/4168
f 3768/4186 4976/5662 4736/5305
f 3765/4183 3762/4180 3750/4167
f 3767/4185 4976/5663 3768/4187
f 4357/4869 4356/4868 4352/4864
f 4356/4868 4353/4865 4352/4864
f 4352/4864 4353/4865 4346/4858
f 4346/4858 4341/4851 4340/4849
f 4881/5503 4768/5344 4718/5287
f 4718/5287 4768/5344 4719/5288
f 4437/4949 4385/4897 4384/4896
f 4719/5288 4721/5290 4720/5289
f 4508/5037 4493/5019 4470/4989
f 4470/4989 4493/5019 4462/4977
f 4720/5289 4721/5290 4846/5446
f 4721/5290 4767/5343 4846/5446
f 4508/5037 4517/5048 4493/5019
f 4767/5343 4896/5526 4846/5446
f 4520/5053 4517/5048 4508/5037
f 4520/5053 4521/5054 4517/5048
f 4520/5053 4525/5061 4521/5054
f 1474/1559 1589/1699 1552/1649
f 3855/4292 1589/1699 1474/1559
f 2959/3260 2962/3264 2997/3303
f 2962/3264 2983/3287 2997/3303
f 2962/3264 2970/3273 2983/3287
f 2977/3281 2976/3280 2978/3282
f 3774/4194 3756/4173 3757/4174
f 2994/3299 4745/5315 4911/5550
f 4745/5315 3056/3371 4911/5550
f 3744/4160 3718/4127 3758/4175
f 3754/4171 3716/4125 3744/4160
f 3754/4171 3752/4169 3716/4125
f 3752/4169 3753/4170 3715/4124
f 3752/4169 3715/4124 3716/4125
f 3753/4170 3746/4162 3715/4124
f 3746/4162 3764/4182 3745/4161
f 3762/4180 3767/4185 3748/4164
f 3762/4180 3748/4164 3747/4163
f 3767/4185 3768/4187 3748/4164
f 3748/4164 3768/4187 3759/4177
f 4353/4865 4347/4859 4346/4858
f 4347/4859 4977/5665 4346/4858
f 4346/4858 4977/5665 4341/4851
f 4360/4872 4369/4881 4357/4869
f 4369/4881 4356/4868 4357/4869
f 4341/4850 4977/5664 4881/5503
f 4881/5503 4977/5664 4768/5344
f 4374/4886 4370/4882 4366/4878
f 4366/4878 4370/4882 4360/4872
f 4370/4882 4369/4881 4360/4872
f 4385/4897 4374/4886 4384/4896
f 4384/4896 4374/4886 4366/4878
f 4462/4977 3737/4150 4437/4949
f 3737/4150 4385/4897 4437/4949
f 4493/5019 3737/4150 4462/4977
f 4767/5343 4842/5438 4896/5526
f 4525/5061 4527/5064 4521/5054
f 1589/1701 4527/5064 4525/5061
f 1589/1700 3807/4230 4527/5065
f 3855/4293 3807/4230 1589/1700
f 3855/4293 3790/4212 3807/4230
f 3854/4291 3790/4212 3855/4293
f 3854/4291 3850/4283 3790/4212
f 3850/4283 3755/4172 3760/4178
f 3757/4174 3756/4173 3755/4172
f 4769/5345 4745/5315 2993/3297
f 3756/4173 3758/4175 3706/4114
f 3758/4175 3718/4127 3706/4114
f 4745/5315 2994/3299 2993/3297
f 3718/4127 3744/4160 3717/4126
f 4745/5315 4734/5303 3056/3371
f 3744/4160 3716/4125 3717/4126
f 3056/3371 4734/5303 4744/5314
f 3746/4162 3745/4161 3715/4124
f 3745/4161 3751/4168 3712/4120
f 3751/4168 3750/4167 3712/4120
f 3748/4164 3759/4177 3743/4159
f 3770/4189 3759/4176 4736/5305
f 3770/4189 4736/5305 4744/5314
f 3743/4159 3759/4177 3770/4190
f 4736/5305 3759/4176 3768/4186
f 4373/4885 4347/4859 4353/4865
f 4373/4885 4465/4982 4347/4859
f 4347/4859 4465/4982 4977/5665
f 4369/4881 4371/4883 4356/4868
f 4356/4868 4371/4883 4353/4865
f 4371/4883 4372/4884 4353/4865
f 4353/4865 4372/4884 4373/4885
f 4977/5664 4516/5046 4768/5344
f 4465/4982 4516/5047 4977/5665
f 4516/5046 4804/5388 4768/5344
f 4768/5344 4804/5388 4719/5288
f 3737/4150 4466/4983 4385/4897
f 4385/4897 4466/4983 4374/4886
f 4804/5388 4722/5291 4719/5288
f 4719/5288 4722/5291 4721/5290
f 4493/5020 3732/4142 3737/4151
f 4722/5291 4723/5292 4721/5290
f 4721/5290 4723/5292 4767/5343
f 4517/5048 4518/5049 4493/5019
f 4518/5050 3732/4142 4493/5020
f 4767/5343 4723/5292 4842/5438
f 4521/5054 4518/5049 4517/5048
f 4723/5292 4841/5437 4842/5438
f 4842/5438 4841/5437 4918/5558
f 4521/5054 4523/5057 4518/5049
f 4527/5064 4523/5057 4521/5054
f 4841/5437 2944/3244 4918/5558
f 4527/5065 3739/4155 4523/5058
f 3807/4230 3739/4155 4527/5065
f 3790/4212 3739/4155 3807/4230
f 3790/4212 3740/4156 3739/4155
f 3760/4178 3740/4156 3790/4212
f 3760/4178 3741/4157 3740/4156
f 3755/4172 3741/4157 3760/4178
f 3755/4172 3742/4158 3741/4157
f 2957/3258 2972/3276 2968/3271
f 3756/4173 3742/4158 3755/4172
f 2972/3275 3017/3326 4769/5345
f 2972/3276 4769/5346 2968/3271
f 3017/3326 4733/5302 4769/5345
f 3756/4173 3706/4114 3742/4158
f 3718/4127 3702/4110 3706/4114
f 4733/5302 4745/5315 4769/5345
f 3718/4127 3717/4126 3702/4110
f 3717/4126 3698/4106 3702/4110
f 4733/5302 4734/5303 4745/5315
f 3717/4126 3716/4125 3698/4106
f 3716/4125 3715/4124 3710/4118
f 3715/4124 3709/4117 3710/4118
f 3715/4124 3745/4161 3709/4117
f 3745/4161 3712/4120 3709/4117
f 3749/4165 3770/4189 4744/5314
f 3743/4159 3770/4190 3749/4166
f 3712/4120 3750/4167 3711/4119
f 3750/4167 3747/4163 3711/4119
f 3747/4163 3748/4164 3713/4121
f 3747/4163 3713/4121 3711/4119
f 3748/4164 3743/4159 3713/4121
f 4370/4882 4371/4883 4369/4881
f 4374/4886 3735/4146 4370/4882
f 4370/4882 3735/4146 4371/4883
f 4516/5046 4515/5044 4804/5388
f 4465/4982 4515/5045 4516/5047
f 3734/4144 3735/4146 4374/4886
f 4466/4983 3734/4144 4374/4886
f 3732/4142 3733/4143 3737/4151
f 3733/4143 4466/4984 3737/4151
f 4523/5058 3724/4133 4518/5050
f 4518/5050 3724/4133 3732/4142
f 4723/5292 2961/3262 4841/5437
f 3739/4155 3719/4128 4523/5058
f 4523/5058 3719/4128 3724/4133
f 4723/5292 4726/5295 2961/3262
f 4726/5295 4806/5390 2961/3262
f 3739/4155 3731/4141 3719/4128
f 3740/4156 3731/4141 3739/4155
f 4726/5295 4729/5298 4806/5390
f 4806/5390 4729/5298 2964/3266
f 3740/4156 3704/4112 3731/4141
f 3741/4157 3704/4112 3740/4156
f 4729/5298 4730/5299 2964/3266
f 3741/4157 3705/4113 3704/4112
f 4730/5299 3017/3326 2964/3266
f 3742/4158 3705/4113 3741/4157
f 4730/5299 4733/5302 3017/3326
f 3742/4158 3706/4114 3705/4113
f 3706/4114 3702/4110 3705/4113
f 4730/5299 4732/5301 4733/5302
f 3698/4106 3696/4104 3702/4110
f 4732/5301 4734/5303 4733/5302
f 3710/4118 3697/4105 3698/4106
f 3710/4118 3701/4109 3697/4105
f 3710/4118 3709/4117 3701/4109
f 3709/4117 3695/4103 3701/4109
f 3709/4117 3712/4120 3695/4103
f 3712/4120 3711/4119 3699/4107
f 3714/4122 3749/4165 4744/5314
f 3714/4122 4744/5314 4734/5303
f 3713/4121 3743/4159 3714/4123
f 3743/4159 3749/4166 3714/4123
f 3735/4146 3736/4148 4371/4883
f 3736/4148 4463/4978 4371/4883
f 4371/4883 4463/4978 4372/4884
f 4372/4884 4463/4978 4373/4885
f 4463/4978 4464/4980 4373/4885
f 4373/4885 4468/4986 4465/4982
f 4468/4986 4515/5045 4465/4982
f 4464/4980 4468/4986 4373/4885
f 4515/5044 3738/4152 4804/5388
f 4468/4986 3738/4153 4515/5045
f 4804/5388 3738/4152 4722/5291
f 3722/4131 3734/4145 4466/4984
f 3738/4152 4724/5293 4722/5291
f 3723/4132 4466/4984 3733/4143
f 3723/4132 3722/4131 4466/4984
f 4722/5291 4724/5293 4723/5292
f 3732/4142 3723/4132 3733/4143
f 3724/4133 3708/4116 3732/4142
f 3708/4116 3723/4132 3732/4142
f 4724/5293 4725/5294 4723/5292
f 4725/5294 4726/5295 4723/5292
f 3719/4128 3703/4111 3724/4133
f 3731/4141 3707/4115 3719/4128
f 3719/4128 3707/4115 3703/4111
f 3704/4112 3707/4115 3731/4141
f 3704/4112 3692/4100 3691/4099
f 4729/5298 4728/5297 4730/5299
f 3705/4113 3692/4100 3704/4112
f 4728/5297 4731/5300 4730/5299
f 3702/4110 3692/4100 3705/4113
f 3702/4110 3688/4096 3692/4100
f 4730/5299 4731/5300 4732/5301
f 3696/4104 3688/4096 3702/4110
f 3696/4104 3687/4095 3688/4096
f 3696/4104 3698/4106 3687/4095
f 3698/4106 3697/4105 3687/4095
f 3697/4105 3701/4109 3694/4102
f 3701/4109 3695/4103 3694/4102
f 4946/5605 4734/5303 4732/5301
f 3711/4119 3700/4108 3699/4107
f 3713/4121 3714/4123 3700/4108
f 3700/4108 3714/4123 4946/5606
f 4946/5605 3714/4122 4734/5303
f 3712/4120 3699/4107 3695/4103
f 3711/4119 3713/4121 3700/4108
f 3735/4147 3726/4135 3736/4149
f 4463/4979 3727/4136 4464/4981
f 3727/4136 3728/4137 4464/4981
f 3728/4137 4468/4987 4464/4981
f 4468/4987 3729/4138 3738/4154
f 3721/4130 3734/4145 3722/4131
f 3721/4130 3735/4147 3734/4145
f 3726/4135 3725/4134 4463/4979
f 3726/4135 4463/4979 3736/4149
f 3725/4134 3727/4136 4463/4979
f 3728/4137 3729/4138 4468/4987
f 3738/4152 4964/5638 4724/5293
f 3729/4138 4964/5639 3738/4154
f 3721/4130 3726/4135 3735/4147
f 4964/5638 4894/5523 4724/5293
f 4724/5293 4894/5523 4725/5294
f 3708/4116 3658/4065 3723/4132
f 3723/4132 3658/4065 3722/4131
f 3703/4111 3676/4083 3708/4116
f 4725/5294 4727/5296 4726/5295
f 3703/4111 3680/4087 3676/4083
f 3707/4115 3680/4087 3703/4111
f 4727/5296 4728/5297 4726/5295
f 4726/5295 4728/5297 4729/5298
f 3704/4112 3680/4087 3707/4115
f 3704/4112 3691/4099 3680/4087
f 3691/4099 3677/4084 3680/4087
f 3692/4100 3677/4084 3691/4099
f 3692/4100 3679/4086 3677/4084
f 3679/4086 3678/4085 3677/4084
f 3688/4096 3679/4086 3692/4100
f 3679/4086 3683/4091 3678/4085
f 3688/4096 3683/4091 3679/4086
f 3688/4096 3687/4095 3683/4091
f 3687/4095 3686/4094 3683/4091
f 4731/5300 4956/5625 4732/5301
f 3697/4105 3694/4102 3687/4095
f 3694/4102 3686/4094 3687/4095
f 3694/4102 3685/4093 3686/4094
f 3694/4102 3695/4103 3685/4093
f 3695/4103 3699/4107 3685/4093
f 3699/4107 3684/4092 3685/4093
f 3684/4092 3700/4108 3689/4097
f 3700/4108 3690/4098 3689/4097
f 3700/4108 3693/4101 3690/4098
f 4956/5625 4946/5605 4732/5301
f 3693/4101 4946/5606 4956/5626
f 3699/4107 3700/4108 3684/4092
f 3700/4108 4946/5606 3693/4101
f 3729/4138 3720/4129 4964/5639
f 3727/4136 3655/4062 3728/4137
f 3655/4062 3729/4138 3728/4137
f 4964/5638 3857/4296 4894/5523
f 3720/4129 3857/4297 4964/5639
f 3722/4131 3657/4064 3721/4130
f 3657/4064 3656/4063 3721/4130
f 3656/4063 3726/4135 3721/4130
f 3656/4063 3654/4061 3725/4134
f 3656/4063 3725/4134 3726/4135
f 3725/4134 3654/4061 3727/4136
f 3653/4060 3655/4062 3727/4136
f 3655/4062 3720/4129 3729/4138
f 3658/4065 3657/4064 3722/4131
f 4894/5523 3857/4296 4725/5294
f 4950/5614 4725/5294 3857/4296
f 4950/5615 3857/4297 3720/4129
f 3658/4065 3644/4051 3657/4064
f 3644/4051 3656/4063 3657/4064
f 3676/4083 3646/4053 3658/4065
f 3646/4053 3644/4051 3658/4065
f 3646/4053 3645/4052 3644/4051
f 3680/4087 3675/4082 3676/4083
f 3676/4083 3675/4082 3646/4053
f 3675/4082 3645/4052 3646/4053
f 4727/5296 4765/5341 4728/5297
f 3677/4084 3675/4082 3680/4087
f 3677/4084 3666/4073 3675/4082
f 3675/4082 3666/4073 3645/4052
f 3666/4073 3663/4070 3645/4052
f 3666/4073 3672/4079 3663/4070
f 3678/4085 3666/4073 3677/4084
f 3678/4085 3672/4079 3666/4073
f 3672/4079 3670/4077 3663/4070
f 4765/5341 4895/5524 4728/5297
f 3673/4080 3670/4077 3672/4079
f 4895/5524 4731/5300 4728/5297
f 3682/4090 4895/5525 3681/4089
f 3678/4085 3683/4091 3672/4079
f 3683/4091 3673/4080 3672/4079
f 3683/4091 3686/4094 3673/4080
f 3673/4080 3668/4075 3670/4077
f 3668/4075 3684/4092 3667/4074
f 3684/4092 3689/4097 3667/4074
f 3689/4097 3671/4078 3667/4074
f 3690/4098 3693/4101 3682/4090
f 3690/4098 3682/4090 3671/4078
f 4895/5524 4956/5625 4731/5300
f 3693/4101 4956/5626 3682/4090
f 3682/4090 4956/5626 4895/5525
f 3686/4094 3685/4093 3673/4080
f 3685/4093 3668/4075 3673/4080
f 3685/4093 3684/4092 3668/4075
f 3689/4097 3690/4098 3671/4078
f 3654/4061 3653/4060 3727/4136
f 3655/4062 4950/5615 3720/4129
f 3643/4050 3647/4054 3656/4063
f 3656/4063 3647/4054 3654/4061
f 3647/4054 3653/4060 3654/4061
f 3655/4062 3659/4066 4950/5615
f 3644/4051 3643/4050 3656/4063
f 3647/4054 3650/4057 3653/4060
f 3650/4057 3651/4058 3653/4060
f 3653/4060 3651/4058 3655/4062
f 3651/4058 3659/4066 3655/4062
f 4950/5614 4727/5296 4725/5294
f 4950/5614 3730/4139 4727/5296
f 3659/4066 3730/4140 4950/5615
f 3649/4056 3650/4057 3647/4054
f 3650/4057 3649/4056 3651/4058
f 3649/4056 3652/4059 3651/4058
f 3652/4059 3659/4066 3651/4058
f 3665/4072 3730/4140 3659/4066
f 3645/4052 3641/4048 3644/4051
f 3641/4048 3643/4050 3644/4051
f 3641/4048 3642/4049 3643/4050
f 3642/4049 3647/4054 3643/4050
f 3642/4049 3648/4055 3647/4054
f 3648/4055 3649/4056 3647/4054
f 4727/5296 3730/4139 4765/5341
f 3652/4059 3665/4072 3659/4066
f 3730/4139 4930/5578 4765/5341
f 3665/4072 4930/5579 3730/4140
f 3641/4048 3663/4070 3642/4049
f 3663/4070 3660/4067 3642/4049
f 3645/4052 3663/4070 3641/4048
f 3642/4049 3660/4067 3648/4055
f 3660/4067 3661/4068 3649/4056
f 3660/4067 3649/4056 3648/4055
f 3661/4068 3662/4069 3649/4056
f 3649/4056 3662/4069 3652/4059
f 3662/4069 3665/4072 3652/4059
f 3662/4069 3674/4081 3665/4072
f 3674/4081 4930/5579 3665/4072
f 3663/4070 3664/4071 3660/4067
f 3670/4077 3668/4075 3664/4071
f 3668/4075 3660/4067 3664/4071
f 3667/4074 3661/4068 3660/4067
f 3669/4076 3671/4078 3662/4069
f 3669/4076 3662/4069 3661/4068
f 3662/4069 3681/4089 3674/4081
f 4930/5578 3681/4088 4765/5341
f 3674/4081 3681/4089 4930/5579
f 3663/4070 3670/4077 3664/4071
f 3668/4075 3667/4074 3660/4067
f 3667/4074 3669/4076 3661/4068
f 3671/4078 3681/4089 3662/4069
f 3681/4088 4895/5524 4765/5341
f 3667/4074 3671/4078 3669/4076
f 3671/4078 3682/4090 3681/4089

