# https://github.com/mikedh/trimesh
mtllib material.mtl

o geometry_0.002
usemtl Material_0.002
v -0.02636943 0.10989071 0.29393825
v 0.02447337 0.11100740 0.29390973
v 0.00647780 0.07502807 0.29371062
v 0.05438202 0.11173174 0.29415101
v 0.04983622 0.07805039 0.29415017
v 0.00536077 -0.00714814 0.29294914
v 0.04380506 -0.00601767 0.29349416
v 0.07761612 0.01489024 0.29429600
v 0.04783286 -0.10336063 0.29314232
v 0.10414419 0.08504058 0.29573593
v 0.11032532 0.10997621 0.29582828
v 0.14097916 0.04663794 0.29604337
v 0.16189215 0.07646874 0.29648700
v 0.19806266 0.03890970 0.29710990
v 0.16875996 0.01311614 0.29645488
v 0.11074440 0.01151352 0.29523504
v 0.06993769 -0.07298586 0.29404074
v 0.09828261 -0.07996313 0.29518226
v 0.05783704 -0.11580721 0.29334801
v 0.09854907 -0.10204817 0.29510450
v 0.13197266 -0.03592119 0.29578879
v 0.14242715 -0.07136592 0.29599258
v 0.16200382 -0.10521913 0.29600322
v 0.19872436 -0.07857973 0.29700711
v 0.20211390 -0.10694567 0.29671445
v 0.19751434 -0.05057288 0.29714838
v 0.24815106 -0.08188123 0.29860455
v 0.24624005 0.00625762 0.29837006
v 0.22947498 0.01338535 0.29795268
v 0.24257033 0.07476135 0.29843035
v 0.19706833 0.08328875 0.29702121
v 0.23524986 0.12017161 0.29777208
v 0.20733370 0.11177724 0.29690334
v 0.25756583 0.08463033 0.29866502
v 0.26001698 0.11707561 0.29817021
v 0.34495175 0.08923531 0.29885361
v 0.29984021 0.06612998 0.29879668
v 0.29872403 0.00298530 0.29874492
v 0.29928535 -0.03992358 0.29882932
v 0.33863646 -0.06404587 0.29892191
v 0.34162888 -0.08720466 0.29874370
v 0.24847008 -0.12044290 0.29816684
v 0.30771166 -0.11926454 0.29825893
v 0.36158696 -0.11681581 0.29846370
v 0.39891496 -0.10415366 0.29901746
v 0.40138856 -0.11739235 0.29893953
v 0.50945914 -0.10047365 0.29901212
v 0.51096284 -0.11646539 0.29889798
v 0.40133858 -0.07923936 0.29958799
v 0.50334239 -0.07668775 0.29957795
v 0.38626760 0.01189823 0.29956445
v 0.36006752 -0.02782295 0.29921746
v 0.35248056 0.04499341 0.29911801
v 0.33876598 0.01737661 0.29898745
v 0.39772367 0.08464010 0.29963341
v 0.41049409 0.00460944 0.29973760
v 0.45195213 0.02746467 0.29977188
v 0.44618282 -0.03230143 0.29975340
v 0.50484282 -0.05425201 0.29973355
v 0.50989300 0.00553399 0.29970211
v 0.50745761 0.05565385 0.29972941
v 0.51203710 0.08106636 0.29954019
v 0.36212808 0.11683060 0.29829279
v 0.40153953 0.11729871 0.29878378
v 0.46414149 0.11702603 0.29883209
v 0.52021456 0.11703558 0.29883546
v 0.24131235 -0.11193262 0.29814288
v 0.16442582 0.11114074 0.29620531
v -0.09749166 0.11196188 0.29356393
v -0.05327927 0.08069792 0.29343900
v -0.08255276 0.06206283 0.29311168
v -0.05335178 0.03733602 0.29281598
v -0.05333879 -0.01226538 0.29221219
v -0.10620953 0.02781964 0.29282603
v -0.01876839 0.04419558 0.29318485
v 0.00434007 -0.05516401 0.29276109
v -0.05162895 -0.05336776 0.29198959
v 0.00069004 -0.09657665 0.29270250
v -0.05374397 -0.10367595 0.29217848
v -0.11838268 -0.03008280 0.29238448
v -0.14329483 0.08174959 0.29341149
v -0.22707000 0.06381750 0.29334685
v -0.22709744 0.03626690 0.29304418
v -0.28383628 0.04124808 0.29323685
v -0.33895642 0.05847733 0.29371792
v -0.23975725 0.08303311 0.29375997
v -0.41168079 -0.03453793 0.29260230
v -0.37647697 -0.06078464 0.29222333
v -0.43748385 -0.06930962 0.29239312
v -0.37743413 -0.02782742 0.29262555
v -0.31612927 0.00827672 0.29296666
v -0.31975329 -0.03662650 0.29247230
v -0.25104186 -0.05069354 0.29229608
v -0.31358182 -0.07147110 0.29203424
v -0.26005882 -0.01504602 0.29251763
v -0.20678400 -0.01813986 0.29260507
v -0.16391833 0.01067787 0.29279435
v -0.16529284 -0.04449137 0.29237038
v -0.13859132 -0.08745465 0.29201356
v -0.16740888 -0.08678805 0.29194614
v -0.35476387 -0.09434436 0.29173431
v -0.39842054 -0.09735740 0.29156354
v -0.51274401 -0.06852366 0.29337448
v -0.48280931 -0.02258825 0.29335719
v -0.47496220 0.01657101 0.29375184
v -0.44113675 -0.02114547 0.29296902
v -0.43997622 0.05594861 0.29408565
v -0.39241809 0.01023911 0.29320896
v -0.52724719 0.11302120 0.29502773
v -0.45813176 0.11022592 0.29477492
v -0.49956527 0.08860265 0.29476833
v -0.42359942 0.08946640 0.29446465
v -0.34785473 0.08108374 0.29416251
v -0.21066031 0.11114656 0.29387969
v -0.25661188 0.11167352 0.29436213
v -0.32216391 0.11127235 0.29449150
v -0.38555780 0.11055280 0.29455939
v -0.51773936 0.01940299 0.29392529
v -0.51946253 0.09184188 0.29466102
v -0.54053026 0.09528706 0.29445446
v -0.53709006 0.04144550 0.29376945
v -0.53705150 -0.08111361 0.29346848
v -0.53977215 -0.02387289 0.29375219
v -0.54122865 -0.10708726 0.29305586
v -0.51218313 -0.10718029 0.29268447
v -0.46698099 -0.09125426 0.29246560
v -0.44048306 -0.10721467 0.29188576
v -0.40032020 -0.11004773 0.29152623
v -0.34958887 -0.10719226 0.29184097
v -0.24523868 -0.09670115 0.29171550
v -0.24268468 -0.10703699 0.29183385
v -0.20647395 -0.10734194 0.29211345
v -0.20377409 -0.08778615 0.29205921
v -0.13213176 -0.10640416 0.29226601
v -0.09939632 -0.08721924 0.29193032
v -0.05358424 -0.11740991 0.29230526
v -0.10125533 -0.11525882 0.29235566
v -0.00565326 -0.11505295 0.29290870
v -0.47140110 -0.10717545 0.29254195
v -0.54259646 0.03286405 0.29385290
v 0.53370434 -0.05468899 0.29913837
v 0.53679711 0.01175513 0.29904512
v 0.53458798 0.08326472 0.29906556
v 0.54619771 -0.11491831 0.29802409
v 0.54817307 0.00470629 0.29907110
v 0.54826981 -0.04070029 0.29919893
v 0.54366672 0.11639731 0.29882696
v 0.54771668 0.09078955 0.29903162
v 0.54807574 -0.08031224 0.29875404
v 0.18046737 -0.12007296 0.29664937
v 0.13732944 -0.11392169 0.29597598
v 0.09664267 -0.11539114 0.29533941
v 0.07753146 -0.11614957 0.29439232
v 0.16283870 0.11999577 0.29670519
v 0.10241644 0.11733270 0.29625323
v -0.54536664 0.11022044 0.29511929
v 0.05431047 0.11667414 0.29438949
v 0.39877266 -0.12105579 0.29869166
v -0.54715240 -0.07777016 0.29400715
v -0.54795820 -0.10678973 0.29335025
v 0.08358834 0.11929032 0.29580021
v -0.03122449 0.11681990 0.29443035
v -0.09489050 0.11670668 0.29386199
v -0.54732668 0.04023610 0.29421923
v -0.54786676 0.09107568 0.29478827
v -0.54718047 -0.01456732 0.29438984
v 0.08828796 0.11339964 0.29535538
v 0.11084812 0.12080587 0.29667321
v -0.20716536 0.11669809 0.29431126
v -0.26440668 0.11678229 0.29494125
v -0.38592076 0.11661245 0.29499617
v -0.45242441 0.11706278 0.29526788
v -0.50861025 0.11660071 0.29547086
v -0.30329800 0.11683061 0.29499394
v -0.22821391 -0.11011484 0.29163855
v -0.55158508 0.10069133 0.29537880
v -0.53978145 0.11634230 0.29564571
v -0.54438967 0.11915660 0.29588243
v 0.31394276 0.12037226 0.29790220
v -0.51070321 -0.11041495 0.29225153
v 0.00247090 -0.11826015 0.29251686
v -0.53522253 0.11909590 0.29597223
v 0.54766059 0.11863194 0.29827118
v 0.52183604 -0.12101713 0.29789716
v 0.54211330 -0.12037908 0.29757661
v 0.54985750 -0.11847164 0.29714027
v -0.30149555 0.11894425 0.29541355
v -0.55130506 -0.10251321 0.29251930
v -0.38911358 0.11882093 0.29561153
v -0.45089662 0.11888551 0.29558656
v -0.55093390 0.02096255 0.29288286
v 0.38585624 0.12187357 0.29777935
v 0.54996872 -0.10897747 0.29669800
v 0.55157459 -0.07802358 0.29739013
v 0.39000162 -0.12300341 0.29791284
v -0.03542164 0.12011211 0.29331926
v 0.46254829 -0.12208018 0.29779899
v -0.55047798 -0.10952035 0.29182917
v -0.30333030 0.11967600 0.29376170
v -0.50799924 0.11943913 0.29416898
v 0.55125648 0.06242440 0.29737470
v 0.55100363 -0.00714749 0.29760140
v 0.54965246 0.10652361 0.29685861
v 0.55021459 0.11870070 0.29728788
v 0.55257970 -0.09594402 0.29519257
v 0.55218422 -0.11577817 0.29437649
v 0.55648470 -0.11462717 0.29288989
v 0.56237346 -0.09671432 0.29267550
v 0.56204820 -0.11509760 0.29226699
v 0.56670535 -0.10623810 0.29304031
v 0.56681877 -0.08433457 0.29229420
v 0.56458282 -0.08093020 0.29169938
v 0.56793302 -0.07200268 0.29148635
v 0.56407702 -0.04296665 0.29057723
v 0.56439120 -0.01313684 0.29019433
v 0.56927431 -0.01056475 0.29027176
v 0.56454426 0.00427795 0.29041949
v 0.56430292 0.04077826 0.29052266
v 0.56674826 0.06628259 0.29160345
v 0.56301427 0.06979693 0.29201680
v 0.56667238 0.08651865 0.29309487
v 0.56220579 0.10441989 0.29241800
v 0.55569643 0.09086087 0.29376939
v 0.55579698 0.10626649 0.29318798
v 0.55626696 0.11653817 0.29426649
v 0.56237024 0.11661951 0.29342791
v 0.55575687 0.05836679 0.29375362
v 0.55586791 -0.00154109 0.29323047
v 0.55098116 0.10622972 0.29477137
v 0.55238461 0.06009686 0.29531866
v 0.55181092 0.11654739 0.29561201
v 0.55252504 -0.07958327 0.29574791
v 0.56091893 0.11897016 0.29239610
v 0.55269182 -0.05707518 0.29554453
v 0.55195266 0.00364476 0.29496291
v 0.55164409 0.11862025 0.29426095
v 0.56457597 -0.11854912 0.29121161
v 0.55380595 -0.11744524 0.29044315
v 0.56864536 -0.10777142 0.29482841
v 0.56888652 -0.07982782 0.29384503
v 0.56889975 0.06476990 0.29359546
v -0.00982361 0.00031374 0.39338425
v -0.00620460 -0.01931118 0.39294448
v 0.04805803 -0.02106606 0.39287639
v 0.04542407 -0.00037945 0.39331844
v -0.09511185 -0.02180445 0.39221835
v -0.10190167 -0.03840876 0.39150414
v -0.05166176 -0.01995111 0.39285836
v -0.05329778 -0.03656656 0.39208663
v -0.01015812 -0.03773478 0.39213184
v 0.04527733 -0.03734624 0.39218813
v -0.15959820 -0.02005108 0.39202660
v -0.17285809 -0.03628299 0.39132753
v -0.20638840 -0.02117923 0.39193442
v -0.24381433 -0.02068519 0.39186311
v -0.25214717 -0.03861709 0.39119750
v -0.31276432 -0.02221473 0.39131466
v -0.32081833 -0.03769713 0.39073250
v -0.36856854 -0.03221554 0.39074102
v -0.39335147 -0.03011221 0.39069310
v -0.44618899 -0.01787435 0.39035141
v -0.44413963 -0.03587426 0.38984042
v -0.48005873 -0.02965671 0.38937941
v -0.50517762 -0.00089112 0.38907120
v -0.50917089 -0.03144408 0.38814798
v -0.46249992 0.00130079 0.39041051
v -0.42343068 -0.00080627 0.39097771
v -0.37504932 -0.00031830 0.39142862
v -0.31772220 0.00025452 0.39172232
v -0.26662999 -0.00096841 0.39209878
v -0.21316878 -0.00005183 0.39238238
v -0.16925716 0.00015268 0.39246148
v -0.09978393 -0.00015428 0.39263770
v -0.05573564 -0.00075333 0.39325833
v -0.39758497 0.02373864 0.39088872
v -0.34331098 0.02076449 0.39115545
v -0.27617940 0.02204023 0.39149585
v -0.20073187 0.02114645 0.39189026
v -0.13098329 0.02145067 0.39195275
v -0.09120495 0.02014019 0.39219323
v -0.04808184 0.02120886 0.39272255
v 0.00642101 0.02119073 0.39275107
v 0.04989559 0.01934970 0.39267609
v -0.44834277 0.05859251 0.38857305
v -0.41025963 0.03657528 0.39028299
v -0.40510568 0.05855163 0.38912168
v -0.47913328 0.03534746 0.38924468
v -0.48329329 0.05782524 0.38779858
v 0.20421302 0.03610256 0.39061350
v 0.17940249 0.02344231 0.39127967
v 0.24654125 0.03112237 0.39096782
v 0.13034196 0.03771323 0.39077225
v 0.12109682 0.01994441 0.39157379
v 0.09457391 0.02176476 0.39172861
v 0.09815630 0.00004228 0.39227745
v 0.14223205 0.00001042 0.39206406
v 0.16905317 0.00010124 0.39194375
v 0.20874143 -0.00005121 0.39168900
v 0.24055636 0.00001858 0.39175168
v 0.29095492 0.00021165 0.39180848
v 0.29569000 0.02211783 0.39132097
v 0.34400705 0.02067027 0.39127457
v 0.35313362 -0.00011916 0.39168978
v 0.40249616 0.02034092 0.39126247
v 0.39278075 0.00008166 0.39170459
v 0.45138943 -0.00020273 0.39122608
v 0.45893657 0.02068935 0.39068422
v 0.43882203 0.03708047 0.39030579
v 0.40472442 0.03702367 0.39061639
v 0.35247907 0.03711102 0.39066970
v 0.30112955 0.03633782 0.39077622
v 0.09173464 0.03749890 0.39107895
v 0.04564566 0.03599092 0.39187726
v 0.48464710 0.05778001 0.38792104
v 0.45157835 0.05844494 0.38872096
v 0.48291638 0.03101994 0.38969392
v 0.40639427 0.05807498 0.38936624
v 0.32931140 0.05815062 0.38940078
v 0.26470208 0.05796273 0.38947052
v 0.19858225 0.05791047 0.38927391
v 0.14678772 0.05838745 0.38942522
v 0.09174674 0.05832603 0.38970625
v 0.04527656 0.05792548 0.39035648
v -0.01485028 0.03681286 0.39196125
v -0.00684306 0.05813491 0.39042678
v -0.04959343 0.05769052 0.39043483
v -0.05227134 0.03692100 0.39193633
v -0.08170281 0.05786273 0.39013359
v -0.09358678 0.03652819 0.39141893
v -0.10507647 0.05751033 0.38999122
v -0.14197712 0.05812219 0.38975292
v -0.20108269 0.03673768 0.39118338
v -0.18989183 0.05821421 0.38971406
v -0.25843903 0.03966440 0.39077243
v -0.26075080 0.05805551 0.38958365
v -0.33816203 0.05781415 0.38921458
v -0.31979743 0.03781554 0.39056417
v -0.37326130 0.03657346 0.39050999
v -0.48072097 0.02161121 0.38966241
v 0.13463987 -0.02104236 0.39167151
v 0.09351421 -0.02163639 0.39194152
v 0.19755900 -0.02265865 0.39127323
v 0.42495230 -0.02203238 0.39099056
v 0.45878392 -0.02023744 0.39064467
v 0.48478988 -0.01896818 0.38997570
v 0.48225841 -0.03599178 0.38940406
v 0.50914508 -0.03015602 0.38859391
v 0.43945989 -0.03756382 0.39021447
v 0.39308715 -0.03799940 0.39056405
v 0.37326604 -0.02146681 0.39119601
v 0.33458653 -0.03755685 0.39060676
v 0.30114162 -0.02295003 0.39124972
v 0.28448802 -0.03907271 0.39063710
v 0.24642463 -0.03100516 0.39099246
v 0.19263202 -0.03758594 0.39077902
v 0.14330809 -0.03815789 0.39101240
v 0.10005400 -0.03826275 0.39122319
v 0.48420042 0.00042369 0.39041394
v 0.51029497 0.02851169 0.38857368
v 0.51059687 0.00031139 0.38916361
v -0.51016933 0.03106819 0.38815635
v -0.50843120 0.05755931 0.38671225
v -0.40613684 -0.05814716 0.38913119
v -0.44579491 -0.05842821 0.38856477
v -0.48572552 -0.05825745 0.38764620
v 0.33229893 -0.05817274 0.38933527
v 0.37957457 -0.05889425 0.38926196
v 0.41039497 -0.05874281 0.38922068
v 0.28927818 -0.05809025 0.38943794
v 0.23358005 -0.05872624 0.38935536
v 0.17663744 -0.05862613 0.38963765
v 0.12510678 -0.05829643 0.38989365
v 0.09980751 -0.05855152 0.39001918
v 0.04710758 -0.05825763 0.39068121
v 0.00085954 -0.05841452 0.39062724
v -0.04848659 -0.05835094 0.39056808
v -0.10002116 -0.05878549 0.39017054
v -0.14228238 -0.05795650 0.38999411
v -0.17317285 -0.05871593 0.38989928
v -0.21109584 -0.05838936 0.39001131
v -0.26260355 -0.05778433 0.39003453
v -0.31637526 -0.05779828 0.38961235
v -0.36445144 -0.05808561 0.38938442
v -0.50757986 -0.05778804 0.38670379
v 0.47968167 -0.05816728 0.38804519
v -0.52774137 0.00245046 0.38741395
v -0.52617639 -0.02986876 0.38680550
v 0.51215762 -0.05756197 0.38671973
v 0.50989658 0.05763056 0.38674104
v 0.52645105 -0.02937187 0.38711888
v 0.52937096 -0.00011114 0.38744554
v -0.39491606 -0.07674834 0.38736954
v -0.44120908 -0.07700085 0.38675517
v -0.48441550 -0.07526388 0.38578066
v 0.04239811 -0.06762541 0.38961390
v 0.28237143 -0.07665052 0.38742813
v 0.35288602 -0.07645809 0.38742608
v 0.41229177 -0.07664555 0.38732120
v 0.24814688 -0.07866652 0.38719100
v 0.20465294 -0.07819669 0.38741204
v 0.14465018 -0.07678179 0.38776955
v 0.10278278 -0.07817882 0.38782060
v 0.05183398 -0.08026098 0.38802734
v -0.01840645 -0.07975457 0.38803566
v -0.04207435 -0.06890987 0.38935336
v -0.08514494 -0.07747324 0.38813776
v -0.14992729 -0.07846477 0.38760704
v -0.22112995 -0.07735080 0.38794586
v -0.27291977 -0.07808643 0.38776439
v -0.30701470 -0.07702253 0.38759473
v -0.35253608 -0.07739368 0.38731369
v 0.45632958 -0.07669495 0.38654047
v -0.52454644 -0.05666785 0.38534683
v 0.52754235 0.03010784 0.38688797
v -0.52578330 0.03805723 0.38645360
v -0.52435964 0.05713294 0.38533425
v 0.48515171 -0.07712984 0.38567007
v 0.50975329 -0.07519440 0.38482493
v 0.43566152 -0.09379647 0.38458008
v 0.38627949 -0.09320018 0.38515306
v 0.47668976 -0.09459861 0.38365760
v 0.30959550 -0.09387861 0.38493663
v 0.25682083 -0.09490907 0.38487896
v 0.19304450 -0.09274039 0.38534814
v 0.12644681 -0.09313670 0.38538143
v -0.47546560 -0.09489731 0.38363343
v -0.51176834 -0.09436478 0.38214228
v -0.40394527 -0.09370600 0.38496020
v 0.04578155 -0.09331052 0.38595027
v -0.01748827 -0.09376250 0.38577262
v -0.09971872 -0.09310000 0.38567552
v -0.14994510 -0.09339352 0.38538426
v -0.20336865 -0.09314177 0.38558447
v -0.27644449 -0.09339902 0.38544914
v -0.34485501 -0.09318879 0.38506138
v -0.54421610 -0.00066303 0.38544527
v -0.52621573 -0.07741085 0.38307846
v -0.52733350 -0.09476235 0.38091478
v 0.54574490 -0.05699683 0.38307893
v 0.51973456 -0.09666106 0.38141942
v 0.52826297 -0.07482933 0.38342685
v 0.54699707 -0.09382071 0.37936616
v 0.54691499 -0.07604028 0.38127857
v -0.54590493 -0.04028584 0.38386866
v -0.54557592 -0.05653825 0.38299605
v -0.54550070 -0.07617434 0.38125509
v -0.54574990 -0.09478319 0.37916952
v 0.54479742 -0.02813682 0.38476744
v 0.40572560 0.07531033 0.38757470
v 0.32584256 0.07673937 0.38734448
v 0.27484524 0.07727259 0.38740900
v 0.20674820 0.07515568 0.38740617
v 0.14864191 0.07673714 0.38739920
v 0.09870926 0.07862713 0.38734946
v 0.03538726 0.07657845 0.38824689
v -0.08160847 0.07922213 0.38764462
v -0.15066066 0.07826126 0.38743582
v -0.22184190 0.07492292 0.38774142
v -0.27294257 0.07828548 0.38734123
v -0.33300892 0.07704300 0.38705960
v -0.40863678 0.07803833 0.38707694
v 0.47473589 0.07776766 0.38605377
v -0.44388428 0.07608111 0.38684115
v -0.48025340 0.07475453 0.38611552
v 0.52873039 0.05868398 0.38491595
v -0.54557669 0.03900073 0.38410729
v -0.50748277 0.07814918 0.38452649
v 0.54457420 0.00589539 0.38531896
v 0.54647684 0.03875583 0.38391587
v 0.54581487 0.05539519 0.38303173
v -0.54563558 0.05761477 0.38296238
v 0.51182610 0.08099401 0.38396400
v -0.52671731 0.07872328 0.38301730
v -0.54715592 0.07881095 0.38087815
v -0.47804508 0.09611907 0.38341868
v -0.50531507 0.09564565 0.38244066
v -0.39686310 0.09343727 0.38496667
v -0.44055849 0.09443766 0.38439468
v -0.16926029 0.09179519 0.38537908
v -0.27557674 0.09240736 0.38526243
v -0.33746353 0.09272171 0.38483542
v 0.20854656 0.08977453 0.38548803
v 0.09516228 0.09109936 0.38546100
v 0.04011020 0.09138009 0.38591731
v 0.01882355 0.08344585 0.38723549
v 0.27163869 0.09082521 0.38548791
v 0.32088205 0.09131476 0.38520455
v 0.38836315 0.09161889 0.38531214
v 0.43841925 0.09372790 0.38458323
v 0.48126233 0.09573941 0.38341409
v 0.50381869 0.09581846 0.38244885
v -0.07027129 0.09323779 0.38540560
v 0.52637255 0.07837295 0.38310328
v 0.52692658 0.09501254 0.38101825
v -0.52635956 0.09617040 0.38093328
v -0.54698783 0.09657980 0.37880698
v 0.54621029 0.07716585 0.38094297
v 0.54604369 0.09600969 0.37879762
v 0.18923286 0.10274747 0.38324285
v 0.09136223 0.10340980 0.38318482
v 0.16333127 0.11335923 0.38135901
v 0.05934525 0.10858198 0.38232058
v -0.02283108 0.10697592 0.38275313
v -0.11768435 0.10380310 0.38320345
v -0.19261247 0.10354938 0.38315517
v -0.26271710 0.10418645 0.38306350
v -0.33752576 0.10351494 0.38284627
v -0.40233910 0.10840072 0.38214633
v -0.33559775 0.11249042 0.38112563
v -0.25665256 0.11291384 0.38130817
v -0.14309576 0.10996813 0.38197127
v 0.26442868 0.10808793 0.38223982
v 0.32421830 0.10881046 0.38188308
v 0.40121466 0.10405112 0.38294628
v 0.40605950 0.11315877 0.38109550
v 0.46480665 0.10885250 0.38118669
v -0.42343733 0.10418120 0.38271692
v -0.45044458 0.11271166 0.38067615
v -0.48281488 0.11336339 0.37982005
v -0.52410674 0.11640294 0.37720752
v -0.54795551 0.11512582 0.37537396
v 0.50618136 0.11496127 0.37838179
v 0.47749081 0.11427500 0.37970781
v 0.53039932 0.11649841 0.37650770
v 0.54624844 0.11461044 0.37534472
v -0.40281576 0.11447491 0.38070473
v 0.01756022 0.11504092 0.38089928
v 0.07225632 0.11441980 0.38091993
v -0.18996528 0.11410692 0.38097060
v -0.07538596 0.11508819 0.38081351
v 0.27598643 0.11492127 0.38068372
v 0.21670410 0.11452273 0.38079348
v 0.32375994 0.11558335 0.38020703
v -0.56369668 0.05908892 0.37926373
v -0.56386340 0.03975997 0.38029677
v -0.55347729 0.00194006 0.38343820
v -0.56331682 0.00602331 0.38146123
v -0.56400627 -0.01442802 0.38113761
v -0.56341708 -0.03747394 0.38061556
v -0.56585544 0.08028176 0.37703446
v -0.56536752 0.09583139 0.37552750
v -0.56529927 0.11464082 0.37266362
v -0.56325376 -0.05581311 0.37957722
v 0.55920041 -0.00137851 0.38216105
v 0.54766351 -0.11602979 0.37557337
v -0.50093609 -0.10729415 0.38019511
v -0.47893664 -0.11287956 0.37996244
v -0.40571669 -0.10952076 0.38189322
v -0.43372130 -0.11432283 0.38043025
v -0.33629882 -0.10950796 0.38185668
v 0.04597936 -0.10731365 0.38285053
v -0.03986416 -0.10823049 0.38259125
v -0.14533459 -0.10764100 0.38256779
v -0.19846673 -0.10263264 0.38368127
v -0.26758599 -0.10840750 0.38242739
v 0.50883323 -0.10780193 0.37979275
v 0.16211089 -0.10095249 0.38374570
v 0.43712875 -0.11317158 0.38063192
v 0.47573447 -0.11422913 0.37967432
v 0.39186239 -0.10833337 0.38206017
v 0.32805112 -0.10931489 0.38182849
v 0.24415317 -0.11362457 0.38110870
v 0.15049969 -0.10950886 0.38198146
v 0.04724112 -0.11403865 0.38121518
v 0.53329009 -0.11655843 0.37664604
v 0.50642437 -0.11835564 0.37752944
v -0.52712035 -0.11711951 0.37662423
v -0.54921597 -0.11419616 0.37536824
v -0.56582338 -0.09258680 0.37584466
v -0.56525421 -0.11382346 0.37291729
v 0.55875909 -0.03584933 0.38149157
v 0.56386387 -0.05990469 0.37916309
v 0.56417704 -0.03187679 0.38034430
v 0.56313682 0.01043714 0.38120821
v 0.56327283 0.03628451 0.38038653
v 0.56452268 -0.09710258 0.37571952
v 0.56749266 -0.07730626 0.37683165
v 0.56438488 -0.11595857 0.37320757
v -0.16934133 -0.11460267 0.38092408
v -0.26738873 -0.11468574 0.38095465
v -0.32308134 -0.11429603 0.38081524
v -0.39589289 -0.11449416 0.38075656
v -0.03671901 -0.11520949 0.38089454
v -0.08769001 -0.11484095 0.38089052
v 0.56530666 0.07663407 0.37704745
v 0.56350040 0.05699064 0.37913719
v 0.56447434 0.09590267 0.37526238
v 0.37516668 -0.11439911 0.38067606
v 0.29259169 -0.11400257 0.38079771
v 0.14260744 -0.11438102 0.38080925
v 0.56380194 0.11541470 0.37258926
v 0.56722051 -0.12607065 0.37054607
v 0.56365639 -0.13294402 0.36979058
v 0.56807411 0.13219611 0.36814693
v 0.55752569 0.13229361 0.36969402
v 0.53858489 0.13251109 0.37140748
v 0.53181380 -0.13037613 0.37301314
v 0.53939670 -0.13429424 0.37131551
v -0.52352685 -0.12852438 0.37368384
v -0.55024332 -0.13278174 0.37036726
v -0.56466603 -0.13294527 0.36835453
v -0.50438148 0.12923147 0.37431443
v -0.52871042 0.13287278 0.37208551
v -0.54757404 0.13286234 0.37054285
v -0.45301592 0.12491092 0.37670106
v -0.46445066 0.13178372 0.37448895
v -0.56909055 0.13091421 0.36805573
v 0.50212306 0.12892999 0.37445432
v -0.57181180 -0.06311952 0.37651068
v -0.47785339 -0.13061003 0.37467900
v 0.47546694 -0.13080736 0.37470120
v 0.42956138 -0.13176358 0.37469807
v 0.37511733 -0.13185218 0.37487814
v 0.30260119 -0.13190100 0.37479722
v 0.26109985 -0.13235731 0.37489462
v 0.18903895 -0.13211234 0.37490562
v 0.12484804 -0.13225330 0.37487635
v 0.03939081 -0.13244143 0.37499249
v -0.01672610 -0.13221693 0.37501860
v -0.08992152 -0.13199843 0.37499428
v -0.17259082 -0.13199370 0.37499011
v -0.23592217 -0.13242508 0.37501574
v -0.31818500 -0.13239284 0.37485841
v -0.40247962 -0.13207701 0.37500086
v 0.58056015 -0.13573034 0.36561617
v 0.57901829 -0.11562387 0.36915299
v 0.58053190 -0.10042329 0.37003633
v -0.57974017 -0.13402392 0.36515567
v -0.57956696 -0.11426123 0.36887163
v -0.53511387 -0.13523503 0.37072939
v 0.57636398 0.12571393 0.36761507
v 0.58233100 0.13546500 0.36412823
v 0.41020209 0.11990086 0.37895674
v 0.46828216 0.13169611 0.37452537
v 0.40372121 0.13182542 0.37497252
v 0.57847035 0.10931976 0.36928260
v -0.40317774 0.13161533 0.37484214
v -0.57894713 0.11609180 0.36859694
v -0.58270442 0.13416734 0.36404219
v -0.34164163 0.12037537 0.37858191
v -0.25846338 0.12040037 0.37884006
v -0.35778821 0.13189474 0.37462404
v -0.25843725 0.13200530 0.37481290
v -0.19213758 0.13158566 0.37490836
v -0.10966258 0.12009096 0.37895703
v -0.10319747 0.13193190 0.37471932
v -0.02082148 0.13243058 0.37500742
v 0.27492544 0.13197029 0.37488854
v 0.33103418 0.13167840 0.37459502
v 0.19732741 0.13128322 0.37480366
v 0.12798199 0.13166244 0.37503320
v 0.07236256 0.13200867 0.37479684
v 0.51139569 0.13369602 0.37238109
v 0.57242864 -0.06375325 0.37603328
v -0.49295965 -0.13423936 0.37288773
v 0.57122558 0.06237383 0.37613043
v -0.57700562 0.06010332 0.37466979
v -0.58174306 -0.09412786 0.37041026
v -0.58167630 0.09844836 0.36984766
v -0.58188069 0.08062016 0.37119552
v -0.58479208 -0.13243155 0.36394599
v -0.57889277 -0.04113665 0.37501508
v -0.57624918 -0.00148909 0.37676853
v -0.57864934 0.03782889 0.37499452
v 0.48351881 -0.13447396 0.37304437
v 0.57179862 -0.00258562 0.37790883
v 0.57763380 -0.04571298 0.37451729
v 0.58547401 0.12242875 0.36488438
v 0.57009304 0.14219971 0.36433461
v -0.55774176 0.13233112 0.36951247
v -0.58128941 0.00143673 0.37465531
v 0.57743335 0.03483767 0.37489030
v 0.57659298 0.05397203 0.37439343
v 0.58130693 0.08964977 0.36982852
v -0.56617785 0.14348796 0.36387387
v 0.58431208 0.14626868 0.35976470
v -0.58502716 -0.11549979 0.36653069
v 0.58626586 -0.13309781 0.36375654
v 0.58706331 -0.12040741 0.36485779
v -0.58695132 0.14581172 0.35864514
v 0.56761992 -0.14583817 0.36402068
v -0.58499151 0.11856791 0.36570179
v 0.57887822 0.00350831 0.37467086
v -0.56647807 -0.14235653 0.36415994
v 0.58145440 -0.08064731 0.37092534
v 0.55356979 0.14573053 0.36415789
v 0.58146626 -0.14940690 0.35972863
v -0.51744872 0.14096969 0.36850417
v 0.58739054 -0.14628650 0.35961708
v 0.52957278 -0.14176176 0.36806434
v -0.58081192 -0.14625201 0.35957235
v -0.50523657 -0.13997211 0.36959517
v -0.45367011 -0.14115736 0.36992720
v 0.51449364 0.13996550 0.36906409
v 0.31701666 0.14114788 0.36970955
v 0.26588702 0.14136007 0.36996138
v -0.53573918 0.14802992 0.36382592
v 0.46892926 0.14060794 0.36987326
v 0.40967530 0.14124638 0.36996394
v -0.17214793 0.13606280 0.37258673
v -0.46095872 0.14061168 0.36983079
v -0.40209675 0.14057702 0.37004617
v -0.33333126 0.14077839 0.36997056
v -0.27620131 0.14063431 0.37026283
v -0.20317280 0.14077842 0.36994678
v 0.08258367 0.14116439 0.36978757
v 0.03313558 0.14103709 0.37009722
v -0.03769968 0.14152552 0.36996478
v 0.13015483 0.14067133 0.37015316
v 0.19759013 0.14083570 0.36972415
v -0.09856964 0.14147498 0.36959723
v 0.40015426 -0.13971911 0.37072235
v 0.30294368 -0.14142886 0.36977735
v 0.26267755 -0.14135452 0.37004447
v 0.18186069 -0.14041011 0.37030229
v 0.11258230 -0.14164503 0.36975437
v 0.06457157 -0.14112194 0.36996290
v 0.48089096 -0.14131603 0.36943758
v -0.04874515 -0.14056413 0.37041447
v 0.00198386 -0.14058308 0.37025264
v -0.40187997 -0.14103369 0.37029162
v -0.33926284 -0.14167900 0.36996391
v -0.30071703 -0.14167418 0.36987063
v -0.25310594 -0.14161633 0.36993760
v -0.17495747 -0.14175230 0.36951730
v -0.08791074 -0.14133522 0.36979508
v -0.54531085 -0.14586748 0.36437121
v -0.58599794 0.04387699 0.37062067
v 0.57344317 0.14835724 0.36058310
v -0.58538079 -0.05342245 0.37081254
v -0.58394152 -0.07949682 0.37025070
v -0.58610946 -0.02971753 0.37104121
v 0.58930248 0.11326730 0.36358151
v 0.53214169 0.14823540 0.36372003
v 0.54523045 -0.14819723 0.36378038
v 0.58445841 0.05730953 0.36980292
v 0.38044360 -0.14196260 0.36945575
v -0.59127468 -0.09423983 0.36483991
v -0.51585484 -0.14645250 0.36530411
v -0.59079695 0.09657080 0.36457148
v 0.58544713 -0.04931351 0.36957374
v 0.59132057 -0.07933293 0.36427131
v -0.59109104 -0.11842149 0.36241654
v 0.59237117 -0.13483897 0.35973033
v 0.59291995 -0.14947289 0.35535517
v 0.47722769 0.14974011 0.36369938
v 0.34454635 0.14953962 0.36388513
v 0.28299659 0.14984383 0.36381096
v 0.58557189 0.00821684 0.37010616
v 0.41296065 -0.14947872 0.36392730
v -0.55275363 -0.14991096 0.36086100
v 0.57956475 0.15201072 0.35699511
v -0.59132230 -0.13466924 0.35933459
v 0.22285701 0.14980409 0.36383727
v 0.12846728 0.14959913 0.36394426
v -0.08539286 0.14980146 0.36379927
v -0.17531642 0.14704756 0.36566409
v -0.33630225 0.14953513 0.36380413
v -0.25410867 0.14947115 0.36403623
v -0.58678997 0.00001636 0.37088647
v -0.14103246 -0.14458285 0.36759683
v 0.17163973 -0.14519005 0.36705273
v -0.47164202 -0.14925434 0.36402565
v 0.27176878 -0.14986864 0.36402690
v -0.03424376 -0.14592081 0.36659166
v -0.39383703 -0.14953211 0.36426249
v -0.28841114 -0.14943375 0.36408299
v -0.43423098 -0.14932169 0.36412174
v -0.52658975 -0.14968039 0.36246869
v -0.24313381 -0.14950119 0.36415443
v -0.15773009 -0.14936398 0.36395437
v -0.08413436 -0.14920168 0.36397263
v 0.59184903 0.06057402 0.36423454
v 0.59167367 0.02247939 0.36499956
v -0.59203398 -0.04941817 0.36591282
v 0.59199560 -0.05683409 0.36423972
v -0.59194267 0.04951828 0.36581814
v -0.59236580 0.00073254 0.36628994
v 0.52921712 0.15210302 0.36029294
v -0.23369810 -0.11401678 0.28218624
v -0.18160726 -0.13845767 0.28183326
v -0.24266656 -0.13897935 0.28208587
v -0.14125618 -0.11446845 0.28247881
v -0.14036137 -0.13980591 0.28201818
v -0.12653419 -0.12098191 0.28248900
v -0.08858222 -0.12624958 0.28247657
v -0.03398377 -0.14113167 0.28194556
v -0.01356772 -0.12691934 0.28227726
v 0.07429886 -0.14119391 0.28216323
v 0.04965115 -0.12713780 0.28250715
v 0.09804614 -0.12903644 0.28281569
v -0.51714128 -0.12047303 0.28241682
v -0.45830402 -0.13873670 0.28230935
v -0.53934258 -0.13885176 0.28241083
v -0.38638708 -0.12254576 0.28242618
v -0.37784940 -0.13849704 0.28235722
v -0.33176816 -0.11397065 0.28210619
v -0.30110618 -0.13883805 0.28222683
v -0.29707062 -0.11407396 0.28228632
v -0.46932152 -0.11382928 0.28225562
v -0.54746038 -0.12098207 0.28194082
v -0.54076642 -0.11567222 0.28223297
v -0.55496728 -0.11619311 0.28211021
v -0.54978043 -0.12362187 0.28209585
v -0.53601545 -0.11350207 0.28206232
v 0.18213882 -0.14128321 0.28227922
v 0.18177605 -0.12649371 0.28296435
v 0.26908198 -0.13738169 0.28249484
v 0.36030152 -0.14063618 0.28227872
v 0.37289417 -0.13199030 0.28250197
v 0.48991337 -0.13973407 0.28214568
v 0.45275784 -0.13163467 0.28230953
v 0.49337775 -0.12608223 0.28271887
v 0.38116768 -0.12619275 0.28294060
v 0.53385556 -0.12952825 0.28205979
v 0.51800936 -0.14026457 0.28196299
v 0.53405190 -0.12281149 0.28283709
v -0.54969609 -0.13848086 0.28309241
v 0.18929330 -0.12208083 0.28349304
v 0.23059729 -0.12239467 0.28351554
v -0.09576087 -0.11995208 0.28316468
v 0.07259374 -0.12192021 0.28344300
v 0.05300074 -0.12115699 0.28340530
v -0.00678205 -0.12088784 0.28327030
v 0.35157329 -0.12233073 0.28349710
v 0.38801876 -0.12298770 0.28349742
v 0.44832766 -0.12258139 0.28347015
v -0.12886360 -0.11557350 0.28365394
v -0.53990537 -0.11267029 0.28322637
v -0.55633152 -0.08330552 0.28297287
v -0.56409454 -0.10103125 0.28224996
v -0.56493735 -0.05432095 0.28221276
v -0.57366902 -0.10398303 0.28219086
v -0.56485379 -0.01566616 0.28213793
v -0.56469715 0.01262833 0.28222919
v -0.57413250 0.04110487 0.28244776
v -0.56477314 0.05793951 0.28223518
v -0.56343067 0.09295519 0.28229308
v -0.57404625 0.10679144 0.28230703
v -0.56230289 0.11046970 0.28176340
v -0.56028253 0.11874934 0.28172269
v -0.55650741 -0.00096119 0.28288949
v -0.55484021 0.11244674 0.28310943
v -0.55485064 0.11923134 0.28275520
v -0.57459694 0.11513839 0.28335980
v -0.57516634 0.11993521 0.28314036
v 0.53752983 -0.14224103 0.28348818
v -0.57440752 -0.11965803 0.28370705
v -0.53424281 -0.13983399 0.28305417
v -0.25667855 -0.14033887 0.28311589
v -0.15076278 -0.14104939 0.28301221
v -0.35300919 -0.13973092 0.28326052
v -0.43267155 -0.13960643 0.28320521
v 0.19114433 -0.14214300 0.28309706
v -0.08014420 0.13989639 0.28184757
v 0.02876299 0.13999397 0.28197873
v -0.00838314 0.13063784 0.28230563
v -0.11455021 0.12654850 0.28250000
v -0.16703273 0.12659734 0.28237841
v -0.18692698 0.14007440 0.28163037
v -0.27369019 0.12643443 0.28267989
v -0.27357930 0.14147416 0.28181589
v -0.32631379 0.13980255 0.28171036
v -0.33797652 0.12689981 0.28241530
v -0.40447113 0.14149338 0.28201285
v 0.15386547 0.14014402 0.28177798
v 0.22642918 0.14007832 0.28151789
v 0.18367754 0.12659910 0.28260180
v 0.27877071 0.13118865 0.28206700
v 0.32525256 0.13997622 0.28143331
v 0.40728638 0.12987961 0.28186440
v 0.09889807 0.12788378 0.28261447
v 0.09552973 0.14207397 0.28171599
v 0.03261905 0.12655132 0.28267688
v 0.46057504 0.13000348 0.28153664
v 0.49640211 0.14100917 0.28124866
v 0.49245626 0.12594785 0.28181034
v 0.27870655 0.12582946 0.28263524
v 0.41612145 0.12620762 0.28226003
v 0.51959193 0.12938115 0.28130046
v -0.40883097 0.13171367 0.28231984
v -0.51612800 0.13227947 0.28221306
v -0.51901650 0.12514098 0.28262347
v -0.39939043 0.12580836 0.28275916
v -0.54761893 0.13613674 0.28176510
v 0.53525871 0.12397067 0.28164548
v 0.53585339 0.13030152 0.28132182
v -0.54888558 0.12443634 0.28158599
v 0.52141160 0.14100172 0.28141409
v 0.34833351 0.14163314 0.28154951
v 0.11503163 0.12281302 0.28351402
v -0.09895951 0.12194480 0.28333062
v -0.15325676 0.12190866 0.28328675
v -0.43866947 0.12220628 0.28336260
v -0.52863818 0.12121703 0.28325781
v 0.38126206 0.12261847 0.28320155
v 0.51852441 0.12207370 0.28284931
v -0.55077809 0.13413304 0.28000972
v -0.55165660 0.12373231 0.27993608
v -0.55128628 0.14233178 0.28414518
v 0.04989221 0.15931693 0.32770577
v 0.03932858 0.15905088 0.32320622
v -0.01093234 0.15906611 0.32292956
v 0.09315910 0.15920143 0.32577667
v -0.01216148 0.15937001 0.33040634
v -0.05434337 0.15936662 0.33007908
v -0.04845854 0.15912639 0.32346243
v -0.10323608 0.15964617 0.32487822
v -0.10536937 0.15984939 0.33017898
v -0.15775420 0.15964353 0.32985896
v -0.16256438 0.15940374 0.32316974
v -0.20531106 0.15931635 0.32310680
v 0.01832938 0.15904719 0.33851808
v 0.09768902 0.15906909 0.33827981
v -0.10634576 0.15919970 0.34436715
v -0.05786820 0.15882175 0.34379879
v -0.14288649 0.15913583 0.34383112
v -0.19340360 0.15945351 0.33864051
v -0.20663024 0.15962291 0.32942951
v -0.25929776 0.15915228 0.34429449
v -0.23393372 0.15917090 0.34416378
v -0.25701618 0.15972191 0.33054212
v -0.28997096 0.15918463 0.34322289
v -0.30427369 0.15953733 0.32942766
v -0.32912463 0.15932439 0.33969745
v -0.34832641 0.15959802 0.33302176
v -0.19968247 0.15902397 0.34480646
v -0.34461954 0.15929238 0.32283142
v -0.40397257 0.15948328 0.33063665
v -0.26055282 0.15938871 0.32300928
v -0.38256046 0.15915214 0.34265912
v -0.42934167 0.15908703 0.34172019
v -0.46263686 0.15939741 0.33107710
v -0.48433957 0.15916187 0.33892810
v -0.35647783 0.15887141 0.34545597
v -0.49083921 0.15912692 0.32457802
v -0.46059492 0.15905073 0.32292348
v -0.40707821 0.15910468 0.32292634
v -0.51170325 0.15929921 0.33169699
v -0.53796017 0.15905789 0.33815831
v -0.55037808 0.15915152 0.32431144
v -0.56698692 0.15908630 0.33328652
v -0.50796491 0.15896811 0.32277763
v -0.58040762 0.15865175 0.32423252
v -0.55813593 0.15849553 0.34420672
v -0.58885384 0.15786891 0.33770910
v -0.59038925 0.15800314 0.32726270
v -0.58028680 0.15758404 0.34447482
v 0.47899327 0.15888266 0.34019884
v 0.55905706 0.15850429 0.33912203
v 0.52020925 0.15883771 0.33268410
v 0.47400275 0.15908860 0.33180913
v 0.41909710 0.15914983 0.33145115
v 0.35550705 0.15898858 0.34032860
v 0.36891514 0.15917000 0.33137393
v 0.33705363 0.15921807 0.33059236
v 0.29207715 0.15915316 0.33106738
v 0.24365656 0.15906532 0.34027490
v 0.25004050 0.15929127 0.32868943
v 0.19425941 0.15924014 0.32995605
v 0.16039093 0.15894000 0.33904535
v 0.14392506 0.15919180 0.32941183
v 0.55296820 0.15863037 0.32717755
v 0.58198714 0.15803583 0.32901949
v 0.58327812 0.15782624 0.33964783
v 0.50830388 0.15835673 0.34608716
v 0.37637937 0.15860213 0.34579736
v 0.31699046 0.15855548 0.34557503
v 0.24152358 0.15870930 0.34552214
v 0.12559091 0.15861273 0.34522521
v 0.03672278 0.15850042 0.34504226
v 0.55577791 0.15800598 0.34557775
v -0.48674232 0.15862189 0.34564903
v -0.42057598 0.15876770 0.34534067
v 0.36565381 0.15879852 0.32294506
v 0.53885478 0.15832105 0.32250500
v 0.49455526 0.15858921 0.32361001
v 0.45788258 0.15863398 0.32309172
v 0.41438141 0.15866922 0.32205307
v 0.27468619 0.15882140 0.32309309
v 0.31883752 0.15875170 0.32300726
v 0.23685327 0.15893592 0.32354316
v 0.12397879 0.15900090 0.32379833
v 0.15431961 0.15880230 0.32338089
v 0.19483881 0.15895215 0.32388744
v 0.58241904 0.15730932 0.34457698
v 0.58166438 0.15700303 0.31655481
v -0.59106642 0.15710117 0.31591597
v -0.56503433 0.15779905 0.31524152
v -0.10593198 0.15883306 0.31836680
v -0.58698463 0.15643755 0.30954739
v 0.55769968 0.15706483 0.31455150
v 0.24187323 0.15768562 0.31464180
v 0.16829914 0.15702170 0.31165767
v 0.11660387 0.15722567 0.31126547
v 0.06884693 0.15718478 0.31121650
v 0.00680935 0.15728538 0.31116819
v -0.08906037 0.15735354 0.31079793
v 0.50421321 0.15722625 0.31495535
v 0.41607356 0.15761943 0.31468642
v 0.33507299 0.15709518 0.31184292
v -0.47653666 0.15778062 0.31461000
v -0.14180037 0.15740652 0.31103149
v -0.19113766 0.15729180 0.31104943
v -0.24974409 0.15740016 0.31083453
v -0.30720210 0.15826569 0.31579104
v -0.41829127 0.15785731 0.31482819
v 0.58977896 0.15616372 0.31750408
v -0.49445793 0.15672168 0.30984208
v -0.39735207 0.15690562 0.30982384
v -0.29551649 0.15698910 0.30966491
v 0.23748288 0.15674201 0.30970147
v 0.59014940 0.15676016 0.33926031
v 0.38930127 0.15655799 0.30957845
v -0.00145254 0.15595375 0.30504957
v -0.12702604 0.15596122 0.30527565
v 0.10914675 0.15580240 0.30482388
v 0.16939542 0.15549357 0.30500075
v -0.27319065 0.15577550 0.30545509
v 0.46547395 0.15625675 0.30981559
v 0.55164629 0.15581809 0.30987951
v 0.58208352 0.15541881 0.30979460
v 0.22317761 0.15559331 0.30509824
v 0.30718213 0.15520900 0.30513489
v 0.36145371 0.15539181 0.30545071
v -0.36813968 0.15788923 0.35035443
v -0.00730541 0.15771870 0.35018656
v -0.10108426 0.15814950 0.35013068
v 0.12363590 0.15777779 0.35020947
v 0.36271185 0.15781541 0.35042512
v 0.30939162 0.15772121 0.35043785
v 0.22735594 0.15782630 0.35038173
v 0.48756164 0.15758944 0.35046253
v -0.25712582 0.15798375 0.35044912
v -0.15830469 0.15800890 0.35026157
v -0.42066899 0.15782407 0.35053349
v -0.53279817 0.15747872 0.35035050
v -0.59527516 0.15651448 0.32442594
v 0.55631793 0.15694840 0.35011724
v 0.15948115 0.15425184 0.30110124
v 0.29904386 0.15405039 0.30209082
v 0.45066991 0.15485771 0.30567196
v -0.40524071 0.15537120 0.30525205
v 0.09701943 0.15396811 0.29944512
v -0.01661590 0.15461800 0.30127016
v 0.02331885 0.15444510 0.30094364
v 0.00925317 0.15443279 0.30089769
v 0.53201133 0.15446731 0.30654809
v 0.57212287 0.15416256 0.30615255
v -0.15446657 0.15431230 0.30119142
v 0.38747376 0.15406393 0.30290201
v -0.54056209 0.15399988 0.30382201
v -0.57528728 0.15385102 0.30317336
v -0.56503922 0.15680878 0.34993634
v -0.39124563 0.15418945 0.30253139
v 0.05353785 0.15635617 0.35483277
v 0.13310532 0.15636504 0.35499913
v 0.21948715 0.15634948 0.35503325
v 0.31166303 0.15618099 0.35506853
v -0.04993648 0.15650329 0.35472637
v -0.59238976 0.15500838 0.34625772
v 0.51523614 0.15609606 0.35434514
v 0.42483878 0.15628546 0.35502422
v 0.36620203 0.15636089 0.35515124
v -0.44205382 0.15632161 0.35506383
v -0.12250184 0.15667741 0.35468230
v -0.24380618 0.15659799 0.35457534
v -0.34578377 0.15633297 0.35479888
v 0.59189063 0.15424426 0.34773853
v 0.58416140 0.15497777 0.35125408
v 0.57214272 0.15429188 0.35521236
v 0.59369206 0.15528765 0.33727437
v -0.58228856 0.15472825 0.35191286
v -0.02270093 0.15355942 0.29917374
v -0.53464484 0.15491600 0.35668358
v -0.58920598 0.15341941 0.30408564
v -0.59382898 0.15355928 0.30887216
v -0.56623006 0.15414810 0.35586375
v 0.01288308 0.15350375 0.29927623
v 0.01810640 0.15484619 0.35805312
v -0.07129708 0.15493110 0.35807431
v 0.12639152 0.15487474 0.35808033
v 0.18206570 0.15475123 0.35804349
v 0.07271733 0.15482903 0.35808310
v 0.49973014 0.15477626 0.35719466
v 0.36683384 0.15489319 0.35786220
v 0.42538220 0.15495539 0.35778055
v 0.27413470 0.15478024 0.35791621
v 0.22210509 0.15487012 0.35795903
v -0.14986730 0.15494476 0.35803691
v -0.28679433 0.15499023 0.35760099
v -0.35791364 0.15485525 0.35764745
v -0.42418107 0.15479457 0.35794735
v -0.23080830 0.15483445 0.35792097
v -0.49051797 0.15447557 0.35792229
v 0.02014215 0.15289666 0.29921037
v -0.57909065 0.15155439 0.35697201
v 0.59203261 0.14939013 0.35474846
v 0.40596694 0.14999543 0.36398584
v -0.54006964 0.15106030 0.36120543
v 0.55800033 0.15054721 0.36044151
v 0.32463172 0.15182662 0.36101094
v 0.19156426 0.14935870 0.36384884
v 0.05604766 0.14952642 0.36390460
v -0.01245986 0.14953411 0.36398873
v -0.16698180 0.14997560 0.36345133
v -0.41836229 0.14968401 0.36381850
v -0.48463133 0.14913122 0.36390632
v -0.57039261 0.14995530 0.35985425
v 0.04988529 -0.15936652 0.32940701
v 0.00680166 -0.15947597 0.32593933
v 0.05108585 -0.15921842 0.32476526
v 0.10378908 -0.15962085 0.32470068
v 0.12517284 -0.15975088 0.33067656
v 0.11399806 -0.15939893 0.33884212
v -0.03915861 -0.15912490 0.33757403
v -0.10162390 -0.15947790 0.33494675
v -0.05199055 -0.15943396 0.32626998
v 0.05054266 -0.15902734 0.33790055
v 0.18781401 -0.15911742 0.33833686
v 0.18028891 -0.15934297 0.32611498
v 0.24744329 -0.15984939 0.33161962
v 0.11705641 -0.15867224 0.34556442
v 0.19087835 -0.15839924 0.34557226
v 0.05489450 -0.15818304 0.34554958
v -0.05355087 -0.15824248 0.34569788
v -0.10437476 -0.15896381 0.34388867
v -0.20110534 -0.15906526 0.34376839
v -0.25205317 -0.15911071 0.34408960
v -0.23076333 -0.15948829 0.33529305
v -0.16460626 -0.15947218 0.33013192
v -0.28263339 -0.15936527 0.33210322
v -0.29356518 -0.15883689 0.34405643
v -0.34849042 -0.15902001 0.33838448
v 0.25442213 -0.15924041 0.34403649
v 0.39644653 -0.15924886 0.34088507
v 0.32967141 -0.15903546 0.34413975
v 0.43000272 -0.15949123 0.33589607
v 0.33243257 -0.15966980 0.33132851
v 0.48229417 -0.15914093 0.33804229
v 0.54950827 -0.15904301 0.33040023
v 0.43106028 -0.15953942 0.32998165
v 0.55912000 -0.15890430 0.33710000
v 0.54526001 -0.15811345 0.34634304
v 0.42736068 -0.15867302 0.34568384
v 0.56115383 -0.15881862 0.32538030
v -0.39379871 -0.15834296 0.34586442
v -0.48479605 -0.15773991 0.34519380
v -0.39697772 -0.15887858 0.33803797
v -0.48442447 -0.15819609 0.33292127
v -0.54570895 -0.15750685 0.34552857
v -0.54846519 -0.15809895 0.33240527
v -0.34550157 -0.15908241 0.33206913
v -0.39727104 -0.15886575 0.33103976
v -0.58354563 -0.15725622 0.33584544
v -0.57533365 -0.15677005 0.34485817
v 0.58894640 -0.15776353 0.33357707
v 0.58357352 -0.15750261 0.34495690
v 0.24808446 -0.15959978 0.32472390
v 0.35161760 -0.15938757 0.32516399
v -0.57720315 -0.15709940 0.32251638
v -0.48274300 -0.15784767 0.32528299
v -0.54326069 -0.15753947 0.32172841
v -0.17653343 -0.15924415 0.32555175
v -0.30721435 -0.15884525 0.32516396
v -0.38598111 -0.15828194 0.32202482
v 0.47424909 -0.15910143 0.32532269
v 0.58019739 -0.15771596 0.32142666
v -0.58911741 -0.15657195 0.32715201
v -0.45314276 -0.15747254 0.32011572
v -0.12090521 -0.15854406 0.31882450
v -0.03681158 -0.15847497 0.31817663
v 0.00762298 -0.15860410 0.31867665
v 0.06117472 -0.15841332 0.31870270
v 0.59179372 -0.15652812 0.32081744
v -0.26028165 -0.15812673 0.31846511
v -0.19594467 -0.15812211 0.31827867
v 0.55177504 -0.15782219 0.31709492
v 0.11651681 -0.15880652 0.31870103
v 0.48809201 -0.15821283 0.31923589
v 0.38632777 -0.15841037 0.31821918
v 0.33061418 -0.15836135 0.31740344
v 0.25345898 -0.15869495 0.31785575
v 0.17931570 -0.15817748 0.31753168
v -0.58898002 -0.15555137 0.31643146
v -0.15305007 -0.15877010 0.34548569
v 0.59020251 -0.15678222 0.34340796
v 0.28801665 -0.15890162 0.34571037
v -0.58339238 -0.15526646 0.31309187
v -0.54492176 -0.15635796 0.31508684
v -0.39774868 -0.15690853 0.31461400
v -0.32277369 -0.15707524 0.31522381
v -0.44780028 -0.15648857 0.31488040
v 0.58305085 -0.15565906 0.31141663
v 0.42849946 -0.15753505 0.31470129
v 0.49076998 -0.15720366 0.31479850
v 0.11426663 -0.15671860 0.30960178
v 0.05607529 -0.15626265 0.30978718
v -0.01542514 -0.15641639 0.30973217
v -0.09081829 -0.15639599 0.30998158
v 0.18518917 -0.15638533 0.30955255
v 0.25117406 -0.15676859 0.30972341
v 0.35812986 -0.15643638 0.30974278
v -0.23933910 -0.15594518 0.30978516
v -0.39486098 -0.15557261 0.30983287
v -0.46520385 -0.15497464 0.30983493
v -0.53176206 -0.15489273 0.31010681
v -0.31029937 -0.15454569 0.30678308
v -0.24384481 -0.15486860 0.30648673
v 0.55363798 -0.15571406 0.30990684
v 0.46790931 -0.15591878 0.30993721
v -0.10562614 -0.15502763 0.30592099
v 0.59205937 -0.15424840 0.31194559
v -0.10125847 -0.15777843 0.35049164
v -0.04194996 -0.15729696 0.35069403
v -0.48331812 -0.15672706 0.35071751
v -0.39602774 -0.15754324 0.35041741
v -0.29612893 -0.15769430 0.35040477
v -0.25157228 -0.15796389 0.35022777
v -0.18812005 -0.15785499 0.35042387
v 0.06437864 -0.15729405 0.35073826
v 0.11288355 -0.15773220 0.35062307
v 0.24982956 -0.15806229 0.35026267
v 0.18699668 -0.15742195 0.35070428
v 0.56152505 -0.15698987 0.35039905
v -0.59143400 -0.15543185 0.33749023
v 0.40975818 -0.15770975 0.35053271
v 0.31381240 -0.15779844 0.35036540
v -0.58638948 -0.15488078 0.34668255
v 0.47875234 -0.15723675 0.35068235
v -0.54691297 -0.15624052 0.35092801
v 0.10494479 -0.15510009 0.30502978
v 0.23831734 -0.15501449 0.30519581
v 0.04377547 -0.15433705 0.30512953
v -0.58467793 -0.15294312 0.30735785
v 0.36211315 -0.15462762 0.30552432
v -0.40675500 -0.15623428 0.35436276
v -0.30447116 -0.15635072 0.35458192
v 0.58365881 -0.15607731 0.34952626
v -0.18686360 -0.15650527 0.35466707
v -0.10072429 -0.15653521 0.35436580
v -0.03491561 -0.15597548 0.35491255
v 0.05261322 -0.15594690 0.35478204
v 0.11327974 -0.15635312 0.35485089
v 0.18260573 -0.15592736 0.35505736
v 0.26956353 -0.15653889 0.35476080
v 0.35110855 -0.15621093 0.35479644
v 0.42237437 -0.15615802 0.35490301
v -0.57896227 -0.15504719 0.34901685
v 0.52925694 -0.15575375 0.35425732
v -0.49325362 -0.15455779 0.35626704
v 0.59303248 -0.15462095 0.34732321
v 0.50509447 -0.15458626 0.35706696
v -0.59503669 -0.15374362 0.32355559
v 0.45124161 -0.15417758 0.30595660
v -0.54026413 -0.15345326 0.35719714
v 0.56484646 -0.15380502 0.35690141
v -0.56660265 -0.15338492 0.35435203
v 0.35905206 -0.15322343 0.30299097
v 0.17121083 -0.15336327 0.30249634
v 0.00217554 -0.15313622 0.30303147
v 0.38660604 -0.15284933 0.30327249
v -0.45592412 -0.15444128 0.35710886
v -0.39319760 -0.15463102 0.35746163
v -0.30553859 -0.15485093 0.35753718
v -0.18645625 -0.15497406 0.35747862
v 0.58279967 -0.15307182 0.35534167
v 0.59645063 -0.15309295 0.31710926
v 0.37327713 -0.15465595 0.35766470
v 0.42781967 -0.15454376 0.35779169
v 0.27782109 -0.15479746 0.35784590
v 0.19952519 -0.15456428 0.35759807
v 0.12752280 -0.15466532 0.35757798
v -0.03901607 -0.15451384 0.35750630
v 0.04927597 -0.15437864 0.35728019
v -0.57563579 -0.15103512 0.35679281
v -0.59626198 -0.15206292 0.33612078
v -0.58817685 -0.14894286 0.35509571
v -0.30685115 -0.15359491 0.35889122
v -0.31064597 -0.14980173 0.36405835
v 0.10914180 -0.14960468 0.36390433
v -0.00062874 -0.14917238 0.36393496
v -0.09230655 -0.15334736 0.35882217
v -0.19676268 -0.15305990 0.35954431
v 0.56303471 -0.15054716 0.36103010
v 0.50402594 -0.14907989 0.36395282
v 0.42229626 -0.15232050 0.36018533
v 0.36530480 -0.14966184 0.36400509
v 0.31113011 -0.14961438 0.36396903
v 0.27681813 -0.15319459 0.35951099
v 0.18887904 -0.14947276 0.36379215
v 0.46286410 -0.15176393 0.30360457
v 0.59622782 -0.15173094 0.34674966
v 0.59975177 0.01148058 0.34406108
v 0.59960842 -0.05212051 0.34400856
v 0.60000002 0.00382562 0.33221269
v 0.59990746 0.07539062 0.33864927
v 0.59988266 -0.11338468 0.33869660
v 0.59991241 -0.05722822 0.33219737
v 0.59956592 -0.11045909 0.34590083
v 0.59987301 0.10339034 0.32669690
v 0.59968662 0.12996979 0.33330411
v 0.59954876 0.11352664 0.34434783
v 0.59949237 0.07741937 0.34666181
v 0.59975618 -0.11444262 0.32506838
v 0.59975022 -0.03872449 0.32500479
v 0.59955192 -0.13482139 0.33645824
v 0.59928006 -0.13367528 0.32269195
v 0.59921706 0.13711402 0.32235518
v 0.59911287 0.13313125 0.34377614
v 0.59874672 0.14868884 0.33027866
v 0.59851938 0.14774032 0.33945599
v 0.59865820 -0.14950670 0.32998186
v 0.59899294 0.11144955 0.31578121
v 0.59934491 0.02993463 0.32044792
v 0.59927821 -0.08195722 0.32033864
v 0.59856731 -0.12890370 0.31479496
v 0.59862769 -0.06652094 0.31495634
v 0.59863460 0.05449656 0.31511635
v 0.59851849 0.14122540 0.31483427
v 0.59802067 0.14905088 0.31762424
v 0.59774780 -0.14872171 0.31589568
v 0.59803158 -0.14819880 0.34195802
v 0.59848911 -0.13322130 0.34852347
v 0.59903961 -0.02199137 0.35092744
v 0.59900266 0.05965231 0.35099831
v 0.59902495 -0.10837050 0.35046718
v 0.59886384 0.10784186 0.35060537
v 0.59793752 0.13192925 0.35044163
v 0.59789973 0.14397328 0.34574252
v 0.59773904 0.12742387 0.31010160
v 0.59825975 0.00813148 0.35481504
v 0.59815848 0.08788360 0.35437077
v 0.59741265 0.04703336 0.31040093
v 0.59733748 -0.13018452 0.31033140
v 0.59746093 -0.04925213 0.31038225
v 0.59587348 -0.14749622 0.35155463
v 0.59813184 -0.10852566 0.35369274
v 0.59630543 -0.13455838 0.35499346
v 0.59609890 0.14833453 0.35018125
v 0.59665453 -0.15511501 0.33374631
v 0.59542555 -0.14815007 0.30819029
v 0.59726942 0.15260656 0.33377180
v 0.59653682 0.12882824 0.35509193
v 0.59657401 -0.07393167 0.35768205
v 0.59600234 -0.13071962 0.30762896
v 0.59667063 -0.00607568 0.35810724
v 0.59638727 0.08210813 0.35814163
v 0.59627330 -0.11165314 0.35721126
v 0.59546435 0.15323927 0.31640777
v 0.59402311 0.00547394 0.36211619
v 0.59223145 0.14297198 0.35753947
v 0.59258461 0.11842670 0.36056313
v 0.59101760 0.08679097 0.36399257
v 0.59163857 0.13579984 0.35957175
v 0.59133357 -0.11115544 0.36281860
v 0.59484518 0.15468754 0.32429078
v -0.59981734 -0.04235462 0.32582152
v -0.59931058 0.06044438 0.32013860
v -0.59924984 -0.01831677 0.32055667
v -0.59924334 -0.11919662 0.31983078
v -0.59990239 0.10693067 0.32709861
v -0.59900367 0.11699496 0.31719106
v -0.59966898 -0.12720549 0.32515708
v -0.59939826 0.13394803 0.32733563
v -0.59852529 0.13677639 0.31680036
v -0.59990442 0.04945819 0.33183369
v -0.60000002 -0.06548580 0.33247784
v -0.59983128 -0.11625586 0.33558071
v -0.59967393 0.10968158 0.33824077
v -0.59972596 -0.01635097 0.34286171
v -0.59925205 -0.10643397 0.35014468
v -0.59956783 -0.13054158 0.33575642
v -0.59924018 -0.01662828 0.35136268
v -0.59892476 0.03690866 0.35375494
v -0.59900635 0.09233578 0.35003453
v -0.59902197 0.13461803 0.33810216
v -0.59852278 0.11334166 0.35036555
v -0.59874046 -0.14409204 0.32327929
v -0.59838492 -0.13330574 0.34830549
v -0.59800524 -0.14814302 0.33613160
v -0.59800649 0.14930050 0.32167554
v -0.59822553 0.14929083 0.33002710
v -0.59770548 0.14700751 0.33997655
v -0.59882325 -0.03039667 0.35477152
v -0.59782290 0.13379356 0.34824827
v -0.59771669 -0.14214005 0.34493411
v -0.59845960 -0.12268504 0.31476876
v -0.59742606 -0.14603095 0.31491667
v -0.59846032 0.06762933 0.31499228
v -0.59832984 -0.01578476 0.31526127
v -0.59649909 0.14882715 0.31157812
v -0.59785533 -0.14861237 0.32229102
v -0.59842658 -0.10815845 0.35406208
v -0.59818131 0.08887126 0.35440594
v -0.59692603 0.13409601 0.30982146
v -0.59701562 0.08493954 0.31009790
v -0.59669316 0.15414569 0.32171866
v -0.59675133 -0.02061123 0.31020144
v -0.59701020 -0.12136229 0.31009400
v -0.59551740 -0.14068656 0.30811894
v -0.59591657 0.13895649 0.35295343
v -0.59554583 0.15602386 0.33499953
v -0.59505647 0.15185654 0.34660056
v -0.59648353 0.11770154 0.35584989
v -0.59570289 -0.14317918 0.35118407
v -0.59736603 0.00400638 0.35858557
v -0.59629786 -0.13209371 0.35475206
v -0.59561056 -0.14912456 0.34586027
v -0.59729093 -0.05100615 0.35817277
v -0.59688956 0.08229625 0.35761037
v -0.59672439 -0.11084772 0.35728821
v -0.59430075 0.07416615 0.30473182
v -0.59510136 0.00273110 0.36291879
v -0.59504151 -0.03311346 0.36237946
v -0.59359121 -0.15269381 0.31329039
v -0.59479129 0.05117647 0.36216828
v -0.59507942 -0.08892306 0.36086738
v -0.59149975 0.14981361 0.35431448
v -0.59186065 0.08185882 0.36469868
v -0.59132409 -0.14523664 0.35577270
v -0.59131902 0.13373266 0.35897997
v -0.59017497 0.11429040 0.36310887
v -0.59372813 0.03431111 0.30470148
v -0.59155083 -0.15299134 0.34644875
v -0.58947927 -0.15224998 0.30793259
v 0.55709594 -0.14523666 0.30039734
v 0.55040097 -0.14499581 0.29936042
v 0.53156090 -0.14283994 0.28753057
v 0.51218772 -0.14214396 0.28676757
v 0.45425183 -0.14218256 0.28668216
v 0.43628404 -0.14418122 0.29990849
v 0.39273831 -0.14242360 0.28661484
v 0.37913609 -0.14353560 0.29392201
v 0.36886427 -0.14417484 0.29877594
v 0.33056000 -0.14403783 0.29872394
v 0.29386380 -0.14419134 0.29847467
v 0.24430546 -0.14285406 0.28630668
v 0.24548271 -0.14413139 0.29864511
v 0.21195500 -0.14442408 0.29701963
v 0.18979254 -0.14306520 0.28625700
v 0.14884278 -0.14443851 0.29662192
v 0.08802783 -0.14438662 0.29627219
v 0.07660957 -0.14301825 0.28608933
v 0.17159379 -0.14439657 0.29634681
v 0.18628345 -0.14445199 0.29647678
v 0.06401363 -0.14496937 0.29683483
v 0.00071618 -0.14330100 0.28570807
v -0.01510186 -0.14526650 0.29705307
v -0.06122326 -0.14528592 0.29662552
v -0.06786244 -0.14315516 0.28605559
v -0.10163534 -0.14456913 0.29697159
v -0.14407556 -0.14240067 0.28631693
v -0.28818053 -0.14326634 0.29553699
v -0.32313249 -0.14285091 0.29513195
v -0.30039203 -0.14149469 0.28639331
v -0.22208066 -0.14169481 0.28629190
v -0.21686277 -0.14318801 0.29458997
v -0.15124767 -0.14346452 0.29317772
v -0.13629222 -0.14476208 0.30090219
v -0.35057619 -0.14273691 0.29500130
v -0.16826937 -0.14401793 0.30058604
v -0.21092059 -0.14384899 0.30188969
v -0.23054722 -0.14387664 0.30162939
v -0.33500019 -0.14357087 0.30269304
v -0.37649465 -0.14332126 0.30286291
v -0.41167721 -0.14221747 0.29642245
v -0.32529330 -0.14349456 0.30268133
v -0.52468508 -0.14189915 0.29393113
v -0.52704912 -0.14095818 0.28644332
v -0.47532585 -0.14099889 0.28647137
v -0.38622683 -0.14083454 0.28632003
v -0.54944724 -0.14234197 0.29390618
v -0.54732317 -0.14121425 0.28493357
v -0.53031421 -0.14252312 0.30125573
v -0.56254941 -0.14326370 0.30196401
v -0.09663698 -0.14555590 0.30105412
v -0.06353343 -0.14687046 0.30113211
v 0.34504357 -0.14172232 0.28305334
v -0.56037420 -0.14330591 0.29217058
v 0.05813345 -0.14222194 0.28300741
v -0.57014924 -0.14339384 0.28812176
v 0.55734539 -0.14585811 0.28161478
v 0.55106938 -0.14573526 0.28055033
v 0.55124336 -0.14730792 0.24990723
v 0.55634254 -0.14826772 0.23228131
v -0.56606859 -0.14495079 0.26486593
v -0.56110477 -0.14480707 0.26534167
v -0.56541568 -0.14604852 0.23752098
v -0.57092643 -0.14452973 0.26483390
v -0.57058191 -0.14708588 0.20766622
v -0.56511128 -0.14707170 0.20511651
v -0.57060379 -0.14856613 0.16401587
v 0.54313648 -0.14453995 0.28998944
v 0.55086577 -0.14777245 0.22488086
v 0.55534679 -0.14885910 0.20565359
v 0.56111199 -0.14902334 0.20306818
v 0.55573505 -0.14984411 0.18040964
v 0.56066895 -0.15028307 0.17758490
v 0.55418080 -0.14952821 0.17515035
v 0.54629064 -0.14514749 0.27833515
v 0.56068367 -0.15205060 0.14138523
v 0.56571895 -0.15135914 0.14477864
v 0.56142807 -0.15298630 0.11524921
v 0.56579286 -0.15292552 0.11348025
v 0.56547087 -0.15393624 0.09340275
v 0.56160402 -0.15360145 0.08791062
v -0.56520766 -0.14794534 0.15932213
v -0.57042289 -0.14976244 0.10919522
v 0.56607527 -0.15551704 0.05746508
v -0.56035453 -0.14554513 0.22483931
v -0.55424678 -0.14272271 0.28490540
v 0.56839651 -0.15313041 0.10058995
v 0.56146455 -0.14659233 0.24711396
v 0.56100595 -0.14523910 0.27860910
v 0.57075483 -0.15455317 0.05656551
v 0.56623816 -0.15627289 0.03788526
v 0.57092661 -0.15595044 0.03217936
v 0.57103997 -0.15625486 0.00567647
v 0.56667066 -0.15647945 0.00576786
v -0.55875033 -0.14453490 0.25631440
v -0.57420295 -0.14263451 0.26692891
v -0.56540585 -0.14864320 0.10619590
v 0.56555074 -0.14955729 0.17126299
v 0.56570482 -0.14737728 0.20242782
v 0.56438172 -0.14599828 0.23819728
v -0.56530344 -0.14940849 0.08637527
v -0.56974506 -0.15042108 0.08978882
v -0.56955594 -0.15243715 0.04842184
v -0.57459575 -0.14951694 0.09117720
v -0.57307476 -0.14987877 0.10807966
v -0.57396930 -0.15182813 0.04778898
v -0.57185674 -0.15304141 0.04421262
v -0.56872445 -0.15322660 0.02817326
v -0.57436430 -0.15311019 0.02236732
v -0.56755340 -0.15260319 0.00711840
v 0.56194115 -0.14412948 0.28727451
v -0.57296228 -0.14453125 0.25180241
v -0.56090838 -0.14596757 0.18586348
v -0.55549830 -0.14306870 0.26108667
v 0.54640239 -0.14586248 0.24502502
v 0.54408610 -0.14488533 0.26697344
v 0.55592370 -0.15051341 0.14126827
v -0.57453150 -0.14611939 0.19807158
v 0.55064625 -0.14718840 0.20180011
v 0.54141510 -0.14350282 0.28282797
v -0.57503361 -0.14696780 0.16185917
v -0.57498980 -0.14872582 0.10992863
v 0.43399116 -0.14093216 0.28314477
v -0.55746853 -0.14437331 0.23164067
v -0.55756044 -0.14447181 0.21328057
v -0.50857991 -0.14308697 0.30298734
v -0.46181488 -0.14308698 0.30319381
v 0.55939084 -0.15246746 0.10094523
v -0.06644561 -0.14206223 0.28300023
v 0.56831199 -0.14899677 0.16200641
v 0.57050204 -0.15095477 0.10898847
v -0.56818390 -0.14391801 0.30319068
v -0.56083924 -0.14580770 0.14335370
v -0.01415092 -0.14707075 0.30100083
v -0.57678586 -0.14843060 0.08582499
v 0.54770285 -0.14551298 0.20973966
v 0.55954272 -0.15214399 0.06510208
v 0.55104166 -0.14707564 0.18019889
v -0.56340796 -0.14803369 0.09208841
v 0.53874165 -0.14121322 0.27977836
v 0.05414359 -0.14709350 0.30070642
v 0.55301517 -0.14867052 0.14747338
v 0.08622535 -0.14697997 0.29967454
v -0.55880713 -0.14418922 0.17284107
v -0.56131929 -0.14576706 0.09907284
v 0.56476104 -0.14215562 0.28733128
v 0.56742734 -0.14501980 0.21571305
v -0.01835131 -0.14839791 0.30290237
v -0.57659721 -0.14447701 0.19319397
v 0.57263482 -0.14931382 0.10631745
v 0.57082069 -0.14665364 0.15560719
v -0.13623793 -0.14678781 0.30326501
v -0.16800117 -0.14675067 0.30340299
v -0.02024405 0.15149303 0.29913718
v -0.06298772 0.14894974 0.29890051
v -0.10341724 0.15358499 0.29957092
v -0.09720238 0.14932750 0.29897842
v -0.10617937 0.15152812 0.29932699
v -0.00204541 0.14894608 0.29873726
v -0.00993783 0.15347035 0.29934713
v 0.00581553 0.15338095 0.29924878
v 0.02675265 0.15357886 0.29931718
v 0.06137700 0.14932199 0.29881665
v 0.06409366 0.15154545 0.29898596
v 0.07968351 0.14965977 0.29880410
v 0.10115619 0.15198052 0.29910707
v -0.15812251 0.15139237 0.29937157
v -0.16339488 0.14837015 0.29890722
v -0.21196394 0.14863065 0.29888386
v -0.23203059 0.15141308 0.29934317
v 0.09487407 0.14782435 0.29801613
v 0.10633156 0.14712098 0.29725319
v 0.06487659 0.14755620 0.29707584
v 0.10815424 0.14933014 0.29887769
v 0.13670777 0.14941266 0.29884779
v 0.15254076 0.15347143 0.29964253
v -0.26165798 0.14694193 0.29798162
v -0.26781344 0.15170206 0.29988605
v -0.29461214 0.14735490 0.29800051
v -0.31307223 0.15139213 0.29983968
v -0.31283674 0.14639603 0.29825136
v -0.33878049 0.14712189 0.29806098
v -0.34776190 0.15095215 0.29951963
v -0.36223832 0.14616863 0.29803169
v -0.38276824 0.15070112 0.29994729
v -0.43953860 0.14769447 0.29907864
v -0.51106691 0.14790259 0.29897863
v -0.51878089 0.14522897 0.29840252
v -0.54803878 0.14692946 0.29900345
v -0.57140362 0.14699440 0.29955250
v -0.56273526 0.15151463 0.30132321
v -0.58713967 0.14860922 0.30055636
v -0.58818632 0.14979000 0.30097863
v -0.45123425 0.15165700 0.30097085
v -0.51521951 0.15155657 0.30116117
v 0.07809550 0.14768574 0.29744896
v -0.28320530 0.14437127 0.29628712
v -0.31114152 0.14423548 0.29668173
v -0.35025111 0.14419985 0.29650381
v 0.13885131 0.14725770 0.29735619
v 0.16730265 0.14865790 0.29862958
v 0.16607738 0.15155815 0.29930133
v 0.21930876 0.15159731 0.29934061
v 0.21950717 0.14918678 0.29873142
v 0.23638028 0.14730114 0.29858714
v 0.24184272 0.14418773 0.29729688
v 0.23774873 0.15117393 0.29932317
v 0.24496849 0.14421773 0.29846430
v 0.25143126 0.14641173 0.29866275
v 0.30378935 0.14716011 0.29868242
v 0.29749781 0.14969750 0.29902670
v 0.30773202 0.15175071 0.30032936
v 0.35790950 0.14774099 0.29888263
v 0.36138368 0.15184733 0.30023471
v 0.38621402 0.14420317 0.29884145
v 0.38744164 0.15168254 0.30132571
v 0.44149053 0.14631177 0.29977012
v 0.44322732 0.15143400 0.30167079
v 0.46148902 0.15139213 0.30226213
v 0.36428386 0.14404635 0.29848957
v 0.34734058 0.14490853 0.29847670
v 0.31022450 0.14509441 0.29848462
v 0.50884664 0.15083957 0.30229935
v 0.46438006 0.14378463 0.29967070
v 0.40202197 0.14396779 0.29919589
v 0.55830389 0.15068105 0.30295882
v 0.55523372 0.14528719 0.30092207
v 0.56216466 0.14486204 0.30111396
v -0.57583886 0.14002307 0.29951775
v -0.57838583 0.11533440 0.29930028
v -0.58752668 0.10865305 0.30002436
v -0.58834720 0.06215751 0.30207431
v -0.58762944 0.02252739 0.30234250
v -0.57838976 0.00779800 0.30167404
v -0.58786935 -0.01716221 0.30320138
v -0.58219099 -0.02200542 0.30274439
v -0.58833385 -0.06398925 0.30350611
v -0.58082813 -0.08225240 0.30319065
v -0.57873404 -0.10218776 0.30348575
v -0.58430845 -0.13424204 0.30524072
v -0.58898216 -0.10564177 0.30465215
v -0.58933973 -0.14827754 0.30589652
v -0.57842249 -0.14018755 0.30422971
v -0.58063138 -0.14907746 0.30515444
v -0.59189796 -0.10307934 0.30515158
v -0.59398079 -0.12176768 0.30644122
v -0.59225667 -0.06285881 0.30435154
v -0.59143758 -0.00184964 0.30380192
v -0.59175354 0.05992243 0.30323964
v -0.59154767 0.08568516 0.30234042
v -0.52676487 -0.15112180 0.30569708
v -0.53843611 -0.14325395 0.30318177
v -0.45637104 -0.15147883 0.30559221
v -0.44329631 -0.14296885 0.30289432
v -0.39350793 -0.15164478 0.30526814
v -0.33511621 -0.14570452 0.30321446
v -0.30831334 -0.15131067 0.30491528
v -0.28367540 -0.14374310 0.30265343
v -0.25378406 -0.15162180 0.30495030
v -0.26008707 -0.14620768 0.30345976
v -0.22532438 -0.14639778 0.30341798
v -0.20965138 -0.15157734 0.30451131
v -0.09555243 -0.14752187 0.30330300
v -0.09792292 -0.15132506 0.30415535
v -0.14793226 -0.15133479 0.30427051
v -0.07941316 -0.15325736 0.30341443
v -0.01462587 -0.15122338 0.30300105
v 0.05932192 -0.15088497 0.30237859
v 0.06453736 -0.15331027 0.30290127
v -0.57646370 -0.13246946 0.30286223
v -0.59406084 -0.14649788 0.30753699
v -0.59176314 0.12947430 0.30210733
v 0.11247899 -0.15379226 0.30241427
v 0.14590406 -0.14704800 0.29976821
v 0.20216565 -0.15091652 0.30117664
v 0.18275802 -0.14727335 0.29973617
v 0.22629297 -0.14688823 0.29974154
v 0.29459471 -0.15007609 0.30128956
v -0.08232276 -0.15453568 0.30541652
v 0.35716861 -0.15114656 0.30177599
v 0.39831343 -0.14406329 0.29953557
v 0.43243262 -0.15253024 0.30336058
v 0.48345882 -0.14389999 0.30035511
v 0.48720819 -0.14993316 0.30284032
v 0.55959195 -0.14786693 0.30188230
v 0.56318349 -0.15074928 0.30312824
v 0.58082098 -0.14997078 0.30375066
v 0.57481694 -0.13439360 0.30311742
v 0.58862960 -0.14827000 0.30541021
v 0.57284248 -0.10292757 0.30344638
v 0.59022641 -0.08297341 0.30543283
v 0.57321006 -0.08314334 0.30346367
v 0.57240301 -0.04385169 0.30372444
v 0.58994466 -0.00838442 0.30560738
v 0.57413018 0.05255855 0.30394563
v 0.57227230 -0.00372129 0.30359688
v 0.59059680 0.10478156 0.30552632
v 0.57239598 0.13795379 0.30334702
v 0.57226354 0.11676022 0.30356130
v 0.57147753 0.10144852 0.30360329
v 0.59277815 0.14743693 0.30616671
v 0.57641268 0.15052719 0.30368137
v 0.59448683 0.10978921 0.30632669
v 0.59447259 -0.01692195 0.30677289
v 0.56667423 0.14439701 0.30194208
v 0.59425998 -0.14157994 0.30668983
v 0.57886940 0.15232176 0.30474606
v 0.57027566 -0.11342776 0.30165711
v 0.59657085 0.14240700 0.30778670
v 0.22142476 -0.15366179 0.30261847
v 0.59015232 0.15314393 0.30782634
v 0.52723837 -0.15178756 0.30410463
v 0.59027702 -0.15271707 0.30777842
v -0.57653677 0.11719485 0.29846841
v 0.52378494 -0.14413166 0.30018410
v -0.16612126 -0.15485975 0.30632016
v -0.26561156 -0.14379096 0.30212682
v -0.39885989 -0.15444812 0.30688858
v -0.51499218 -0.15388191 0.30727273
v -0.57716626 0.10387050 0.29754558
v 0.56208748 -0.14433269 0.30019876
v -0.57729423 -0.10562391 0.30246824
v 0.56853157 0.12933737 0.30112699
v 0.56763852 0.14003028 0.30073386
v -0.59550697 -0.09425514 0.30742455
v 0.59499669 0.14927082 0.30793494
v -0.10569765 0.15444174 0.30116007
v 0.44576120 0.15380144 0.30324581
v 0.48954853 0.15341850 0.30397800
v 0.59637946 -0.01244808 0.30802411
v 0.59640008 0.07287911 0.30773354
v -0.59352469 -0.00943799 0.30531079
v 0.57001364 -0.05499922 0.30186343
v -0.59406430 0.13280992 0.30394313
v -0.59351432 0.14867496 0.30452409
v 0.56962270 0.11468928 0.30166066
v -0.35302886 0.15414293 0.30183080
v 0.21763553 0.15432054 0.30123582
v -0.22525114 0.15420371 0.30128846
v -0.29653087 0.15408246 0.30178481
v 0.17899571 0.14676355 0.29720315
v 0.21078002 0.14686628 0.29722968
v -0.42128643 0.14428903 0.29718518
v -0.49731582 0.15412290 0.30309668
v 0.36283213 0.15414762 0.30203548
v 0.54402816 0.15256856 0.30418780
v 0.57805979 -0.15342583 0.30634609
v -0.21562220 0.14638157 0.29698384
v 0.57056761 0.00224734 0.30184776
v 0.57001883 0.06730630 0.30176690
v -0.07385571 0.14713703 0.29701498
v -0.59515643 -0.00489530 0.30701655
v 0.54744375 -0.15391776 0.30628586
v 0.03911240 0.14737649 0.29702315
v -0.58007616 0.13473800 0.19891106
v -0.58089566 0.14024523 0.16840094
v -0.58115846 0.13466462 0.15772186
v -0.58158833 0.14029177 0.14287160
v -0.58150685 0.13460404 0.13976982
v -0.58146816 0.13330188 0.12271544
v -0.57955283 0.14027055 0.20661373
v -0.57843322 0.13522060 0.23961298
v -0.57893860 0.12887675 0.22661208
v -0.57790285 0.12915599 0.25293726
v -0.57965600 0.12890749 0.19965462
v -0.57997304 0.12954715 0.16714558
v -0.57643253 0.13601097 0.27426222
v -0.57672310 0.13041304 0.27633223
v -0.57731760 0.12393670 0.25592899
v -0.57664591 0.12416805 0.28294924
v -0.57659304 0.13335092 0.29932001
v -0.57597554 0.11813591 0.28890756
v -0.57606673 0.10239314 0.28717461
v -0.58234447 0.13887899 0.11945442
v -0.58209223 0.14314975 0.10019732
v -0.58178663 0.14444640 0.11930168
v -0.58118999 0.14705686 0.09153134
v -0.58130461 0.14690919 0.08176952
v -0.58138776 0.13778505 0.07476208
v -0.58197933 0.14384927 0.06943085
v -0.58274543 0.14388570 0.03023585
v -0.58185804 0.13925105 0.01920875
v -0.58177155 0.14402744 0.00261092
v -0.58095819 0.13155675 0.13097447
v -0.57748884 0.07877028 0.29818234
v -0.57618856 0.04445656 0.28723553
v -0.57742852 0.04134236 0.29920435
v -0.57746357 -0.00912384 0.29941353
v -0.57621706 -0.04415155 0.28721324
v -0.57743770 -0.05279979 0.29924688
v -0.58101207 0.14806007 0.09590642
v -0.58103293 0.14451781 0.14154226
v -0.57545358 -0.09472547 0.28706416
v -0.57661915 -0.09714613 0.29945576
v -0.57517666 -0.11828711 0.28792468
v -0.57608545 -0.12053460 0.30077878
v -0.57547617 -0.12295895 0.28413850
v -0.57572371 -0.13370430 0.29847422
v -0.57590550 -0.12900233 0.28780052
v -0.57653409 -0.13471060 0.26956698
v -0.57671613 -0.12875901 0.26548105
v -0.57788122 -0.13303486 0.24801382
v -0.57637715 -0.13893282 0.26422623
v -0.57772428 -0.13826007 0.23872423
v -0.57456362 -0.14007883 0.29761201
v -0.57900143 -0.13261443 0.20675312
v -0.57932526 -0.13801403 0.18634352
v -0.57894528 -0.13276170 0.16358912
v -0.57688081 -0.12711006 0.25280476
v -0.57958734 -0.13767090 0.16197836
v -0.57957268 -0.13748543 0.13777652
v -0.57895178 -0.14247417 0.13906886
v -0.57918632 -0.14231183 0.10953198
v -0.57842690 -0.13730711 0.09523719
v -0.57900929 -0.14168283 0.08227230
v -0.57498324 -0.09393798 0.28347686
v -0.57944876 0.14466353 0.16946507
v -0.57693630 -0.14059356 0.24702515
v -0.57551742 0.09984113 0.28338316
v -0.57623082 0.14143091 0.25914308
v -0.58122635 0.14854038 0.05849496
v -0.57547826 0.00606120 0.28343716
v -0.57493746 -0.14196520 0.30317324
v -0.58087903 0.14830783 0.00331554
v -0.57544881 -0.12326686 0.26055017
v -0.57823765 -0.14297704 0.16575103
v -0.57792562 -0.14642221 0.08906180
v -0.57909369 -0.14151989 0.04747001
v -0.57935607 -0.14609285 0.03524852
v -0.57841778 -0.14174180 0.01738643
v -0.57879412 -0.14602678 0.01093543
v -0.57442695 -0.10786075 0.28315634
v -0.58021939 0.13749142 0.00328818
v -0.57767659 0.12450768 0.21983826
v -0.57761061 -0.12778513 0.20328602
v -0.57619298 -0.12488700 0.24264769
v -0.57786596 -0.15020916 0.02765202
v -0.58015317 0.15012719 0.06392008
v -0.57776177 -0.14611317 0.11329596
v -0.57629758 -0.14028926 0.00635696
v -0.57820016 -0.08105233 0.30219340
v -0.57734996 -0.13797075 0.05834762
v -0.57705665 -0.15000878 0.00712221
v -0.57702214 -0.14630419 0.00565723
v -0.57768726 -0.13331163 0.13154827
v -0.57803667 0.12567221 0.19274473
v -0.57878006 0.06178274 0.30139181
v -0.57700443 -0.12903696 0.15997609
v -0.57645839 -0.13391845 0.09025420
v -0.57361460 -0.14249237 0.30187312
v -0.57950711 0.13132045 0.10733344
v -0.57623607 -0.12554684 0.19816333
v -0.57687449 -0.13891210 0.02254849
v -0.57872456 0.08603704 0.29968685
v -0.57213223 -0.12052039 0.24010441
v -0.57554770 -0.15233156 0.01055305
v -0.57429016 -0.01961080 0.28234452
v 0.25220504 0.14412300 0.29730862
v 0.21831574 0.14459606 0.29511681
v 0.24780574 0.14315778 0.28595677
v 0.20273535 0.14413004 0.28868520
v 0.20368904 0.14445880 0.29185259
v 0.30091971 0.14406949 0.29710525
v 0.39373705 0.14302880 0.28658873
v 0.29567522 0.14318390 0.28644764
v 0.35082388 0.14408927 0.29719231
v 0.43558782 0.14408858 0.29926550
v 0.45012766 0.14305826 0.28769740
v 0.51953000 0.14364095 0.30005130
v 0.50011951 0.14266030 0.28708571
v 0.52982140 0.14285159 0.28769669
v 0.54076582 0.14407130 0.29791993
v 0.13358547 0.14396940 0.28694913
v 0.16550070 0.14453937 0.29232663
v 0.13761070 0.14475578 0.29240853
v 0.10283516 0.14454126 0.29223365
v 0.08788054 0.14393102 0.28730738
v 0.07266389 0.14502554 0.29207331
v 0.05602762 0.14434384 0.28655258
v 0.03888832 0.14543062 0.29219118
v 0.42533484 0.14229842 0.28292903
v 0.25507918 0.14255762 0.28282502
v 0.16095805 0.14302976 0.28297710
v 0.52326035 0.14180508 0.28261200
v -0.01241989 0.14453416 0.28654417
v -0.01500502 0.14562063 0.29244256
v -0.07681110 0.14395574 0.28592026
v -0.06930549 0.14525329 0.29230475
v -0.09644365 0.14469951 0.29215404
v 0.08306104 0.14301722 0.28286177
v -0.09118102 0.14297636 0.28306684
v -0.13528344 0.14374438 0.28594613
v -0.14370355 0.14476533 0.29225528
v -0.21486513 0.14382391 0.28747213
v -0.19635539 0.14462015 0.29207948
v -0.22275835 0.14425738 0.29208314
v -0.20156418 0.14289182 0.28305963
v -0.25570890 0.14242291 0.28302112
v -0.27952471 0.14313906 0.28642210
v -0.23111455 0.14442019 0.29604703
v -0.38066193 0.14312086 0.28670481
v -0.45019746 0.14286670 0.28656790
v -0.47928590 0.14403643 0.29719016
v -0.50339657 0.14272891 0.28657258
v -0.52972090 0.14322372 0.29351762
v -0.55420333 0.14280069 0.28721827
v -0.56266272 0.14314418 0.29550117
v -0.54258019 0.14381556 0.29745662
v -0.56910896 0.14358176 0.29872993
v -0.54052210 0.14187455 0.28207421
v -0.45010778 0.14214551 0.28305689
v -0.50845188 0.14199989 0.28306687
v -0.37409496 0.14227545 0.28301275
v -0.55947173 0.14305249 0.28156537
v -0.56520689 0.14301851 0.27867186
v 0.54375273 0.14422114 0.28882301
v -0.55923462 0.14373508 0.25846094
v -0.57389009 0.14206557 0.29325184
v -0.56507790 0.14476655 0.24140237
v -0.56016099 0.14462280 0.23955548
v -0.57031810 0.14469990 0.23921929
v -0.56405807 0.14587095 0.21334586
v -0.57010627 0.14610296 0.20833267
v -0.56430125 0.14694726 0.17861006
v -0.56964308 0.14778510 0.16799167
v -0.57409692 0.14542891 0.21553412
v 0.55098742 0.14529510 0.29037368
v 0.55762517 0.14553003 0.29436120
v 0.55769181 0.14621802 0.22868070
v 0.55188131 0.14567293 0.21868527
v 0.55619913 0.14645721 0.18914953
v 0.56145680 0.14596449 0.22123028
v 0.56122690 0.14677750 0.17089717
v 0.55674553 0.14626519 0.13701460
v 0.56179780 0.14548647 0.24451712
v -0.57398462 0.14180504 0.28391218
v -0.56444836 0.14760171 0.15140030
v 0.56414819 0.14602451 0.19700770
v 0.56179357 0.14497960 0.28270710
v -0.57715094 0.14638105 0.17898551
v -0.57465643 0.14846864 0.14376944
v -0.56838113 0.14868078 0.14371577
v -0.57319814 0.14906293 0.12585197
v -0.56765181 0.14876677 0.12034308
v -0.56749791 0.14927131 0.09628101
v -0.57354254 0.15009768 0.09832760
v -0.57312375 0.15144067 0.05711955
v -0.57811302 0.14981590 0.09856109
v -0.57887000 0.15055837 0.07015301
v -0.57815945 0.14857908 0.12472490
v -0.57318395 0.15201350 0.02214191
v -0.57924557 0.14756684 0.13677603
v 0.54653293 0.14462274 0.26533917
v -0.57826650 0.15126696 0.01891872
v -0.57336044 0.15131283 0.00327965
v 0.56582612 0.14629145 0.14308164
v 0.56049031 0.14698039 0.12755157
v 0.56609994 0.14738739 0.09182969
v 0.56076384 0.14707418 0.09245347
v 0.56147677 0.14667293 0.06376987
v -0.55948305 0.14495392 0.21825783
v -0.57952136 0.15037452 0.00440819
v 0.56609821 0.14754778 0.05848124
v 0.56183708 0.14692037 0.03476595
v -0.57484758 0.14257352 0.25753441
v 0.57095110 0.14642921 0.06183675
v 0.57100767 0.14776094 0.03140216
v 0.56604052 0.14832748 0.03326406
v 0.56592876 0.14792007 0.00680004
v 0.57106364 0.14729150 0.00470665
v -0.56863970 0.15071854 0.01663159
v 0.56947339 0.14629047 0.10303309
v -0.56817812 0.15025355 0.05188544
v 0.55107850 0.14526454 0.20105872
v 0.55447555 0.14608522 0.17796813
v 0.55461144 0.14531918 0.13941032
v 0.54731691 0.14447111 0.22324106
v -0.55540168 0.14252388 0.25253782
v 0.56737316 0.14542954 0.15790032
v -0.56386304 0.14708073 0.13749425
v -0.01250789 0.14340623 0.28286618
v -0.16722307 0.14623834 0.29705453
v -0.56972665 0.15008652 0.00318377
v 0.56013936 0.14533128 0.03919427
v -0.01522907 0.14731064 0.29715669
v 0.56559700 0.14352766 0.29861131
v -0.13514777 0.14687023 0.29716817
v 0.56571370 0.14420328 0.21854237
v 0.57422560 0.14622048 0.02048326
v -0.56490099 0.14764167 0.09875898
v -0.56517875 0.14839923 0.08554763
v -0.57239789 0.14214084 0.29802349
v -0.58107781 0.14991076 0.02027318
v 0.19575860 0.14225951 0.28171074
v 0.15740982 0.14709726 0.29725373
v -0.58048862 0.14717951 0.12785095
v -0.22480541 0.14714523 0.29727077
v -0.57835734 0.14364365 0.20719105
v -0.49208862 0.14119567 0.28201911
v -0.55500400 0.14137000 0.24120615
v -0.17277268 0.14203486 0.28171954
v -0.03615074 0.14240618 0.28192148
v -0.57468933 0.13995393 0.29760069
v 0.41540757 0.14112881 0.28152162
v -0.56615424 0.14846474 0.05124589
v -0.44492438 0.14523888 0.29843035
v 0.55173862 0.14318439 0.14635371
v 0.55342126 0.14334686 0.11685035
v 0.56681216 0.14141263 0.25221258
v 0.05135398 0.12129158 0.29164159
v 0.01287673 0.12160406 0.29203844
v 0.05177924 0.12140830 0.28761092
v -0.00061816 0.12152045 0.28730035
v -0.03322433 0.12106516 0.29189941
v -0.03581722 0.12132771 0.28778437
v 0.08703593 0.12250684 0.29338872
v 0.10519572 0.12281441 0.29027030
v 0.09828445 0.12237274 0.28603011
v 0.14884976 0.12197397 0.28691992
v 0.14685047 0.12230963 0.29313582
v 0.19400001 0.12167339 0.29274902
v 0.20140009 0.12146927 0.28831503
v 0.19894889 0.12100691 0.29528889
v 0.21647213 0.12176540 0.29358938
v 0.21405801 0.12175079 0.28794470
v 0.25858358 0.12186918 0.29337761
v 0.28978443 0.12152053 0.28861326
v 0.27841029 0.12109598 0.29744217
v 0.29888418 0.12148765 0.29577440
v 0.31473759 0.12170148 0.29487181
v 0.31598070 0.12177624 0.28827074
v 0.35916016 0.12119716 0.29507205
v 0.36541632 0.12135684 0.28832218
v 0.38071358 0.12167620 0.29497302
v 0.38229701 0.12191873 0.28829730
v 0.40360171 0.12229315 0.29376030
v 0.43874368 0.12202048 0.28764191
v 0.45765081 0.12172140 0.29762036
v 0.46264088 0.12142399 0.29515108
v 0.48367044 0.12103340 0.28826281
v 0.52173710 0.12094770 0.29484800
v 0.52599323 0.12103312 0.28789565
v 0.54455417 0.11900927 0.28828964
v 0.55128622 0.11878952 0.27346921
v 0.54491568 0.11921103 0.27801344
v 0.55726421 0.11919519 0.28914291
v 0.55622584 0.11908069 0.27255851
v 0.55027723 0.12068631 0.23506396
v 0.55570358 0.12164214 0.21737826
v 0.54914570 0.12285689 0.20724589
v 0.55374789 0.12343485 0.18688510
v 0.55933654 0.12326985 0.19087574
v 0.55900937 0.12663396 0.13569687
v 0.24205965 0.12128399 0.29765305
v 0.55467302 0.12754548 0.12934646
v 0.54628158 0.12108660 0.24406472
v 0.45629334 0.12234543 0.28304070
v 0.42710575 0.12276031 0.28324628
v 0.56184268 0.12299453 0.20393217
v 0.31652227 0.12260197 0.28329900
v 0.21111809 0.12253886 0.28333023
v 0.28693381 0.12247399 0.28335056
v 0.53710693 0.12068128 0.28273273
v 0.56313908 0.12284141 0.21602315
v 0.56044048 0.12102380 0.25572947
v 0.55850393 0.12839901 0.10797323
v 0.56365705 0.12833345 0.11084216
v 0.56551266 0.13026319 0.06922225
v 0.55928135 0.12925428 0.09125768
v 0.56495011 0.12680049 0.14845762
v 0.05038050 0.12234439 0.28340161
v -0.02932950 0.12243660 0.28340751
v -0.10072628 0.12061898 0.28778002
v -0.10153151 0.11967107 0.29292694
v -0.22476390 0.11979702 0.29325914
v -0.26490584 0.12052055 0.28800651
v -0.22587569 0.12084862 0.28774431
v -0.15725484 0.12054396 0.28774267
v -0.16016930 0.11955093 0.29321700
v -0.26470682 0.11968302 0.29386443
v -0.30694541 0.12061256 0.28785363
v -0.38599908 0.11984122 0.29362991
v -0.38896340 0.12085754 0.28803417
v -0.40946284 0.11984167 0.29378951
v -0.45282242 0.11986900 0.29414523
v -0.44537625 0.12093853 0.28845331
v -0.51951897 0.12014589 0.28774464
v -0.53685266 0.11959426 0.29441562
v -0.54641837 0.12047121 0.28303671
v -0.55403399 0.11910331 0.29332939
v 0.15145080 0.12123039 0.29588932
v -0.38029397 0.12200842 0.28334835
v 0.52327383 0.11997013 0.29829830
v -0.21934716 0.12208138 0.28333619
v -0.27672929 0.12183565 0.28340426
v 0.55569226 0.13074832 0.09468246
v 0.55027515 0.12426171 0.18746777
v 0.56474960 0.12116069 0.28732368
v 0.56454092 0.12451041 0.19407330
v 0.56200749 0.13124758 0.05235416
v 0.56975067 0.13151887 0.05788422
v 0.56870943 0.13147396 0.02984943
v 0.56422526 0.13167478 0.02681144
v 0.56857669 0.13194142 0.00048502
v 0.57310325 0.13195962 0.00913314
v 0.57175815 0.13195209 0.03452368
v 0.56492257 0.13245562 0.00517830
v -0.51031965 0.11886802 0.29599246
v 0.57024151 0.13149717 0.07411744
v 0.56962919 0.13052996 0.11212987
v 0.46162376 0.12037346 0.29833397
v 0.56746650 0.12800939 0.13903645
v 0.56621248 0.12844843 0.11791865
v 0.54171491 0.12067021 0.27318972
v 0.38211390 0.12042356 0.29818431
v 0.56749678 0.12676197 0.17734747
v 0.21622041 0.12014902 0.29736161
v 0.56401056 0.12218315 0.26768702
v 0.57232755 0.13263917 0.06092608
v -0.26656565 0.11892708 0.29540589
v 0.54448646 0.12252884 0.23631477
v 0.56071752 0.13251731 0.04263996
v 0.19418378 0.11996010 0.29713365
v 0.28456688 0.12007357 0.29795650
v 0.56932455 0.13003306 0.13599265
v 0.01601841 0.12035284 0.29342955
v 0.54860055 0.12705846 0.17077136
v 0.57205027 0.13313839 0.10304400
v 0.05184876 0.12009891 0.29327846
v 0.56220841 0.13430637 0.00579712
v 0.56732535 0.12616538 0.22221595
v 0.08205371 0.12075087 0.29515317
v 0.54656470 0.12469122 0.20835841
v -0.55381435 0.11896775 0.28759712
v -0.55708015 0.11935571 0.27005360
v -0.56445235 0.11917771 0.26560572
v -0.57052583 0.11949617 0.26222560
v -0.57107258 0.11892414 0.28227901
v -0.56364596 0.12158081 0.22958860
v -0.56985861 0.12204947 0.22084825
v -0.56305099 0.12372594 0.20321029
v -0.57336807 0.12364986 0.19979599
v -0.56890464 0.12571347 0.16679057
v -0.57520187 0.12701373 0.15305212
v -0.56793672 0.12867855 0.13133384
v -0.57747608 0.12821330 0.13617629
v -0.57358521 0.12871440 0.12777820
v -0.56350845 0.12513672 0.18144919
v -0.55861324 0.12184314 0.23493852
v -0.56767482 0.13153911 0.10472564
v -0.57495368 0.12333634 0.20964044
v -0.57612604 0.12276135 0.22607647
v -0.57380605 0.13030466 0.10833679
v -0.57551926 0.13160403 0.09114018
v -0.56851447 0.13227570 0.09101842
v -0.57292902 0.13342363 0.07132708
v -0.56378186 0.12712139 0.16147576
v -0.56787992 0.13514674 0.06299613
v -0.57818258 0.12746847 0.15631199
v -0.57671785 0.12047803 0.27489054
v -0.57938057 0.13035943 0.12776011
v -0.56900817 0.13614333 0.02495399
v -0.57248366 0.13521884 0.02745113
v -0.57762820 0.13402659 0.06837422
v -0.57843703 0.13325658 0.08961946
v -0.57764840 0.13581094 0.02250273
v -0.57485646 0.13673982 0.00287295
v -0.57013422 0.13747109 0.00295534
v -0.58030248 0.13517772 0.07111434
v -0.57954317 0.12983872 0.13624671
v -0.58083856 0.13502391 0.09066208
v -0.56679976 0.13859570 0.01696744
v -0.57699311 0.12246172 0.24394624
v 0.28690010 -0.12146419 0.29269788
v 0.32141703 -0.12140518 0.28777304
v 0.27577868 -0.12142047 0.28809762
v 0.31907296 -0.12153063 0.29364920
v 0.35291946 -0.12110094 0.28781793
v 0.35516539 -0.12124493 0.29448029
v 0.23354214 -0.12160545 0.28766552
v 0.38970059 -0.12225279 0.28724727
v 0.39044026 -0.12234076 0.29146808
v 0.43959880 -0.12184768 0.28749079
v 0.46147126 -0.12161012 0.29331782
v 0.50721455 -0.12107958 0.29754725
v 0.47412384 -0.12149816 0.28746992
v 0.53369385 -0.12041324 0.28729999
v 0.35265926 -0.12151096 0.29775679
v 0.51877356 -0.12091185 0.29449138
v 0.53184944 -0.12052719 0.29197666
v 0.50918782 -0.12011158 0.29831913
v 0.28676346 -0.12207859 0.29529452
v 0.25243843 -0.12275820 0.29786655
v 0.24241640 -0.12213553 0.29271743
v 0.21812537 -0.12178859 0.29469508
v 0.19507739 -0.12112315 0.29402882
v 0.19363245 -0.12082676 0.28823501
v 0.14795683 -0.12240122 0.29282990
v 0.14249532 -0.12190362 0.28648013
v 0.09362453 -0.12241092 0.29317063
v 0.09490658 -0.12193988 0.28613317
v 0.07474798 -0.12112128 0.29213464
v 0.07285157 -0.12087435 0.28854567
v 0.21968117 -0.12212976 0.29723158
v 0.53304541 -0.12131879 0.29752213
v 0.53912896 -0.12018338 0.28931445
v 0.54310125 -0.11974427 0.28747553
v 0.17347644 -0.12144169 0.29562730
v 0.11367846 -0.12228981 0.29383466
v 0.13540199 -0.12184155 0.29652482
v 0.54246593 -0.12032671 0.28333169
v 0.51328909 -0.12182847 0.28338960
v 0.53228903 -0.12056735 0.28378925
v 0.26967567 -0.12244697 0.28346857
v 0.09863341 -0.12258892 0.28359634
v 0.55103278 -0.11874483 0.27687958
v 0.55721438 -0.11801744 0.28805703
v 0.55553544 -0.12008991 0.25140470
v 0.54956210 -0.12107705 0.24613319
v 0.55172104 -0.12230384 0.22932355
v 0.55521631 -0.12248201 0.22417673
v 0.55916965 -0.12272673 0.22388062
v 0.55468750 -0.12687422 0.18208672
v 0.55973250 -0.12750088 0.17113683
v 0.55651492 -0.12806915 0.17000878
v 0.55941975 -0.13138033 0.13495710
v 0.56507784 -0.13115796 0.14138225
v 0.56044662 -0.12193413 0.23841335
v 0.55012488 -0.12551478 0.21005009
v 0.56369990 -0.12792006 0.17494357
v 0.56371135 -0.12581860 0.20378362
v 0.07273708 -0.11985900 0.29310262
v 0.05125622 -0.11864114 0.29262528
v 0.05157907 -0.11962992 0.28787202
v 0.02207071 -0.11953567 0.28812385
v -0.01393129 -0.11882824 0.28798050
v -0.06244261 -0.11823986 0.28784761
v -0.07564934 -0.11776485 0.29202935
v -0.09554631 -0.11756293 0.28799418
v -0.09960469 -0.11711846 0.29210979
v -0.09782939 -0.11766721 0.28365445
v -0.10122681 -0.11708206 0.28785205
v -0.12298915 -0.11394589 0.29244393
v 0.56741846 -0.13204031 0.14003423
v 0.56462562 -0.13148919 0.13251837
v 0.56533188 -0.13348472 0.10162425
v 0.56052947 -0.13458435 0.09606548
v 0.56270885 -0.13616635 0.06838125
v 0.56787294 -0.13620540 0.06154434
v 0.56559587 -0.13658229 0.05774674
v 0.56964749 -0.13711102 0.05705236
v 0.57095122 -0.13882262 0.01939868
v 0.56612110 -0.13884464 0.01982342
v 0.56732666 -0.14058302 0.00292073
v 0.56413633 -0.14077540 0.00591252
v 0.57230562 -0.14136188 0.00306063
v 0.56943536 -0.13569361 0.07798187
v 0.57021075 -0.13513103 0.09877679
v -0.12840854 -0.11402325 0.28866681
v -0.13126861 -0.11320733 0.29182777
v -0.13071123 -0.11367445 0.28444371
v -0.13472207 -0.11263586 0.28802514
v -0.14320023 -0.11355321 0.28355318
v -0.16275327 -0.11192422 0.28807586
v -0.25299749 -0.11124533 0.28868386
v -0.26817092 -0.11276244 0.28431201
v -0.30850297 -0.10995927 0.29158223
v -0.33348608 -0.11270685 0.28403538
v -0.42379925 -0.11162770 0.28808504
v -0.42760134 -0.11299282 0.28398889
v -0.45470366 -0.11015564 0.29183134
v -0.47965136 -0.11271776 0.28393853
v -0.49888548 -0.11165036 0.28853503
v -0.54568774 -0.11072291 0.29207909
v -0.55019081 -0.11051968 0.28778604
v 0.56183338 -0.11962901 0.28710547
v 0.56639475 -0.12721692 0.20341411
v 0.53858435 -0.12274184 0.28266665
v -0.05497538 -0.12039995 0.28330538
v -0.13531032 -0.11042483 0.29170004
v 0.21718530 -0.12055039 0.29731366
v 0.56950670 -0.13358648 0.13078846
v 0.57416874 -0.14015074 0.02011038
v 0.57347208 -0.13889049 0.07127322
v 0.55305588 -0.13220350 0.15319371
v 0.55453140 -0.13399795 0.13409600
v 0.56405276 -0.12440059 0.23342991
v -0.18741974 -0.11418115 0.28210497
v 0.09976910 -0.12059391 0.29570732
v -0.38943928 -0.11406213 0.28227225
v 0.56311518 -0.14236987 0.00356663
v 0.57755417 -0.14469072 0.01111975
v -0.55253839 0.02817260 0.28722647
v -0.55311537 -0.00568924 0.28352517
v -0.55345035 0.08539304 0.28354806
v -0.55269521 0.08223872 0.28814441
v -0.55330157 0.11115121 0.28374192
v -0.55142438 0.08266079 0.29344666
v -0.55066037 -0.03046155 0.29311609
v -0.55250156 -0.06442644 0.28359911
v -0.55025804 -0.07292017 0.29299182
v -0.55298740 -0.10563617 0.28338823
v -0.55370945 0.11260322 0.28745311
v -0.55278516 0.08464891 0.29200345
v -0.55344510 0.10106801 0.29314366
v -0.55274349 0.11699647 0.29562438
v -0.55144483 -0.11171135 0.28317818
v -0.55085045 0.11945421 0.29647183
v 0.56860554 0.09216591 0.29700398
v 0.56848931 0.10088658 0.29512089
v 0.56830931 0.11450525 0.29842857
v 0.56952202 0.05257084 0.29780644
v 0.56912225 0.05414430 0.29076037
v 0.56978804 0.00349208 0.29753241
v 0.56897700 -0.05523513 0.29053217
v 0.56911349 -0.07285149 0.29772237
v 0.56905842 -0.11405954 0.29823577
v 0.56740582 -0.12142055 0.29591665
v 0.56907463 -0.13205548 0.30068007
v 0.56732976 -0.12855102 0.29274103
v 0.56498057 -0.12172590 0.28765386
v 0.56768900 -0.13530667 0.29754245
v 0.56703454 -0.13518305 0.28685677
v 0.56728870 -0.14331643 0.30123329
v 0.56804150 -0.13273691 0.27694812
v 0.56594253 -0.12502299 0.28278986
v 0.56792223 -0.12993772 0.27123511
v 0.56754863 -0.12822890 0.26112592
v 0.57023311 -0.13387272 0.23453839
v 0.56722051 -0.13836335 0.26858500
v 0.56802624 -0.14058155 0.24899870
v 0.57050151 -0.13829395 0.22176859
v 0.57091588 -0.13382865 0.20632012
v 0.57156408 -0.13839987 0.19433741
v 0.57090026 -0.13411073 0.17446415
v 0.57225174 -0.13935658 0.17382433
v 0.57167286 -0.13531910 0.16042423
v 0.57152027 -0.14278658 0.17442156
v 0.57236469 -0.14501284 0.14844938
v 0.57286012 -0.14231603 0.14792201
v 0.57429940 -0.14214005 0.10279699
v 0.57254845 -0.13785583 0.14787760
v 0.57313663 -0.13842192 0.11168335
v 0.57369661 -0.14668833 0.10522245
v 0.57526195 -0.14209950 0.07085809
v 0.57661444 -0.14690420 0.04536819
v 0.57592952 -0.14218788 0.04220963
v 0.56960613 -0.14332761 0.20285501
v 0.56555855 -0.14262554 0.29816964
v 0.56897932 -0.12973624 0.22455879
v 0.57437116 -0.15144722 0.05642345
v 0.57720518 -0.14919469 0.03355109
v 0.57684386 -0.14383958 0.04153626
v 0.57739663 -0.15037976 0.01355036
v 0.57175183 -0.13584897 0.13138965
v 0.56207150 -0.12184280 0.25557223
v 0.56928623 -0.14679313 0.17791155
v 0.56564051 0.11969279 0.29407310
v 0.56518638 -0.14261201 0.26421478
v 0.56556499 0.12361968 0.28950837
v 0.56713915 0.13317050 0.29656184
v 0.56659037 0.13121475 0.28675830
v 0.56679219 0.12959261 0.27156830
v 0.56731838 0.13388731 0.26412565
v 0.56602544 0.14023000 0.28763938
v 0.56683052 0.13902123 0.26384032
v 0.56661469 0.12665738 0.25290695
v 0.56903952 0.13384418 0.23390318
v 0.56827492 0.13921119 0.23594955
v 0.57021594 0.13919117 0.19555314
v 0.57059032 0.13414317 0.19294456
v 0.57159531 0.13946657 0.14105339
v 0.57149506 0.13499703 0.14360751
v 0.57188314 0.13441290 0.13008882
v 0.57441711 0.13963908 0.06904791
v 0.56760859 0.12825742 0.24523695
v 0.57164180 0.14175043 0.12950623
v 0.56919634 0.12900743 0.20261230
v 0.57345825 0.13542256 0.07235894
v 0.57447511 0.13450322 0.04174899
v 0.57618994 0.13876870 0.02181867
v 0.57369292 0.14371012 0.06127361
v 0.57560927 0.14339222 0.02089478
v 0.57588953 0.13750657 0.00255697
v 0.56938839 0.12971352 0.15965734
v 0.57469833 0.13365075 0.00774949
v 0.56871986 0.14271824 0.19453628
v 0.56483459 0.14309990 0.28074920
v 0.56511205 0.14301664 0.25677750
v 0.56965268 0.14382000 0.13767181
v 0.57268524 0.14524679 0.06495731
v 0.56820422 -0.12913865 0.20516160
v 0.56806439 -0.13038564 0.17389598
v 0.56703216 -0.12681755 0.23796818
v 0.57391191 -0.15423468 0.00315979
v 0.57429981 -0.15448110 0.02516872
v 0.56640399 -0.11573955 0.29386500
v 0.56341326 0.12242807 0.24265712
v 0.57212663 -0.15283199 0.07051228
v 0.56664926 0.10525766 0.29358187
v -0.55986112 0.13257311 0.17148979
v -0.55969465 0.13796011 0.17019844
v -0.55949360 0.14180647 0.17333779
v -0.55732805 0.13867670 0.20009078
v -0.55504060 0.13165763 0.22979406
v -0.56248981 0.13898256 0.13580203
v -0.56293058 0.13279623 0.13607696
v -0.56458348 0.13385282 0.10604776
v -0.55444700 0.13849461 0.23948403
v -0.55153698 0.13993973 0.27851588
v -0.55143160 0.13404143 0.27588308
v -0.55464220 0.12753044 0.23762959
v -0.55905241 0.12709835 0.19112214
v -0.55397171 0.12278898 0.25393727
v -0.56402820 0.13765660 0.10271873
v -0.56281954 0.14416304 0.13613139
v -0.56371868 0.14410523 0.10669602
v -0.56467521 0.14216729 0.07848672
v -0.56596011 0.13687751 0.05760407
v -0.56043601 0.14291596 0.16931121
v -0.56643957 0.14238627 0.01508287
v -0.56693298 0.14905412 0.01728444
v -0.56802857 0.14074871 0.00302604
v -0.55882078 0.14371884 0.19204664
v -0.55712706 0.12442815 0.21932244
v -0.56550914 0.13327266 0.09729309
v -0.55244249 0.11989765 0.28193700
v -0.56145674 0.12917936 0.16456157
v -0.55023587 0.13972712 0.28235176
v -0.55228752 0.14208475 0.27808633
v -0.56141573 0.14575748 0.17863624
v -0.56433749 0.12986191 0.13841526
v -0.56054735 0.12603538 0.18616298
v -0.55738038 0.14416397 0.22785458
v -0.55485958 0.12135807 0.25607732
v -0.55855161 0.12367369 0.21383490
v 0.54702193 0.13434470 0.16949406
v 0.54945725 0.13944604 0.14857800
v 0.54952312 0.13099530 0.14406528
v 0.54965931 0.13405806 0.14058632
v 0.55212808 0.13922682 0.11496048
v 0.55193204 0.13422903 0.11397029
v 0.55473548 0.13458143 0.08780890
v 0.55421680 0.14206423 0.09306668
v 0.55471075 0.13879010 0.08529527
v 0.55703145 0.13863803 0.05917199
v 0.54734451 0.14014256 0.17777945
v 0.54410809 0.13418280 0.20951529
v 0.54482961 0.13976739 0.20926462
v 0.54105544 0.13824923 0.24491811
v 0.54099911 0.13340449 0.23976777
v 0.54086018 0.12868209 0.24252029
v 0.53992230 0.13461603 0.25486568
v 0.54026902 0.13992235 0.25906318
v 0.53750062 0.13545246 0.27884781
v 0.53807861 0.12915953 0.27477485
v 0.54453617 0.12721869 0.21010433
v 0.54056674 0.12564731 0.25319391
v 0.54465181 0.12849289 0.20763244
v 0.54758847 0.12922922 0.17025274
v 0.55209303 0.12972555 0.12714806
v 0.55407512 0.13179684 0.09889066
v 0.55785710 0.13389517 0.06203905
v 0.55937487 0.13514923 0.03204630
v 0.55974388 0.13889447 0.02711741
v 0.55984002 0.14323618 0.03001035
v 0.56217760 0.14451751 0.00515813
v 0.56145018 0.13905489 0.00553116
v 0.56077033 0.13395911 0.02881366
v 0.55812931 0.14361730 0.06118432
v 0.54003441 0.12388363 0.26707736
v 0.53903723 0.12191334 0.27754715
v 0.54479843 0.14271256 0.21807399
v 0.55571455 0.14352217 0.08954734
v 0.56331307 0.14696887 0.00306294
v 0.53953975 0.14231598 0.27999136
v 0.54858392 0.14230636 0.17253211
v 0.53640753 0.13938992 0.28226557
v 0.54331291 0.12403631 0.23545673
v 0.54687715 0.14325635 0.20916460
v 0.55749881 0.14619195 0.09304541
v 0.54276174 0.14260964 0.25366250
v 0.55112255 0.14392890 0.16744845
v 0.53834105 0.14249273 0.28365830
v 0.55031562 0.12663536 0.16245796
v 0.55952162 0.13188903 0.06045003
v 0.55502522 0.12876032 0.11169472
v -0.55547553 -0.13261402 0.16772620
v -0.55656147 -0.13700250 0.14352435
v -0.55829215 -0.13327451 0.13189647
v -0.55874294 -0.13627270 0.10833651
v -0.55419880 -0.13660328 0.18860766
v -0.55420351 -0.13082950 0.18979008
v -0.55260825 -0.13214186 0.21045850
v -0.55213499 -0.12744924 0.22812808
v -0.55123371 -0.13191350 0.24083258
v -0.55080432 -0.12724008 0.25746748
v -0.54999453 -0.13389976 0.27970073
v -0.54984432 -0.12729920 0.27954867
v -0.55359334 -0.13809252 0.19997573
v -0.55289906 -0.13919918 0.21575005
v -0.55087757 -0.12286098 0.27108002
v -0.55788577 -0.14061134 0.12958349
v -0.55890971 -0.14040889 0.10036009
v -0.55920815 -0.13733302 0.09724414
v -0.56034940 -0.14184538 0.06806371
v -0.55177897 -0.13768412 0.25492528
v -0.55124116 -0.14134647 0.28341666
v -0.55693537 -0.14127722 0.16281728
v -0.56166101 -0.14599222 0.06112975
v -0.56179833 -0.14234594 0.03170836
v -0.56352758 -0.14785060 0.01085629
v -0.56309623 -0.14877297 0.02565606
v -0.56336814 -0.14003749 0.01687572
v -0.56390041 -0.14424685 0.00720182
v -0.55269051 -0.14025673 0.25102025
v -0.56189382 -0.13829988 0.05754624
v -0.55596411 -0.14158075 0.19250733
v -0.55947518 -0.14333211 0.11979758
v -0.56273782 -0.14828637 0.06729107
v -0.55238152 -0.12280034 0.25371441
v -0.55506754 -0.12807013 0.18960512
v -0.55390406 -0.12499442 0.21626231
v -0.56575459 -0.13911740 0.00733976
v -0.55768859 -0.12945588 0.15875790
v -0.56684160 -0.15252858 0.01524774
v -0.55348629 -0.12081144 0.25531438
v -0.56138974 -0.13333309 0.10132104
v -0.55773729 -0.12631246 0.17545362
v -0.56507373 -0.15053736 0.04497815
v -0.56800359 -0.12251440 0.17989440
v -0.56890321 -0.12689057 0.13647956
v -0.57100660 -0.12769869 0.13045332
v -0.56812888 -0.12783235 0.12379555
v -0.57303679 -0.12430852 0.17868234
v -0.57067895 -0.12199290 0.19188929
v -0.57316762 -0.12979764 0.12322442
v -0.56920135 -0.12960947 0.10127416
v -0.57249880 -0.13143960 0.08658233
v -0.56846815 -0.13168533 0.07793344
v -0.57379895 -0.13336754 0.07711987
v -0.56918973 -0.13408203 0.05833957
v -0.57308608 -0.13524792 0.05216123
v -0.56919098 -0.13618487 0.02422251
v -0.57159883 -0.13623032 0.02475330
v -0.57317525 -0.13798074 0.01121056
v -0.56901741 -0.13736364 0.01018589
v -0.56378609 -0.12177531 0.19308387
v -0.56321853 -0.11923850 0.22778313
v -0.56818044 -0.11961205 0.22933371
v -0.56383538 -0.11744338 0.26655579
v -0.57139230 -0.11839407 0.28038928
v -0.56436306 -0.11746502 0.28069711
v -0.57328087 -0.12012099 0.26055747
v -0.57623774 -0.13153186 0.12923239
v -0.57669187 -0.13555598 0.07567524
v -0.55840868 -0.11759878 0.26715195
v -0.55556858 -0.11755941 0.27973971
v -0.55872500 -0.11953817 0.23414382
v -0.56384104 -0.12318507 0.17649226
v -0.55928391 -0.12310538 0.19246927
v -0.56359059 -0.12776053 0.13549420
v -0.56505889 -0.12866493 0.12255326
v -0.56503201 -0.13067108 0.09865444
v -0.56423336 -0.13579565 0.05469813
v -0.56658173 -0.13672088 0.02606896
v -0.57103932 -0.11708701 0.28211617
v -0.55452371 -0.11863486 0.26908422
v -0.56428003 -0.13307224 0.07735179
v -0.55567664 -0.12113833 0.23304398
v -0.56032622 -0.12585287 0.16555695
v -0.55168992 -0.11943034 0.28053570
v -0.56176001 -0.13068016 0.12204891
v -0.56198978 -0.13497949 0.07724965
v 0.54827255 -0.14337556 0.17560311
v 0.54882360 -0.13464715 0.16759863
v 0.54908890 -0.14034067 0.15827145
v 0.54629916 -0.13678901 0.18747020
v 0.54441112 -0.13710037 0.20947759
v 0.54522979 -0.14119491 0.21074294
v 0.54400235 -0.14186570 0.22504380
v 0.54063153 -0.13657223 0.24798684
v 0.54158902 -0.13176009 0.23752530
v 0.54025167 -0.13235086 0.25285378
v 0.54007602 -0.13979268 0.26061895
v 0.53851813 -0.13351147 0.27889055
v 0.53967929 -0.14120686 0.27434871
v 0.54476607 -0.13212746 0.21024957
v 0.54029083 -0.12789901 0.25880772
v 0.53905106 -0.12787938 0.27903655
v 0.54841048 -0.13115437 0.18475306
v 0.54979497 -0.13669772 0.15618861
v 0.55194384 -0.14125021 0.13169321
v 0.54259336 -0.12732910 0.24075845
v 0.55301261 -0.13683769 0.13201118
v 0.55429006 -0.13887259 0.10731961
v 0.55433095 -0.14474058 0.10002851
v 0.55467397 -0.14119048 0.09859033
v 0.55731046 -0.14593950 0.06275876
v 0.55913162 -0.14106587 0.05205473
v 0.55284089 -0.14585477 0.12909161
v 0.55031842 -0.14516984 0.16179843
v 0.55438548 -0.14764367 0.11064847
v 0.55966395 -0.14674586 0.02518094
v 0.55978948 -0.14319950 0.03161310
v 0.55854553 -0.14949478 0.05433226
v 0.56027907 -0.15064736 0.02529605
v 0.56110775 -0.14619708 0.00715468
v 0.56150168 -0.15081130 0.00627909
v 0.55671489 -0.14979132 0.09435821
v 0.54002041 -0.12420832 0.27942359
v 0.54225117 -0.14219137 0.25425491
v 0.56327671 -0.15458511 0.00332506
v 0.54472119 -0.12840830 0.22121370
v 0.56249094 -0.15443097 0.02642073
v 0.56193155 -0.15415350 0.05140731
v 0.54483920 -0.14452830 0.23658134
v 0.55262244 -0.14879744 0.17266917
v 0.53725284 -0.12844187 0.28163955
v 0.53666693 -0.13944152 0.28209236
v 0.55786145 -0.13607281 0.09493355
v 0.55587131 -0.14992522 0.11755633
v 0.54714119 -0.12787987 0.21123542
v 0.54354984 -0.12205409 0.26274362
v 0.54497761 -0.12492085 0.23484860
v 0.56115007 -0.13880500 0.05377410
v 0.56817341 -0.14330679 0.00184416
v 0.57490301 -0.14837481 0.00252108
v 0.56676549 -0.15472098 0.00247668
v 0.56323761 -0.14676647 0.00241257
v 0.57635158 -0.14525950 0.00347450
v 0.57660580 -0.14986056 0.00400114
v 0.56331807 0.14364982 0.00021323
v 0.57118106 0.14153366 0.00000000
v 0.57368314 0.13241982 0.00075764
v 0.56759626 0.14655091 0.00057288
v 0.57413071 0.14495806 0.00097114
v 0.56287658 0.13574052 0.00146273
v -0.57755071 0.14741039 0.00178772
v -0.57211345 0.14698884 0.00177229
v -0.57624871 0.14050533 0.00168211
v -0.56804550 0.14848678 0.00338131
v -0.57141727 -0.13929746 0.00487160
v -0.57118386 -0.14981085 0.00532012
v -0.56755096 -0.14368303 0.00516696
v -0.57269627 -0.15263857 0.00673849
vt 0.37431511 0.17185724
vt 0.34393260 0.17249060
vt 0.35471544 0.15065819
vt 0.32606098 0.17290807
vt 0.32880312 0.15245992
vt 0.35544640 0.10075891
vt 0.33247310 0.10141939
vt 0.31225371 0.11409116
vt 0.33012816 0.04231501
vt 0.29633713 0.15666115
vt 0.29262263 0.17179364
vt 0.27436486 0.13331723
vt 0.26184514 0.15140545
vt 0.24027541 0.12857878
vt 0.25779721 0.11295068
vt 0.29245678 0.11201876
vt 0.31689432 0.06074643
vt 0.29995048 0.05649722
vt 0.32415554 0.03475118
vt 0.29980120 0.04309046
vt 0.27980158 0.08321387
vt 0.27357525 0.06169593
vt 0.26190004 0.04114234
vt 0.23995534 0.05729181
vt 0.23794821 0.04007959
vt 0.24066134 0.07428539
vt 0.21043812 0.05526829
vt 0.21152952 0.10873091
vt 0.22153479 0.11306739
vt 0.21365975 0.15028548
vt 0.24082804 0.15550780
vt 0.21798740 0.17784011
vt 0.23466910 0.17278242
vt 0.20469972 0.15625548
vt 0.20320559 0.17593265
vt 0.15254742 0.15895945
vt 0.17948805 0.14499533
vt 0.18020718 0.10670620
vt 0.17989825 0.08068728
vt 0.15643115 0.06604004
vt 0.15465745 0.05199659
vt 0.21026602 0.03188056
vt 0.17491160 0.03256869
vt 0.14276114 0.03403407
vt 0.12049288 0.04170603
vt 0.11901979 0.03368568
vt 0.05459710 0.04390913
vt 0.05369811 0.03422928
vt 0.11903986 0.05680418
vt 0.05824345 0.05831021
vt 0.12797737 0.11204064
vt 0.14362796 0.08798593
vt 0.14810038 0.13212967
vt 0.15630493 0.11540043
vt 0.12107188 0.15610993
vt 0.11353643 0.10760391
vt 0.08880049 0.12141246
vt 0.09228612 0.08521771
vt 0.05734646 0.07188809
vt 0.05429138 0.10807693
vt 0.05569067 0.13842684
vt 0.05293041 0.15381032
vt 0.14227064 0.17567736
vt 0.11876064 0.17590189
vt 0.08143389 0.17566347
vt 0.04799559 0.17558771
vt 0.21453586 0.03704363
vt 0.26029894 0.17245156
vt 0.41682291 0.17317641
vt 0.39042252 0.15414983
vt 0.40793368 0.14285409
vt 0.39050019 0.12781328
vt 0.39052793 0.09768993
vt 0.42209813 0.12207335
vt 0.36982739 0.13195395
vt 0.35608727 0.07160437
vt 0.38953319 0.07272923
vt 0.35829285 0.04646134
vt 0.39082521 0.04218060
vt 0.42941225 0.08691323
vt 0.44422612 0.15486038
vt 0.49431917 0.14402735
vt 0.49435383 0.12728828
vt 0.52827263 0.13034976
vt 0.56122088 0.14085156
vt 0.50189257 0.15571314
vt 0.60474259 0.08436680
vt 0.58370799 0.06840545
vt 0.62018192 0.06325364
vt 0.58426589 0.08842891
vt 0.54759741 0.11033523
vt 0.54978651 0.08305562
vt 0.50871807 0.07447338
vt 0.54611421 0.06188327
vt 0.51408905 0.09613365
vt 0.48224401 0.09422350
vt 0.45660323 0.11170149
vt 0.45745897 0.07819140
vt 0.44152465 0.05207902
vt 0.45874846 0.05250126
vt 0.57074255 0.04800767
vt 0.59684002 0.04619378
vt 0.66517407 0.06376332
vt 0.64726305 0.09165752
vt 0.64255881 0.11544752
vt 0.62234783 0.09251648
vt 0.62162590 0.13936186
vt 0.59320796 0.11156529
vt 0.67378515 0.17407322
vt 0.63246489 0.17235017
vt 0.65724552 0.15922618
vt 0.61182153 0.15972412
vt 0.56653059 0.15459532
vt 0.48447612 0.17277110
vt 0.51195234 0.17313111
vt 0.55115235 0.17292833
vt 0.58906400 0.17252463
vt 0.66813481 0.11718196
vt 0.66914213 0.16120005
vt 0.68173885 0.16330117
vt 0.67970574 0.13057870
vt 0.67970800 0.05612308
vt 0.68131167 0.09089470
vt 0.68221271 0.04035026
vt 0.66484791 0.04027832
vt 0.63782430 0.04993767
vt 0.62199098 0.04022449
vt 0.59798074 0.03848612
vt 0.14171776 0.71075791
vt 0.56765467 0.04020131
vt 0.50527310 0.04652053
vt 0.50375080 0.04023927
vt 0.48210818 0.04004246
vt 0.48048437 0.05191684
vt 0.43767560 0.04056311
vt 0.41809914 0.05220020
vt 0.39073640 0.03383994
vt 0.34956896 0.65501636
vt 0.41922504 0.03517210
vt 0.32122090 0.66131139
vt 0.36209205 0.03524566
vt 0.64047432 0.04027313
vt 0.68300605 0.12536633
vt 0.04016164 0.07160544
vt 0.03825312 0.11181444
vt 0.03949358 0.15510958
vt 0.03271593 0.03517151
vt 0.03148303 0.10753423
vt 0.03149888 0.08006096
vt 0.03401123 0.17514408
vt 0.03166999 0.15964580
vt 0.03159353 0.05610323
vt 0.25087538 0.03211951
vt 0.48451406 0.62080711
vt 0.27663803 0.03586745
vt 0.30093965 0.03499043
vt 0.31237072 0.03453434
vt 0.26123381 0.17784190
vt 0.29733622 0.17627907
vt 0.68462318 0.17238277
vt 0.32609719 0.17591584
vt 0.12058096 0.03146422
vt 0.68575209 0.05815893
vt 0.68621325 0.04056954
vt 0.30858064 0.17748380
vt 0.37720990 0.17607981
vt 0.41526392 0.17606211
vt 0.68584687 0.12984836
vt 0.68613648 0.16075343
vt 0.68574941 0.09654880
vt 0.30578899 0.17388839
vt 0.29229417 0.17838657
vt 0.35075805 0.74416125
vt 0.48238403 0.17615116
vt 0.51661158 0.17625940
vt 0.58927929 0.17621881
vt 0.62904936 0.17651051
vt 0.66264921 0.17627507
vt 0.53986728 0.17631042
vt 0.49510267 0.03835487
vt 0.24498209 0.68152487
vt 0.68833262 0.16661358
vt 0.53462821 0.76057690
vt 0.68130517 0.17617208
vt 0.68411934 0.17779678
vt 0.74589348 0.74783248
vt 0.22890429 0.74262059
vt 0.17102000 0.17788464
vt 0.66396093 0.03829402
vt 0.07533512 0.72909683
vt 0.35724187 0.03327441
vt 0.38235077 0.64718002
vt 0.67853367 0.17777997
vt 0.74036855 0.74772501
vt 0.03160252 0.17650110
vt 0.08912793 0.74331588
vt 0.67976904 0.57813752
vt 0.04720043 0.03144991
vt 0.03512226 0.03189492
vt 0.69112873 0.57565433
vt 0.03061824 0.03303260
vt 0.69558150 0.57462686
vt 0.53870988 0.17753178
vt 0.59936678 0.74706310
vt 0.68832016 0.04311496
vt 0.65628123 0.76281983
vt 0.59124005 0.17752171
vt 0.65225887 0.74730146
vt 0.62807816 0.17757457
vt 0.68953341 0.74755853
vt 0.68814075 0.11813408
vt 0.58227855 0.76229465
vt 0.12811123 0.17874908
vt 0.18570212 0.74283177
vt 0.03022438 0.03864485
vt 0.02933939 0.05746567
vt 0.12581441 0.03020608
vt 0.60466397 0.59419870
vt 0.37971839 0.17818916
vt 0.43864387 0.74709737
vt 0.08255570 0.03072953
vt 0.64603317 0.58540577
vt 0.68781590 0.03877097
vt 0.05139860 0.73604494
vt 0.66051936 0.76315618
vt 0.60046631 0.74818021
vt 0.53998500 0.17817926
vt 0.66217393 0.17813522
vt 0.72395873 0.74878347
vt 0.02931955 0.14247060
vt 0.02959580 0.10035801
vt 0.03007349 0.16920018
vt 0.08761223 0.74393362
vt 0.02995554 0.17655158
vt 0.02824160 0.04653513
vt 0.02840695 0.03439045
vt 0.02564562 0.03503704
vt 0.02217058 0.04602391
vt 0.02226799 0.03483671
vt 0.01962613 0.04024923
vt 0.01935164 0.05349261
vt 0.02066807 0.05560309
vt 0.01857974 0.06097138
vt 0.81435806 0.58399111
vt 0.02054118 0.07861954
vt 0.02007996 0.09669358
vt 0.01714658 0.09823930
vt 0.81440556 0.54650092
vt 0.01998910 0.10724813
vt 0.02022075 0.12936664
vt 0.01893976 0.14483202
vt 0.02119047 0.14696807
vt 0.01896932 0.15716398
vt 0.02182299 0.16797251
vt 0.02574421 0.15972954
vt 0.02565545 0.16905713
vt 0.02560584 0.17536002
vt 0.02185229 0.17543125
vt 0.02565988 0.14002597
vt 0.02541729 0.10374111
vt 0.02863573 0.16900933
vt 0.02789209 0.14107424
vt 0.02845266 0.17535806
vt 0.02824615 0.05649704
vt 0.08124297 0.74680173
vt 0.02271440 0.17696035
vt 0.02802281 0.07014018
vt 0.02794029 0.10688937
vt 0.08676258 0.74576217
vt 0.02817205 0.17682779
vt 0.02081680 0.03277993
vt 0.70456433 0.57525361
vt 0.81523138 0.61251390
vt 0.69890296 0.57770562
vt 0.02660085 0.03261322
vt 0.01812253 0.03929198
vt 0.81238699 0.60580814
vt 0.01764419 0.05611104
vt 0.81280816 0.58875459
vt 0.01713287 0.14406985
vt 0.81172544 0.50058931
vt 0.41015020 0.30094391
vt 0.41230598 0.28899330
vt 0.44472912 0.28791189
vt 0.44315791 0.30050576
vt 0.35915971 0.28750849
vt 0.35508817 0.27738672
vt 0.38513976 0.28862107
vt 0.38415253 0.27849352
vt 0.40993747 0.27776712
vt 0.44306612 0.27799374
vt 0.32059824 0.28862202
vt 0.31265375 0.27873528
vt 0.29262361 0.28797966
vt 0.27025506 0.28832221
vt 0.26525369 0.27740955
vt 0.22906767 0.28746891
vt 0.22423725 0.27805555
vt 0.19575877 0.28147089
vt 0.18099576 0.28279579
vt 0.14957407 0.29030758
vt 0.15075499 0.27939951
vt 0.12943350 0.28323734
vt 0.11457202 0.30066323
vt 0.11214206 0.28220254
vt 0.13991436 0.30193472
vt 0.16313545 0.30061769
vt 0.19194148 0.30085695
vt 0.22613633 0.30114293
vt 0.25664595 0.30034864
vt 0.28859127 0.30085480
vt 0.31484047 0.30094075
vt 0.35638091 0.30070430
vt 0.38271528 0.30031413
vt 0.17853254 0.31547755
vt 0.21088299 0.31363940
vt 0.25095946 0.31436348
vt 0.29604071 0.31375527
vt 0.33773854 0.31389189
vt 0.36152071 0.31306577
vt 0.38729838 0.31368470
vt 0.41986373 0.31365132
vt 0.44583750 0.31251788
vt 0.14833027 0.33663130
vt 0.17099094 0.32327127
vt 0.17405009 0.33662003
vt 0.13004793 0.32254672
vt 0.12756304 0.33616161
vt 0.53808570 0.32271570
vt 0.52325660 0.31500125
vt 0.56337005 0.31966579
vt 0.49393371 0.32371056
vt 0.48840186 0.31287932
vt 0.47254497 0.31399119
vt 0.47468057 0.30075389
vt 0.50103343 0.30073011
vt 0.51706660 0.30078435
vt 0.54078656 0.30069125
vt 0.55979490 0.30073607
vt 0.58988142 0.30086136
vt 0.59270483 0.31417906
vt 0.62150496 0.31329501
vt 0.62693995 0.30067825
vt 0.65630692 0.31307268
vt 0.65053028 0.30080712
vt 0.68531275 0.30064982
vt 0.68979114 0.31326020
vt 0.67788231 0.32317984
vt 0.65764350 0.32317793
vt 0.62655669 0.32327461
vt 0.59595287 0.32282656
vt 0.47085288 0.32358408
vt 0.44330513 0.32265925
vt 0.70508820 0.33564365
vt 0.68548834 0.33609498
vt 0.70400167 0.31947845
vt 0.65866691 0.33594418
vt 0.61277258 0.33609188
vt 0.57422358 0.33601171
vt 0.53472906 0.33601916
vt 0.50377113 0.33632267
vt 0.47086856 0.33629638
vt 0.44309452 0.33604199
vt 0.40716058 0.32318056
vt 0.41195402 0.33618897
vt 0.38640940 0.33593750
vt 0.38480118 0.32326269
vt 0.36721969 0.33607161
vt 0.36010459 0.32306051
vt 0.35324654 0.33587658
vt 0.33118635 0.33628023
vt 0.29584181 0.32325912
vt 0.30254304 0.33636135
vt 0.26156846 0.32508743
vt 0.26019591 0.33630538
vt 0.21396364 0.33619976
vt 0.22492288 0.32400298
vt 0.19303109 0.32326365
vt 0.12910448 0.31423843
vt 0.49649471 0.28790414
vt 0.47190464 0.28754675
vt 0.53410792 0.28692240
vt 0.66964930 0.28744221
vt 0.68970960 0.28855956
vt 0.70510960 0.28934842
vt 0.70364386 0.27907741
vt 0.71954113 0.28263128
vt 0.67828017 0.27806485
vt 0.65074480 0.27773440
vt 0.63893789 0.28773761
vt 0.61591566 0.27793103
vt 0.59596699 0.28678465
vt 0.58604038 0.27696484
vt 0.56330812 0.28185499
vt 0.53116709 0.27782547
vt 0.50167936 0.27747154
vt 0.47581530 0.27740818
vt 0.70473975 0.30103600
vt 0.72020036 0.31795406
vt 0.72035772 0.30097675
vt 0.11162271 0.31998426
vt 0.11263537 0.33601540
vt 0.17331116 0.26578957
vt 0.14970705 0.26572353
vt 0.12598024 0.26592898
vt 0.61457783 0.26538539
vt 0.64273840 0.26502264
vt 0.66107321 0.26517999
vt 0.58891577 0.26538110
vt 0.55565071 0.26494420
vt 0.52161300 0.26498604
vt 0.49080020 0.26517957
vt 0.47567040 0.26502544
vt 0.44416013 0.26522899
vt 0.41651705 0.26513934
vt 0.38701719 0.26519048
vt 0.35619789 0.26494300
vt 0.33091936 0.26547277
vt 0.31244177 0.26504076
vt 0.28976575 0.26529396
vt 0.25897840 0.26573598
vt 0.22685483 0.26579976
vt 0.19815740 0.26572078
vt 0.11300294 0.26625633
vt 0.70218277 0.26567006
vt 0.10115584 0.30270797
vt 0.10202441 0.28316593
vt 0.72141355 0.26609373
vt 0.72004294 0.33552569
vt 0.72980630 0.28310978
vt 0.73149347 0.30072939
vt 0.17993382 0.25440955
vt 0.15236421 0.25440031
vt 0.12667653 0.25557530
vt 0.44134611 0.25948817
vt 0.58481538 0.25401807
vt 0.62688142 0.25425428
vt 0.66225117 0.25428498
vt 0.56437254 0.25274587
vt 0.53837407 0.25300664
vt 0.50249487 0.25385034
vt 0.47745618 0.25299263
vt 0.44698876 0.25173527
vt 0.40499371 0.25205052
vt 0.39084533 0.25871485
vt 0.36508039 0.25347650
vt 0.32632372 0.25289524
vt 0.28373984 0.25369096
vt 0.25277784 0.25331676
vt 0.23240663 0.25401640
vt 0.20521663 0.25387990
vt 0.68840456 0.25435758
vt 0.10290571 0.26693559
vt 0.73043889 0.31892622
vt 0.10232013 0.32424545
vt 0.10314850 0.33579910
vt 0.70550823 0.25416422
vt 0.72008508 0.25539482
vt 0.67620522 0.24385738
vt 0.64682227 0.24408138
vt 0.70057905 0.24349868
vt 0.60109329 0.24347144
vt 0.56957549 0.24276638
vt 0.53144515 0.24404842
vt 0.49161687 0.24376744
vt 0.13189177 0.24357617
vt 0.11031095 0.24399334
vt 0.17448337 0.24403930
vt 0.44337171 0.24368697
vt 0.40553761 0.24340492
vt 0.35634899 0.24384856
vt 0.32629600 0.24369264
vt 0.29433832 0.24393916
vt 0.25064006 0.24389255
vt 0.20975730 0.24414712
vt 0.09130050 0.30084419
vt 0.10180493 0.25432515
vt 0.10103898 0.24375618
vt 0.74140471 0.26641124
vt 0.72614378 0.24234307
vt 0.73107713 0.25562572
vt 0.74234903 0.24407154
vt 0.74219602 0.25487053
vt 0.09018996 0.27684522
vt 0.09034328 0.26699227
vt 0.09030111 0.25505340
vt 0.09005582 0.24372411
vt 0.74074346 0.28384471
vt 0.65830648 0.34644234
vt 0.61072457 0.34745944
vt 0.58029121 0.34781599
vt 0.53961658 0.34657592
vt 0.50488847 0.34756458
vt 0.47504193 0.34873998
vt 0.43719608 0.34747314
vt 0.36728466 0.34916651
vt 0.32600367 0.34863234
vt 0.28345537 0.34661901
vt 0.25291684 0.34869748
vt 0.21703400 0.34797084
vt 0.17192689 0.34850669
vt 0.69929177 0.34779596
vt 0.15095319 0.34728378
vt 0.12933460 0.34645522
vt 0.73123378 0.33617747
vt 0.09048469 0.32487535
vt 0.11314628 0.34853178
vt 0.74056113 0.30435377
vt 0.74175966 0.32417268
vt 0.74141377 0.33422291
vt 0.09043361 0.33616871
vt 0.72129989 0.34970099
vt 0.10169516 0.34892559
vt 0.08948764 0.34906662
vt 0.13058521 0.35949147
vt 0.11437948 0.35919082
vt 0.17891972 0.35796136
vt 0.15288927 0.35851550
vt 0.31489098 0.35697722
vt 0.25134444 0.35738695
vt 0.21436726 0.35760593
vt 0.54069954 0.35555089
vt 0.47293103 0.35642624
vt 0.44002783 0.35659015
vt 0.42730296 0.35170525
vt 0.57838708 0.35614336
vt 0.60778320 0.35642254
vt 0.64801306 0.35646749
vt 0.67779487 0.35762334
vt 0.70324928 0.35873377
vt 0.71663398 0.35873532
vt 0.37406531 0.35780466
vt 0.72992730 0.34811121
vt 0.73035145 0.35822427
vt 0.10185575 0.35955268
vt 0.08954253 0.35989702
vt 0.74175102 0.34742284
vt 0.74175113 0.35887796
vt 0.52916580 0.36358035
vt 0.47066948 0.36405468
vt 0.51369435 0.37016189
vt 0.45153573 0.36727548
vt 0.40242338 0.36630368
vt 0.34572691 0.36439395
vt 0.30093569 0.36427057
vt 0.25903028 0.36468148
vt 0.21432264 0.36428773
vt 0.17562543 0.36720502
vt 0.21546747 0.36985499
vt 0.26265550 0.37010145
vt 0.33053917 0.36823308
vt 0.57409608 0.36683434
vt 0.60979855 0.36724854
vt 0.65570486 0.36410975
vt 0.65862316 0.36973327
vt 0.69355756 0.36687559
vt 0.16305655 0.36456645
vt 0.14694096 0.36979246
vt 0.12766707 0.37013578
vt 0.10307137 0.37201613
vt 0.08884828 0.37131011
vt 0.71819890 0.37054241
vt 0.70113665 0.37019223
vt 0.73262370 0.37144840
vt 0.74205810 0.37030697
vt 0.17532653 0.37099707
vt 0.42656690 0.37131739
vt 0.45925626 0.37092638
vt 0.30252096 0.37084150
vt 0.37101546 0.37140751
vt 0.58100605 0.37108278
vt 0.54558825 0.37089473
vt 0.60953557 0.37149739
vt 0.07946361 0.33720410
vt 0.07936271 0.32543564
vt 0.08566815 0.30242896
vt 0.07970235 0.30491745
vt 0.07925906 0.29250252
vt 0.07957884 0.27850068
vt 0.07813267 0.35016114
vt 0.07842432 0.35965925
vt 0.07839675 0.37122184
vt 0.07962695 0.26734078
vt 0.74941510 0.29997867
vt 0.74295193 0.23046088
vt 0.11664934 0.23599935
vt 0.12970173 0.23248029
vt 0.17335361 0.23425806
vt 0.15663567 0.23138881
vt 0.21481793 0.23399347
vt 0.44349271 0.23495066
vt 0.39214781 0.23438746
vt 0.32903740 0.23483002
vt 0.29725754 0.23803538
vt 0.25590420 0.23454881
vt 0.71976662 0.23545629
vt 0.51295453 0.23892075
vt 0.67717713 0.23188639
vt 0.70014518 0.23137575
vt 0.65020096 0.23472691
vt 0.61213952 0.23393047
vt 0.56203073 0.23112428
vt 0.50601643 0.23358494
vt 0.44424886 0.23073572
vt 0.73439574 0.23011780
vt 0.71843243 0.22890878
vt 0.10095919 0.22996980
vt 0.08780374 0.23178577
vt 0.07793543 0.24490559
vt 0.07814652 0.23188567
vt 0.74922252 0.27915668
vt 0.75239384 0.26456976
vt 0.75251549 0.28154278
vt 0.75180405 0.30712199
vt 0.75193655 0.32274008
vt 0.75295496 0.24193835
vt 0.75468904 0.25396478
vt 0.75298673 0.23041081
vt 0.31466454 0.23049760
vt 0.25600812 0.23062062
vt 0.22270419 0.23096365
vt 0.17919368 0.23110783
vt 0.39402580 0.23001003
vt 0.36352539 0.23026711
vt 0.75332475 0.34724271
vt 0.75215167 0.33528441
vt 0.75289142 0.35898072
vt 0.64027148 0.23088646
vt 0.59097344 0.23092747
vt 0.50129968 0.23052156
vt 0.75261205 0.37092113
vt 0.75483364 0.22412163
vt 0.75275213 0.21990675
vt 0.75540763 0.38138717
vt 0.74906051 0.38136548
vt 0.73773170 0.38150704
vt 0.73369414 0.22143912
vt 0.73827749 0.21896774
vt 0.10295570 0.22278267
vt 0.08691855 0.22013801
vt 0.07824077 0.21993995
vt 0.11470200 0.38013804
vt 0.10015338 0.38242781
vt 0.08886038 0.38245845
vt 0.14534231 0.37757432
vt 0.13848531 0.38189518
vt 0.07593172 0.38146222
vt 0.71593899 0.37937385
vt 0.07428540 0.26280689
vt 0.13017738 0.22124624
vt 0.70013100 0.22088188
vt 0.67278504 0.22000074
vt 0.64031035 0.21970761
vt 0.59699512 0.21945345
vt 0.57218868 0.21913320
vt 0.52909327 0.21917784
vt 0.49068910 0.21902806
vt 0.43955702 0.21889699
vt 0.40598080 0.21903330
vt 0.36217371 0.21920586
vt 0.31269532 0.21929777
vt 0.27479693 0.21915984
vt 0.22557272 0.21933615
vt 0.17516212 0.21987987
vt 0.76308477 0.21791476
vt 0.76204807 0.23033834
vt 0.76304239 0.23962295
vt 0.06905572 0.21905178
vt 0.06926253 0.23131603
vt 0.09592724 0.21851891
vt 0.76041704 0.37750328
vt 0.76417518 0.38369584
vt 0.66112149 0.37400943
vt 0.69579768 0.38128757
vt 0.65731066 0.38167453
vt 0.76167971 0.36746395
vt 0.17505671 0.38201326
vt 0.06991461 0.37247467
vt 0.06753687 0.38383782
vt 0.21184899 0.37489724
vt 0.26157171 0.37490082
vt 0.20218714 0.38230228
vt 0.26158491 0.38237983
vt 0.30122322 0.38211524
vt 0.35052857 0.37467253
vt 0.35439956 0.38233232
vt 0.40363649 0.38250899
vt 0.58039373 0.38203800
vt 0.61390930 0.38185829
vt 0.53402823 0.38175428
vt 0.49257991 0.38197815
vt 0.45933124 0.38227117
vt 0.72152823 0.38239551
vt 0.75778657 0.26215601
vt 0.12112024 0.21895599
vt 0.75704098 0.33863455
vt 0.07105464 0.33800435
vt 0.06789590 0.24367350
vt 0.06814265 0.36165404
vt 0.06791597 0.35069394
vt 0.06591944 0.21987414
vt 0.06976098 0.27615124
vt 0.07146204 0.30036438
vt 0.06994393 0.32439828
vt 0.70496875 0.21852618
vt 0.75731671 0.29925716
vt 0.76116818 0.27307069
vt 0.76620340 0.37574267
vt 0.75687283 0.38785964
vt 0.08276962 0.38221753
vt 0.06817672 0.30213898
vt 0.76096839 0.32195705
vt 0.76050121 0.33358335
vt 0.76356357 0.35549253
vt 0.07741452 0.38962460
vt 0.76571822 0.39073622
vt 0.06572353 0.23036784
vt 0.76675421 0.21931124
vt 0.76736522 0.22711635
vt 0.06459323 0.39153540
vt 0.75551248 0.21141750
vt 0.06597169 0.37425375
vt 0.76194072 0.30295515
vt 0.07687028 0.21371365
vt 0.76370740 0.25170672
vt 0.74702883 0.39033079
vt 0.76501012 0.99683416
vt 0.76416528 0.20883185
vt 0.10673862 0.38795716
vt 0.76772463 0.21085328
vt 0.73256308 0.21383214
vt 0.06793995 0.21087921
vt 0.11369751 0.21511656
vt 0.14450641 0.21399641
vt 0.72349912 0.38663799
vt 0.60555720 0.38837820
vt 0.57500690 0.38849735
vt 0.09563036 0.39280868
vt 0.69628507 0.38739145
vt 0.66091287 0.38813579
vt 0.31317556 0.38518214
vt 0.14049594 0.38798851
vt 0.17566903 0.38820672
vt 0.21680151 0.38844347
vt 0.25096118 0.38831401
vt 0.29462638 0.38848150
vt 0.46544963 0.38862330
vt 0.43589094 0.38849938
vt 0.39355290 0.38884234
vt 0.49388862 0.38821310
vt 0.53419602 0.38834441
vt 0.35716844 0.38893092
vt 0.65529650 0.21439582
vt 0.59722817 0.21289086
vt 0.57315075 0.21291238
vt 0.52481049 0.21338511
vt 0.48335922 0.21249461
vt 0.45462918 0.21279925
vt 0.70348728 0.21380585
vt 0.38681087 0.21325046
vt 0.41717353 0.21315140
vt 0.17545909 0.21371639
vt 0.21292400 0.21301782
vt 0.23599558 0.21285796
vt 0.26449299 0.21279341
vt 0.31126520 0.21247697
vt 0.36336717 0.21268594
vt 0.08952374 0.21121430
vt 0.06486905 0.32821524
vt 0.75917864 0.39212275
vt 0.06530818 0.26853353
vt 0.06638659 0.25257778
vt 0.06474679 0.28305709
vt 0.76890415 0.37026930
vt 0.73423123 0.39229625
vt 0.74211782 0.20946795
vt 0.74313092 0.99964166
vt 0.76591402 0.33575475
vt 0.64353585 0.21275610
vt 0.06124415 0.24329627
vt 0.61827868 0.51397425
vt 0.10721067 0.21056664
vt 0.06171134 0.36086881
vt 0.50374496 0.51465452
vt 0.76665980 0.27078450
vt 0.77089381 0.25225562
vt 0.32366472 0.58059341
vt 0.06141959 0.22822285
vt 0.63290471 0.51247340
vt 0.77106422 0.21781504
vt 0.35707581 0.58371830
vt 0.77201211 0.99399984
vt 0.77167833 0.20833379
vt 0.36590242 0.58669794
vt 0.04265523 0.28129989
vt 0.70137888 0.39400136
vt 0.62202775 0.39454001
vt 0.04292763 0.36170262
vt 0.58524555 0.39484990
vt 0.04276922 0.39902806
vt 0.76676762 0.30582500
vt 0.66302884 0.20725465
vt 0.66415220 0.99916553
vt 0.08768620 0.99775243
vt 0.08484959 0.20817637
vt 0.03801391 0.21921557
vt 0.76318258 0.39492071
vt 0.06128283 0.21790040
vt 0.64278293 0.51025319
vt 0.54930127 0.39486611
vt 0.04282793 0.43550599
vt 0.04296215 0.49280131
vt 0.49289170 0.39483619
vt 0.36504528 0.39511383
vt 0.04282936 0.62270993
vt 0.31128401 0.39309931
vt 0.21501021 0.39496773
vt 0.04280697 0.77517921
vt 0.04300204 0.72522843
vt 0.26417050 0.39490205
vt 0.06416095 0.30128026
vt 0.33156693 0.21035385
vt 0.51870066 0.20985025
vt 0.13612755 0.99964166
vt 0.13363397 0.20810878
vt 0.57860851 0.20657861
vt 0.57990307 0.99885476
vt 0.39548638 0.20922899
vt 0.18020976 0.20731688
vt 0.18254219 0.99960917
vt 0.24333948 0.20692307
vt 0.24547166 0.99942505
vt 0.15844311 0.99964464
vt 0.15603077 0.20769823
vt 0.10334429 0.99875873
vt 0.10069004 0.20815450
vt 0.27250385 0.99936891
vt 0.27044496 0.20681322
vt 0.32156593 0.20670748
vt 0.32350305 0.99917299
vt 0.36561799 0.20671296
vt 0.36745819 0.99908108
vt 0.77141547 0.33792257
vt 0.23979166 0.58079845
vt 0.77149171 0.31455231
vt 0.26262778 0.58031273
vt 0.06024861 0.27085000
vt 0.59136981 0.51454556
vt 0.77165043 0.26609099
vt 0.31016302 0.58083439
vt 0.06035248 0.33182120
vt 0.53205150 0.51492536
vt 0.05979021 0.30173212
vt 0.56130451 0.51492536
vt 0.03997338 0.24981219
vt 0.73259729 0.39552236
vt 0.24339303 0.68870705
vt 0.46747002 0.86404300
vt 0.43392181 0.85625964
vt 0.46953711 0.84806585
vt 0.41337758 0.87571049
vt 0.29881921 0.67302465
vt 0.40963835 0.86077189
vt 0.40393853 0.87374556
vt 0.38106424 0.87550062
vt 0.34723249 0.87367779
vt 0.42236722 0.56292731
vt 0.33708611 0.88475806
vt 0.28384525 0.88758695
vt 0.30005610 0.89277315
vt 0.27148589 0.89788908
vt 0.63215065 0.82373029
vt 0.59550369 0.82044202
vt 0.64278913 0.80998564
vt 0.55556399 0.83926201
vt 0.54855758 0.83089626
vt 0.52476412 0.85139894
vt 0.18457833 0.70538509
vt 0.50369608 0.84060639
vt 0.20537950 0.69943017
vt 0.50448704 0.85582280
vt 0.60507864 0.83380425
vt 0.10196183 0.72859144
vt 0.64982182 0.81954110
vt 0.64655179 0.82354647
vt 0.65474641 0.82155955
vt 0.50268263 0.93716896
vt 0.65071964 0.81761229
vt 0.42713085 0.93471277
vt 0.64404202 0.82542992
vt 0.06191902 0.73995173
vt 0.22069180 0.90143609
vt 0.22278233 0.91019797
vt 0.17025979 0.91496515
vt 0.11641696 0.92477763
vt 0.11013391 0.93154955
vt 0.04052615 0.94204569
vt 0.06334937 0.94207108
vt 0.04024479 0.95064169
vt 0.10602295 0.93607748
vt 0.01606804 0.95387471
vt 0.75362593 0.56080329
vt 0.02398211 0.94542235
vt 0.68877226 0.58554667
vt 0.01683274 0.95791894
vt 0.64883077 0.80885464
vt 0.42762238 0.94372326
vt 0.21894369 0.91381127
vt 0.49131998 0.62757480
vt 0.51497662 0.62226355
vt 0.19470893 0.91894871
vt 0.38606596 0.87834275
vt 0.32627478 0.66667509
vt 0.28729224 0.89886808
vt 0.42464292 0.64322180
vt 0.41320518 0.64581943
vt 0.29885957 0.89680034
vt 0.33388880 0.88926566
vt 0.37826943 0.65421891
vt 0.12385441 0.93458211
vt 0.58443725 0.60741460
vt 0.10242140 0.93889940
vt 0.60527927 0.60288572
vt 0.06711262 0.94693631
vt 0.63966697 0.59551543
vt 0.40598068 0.87674898
vt 0.30633336 0.67045283
vt 0.05934426 0.73974138
vt 0.64646715 0.82552576
vt 0.65990728 0.84060419
vt 0.66201168 0.82918274
vt 0.66878760 0.85635012
vt 0.66711956 0.82615566
vt 0.83830667 0.20650709
vt 0.67395884 0.87893456
vt 0.67768705 0.89548516
vt 0.68695700 0.91083479
vt 0.68382657 0.92195553
vt 0.68775707 0.94260472
vt 0.69572657 0.94921857
vt 0.68949491 0.95299381
vt 0.75542080 0.75656432
vt 0.68947154 0.95810241
vt 0.67113125 0.88867021
vt 0.68540370 0.95517445
vt 0.52740884 0.76863086
vt 0.75221306 0.75591618
vt 0.68635637 0.95913291
vt 0.52346295 0.76865673
vt 0.69734907 0.95398915
vt 0.96945888 0.20166075
vt 0.69825172 0.95675379
vt 0.76426291 0.75583655
vt 0.97232479 0.20165855
vt 0.01223776 0.94659263
vt 0.76524734 0.56194758
vt 0.54797745 0.78510541
vt 0.66562712 0.81682825
vt 0.50244755 0.94918263
vt 0.82895297 0.20570070
vt 0.12058549 0.56449515
vt 0.63967317 0.80990380
vt 0.28805840 0.56399906
vt 0.47751287 0.84526068
vt 0.41552529 0.85849988
vt 0.35197046 0.56386906
vt 0.53385532 0.83317482
vt 0.22992980 0.56418169
vt 0.18186487 0.56430572
vt 0.58038306 0.82300496
vt 0.55797696 0.56282246
vt 0.21526714 0.90189523
vt 0.39483744 0.53972739
vt 0.45987138 0.53971994
vt 0.43768531 0.54545420
vt 0.37428597 0.54792458
vt 0.34294403 0.54786938
vt 0.33106759 0.53956908
vt 0.27924529 0.54794693
vt 0.27931559 0.53868949
vt 0.80481398 0.34734470
vt 0.24783103 0.53970259
vt 0.24086526 0.54763192
vt 0.20117697 0.53864586
vt 0.80511439 0.26770627
vt 0.53455448 0.53968519
vt 0.57785445 0.53976077
vt 0.55233699 0.54803461
vt 0.60908151 0.54525894
vt 0.63682014 0.53987598
vt 0.68575668 0.54612160
vt 0.50174350 0.54720378
vt 0.49974006 0.53846920
vt 0.80430532 0.57175779
vt 0.46216837 0.54799151
vt 0.71754056 0.54605681
vt 0.80590093 0.81497228
vt 0.73890859 0.53931326
vt 0.73655534 0.54856300
vt 0.60904014 0.54856730
vt 0.69102460 0.54839408
vt 0.75274032 0.54643565
vt 0.19857012 0.54465520
vt 0.13451840 0.54424000
vt 0.13279192 0.54862845
vt 0.20420285 0.54829800
vt 0.11571997 0.54183596
vt 0.76208496 0.54975474
vt 0.97007751 0.01958215
vt 0.76243651 0.54586488
vt 0.96937937 0.02329022
vt 0.11494725 0.54902917
vt 0.75382090 0.53930575
vt 0.80589592 0.83012778
vt 0.65059584 0.53886825
vt 0.80512440 0.72517931
vt 0.51137060 0.55037558
vt 0.34818071 0.75244957
vt 0.47696388 0.75372553
vt 0.38359487 0.55080336
vt 0.50977165 0.75404924
vt 0.35116956 0.55080831
vt 0.18075372 0.55051982
vt 0.68210781 0.75533944
vt 0.12705502 0.55107784
vt 0.73635900 0.75564629
vt 0.18852368 0.75168002
vt 0.67022538 0.55064380
vt 0.10663430 0.75269073
vt 0.75209689 0.55106688
vt 0.11361571 0.54310846
vt 0.56828159 0.42785960
vt 0.11301560 0.54930663
vt 0.56815302 0.42141604
vt 0.80414039 0.17839682
vt 0.56608391 0.43317699
vt 0.11355502 0.53766882
vt 0.01958078 0.54052067
vt 0.01686801 0.54693544
vt 0.01668498 0.57746607
vt 0.01842795 0.51424152
vt 0.02118457 0.57821625
vt 0.02096907 0.60384464
vt 0.01698547 0.60026652
vt 0.01781934 0.63354343
vt 0.02100208 0.63484174
vt 0.02079222 0.66666108
vt 0.01676330 0.66958100
vt 0.01670677 0.69555885
vt 0.02607794 0.55969596
vt 0.02594455 0.51149112
vt 0.02953537 0.63543981
vt 0.02922890 0.60599077
vt 0.02920762 0.65763414
vt 0.02606315 0.68832737
vt 0.02051586 0.69636250
vt 0.02945282 0.72836912
vt 0.02937849 0.71295732
vt 0.02117553 0.72697937
vt 0.02879843 0.74700856
vt 0.02049095 0.75569558
vt 0.02666170 0.77080125
vt 0.02263635 0.78246731
vt 0.02978077 0.69214451
vt 0.01650540 0.78021055
vt 0.02117538 0.81628126
vt 0.01664097 0.72912669
vt 0.02842225 0.80327559
vt 0.02783420 0.83170080
vt 0.02141785 0.85192448
vt 0.02613589 0.86510849
vt 0.03012530 0.78742659
vt 0.01750549 0.86905420
vt 0.01650937 0.85068399
vt 0.01653001 0.81816554
vt 0.02178619 0.88172066
vt 0.02566864 0.89765865
vt 0.01735805 0.90518564
vt 0.02272877 0.91525674
vt 0.01642298 0.87945032
vt 0.01729021 0.92338616
vt 0.02929977 0.90990794
vt 0.02537868 0.92853343
vt 0.01907608 0.92948121
vt 0.02944849 0.92333758
vt 0.02707442 0.28024757
vt 0.02647686 0.23180759
vt 0.02259101 0.25529653
vt 0.02204426 0.28326905
vt 0.02183294 0.31653237
vt 0.02717019 0.35505956
vt 0.02179289 0.34693640
vt 0.02132650 0.36625051
vt 0.02161371 0.39352506
vt 0.02714864 0.42288947
vt 0.02019104 0.41901815
vt 0.02094767 0.45286477
vt 0.02640910 0.47342145
vt 0.02061603 0.48341674
vt 0.01933496 0.23547035
vt 0.02050447 0.21798390
vt 0.02683087 0.21722853
vt 0.03061927 0.26250684
vt 0.03045500 0.34240830
vt 0.03034122 0.37841529
vt 0.03030562 0.42418331
vt 0.03012781 0.49454570
vt 0.03002006 0.54852450
vt 0.03034191 0.23378372
vt 0.03019180 0.86656880
vt 0.03002477 0.82637721
vt 0.01673019 0.34891421
vt 0.01650230 0.24399507
vt 0.01712890 0.27081943
vt 0.01681071 0.29303336
vt 0.01618818 0.31938851
vt 0.01682125 0.40407193
vt 0.01676569 0.37729591
vt 0.01709452 0.42701817
vt 0.01724087 0.49552715
vt 0.01698283 0.47710621
vt 0.01729805 0.45251256
vt 0.02977064 0.21774107
vt 0.01304365 0.21810162
vt 0.01222660 0.92984462
vt 0.01187123 0.91407663
vt 0.01387703 0.63517666
vt 0.00839673 0.92739046
vt 0.01173393 0.23257113
vt 0.01169846 0.42397171
vt 0.00985784 0.46861809
vt 0.00963266 0.50000119
vt 0.00958255 0.52900261
vt 0.00954116 0.56668186
vt 0.00925790 0.62492216
vt 0.01188221 0.26496065
vt 0.01172405 0.31836158
vt 0.00998995 0.36745083
vt 0.01144929 0.86037230
vt 0.00937036 0.65696096
vt 0.00935353 0.68694234
vt 0.00922467 0.72255546
vt 0.01223438 0.75747138
vt 0.01159784 0.82497752
vt 0.01361216 0.21317446
vt 0.00851176 0.87125617
vt 0.00853731 0.81225294
vt 0.00847223 0.75036889
vt 0.00867861 0.42663467
vt 0.02664584 0.21303546
vt 0.00859385 0.33458459
vt 0.00577077 0.57169622
vt 0.00580758 0.64798135
vt 0.00566604 0.50452614
vt 0.00575347 0.46795070
vt 0.00583929 0.73680174
vt 0.00871162 0.28842759
vt 0.00880223 0.23621511
vt 0.00890154 0.21776861
vt 0.00582879 0.43531293
vt 0.00580285 0.38436288
vt 0.00601890 0.35145926
vt 0.03312458 0.79451704
vt 0.03314357 0.57527304
vt 0.03305157 0.63224417
vt 0.03316448 0.49573255
vt 0.03327566 0.35068983
vt 0.03330786 0.38302279
vt 0.03327040 0.43277872
vt 0.03328795 0.27506554
vt 0.03322114 0.72705144
vt 0.03313120 0.66700423
vt 0.03319897 0.82643694
vt 0.03307357 0.89453864
vt 0.01730666 0.93262398
vt 0.46748251 0.48865485
vt 0.03312370 0.23344481
vt 0.45606750 0.00145566
vt 0.00328974 0.47396660
vt 0.00384550 0.38929725
vt 0.54089034 0.00422138
vt 0.00607427 0.29739404
vt 0.00563618 0.81704617
vt 0.00224249 0.51188654
vt 0.41837820 0.00160551
vt 0.00334901 0.58090454
vt 0.35004175 0.00035536
vt 0.00315110 0.55664867
vt 0.00311889 0.56519139
vt 0.00659700 0.24810553
vt 0.00645271 0.22376978
vt 0.70664209 0.01278281
vt 0.26742887 0.00049275
vt 0.00315094 0.66465443
vt 0.00431685 0.33568954
vt 0.59475476 0.00627244
vt 0.00458632 0.89923561
vt 0.03906578 0.00206292
vt 0.00419950 0.92032623
vt 0.01879074 0.00275433
vt 0.03284786 0.91412723
vt 0.00384956 0.80854237
vt 0.12684636 0.00116700
vt 0.03606222 0.53831255
vt 0.03616665 0.48998374
vt 0.03620039 0.43755275
vt 0.03624002 0.38164490
vt 0.03597629 0.60117137
vt 0.03078331 0.93086272
vt 0.46823534 0.50282139
vt 0.03574940 0.25830656
vt 0.03616497 0.31305343
vt 0.03624066 0.34857398
vt 0.03605282 0.83943027
vt 0.03591989 0.64525479
vt 0.03584374 0.71895880
vt 0.03597352 0.78093469
vt 0.03196591 0.21175528
vt 0.18292785 0.59148037
vt 0.03396090 0.21660113
vt 0.03646382 0.22383088
vt 0.02551367 0.21071583
vt 0.03420451 0.92465752
vt 0.34637290 0.00147241
vt 0.00193274 0.58459914
vt 0.03718104 0.89568073
vt 0.00468967 0.92889643
vt 0.01051145 0.00306678
vt 0.00757084 0.93187577
vt 0.00657792 0.00204957
vt 0.46921507 0.47874737
vt 0.03674413 0.91491657
vt 0.36776447 0.00152045
vt 0.00199892 0.56298631
vt 0.03820442 0.55983639
vt 0.03820506 0.61414695
vt 0.03822146 0.49406123
vt 0.03824551 0.46026587
vt 0.03822386 0.52666229
vt 0.03766564 0.26769120
vt 0.03808933 0.34819102
vt 0.03800087 0.31272125
vt 0.03815374 0.40440416
vt 0.03816786 0.43596411
vt 0.03818469 0.66188145
vt 0.03787713 0.74508613
vt 0.03789819 0.78830767
vt 0.03803024 0.82857388
vt 0.03812571 0.71106255
vt 0.03803013 0.86887598
vt 0.37212157 0.00191009
vt 0.00174825 0.55857390
vt 0.03792952 0.92290318
vt 0.06910928 0.39552236
vt 0.77098566 0.39344251
vt 0.03720400 0.21120989
vt 0.18617432 0.58715534
vt 0.04278098 0.32447600
vt 0.65874869 0.39460695
vt 0.04072708 0.89902371
vt 0.09293318 0.39515430
vt 0.74989784 0.39391816
vt 0.04044791 0.23235136
vt 0.04072250 0.37378013
vt 0.53060418 0.39465404
vt 0.04300699 0.45450026
vt 0.04295655 0.53678852
vt 0.44959483 0.39487755
vt 0.40864342 0.39491481
vt 0.04300204 0.57840252
vt 0.04259868 0.67228258
vt 0.31626821 0.39533329
vt 0.16590077 0.39487654
vt 0.04271718 0.82504624
vt 0.12625059 0.39408886
vt 0.04287133 0.86531669
vt 0.04014793 0.91760045
vt 0.07462128 0.39415419
vt 0.44746959 0.97619629
vt 0.42172143 0.97414476
vt 0.44818187 0.97335833
vt 0.47966337 0.97328407
vt 0.49243671 0.97690451
vt 0.48576695 0.98187417
vt 0.39427584 0.98128992
vt 0.35696036 0.97973824
vt 0.38659808 0.97440940
vt 0.44787064 0.98138189
vt 0.52983820 0.98159343
vt 0.52535236 0.97413653
vt 0.56544691 0.97755283
vt 0.48759565 0.98597926
vt 0.53166211 0.98603010
vt 0.45047680 0.98607218
vt 0.38568887 0.98628902
vt 0.35532838 0.98519331
vt 0.29756114 0.98526734
vt 0.26714349 0.98554617
vt 0.27983803 0.98014915
vt 0.31933722 0.97689152
vt 0.24885949 0.97831774
vt 0.24235836 0.98562956
vt 0.20955665 0.98229539
vt 0.56959385 0.98512280
vt 0.65434581 0.98350292
vt 0.61449379 0.98534161
vt 0.67437834 0.98053801
vt 0.61616683 0.97753942
vt 0.70556200 0.98198402
vt 0.74565703 0.97751528
vt 0.67502302 0.97694027
vt 0.75135231 0.98160809
vt 0.74309242 0.98721170
vt 0.67277920 0.98651338
vt 0.75261420 0.97451717
vt 0.18253170 0.98696804
vt 0.12824792 0.98687160
vt 0.18061405 0.98220491
vt 0.12843075 0.97939789
vt 0.09195911 0.98726416
vt 0.09028075 0.97932065
vt 0.21132475 0.97844237
vt 0.18041828 0.97794825
vt 0.06952859 0.98154849
vt 0.07439065 0.98696572
vt 0.76906157 0.97965103
vt 0.76581722 0.98645413
vt 0.56583899 0.97335899
vt 0.62762791 0.97382194
vt 0.07318947 0.97347957
vt 0.12940684 0.97473586
vt 0.09332572 0.97282094
vt 0.31220645 0.97411674
vt 0.23416740 0.97413993
vt 0.18712679 0.97241360
vt 0.70079893 0.97420484
vt 0.76396877 0.97223401
vt 0.06616086 0.97635555
vt 0.14704256 0.97145617
vt 0.34542400 0.96992630
vt 0.39565644 0.96942741
vt 0.42220321 0.96968752
vt 0.45420209 0.96961057
vt 0.77089727 0.97192615
vt 0.26217732 0.96992666
vt 0.30060035 0.96967077
vt 0.74707353 0.96939468
vt 0.48726332 0.96960086
vt 0.70907694 0.97050112
vt 0.64835614 0.96963763
vt 0.61510879 0.96901107
vt 0.56905687 0.96915483
vt 0.52477521 0.96885455
vt 0.06613409 0.96984762
vt 0.32626218 0.98624915
vt 0.76972264 0.98560160
vt 0.58963633 0.98622185
vt 0.06940377 0.96773016
vt 0.09230126 0.96874237
vt 0.18007612 0.96787089
vt 0.22484931 0.96803135
vt 0.15020837 0.96818459
vt 0.76581007 0.96606463
vt 0.67352951 0.96754813
vt 0.71068978 0.96773881
vt 0.48591638 0.96392018
vt 0.45114431 0.96402258
vt 0.40842226 0.96410865
vt 0.36338377 0.96434170
vt 0.52828765 0.96387058
vt 0.56770343 0.96406853
vt 0.63155031 0.96426558
vt 0.27466273 0.96442366
vt 0.18178062 0.96484107
vt 0.13980544 0.96505147
vt 0.10010763 0.96551216
vt 0.23227383 0.96262836
vt 0.16876513 0.19732273
vt 0.27196315 0.96232176
vt 0.20823950 0.19995040
vt 0.74823982 0.96484983
vt 0.69706202 0.96460271
vt 0.35453048 0.96175730
vt 0.29063478 0.20467758
vt 0.77132064 0.96632552
vt 0.36958042 0.61514610
vt 0.35719964 0.98927051
vt 0.39262632 0.98937774
vt 0.12914315 0.99028921
vt 0.18121299 0.98978496
vt 0.24083979 0.98956442
vt 0.26744175 0.98934335
vt 0.30532554 0.98936349
vt 0.45614493 0.98927635
vt 0.48510632 0.98910171
vt 0.56684244 0.98896372
vt 0.52934116 0.98921472
vt 0.75277072 0.98977792
vt 0.06477889 0.98264581
vt 0.66226703 0.98947966
vt 0.60501945 0.98917842
vt 0.06777399 0.98820513
vt 0.70342064 0.98978513
vt 0.09124882 0.99062347
vt 0.48034424 0.96097422
vt 0.56003141 0.96109957
vt 0.44378704 0.96096414
vt 0.00657288 0.18495220
vt 0.06850933 0.96397370
vt 0.63394052 0.96148145
vt 0.17482114 0.99233341
vt 0.23586689 0.99225336
vt 0.76591259 0.98930448
vt 0.30608258 0.99207127
vt 0.35752624 0.99174374
vt 0.39683548 0.99206632
vt 0.44912025 0.99189389
vt 0.48534423 0.99179697
vt 0.52671629 0.99201804
vt 0.57860976 0.99188185
vt 0.62726450 0.99211729
vt 0.66978461 0.99232173
vt 0.07218793 0.98964304
vt 0.73353559 0.99220318
vt 0.12322958 0.99393719
vt 0.77154207 0.98816818
vt 0.71911842 0.99403536
vt 0.06222577 0.97413576
vt 0.65407443 0.48663151
vt 0.68712687 0.96190345
vt 0.62716377 0.20504618
vt 0.09520160 0.99478948
vt 0.75479466 0.99416733
vt 0.07948590 0.99312991
vt 0.57120824 0.20438337
vt 0.63212210 0.95970857
vt 0.51994085 0.95913291
vt 0.45753869 0.20465469
vt 0.41893157 0.95954555
vt 0.35552156 0.20420641
vt 0.58791643 0.20409584
vt 0.64856732 0.95983815
vt 0.14549802 0.99437702
vt 0.18291546 0.99443662
vt 0.23523474 0.99427330
vt 0.30633032 0.99401718
vt 0.76556158 0.99327314
vt 0.77424443 0.96945196
vt 0.36801210 0.61113918
vt 0.64048630 0.99414259
vt 0.67302740 0.99434119
vt 0.58353025 0.99405050
vt 0.53680891 0.99380201
vt 0.49384668 0.99373311
vt 0.39439270 0.99389100
vt 0.44712737 0.99370039
vt 0.07401183 0.99504977
vt 0.07076503 0.20720339
vt 0.06118881 0.98201472
vt 0.65288162 0.49466515
vt 0.06299610 0.20848006
vt 0.06626386 0.99442554
vt 0.23445319 0.99540055
vt 0.23002119 0.20679092
vt 0.23219582 0.99930716
vt 0.48130909 0.20646763
vt 0.48287773 0.99865437
vt 0.41560784 0.20664763
vt 0.41733304 0.99891531
vt 0.36256391 0.99507111
vt 0.30018142 0.99574924
vt 0.75377512 0.99741173
vt 0.75296640 0.20782733
vt 0.71741080 0.20828992
vt 0.71848094 0.99940532
vt 0.66972870 0.99632090
vt 0.63452572 0.20695186
vt 0.63571644 0.99904120
vt 0.60339332 0.99897557
vt 0.60215157 0.20680106
vt 0.58292699 0.99545270
vt 0.53044522 0.99866670
vt 0.52902174 0.20659089
vt 0.63415635 0.20277345
vt 0.69408113 0.95991910
vt 0.77414501 0.98836768
vt 0.36709726 0.59257078
vt 0.26923242 0.59454101
vt 0.30733356 0.59454590
vt 0.27382442 0.60185486
vt 0.23095287 0.59791625
vt 0.34401861 0.59779984
vt 0.31039795 0.60183811
vt 0.34226856 0.59335959
vt 0.21420383 0.60529536
vt 0.19833645 0.60123253
vt 0.20814435 0.59443992
vt 0.22973301 0.59296829
vt 0.34466594 0.60619718
vt 0.29931799 0.60629225
vt 0.35682079 0.59914935
vt 0.35617349 0.60763198
vt 0.19404450 0.60794705
vt 0.19646655 0.59480357
vt 0.18713588 0.60301310
vt 0.18777895 0.59739834
vt 0.36562961 0.60309196
vt 0.20937198 0.61203223
vt 0.25819761 0.60915464
vt 0.32521889 0.60915774
vt 0.35334685 0.61254942
vt 0.31598076 0.61251527
vt 0.24348639 0.61248887
vt 0.19156210 0.61259216
vt 0.18688339 0.61085320
vt 0.36523753 0.61179882
vt 0.36484730 0.59568602
vt 0.35586083 0.59170496
vt 0.28928155 0.59026664
vt 0.24036928 0.59025401
vt 0.34102473 0.59052497
vt 0.21152340 0.59055775
vt 0.19714497 0.59065342
vt 0.19003613 0.59355783
vt 0.19979496 0.61558473
vt 0.27123284 0.58782542
vt 0.22345722 0.58813459
vt 0.24795820 0.61550063
vt 0.35414258 0.61540771
vt 0.30564085 0.61544198
vt 0.36448616 0.58960003
vt 0.34112695 0.58846277
vt 0.35671788 0.58752304
vt 0.18742658 0.59072649
vt 0.77396077 0.97986776
vt 0.36920252 0.60072559
vt 0.71479505 0.19931352
vt 0.77447551 0.96257073
vt 0.36502928 0.61679763
vt 0.02348663 0.20788914
vt 0.18459398 0.60077769
vt 0.19892561 0.58762860
vt 0.32040411 0.58579350
vt 0.71539724 0.18856889
vt 0.35449120 0.61727077
vt 0.27974397 0.58556569
vt 0.22689830 0.58553356
vt 0.34302402 0.58603269
vt 0.01271453 0.20932084
vt 0.18396516 0.61179888
vt 0.27282122 0.58260387
vt 0.77083731 0.38906091
vt 0.19020748 0.58538228
vt 0.77138686 0.37363994
vt 0.20504405 0.58327955
vt 0.77045369 0.35404038
vt 0.22402798 0.58066273
vt 0.77039677 0.38440478
vt 0.19449997 0.58381224
vt 0.77055579 0.23265290
vt 0.34281173 0.58140123
vt 0.01763680 0.20986199
vt 0.18286714 0.60684568
vt 0.58692789 0.48858774
vt 0.52534217 0.48552060
vt 0.57251489 0.48541117
vt 0.63289970 0.48459983
vt 0.49754477 0.49006176
vt 0.49147362 0.48400331
vt 0.63768744 0.48786163
vt 0.48144096 0.49035561
vt 0.47966403 0.48389149
vt 0.53198040 0.49272013
vt 0.60079837 0.49260736
vt 0.63118851 0.49430442
vt 0.49595034 0.49693406
vt 0.57143164 0.49924302
vt 0.62539482 0.50332242
vt 0.63969767 0.49435484
vt 0.57163614 0.50449967
vt 0.53958023 0.50621927
vt 0.50636762 0.50415659
vt 0.48110244 0.49695718
vt 0.49379683 0.50443220
vt 0.64775103 0.48666716
vt 0.64140022 0.50206202
vt 0.65024370 0.49457836
vt 0.47222182 0.48698997
vt 0.47230300 0.49212146
vt 0.47372180 0.49822497
vt 0.57989705 0.50656009
vt 0.48161685 0.50319892
vt 0.64664811 0.50000024
vt 0.63498235 0.48144794
vt 0.64891577 0.48148382
vt 0.52101332 0.48233175
vt 0.57097781 0.48209858
vt 0.47235858 0.48070109
vt 0.65048110 0.48601317
vt 0.62645954 0.50577462
vt 0.50845146 0.50689864
vt 0.48117056 0.47943723
vt 0.51062030 0.47926015
vt 0.46920526 0.48700833
vt 0.57384753 0.47880197
vt 0.63419461 0.47845054
vt 0.00034965 0.17720276
vt 0.64581758 0.47700739
vt 0.47850338 0.50623429
vt 0.02384180 0.93283582
vt 0.46801993 0.49535793
vt 0.47072127 0.50253409
vt 0.49116036 0.50801343
vt 0.64741188 0.50399566
vt 0.55930912 0.50923300
vt 0.64081061 0.50622755
vt 0.65094650 0.50074172
vt 0.59226060 0.50875121
vt 0.51239049 0.50904059
vt 0.62812167 0.50798231
vt 0.00566506 0.04994661
vt 0.51704901 0.47548735
vt 0.56009114 0.51224965
vt 0.58156449 0.51179647
vt 0.06302049 0.96767974
vt 0.65344876 0.48000062
vt 0.53105402 0.51206392
vt 0.61501837 0.51061720
vt 0.03666805 0.93073732
vt 0.06130509 0.39467734
vt 0.47160837 0.50789988
vt 0.06075936 0.35177207
vt 0.51263118 0.51441664
vt 0.06112497 0.21092159
vt 0.06362405 0.99590522
vt 0.64923215 0.50772381
vt 0.06151010 0.38424778
vt 0.48131150 0.51113081
vt 0.06226715 0.37189341
vt 0.49302432 0.51403147
vt 0.00525291 0.07351840
vt 0.54092383 0.47512436
vt 0.06445655 0.98836315
vt 0.65419579 0.50186318
vt 0.00367690 0.18441355
vt 0.06552493 0.96428847
vt 0.65399629 0.47573757
vt 0.69117087 0.19676429
vt 0.77688789 0.57242852
vt 0.77293068 0.57174402
vt 0.76173121 0.56444860
vt 0.75017011 0.56395566
vt 0.71556479 0.56405985
vt 0.70486248 0.57226849
vt 0.61793256 0.19792664
vt 0.67876291 0.56424516
vt 0.67064267 0.56880474
vt 0.66450900 0.57183188
vt 0.57710993 0.19817722
vt 0.55393773 0.19819397
vt 0.64156234 0.57193458
vt 0.61957753 0.57192844
vt 0.53173417 0.19828606
vt 0.58984500 0.56464142
vt 0.50245970 0.19838083
vt 0.59059817 0.57220912
vt 0.57050639 0.57137907
vt 0.48216105 0.19802237
vt 0.55717629 0.56484318
vt 0.53257900 0.57144290
vt 0.49597621 0.57150972
vt 0.48904881 0.56526661
vt 0.54627138 0.57116336
vt 0.55511177 0.57117313
vt 0.48151398 0.57204211
vt 0.44330868 0.56545478
vt 0.43382594 0.57260114
vt 0.40599409 0.57257068
vt 0.40196320 0.56595296
vt 0.38160285 0.57271129
vt 0.35601068 0.56605095
vt 0.26907462 0.57194090
vt 0.24798223 0.57171166
vt 0.26168931 0.56623852
vt 0.30894256 0.56604648
vt 0.31210369 0.57122284
vt 0.35168937 0.57032436
vt 0.36071235 0.57512879
vt 0.23142299 0.57166123
vt 0.34142515 0.57490009
vt 0.31569725 0.57572198
vt 0.22826552 0.19379771
vt 0.30385935 0.57559586
vt 0.21658650 0.19303447
vt 0.15460205 0.18920767
vt 0.24083084 0.57639682
vt 0.13005546 0.18738544
vt 0.21579739 0.57654214
vt 0.19455977 0.57259095
vt 0.16034342 0.18955886
vt 0.24668767 0.57637352
vt 0.12638038 0.57130826
vt 0.12492882 0.56667954
vt 0.15613858 0.56657815
vt 0.20989467 0.56626469
vt 0.11143590 0.57144022
vt 0.11269915 0.56588298
vt 0.64710343 0.80712813
vt 0.12301162 0.57584351
vt 0.10356516 0.57650346
vt 0.38461965 0.57528293
vt 0.40461442 0.57552767
vt 0.12519848 0.92200607
vt 0.65018445 0.56219566
vt 0.10478793 0.57044303
vt 0.29313910 0.88470417
vt 0.47790506 0.56339908
vt 0.09883297 0.56805938
vt 0.77728641 0.56110370
vt 0.77358544 0.56035542
vt 0.77436692 0.54196978
vt 0.77772778 0.53152931
vt 0.10104259 0.55370510
vt 0.10402571 0.55393457
vt 0.10103167 0.53700060
vt 0.09812285 0.55376083
vt 0.09749651 0.51886493
vt 0.10072830 0.51722682
vt 0.09679141 0.49226296
vt 0.76869476 0.56598955
vt 0.77465308 0.52700931
vt 0.77767032 0.51560605
vt 0.78110743 0.51418573
vt 0.77847087 0.50055921
vt 0.78141218 0.49898028
vt 0.77766728 0.49740922
vt 0.77075851 0.55893916
vt 0.78221923 0.47759962
vt 0.78506124 0.47973311
vt 0.78329444 0.46226180
vt 0.78584635 0.46133351
vt 0.78610688 0.44961441
vt 0.78401375 0.44633627
vt 0.09996909 0.48932147
vt 0.09597936 0.45886028
vt 0.78736657 0.42875159
vt 0.10392226 0.52919936
vt 0.10843811 0.56590468
vt 0.78762138 0.45387745
vt 0.78047526 0.54053938
vt 0.77954930 0.55937761
vt 0.79011279 0.42838490
vt 0.78799748 0.41744995
vt 0.79079109 0.41429961
vt 0.79143739 0.39916599
vt 0.78904825 0.39910263
vt 0.10534295 0.54839629
vt 0.09592142 0.55514890
vt 0.81508625 0.21618330
vt 0.09899998 0.45695430
vt 0.78444737 0.49536872
vt 0.78398317 0.51395637
vt 0.78246081 0.53529662
vt 0.84499407 0.63345486
vt 0.09857956 0.44491863
vt 0.09592722 0.44706762
vt 0.09508842 0.42199123
vt 0.09303130 0.44804716
vt 0.09440830 0.45820498
vt 0.09240442 0.42173982
vt 0.09365820 0.41948009
vt 0.09510665 0.40979254
vt 0.09167589 0.40643156
vt 0.09538689 0.39711118
vt 0.78331017 0.28393745
vt 0.26188812 0.94685453
vt 0.78006583 0.56463426
vt 0.09666786 0.54585391
vt 0.81365496 0.22528410
vt 0.10310647 0.50544059
vt 0.10752316 0.55128700
vt 0.77148497 0.53896338
vt 0.76968420 0.55207533
vt 0.55817890 0.78713572
vt 0.77933276 0.47744131
vt 0.63388389 0.78713572
vt 0.09485839 0.51310909
vt 0.77480197 0.51322365
vt 0.76765341 0.56159669
vt 0.09393155 0.49105668
vt 0.09318463 0.45940948
vt 0.81297642 0.31045413
vt 0.70344412 0.56182760
vt 0.07311578 0.93386316
vt 0.10585089 0.53331941
vt 0.10559428 0.52211726
vt 0.38542309 0.94705045
vt 0.13612452 0.57690918
vt 0.05192991 0.18179631
vt 0.16434167 0.57690978
vt 0.07957631 0.18380159
vt 0.78236675 0.45387864
vt 0.40280801 0.56395370
vt 0.36606124 0.86873722
vt 0.78636605 0.48999381
vt 0.89027059 0.63964629
vt 0.78894258 0.45889503
vt 0.01674058 0.17973256
vt 0.10020099 0.57746977
vt 0.10267761 0.47952849
vt 0.34349138 0.94599062
vt 0.43442008 0.57525897
vt 0.34580761 0.20011133
vt 0.09139503 0.44489628
vt 0.81396925 0.32488328
vt 0.77267164 0.51789725
vt 0.59243226 0.78539032
vt 0.78298038 0.43304121
vt 0.67962146 0.78487819
vt 0.77529895 0.50035572
vt 0.61026174 0.78578657
vt 0.10002848 0.44835591
vt 0.76571602 0.55963165
vt 0.55018872 0.78424859
vt 0.47558048 0.57478875
vt 0.38681710 0.20061785
vt 0.77724558 0.48105097
vt 0.62996179 0.78543884
vt 0.49490386 0.57413721
vt 0.40615380 0.20039499
vt 0.10459162 0.49746788
vt 0.36121941 0.94559282
vt 0.10190424 0.45256615
vt 0.31701770 0.94448674
vt 0.78208351 0.56475550
vt 0.81614685 0.62760609
vt 0.78509021 0.52199471
vt 0.85858256 0.63367516
vt 0.43189916 0.57669801
vt 0.34318480 0.20121086
vt 0.09313476 0.51021904
vt 0.81516743 0.26049292
vt 0.79059982 0.45746005
vt 0.92352033 0.64288938
vt 0.78864163 0.48640984
vt 0.89435077 0.63813281
vt 0.27264348 0.19836003
vt 0.36076498 0.57704055
vt 0.25371835 0.19728309
vt 0.34161502 0.57730997
vt 0.34788653 0.00268698
vt 0.32225522 0.00424641
vt 0.29806063 0.00137991
vt 0.00209829 0.63363445
vt 0.30176026 0.00400394
vt 0.29637435 0.00259745
vt 0.35879844 0.00429732
vt 0.00200736 0.57684654
vt 0.35407504 0.00150800
vt 0.00194063 0.56727773
vt 0.36351958 0.00158191
vt 0.37609202 0.00150353
vt 0.00205015 0.55455923
vt 0.39686540 0.00422633
vt 0.39854398 0.00294393
vt 0.40791941 0.00417531
vt 0.42085308 0.00289005
vt 0.26524538 0.00258869
vt 0.26209548 0.00445217
vt 0.23314565 0.00441718
vt 0.22117774 0.00276929
vt 0.79379934 0.57137084
vt 0.41703221 0.00547540
vt 0.42392001 0.00615960
vt 0.79440099 0.57834262
vt 0.79439723 0.55313921
vt 0.39898333 0.00568300
vt 0.42505953 0.00452113
vt 0.44223890 0.00469035
vt 0.45181137 0.00228757
vt 0.00228487 0.47817767
vt 0.20358475 0.00564057
vt 0.19991389 0.00255913
vt 0.18402000 0.00553274
vt 0.17304912 0.00291371
vt 0.17320991 0.00607324
vt 0.15785232 0.00585371
vt 0.15251733 0.00343043
vt 0.14400358 0.00651670
vt 0.13187669 0.00370133
vt 0.09848158 0.00597256
vt 0.05642803 0.00645238
vt 0.79508442 0.19811565
vt 0.05192358 0.00814819
vt 0.03479144 0.00731349
vt 0.02113795 0.00740725
vt 0.02613136 0.00440150
vt 0.01206383 0.00640219
vt 0.01148107 0.00572366
vt 0.09157036 0.00343084
vt 0.05395420 0.00394744
vt 0.79415739 0.56117404
vt 0.40694457 0.00562811
vt 0.19080344 0.00756747
vt 0.79592019 0.34143043
vt 0.17422761 0.00767028
vt 0.79578501 0.32443625
vt 0.79602051 0.30064332
vt 0.15108883 0.00791204
vt 0.44351986 0.00629884
vt 0.79440063 0.59809351
vt 0.46070316 0.00543690
vt 0.79335666 0.61536670
vt 0.46000525 0.00358659
vt 0.49230564 0.00473595
vt 0.49237436 0.00627929
vt 0.50261164 0.00779217
vt 0.79517627 0.66062695
vt 0.50581330 0.01006585
vt 0.50352025 0.00535840
vt 0.79449445 0.66252857
vt 0.50779587 0.00980687
vt 0.51175469 0.00858968
vt 0.54361618 0.00916034
vt 0.53983545 0.00747442
vt 0.54611528 0.00620854
vt 0.57655025 0.00997955
vt 0.57877040 0.00739044
vt 0.59363902 0.01287347
vt 0.79472727 0.74822414
vt 0.59463280 0.00803959
vt 0.62721509 0.01340747
vt 0.62846959 0.01010591
vt 0.63954395 0.01072496
vt 0.58033097 0.01243484
vt 0.79487580 0.73491699
vt 0.57006031 0.01151282
vt 0.79468983 0.72463173
vt 0.54748976 0.01057529
vt 0.79450101 0.70211715
vt 0.66818953 0.01299715
vt 0.79454416 0.79564285
vt 0.64097869 0.01583993
vt 0.60321534 0.01354510
vt 0.79458219 0.75781703
vt 0.69809335 0.01501179
vt 0.69599944 0.01842523
vt 0.79412204 0.85073328
vt 0.70016211 0.01892424
vt 0.79398358 0.85492891
vt 0.01851309 0.01154679
vt 0.79494512 0.16288388
vt 0.98411411 0.19083154
vt 0.01652177 0.02606940
vt 0.01107186 0.02978438
vt 0.00927759 0.05716658
vt 0.00882755 0.08061898
vt 0.01389047 0.08952475
vt 0.90484661 0.19216686
vt 0.00781152 0.10409945
vt 0.01102963 0.10708511
vt 0.00661595 0.13180685
vt 0.01058665 0.14277864
vt 0.01132598 0.15463543
vt 0.00735443 0.17355311
vt 0.00524751 0.15646487
vt 0.00410848 0.18178254
vt 0.01072508 0.17720616
vt 0.00918036 0.18248808
vt 0.00356629 0.15488172
vt 0.00188531 0.16595966
vt 0.00431802 0.13105714
vt 0.00599618 0.09496379
vt 0.00713605 0.05841237
vt 0.00796742 0.04322106
vt 0.04082897 0.18612987
vt 0.11811770 0.57712233
vt 0.03429554 0.18065727
vt 0.08243702 0.18928790
vt 0.17549868 0.57666504
vt 0.09053233 0.18445194
vt 0.11962920 0.19192505
vt 0.15444523 0.19052666
vt 0.17008843 0.19514436
vt 0.18500932 0.19131410
vt 0.27180341 0.57631952
vt 0.20245965 0.19740367
vt 0.19891487 0.19377023
vt 0.21958484 0.19509530
vt 0.22873776 0.19884717
vt 0.29687977 0.20010996
vt 0.38529709 0.57710254
vt 0.29537684 0.20243031
vt 0.26552108 0.20080376
vt 0.37018734 0.95987606
vt 0.30650890 0.20374954
vt 0.34543541 0.20292199
vt 0.38990840 0.20318961
vt 0.39304343 0.20473063
vt 0.45618808 0.95942467
vt 0.01221862 0.17264974
vt 0.82091618 0.19424069
vt 0.00119310 0.18069768
vt 0.64951217 0.47646719
vt 0.00876956 0.01745218
vt 0.42202047 0.20491987
vt 0.48484343 0.95918477
vt 0.53083020 0.57396418
vt 0.44222698 0.20043218
vt 0.47625729 0.20290625
vt 0.55300969 0.57382476
vt 0.46451357 0.20052004
vt 0.49084997 0.20022744
vt 0.53218830 0.20230663
vt 0.36845174 0.96132660
vt 0.30463639 0.20504618
vt 0.57005823 0.20290482
vt 0.59493977 0.19811440
vt 0.68214566 0.57216918
vt 0.61569601 0.20354831
vt 0.67591494 0.95995772
vt 0.73305470 0.57236356
vt 0.64651817 0.19721937
vt 0.64889050 0.20118785
vt 0.69274384 0.19857633
vt 0.69496042 0.20046496
vt 0.70554376 0.19999558
vt 0.70219314 0.19036883
vt 0.71034420 0.19914591
vt 0.70171440 0.17103958
vt 0.71263421 0.15917289
vt 0.70231491 0.15891576
vt 0.70269901 0.13480836
vt 0.71404994 0.11344200
vt 0.70570248 0.07574403
vt 0.70343632 0.11021245
vt 0.71668029 0.04405344
vt 0.70629960 0.02331847
vt 0.70581895 0.03633493
vt 0.70508540 0.04570901
vt 0.71889871 0.01793754
vt 0.70900846 0.01567197
vt 0.71916801 0.04105979
vt 0.71669185 0.11877596
vt 0.70291972 0.01920402
vt 0.79336023 0.85763997
vt 0.80524474 0.45232189
vt 0.71395117 0.19518018
vt 0.71060646 0.01452452
vt 0.00532550 0.21954656
vt 0.69967061 0.17742658
vt 0.80822098 0.60924691
vt 0.72132868 0.02108043
vt 0.19077821 0.61712641
vt 0.48791441 0.20478839
vt 0.54994613 0.95930165
vt 0.00749432 0.21269906
vt 0.71771652 0.01412731
vt 0.67319381 0.20193660
vt 0.77035141 0.96350443
vt 0.71160167 0.20216554
vt 0.01772911 0.02501404
vt 0.97040778 0.19230628
vt 0.75710690 0.57216817
vt 0.67096895 0.19663614
vt 0.31839180 0.96206331
vt 0.25453901 0.20265585
vt 0.28270388 0.57596350
vt 0.19573490 0.19189221
vt 0.17938061 0.96294016
vt 0.11632789 0.19365680
vt 0.11009075 0.96358037
vt 0.04764337 0.18855983
vt 0.01749745 0.03287566
vt 0.96242899 0.19308937
vt 0.69415694 0.19610155
vt 0.77987361 0.57240427
vt 0.01231131 0.15669465
vt 0.83692855 0.19387197
vt 0.70344770 0.02851903
vt 0.80635685 0.46139228
vt 0.70304447 0.02199829
vt 0.80618733 0.45493394
vt 0.00120358 0.14957434
vt 0.61794335 0.47662544
vt 0.72055751 0.01673228
vt 0.00697658 0.20888555
vt 0.18646599 0.61716157
vt 0.00318247 0.63502091
vt 0.29661211 0.00049031
vt 0.00448187 0.30036581
vt 0.63011879 0.00845706
vt 0.65664333 0.01028025
vt 0.00484968 0.27383077
vt 0.71815681 0.11608100
vt 0.28358802 0.61707282
vt 0.71984345 0.06375206
vt 0.23247778 0.61727077
vt 0.00435722 0.09940708
vt 0.70067263 0.14158469
vt 0.80778271 0.57367957
vt 0.00713254 0.01539886
vt 0.48183623 0.47536242
vt 0.00778089 0.00592780
vt 0.47219908 0.47593880
vt 0.70379239 0.03752691
vt 0.80623990 0.47027934
vt 0.14937676 0.00109577
vt 0.00345019 0.78531778
vt 0.49136075 0.00264585
vt 0.00338601 0.43867457
vt 0.00316894 0.70766896
vt 0.22520387 0.00068468
vt 0.18284203 0.00082761
vt 0.00340762 0.75098491
vt 0.79469746 0.62246901
vt 0.46774322 0.00715327
vt 0.79468757 0.64173234
vt 0.48701423 0.00777316
vt 0.79584628 0.25742805
vt 0.10925823 0.00823927
vt 0.00416822 0.87299454
vt 0.06443988 0.00186419
vt 0.00383820 0.35062325
vt 0.57973707 0.00562346
vt 0.68957102 0.01298267
vt 0.00482234 0.24080753
vt 0.70406193 0.20275539
vt 0.76292402 0.96258074
vt 0.23095761 0.00619400
vt 0.79498541 0.38259649
vt 0.70208186 0.10650438
vt 0.80731493 0.53879213
vt 0.70302409 0.06659979
vt 0.80676466 0.49913514
vt 0.31574166 0.00583100
vt 0.79462063 0.46875060
vt 0.00305816 0.09667683
vt 0.56442028 0.47666693
vt 0.68549371 0.20349336
vt 0.74457049 0.96233249
vt 0.79447603 0.53747016
vt 0.38349998 0.00580484
vt 0.98389560 0.25282550
vt 0.98815382 0.27135873
vt 0.98510289 0.27808046
vt 0.98896152 0.28701770
vt 0.98561603 0.28909796
vt 0.98538679 0.29957652
vt 0.98700470 0.24793112
vt 0.98296845 0.22788107
vt 0.97952580 0.23603296
vt 0.97892714 0.21989584
vt 0.98034489 0.25253999
vt 0.98167461 0.27244341
vt 0.98246628 0.20660770
vt 0.97901022 0.20551229
vt 0.97568029 0.21820033
vt 0.97502297 0.20164645
vt 0.01793426 0.01551193
vt 0.98010075 0.19135833
vt 0.97118330 0.19813716
vt 0.96173429 0.19945407
vt 0.98888582 0.30137944
vt 0.99209678 0.31296957
vt 0.99223942 0.30128884
vt 0.99475455 0.31815988
vt 0.99500197 0.32416898
vt 0.98969275 0.32877648
vt 0.99353880 0.33185965
vt 0.99476105 0.35584521
vt 0.99225479 0.36272430
vt 0.21160237 0.64498931
vt 0.99551415 0.37277895
vt 0.76748252 0.84699357
vt 0.98401237 0.29458869
vt 0.94738889 0.19313020
vt 0.92703950 0.20044136
vt 0.92496568 0.19319719
vt 0.89475924 0.19394368
vt 0.87400502 0.20199883
vt 0.86861002 0.19480968
vt 0.91698247 0.16104752
vt 0.99524128 0.31543529
vt 0.99158329 0.28768724
vt 0.84374779 0.20308650
vt 0.84205365 0.19559443
vt 0.82965130 0.20308048
vt 0.82805216 0.19531417
vt 0.82688773 0.20546138
vt 0.82020104 0.19693601
vt 0.82319623 0.20334494
vt 0.82008857 0.21450412
vt 0.82370776 0.21687615
vt 0.82144171 0.22748244
vt 0.81765264 0.21780086
vt 0.81848341 0.23313153
vt 0.81631404 0.19753659
vt 0.82229191 0.25223142
vt 0.81938219 0.26454306
vt 0.82278532 0.27811992
vt 0.82490808 0.22449005
vt 0.81987143 0.27914441
vt 0.82022780 0.29365540
vt 0.81724477 0.29293072
vt 0.81763452 0.31062639
vt 0.82073659 0.31914568
vt 0.81824541 0.32694638
vt 0.84428763 0.20525527
vt 0.99092627 0.27053511
vt 0.81695038 0.22817314
vt 0.69586116 0.94491446
vt 0.96027201 0.20182818
vt 0.81926835 0.16310668
vt 0.98620731 0.21569049
vt 0.99677771 0.33839965
vt 0.68320632 0.89012641
vt 0.90412092 0.20346004
vt 0.01283019 0.17832363
vt 0.09601823 0.57730997
vt 0.81526160 0.19413960
vt 0.20893750 0.64422345
vt 0.99815595 0.37226558
vt 0.82716876 0.21973878
vt 0.81659251 0.27693915
vt 0.81531101 0.32293129
vt 0.81861633 0.34772736
vt 0.81604493 0.35506010
vt 0.81880581 0.36564171
vt 0.81633669 0.36947292
vt 0.66719794 0.82372057
vt 0.83597404 0.20579290
vt 0.21574733 0.64422351
vt 0.76618850 0.92320937
vt 0.99139291 0.37255049
vt 0.76569486 0.79373640
vt 0.97694170 0.24029350
vt 0.82531816 0.25423121
vt 0.82648253 0.23054332
vt 0.08916084 0.40974998
vt 0.81354058 0.35962802
vt 0.93609953 0.16178107
vt 0.99773306 0.33500427
vt 0.09100416 0.46156812
vt 0.81520057 0.30841088
vt 0.66892958 0.94571096
vt 0.77779210 0.27610314
vt 0.81990010 0.37232947
vt 0.01224134 0.14211786
vt 0.85164243 0.19344139
vt 0.63778573 0.94805461
vt 0.82085532 0.34120333
vt 0.77730489 0.28228837
vt 0.08928005 0.39707357
vt 0.81397200 0.37192297
vt 0.77727270 0.27987456
vt 0.81625056 0.37277895
vt 0.82296544 0.29736793
vt 0.76560289 0.80992419
vt 0.97834045 0.25687099
vt 0.01482487 0.05762416
vt 0.93716007 0.19131088
vt 0.57661754 0.94918263
vt 0.82530153 0.28025424
vt 0.61847836 0.94780111
vt 0.82305557 0.32212198
vt 0.09688874 0.57654727
vt 0.81464392 0.19503480
vt 0.76603758 0.86106414
vt 0.98442769 0.30909216
vt 0.55365926 0.94917309
vt 0.82694501 0.25726944
vt 0.65920836 0.94665331
vt 0.82073784 0.36258483
vt 0.01557283 0.04332733
vt 0.95170772 0.19182628
vt 0.52836835 0.94683945
vt 0.83005977 0.23196650
vt 0.09066700 0.39934480
vt 0.81223774 0.36995369
vt 0.67884791 0.87533683
vt 0.88878363 0.20485210
vt 0.79522073 0.66691226
vt 0.51219422 0.01024264
vt 0.79636997 0.64634567
vt 0.49148247 0.00985682
vt 0.80200654 0.66420269
vt 0.80013716 0.63685679
vt 0.79822785 0.63744640
vt 0.79549783 0.69646621
vt 0.54179317 0.01124334
vt 0.80209911 0.75274700
vt 0.80186552 0.69324958
vt 0.79559982 0.72674513
vt 0.79465556 0.77817762
vt 0.62355858 0.01460147
vt 0.80164015 0.78695071
vt 0.79457027 0.82907885
vt 0.67434835 0.01808172
vt 0.80223799 0.81725222
vt 0.80199945 0.83525711
vt 0.79591918 0.84194392
vt 0.80099738 0.59487176
vt 0.79785001 0.61426198
vt 0.79771060 0.59732783
vt 0.79776859 0.57621163
vt 0.80070245 0.56711835
vt 0.79774946 0.55787653
vt 0.80104715 0.54774952
vt 0.79759365 0.53733289
vt 0.80442762 0.77190137
vt 0.80393493 0.66860598
vt 0.80349302 0.61148137
vt 0.80505013 0.83125561
vt 0.80097783 0.50612807
vt 0.79739249 0.50455016
vt 0.80157310 0.46697962
vt 0.79765165 0.47152466
vt 0.79788929 0.45502758
vt 0.80340827 0.56418341
vt 0.80340874 0.45824736
vt 0.80169040 0.43143094
vt 0.79788095 0.42630315
vt 0.80090821 0.38303888
vt 0.79808974 0.39429528
vt 0.79813337 0.37822795
vt 0.80357683 0.39113867
vt 0.80385172 0.35820746
vt 0.80185694 0.34370565
vt 0.79585397 0.37310439
vt 0.22173476 0.00746816
vt 0.80202168 0.28217590
vt 0.80235213 0.23987710
vt 0.79605258 0.22214603
vt 0.80252600 0.20751029
vt 0.79843074 0.19147170
vt 0.80230892 0.17660105
vt 0.79740125 0.17142653
vt 0.79607540 0.18363798
vt 0.02250581 0.00947809
vt 0.79546618 0.16750717
vt 0.80538076 0.18494081
vt 0.11997884 0.53834385
vt 0.80449516 0.23994344
vt 0.80469090 0.20444626
vt 0.80426711 0.28618288
vt 0.80572414 0.17342293
vt 0.80749446 0.16993725
vt 0.80135363 0.84375101
vt 0.81958658 0.17378646
vt 0.79880613 0.16461456
vt 0.82989442 0.17037588
vt 0.83096248 0.17338729
vt 0.83124250 0.16720414
vt 0.84671283 0.17119652
vt 0.84975845 0.16755271
vt 0.86751711 0.17126471
vt 0.87390852 0.16805756
vt 0.84546232 0.16507196
vt 0.80041379 0.84818238
vt 0.79802269 0.85219061
vt 0.83709276 0.85247940
vt 0.84304905 0.84897757
vt 0.86058521 0.85166699
vt 0.84151161 0.85478318
vt 0.87141615 0.85473216
vt 0.89154404 0.85209054
vt 0.82765466 0.85493034
vt 0.80439496 0.16447610
vt 0.88378340 0.17131972
vt 0.85589653 0.85643679
vt 0.80493522 0.85478979
vt 0.86734831 0.16339886
vt 0.99216998 0.26456535
vt 0.88840544 0.16513371
vt 0.88841230 0.16894066
vt 0.89911389 0.16609555
vt 0.90238816 0.16949964
vt 0.91679174 0.16962504
vt 0.91558564 0.16591549
vt 0.94018215 0.16611922
vt 0.91544038 0.16313708
vt 0.93238944 0.16264313
vt 0.89979488 0.16306615
vt 0.96103030 0.16598839
vt 0.89258438 0.16230023
vt 0.99392629 0.29044133
vt 0.81532162 0.84554261
vt 0.96295041 0.16287714
vt 0.20734265 0.63914305
vt 0.97228885 0.16588598
vt 0.88791996 0.85762417
vt 0.89715540 0.85441428
vt 0.91834939 0.85784960
vt 0.91798627 0.85463291
vt 0.93501389 0.85507643
vt 0.84371984 0.17397851
vt 0.97163719 0.16209102
vt 0.20767084 0.64323699
vt 0.99965036 0.37157559
vt 0.93813330 0.85794801
vt 0.95221919 0.85551006
vt 0.82057321 0.03016376
vt 0.82024610 0.16418684
vt 0.93610650 0.86092418
vt 0.95407510 0.86119765
vt 0.95304972 0.85818452
vt 0.96859729 0.85857576
vt 0.96971732 0.86167258
vt 0.96433115 0.16882855
vt 0.91168863 0.85993570
vt 0.92342460 0.44077873
vt 0.94329798 0.16921127
vt 0.85352159 0.84847927
vt 0.86722642 0.85061884
vt 0.89012820 0.85067260
vt 0.84034550 0.84612340
vt 0.82308084 0.17633736
vt 0.87910914 0.85860443
vt 0.89082789 0.44372892
vt 0.89209038 0.17191064
vt 0.65405327 0.43293458
vt 0.80327851 0.50607717
vt 0.25981069 0.00617570
vt 0.79492062 0.41199434
vt 0.20825352 0.63679594
vt 0.97237760 0.16822010
vt 0.94960827 0.85409594
vt 0.82336116 0.02897507
vt 0.79439563 0.50441015
vt 0.35088867 0.00567806
vt 0.79545301 0.85716611
vt 0.80736828 0.45246440
vt 0.79467136 0.43149710
vt 0.27902144 0.00584418
vt 0.84307671 0.85759401
vt 0.96043718 0.86350882
vt 0.97260034 0.43745553
vt 0.91528749 0.17146617
vt 0.67723644 0.43243217
vt 0.92318779 0.17117667
vt 0.68515754 0.43261468
vt 0.79591662 0.16532326
vt 0.96214557 0.16098082
vt 0.99877876 0.36179334
vt 0.55955672 0.53840476
vt 0.80445480 0.63260365
vt 0.79452860 0.60935479
vt 0.45469812 0.00652027
vt 0.89789987 0.16145045
vt 0.99372250 0.29596043
vt 0.22547883 0.00564909
vt 0.79455483 0.37707311
vt 0.85042596 0.16220701
vt 0.98913991 0.24743676
vt 0.14887473 0.53878278
vt 0.80543113 0.21440476
vt 0.82986915 0.17706358
vt 0.59174871 0.43152457
vt 0.33952105 0.53836846
vt 0.80448538 0.40864658
vt 0.80411118 0.49170709
vt 0.42111149 0.53820634
vt 0.79617298 0.16338664
vt 0.98428947 0.19218612
vt 0.69060582 0.53921759
vt 0.80549318 0.76587600
vt 0.94367367 0.17085212
vt 0.70569247 0.43199217
vt 0.79495966 0.24304610
vt 0.09533015 0.00753474
vt 0.88603073 0.84846330
vt 0.88808537 0.02960056
vt 0.90353835 0.84948260
vt 0.87039524 0.02909082
vt 0.82301229 0.85879356
vt 0.83507359 0.45162427
vt 0.38645101 0.74770921
vt 0.40958875 0.74772185
vt 0.38617474 0.75017267
vt 0.41766989 0.75069875
vt 0.43728793 0.74807900
vt 0.43884483 0.75058842
vt 0.36502779 0.74652642
vt 0.35411716 0.74834776
vt 0.35824597 0.75097775
vt 0.32790118 0.75013965
vt 0.32913929 0.74635643
vt 0.30084261 0.74631733
vt 0.29637432 0.74897128
vt 0.29787382 0.74471200
vt 0.28733957 0.74571913
vt 0.28877148 0.74916756
vt 0.26209757 0.74569821
vt 0.24337542 0.74848300
vt 0.25022253 0.74313325
vt 0.19222404 0.17843294
vt 0.23793431 0.74409437
vt 0.22842522 0.74462992
vt 0.22766484 0.74864602
vt 0.20178261 0.74436593
vt 0.19802485 0.74848551
vt 0.18881550 0.74447471
vt 0.18789032 0.74855852
vt 0.17514384 0.74537712
vt 0.15421534 0.74928409
vt 0.14288972 0.74333429
vt 0.08529854 0.17864645
vt 0.13990888 0.74483174
vt 0.12739637 0.74912488
vt 0.10464811 0.74538052
vt 0.10213947 0.74961740
vt 0.09098926 0.74939173
vt 0.08693141 0.75835156
vt 0.09076664 0.75563347
vt 0.08336829 0.74883986
vt 0.08398303 0.75888920
vt 0.08729583 0.78162289
vt 0.08396541 0.79230219
vt 0.08782205 0.79850686
vt 0.08491151 0.81078809
vt 0.08161404 0.80833054
vt 0.08139344 0.84177649
vt 0.21392189 0.17851859
vt 0.27201635 0.74312657
vt 0.08394678 0.84567803
vt 0.08978657 0.77622479
vt 0.71498126 0.55085039
vt 0.14377019 0.75219285
vt 0.69757295 0.55060554
vt 0.16118360 0.75191736
vt 0.08020481 0.80042118
vt 0.22732903 0.75171411
vt 0.63159966 0.55061805
vt 0.56870848 0.55058581
vt 0.29051700 0.75203198
vt 0.61394656 0.55067939
vt 0.24506819 0.75174993
vt 0.76318169 0.55188346
vt 0.09552135 0.75278836
vt 0.97015047 0.01725507
vt 0.07948282 0.79311007
vt 0.08127438 0.76908451
vt 0.08149212 0.85859460
vt 0.07844144 0.85682201
vt 0.07707420 0.88203281
vt 0.08091228 0.86871886
vt 0.07790723 0.83402985
vt 0.47277278 0.55062032
vt 0.38698977 0.75281292
vt 0.42517436 0.55053848
vt 0.43490779 0.75331551
vt 0.47805867 0.75088662
vt 0.47857448 0.74767900
vt 0.41923261 0.17795330
vt 0.55302280 0.74814552
vt 0.49289650 0.17818391
vt 0.57724124 0.75157356
vt 0.55366772 0.75159657
vt 0.51221114 0.75120932
vt 0.51400101 0.74780965
vt 0.45428586 0.17792630
vt 0.57714713 0.74794227
vt 0.51668561 0.17813981
vt 0.60262179 0.75186604
vt 0.58921331 0.17834020
vt 0.65037113 0.74865431
vt 0.65213549 0.75215423
vt 0.66452891 0.74865800
vt 0.62934560 0.17832935
vt 0.69068927 0.74863398
vt 0.68617499 0.75215268
vt 0.73088312 0.75277930
vt 0.74134743 0.74872923
vt 0.67968124 0.17838585
vt 0.74708074 0.75573713
vt 0.11650466 0.55155605
vt 0.75171852 0.74943066
vt 0.52368635 0.76215750
vt 0.32638833 0.74453825
vt 0.26803562 0.17874908
vt 0.21560076 0.55067253
vt 0.64688283 0.75507617
vt 0.04616475 0.17739189
vt 0.10369729 0.74322349
vt 0.54970253 0.75437450
vt 0.31169838 0.55067867
vt 0.27742898 0.55080783
vt 0.58435935 0.75456458
vt 0.08330312 0.86674052
vt 0.85724431 0.02062374
vt 0.08704472 0.81049585
vt 0.07875531 0.74996185
vt 0.81515270 0.46581727
vt 0.07842427 0.80640048
vt 0.07904338 0.89228374
vt 0.07445660 0.88890475
vt 0.07496203 0.90586072
vt 0.07761998 0.90771383
vt 0.07496259 0.92359632
vt 0.92202795 0.23695749
vt 0.07229518 0.91836327
vt 0.98000377 0.44631493
vt 0.07313924 0.90302533
vt 0.07714996 0.92076534
vt 0.66376311 0.17760020
vt 0.72536117 0.74761838
vt 0.07415433 0.87907308
vt 0.07464398 0.85606581
vt 0.91883075 0.45187640
vt 0.08293089 0.17771852
vt 0.14045064 0.74278134
vt 0.07628644 0.83974344
vt 0.90300316 0.45483601
vt 0.07695647 0.85252458
vt 0.09275821 0.75863463
vt 0.96419334 0.01670218
vt 0.13034330 0.17784029
vt 0.18802644 0.74235964
vt 0.07636418 0.81655228
vt 0.88030493 0.45718050
vt 0.28752097 0.74322134
vt 0.22934966 0.17785364
vt 0.07899618 0.76186389
vt 0.82681400 0.46445179
vt 0.07279132 0.88706267
vt 0.94917548 0.44808078
vt 0.57827759 0.74689776
vt 0.51796502 0.17751420
vt 0.09094361 0.78097439
vt 0.94220775 0.01753974
vt 0.07992870 0.89818692
vt 0.82567573 0.02061415
vt 0.24250853 0.17776787
vt 0.30074233 0.74343663
vt 0.18855053 0.17773116
vt 0.24652044 0.74249810
vt 0.07469827 0.84162992
vt 0.90468287 0.45304382
vt 0.34897578 0.17826056
vt 0.40771246 0.74655938
vt 0.08821611 0.82071930
vt 0.90303570 0.01961583
vt 0.07257152 0.86158097
vt 0.92412478 0.44943202
vt 0.38617745 0.74646419
vt 0.32758266 0.17809224
vt 0.07911509 0.92049944
vt 0.80327064 0.02138680
vt 0.07625592 0.78940588
vt 0.85367972 0.45954382
vt 0.36805797 0.74509847
vt 0.30951548 0.17843330
vt 0.08974400 0.79794943
vt 0.92555189 0.01857406
vt 0.75168937 0.75294238
vt 0.52374631 0.76567739
vt 0.75345355 0.76353687
vt 0.57424545 0.41684437
vt 0.75777084 0.76622301
vt 0.76131922 0.76827836
vt 0.76177222 0.75630534
vt 0.69570035 0.95669574
vt 0.75714993 0.78775978
vt 0.76076174 0.79300946
vt 0.75668186 0.80356055
vt 0.76273817 0.80562764
vt 0.76001573 0.82534361
vt 0.76366758 0.83359784
vt 0.75932330 0.84656578
vt 0.76492912 0.84369117
vt 0.76264036 0.84871244
vt 0.75689161 0.81657749
vt 0.75419450 0.78456336
vt 0.75897825 0.86256975
vt 0.76373017 0.79975539
vt 0.76451099 0.78994781
vt 0.76264733 0.86038864
vt 0.76358116 0.87069046
vt 0.75945604 0.87076885
vt 0.76197261 0.88256854
vt 0.75693601 0.82854962
vt 0.75888085 0.88757664
vt 0.76547426 0.83168745
vt 0.98034257 0.27916884
vt 0.76513696 0.76078802
vt 0.97306252 0.20669651
vt 0.76619405 0.84883749
vt 0.75957626 0.91026610
vt 0.76165491 0.90875673
vt 0.76473552 0.88438040
vt 0.76549268 0.87170905
vt 0.76466537 0.91172636
vt 0.21643357 0.64071882
vt 0.76299441 0.92342496
vt 0.21615481 0.63757366
vt 0.76017803 0.92339492
vt 0.73461539 0.42385960
vt 0.76649469 0.88280112
vt 0.98808932 0.33110023
vt 0.76646507 0.84374386
vt 0.98258603 0.29139042
vt 0.76727694 0.87119663
vt 0.98750126 0.31910193
vt 0.75783587 0.91509980
vt 0.72604078 0.42517245
vt 0.76523805 0.77929395
vt 0.97507638 0.22557378
vt 0.54617846 0.60993296
vt 0.56659216 0.60855454
vt 0.54034799 0.61398584
vt 0.56453246 0.60540587
vt 0.58465827 0.60463256
vt 0.58514196 0.60047597
vt 0.51614517 0.61942762
vt 0.60577399 0.60045695
vt 0.60568905 0.59791142
vt 0.63420075 0.59420538
vt 0.64596540 0.58814871
vt 0.67148387 0.58009541
vt 0.05592311 0.03123349
vt 0.65387136 0.58998615
vt 0.68779683 0.58274680
vt 0.14809015 0.03115940
vt 0.58331347 0.59886765
vt 0.67842048 0.58044589
vt 0.68612206 0.58029574
vt 0.67253226 0.57923472
vt 0.05475024 0.03198946
vt 0.54577583 0.60839468
vt 0.52575153 0.61109650
vt 0.20790046 0.03045887
vt 0.52062398 0.61536402
vt 0.50641596 0.61724561
vt 0.49323484 0.62057316
vt 0.49316281 0.62414753
vt 0.46648428 0.62773430
vt 0.46422520 0.63217866
vt 0.43548891 0.63488334
vt 0.43711275 0.63881111
vt 0.42483711 0.63782454
vt 0.42412183 0.64012492
vt 0.50707537 0.61559319
vt 0.22746040 0.03085768
vt 0.68606627 0.57695127
vt 0.04051928 0.03128219
vt 0.69067615 0.58084446
vt 0.69329709 0.58124566
vt 0.48068574 0.62261051
vt 0.25504300 0.03105271
vt 0.44680142 0.63174182
vt 0.27778721 0.03104943
vt 0.45883259 0.62725341
vt 0.69359803 0.58377868
vt 0.02913172 0.95581174
vt 0.67665821 0.58758229
vt 0.68730277 0.58491164
vt 0.01818494 0.95913291
vt 0.17181101 0.92394805
vt 0.53741443 0.61750418
vt 0.43958655 0.63983929
vt 0.27196476 0.90182805
vt 0.69958848 0.58588016
vt 0.70120293 0.57844990
vt 0.70640659 0.59960651
vt 0.70395947 0.60365659
vt 0.70797306 0.61288255
vt 0.71079373 0.61522585
vt 0.71307063 0.61473083
vt 0.71763504 0.63953400
vt 0.72232664 0.64494514
vt 0.72069561 0.64618564
vt 0.72837937 0.66589034
vt 0.73047173 0.66120505
vt 0.71136725 0.60621738
vt 0.71020788 0.62435818
vt 0.72396761 0.64209968
vt 0.71915036 0.62552899
vt 0.31527677 0.03220451
vt 0.42342061 0.63734293
vt 0.41088778 0.64037663
vt 0.32809800 0.03300041
vt 0.41173032 0.64321715
vt 0.39444178 0.64717537
vt 0.37337881 0.65217286
vt 0.34500906 0.65895605
vt 0.40392402 0.03361642
vt 0.33669275 0.65830386
vt 0.32555234 0.66345674
vt 0.41824007 0.03403157
vt 0.32265434 0.66146243
vt 0.38756841 0.87946677
vt 0.32453752 0.66627544
vt 0.32202181 0.66417021
vt 0.43221238 0.03598034
vt 0.30849248 0.66427988
vt 0.73209542 0.66160095
vt 0.90474236 0.62870610
vt 0.73174375 0.66640329
vt 0.73753619 0.68408865
vt 0.73577255 0.68819261
vt 0.74189675 0.70377624
vt 0.74602014 0.70679402
vt 0.74540794 0.70941138
vt 0.74787503 0.70910096
vt 0.75506359 0.73076123
vt 0.75224489 0.73134512
vt 0.08566434 0.45610666
vt 0.75575131 0.74101877
vt 0.75340092 0.73984820
vt 0.71475410 0.77506649
vt 0.08512449 0.45294416
vt 0.75863558 0.74013668
vt 0.74404687 0.69702506
vt 0.74093604 0.68487501
vt 0.92904419 0.63388044
vt 0.30575874 0.66726100
vt 0.43716955 0.03641754
vt 0.30364150 0.66564071
vt 0.30474383 0.67005765
vt 0.40728283 0.87778175
vt 0.30181611 0.66832030
vt 0.29742795 0.67249405
vt 0.28489307 0.67286909
vt 0.23064297 0.68765461
vt 0.22231159 0.69304848
vt 0.54309696 0.03849167
vt 0.19681704 0.69512552
vt 0.18316276 0.70426804
vt 0.12825345 0.71705264
vt 0.12669018 0.72033691
vt 0.10902718 0.71982789
vt 0.63049203 0.03843397
vt 0.09542262 0.72911841
vt 0.08308487 0.72949260
vt 0.68489540 0.03805399
vt 0.05436217 0.73517954
vt 0.05230448 0.73852754
vt 0.66130215 0.76562589
vt 0.70411497 0.57819331
vt 0.72092402 0.62528580
vt 0.86715990 0.62221944
vt 0.69122565 0.58502316
vt 0.01419833 0.95855987
vt 0.54790211 0.77310687
vt 0.36215085 0.88334376
vt 0.35007185 0.66088390
vt 0.43958449 0.03810400
vt 0.30067828 0.66583723
vt 0.50542849 0.61574036
vt 0.22894837 0.03182060
vt 0.73504049 0.66652620
vt 0.91008925 0.63086259
vt 0.75696212 0.72981149
vt 0.97542125 0.64254314
vt 0.74803287 0.70011765
vt 0.94511157 0.63860786
vt 0.72134405 0.65675271
vt 0.62608945 0.77469170
vt 0.72546345 0.66750085
vt 0.63760144 0.77536702
vt 0.71456116 0.60843933
vt 0.27116862 0.68095219
vt 0.44040224 0.86992544
vt 0.43852082 0.63219023
vt 0.29906791 0.03182936
vt 0.55842036 0.84390253
vt 0.14993919 0.71510291
vt 0.08454210 0.45877755
vt 0.75305992 0.74164891
vt 0.71616578 0.77622306
vt 0.76127964 0.73455709
vt 0.98041093 0.64652288
vt 0.57794660 0.76593828
vt 0.66851109 0.88638002
vt 0.59822315 0.76833087
vt 0.68092942 0.93956244
vt 0.54367292 0.76818693
vt 0.54554588 0.76530468
vt 0.68427253 0.95464468
vt 0.52846730 0.76812679
vt 0.68837714 0.15562546
vt 0.54531461 0.76189715
vt 0.68795949 0.08689272
vt 0.61308640 0.76222241
vt 0.66023546 0.85216182
vt 0.63342178 0.76832449
vt 0.68771446 0.06109965
vt 0.63853270 0.76232916
vt 0.65490800 0.82804382
vt 0.65812743 0.76861179
vt 0.52751052 0.76587331
vt 0.54405558 0.76299375
vt 0.53433979 0.76235449
vt 0.68916082 0.17645150
vt 0.52496707 0.76057267
vt 0.65323985 0.82468319
vt 0.05237395 0.74164891
vt 0.66188812 0.76863086
vt 0.74978846 0.74751133
vt 0.68796444 0.17796731
vt 0.52342659 0.75941718
vt 0.80940801 0.48392260
vt 0.01765516 0.16593558
vt 0.81044805 0.47858274
vt 0.80831707 0.47031546
vt 0.80931175 0.50807357
vt 0.01742246 0.13748521
vt 0.81352359 0.50704443
vt 0.80992836 0.53799510
vt 0.01774405 0.07113481
vt 0.81460536 0.57373202
vt 0.81043661 0.58452642
vt 0.81036592 0.60965729
vt 0.81191230 0.61423892
vt 0.69847947 0.18882167
vt 0.80856627 0.62053502
vt 0.81357670 0.61876756
vt 0.70619714 0.57741416
vt 0.81707138 0.61467910
vt 0.81035918 0.62270719
vt 0.81679338 0.62317640
vt 0.69738972 0.19572622
vt 0.78293353 0.57325500
vt 0.80763769 0.62726510
vt 0.82292020 0.62218839
vt 0.81981039 0.61699533
vt 0.82648063 0.62078547
vt 0.83260685 0.62023634
vt 0.84817904 0.62532926
vt 0.82756537 0.62616217
vt 0.83912116 0.62863237
vt 0.85552269 0.62874329
vt 0.86497843 0.62695885
vt 0.87185937 0.63046807
vt 0.88397336 0.62898237
vt 0.88403952 0.63231128
vt 0.89226538 0.63066721
vt 0.88345248 0.63439631
vt 0.89877689 0.63737690
vt 0.89927447 0.63575584
vt 0.92614251 0.63865727
vt 0.89957952 0.63305193
vt 0.92108965 0.63574177
vt 0.92438436 0.64126378
vt 0.94513750 0.64086139
vt 0.95997673 0.64553487
vt 0.96214402 0.64282590
vt 0.86643052 0.63309824
vt 0.78217685 0.57125199
vt 0.80972099 0.62729037
vt 0.85434783 0.62324661
vt 0.95302427 0.64770877
vt 0.96683973 0.64769894
vt 0.96246433 0.64397138
vt 0.97853363 0.64974612
vt 0.90952986 0.63275599
vt 0.70955467 0.59614450
vt 0.83632547 0.61538857
vt 0.78687465 0.49949777
vt 0.88103575 0.63690364
vt 0.01984625 0.17727196
vt 0.07841630 0.74578416
vt 0.81118572 0.46698296
vt 0.78300542 0.55098516
vt 0.82982010 0.62933552
vt 0.81371009 0.46436965
vt 0.80901819 0.45886207
vt 0.81497937 0.45956641
vt 0.82414550 0.45982206
vt 0.82839441 0.45683944
vt 0.81401795 0.45410377
vt 0.82829350 0.45368701
vt 0.83541721 0.46073222
vt 0.84638518 0.45529801
vt 0.84487492 0.45214683
vt 0.86886609 0.45005989
vt 0.87067151 0.45298100
vt 0.90125525 0.44722915
vt 0.89994323 0.45007205
vt 0.90800577 0.44977796
vt 0.94406664 0.44392037
vt 0.83991253 0.45930374
vt 0.90801591 0.44533658
vt 0.86517692 0.45663875
vt 0.94227183 0.44667393
vt 0.07097902 0.89862984
vt 0.96050036 0.44581258
vt 0.97215420 0.44223166
vt 0.94847471 0.44102550
vt 0.97249585 0.43937874
vt 0.91858912 0.23205400
vt 0.98364687 0.44217807
vt 0.89065087 0.45424265
vt 0.98072928 0.44484925
vt 0.85730833 0.85984480
vt 0.86924648 0.44768775
vt 0.80608046 0.85696173
vt 0.81798315 0.45190209
vt 0.82032776 0.85731888
vt 0.83221161 0.45061064
vt 0.90299797 0.44413990
vt 0.93423456 0.86214602
vt 0.94618571 0.44013059
vt 0.86596578 0.62372810
vt 0.72697616 0.64195949
vt 0.88458514 0.62616777
vt 0.71608120 0.60525554
vt 0.84651321 0.62045211
vt 0.07682768 0.45202065
vt 0.79335666 0.39764243
vt 0.98436356 0.65351814
vt 0.79309148 0.41038913
vt 0.97131014 0.65199965
vt 0.01956728 0.03469396
vt 0.81337488 0.61079252
vt 0.07935496 0.77700150
vt 0.84171587 0.46355373
vt 0.79073018 0.43654549
vt 0.94445777 0.64793706
vt 0.01912145 0.16855037
vt 0.81166571 0.47580433
vt 0.63328463 0.42451155
vt 0.63415927 0.42783844
vt 0.63234049 0.43025833
vt 0.61626393 0.42888498
vt 0.59833157 0.42520845
vt 0.65485317 0.42774904
vt 0.65458089 0.42390752
vt 0.67260087 0.42393064
vt 0.59268391 0.42965674
vt 0.56933594 0.43142819
vt 0.57077199 0.42771250
vt 0.59356123 0.42282581
vt 0.62144077 0.42151797
vt 0.58371979 0.42022526
vt 0.67465490 0.42625833
vt 0.65477389 0.43097448
vt 0.67239386 0.43033361
vt 0.68925202 0.42858642
vt 0.75746453 0.89084399
vt 0.70167315 0.42487800
vt 0.63481665 0.43093753
vt 0.72721893 0.42750651
vt 0.96397519 0.17028368
vt 0.72604340 0.43169749
vt 0.21417864 0.63605237
vt 0.73446923 0.42627537
vt 0.62121946 0.43186277
vt 0.60451293 0.42043710
vt 0.75751680 0.86707246
vt 0.67784971 0.42332351
vt 0.75072426 0.75640351
vt 0.11293706 0.55188346
vt 0.56691295 0.41902089
vt 0.63742924 0.42216629
vt 0.11424164 0.53955901
vt 0.56691855 0.43132997
vt 0.80774474 0.17785817
vt 0.56969887 0.43280780
vt 0.86746556 0.17316657
vt 0.62936354 0.43317699
vt 0.75697422 0.84240627
vt 0.65318465 0.42188787
vt 0.75501591 0.81380701
vt 0.62445104 0.42053109
vt 0.83794510 0.17522550
vt 0.59986049 0.43319118
vt 0.75197840 0.77194005
vt 0.58248526 0.41912758
vt 0.75404829 0.79720938
vt 0.60783839 0.41962767
vt 0.90225244 0.02419811
vt 0.88959271 0.02703208
vt 0.88702011 0.02182263
vt 0.88488805 0.02362394
vt 0.86940169 0.02640343
vt 0.86890137 0.02334452
vt 0.85313147 0.02310008
vt 0.85619819 0.02772903
vt 0.85155714 0.02566266
vt 0.83568037 0.02516329
vt 0.90709597 0.02788401
vt 0.92624092 0.02467448
vt 0.92597997 0.02808303
vt 0.94730002 0.02760261
vt 0.94431227 0.02460182
vt 0.94600505 0.02179092
vt 0.95329607 0.02551740
vt 0.95569187 0.02881253
vt 0.96766514 0.02640051
vt 0.96531004 0.02248663
vt 0.92667282 0.02046961
vt 0.95238149 0.02005571
vt 0.92517048 0.02117389
vt 0.90274650 0.02107620
vt 0.87681204 0.02066702
vt 0.85983616 0.02159238
vt 0.83744597 0.02221745
vt 0.81930572 0.02250034
vt 0.81622458 0.02464277
vt 0.81787765 0.02738112
vt 0.80273324 0.02771586
vt 0.80310953 0.02434874
vt 0.08012149 0.90658247
vt 0.81729114 0.02152133
vt 0.83674800 0.02836150
vt 0.96068424 0.01908404
vt 0.09461321 0.75608236
vt 0.96694523 0.01807618
vt 0.84343797 0.84431046
vt 0.93115962 0.03003132
vt 0.85397881 0.02877522
vt 0.97091269 0.85705906
vt 0.91223776 0.24058282
vt 0.80133122 0.02927399
vt 0.80664849 0.84103519
vt 0.96804941 0.03076792
vt 0.87049639 0.84641820
vt 0.90387952 0.02921528
vt 0.76278043 0.54026008
vt 0.96992487 0.02864331
vt 0.94175047 0.01871103
vt 0.84872353 0.84564352
vt 0.92575258 0.03052551
vt 0.91764265 0.85259962
vt 0.85593235 0.03091687
vt 0.82228321 0.84301949
vt 0.95231521 0.03074121
vt 0.87349433 0.84827226
vt 0.90066671 0.03071398
vt 0.80447984 0.84036446
vt 0.76398599 0.53820568
vt 0.97027969 0.03091681
vt 0.08693659 0.82569534
vt 0.89798993 0.01897615
vt 0.08065901 0.88742065
vt 0.83644629 0.02064377
vt 0.08361086 0.85637748
vt 0.86744964 0.01947081
vt 0.35854459 0.93777865
vt 0.34393701 0.93989110
vt 0.33701324 0.93725032
vt 0.32285112 0.93862647
vt 0.37097999 0.94071937
vt 0.37181079 0.93720686
vt 0.38416338 0.93843794
vt 0.39480799 0.93594182
vt 0.40231729 0.93893570
vt 0.41235626 0.93642497
vt 0.42553926 0.94095898
vt 0.42555827 0.93691176
vt 0.37776008 0.94185239
vt 0.38716385 0.94285488
vt 0.42056194 0.93399769
vt 0.33547485 0.94180137
vt 0.31797972 0.94095147
vt 0.31619096 0.93899572
vt 0.29867440 0.94099230
vt 0.41060254 0.94281447
vt 0.11039440 0.56492424
vt 0.64960992 0.80703622
vt 0.42753381 0.94568485
vt 0.35536063 0.94308400
vt 0.29441425 0.94343156
vt 0.27703455 0.94045287
vt 0.26451582 0.94333351
vt 0.27325913 0.94424564
vt 0.66229928 0.93745732
vt 0.26821116 0.93866611
vt 0.78566432 0.27865756
vt 0.26229551 0.94117671
vt 0.10980508 0.54509217
vt 0.40819684 0.94437540
vt 0.29246894 0.93847793
vt 0.37312576 0.94410133
vt 0.32951224 0.94338167
vt 0.10004283 0.43333387
vt 0.29800045 0.94517732
vt 0.41016445 0.93350440
vt 0.37172750 0.93543553
vt 0.54248512 0.93425727
vt 0.38772550 0.93407041
vt 0.66796595 0.93909913
vt 0.78451985 0.27541733
vt 0.26228532 0.93779558
vt 0.35317463 0.93541354
vt 0.09602705 0.40198410
vt 0.26683718 0.94705045
vt 0.51897001 0.93528849
vt 0.41112429 0.93212086
vt 0.61163229 0.93758857
vt 0.31864271 0.93623441
vt 0.56703061 0.93642825
vt 0.36320859 0.93372369
vt 0.09794375 0.41985011
vt 0.28465572 0.94647986
vt 0.56428504 0.94315785
vt 0.59040195 0.94322461
vt 0.59405911 0.94445515
vt 0.59803063 0.94265193
vt 0.56516260 0.94635838
vt 0.55716187 0.94493759
vt 0.59852648 0.94594210
vt 0.61157793 0.94299549
vt 0.62047416 0.94481111
vt 0.62558186 0.94224054
vt 0.62625033 0.94561297
vt 0.63744301 0.94238949
vt 0.64126354 0.94469756
vt 0.65789020 0.94171131
vt 0.65763259 0.94317275
vt 0.66574562 0.94377011
vt 0.66617244 0.94124347
vt 0.55633801 0.94076890
vt 0.53551930 0.94104707
vt 0.53469729 0.94409811
vt 0.51236600 0.94213659
vt 0.50425416 0.94705826
vt 0.50390893 0.94272745
vt 0.51616979 0.94794583
vt 0.82943791 0.21966541
vt 0.59506929 0.94833052
vt 0.82432109 0.29875964
vt 0.62729543 0.94774204
vt 0.82215893 0.33083969
vt 0.51191843 0.93886179
vt 0.50432253 0.93733144
vt 0.53164971 0.93840706
vt 0.56630152 0.94059181
vt 0.55670577 0.93790567
vt 0.37334710 0.93141437
vt 0.59098339 0.93994427
vt 0.33905637 0.93252212
vt 0.59877938 0.94070637
vt 0.61313909 0.94038361
vt 0.63961679 0.93918121
vt 0.29076469 0.93639773
vt 0.65675801 0.94012690
vt 0.66386461 0.81886417
vt 0.50303465 0.94667184
vt 0.51072645 0.93645942
vt 0.62595075 0.93955845
vt 0.53230810 0.93631649
vt 0.39776129 0.93149984
vt 0.57293063 0.93813699
vt 0.65263158 0.81963944
vt 0.50393969 0.93470615
vt 0.42621788 0.93191481
vt 0.59914702 0.93835753
vt 0.33106163 0.93473750
vt 0.62608874 0.93774962
vt 0.30426618 0.93680125
vt 0.61275250 0.78271824
vt 0.61730546 0.77716374
vt 0.62304634 0.78035820
vt 0.60538673 0.77900678
vt 0.59216863 0.77980858
vt 0.59157556 0.78241116
vt 0.58302248 0.78321397
vt 0.56904787 0.78058326
vt 0.57518625 0.77736986
vt 0.56603515 0.77813309
vt 0.56159121 0.78284895
vt 0.55045760 0.77952135
vt 0.76628196 0.55642813
vt 0.55344671 0.78410804
vt 0.59158242 0.77678001
vt 0.56237793 0.77557749
vt 0.55027676 0.77604586
vt 0.71290284 0.63965434
vt 0.60697168 0.77530968
vt 0.62421942 0.77804726
vt 0.63910729 0.78012961
vt 0.57320195 0.77464563
vt 0.63884437 0.77734655
vt 0.65369874 0.77788538
vt 0.65824908 0.78121388
vt 0.65900266 0.77898282
vt 0.68071693 0.78068531
vt 0.74204594 0.71428305
vt 0.68703067 0.77726448
vt 0.64085066 0.78289819
vt 0.62115109 0.78355217
vt 0.65200090 0.78339142
vt 0.70329595 0.77988225
vt 0.69933546 0.77793252
vt 0.68592888 0.78261054
vt 0.70340157 0.78229302
vt 0.71400344 0.77884096
vt 0.71473783 0.78156054
vt 0.78032809 0.44997323
vt 0.66192091 0.78433031
vt 0.69205469 0.58697701
vt 0.55003911 0.77373731
vt 0.56556648 0.78442806
vt 0.78700840 0.39747828
vt 0.07668168 0.45877755
vt 0.71682429 0.78384477
vt 0.58495981 0.77472484
vt 0.78592938 0.41074330
vt 0.70298171 0.78502929
vt 0.78500211 0.42514968
vt 0.68798131 0.78601032
vt 0.77043813 0.53387576
vt 0.57629073 0.78549927
vt 0.77670640 0.49591649
vt 0.61489040 0.78678393
vt 0.01419539 0.95495439
vt 0.54845613 0.77657521
vt 0.01315645 0.94833535
vt 0.54835916 0.78320503
vt 0.73428792 0.68944860
vt 0.66116405 0.77526456
vt 0.77960485 0.46349543
vt 0.64802736 0.78545201
vt 0.70787096 0.62451935
vt 0.59103078 0.77379435
vt 0.69761664 0.59536541
vt 0.56004471 0.77149963
vt 0.70291221 0.61117506
vt 0.57678753 0.77267677
vt 0.74335885 0.71265638
vt 0.68600535 0.77539879
vt 0.08391227 0.45562267
vt 0.08059534 0.45136458
vt 0.78913265 0.39694381
vt 0.07657342 0.45658720
vt 0.08171954 0.45876926
vt 0.71713287 0.77891636
vt 0.08258285 0.45039046
vt 0.76188809 0.73924023
vt 0.98496503 0.64758819
vt 0.07961650 0.45024872
vt 0.98421067 0.65032607
vt 0.91490334 0.24026388
vt 0.79965037 0.02712953
vt 0.91616654 0.23541319
vt 0.92171103 0.23379493
vt 0.07191539 0.92342496
vt 0.98496503 0.44546115
vt 0.91309303 0.23762023
vt 0.97232616 0.85977638
vt 0.91404158 0.23354822
vt 0.97198600 0.86389482
vt 0.98429680 0.43747127
vt 0.91978955 0.24058282
vt 0.07909148 0.92332703
vt 0.80055720 0.02222914
vt 0.20966002 0.64207470
vt 0.21013382 0.63850492
vt 0.21404304 0.64149421
vt 0.20931740 0.63574982
vt 0.97232616 0.16963977
vt 0.73439020 0.43108261
vt 0.78081483 0.27540869
vt 0.66958040 0.94256139
vt 0.78093731 0.28208184
vt 0.78325742 0.27820063
vt 0.09231911 0.39698923
vt 0.78003544 0.28393745
f 1340/1534 1312/1506 1343/1541
f 1343/1541 1312/1506 1311/1505
f 1343/1541 1311/1505 1321/1515
f 1343/1541 1321/1515 1350/1550
f 1350/1550 1321/1515 1752/2088
f 1340/1534 1329/1523 1330/1524
f 1340/1534 1330/1524 1312/1506
f 1311/1505 1320/1514 1321/1515
f 1321/1515 1320/1514 1735/2054
f 1321/1515 1735/2054 1752/2088
f 1330/1524 1310/1504 1312/1506
f 1312/1506 1302/1496 1311/1505
f 1311/1505 1302/1496 1309/1503
f 1311/1505 1309/1503 1320/1514
f 1330/1524 1329/1523 1310/1504
f 1310/1504 1302/1496 1312/1506
f 1320/1514 1331/1525 1735/2054
f 1309/1503 1314/1508 1320/1514
f 1344/1542 1328/1522 1329/1523
f 1329/1523 1328/1522 1303/1497
f 1329/1523 1303/1497 1310/1504
f 1310/1504 1303/1497 1302/1496
f 1302/1496 1301/1495 1309/1503
f 1309/1503 1301/1495 1314/1508
f 1320/1514 1314/1508 1331/1525
f 1331/1525 1757/2098 1735/2054
f 1344/1542 1348/1547 1333/1527
f 1344/1542 1333/1527 1328/1522
f 1303/1497 1297/1491 1302/1496
f 1302/1496 1297/1491 1301/1495
f 1328/1522 1304/1498 1303/1497
f 1303/1497 1304/1498 1297/1491
f 1314/1508 1319/1513 1331/1525
f 1333/1527 1326/1520 1328/1522
f 1328/1522 1326/1520 1304/1498
f 1319/1513 1334/1528 1331/1525
f 1331/1525 1334/1528 1757/2098
f 1301/1495 1315/1509 1314/1508
f 1314/1508 1315/1509 1319/1513
f 1348/1547 1332/1526 1333/1527
f 1333/1527 1332/1526 1326/1520
f 1301/1495 1306/1500 1315/1509
f 1326/1520 1294/1488 1304/1498
f 1304/1498 1294/1488 1297/1491
f 1297/1491 1296/1490 1301/1495
f 1301/1495 1296/1490 1306/1500
f 1294/1488 1296/1490 1297/1491
f 1348/1547 1347/1546 1332/1526
f 1332/1526 1325/1519 1326/1520
f 1326/1520 1325/1519 1294/1488
f 1334/1528 1756/2096 1757/2098
f 1315/1509 1318/1512 1319/1513
f 1319/1513 1318/1512 1334/1528
f 1325/1519 1295/1489 1294/1488
f 1296/1490 1299/1493 1306/1500
f 1294/1488 1295/1489 1296/1490
f 1295/1489 1299/1493 1296/1490
f 1347/1546 1345/1543 1332/1526
f 1318/1512 1336/1530 1334/1528
f 1334/1528 1336/1530 1756/2096
f 1306/1500 1316/1510 1315/1509
f 1315/1509 1316/1510 1318/1512
f 1332/1526 1327/1521 1325/1519
f 1325/1519 1327/1521 1295/1489
f 1336/1530 1346/1545 1756/2096
f 1345/1543 1338/1532 1332/1526
f 1332/1526 1338/1532 1327/1521
f 1327/1521 1300/1494 1295/1489
f 1318/1512 1335/1529 1336/1530
f 1336/1530 1335/1529 1346/1545
f 1345/1543 1349/1548 1338/1532
f 1300/1494 1298/1492 1295/1489
f 1295/1489 1298/1492 1299/1493
f 1299/1493 1298/1492 1305/1499
f 1299/1493 1305/1499 1306/1500
f 1306/1500 1305/1499 1316/1510
f 1316/1510 1317/1511 1318/1512
f 1318/1512 1317/1511 1335/1529
f 1316/1510 1305/1499 1317/1511
f 1349/1548 1339/1533 1338/1532
f 1338/1532 1339/1533 1327/1521
f 1300/1494 1307/1501 1298/1492
f 1298/1492 1307/1501 1305/1499
f 1305/1499 1307/1501 1308/1502
f 1305/1499 1308/1502 1317/1511
f 1339/1533 1324/1518 1327/1521
f 1327/1521 1324/1518 1300/1494
f 1300/1494 1324/1518 1307/1501
f 1339/1533 1337/1531 1324/1518
f 1337/1531 1323/1517 1324/1518
f 1324/1518 1323/1517 1307/1501
f 1323/1517 1313/1507 1307/1501
f 1307/1501 1313/1507 1308/1502
f 1308/1502 1313/1507 1322/1516
f 1308/1502 1322/1516 1317/1511
f 1322/1516 1342/1539 1335/1529
f 1317/1511 1322/1516 1335/1529
f 1335/1529 1342/1539 1346/1545
f 1337/1531 1293/1487 1323/1517
f 1293/1487 1341/1536 1323/1517
f 1293/1486 1252/1426 1341/1535
f 1323/1517 1341/1536 1313/1507
f 1341/1536 1268/1449 1313/1507
f 1313/1507 1268/1449 1322/1516
f 1322/1516 1268/1449 1342/1539
f 1341/1535 1175/1344 1268/1448
f 1175/1344 1213/1385 1268/1448
f 1069/1218 1343/1540 1072/1222
f 1072/1222 1343/1540 1357/1562
f 1098/1257 1340/1534 1069/1219
f 1098/1257 1352/1553 1340/1534
f 1352/1553 1344/1542 1340/1534
f 1340/1534 1344/1542 1329/1523
f 1355/1559 1344/1542 1352/1553
f 1355/1559 1353/1555 1344/1542
f 1355/1558 668/708 1353/1554
f 1353/1554 668/708 733/774
f 1353/1555 1348/1547 1344/1542
f 1353/1555 1354/1557 1348/1547
f 1353/1554 733/774 1354/1556
f 1354/1557 773/844 1348/1547
f 773/843 736/778 774/845
f 774/846 1351/1551 773/844
f 773/844 1351/1551 1348/1547
f 1351/1551 1347/1546 1348/1547
f 774/846 776/850 1351/1551
f 774/845 749/801 776/849
f 776/850 1345/1543 1347/1546
f 1351/1551 776/850 1347/1546
f 741/785 742/786 776/849
f 776/850 742/787 1345/1543
f 742/787 1349/1548 1345/1543
f 742/787 1356/1561 1349/1548
f 744/791 1339/1533 1349/1548
f 1356/1561 744/791 1349/1548
f 679/719 678/718 744/790
f 1356/1560 679/719 744/790
f 744/791 745/794 1339/1533
f 744/790 678/718 745/793
f 745/794 1337/1531 1339/1533
f 745/794 1293/1487 1337/1531
f 745/792 1252/1426 1293/1486
f 1342/1538 1213/1385 1739/2060
f 1252/1426 1187/1356 1341/1535
f 1341/1535 1187/1356 1157/1326
f 1341/1535 1157/1326 1175/1344
f 1098/1255 752/807 676/716
f 1098/1255 676/716 1352/1552
f 1352/1552 676/716 632/672
f 1352/1552 632/672 1355/1558
f 1355/1558 632/672 668/708
f 733/774 668/708 674/714
f 733/774 674/714 1354/1556
f 674/714 736/778 1354/1556
f 1354/1556 736/778 773/843
f 749/801 741/785 776/849
f 742/786 741/785 685/725
f 685/725 1356/1560 742/786
f 685/725 627/667 1356/1560
f 627/667 679/719 1356/1560
f 678/718 689/730 745/793
f 678/718 625/665 689/730
f 689/730 687/728 745/793
f 745/792 687/727 1267/1447
f 745/792 1267/1447 1252/1426
f 1252/1426 1267/1447 1239/1413
f 1252/1426 1239/1413 1158/1327
f 1252/1426 1158/1327 1187/1356
f 1187/1356 1158/1327 1157/1326
f 1157/1326 1168/1337 1175/1344
f 1175/1344 1194/1363 1213/1385
f 1213/1385 1194/1363 1739/2060
f 632/672 631/671 668/708
f 631/671 636/676 668/708
f 668/708 636/676 674/714
f 674/714 673/713 736/778
f 736/778 673/713 672/712
f 672/712 683/723 749/801
f 736/778 672/712 749/801
f 683/723 667/707 741/785
f 749/801 683/723 741/785
f 741/785 667/707 685/725
f 679/719 627/667 626/666
f 679/719 626/666 678/718
f 678/718 626/666 625/665
f 625/665 687/728 689/730
f 1175/1344 1168/1337 1194/1363
f 1194/1363 1773/2129 1739/2060
f 752/807 729/770 676/716
f 676/716 729/770 669/709
f 676/716 669/709 632/672
f 632/672 669/709 594/634
f 632/672 594/634 631/671
f 674/714 636/676 656/696
f 674/714 656/696 673/713
f 672/712 666/706 683/723
f 683/723 666/706 667/707
f 667/707 654/694 685/725
f 685/725 654/694 627/667
f 626/666 592/632 625/665
f 1715/2029 1713/2027 1714/2028
f 625/665 681/721 687/728
f 2379/2955 2373/2948 2372/2947
f 2379/2955 2372/2947 2378/2954
f 2379/2955 2378/2954 2318/2873
f 2378/2954 2380/2956 2318/2873
f 2380/2956 2658/3335 2318/2873
f 2318/2873 2658/3335 2657/3333
f 1267/1447 1257/1433 1239/1413
f 1157/1326 1146/1315 1168/1337
f 2417/3004 2408/2990 2409/2991
f 2417/3004 2409/2991 2015/2438
f 2015/2438 2409/2991 2663/3346
f 2403/2984 2398/2979 2401/2982
f 2403/2984 2401/2982 2408/2990
f 2408/2990 2401/2982 2407/2989
f 2408/2990 2407/2989 2409/2991
f 2409/2991 2407/2989 2410/2993
f 2409/2991 2410/2993 2663/3346
f 2398/2979 2399/2980 2400/2981
f 2398/2979 2400/2981 2401/2982
f 2400/2981 2405/2986 2401/2982
f 2400/2981 2154/2645 2405/2986
f 2405/2986 2154/2645 2145/2627
f 2401/2982 2405/2986 2406/2988
f 2405/2986 2145/2627 2406/2988
f 2401/2982 2406/2988 2407/2989
f 2406/2987 2145/2626 2132/2604
f 2406/2987 2132/2604 2131/2602
f 2406/2988 2412/2995 2407/2989
f 2406/2988 2131/2603 2412/2995
f 2407/2989 2412/2995 2410/2993
f 2410/2992 2661/3339 2663/3344
f 2131/2603 2661/3341 2412/2995
f 2412/2995 2661/3341 2410/2993
f 631/671 591/631 636/676
f 591/631 587/627 636/676
f 587/627 585/625 636/676
f 636/676 585/625 656/696
f 656/696 575/615 673/713
f 673/713 575/615 672/712
f 1721/2035 1722/2036 1726/2040
f 575/615 574/614 672/712
f 672/712 574/614 666/706
f 667/707 573/613 654/694
f 654/694 577/617 627/667
f 627/667 577/617 576/616
f 627/667 576/616 626/666
f 576/616 578/618 626/666
f 626/666 578/618 592/632
f 625/665 592/632 593/633
f 2363/2938 2368/2943 2381/2957
f 593/633 681/721 625/665
f 2362/2937 2364/2939 2365/2940
f 2368/2943 2362/2937 2366/2941
f 2362/2937 2365/2940 2366/2941
f 2368/2943 2366/2941 2369/2944
f 2366/2941 2367/2942 2369/2944
f 2369/2944 2367/2942 2310/2857
f 2310/2857 2367/2942 2371/2946
f 2310/2857 2371/2946 2373/2948
f 2310/2857 2373/2948 2309/2855
f 2309/2855 2373/2948 2318/2873
f 2309/2854 2318/2872 2282/2813
f 2365/2940 2370/2945 2367/2942
f 2366/2941 2365/2940 2367/2942
f 2365/2940 1577/1846 2370/2945
f 2370/2945 1577/1846 1576/1844
f 2367/2942 2370/2945 2371/2946
f 2371/2946 2370/2945 2372/2947
f 2371/2946 2372/2947 2373/2948
f 681/721 1285/1473 687/728
f 687/727 1285/1472 1267/1447
f 1267/1447 1285/1472 1257/1433
f 1576/1843 1557/1807 2425/3019
f 1576/1844 2377/2953 2370/2945
f 1576/1844 2425/3020 2377/2953
f 2370/2945 2377/2953 2372/2947
f 2377/2953 2378/2954 2372/2947
f 1257/1433 1225/1398 1239/1413
f 1239/1413 1225/1398 1158/1327
f 1158/1327 1143/1312 1157/1326
f 2425/3020 2422/3014 2377/2953
f 2425/3019 1516/1752 2422/3013
f 2377/2953 2422/3014 2378/2954
f 2422/3013 1516/1752 1518/1754
f 2378/2954 2422/3014 2380/2956
f 2422/3013 1518/1754 1519/1755
f 2422/3014 2421/3012 2380/2956
f 2422/3013 1519/1755 2421/3011
f 2380/2956 2421/3012 2658/3335
f 2658/3334 2421/3010 2654/3326
f 1143/1312 1146/1315 1157/1326
f 752/807 1101/1262 729/770
f 2005/2420 2416/3002 1998/2412
f 2416/3002 2417/3004 1998/2412
f 1998/2411 2417/3003 1992/2405
f 2395/2976 2396/2977 2413/2997
f 2035/2477 2395/2976 2413/2997
f 2413/2997 2396/2977 2398/2979
f 2413/2997 2398/2979 2416/3002
f 2398/2979 2403/2984 2416/3002
f 669/709 595/635 594/634
f 2392/2973 2390/2971 2035/2477
f 2035/2477 2390/2971 2394/2975
f 2035/2477 2394/2975 2395/2976
f 2395/2976 2394/2975 2396/2977
f 2394/2975 2397/2978 2396/2977
f 2396/2977 2397/2978 2398/2979
f 2397/2978 2399/2980 2398/2979
f 2390/2971 2389/2970 2393/2974
f 2390/2971 2393/2974 2402/2983
f 2390/2971 2402/2983 2394/2975
f 2394/2975 2402/2983 2404/2985
f 2394/2975 2404/2985 2397/2978
f 2404/2985 2411/2994 2397/2978
f 2397/2978 2411/2994 2399/2980
f 2411/2994 2151/2639 2399/2980
f 2399/2980 2151/2639 2400/2981
f 2400/2981 2151/2639 2136/2610
f 2400/2981 2136/2610 2154/2645
f 2151/2638 2138/2613 2139/2615
f 2151/2638 2139/2615 2136/2609
f 2139/2615 2093/2545 2136/2609
f 2093/2545 2094/2546 2136/2609
f 2136/2609 2135/2608 2154/2644
f 2136/2609 2094/2546 2135/2608
f 2154/2644 2135/2608 2145/2626
f 2135/2608 2127/2597 2145/2626
f 2135/2608 2094/2546 2127/2597
f 2094/2546 2126/2596 2127/2597
f 2145/2626 2127/2597 2132/2604
f 2127/2597 2126/2596 2128/2598
f 2127/2597 2128/2598 2132/2604
f 2132/2604 2128/2598 2131/2602
f 2128/2598 2130/2600 2131/2602
f 2131/2602 2130/2600 2661/3340
f 2402/2983 2393/2974 2157/2651
f 2393/2974 2424/3018 2157/2651
f 2157/2650 2424/3017 2090/2542
f 2402/2983 2157/2651 2404/2985
f 2090/2542 2125/2595 2157/2650
f 2404/2985 2157/2651 2142/2621
f 2157/2650 2125/2595 2142/2620
f 2404/2985 2142/2621 2411/2994
f 2125/2595 2096/2548 2142/2620
f 2411/2994 2142/2621 2138/2614
f 2142/2620 2096/2548 2138/2613
f 2411/2994 2138/2614 2151/2639
f 631/671 594/634 591/631
f 1762/2107 2335/2903 2337/2906
f 1762/2107 1776/2135 2335/2903
f 2335/2903 241/281 2336/2905
f 585/625 586/626 656/696
f 1776/2135 2338/2907 2335/2903
f 2335/2903 2338/2907 241/281
f 2338/2907 2339/2909 241/281
f 656/696 586/626 575/615
f 1776/2135 1775/2133 2338/2907
f 1775/2133 2340/2910 2338/2907
f 2338/2907 2340/2910 2339/2909
f 2340/2910 216/248 2339/2909
f 574/614 573/613 666/706
f 666/706 573/613 667/707
f 1775/2133 1759/2101 2340/2910
f 2340/2910 2341/2912 216/248
f 1759/2101 2342/2913 2340/2910
f 2340/2910 2342/2913 2341/2912
f 573/613 572/612 654/694
f 654/694 572/612 577/617
f 2342/2913 240/279 2341/2912
f 2342/2913 239/277 240/279
f 1759/2101 1734/2052 2342/2913
f 1734/2052 2343/2914 2342/2913
f 2342/2913 2343/2914 239/277
f 1734/2052 2344/2915 2343/2914
f 1734/2052 2345/2917 2344/2915
f 2420/3009 2354/2929 2376/2952
f 2420/3009 2376/2952 2303/2842
f 2376/2952 2418/3005 2303/2842
f 2350/2925 2348/2921 2345/2917
f 2353/2928 2351/2926 2354/2929
f 2351/2926 2355/2930 2354/2929
f 2354/2929 2355/2930 2376/2952
f 2376/2952 2355/2930 2359/2934
f 2376/2952 2359/2934 2418/3005
f 2418/3005 2359/2934 2419/3007
f 2419/3007 2359/2934 2361/2936
f 2361/2936 2363/2938 2419/3007
f 2419/3007 2363/2938 2270/2798
f 2351/2926 2356/2931 2355/2930
f 2356/2931 2357/2932 2355/2930
f 2357/2932 2358/2933 2355/2930
f 2355/2930 2358/2933 2359/2934
f 2358/2933 2360/2935 2359/2934
f 2359/2934 2360/2935 2361/2936
f 2361/2936 2360/2935 2362/2937
f 2361/2936 2362/2937 2363/2938
f 2270/2798 2381/2957 2308/2853
f 2308/2853 2381/2957 2284/2816
f 2275/2803 2283/2814 2277/2805
f 2357/2932 2374/2949 2358/2933
f 2357/2932 1573/1838 2374/2949
f 2358/2933 2374/2949 2360/2935
f 2360/2935 2374/2949 2364/2939
f 2360/2935 2364/2939 2362/2937
f 1573/1838 2383/2961 2374/2949
f 1573/1837 1525/1762 2383/2960
f 2374/2949 2383/2961 2364/2939
f 2383/2960 1525/1762 1524/1761
f 2383/2960 1524/1761 1556/1805
f 2383/2961 1577/1846 2364/2939
f 2383/2961 1556/1806 1577/1846
f 2364/2939 1577/1846 2365/2940
f 2282/2812 2654/3326 2653/3325
f 1556/1805 1524/1761 1503/1739
f 1556/1805 1557/1807 1577/1845
f 1556/1805 1503/1739 1557/1807
f 1557/1807 1503/1739 1505/1741
f 1577/1845 1557/1807 1576/1843
f 2421/3010 2655/3328 2654/3326
f 1168/1337 1178/1347 1194/1363
f 1505/1741 1506/1742 1513/1749
f 1557/1807 1505/1741 1513/1749
f 1557/1807 1513/1749 2425/3019
f 1513/1749 1516/1752 2425/3019
f 1513/1749 1506/1742 1516/1752
f 1516/1752 1506/1742 1510/1746
f 1516/1752 1510/1746 1517/1753
f 1516/1752 1517/1753 1518/1754
f 1517/1753 1520/1756 1519/1755
f 1518/1754 1517/1753 1519/1755
f 1519/1755 1520/1756 2655/3327
f 1519/1755 2655/3327 2421/3011
f 1101/1262 686/726 669/709
f 729/770 1101/1262 669/709
f 1964/2371 1958/2365 2014/2436
f 1964/2371 2014/2436 2005/2419
f 1964/2371 2005/2419 1982/2392
f 1731/2047 1750/2083 2012/2433
f 2012/2433 1750/2083 2391/2972
f 2012/2433 2391/2972 2414/2999
f 2414/2999 2391/2972 2392/2973
f 2414/2999 2392/2973 2415/3001
f 2415/3001 2392/2973 2035/2477
f 1750/2083 2387/2968 2391/2972
f 2387/2968 2388/2969 2391/2972
f 2391/2972 2388/2969 2390/2971
f 2391/2972 2390/2971 2392/2973
f 2126/2596 2148/2632 2129/2599
f 2148/2632 2495/3105 2129/2599
f 2495/3105 2156/2648 2129/2599
f 2129/2599 2156/2648 2133/2605
f 2133/2605 2156/2648 2664/3348
f 1750/2083 1749/2081 2387/2968
f 2388/2969 2389/2970 2390/2971
f 2092/2544 2095/2547 2094/2546
f 2093/2545 2092/2544 2094/2546
f 2094/2546 2095/2547 2512/3137
f 2094/2546 2512/3137 2126/2596
f 2387/2968 1749/2081 2386/2967
f 2387/2968 2386/2967 2388/2969
f 2388/2969 2386/2967 2389/2970
f 2389/2970 2386/2967 2144/2625
f 2389/2970 2144/2625 2393/2974
f 2090/2542 2085/2532 2125/2595
f 2085/2532 2078/2522 2125/2595
f 2125/2595 2078/2522 2096/2548
f 2078/2522 2079/2523 2096/2548
f 2138/2613 2096/2548 2093/2545
f 2096/2548 2079/2523 2093/2545
f 2138/2613 2093/2545 2139/2615
f 2079/2523 2092/2544 2093/2545
f 1749/2081 1762/2107 2384/2964
f 1749/2081 2384/2964 2386/2967
f 2386/2967 2384/2964 2124/2594
f 2384/2963 233/265 2124/2593
f 2124/2594 2144/2625 2386/2967
f 2124/2593 2091/2543 2144/2624
f 2144/2625 2424/3018 2393/2974
f 2144/2624 2091/2543 2424/3017
f 2091/2543 2090/2542 2424/3017
f 1762/2107 2337/2906 2384/2964
f 2336/2905 2426/3022 2384/2964
f 2337/2906 2336/2905 2384/2964
f 574/614 544/584 573/613
f 573/613 544/584 571/611
f 573/613 571/611 572/612
f 213/243 212/242 2341/2911
f 577/617 572/612 576/616
f 213/243 211/241 212/242
f 239/277 2344/2915 2423/3016
f 2344/2915 2347/2920 237/273
f 2423/3016 2344/2915 237/273
f 2345/2917 2346/2918 2344/2915
f 2346/2918 2352/2927 2347/2920
f 2344/2915 2346/2918 2347/2920
f 2352/2927 2354/2929 2382/2959
f 2347/2920 2352/2927 2382/2959
f 2352/2927 2346/2918 2351/2926
f 2352/2927 2351/2926 2353/2928
f 2352/2927 2353/2928 2354/2929
f 2257/2778 2303/2841 2256/2777
f 2345/2917 2348/2921 2346/2918
f 2346/2918 2348/2921 2349/2922
f 2346/2918 2349/2922 2351/2926
f 2270/2797 2271/2799 2252/2773
f 2253/2774 2270/2797 2252/2773
f 2350/2925 2375/2951 2348/2921
f 2375/2951 1572/1836 2348/2921
f 2348/2921 1572/1836 2349/2922
f 2349/2922 1572/1836 2351/2926
f 2351/2926 1572/1836 2356/2931
f 2350/2924 1747/2077 2375/2950
f 2375/2950 1747/2077 1537/1777
f 2375/2950 1537/1777 1572/1835
f 1572/1835 1537/1777 1515/1751
f 1572/1836 2385/2966 2356/2931
f 1572/1835 1515/1751 2385/2965
f 2356/2931 2385/2966 2357/2932
f 2385/2965 1515/1751 1526/1763
f 2385/2966 1526/1764 2357/2932
f 2357/2932 1526/1764 1573/1838
f 1526/1763 1514/1750 1497/1733
f 1526/1763 1525/1762 1573/1837
f 1526/1763 1497/1733 1525/1762
f 1497/1733 1499/1735 1525/1762
f 1525/1762 1499/1735 1524/1761
f 1524/1761 1499/1735 1503/1739
f 1503/1739 1499/1735 1502/1738
f 1503/1739 1502/1738 1504/1740
f 1503/1739 1504/1740 1505/1741
f 1225/1398 1144/1313 1158/1327
f 1158/1327 1144/1313 1143/1312
f 1178/1347 1210/1381 1194/1363
f 1194/1363 1210/1381 1779/2141
f 1194/1363 1779/2141 1773/2129
f 1504/1740 1506/1742 1505/1741
f 1504/1740 1507/1743 1506/1742
f 1506/1742 1507/1743 1510/1746
f 1507/1743 2642/3303 1510/1746
f 1510/1746 2642/3303 1517/1753
f 2642/3303 2641/3301 1517/1753
f 2641/3301 2639/3297 1517/1753
f 1517/1753 2639/3297 1520/1756
f 1520/1756 2639/3297 2655/3327
f 1143/1312 1141/1310 1146/1315
f 1146/1315 1178/1347 1168/1337
f 2512/3138 2489/3099 2148/2633
f 2148/2633 2489/3099 2490/3100
f 2148/2633 2490/3100 2495/3106
f 2513/3139 2122/2590 2092/2544
f 2092/2544 2122/2590 2095/2547
f 2095/2547 2122/2590 2512/3137
f 595/635 525/565 594/634
f 2078/2522 2077/2521 2079/2523
f 2077/2521 2081/2526 2079/2523
f 2079/2523 2081/2526 2513/3139
f 2079/2523 2513/3139 2092/2544
f 594/634 525/565 591/631
f 233/265 2072/2516 2124/2593
f 2072/2516 2073/2517 2124/2593
f 2124/2593 2073/2517 2091/2543
f 2091/2543 2073/2517 2075/2519
f 2091/2543 2075/2519 2090/2542
f 2090/2542 2075/2519 2085/2532
f 2085/2532 2075/2519 2078/2522
f 2078/2522 2075/2519 2077/2521
f 591/631 498/538 587/627
f 587/627 498/538 585/625
f 498/538 497/537 585/625
f 585/625 470/510 586/626
f 586/626 470/510 575/615
f 571/611 439/479 572/612
f 572/612 439/479 443/483
f 443/483 442/482 576/616
f 572/612 443/483 576/616
f 576/616 545/585 578/618
f 592/632 545/585 593/633
f 1747/2077 1427/1649 1537/1777
f 1537/1777 1427/1649 1483/1719
f 1537/1777 1483/1719 1515/1751
f 1515/1751 1483/1719 1514/1750
f 1514/1750 1483/1719 1486/1722
f 1515/1751 1514/1750 1526/1763
f 1514/1750 1486/1722 1497/1733
f 1486/1722 1496/1732 1497/1733
f 1496/1732 1498/1734 1497/1733
f 1497/1733 1498/1734 1499/1735
f 1498/1734 1500/1736 1499/1735
f 1500/1736 1543/1785 1502/1738
f 1499/1735 1500/1736 1502/1738
f 1543/1785 2648/3315 1504/1740
f 1502/1738 1543/1785 1504/1740
f 1504/1740 2648/3315 1554/1802
f 2648/3315 2636/3292 1554/1802
f 1554/1802 2636/3292 1563/1818
f 1563/1819 2636/3293 2632/3288
f 1563/1819 2632/3288 2633/3289
f 2633/3289 2632/3288 2630/3286
f 1257/1433 1250/1424 1225/1398
f 2513/3140 2487/3097 2488/3098
f 2513/3140 2488/3098 2122/2591
f 2123/2592 2511/3135 2077/2521
f 2077/2521 2511/3135 2081/2526
f 2081/2526 2511/3135 2513/3139
f 233/265 236/269 2072/2516
f 2072/2516 236/269 2070/2514
f 2072/2516 2070/2514 2073/2517
f 2070/2514 2074/2518 2073/2517
f 2073/2517 2074/2518 2075/2519
f 2074/2518 2076/2520 2075/2519
f 2075/2519 2076/2520 2077/2521
f 497/537 470/510 585/625
f 470/510 469/509 575/615
f 575/615 469/509 574/614
f 574/614 469/509 468/508
f 468/508 544/584 574/614
f 448/488 571/611 544/584
f 571/611 448/488 439/479
f 442/482 545/585 576/616
f 578/618 545/585 592/632
f 593/633 598/638 681/721
f 1428/1650 1484/1720 1483/1719
f 1427/1649 1428/1650 1483/1719
f 681/721 735/776 1285/1473
f 1483/1719 1484/1720 1485/1721
f 1483/1719 1485/1721 1486/1722
f 1485/1721 1495/1731 1486/1722
f 1486/1722 1495/1731 1496/1732
f 1495/1731 1545/1788 1496/1732
f 1545/1788 1564/1820 1498/1734
f 1496/1732 1545/1788 1498/1734
f 1564/1820 2644/3307 1500/1736
f 1498/1734 1564/1820 1500/1736
f 2629/3285 2627/3283 2623/3278
f 2644/3307 1568/1827 1500/1736
f 1500/1736 1568/1827 1543/1785
f 1543/1786 1568/1828 2629/3285
f 1543/1786 2629/3285 2648/3316
f 686/726 596/636 669/709
f 669/709 596/636 595/635
f 2153/2643 2486/3096 2465/3075
f 595/635 596/636 525/565
f 2076/2520 2159/2654 2153/2642
f 2076/2520 2153/2642 2123/2592
f 2123/2592 2153/2642 2511/3135
f 204/233 2069/2513 236/269
f 236/269 2069/2513 2070/2514
f 2069/2513 2071/2515 2070/2514
f 2070/2514 2071/2515 2082/2527
f 2070/2514 2082/2527 2074/2518
f 2074/2518 2082/2527 2076/2520
f 525/565 498/538 591/631
f 544/584 468/508 448/488
f 545/585 597/637 593/633
f 593/633 597/637 598/638
f 1494/1730 1501/1737 1484/1720
f 1428/1650 1494/1730 1484/1720
f 1501/1737 1541/1782 1485/1721
f 1484/1720 1501/1737 1485/1721
f 1485/1721 1541/1782 1495/1731
f 1495/1731 1541/1782 1562/1816
f 1495/1731 1562/1816 1545/1788
f 1545/1788 1562/1816 1564/1820
f 1562/1817 2601/3254 1564/1821
f 1564/1821 2601/3254 2644/3308
f 1257/1433 1253/1427 1250/1424
f 2147/2631 2505/3123 2483/3093
f 2147/2631 2483/3093 2159/2655
f 2071/2515 2140/2616 2082/2527
f 2082/2527 2140/2616 2147/2630
f 497/537 465/505 470/510
f 439/479 441/481 443/483
f 443/483 441/481 442/482
f 598/638 690/731 681/721
f 1494/1730 1546/1789 1501/1737
f 1501/1737 1546/1789 2613/3266
f 1501/1737 2613/3266 1542/1783
f 2613/3267 2638/3296 1542/1784
f 1542/1784 2638/3296 2643/3306
f 2638/3296 2607/3260 2643/3306
f 681/721 690/731 735/776
f 1101/1262 779/856 734/775
f 525/565 596/636 524/564
f 204/233 2068/2512 2069/2513
f 2069/2513 2068/2512 2089/2540
f 2069/2513 2089/2540 2071/2515
f 2089/2540 2498/3109 2071/2515
f 2071/2515 2498/3109 2140/2616
f 494/534 493/533 498/538
f 498/538 493/533 497/537
f 470/510 465/505 469/509
f 468/508 391/431 448/488
f 442/482 440/480 545/585
f 2611/3264 2610/3263 2608/3261
f 1427/1649 1741/2064 1428/1650
f 1428/1650 1429/1651 1494/1730
f 1494/1730 1429/1651 847/956
f 1494/1730 847/956 1546/1789
f 1546/1789 847/956 1566/1823
f 1566/1823 2613/3266 1546/1789
f 2613/3267 2611/3264 2638/3296
f 1285/1472 1253/1427 1257/1433
f 1178/1347 1196/1365 1210/1381
f 1071/1221 1085/1240 779/855
f 183/196 2119/2585 2067/2511
f 183/196 2067/2511 204/233
f 204/233 2067/2511 2068/2512
f 524/564 494/534 498/538
f 525/565 524/564 498/538
f 497/537 493/533 465/505
f 465/505 414/454 469/509
f 469/509 414/454 468/508
f 468/508 414/454 391/431
f 448/488 390/430 439/479
f 545/585 440/480 565/605
f 1178/1347 1180/1349 1196/1365
f 734/775 694/735 686/726
f 686/726 653/693 596/636
f 391/431 390/430 448/488
f 441/481 440/480 442/482
f 545/585 565/605 597/637
f 2216/2727 2231/2745 2213/2723
f 2213/2723 817/904 2239/2757
f 1428/1650 1741/2064 1429/1651
f 1141/1310 1167/1336 1146/1315
f 1167/1336 1180/1349 1178/1347
f 1146/1315 1167/1336 1178/1347
f 2068/2512 897/1029 2089/2540
f 390/430 388/428 439/479
f 439/479 388/428 441/481
f 440/480 556/596 565/605
f 2216/2727 184/197 2231/2745
f 1429/1651 816/902 847/956
f 735/777 1286/1475 1285/1472
f 1285/1472 1286/1475 1253/1427
f 779/856 746/796 734/775
f 653/693 608/648 596/636
f 596/636 608/648 524/564
f 493/533 389/429 465/505
f 414/454 465/505 359/399
f 359/399 360/400 391/431
f 414/454 359/399 391/431
f 391/431 360/400 390/430
f 388/428 418/458 441/481
f 441/481 418/458 440/480
f 2216/2727 2215/2726 184/197
f 1741/2064 1430/1652 1429/1651
f 1429/1651 1430/1652 816/902
f 690/731 1286/1474 735/776
f 1250/1424 1230/1403 1225/1398
f 1225/1398 1230/1403 1144/1313
f 1143/1312 1140/1309 1141/1310
f 608/648 522/562 524/564
f 524/564 491/531 494/534
f 494/534 472/512 493/533
f 493/533 472/512 389/429
f 389/429 359/399 465/505
f 390/430 360/400 347/387
f 390/430 347/387 388/428
f 556/596 566/606 565/605
f 565/605 566/606 597/637
f 1738/2059 1710/2024 1712/2026
f 1196/1365 1211/1382 1210/1381
f 1210/1381 1211/1382 1779/2141
f 494/534 491/531 472/512
f 597/637 665/705 598/638
f 598/638 665/705 690/731
f 1741/2064 1709/2022 1430/1652
f 2067/2511 2066/2510 2068/2512
f 2068/2512 2066/2510 897/1029
f 388/428 417/457 418/458
f 690/731 718/759 1286/1474
f 734/775 698/739 694/735
f 491/531 490/530 472/512
f 472/512 462/502 389/429
f 360/400 358/398 345/385
f 360/400 345/385 347/387
f 347/387 346/386 388/428
f 388/428 346/386 385/425
f 418/458 421/461 440/480
f 665/705 718/759 690/731
f 1430/1652 1549/1793 816/902
f 816/903 1549/1794 811/897
f 1144/1313 1140/1309 1143/1312
f 694/735 698/739 653/693
f 608/648 523/563 522/562
f 490/530 462/502 472/512
f 389/429 462/502 314/354
f 314/354 316/356 389/429
f 389/429 316/356 359/399
f 388/428 385/425 417/457
f 556/596 559/599 566/606
f 566/606 611/651 597/637
f 597/637 611/651 665/705
f 316/356 358/398 359/399
f 359/399 358/398 360/400
f 345/385 346/386 347/387
f 417/457 421/461 418/458
f 440/480 421/461 556/596
f 559/599 611/651 566/606
f 1250/1424 1253/1427 1230/1403
f 1211/1382 1255/1430 1779/2141
f 734/775 746/796 698/739
f 698/739 634/674 653/693
f 653/693 634/674 608/648
f 2066/2510 2083/2529 897/1029
f 523/563 516/556 522/562
f 522/562 516/556 490/530
f 522/562 490/530 491/531
f 421/461 559/599 556/596
f 2210/2719 197/222 2211/2720
f 1430/1652 1431/1653 1549/1793
f 2119/2585 2137/2612 2065/2509
f 2119/2585 2065/2509 2067/2511
f 2067/2511 2065/2509 2066/2510
f 1738/2059 1292/1484 1710/2024
f 608/648 634/674 523/563
f 314/354 315/355 316/356
f 316/356 307/347 358/398
f 358/398 306/346 345/385
f 345/385 344/384 346/386
f 385/425 412/452 417/457
f 421/461 419/459 559/599
f 1709/2022 1431/1653 1430/1652
f 306/346 344/384 345/385
f 1286/1475 1287/1476 1253/1427
f 1253/1427 1287/1476 1270/1451
f 462/502 315/355 314/354
f 307/347 306/346 358/398
f 346/386 348/388 385/425
f 417/457 412/452 421/461
f 559/599 558/598 611/651
f 1230/1403 1145/1314 1144/1313
f 1144/1313 1145/1314 1140/1309
f 746/796 1099/1259 698/739
f 2065/2509 2063/2506 2066/2510
f 2066/2510 2063/2506 2083/2529
f 315/355 308/348 316/356
f 316/356 308/348 307/347
f 344/384 348/388 346/386
f 419/459 558/598 559/599
f 718/759 712/753 1286/1474
f 750/803 1287/1476 1286/1475
f 1138/1307 1142/1311 1141/1310
f 1140/1309 1138/1307 1141/1310
f 1141/1310 1142/1311 1167/1336
f 1099/1259 699/740 698/739
f 2065/2509 2064/2507 2063/2506
f 490/530 489/529 462/502
f 698/739 699/740 634/674
f 633/673 515/555 523/563
f 523/563 515/555 516/556
f 344/384 343/383 348/388
f 558/598 612/652 611/651
f 712/753 750/802 1286/1474
f 1270/1451 1248/1422 1253/1427
f 1248/1422 1227/1400 1230/1403
f 1253/1427 1248/1422 1230/1403
f 1230/1403 1227/1400 1145/1314
f 1180/1349 1195/1364 1196/1365
f 1196/1365 1195/1364 1211/1382
f 1085/1240 1087/1242 746/795
f 699/740 635/675 634/674
f 634/674 633/673 523/563
f 462/502 449/489 315/355
f 308/348 304/344 307/347
f 306/346 343/383 344/384
f 611/651 612/652 665/705
f 1709/2022 1432/1654 1431/1653
f 2063/2506 2084/2531 2083/2529
f 315/355 317/357 308/348
f 348/388 368/408 385/425
f 412/452 419/459 421/461
f 489/529 449/489 462/502
f 368/408 398/438 385/425
f 385/425 398/438 412/452
f 412/452 398/438 419/459
f 1145/1314 1136/1305 1140/1309
f 1140/1309 1136/1305 1138/1307
f 634/674 635/675 633/673
f 192/214 2062/2505 2064/2507
f 516/556 514/554 489/529
f 315/355 449/489 317/357
f 307/347 304/344 306/346
f 665/705 612/652 718/759
f 1167/1336 1181/1350 1180/1349
f 2064/2507 2062/2505 2063/2506
f 2210/2719 2208/2717 197/222
f 612/652 712/753 718/759
f 1432/1654 1433/1656 1431/1653
f 1431/1653 1433/1656 1549/1793
f 515/555 514/554 516/556
f 308/348 309/349 304/344
f 398/438 420/460 419/459
f 712/753 737/779 750/802
f 1180/1349 1181/1350 1195/1364
f 514/554 488/528 489/529
f 306/346 304/344 305/345
f 419/459 560/600 558/598
f 2208/2717 195/218 197/222
f 1142/1311 1160/1329 1167/1336
f 1167/1336 1160/1329 1181/1350
f 317/357 309/349 308/348
f 306/346 305/345 343/383
f 343/383 349/389 348/388
f 348/388 349/389 368/408
f 420/460 560/600 419/459
f 1707/2019 1433/1656 1432/1654
f 1549/1794 809/895 811/897
f 489/529 488/528 449/489
f 1287/1476 1269/1450 1270/1451
f 1270/1451 1269/1450 1248/1422
f 1211/1382 1236/1410 1255/1430
f 2063/2506 896/1027 2084/2531
f 305/345 350/390 343/383
f 560/600 588/628 558/598
f 558/598 588/628 612/652
f 1195/1364 1203/1372 1211/1382
f 1211/1382 1203/1372 1236/1410
f 349/389 367/407 368/408
f 588/628 613/653 612/652
f 612/652 613/653 712/753
f 2062/2505 2061/2504 2063/2506
f 2063/2506 2061/2504 896/1027
f 343/383 350/390 349/389
f 1707/2019 1435/1658 1434/1657
f 1707/2019 1434/1657 1433/1656
f 1269/1450 1247/1421 1248/1422
f 1248/1422 1247/1421 1227/1400
f 2062/2505 192/214 2061/2504
f 368/408 367/407 397/437
f 368/408 397/437 398/438
f 633/673 533/573 515/555
f 317/357 310/350 309/349
f 304/344 303/343 305/345
f 305/345 303/343 350/390
f 1195/1364 1181/1350 1203/1372
f 635/675 533/573 633/673
f 192/214 2141/2619 2060/2503
f 192/214 2060/2503 2061/2504
f 2060/2503 2059/2502 2061/2504
f 2061/2504 2059/2502 896/1027
f 309/349 310/350 304/344
f 1433/1656 1479/1714 1549/1793
f 1549/1794 1479/1713 809/895
f 737/779 1288/1477 750/802
f 515/555 513/553 514/554
f 750/803 1288/1478 1269/1450
f 750/803 1269/1450 1287/1476
f 1262/1442 1236/1410 1259/1436
f 699/740 695/736 635/675
f 2141/2619 2058/2501 2060/2503
f 2060/2503 2058/2501 2059/2502
f 302/342 303/343 304/344
f 397/437 420/460 398/438
f 420/460 561/601 560/600
f 560/600 561/601 588/628
f 2208/2717 2205/2714 2214/2725
f 2208/2717 2214/2725 195/218
f 1138/1307 1139/1308 1142/1311
f 1142/1311 1139/1308 1160/1329
f 449/489 318/358 317/357
f 310/350 302/342 304/344
f 1160/1329 1182/1351 1181/1350
f 1086/1241 1102/1264 747/798
f 1086/1241 747/798 1099/1258
f 1099/1259 747/797 699/740
f 2141/2619 179/187 2058/2501
f 514/554 513/553 488/528
f 487/527 450/490 488/528
f 488/528 450/490 449/489
f 349/389 351/391 367/407
f 367/407 366/406 397/437
f 1227/1400 1137/1306 1145/1314
f 1145/1314 1137/1306 1136/1305
f 1181/1350 1182/1351 1203/1372
f 635/675 649/689 533/573
f 2059/2502 2086/2533 896/1027
f 449/489 450/490 318/358
f 350/390 351/391 349/389
f 1136/1305 1137/1306 1138/1307
f 695/736 649/689 635/675
f 317/357 318/358 310/350
f 1247/1421 1228/1401 1227/1400
f 1227/1400 1228/1401 1137/1306
f 1137/1306 1139/1308 1138/1307
f 351/391 366/406 367/407
f 397/437 422/462 420/460
f 737/779 1289/1480 1288/1477
f 747/797 695/736 699/740
f 179/187 2056/2499 2058/2501
f 2058/2501 2056/2499 2057/2500
f 2058/2501 2057/2500 2059/2502
f 2059/2502 2057/2500 2086/2533
f 515/555 533/573 513/553
f 513/553 487/527 488/528
f 303/343 352/392 350/390
f 352/392 351/391 350/390
f 2205/2714 2203/2712 2214/2725
f 1435/1658 1436/1661 1434/1657
f 737/779 713/754 1289/1480
f 1288/1478 1289/1479 1269/1450
f 420/460 422/462 561/601
f 588/628 614/654 613/653
f 613/653 713/754 712/753
f 712/753 713/754 737/779
f 613/653 614/654 713/754
f 1269/1450 1271/1452 1247/1421
f 318/358 311/351 310/350
f 588/628 589/629 614/654
f 1102/1264 748/800 747/798
f 450/490 319/359 318/358
f 311/351 301/341 302/342
f 310/350 311/351 302/342
f 303/343 300/340 352/392
f 561/601 589/629 588/628
f 1436/1661 1437/1662 1434/1657
f 1437/1662 1438/1664 1433/1656
f 1434/1657 1437/1662 1433/1656
f 1433/1656 1438/1664 1479/1714
f 1289/1479 1290/1481 1269/1450
f 1269/1450 1290/1481 1271/1452
f 695/736 648/688 649/689
f 2203/2712 2218/2730 2214/2725
f 747/797 748/799 695/736
f 533/573 531/571 513/553
f 302/342 300/340 303/343
f 366/406 369/409 397/437
f 1271/1452 1246/1420 1247/1421
f 1247/1421 1246/1420 1228/1401
f 1228/1401 1188/1357 1137/1306
f 1137/1306 1135/1304 1139/1308
f 179/187 2150/2637 2055/2498
f 179/187 2055/2498 2056/2499
f 531/571 512/552 513/553
f 302/342 301/341 300/340
f 351/391 353/393 366/406
f 366/406 353/393 369/409
f 397/437 396/436 422/462
f 1704/2014 1437/1663 1436/1660
f 1182/1351 1202/1371 1203/1372
f 1203/1372 1202/1371 1236/1410
f 1086/1241 1088/1243 1102/1264
f 649/689 648/688 533/573
f 2056/2499 2055/2498 2053/2495
f 2056/2499 2053/2495 2057/2500
f 2057/2500 2053/2495 2086/2533
f 352/392 353/393 351/391
f 369/409 396/436 397/437
f 1638/1926 1636/1924 1637/1925
f 2053/2495 2088/2538 2086/2533
f 2203/2712 2200/2709 2218/2730
f 1137/1306 1188/1357 1135/1304
f 1135/1304 1122/1291 1139/1308
f 1160/1329 1183/1352 1182/1351
f 648/688 531/571 533/573
f 487/527 486/526 450/490
f 450/490 451/491 319/359
f 318/358 319/359 311/351
f 561/601 562/602 589/629
f 1289/1479 764/827 1290/1481
f 1202/1371 1233/1406 1236/1410
f 1236/1410 1233/1406 1259/1436
f 1139/1308 1122/1291 1160/1329
f 513/553 512/552 487/527
f 486/526 451/491 450/490
f 422/462 423/463 561/601
f 561/601 423/463 562/602
f 614/654 615/655 713/754
f 748/799 696/737 695/736
f 2150/2637 2054/2496 2055/2498
f 2055/2498 2054/2496 2053/2495
f 589/629 615/655 614/654
f 713/754 714/755 764/826
f 713/754 764/826 1289/1480
f 1122/1291 1159/1328 1160/1329
f 1160/1329 1159/1328 1183/1352
f 1102/1264 1088/1243 748/800
f 695/736 696/737 648/688
f 512/552 486/526 487/527
f 615/655 714/755 713/754
f 1704/2014 1439/1665 1437/1663
f 1233/1406 1736/2056 1259/1436
f 319/359 291/331 311/351
f 352/392 354/394 353/393
f 1182/1351 1183/1352 1202/1371
f 311/351 291/331 301/341
f 301/341 291/331 300/340
f 300/340 354/394 352/392
f 369/409 399/439 396/436
f 396/436 423/463 422/462
f 748/799 754/810 696/737
f 1437/1662 1439/1666 1438/1664
f 1438/1664 854/971 1479/1714
f 1479/1713 854/972 809/895
f 1704/2014 1703/2013 1439/1665
f 1246/1420 1223/1396 1228/1401
f 1228/1401 1223/1396 1188/1357
f 2053/2495 2087/2536 2088/2538
f 451/491 452/492 319/359
f 353/393 370/410 369/409
f 589/629 562/602 615/655
f 2202/2711 2206/2715 2200/2709
f 1223/1396 1135/1304 1188/1357
f 531/571 648/688 532/572
f 353/393 354/394 370/410
f 370/410 399/439 369/409
f 2206/2715 2220/2733 2200/2709
f 854/972 806/892 809/895
f 2080/2525 2052/2494 2054/2496
f 300/340 291/331 299/339
f 396/436 399/439 423/463
f 764/827 1291/1482 1290/1481
f 1088/1243 754/811 748/800
f 696/737 650/690 648/688
f 2052/2494 2051/2493 2053/2495
f 2053/2495 2051/2493 2087/2536
f 300/340 299/339 354/394
f 714/755 715/756 1291/1483
f 714/755 1291/1483 764/826
f 531/571 532/572 512/552
f 512/552 482/522 486/526
f 486/526 452/492 451/491
f 512/552 499/539 482/522
f 370/410 400/440 399/439
f 1135/1304 1120/1289 1122/1291
f 754/810 710/751 696/737
f 2052/2494 2050/2492 2051/2493
f 486/526 482/522 452/492
f 2206/2715 2221/2734 2220/2733
f 562/602 616/656 615/655
f 1439/1666 1440/1667 1438/1664
f 1223/1396 1124/1293 1135/1304
f 1135/1304 1124/1293 1120/1289
f 1159/1328 1184/1353 1183/1352
f 32/32 2143/2623 2080/2524
f 423/463 557/597 562/602
f 615/655 715/756 714/755
f 1246/1420 1224/1397 1223/1396
f 1223/1396 1224/1397 1124/1293
f 1183/1352 1201/1370 1202/1371
f 1202/1371 1201/1370 1233/1406
f 696/737 710/751 650/690
f 320/360 289/329 319/359
f 298/338 354/394 299/339
f 400/440 424/464 423/463
f 399/439 400/440 423/463
f 615/655 616/656 715/756
f 1703/2013 1440/1668 1439/1665
f 1291/1482 1272/1453 1290/1481
f 1290/1481 1272/1453 1271/1452
f 1271/1452 1272/1453 1246/1420
f 1122/1291 1121/1290 1159/1328
f 1159/1328 1121/1290 1184/1353
f 2143/2622 2050/2492 2080/2525
f 532/572 501/541 512/552
f 512/552 501/541 499/539
f 452/492 320/360 319/359
f 291/331 298/338 299/339
f 298/338 342/382 354/394
f 354/394 342/382 355/395
f 424/464 557/597 423/463
f 557/597 563/603 562/602
f 1272/1453 1245/1419 1246/1420
f 1246/1420 1245/1419 1224/1397
f 1183/1352 1184/1353 1201/1370
f 754/810 1103/1265 710/751
f 648/688 650/690 532/572
f 289/329 290/330 291/331
f 354/394 355/395 370/410
f 2307/2850 2230/2743 2221/2734
f 2143/2622 2049/2491 2050/2492
f 2050/2492 2049/2491 2048/2490
f 2050/2492 2048/2490 2051/2493
f 2051/2493 2048/2490 2087/2536
f 715/756 762/823 1291/1483
f 1703/2013 1702/2012 1440/1668
f 1089/1244 1083/1238 1103/1266
f 2143/2622 2149/2635 2049/2491
f 291/331 290/330 298/338
f 1440/1667 1441/1669 1438/1664
f 1438/1664 1441/1669 854/971
f 1702/2011 1446/1674 1440/1667
f 563/603 590/630 562/602
f 1122/1291 1120/1289 1121/1290
f 562/602 590/630 616/656
f 1233/1406 1260/1437 1736/2056
f 452/492 453/493 320/360
f 290/330 297/337 298/338
f 2048/2490 891/1018 2087/2536
f 355/395 371/411 370/410
f 370/410 371/411 400/440
f 1440/1667 1446/1674 1441/1669
f 2047/2489 2045/2487 2048/2490
f 2048/2490 2045/2487 891/1018
f 453/493 321/361 320/360
f 298/338 297/337 342/382
f 424/464 425/465 557/597
f 1702/2011 1445/1673 1446/1674
f 2149/2635 2117/2580 2049/2491
f 320/360 321/361 289/329
f 1446/1674 1445/1673 1441/1669
f 1291/1482 1273/1454 1272/1453
f 1201/1370 1232/1405 1233/1406
f 1233/1406 1232/1405 1260/1437
f 709/750 651/691 650/690
f 710/751 709/750 650/690
f 2149/2634 154/158 2117/2581
f 482/522 453/493 452/492
f 290/330 296/336 297/337
f 371/411 401/441 400/440
f 590/630 617/657 616/656
f 1120/1289 1114/1283 1121/1290
f 755/813 709/750 710/751
f 1103/1265 755/813 710/751
f 650/690 651/691 501/541
f 2047/2489 2046/2488 2045/2487
f 289/329 292/332 290/330
f 355/395 356/396 371/411
f 400/440 401/441 424/464
f 321/361 292/332 289/329
f 297/337 340/380 342/382
f 342/382 340/380 355/395
f 2223/2736 2224/2737 2222/2735
f 1702/2011 1700/2008 1442/1670
f 1702/2011 1442/1670 1445/1673
f 1245/1419 1222/1395 1224/1397
f 1224/1397 1222/1395 1124/1293
f 1184/1353 1197/1366 1201/1370
f 1201/1370 1197/1366 1232/1405
f 483/523 453/493 482/522
f 355/395 340/380 356/396
f 424/464 401/441 425/465
f 2223/2736 2225/2738 2224/2737
f 1121/1290 1179/1348 1184/1353
f 616/656 617/657 715/756
f 1442/1670 1444/1672 1441/1669
f 1445/1673 1442/1670 1441/1669
f 1441/1669 1444/1672 854/971
f 1272/1453 1273/1454 1245/1419
f 1222/1395 1123/1292 1124/1293
f 1123/1292 1115/1284 1120/1289
f 1124/1293 1123/1292 1120/1289
f 482/522 499/539 483/523
f 292/332 293/333 290/330
f 356/396 372/412 371/411
f 371/411 372/412 401/441
f 1184/1353 1179/1348 1197/1366
f 290/330 293/333 296/336
f 1273/1454 1244/1418 1245/1419
f 1245/1419 1244/1418 1222/1395
f 1232/1405 1699/2007 1260/1437
f 154/158 168/172 2117/2581
f 501/541 500/540 499/539
f 762/823 1281/1466 1291/1483
f 1291/1482 1281/1467 1273/1454
f 1115/1284 1114/1283 1120/1289
f 296/336 293/333 295/335
f 1442/1670 1443/1671 1444/1672
f 1444/1672 1481/1717 854/971
f 1481/1716 789/869 806/892
f 854/972 1481/1716 806/892
f 1114/1283 1113/1282 1121/1290
f 1121/1290 1113/1282 1179/1348
f 2046/2488 2043/2485 2045/2487
f 500/540 483/523 499/539
f 453/493 454/494 321/361
f 321/361 322/362 292/332
f 297/337 296/336 340/380
f 962/1099 914/1051 961/1098
f 755/813 706/747 709/750
f 340/380 357/397 356/396
f 356/396 373/413 372/412
f 401/441 402/442 425/465
f 617/657 716/757 715/756
f 715/756 716/757 762/823
f 2046/2488 2042/2484 2043/2485
f 2043/2485 2044/2486 2045/2487
f 2045/2487 2044/2486 891/1018
f 501/541 528/568 502/542
f 501/541 502/542 500/540
f 762/823 716/757 1281/1466
f 1600/1878 1592/1867 1044/1185
f 483/523 454/494 453/493
f 296/336 295/335 340/380
f 356/396 357/397 373/413
f 372/412 402/442 401/441
f 557/597 564/604 563/603
f 563/603 564/604 590/630
f 2225/2738 2226/2739 2224/2737
f 1569/1829 1443/1671 1442/1670
f 1700/2008 1569/1829 1442/1670
f 321/361 454/494 322/362
f 322/362 312/352 292/332
f 292/332 294/334 293/333
f 340/380 295/335 341/381
f 372/412 373/413 402/442
f 2225/2738 2227/2740 2226/2739
f 1600/1878 1598/1874 1592/1867
f 292/332 312/352 294/334
f 293/333 294/334 295/335
f 340/380 341/381 357/397
f 425/465 551/591 557/597
f 557/597 551/591 564/604
f 1281/1467 1275/1456 1273/1454
f 1273/1454 1275/1456 1244/1418
f 1115/1284 1110/1279 1114/1283
f 1114/1283 1110/1279 1113/1282
f 709/750 706/747 651/691
f 590/630 564/604 617/657
f 1597/1873 1591/1866 1592/1867
f 1084/1239 1104/1267 755/812
f 706/747 652/692 651/691
f 168/172 161/165 2158/2653
f 617/657 717/758 716/757
f 716/757 717/758 1281/1466
f 1123/1292 1119/1288 1115/1284
f 755/813 1104/1268 706/747
f 402/442 403/443 425/465
f 1244/1418 1221/1394 1222/1395
f 1222/1395 1221/1394 1125/1294
f 1222/1395 1125/1294 1123/1292
f 1123/1292 1125/1294 1119/1288
f 1174/1343 1198/1367 1197/1366
f 1179/1348 1174/1343 1197/1366
f 1197/1366 1198/1367 1232/1405
f 1232/1405 1695/2000 1699/2007
f 652/692 528/568 651/691
f 373/413 374/414 402/442
f 564/604 618/658 617/657
f 2227/2740 2228/2741 2226/2739
f 1275/1456 1243/1417 1244/1418
f 1244/1418 1243/1417 1221/1394
f 1113/1282 1174/1343 1179/1348
f 2044/2486 2097/2550 891/1018
f 341/381 251/291 357/397
f 357/397 251/291 373/413
f 373/413 251/291 374/414
f 374/414 395/435 402/442
f 402/442 395/435 403/443
f 425/465 429/469 551/591
f 2227/2740 2229/2742 2228/2741
f 1115/1284 1119/1288 1110/1279
f 1104/1268 707/748 706/747
f 2043/2485 2042/2484 2038/2480
f 2043/2485 2038/2480 2044/2486
f 2044/2486 2038/2480 2097/2550
f 483/523 484/524 454/494
f 403/443 429/469 425/465
f 1569/1829 1447/1675 1443/1671
f 1110/1279 1112/1281 1113/1282
f 1113/1282 1112/1281 1174/1343
f 312/352 313/353 294/334
f 294/334 283/323 295/335
f 295/335 245/285 341/381
f 2258/2780 2228/2741 2229/2742
f 1447/1675 1444/1672 1443/1671
f 484/524 455/495 454/494
f 454/494 323/363 322/362
f 313/353 283/323 294/334
f 283/323 245/285 295/335
f 245/285 244/284 341/381
f 341/381 244/284 251/291
f 1569/1829 1567/1825 1447/1675
f 1198/1367 1234/1407 1232/1405
f 1232/1405 1234/1407 1695/2000
f 2042/2484 2036/2478 2038/2480
f 502/542 484/524 483/523
f 500/540 502/542 483/523
f 323/363 313/353 322/362
f 322/362 313/353 312/352
f 617/657 618/658 717/758
f 706/747 707/748 652/692
f 528/568 527/567 502/542
f 1174/1343 1173/1342 1198/1367
f 1589/1864 1588/1862 1590/1865
f 454/494 455/495 323/363
f 484/524 485/525 455/495
f 720/761 1282/1468 717/758
f 717/758 1282/1468 1281/1466
f 652/692 527/567 528/568
f 1281/1467 1282/1469 1275/1456
f 2036/2478 2037/2479 2038/2480
f 251/291 375/415 374/414
f 1234/1407 1261/1439 1695/2000
f 1104/1267 1080/1235 1105/1270
f 2038/2480 2098/2552 2097/2550
f 1481/1716 787/866 789/869
f 455/495 325/365 323/363
f 323/363 324/364 313/353
f 283/323 313/353 282/322
f 245/285 242/282 244/284
f 403/443 430/470 429/469
f 1444/1672 1448/1676 1481/1717
f 1560/1812 1449/1677 1447/1675
f 1567/1825 1560/1812 1447/1675
f 707/748 647/687 652/692
f 242/282 243/283 244/284
f 618/658 720/761 717/758
f 1447/1675 1448/1676 1444/1672
f 1275/1456 1242/1416 1243/1417
f 1243/1417 1242/1416 1215/1388
f 1243/1417 1215/1388 1221/1394
f 1221/1394 1215/1388 1125/1294
f 1125/1294 1116/1285 1119/1288
f 1119/1288 1111/1280 1110/1279
f 1110/1279 1111/1280 1112/1281
f 1112/1281 1111/1280 1174/1343
f 2037/2479 2039/2481 2038/2480
f 2038/2480 2039/2481 2098/2552
f 502/542 503/543 484/524
f 313/353 324/364 282/322
f 244/284 243/283 251/291
f 251/291 250/290 375/415
f 374/414 375/415 395/435
f 395/435 404/444 403/443
f 403/443 404/444 430/470
f 429/469 552/592 551/591
f 551/591 552/592 564/604
f 1447/1675 1449/1677 1448/1676
f 1275/1456 1274/1455 1242/1416
f 1173/1342 1199/1368 1198/1367
f 1198/1367 1199/1368 1234/1407
f 1111/1280 1173/1342 1174/1343
f 1104/1268 708/749 707/748
f 527/567 503/543 502/542
f 283/323 242/282 245/285
f 243/283 250/290 251/291
f 429/469 430/470 552/592
f 564/604 619/659 618/658
f 618/658 619/659 720/761
f 720/761 765/828 1282/1468
f 283/323 282/322 242/282
f 1104/1268 1105/1269 708/749
f 652/692 647/687 527/567
f 1282/1469 1283/1470 1275/1456
f 1275/1456 1283/1470 1274/1455
f 1119/1288 1116/1285 1111/1280
f 325/365 324/364 323/363
f 375/415 376/416 395/435
f 1448/1676 1555/1803 1481/1717
f 1481/1717 1555/1803 787/867
f 2037/2479 2040/2482 2039/2481
f 324/364 281/321 282/322
f 395/435 376/416 404/444
f 552/592 583/623 564/604
f 1215/1388 1126/1295 1125/1294
f 1125/1294 1126/1295 1116/1285
f 1199/1368 1705/2015 1234/1407
f 1234/1407 1705/2015 1261/1439
f 484/524 492/532 485/525
f 707/748 708/749 647/687
f 282/322 281/321 242/282
f 376/416 405/445 404/444
f 564/604 583/623 619/659
f 720/761 719/760 765/828
f 503/543 492/532 484/524
f 1173/1342 1172/1341 1199/1368
f 1045/1187 1580/1851 1074/1224
f 2040/2482 2041/2483 2039/2481
f 2039/2481 2041/2483 2098/2552
f 325/365 326/366 324/364
f 250/290 376/416 375/415
f 1111/1280 1118/1287 1172/1341
f 1111/1280 1172/1341 1173/1342
f 243/283 248/288 250/290
f 250/290 248/288 249/289
f 1574/1839 1478/1712 1560/1812
f 1560/1812 1478/1712 1449/1677
f 1705/2015 1692/1995 1261/1439
f 1116/1285 1118/1287 1111/1280
f 1105/1269 756/814 708/749
f 647/687 530/570 527/567
f 455/495 326/366 325/365
f 242/282 248/288 243/283
f 1448/1676 1451/1679 1555/1803
f 765/828 772/841 1282/1468
f 1449/1677 1450/1678 1448/1676
f 1448/1676 1450/1678 1451/1679
f 1580/1851 1581/1852 1074/1224
f 196/220 2041/2483 2040/2482
f 492/532 456/496 485/525
f 324/364 327/367 281/321
f 242/282 274/314 248/288
f 250/290 249/289 376/416
f 619/659 719/760 720/761
f 527/567 530/570 503/543
f 485/525 456/496 455/495
f 326/366 327/367 324/364
f 1282/1469 772/842 1283/1470
f 455/495 456/496 326/366
f 242/282 281/321 274/314
f 552/592 584/624 583/623
f 647/687 646/686 530/570
f 404/444 431/471 430/470
f 1478/1712 1450/1678 1449/1677
f 1172/1341 1200/1369 1199/1368
f 1199/1368 1200/1369 1705/2015
f 708/749 646/686 647/687
f 326/366 328/368 327/367
f 405/445 406/446 404/444
f 719/760 726/767 765/828
f 756/814 711/752 708/749
f 708/749 711/752 646/686
f 456/496 328/368 326/366
f 328/368 329/369 327/367
f 327/367 280/320 281/321
f 583/623 620/660 619/659
f 619/659 620/660 719/760
f 726/767 772/841 765/828
f 1574/1839 1689/1992 1478/1712
f 196/220 2099/2553 2041/2483
f 2041/2483 2099/2553 2098/2552
f 327/367 329/369 280/320
f 281/321 280/320 274/314
f 274/314 273/313 246/286
f 274/314 246/286 248/288
f 404/444 406/446 431/471
f 583/623 584/624 620/660
f 1274/1455 1241/1415 1242/1416
f 1242/1416 1241/1415 1215/1388
f 1116/1285 1117/1286 1118/1287
f 1081/1236 756/815 1105/1270
f 530/570 511/551 503/543
f 503/543 511/551 504/544
f 376/416 377/417 405/445
f 405/445 377/417 406/446
f 430/470 431/471 552/592
f 1241/1415 1214/1387 1215/1388
f 1215/1388 1214/1387 1126/1295
f 1116/1285 1127/1296 1117/1286
f 196/220 2100/2554 2099/2553
f 2099/2553 892/1019 2098/2552
f 246/286 247/287 248/288
f 248/288 247/287 249/289
f 620/660 726/767 719/760
f 1478/1712 1452/1680 1450/1678
f 1581/1852 1582/1853 1074/1224
f 646/686 645/685 530/570
f 503/543 504/544 492/532
f 249/289 377/417 376/416
f 1214/1387 1127/1296 1126/1295
f 1126/1295 1127/1296 1116/1285
f 1581/1852 1583/1855 1582/1853
f 456/496 330/370 328/368
f 280/320 273/313 274/314
f 1689/1992 1477/1711 1478/1712
f 1478/1712 1477/1711 1452/1680
f 1172/1341 1171/1340 1200/1369
f 1118/1287 1171/1340 1172/1341
f 249/289 247/287 377/417
f 328/368 330/370 329/369
f 1451/1679 851/966 1555/1803
f 1555/1804 851/965 784/863
f 1555/1804 784/863 787/866
f 1283/1470 1266/1446 1274/1455
f 1274/1455 1266/1446 1241/1415
f 1583/1855 1584/1856 1582/1853
f 456/496 457/497 330/370
f 431/471 553/593 552/592
f 2267/2793 2265/2789 821/913
f 2267/2793 2268/2794 2266/2791
f 2267/2793 2266/2791 2265/2789
f 1200/1369 1212/1383 1705/2015
f 1081/1236 1106/1271 756/815
f 756/814 757/816 711/752
f 492/532 479/519 456/496
f 329/369 279/319 280/320
f 280/320 279/319 273/313
f 137/140 2266/2791 2268/2794
f 1117/1286 1131/1300 1118/1287
f 1118/1287 1131/1300 1164/1333
f 1118/1287 1164/1333 1171/1340
f 246/286 252/292 247/287
f 584/624 621/661 620/660
f 1171/1340 1742/2066 1200/1369
f 1200/1369 1742/2066 1212/1383
f 431/471 432/472 553/593
f 726/767 761/822 772/841
f 1689/1992 1460/1688 1477/1711
f 1477/1711 1460/1688 1452/1680
f 772/841 761/822 771/839
f 2100/2554 2104/2560 2099/2553
f 2099/2553 2104/2560 893/1021
f 2099/2553 893/1021 892/1019
f 645/685 529/569 530/570
f 530/570 529/569 511/551
f 504/544 479/519 492/532
f 273/313 252/292 246/286
f 377/417 407/447 406/446
f 407/447 431/471 406/446
f 1452/1680 1453/1681 1451/1679
f 1451/1679 1453/1681 851/966
f 1689/1992 1578/1848 1460/1688
f 772/842 771/840 1283/1470
f 330/370 331/371 329/369
f 247/287 378/418 377/417
f 1214/1387 1186/1355 1127/1296
f 620/660 621/661 726/767
f 1186/1355 1128/1297 1127/1296
f 1128/1297 1130/1299 1117/1286
f 1127/1296 1128/1297 1117/1286
f 1117/1286 1130/1299 1131/1300
f 711/752 705/746 700/741
f 711/752 700/741 646/686
f 457/497 331/371 330/370
f 552/592 553/593 579/619
f 552/592 579/619 584/624
f 2287/2820 2285/2817 828/927
f 2287/2820 2288/2822 2286/2819
f 2287/2820 2286/2819 2285/2817
f 479/519 457/497 456/496
f 377/417 378/418 407/447
f 2306/2849 2286/2819 2288/2822
f 584/624 579/619 621/661
f 621/661 725/766 726/767
f 726/767 725/766 761/822
f 1266/1446 1240/1414 1241/1415
f 1241/1415 1240/1414 1214/1387
f 646/686 644/684 645/685
f 272/312 252/292 273/313
f 247/287 252/292 253/293
f 247/287 253/293 378/418
f 407/447 432/472 431/471
f 2100/2554 2105/2561 2104/2560
f 279/319 272/312 273/313
f 1460/1688 1459/1687 1452/1680
f 329/369 332/372 279/319
f 378/418 379/419 407/447
f 1578/1848 1579/1850 1460/1688
f 1460/1688 1462/1690 1459/1687
f 1171/1340 1177/1346 1742/2066
f 331/371 332/372 329/369
f 332/372 278/318 279/319
f 253/293 379/419 378/418
f 1240/1414 1220/1393 1214/1387
f 1214/1387 1220/1393 1186/1355
f 511/551 505/545 504/544
f 432/472 433/473 553/593
f 725/766 771/839 761/822
f 1579/1850 1462/1690 1460/1688
f 278/318 272/312 279/319
f 379/419 408/448 407/447
f 407/447 433/473 432/472
f 433/473 554/594 553/593
f 771/840 1284/1471 1283/1470
f 1283/1470 1284/1471 1266/1446
f 504/544 505/545 479/519
f 457/497 333/373 331/371
f 407/447 408/448 433/473
f 1579/1850 1463/1691 1462/1690
f 1220/1393 1128/1297 1186/1355
f 457/497 458/498 333/373
f 252/292 254/294 253/293
f 1459/1687 1457/1685 1453/1681
f 1453/1681 1457/1685 851/966
f 851/965 782/860 784/863
f 1090/1245 1094/1249 1106/1271
f 2105/2561 2101/2556 2104/2560
f 331/371 333/373 332/372
f 272/312 271/311 254/294
f 272/312 254/294 252/292
f 379/419 380/420 408/448
f 1459/1687 1458/1686 1457/1685
f 1164/1333 1177/1346 1171/1340
f 700/741 705/746 644/684
f 644/684 641/681 645/685
f 2104/2560 2120/2586 893/1021
f 253/293 380/420 379/419
f 725/766 770/838 771/839
f 1579/1849 1687/1989 1463/1692
f 1177/1346 1204/1373 1742/2066
f 1742/2066 1204/1373 1209/1379
f 553/593 580/620 579/619
f 621/661 622/662 725/766
f 1462/1690 1458/1686 1459/1687
f 529/569 510/550 511/551
f 511/551 510/550 505/545
f 278/318 271/311 272/312
f 554/594 555/595 553/593
f 553/593 555/595 580/620
f 1457/1685 850/963 851/966
f 851/965 850/964 782/860
f 2101/2556 2103/2559 2104/2560
f 2104/2560 2103/2559 2120/2586
f 1462/1690 1463/1691 1458/1686
f 1128/1297 1129/1298 1130/1299
f 510/550 506/546 505/545
f 458/498 335/375 333/373
f 579/619 622/662 621/661
f 757/816 759/820 705/746
f 505/545 480/520 479/519
f 622/662 724/765 725/766
f 1240/1414 1219/1392 1220/1393
f 1220/1393 1219/1392 1128/1297
f 271/311 255/295 254/294
f 724/765 770/838 725/766
f 1219/1392 1129/1298 1128/1297
f 1094/1249 759/819 1106/1271
f 644/684 643/683 641/681
f 332/372 334/374 278/318
f 1463/1691 1464/1693 1458/1686
f 850/964 798/879 782/860
f 1687/1989 1464/1694 1463/1692
f 1177/1346 1176/1345 1204/1373
f 505/545 506/546 480/520
f 278/318 270/310 271/311
f 255/295 256/296 253/293
f 254/294 255/295 253/293
f 1164/1333 1176/1345 1177/1346
f 705/746 704/745 644/684
f 479/519 480/520 457/497
f 333/373 334/374 332/372
f 278/318 277/317 270/310
f 253/293 256/296 380/420
f 771/840 770/837 1284/1471
f 1266/1446 1238/1412 1240/1414
f 1240/1414 1238/1412 1219/1392
f 704/745 643/683 644/684
f 641/681 510/550 529/569
f 334/374 277/317 278/318
f 271/311 270/310 255/295
f 433/473 434/474 555/595
f 433/473 555/595 554/594
f 1464/1693 1743/2068 1458/1686
f 1130/1299 1132/1301 1131/1300
f 1131/1300 1132/1301 1164/1333
f 2101/2556 2102/2558 2103/2559
f 2103/2559 2102/2558 2120/2586
f 256/296 381/421 380/420
f 380/420 381/421 408/448
f 408/448 381/421 409/449
f 1687/1989 1743/2069 1464/1694
f 770/837 1279/1463 1284/1471
f 1284/1471 1279/1463 1265/1445
f 1284/1471 1265/1445 1266/1446
f 1266/1446 1265/1445 1238/1412
f 2102/2558 2121/2589 2120/2586
f 480/520 459/499 457/497
f 457/497 459/499 458/498
f 408/448 409/449 433/473
f 579/619 580/620 622/662
f 770/837 767/832 1279/1463
f 458/498 459/499 335/375
f 1687/1989 1686/1988 1743/2069
f 1132/1301 1165/1334 1164/1333
f 1164/1333 1165/1334 1176/1345
f 759/820 704/745 705/746
f 2101/2556 2106/2563 2102/2558
f 409/449 434/474 433/473
f 333/373 335/375 334/374
f 724/765 723/764 770/838
f 1129/1298 1132/1301 1130/1299
f 580/620 623/663 622/662
f 1743/2068 1454/1682 1458/1686
f 1454/1682 1456/1684 1457/1685
f 1458/1686 1454/1682 1457/1685
f 1457/1685 1456/1684 850/963
f 1129/1298 1133/1302 1132/1301
f 1238/1412 1218/1391 1219/1392
f 1219/1392 1218/1391 1129/1298
f 2106/2563 2107/2565 2102/2558
f 2102/2558 2107/2565 2121/2589
f 334/374 337/377 277/317
f 622/662 623/663 724/765
f 723/764 767/831 770/838
f 1686/1988 1684/1985 1743/2069
f 1218/1391 1133/1302 1129/1298
f 510/550 509/549 506/546
f 459/499 336/376 335/375
f 270/310 257/297 255/295
f 555/595 550/590 580/620
f 580/620 581/621 623/663
f 623/663 723/764 724/765
f 1743/2068 1684/1986 1454/1682
f 1176/1345 1192/1361 1204/1373
f 2146/2628 199/226 2106/2563
f 2106/2563 199/226 2107/2565
f 335/375 336/376 334/374
f 257/297 258/298 256/296
f 255/295 257/297 256/296
f 1204/1373 1208/1377 1209/1379
f 1091/1246 758/818 759/819
f 704/745 642/682 643/683
f 2146/2628 187/204 199/226
f 256/296 258/298 381/421
f 258/298 382/422 381/421
f 382/422 410/450 409/449
f 381/421 382/422 409/449
f 410/450 434/474 409/449
f 550/590 581/621 580/620
f 1192/1361 1208/1377 1204/1373
f 758/817 703/744 704/745
f 759/820 758/817 704/745
f 643/683 642/682 641/681
f 480/520 460/500 459/499
f 269/309 257/297 270/310
f 723/764 1280/1464 767/831
f 640/680 509/549 510/550
f 506/546 507/547 480/520
f 277/317 269/309 270/310
f 1468/1701 1455/1683 1454/1682
f 1684/1986 1468/1701 1454/1682
f 1454/1682 1455/1683 1456/1684
f 767/832 1280/1465 1279/1463
f 187/203 174/179 199/227
f 480/520 481/521 460/500
f 459/499 460/500 336/376
f 704/745 703/744 642/682
f 509/549 507/547 506/546
f 334/374 336/376 337/377
f 337/377 276/316 277/317
f 434/474 435/475 550/590
f 434/474 550/590 555/595
f 1456/1684 852/968 850/963
f 850/964 852/967 798/879
f 1132/1301 1153/1322 1165/1334
f 642/682 640/680 641/681
f 507/547 481/521 480/520
f 623/663 722/763 723/764
f 1176/1345 1166/1335 1192/1361
f 1133/1302 1134/1303 1132/1301
f 2107/2565 2118/2583 2121/2589
f 277/317 276/316 269/309
f 1218/1391 1147/1316 1133/1302
f 1133/1302 1147/1316 1134/1303
f 1132/1301 1134/1303 1153/1322
f 1165/1334 1166/1335 1176/1345
f 199/226 2108/2567 2107/2565
f 410/450 435/475 434/474
f 1468/1701 1465/1696 1455/1683
f 1468/1700 1682/1983 1465/1695
f 257/297 259/299 258/298
f 723/764 722/763 1280/1464
f 1238/1412 1217/1390 1218/1391
f 1218/1391 1217/1390 1147/1316
f 258/298 383/423 382/422
f 382/422 383/423 411/451
f 382/422 411/451 410/450
f 410/450 411/451 435/475
f 1465/1696 1461/1689 1455/1683
f 722/763 766/829 1280/1464
f 1279/1463 1264/1444 1265/1445
f 1265/1445 1264/1444 1238/1412
f 1606/1885 1608/1887 1609/1888
f 269/309 268/308 257/297
f 1461/1689 1472/1705 1456/1684
f 1455/1683 1461/1689 1456/1684
f 1456/1684 1472/1705 852/968
f 852/967 796/876 798/879
f 1280/1465 766/830 1279/1463
f 1192/1361 1205/1374 1208/1377
f 1208/1377 1205/1374 1744/2070
f 703/744 702/743 642/682
f 337/377 338/378 276/316
f 550/590 582/622 581/621
f 581/621 582/622 623/663
f 336/376 338/378 337/377
f 276/316 268/308 269/309
f 268/308 259/299 257/297
f 2108/2567 2109/2568 2107/2565
f 2107/2565 2109/2568 2118/2583
f 338/378 275/315 276/316
f 259/299 383/423 258/298
f 383/423 392/432 411/451
f 1465/1696 1466/1698 1461/1689
f 1166/1335 1191/1360 1192/1361
f 1192/1361 1191/1360 1205/1374
f 1107/1273 702/743 703/744
f 758/817 1107/1273 703/744
f 623/663 624/664 722/763
f 1092/1247 1107/1274 758/818
f 507/547 508/548 481/521
f 550/590 548/588 582/622
f 766/830 1264/1444 1279/1463
f 1264/1444 1237/1411 1238/1412
f 1238/1412 1237/1411 1217/1390
f 1134/1303 1154/1323 1153/1322
f 1153/1322 1154/1323 1166/1335
f 1153/1322 1166/1335 1165/1334
f 509/549 508/548 507/547
f 275/315 268/308 276/316
f 268/308 260/300 259/299
f 624/664 721/762 722/763
f 722/763 721/762 766/829
f 481/521 477/517 460/500
f 460/500 477/517 461/501
f 460/500 286/326 336/376
f 582/622 624/664 623/663
f 1466/1698 1467/1699 1461/1689
f 1147/1316 1149/1318 1134/1303
f 508/548 477/517 481/521
f 336/376 286/326 338/378
f 411/451 392/432 435/475
f 1461/1689 1467/1699 1472/1705
f 1149/1318 1154/1323 1134/1303
f 640/680 526/566 509/549
f 509/549 526/566 508/548
f 460/500 461/501 286/326
f 383/423 363/403 392/432
f 435/475 428/468 550/590
f 550/590 428/468 548/588
f 702/743 637/677 642/682
f 642/682 637/677 526/566
f 642/682 526/566 640/680
f 285/325 275/315 338/378
f 260/300 363/403 383/423
f 435/475 392/432 428/468
f 259/299 260/300 383/423
f 1472/1705 853/969 852/968
f 852/967 853/970 796/876
f 189/208 2110/2569 2108/2567
f 2108/2567 2110/2569 2109/2568
f 286/326 285/325 338/378
f 268/308 267/307 260/300
f 1466/1698 1680/1980 1467/1699
f 1154/1323 1162/1331 1166/1335
f 1166/1335 1162/1331 1170/1339
f 1166/1335 1170/1339 1191/1360
f 508/548 517/557 477/517
f 477/517 478/518 461/501
f 275/315 267/307 268/308
f 637/677 605/645 526/566
f 2109/2568 894/1024 2118/2583
f 260/300 262/302 363/403
f 548/588 549/589 582/622
f 853/970 793/873 796/876
f 721/762 768/834 766/829
f 2110/2569 2112/2572 2109/2568
f 2109/2568 2112/2572 894/1024
f 363/403 393/433 392/432
f 392/432 393/433 428/468
f 1467/1699 1471/1704 1472/1705
f 1472/1705 1471/1704 853/969
f 766/830 768/833 1264/1444
f 1170/1339 1193/1362 1191/1360
f 1191/1360 1193/1362 1205/1374
f 461/501 463/503 286/326
f 284/324 285/325 286/326
f 262/302 364/404 363/403
f 363/403 364/404 393/433
f 582/622 549/589 624/664
f 1264/1444 1263/1443 1237/1411
f 1193/1362 1206/1375 1205/1374
f 1205/1374 1206/1375 1744/2070
f 189/208 190/210 2110/2569
f 517/557 478/518 477/517
f 463/503 284/324 286/326
f 428/468 393/433 426/466
f 428/468 426/466 548/588
f 1237/1411 1216/1389 1217/1390
f 1217/1390 1216/1389 1147/1316
f 1107/1273 701/742 702/743
f 702/743 701/742 637/677
f 190/210 2111/2571 2110/2569
f 2110/2569 2111/2571 2112/2572
f 526/566 518/558 508/548
f 260/300 261/301 262/302
f 1147/1316 1148/1317 1149/1318
f 701/742 606/646 637/677
f 606/646 605/645 637/677
f 508/548 518/558 517/557
f 478/518 463/503 461/501
f 267/307 261/301 260/300
f 548/588 547/587 549/589
f 768/833 1263/1443 1264/1444
f 284/324 287/327 285/325
f 285/325 287/327 275/315
f 267/307 266/306 261/301
f 426/466 547/587 548/588
f 624/664 693/734 721/762
f 721/762 693/734 768/834
f 267/307 275/315 266/306
f 549/589 610/650 624/664
f 693/734 763/825 768/834
f 517/557 519/559 478/518
f 463/503 464/504 284/324
f 287/327 339/379 275/315
f 275/315 339/379 266/306
f 763/824 1263/1443 768/833
f 1107/1273 1108/1275 701/742
f 190/209 172/177 2111/2570
f 478/518 475/515 463/503
f 610/650 655/695 624/664
f 624/664 655/695 693/734
f 518/558 519/559 517/557
f 284/324 288/328 287/327
f 261/301 263/303 262/302
f 262/302 263/303 364/404
f 263/303 365/405 364/404
f 393/433 394/434 426/466
f 549/589 547/587 610/650
f 1149/1318 1150/1319 1154/1323
f 1154/1323 1150/1319 1162/1331
f 605/645 519/559 518/558
f 475/515 464/504 463/503
f 266/306 263/303 261/301
f 364/404 365/405 394/434
f 364/404 394/434 393/433
f 1263/1443 1251/1425 1237/1411
f 1237/1411 1251/1425 1216/1389
f 1216/1389 1148/1317 1147/1316
f 1148/1317 1150/1319 1149/1318
f 2112/2572 895/1026 894/1024
f 464/504 288/328 284/324
f 693/734 739/782 763/825
f 655/695 692/733 693/734
f 693/734 692/733 739/782
f 1467/1699 1469/1702 1471/1704
f 763/824 1251/1425 1263/1443
f 1206/1375 1745/2072 1744/2070
f 2111/2571 200/229 2112/2572
f 266/306 264/304 263/303
f 547/587 426/466 546/586
f 1553/1800 1552/1798 1680/1980
f 1680/1980 1469/1702 1467/1699
f 701/742 688/729 606/646
f 605/645 602/642 519/559
f 475/515 476/516 464/504
f 339/379 264/304 266/306
f 1108/1275 688/729 701/742
f 200/229 2113/2573 2112/2572
f 2112/2572 2113/2573 895/1026
f 697/738 688/729 1108/1275
f 264/304 265/305 263/303
f 365/405 384/424 394/434
f 426/466 394/434 427/467
f 547/587 599/639 610/650
f 1552/1798 1475/1709 1680/1980
f 1680/1980 1475/1709 1469/1702
f 1471/1704 849/961 853/969
f 853/970 849/962 793/873
f 1170/1339 1190/1359 1193/1362
f 1193/1362 1190/1359 1206/1375
f 519/559 476/516 475/515
f 476/516 467/507 464/504
f 464/504 467/507 362/402
f 464/504 362/402 288/328
f 287/327 361/401 339/379
f 361/401 264/304 339/379
f 263/303 265/305 365/405
f 265/305 384/424 365/405
f 602/642 520/560 519/559
f 362/402 361/401 287/327
f 288/328 362/402 287/327
f 384/424 427/467 394/434
f 426/466 427/467 546/586
f 546/586 567/607 547/587
f 547/587 567/607 599/639
f 849/962 794/874 793/873
f 688/729 603/643 606/646
f 606/646 603/643 602/642
f 519/559 520/560 476/516
f 610/650 599/639 655/695
f 1469/1702 1470/1703 1471/1704
f 1471/1704 1470/1703 849/961
f 1162/1331 1163/1332 1170/1339
f 1170/1339 1163/1332 1190/1359
f 467/507 473/513 362/402
f 265/305 264/304 387/427
f 763/824 769/835 1251/1425
f 1190/1359 1207/1376 1206/1375
f 1206/1375 1207/1376 1745/2072
f 602/642 603/643 520/560
f 2134/2607 182/194 200/229
f 495/535 473/513 476/516
f 473/513 416/456 362/402
f 362/402 416/456 361/401
f 361/401 386/426 264/304
f 264/304 386/426 387/427
f 265/305 413/453 384/424
f 427/467 438/478 546/586
f 599/639 630/670 655/695
f 655/695 630/670 692/733
f 739/782 769/836 763/825
f 1150/1319 1152/1321 1162/1331
f 1100/1261 697/738 1108/1275
f 182/194 2114/2574 200/229
f 200/229 2114/2574 2113/2573
f 520/560 495/535 476/516
f 361/401 416/456 415/455
f 361/401 415/455 386/426
f 265/305 387/427 413/453
f 413/453 437/477 384/424
f 384/424 437/477 427/467
f 427/467 437/477 438/478
f 438/478 567/607 546/586
f 692/733 630/670 727/768
f 692/733 727/768 739/782
f 1256/1432 1231/1404 1251/1425
f 1251/1425 1231/1404 1216/1389
f 1148/1317 1152/1321 1150/1319
f 739/782 727/768 769/836
f 769/835 1256/1432 1251/1425
f 1216/1389 1151/1320 1148/1317
f 697/738 603/643 688/729
f 883/1005 888/1012 882/1004
f 473/513 471/511 416/456
f 413/453 387/427 444/484
f 413/453 445/485 437/477
f 445/485 446/486 437/477
f 1552/1798 1678/1977 1475/1709
f 1216/1389 1231/1404 1151/1320
f 1148/1317 1151/1320 1152/1321
f 1152/1321 1163/1332 1162/1331
f 603/643 521/561 520/560
f 2114/2574 2115/2576 2113/2573
f 2113/2573 2115/2576 895/1026
f 520/560 521/561 495/535
f 495/535 496/536 473/513
f 416/456 466/506 415/455
f 415/455 466/506 386/426
f 436/476 444/484 387/427
f 444/484 445/485 413/453
f 446/486 447/487 437/477
f 437/477 447/487 438/478
f 447/487 568/608 567/607
f 438/478 447/487 567/607
f 567/607 600/640 599/639
f 1469/1702 1473/1706 1470/1703
f 769/835 751/804 1256/1432
f 603/643 604/644 521/561
f 2114/2574 178/186 2115/2576
f 182/193 177/184 2114/2575
f 521/561 496/536 495/535
f 496/536 474/514 473/513
f 473/513 474/514 471/511
f 416/456 471/511 466/506
f 466/506 436/476 386/426
f 386/426 436/476 387/427
f 567/607 568/608 600/640
f 1473/1706 1474/1707 1470/1703
f 1470/1703 1474/1707 849/961
f 727/768 751/805 769/836
f 697/738 675/715 603/643
f 603/643 675/715 604/644
f 178/186 2334/2900 2115/2576
f 599/639 600/640 630/670
f 1475/1709 1476/1710 1469/1702
f 1469/1702 1476/1710 1473/1706
f 675/715 670/710 604/644
f 888/1012 2453/3054 899/1033
f 2334/2900 2453/3053 2115/2576
f 466/506 536/576 436/476
f 436/476 536/576 444/484
f 600/640 684/724 630/670
f 630/670 684/724 727/768
f 1678/1977 1558/1809 1476/1710
f 1678/1977 1476/1710 1475/1709
f 751/804 1276/1457 1256/1432
f 1256/1432 1276/1457 1258/1434
f 1256/1432 1258/1434 1231/1404
f 1231/1404 1156/1325 1151/1320
f 1100/1261 1109/1278 697/738
f 2455/3058 2436/3032 2456/3060
f 900/1036 2455/3058 2456/3060
f 2456/3060 2436/3032 2026/2459
f 2436/3032 2435/3031 2026/2459
f 2455/3058 898/1032 2436/3032
f 2436/3032 898/1032 2437/3033
f 2436/3032 2437/3033 2431/3027
f 2436/3032 2431/3027 2435/3031
f 2437/3033 899/1034 2431/3027
f 2431/3027 899/1034 2438/3034
f 898/1032 899/1034 2437/3033
f 899/1034 2440/3036 2438/3034
f 2116/2578 2160/2656 2453/3053
f 2334/2900 2116/2578 2453/3053
f 2453/3053 2160/2656 844/947
f 844/947 2161/2658 2453/3053
f 899/1034 2453/3055 2440/3036
f 2453/3055 2161/2659 2440/3036
f 2161/2659 2461/3070 2440/3036
f 607/647 542/582 521/561
f 604/644 607/647 521/561
f 2334/2901 176/182 2332/2895
f 521/561 541/581 496/536
f 2323/2881 2322/2879 2321/2878
f 2323/2881 2329/2892 2322/2879
f 2322/2879 2329/2892 2330/2893
f 496/536 540/580 474/514
f 474/514 534/574 471/511
f 191/212 2319/2874 2322/2879
f 2324/2883 191/212 2322/2879
f 2322/2879 2319/2874 2321/2878
f 534/574 535/575 466/506
f 471/511 534/574 466/506
f 2319/2874 2320/2876 2321/2878
f 466/506 535/575 536/576
f 191/212 2320/2876 2319/2874
f 191/212 2325/2885 2320/2876
f 2325/2885 2326/2887 2320/2876
f 444/484 543/583 445/485
f 2325/2885 2327/2889 2326/2887
f 445/485 543/583 569/609
f 445/485 569/609 446/486
f 2326/2887 2327/2889 2328/2891
f 2327/2889 188/206 2328/2891
f 188/206 198/225 2328/2891
f 2301/2839 2333/2899 2328/2891
f 198/225 2301/2839 2328/2891
f 804/889 2528/3155 2598/3249
f 2598/3249 2528/3155 2553/3191
f 2553/3191 2528/3155 2547/3180
f 804/889 2525/3152 2528/3155
f 2525/3152 2523/3150 2528/3155
f 2528/3155 2523/3150 2547/3180
f 2547/3180 2523/3150 2521/3148
f 2547/3180 2521/3148 2549/3183
f 2521/3148 2519/3146 2548/3181
f 2549/3183 2521/3148 2548/3181
f 818/907 2524/3151 2525/3152
f 804/889 818/907 2525/3152
f 2525/3152 2524/3151 2523/3150
f 2523/3150 2524/3151 2522/3149
f 2523/3150 2522/3149 2521/3148
f 2521/3148 2522/3149 2520/3147
f 2521/3148 2520/3147 2519/3146
f 818/907 2534/3163 2524/3151
f 2524/3151 2534/3163 2533/3160
f 2524/3151 2533/3160 2522/3149
f 2533/3160 2527/3154 2522/3149
f 2522/3149 2527/3154 2520/3147
f 2527/3154 2526/3153 2520/3147
f 2520/3147 2526/3153 2518/3145
f 2520/3147 2518/3145 2519/3146
f 1476/1710 1480/1715 1473/1706
f 1480/1715 1512/1748 1474/1707
f 1473/1706 1480/1715 1474/1707
f 1474/1707 1512/1748 2534/3161
f 2534/3161 1512/1748 1540/1781
f 2534/3161 1540/1781 2542/3173
f 2534/3163 2542/3174 2533/3160
f 1540/1781 1550/1795 2542/3173
f 2533/3160 2542/3174 2527/3154
f 1550/1795 1551/1796 2542/3173
f 2542/3174 1551/1797 2527/3154
f 727/768 684/724 751/805
f 1152/1321 1161/1330 1163/1332
f 697/738 1109/1278 675/715
f 2435/3031 2430/3026 2026/2459
f 2026/2459 2430/3026 2450/3049
f 2450/3049 2430/3026 2429/3025
f 2427/3023 2428/3024 2429/3025
f 2435/3031 2431/3027 2430/3026
f 2430/3026 2431/3027 2427/3023
f 2430/3026 2427/3023 2429/3025
f 2431/3027 2438/3034 2439/3035
f 2431/3027 2439/3035 2427/3023
f 2439/3035 2454/3056 2427/3023
f 670/710 607/647 604/644
f 2438/3034 2440/3036 2451/3050
f 2438/3034 2451/3050 2439/3035
f 2462/3072 2459/3066 2451/3050
f 2451/3050 2459/3066 2439/3035
f 844/947 841/942 2161/2658
f 2161/2658 2175/2674 2461/3069
f 2440/3036 2461/3070 2451/3050
f 2451/3050 2461/3070 2462/3072
f 2461/3069 2175/2674 2462/3071
f 2331/2894 2329/2892 2160/2657
f 2116/2579 2331/2894 2160/2657
f 2329/2892 843/946 844/949
f 2160/2657 2329/2892 844/949
f 542/582 541/581 521/561
f 541/581 540/580 496/536
f 2331/2894 2330/2893 2329/2892
f 474/514 540/580 534/574
f 536/576 535/575 537/577
f 536/576 537/577 538/578
f 536/576 538/578 444/484
f 538/578 539/579 444/484
f 444/484 539/579 543/583
f 446/486 569/609 447/487
f 447/487 569/609 568/608
f 569/609 570/610 568/608
f 568/608 570/610 601/641
f 568/608 601/641 600/640
f 2553/3191 2549/3183 2596/3245
f 2596/3244 2549/3182 2587/3231
f 2587/3232 2548/3181 2555/3195
f 2548/3181 2551/3187 2555/3195
f 2548/3181 2519/3146 2514/3141
f 2548/3181 2514/3141 2551/3187
f 2514/3141 2516/3143 2551/3187
f 600/640 601/641 684/724
f 2519/3146 2518/3145 2514/3141
f 2514/3141 2518/3145 2515/3142
f 2514/3141 2515/3142 2516/3143
f 2515/3142 2517/3144 2516/3143
f 1512/1748 1480/1715 1488/1724
f 1512/1748 1488/1724 1540/1781
f 1540/1781 1488/1724 1521/1757
f 1540/1781 1521/1757 1550/1795
f 1551/1797 1570/1832 2527/3154
f 2526/3153 2527/3154 2544/3176
f 2527/3154 1570/1832 2544/3176
f 2526/3153 2544/3176 2518/3145
f 2518/3145 2544/3176 2535/3164
f 2544/3176 1570/1832 2535/3164
f 2518/3145 2535/3164 2515/3142
f 2515/3142 2535/3164 2529/3156
f 1570/1832 2545/3177 2529/3156
f 2535/3164 1570/1832 2529/3156
f 2515/3142 2529/3156 2517/3144
f 2517/3144 2529/3156 2530/3157
f 2529/3156 2545/3177 2530/3157
f 1151/1320 1155/1324 1152/1321
f 1163/1332 1161/1330 1190/1359
f 1207/1376 1235/1409 1745/2072
f 1946/2353 2460/3067 1987/2397
f 2460/3068 2450/3049 2457/3062
f 1987/2397 2460/3067 2457/3061
f 2450/3049 2446/3043 2457/3062
f 2457/3062 2446/3043 2006/2422
f 2446/3043 2442/3038 2006/2422
f 2428/3024 2432/3028 2446/3043
f 2446/3043 2432/3028 2442/3038
f 2428/3024 2427/3023 2432/3028
f 2432/3028 2427/3023 2433/3029
f 2459/3066 2458/3064 2454/3056
f 2427/3023 2454/3056 2433/3029
f 2454/3056 2458/3064 2433/3029
f 2462/3071 2167/2666 2459/3065
f 2167/2666 2174/2673 2459/3065
f 2439/3035 2459/3066 2454/3056
f 2174/2673 2183/2682 2459/3065
f 2161/2658 841/942 2162/2660
f 2161/2658 2162/2660 2175/2674
f 2162/2660 2165/2664 2175/2674
f 2165/2664 2167/2666 2175/2674
f 2175/2674 2167/2666 2462/3071
f 842/944 834/935 835/936
f 2597/3246 2555/3194 2588/3233
f 2588/3234 2516/3143 2599/3251
f 2516/3143 2554/3193 2599/3251
f 2599/3250 2554/3192 2595/3243
f 2517/3144 2531/3158 2554/3193
f 2554/3193 2531/3158 2600/3253
f 2531/3158 2543/3175 2600/3253
f 2600/3253 2543/3175 2591/3238
f 1476/1710 1482/1718 1480/1715
f 1480/1715 1482/1718 1487/1723
f 1480/1715 1487/1723 1488/1724
f 2531/3158 2530/3157 2532/3159
f 2531/3158 2532/3159 2543/3175
f 2532/3159 2537/3166 2543/3175
f 2543/3175 2537/3166 2540/3170
f 684/724 691/732 751/805
f 1487/1723 1489/1725 1488/1724
f 1488/1724 1511/1747 1521/1757
f 1488/1724 1489/1725 1511/1747
f 1521/1757 1511/1747 1550/1795
f 1550/1795 1511/1747 1551/1796
f 1511/1747 1489/1725 1492/1728
f 1551/1796 1511/1747 1539/1780
f 1551/1796 1539/1780 1570/1831
f 1511/1747 1492/1728 1539/1780
f 1539/1780 1492/1728 1508/1744
f 1570/1831 1539/1780 1559/1810
f 1539/1780 1508/1744 1559/1810
f 1570/1832 1559/1811 2545/3177
f 1559/1810 1508/1744 1523/1760
f 2545/3177 1559/1811 1571/1834
f 1559/1810 1523/1760 1571/1833
f 2545/3177 1571/1834 2530/3157
f 1571/1833 1523/1760 1565/1822
f 2530/3157 1571/1834 2536/3165
f 2530/3157 2536/3165 2532/3159
f 1571/1833 1565/1822 2546/3178
f 1571/1834 2546/3179 2536/3165
f 2532/3159 2536/3165 2537/3166
f 2546/3179 2539/3168 2536/3165
f 2537/3166 2536/3165 2538/3167
f 2536/3165 2539/3168 2538/3167
f 2537/3166 2538/3167 2540/3170
f 2540/3170 2538/3167 2541/3172
f 1151/1320 1156/1325 1155/1324
f 1190/1359 1189/1358 1207/1376
f 1207/1376 1189/1358 1235/1409
f 2006/2422 2442/3038 2016/2440
f 2442/3038 2443/3039 2016/2440
f 2016/2440 2443/3039 2444/3040
f 2016/2440 2444/3040 2017/2442
f 2017/2442 2444/3040 2031/2469
f 2031/2469 2444/3040 2447/3044
f 2031/2469 2447/3044 2448/3046
f 2448/3046 2447/3044 2668/3355
f 2447/3044 2449/3048 2668/3355
f 2442/3038 2432/3028 2441/3037
f 2442/3038 2441/3037 2443/3039
f 2443/3039 2441/3037 2444/3040
f 2444/3040 2441/3037 2445/3042
f 2444/3040 2445/3042 2198/2706
f 2444/3040 2198/2706 2447/3044
f 2447/3044 2198/2706 2449/3048
f 2198/2706 2194/2698 2449/3048
f 675/715 607/647 670/710
f 2432/3028 2433/3029 2434/3030
f 2432/3028 2434/3030 2441/3037
f 2441/3037 2434/3030 2452/3052
f 2181/2680 2184/2683 2452/3051
f 2441/3037 2452/3052 2445/3042
f 2452/3051 2184/2683 2445/3041
f 2171/2670 2176/2675 2458/3063
f 2433/3029 2458/3064 2452/3052
f 2458/3063 2176/2675 2452/3051
f 2433/3029 2452/3052 2434/3030
f 2167/2666 2168/2667 2169/2668
f 2167/2666 2169/2668 2174/2673
f 2174/2673 2169/2668 2183/2682
f 2459/3065 2183/2682 2458/3063
f 2458/3063 2183/2682 2171/2670
f 2183/2682 2169/2668 2171/2670
f 841/942 2164/2662 2163/2661
f 841/942 2163/2661 2162/2660
f 2162/2660 2163/2661 2165/2664
f 2163/2661 2166/2665 2165/2664
f 2165/2664 2166/2665 2167/2666
f 2166/2665 2168/2667 2167/2666
f 540/580 657/697 534/574
f 534/574 657/697 535/575
f 537/577 663/703 538/578
f 539/579 609/649 543/583
f 543/583 609/649 569/609
f 2587/3231 2586/3230 2557/3198
f 2574/3215 2587/3231 2557/3198
f 570/610 628/668 601/641
f 2588/3233 2589/3235 2560/3201
f 2590/3236 2595/3243 2566/3207
f 1558/1809 1876/2267 1476/1710
f 1476/1710 1876/2267 1482/1718
f 1482/1718 1490/1726 1487/1723
f 1487/1723 1490/1726 1489/1725
f 1490/1726 1491/1727 1489/1725
f 1489/1725 1491/1727 1492/1728
f 1492/1728 1491/1727 1493/1729
f 1492/1728 1493/1729 1508/1744
f 1508/1744 1493/1729 1509/1745
f 1508/1744 1509/1745 1523/1760
f 751/805 691/732 1276/1458
f 1523/1760 1527/1765 1565/1822
f 1523/1760 1509/1745 1527/1765
f 1527/1765 1509/1745 1528/1766
f 1565/1822 1527/1765 2546/3178
f 1527/1765 1528/1766 1529/1767
f 2546/3178 1527/1765 2556/3196
f 1527/1765 1529/1767 2556/3196
f 2546/3179 2556/3197 2539/3168
f 2556/3196 1529/1767 1534/1772
f 2539/3168 2556/3197 2552/3189
f 2556/3196 1534/1772 2552/3188
f 2539/3168 2552/3189 2538/3167
f 2538/3167 2552/3189 1536/1776
f 2538/3167 1536/1776 2541/3172
f 1258/1434 1249/1423 1231/1404
f 1231/1404 1249/1423 1156/1325
f 1161/1330 1189/1358 1190/1359
f 1999/2413 2031/2468 1997/2410
f 1997/2410 2031/2468 2448/3045
f 1109/1278 680/720 675/715
f 680/720 639/679 675/715
f 1944/2351 2029/2464 2018/2443
f 675/715 639/679 607/647
f 2180/2679 2182/2681 2181/2680
f 2181/2680 2182/2681 2184/2683
f 2445/3041 2184/2683 2188/2689
f 2182/2681 2189/2690 2188/2689
f 2184/2683 2182/2681 2188/2689
f 2445/3041 2188/2689 2198/2705
f 2198/2705 2188/2689 2194/2697
f 2189/2690 2193/2695 2194/2697
f 2188/2689 2189/2690 2194/2697
f 2171/2670 2173/2672 2176/2675
f 2173/2672 2179/2678 2176/2675
f 2452/3051 2176/2675 2181/2680
f 2176/2675 2179/2678 2180/2679
f 2176/2675 2180/2679 2181/2680
f 2169/2668 2168/2667 2170/2669
f 2169/2668 2170/2669 2171/2670
f 2170/2669 2172/2671 2171/2670
f 2164/2662 846/953 2186/2686
f 2164/2662 2186/2686 2163/2661
f 2163/2661 2186/2686 2178/2677
f 2163/2661 2178/2677 2166/2665
f 2166/2665 2178/2677 2177/2676
f 2166/2665 2177/2676 2168/2667
f 542/582 638/678 541/581
f 535/575 657/697 664/704
f 535/575 664/704 537/577
f 537/577 664/704 663/703
f 538/578 662/702 539/579
f 539/579 662/702 609/649
f 569/609 629/669 570/610
f 601/641 628/668 684/724
f 684/724 628/668 691/732
f 1558/1809 1849/2220 1876/2267
f 1876/2267 1522/1758 1482/1718
f 1482/1718 1522/1758 1490/1726
f 1490/1726 1522/1758 1538/1778
f 1490/1726 1538/1778 1491/1727
f 1538/1778 1544/1787 1491/1727
f 1491/1727 1544/1787 1493/1729
f 1544/1787 1547/1790 1493/1729
f 1493/1729 1547/1790 1509/1745
f 1509/1745 1547/1790 1548/1791
f 2671/3359 2670/3358 2669/3356
f 1509/1745 1548/1791 1531/1769
f 1509/1745 1531/1769 1530/1768
f 1509/1745 1530/1768 1528/1766
f 1528/1766 1530/1768 1529/1767
f 1530/1768 1532/1770 1529/1767
f 1152/1321 1155/1324 1161/1330
f 1529/1767 1533/1771 1534/1772
f 1529/1767 1532/1770 1533/1771
f 1534/1772 1533/1771 1535/1773
f 2552/3188 1534/1772 1536/1774
f 1535/1773 2672/3360 1536/1774
f 1534/1772 1535/1773 1536/1774
f 1097/1254 680/720 1109/1278
f 2180/2679 2191/2692 2182/2681
f 2191/2692 2190/2691 2182/2681
f 2190/2691 2192/2693 2189/2690
f 2182/2681 2190/2691 2189/2690
f 2189/2690 2192/2693 2193/2695
f 2172/2671 2196/2701 2187/2688
f 2172/2671 2187/2688 2173/2672
f 2173/2672 2187/2688 1877/2269
f 2173/2672 1877/2269 2179/2678
f 2179/2678 1877/2269 2180/2679
f 639/679 638/678 607/647
f 2178/2677 1860/2236 2177/2676
f 2177/2676 1860/2236 1872/2259
f 2177/2676 1872/2259 2168/2667
f 2168/2667 1872/2259 2170/2669
f 2170/2669 1872/2259 2185/2684
f 2170/2669 2185/2684 2172/2671
f 607/647 638/678 542/582
f 2186/2686 2199/2707 2178/2677
f 541/581 638/678 659/699
f 541/581 659/699 660/700
f 541/581 660/700 540/580
f 540/580 660/700 657/697
f 663/703 671/711 538/578
f 538/578 671/711 662/702
f 662/702 658/698 609/649
f 609/649 658/698 569/609
f 569/609 658/698 629/669
f 629/669 628/668 570/610
f 1829/2196 1830/2197 1844/2211
f 1538/1779 1844/2211 1575/1842
f 1844/2211 1852/2225 1575/1842
f 1575/1842 1852/2225 1865/2245
f 1575/1841 1865/2244 1547/1790
f 1547/1790 1865/2244 1548/1791
f 1865/2245 1853/2226 1548/1792
f 1548/1792 1853/2226 1561/1815
f 1276/1457 1249/1423 1258/1434
f 1561/1814 1863/2240 1532/1770
f 1530/1768 1561/1814 1532/1770
f 1532/1770 1863/2240 1535/1773
f 1535/1773 1863/2240 1882/2279
f 1882/2280 1863/2241 1869/2255
f 1882/2279 1869/2254 2672/3360
f 1785/2148 1786/2149 1810/2176
f 1810/2176 1786/2149 1877/2270
f 1786/2149 2197/2704 1877/2270
f 1877/2269 2197/2703 2191/2692
f 2191/2692 2197/2703 2195/2699
f 2191/2692 2195/2699 2190/2691
f 2190/2691 2195/2699 2192/2693
f 2192/2693 2195/2699 1859/2234
f 2192/2693 1859/2234 2193/2695
f 2187/2688 1810/2175 1877/2269
f 639/679 682/722 638/678
f 638/678 682/722 659/699
f 660/700 728/769 657/697
f 657/697 728/769 664/704
f 728/769 671/711 664/704
f 671/711 732/773 662/702
f 662/702 732/773 730/771
f 662/702 730/771 658/698
f 658/698 730/771 731/772
f 658/698 677/717 629/669
f 629/669 677/717 661/701
f 629/669 661/701 628/668
f 628/668 661/701 691/732
f 691/732 1278/1461 1276/1458
f 1278/1462 1229/1402 1276/1457
f 1276/1457 1229/1402 1249/1423
f 1249/1423 1229/1402 1156/1325
f 1229/1402 1155/1324 1156/1325
f 1155/1324 1169/1338 1161/1330
f 1169/1338 1185/1354 1161/1330
f 1161/1330 1185/1354 1189/1358
f 1097/1254 1419/1630 680/720
f 680/720 1422/1637 639/679
f 639/679 1422/1637 682/722
f 682/722 1423/1639 740/783
f 682/722 740/783 659/699
f 659/699 740/783 660/700
f 740/783 1420/1632 660/700
f 660/700 1420/1632 728/769
f 671/711 728/769 760/821
f 671/711 760/821 732/773
f 730/771 738/780 731/772
f 731/772 738/780 658/698
f 658/698 738/780 677/717
f 661/701 753/808 1421/1634
f 661/701 1421/1634 691/732
f 691/732 1421/1634 1278/1461
f 1278/1462 1425/1643 1229/1402
f 1229/1402 1226/1399 1155/1324
f 1155/1324 1226/1399 1169/1338
f 1185/1354 1426/1646 1235/1409
f 1189/1358 1185/1354 1235/1409
f 1419/1630 1422/1637 680/720
f 1422/1637 1423/1639 682/722
f 1420/1632 777/851 728/769
f 728/769 777/851 778/853
f 728/769 778/853 760/821
f 778/853 775/847 732/773
f 760/821 778/853 732/773
f 732/773 775/847 730/771
f 730/771 775/847 738/780
f 661/701 743/788 753/808
f 1278/1462 1421/1635 1425/1643
f 1229/1402 1425/1643 1226/1399
f 1226/1399 1254/1428 1169/1338
f 1169/1338 1254/1428 1185/1354
f 1185/1354 1254/1428 1416/1625
f 1185/1354 1416/1625 1426/1646
f 1417/1627 1411/1619 1414/1623
f 1414/1623 1411/1619 1407/1615
f 1415/1624 1414/1623 1407/1615
f 1407/1615 1410/1618 1415/1624
f 1410/1618 1412/1620 1418/1628
f 1069/1219 1340/1534 1343/1541
f 1343/1541 1350/1550 1357/1563
f 1350/1549 1752/2087 1737/2057
f 1752/2086 1735/2053 1727/2041
f 1727/2041 1735/2053 1729/2043
f 1735/2053 1757/2097 1729/2043
f 1729/2043 1757/2097 1730/2044
f 1730/2044 1757/2097 1756/2095
f 1730/2044 1756/2095 1346/1544
f 1730/2044 1346/1544 1732/2048
f 1732/2048 1346/1544 1342/1537
f 1342/1539 1268/1449 1213/1386
f 1069/1218 1072/1222 1013/1150
f 1072/1222 1357/1562 1013/1150
f 1013/1150 1357/1562 1008/1145
f 1357/1562 1350/1549 1008/1145
f 1008/1145 1350/1549 1737/2057
f 1737/2058 1752/2086 1727/2041
f 1727/2041 1729/2043 1723/2037
f 1723/2037 1729/2043 1730/2044
f 1723/2037 1730/2044 1720/2034
f 1720/2034 1730/2044 1717/2031
f 1730/2044 1732/2048 1717/2031
f 1717/2031 1732/2048 1715/2029
f 1732/2048 1342/1537 1715/2029
f 1715/2029 1342/1537 1739/2061
f 1069/1218 1013/1150 986/1123
f 1070/1220 1069/1218 986/1123
f 986/1123 1013/1150 965/1102
f 965/1102 1013/1150 964/1101
f 964/1101 1013/1150 1008/1145
f 964/1101 1008/1145 987/1124
f 1008/1145 1737/2057 1022/1159
f 987/1124 1008/1145 1022/1159
f 1098/1256 1069/1218 1070/1220
f 752/806 1098/1256 1070/1220
f 1733/2049 1737/2058 1727/2041
f 1733/2049 1727/2041 1728/2042
f 749/801 774/845 736/778
f 1721/2035 1723/2037 1720/2034
f 1716/2030 1717/2031 1715/2029
f 1715/2029 1739/2061 1713/2027
f 1022/1159 1737/2057 1049/1191
f 752/806 1070/1220 1071/1221
f 1049/1191 1737/2057 1733/2050
f 1728/2042 1727/2041 1724/2038
f 1724/2038 1727/2041 1723/2037
f 1724/2038 1723/2037 1725/2039
f 1725/2039 1723/2037 1721/2035
f 1721/2035 1720/2034 1722/2036
f 1722/2036 1720/2034 1719/2033
f 1719/2033 1720/2034 1717/2031
f 1719/2033 1717/2031 1718/2032
f 1718/2032 1717/2031 1716/2030
f 1716/2030 1715/2029 1714/2028
f 1713/2027 1739/2061 1773/2128
f 1731/2045 1728/2042 1724/2038
f 1726/2040 1725/2039 1721/2035
f 2379/2955 2318/2873 2373/2948
f 2318/2872 2657/3332 2282/2813
f 2657/3331 2658/3334 2654/3326
f 1071/1221 1070/1220 1039/1177
f 1039/1177 1070/1220 986/1123
f 992/1129 987/1124 1022/1159
f 2417/3003 2015/2437 1993/2406
f 1992/2405 2417/3003 1993/2406
f 1993/2406 2015/2437 1996/2409
f 1996/2409 2015/2437 2663/3345
f 1996/2409 2663/3345 2662/3343
f 2416/3002 2403/2984 2417/3004
f 2403/2984 2408/2990 2417/3004
f 2662/3342 2663/3344 2660/3338
f 2660/3338 2663/3344 2661/3339
f 2660/3338 2661/3339 2130/2601
f 1749/2080 1724/2038 1725/2039
f 1749/2080 1725/2039 1762/2106
f 1725/2039 1726/2040 1762/2106
f 1762/2106 1726/2040 1776/2134
f 1776/2134 1726/2040 1722/2036
f 1776/2134 1722/2036 1775/2132
f 1775/2132 1722/2036 1719/2033
f 1775/2132 1719/2033 1759/2100
f 1759/2100 1719/2033 1718/2032
f 1718/2032 1716/2030 1734/2051
f 1759/2100 1718/2032 1734/2051
f 1716/2030 1714/2028 1734/2051
f 1734/2051 1714/2028 2345/2916
f 2363/2938 2381/2957 2270/2798
f 2345/2916 1714/2028 2350/2923
f 2362/2937 2368/2943 2363/2938
f 2381/2957 2368/2943 2369/2944
f 2381/2957 2369/2944 2284/2816
f 2369/2944 2310/2857 2284/2816
f 2284/2815 2310/2856 2283/2814
f 2283/2814 2310/2856 2277/2805
f 2277/2805 2310/2856 2278/2806
f 2278/2806 2310/2856 2309/2854
f 2278/2806 2309/2854 2282/2813
f 1714/2028 1713/2027 2350/2923
f 2282/2812 2657/3331 2654/3326
f 1712/2026 1713/2027 1773/2128
f 965/1102 964/1101 950/1087
f 950/1087 964/1101 963/1100
f 963/1100 964/1101 987/1124
f 992/1129 1022/1159 1021/1158
f 1021/1158 1022/1159 1049/1191
f 2005/2419 1998/2411 1982/2392
f 1982/2392 1998/2411 1984/2394
f 1998/2411 1992/2405 1984/2394
f 1984/2394 1992/2405 1989/2401
f 1989/2401 1992/2405 1993/2406
f 1989/2401 1993/2406 1994/2407
f 1994/2407 1993/2406 1995/2408
f 1993/2406 1996/2409 1995/2408
f 1995/2408 1996/2409 2662/3343
f 2415/3000 2035/2476 2014/2436
f 2035/2476 2413/2996 2014/2436
f 2014/2436 2413/2996 2005/2419
f 2005/2420 2413/2997 2416/3002
f 2662/3342 2660/3338 2659/3336
f 1731/2045 1724/2038 1750/2082
f 1724/2038 1749/2080 1750/2082
f 2659/3336 2660/3338 2130/2601
f 2337/2906 2335/2903 2336/2905
f 2426/3021 2336/2904 221/253
f 221/253 2336/2904 241/280
f 221/253 241/280 219/251
f 219/251 241/280 2339/2908
f 219/251 2339/2908 218/250
f 2339/2908 216/247 217/249
f 218/250 2339/2908 217/249
f 217/249 216/247 215/246
f 216/247 2341/2911 215/246
f 2341/2912 240/279 213/244
f 213/243 240/278 211/241
f 240/278 239/276 211/241
f 211/241 239/276 210/240
f 210/240 239/276 2423/3015
f 239/277 2343/2914 2344/2915
f 2382/2959 2354/2929 2420/3009
f 2382/2958 2420/3008 2313/2862
f 2420/3008 2303/2841 2313/2862
f 2313/2862 2303/2841 2257/2778
f 2303/2842 2418/3005 2419/3007
f 2303/2841 2419/3006 2256/2777
f 2256/2777 2419/3006 2253/2774
f 2253/2774 2419/3006 2270/2797
f 2270/2797 2308/2852 2271/2799
f 2271/2799 2308/2852 2284/2815
f 2271/2799 2284/2815 2272/2800
f 2272/2800 2284/2815 2283/2814
f 2272/2800 2283/2814 2275/2803
f 2275/2803 2277/2805 2276/2804
f 2276/2804 2277/2805 2278/2806
f 2276/2804 2278/2806 2279/2807
f 2278/2806 2282/2813 2280/2809
f 2279/2807 2278/2806 2280/2809
f 2280/2808 2282/2812 2653/3325
f 2350/2923 1713/2027 1712/2026
f 1711/2025 2350/2923 1712/2026
f 2653/3325 2654/3326 2655/3328
f 1039/1177 986/1123 972/1109
f 986/1123 965/1102 950/1087
f 972/1109 986/1123 950/1087
f 1733/2049 1728/2042 1652/1946
f 1652/1946 1728/2042 1731/2045
f 1958/2365 1964/2371 1959/2366
f 1964/2371 1982/2392 1959/2366
f 1959/2366 1982/2392 1983/2393
f 1982/2392 1984/2394 1983/2393
f 1983/2393 1984/2394 1985/2395
f 1985/2395 1984/2394 1986/2396
f 1984/2394 1989/2401 1986/2396
f 1986/2396 1989/2401 1990/2402
f 1990/2402 1989/2401 1994/2407
f 1990/2402 1994/2407 1995/2408
f 1990/2402 1995/2408 2501/3114
f 1995/2408 2662/3343 2501/3114
f 1652/1946 1731/2045 1654/1949
f 1654/1950 1731/2046 2012/2432
f 1654/1950 2012/2432 1965/2372
f 2012/2432 2414/2998 1965/2372
f 1965/2372 2414/2998 2415/3000
f 1965/2372 2415/3000 1961/2368
f 1961/2368 2415/3000 2014/2436
f 1961/2368 2014/2436 1958/2365
f 2501/3115 2662/3342 2659/3336
f 2664/3347 2659/3336 2130/2601
f 2126/2596 2129/2599 2128/2598
f 2128/2598 2129/2599 2130/2600
f 2129/2599 2133/2605 2130/2600
f 2133/2605 2664/3348 2130/2600
f 233/266 2384/2962 226/258
f 226/258 2384/2962 2426/3021
f 226/258 2426/3021 222/254
f 222/254 2426/3021 221/253
f 222/254 221/253 220/252
f 221/253 219/251 220/252
f 220/252 219/251 218/250
f 215/246 2341/2911 214/245
f 214/245 2341/2911 212/242
f 212/242 211/241 208/238
f 208/238 211/241 210/240
f 210/240 2423/3015 209/239
f 208/238 210/240 209/239
f 209/239 2423/3015 237/271
f 237/272 2347/2919 2302/2840
f 2302/2840 2347/2919 2382/2958
f 2382/2958 2313/2862 2254/2775
f 2254/2775 2313/2862 2248/2769
f 2248/2769 2313/2862 2257/2778
f 2248/2769 2257/2778 2250/2771
f 2250/2771 2257/2778 2256/2777
f 2250/2771 2256/2777 2253/2774
f 2250/2771 2253/2774 2252/2773
f 2252/2773 2271/2799 2272/2800
f 2252/2773 2272/2800 2273/2801
f 2273/2801 2272/2800 2274/2802
f 2272/2800 2275/2803 2274/2802
f 2274/2802 2275/2803 2276/2804
f 2274/2802 2276/2804 2652/3323
f 2276/2804 2279/2807 2652/3323
f 2652/3323 2279/2807 2281/2810
f 2281/2810 2279/2807 2280/2809
f 2281/2810 2280/2809 2317/2870
f 1747/2076 2350/2923 1711/2025
f 2656/3329 2280/2808 2653/3325
f 2317/2869 2280/2808 2656/3329
f 2656/3329 2653/3325 2655/3328
f 2656/3329 2655/3328 2639/3298
f 1712/2026 1773/2128 1779/2140
f 963/1100 987/1124 976/1113
f 976/1113 987/1124 992/1129
f 1101/1263 752/806 1071/1221
f 1049/1192 1733/2049 1772/2126
f 1772/2126 1733/2049 1652/1946
f 1955/2362 1958/2365 1957/2364
f 1958/2365 1959/2366 1957/2364
f 1957/2364 1959/2366 1960/2367
f 1959/2366 1983/2393 1960/2367
f 1960/2367 1983/2393 2507/3126
f 1983/2393 1985/2395 2507/3126
f 1985/2395 1986/2396 2507/3126
f 1652/1946 1654/1949 1653/1947
f 1653/1948 1654/1950 1954/2361
f 1654/1950 1965/2372 1954/2361
f 1954/2361 1965/2372 1955/2362
f 1955/2362 1965/2372 1961/2368
f 1955/2362 1961/2368 1958/2365
f 1986/2396 1990/2402 2010/2428
f 2507/3126 1986/2396 2010/2428
f 2496/3107 2507/3127 2010/2429
f 2496/3107 2010/2429 2492/3102
f 2010/2429 1990/2403 2492/3102
f 2492/3102 1990/2403 2501/3116
f 2492/3102 2501/3116 2493/3103
f 2493/3103 2501/3116 2659/3337
f 2491/3101 2492/3102 2493/3103
f 2491/3101 2493/3103 2494/3104
f 2494/3104 2493/3103 2659/3337
f 2494/3104 2659/3337 2664/3349
f 2491/3101 2495/3106 2490/3100
f 2495/3106 2491/3101 2156/2649
f 2491/3101 2494/3104 2156/2649
f 2156/2649 2494/3104 2664/3349
f 2512/3137 2148/2632 2126/2596
f 233/266 226/258 225/257
f 225/257 226/258 222/254
f 225/257 222/254 224/256
f 224/256 222/254 223/255
f 223/255 222/254 220/252
f 223/255 220/252 227/259
f 227/259 220/252 218/250
f 227/259 218/250 228/260
f 228/260 218/250 217/249
f 228/260 217/249 215/246
f 215/246 214/245 228/260
f 228/260 214/245 234/267
f 214/245 212/242 232/264
f 234/267 214/245 232/264
f 212/242 208/238 205/235
f 232/264 212/242 205/235
f 205/235 208/238 207/237
f 207/237 208/238 209/239
f 209/239 237/271 238/275
f 207/237 209/239 238/275
f 237/272 2302/2840 2243/2764
f 238/274 237/272 2243/2764
f 2243/2764 2302/2840 2382/2958
f 2243/2764 2382/2958 2244/2765
f 2244/2765 2382/2958 2254/2775
f 2244/2765 2254/2775 2248/2769
f 2244/2765 2248/2769 2247/2768
f 2247/2768 2248/2769 2249/2770
f 2248/2769 2250/2771 2249/2770
f 2249/2770 2250/2771 2251/2772
f 2251/2772 2250/2771 2252/2773
f 2252/2773 2273/2801 2647/3313
f 2312/2860 2252/2773 2647/3313
f 2647/3313 2273/2801 2274/2802
f 2647/3313 2274/2802 2626/3281
f 2274/2802 2652/3323 2626/3281
f 2626/3282 2652/3324 2631/3287
f 2631/3287 2652/3324 2281/2811
f 2631/3287 2281/2811 2317/2871
f 1427/1648 1747/2076 1711/2025
f 2631/3287 2317/2871 2630/3286
f 2630/3286 2317/2871 2634/3290
f 2634/3290 2317/2871 2656/3330
f 2633/3289 2630/3286 2634/3290
f 2633/3289 2634/3290 2635/3291
f 2635/3291 2634/3290 2656/3330
f 2635/3291 2656/3330 2639/3299
f 1504/1740 1554/1802 1507/1743
f 1507/1743 1554/1802 1563/1818
f 1507/1743 1563/1818 2642/3303
f 2642/3304 1563/1819 2633/3289
f 2642/3304 2633/3289 2641/3302
f 2641/3302 2633/3289 2639/3299
f 2639/3299 2633/3289 2635/3291
f 686/726 1101/1262 734/775
f 1653/1948 1954/2361 1953/2360
f 1954/2361 1955/2362 1953/2360
f 1953/2360 1955/2362 1956/2363
f 1956/2363 1955/2362 1957/2364
f 1956/2363 1957/2364 2000/2414
f 2000/2414 1957/2364 2001/2415
f 2000/2414 2001/2415 2509/3130
f 2001/2415 1957/2364 2002/2416
f 2001/2415 2002/2416 2509/3130
f 2002/2416 1957/2364 1960/2367
f 2509/3130 2002/2416 2033/2472
f 2033/2472 2002/2416 2034/2474
f 2002/2416 1960/2367 2507/3126
f 2002/2416 2507/3126 2034/2474
f 2034/2475 2507/3127 2470/3080
f 2470/3080 2507/3127 2500/3113
f 2500/3113 2507/3127 2496/3107
f 2470/3080 2500/3113 2471/3081
f 2470/3080 2471/3081 2469/3079
f 2471/3081 2500/3113 2496/3107
f 2471/3081 2496/3107 2472/3082
f 2472/3082 2496/3107 2492/3102
f 2472/3082 2492/3102 2491/3101
f 2469/3079 2471/3081 2472/3082
f 2469/3079 2472/3082 2489/3099
f 2489/3099 2472/3082 2490/3100
f 2472/3082 2491/3101 2490/3100
f 2122/2591 2488/3098 2469/3079
f 2122/2591 2469/3079 2512/3138
f 2469/3079 2489/3099 2512/3138
f 233/266 225/257 231/263
f 236/270 233/266 231/263
f 225/257 224/256 229/261
f 231/263 225/257 229/261
f 229/261 224/256 223/255
f 229/261 223/255 230/262
f 223/255 227/259 230/262
f 230/262 227/259 235/268
f 235/268 227/259 228/260
f 235/268 228/260 234/267
f 205/235 207/237 206/236
f 206/236 207/237 238/275
f 238/274 2243/2764 2242/2763
f 2243/2764 2244/2765 2242/2763
f 2242/2763 2244/2765 2245/2766
f 2244/2765 2247/2768 2246/2767
f 2245/2766 2244/2765 2246/2767
f 2246/2767 2247/2768 2255/2776
f 2247/2768 2249/2770 2255/2776
f 2249/2770 2251/2772 2311/2858
f 2311/2858 2251/2772 2252/2773
f 2311/2858 2252/2773 2312/2860
f 2621/3276 2312/2861 2622/3277
f 2312/2861 2647/3314 2622/3277
f 2622/3277 2647/3314 2624/3279
f 2622/3277 2624/3279 2623/3278
f 2624/3279 2647/3314 2626/3282
f 2623/3278 2624/3279 2625/3280
f 2624/3279 2626/3282 2625/3280
f 2625/3280 2626/3282 2630/3286
f 2630/3286 2626/3282 2631/3287
f 2629/3285 2623/3278 2636/3293
f 2648/3316 2629/3285 2636/3293
f 2623/3278 2625/3280 2636/3293
f 2636/3293 2625/3280 2632/3288
f 2625/3280 2630/3286 2632/3288
f 1062/1211 1071/1221 1039/1177
f 1101/1263 1071/1221 779/855
f 1653/1948 1953/2360 1898/2302
f 1898/2302 1953/2360 1942/2349
f 1942/2349 1953/2360 1979/2388
f 1979/2388 1953/2360 1956/2363
f 1979/2388 1956/2363 2003/2417
f 2003/2417 1956/2363 2506/3124
f 1956/2363 2000/2414 2506/3124
f 2000/2414 2509/3130 2506/3124
f 2506/3124 2509/3130 2503/3119
f 2503/3120 2509/3131 2464/3074
f 2473/3083 2503/3120 2464/3074
f 2464/3074 2509/3131 2033/2473
f 2464/3074 2033/2473 2467/3077
f 2467/3077 2033/2473 2034/2475
f 2467/3077 2034/2475 2470/3080
f 2464/3074 2466/3076 2465/3075
f 2463/3073 2464/3074 2465/3075
f 2466/3076 2464/3074 2467/3077
f 2466/3076 2467/3077 2468/3078
f 2467/3077 2470/3080 2469/3079
f 2468/3078 2467/3077 2469/3079
f 2465/3075 2466/3076 2487/3097
f 2466/3076 2468/3078 2487/3097
f 2487/3097 2468/3078 2488/3098
f 2468/3078 2469/3079 2488/3098
f 2153/2643 2465/3075 2511/3136
f 2465/3075 2487/3097 2511/3136
f 2511/3136 2487/3097 2513/3140
f 2076/2520 2123/2592 2077/2521
f 204/234 236/270 231/263
f 203/232 204/234 231/263
f 203/232 231/263 229/261
f 183/195 204/234 203/232
f 183/195 203/232 148/151
f 201/230 203/232 229/261
f 148/151 203/232 201/230
f 201/230 229/261 230/262
f 148/151 201/230 145/148
f 201/230 230/262 235/268
f 202/231 201/230 235/268
f 145/148 201/230 202/231
f 202/231 235/268 234/267
f 145/148 202/231 146/149
f 194/216 202/231 234/267
f 202/231 194/216 146/149
f 146/149 194/216 149/152
f 194/216 234/267 232/264
f 194/216 232/264 205/235
f 149/152 194/216 144/147
f 193/215 194/216 205/235
f 193/215 205/235 206/236
f 144/147 194/216 193/215
f 186/201 193/215 206/236
f 193/215 186/201 144/147
f 186/201 206/236 238/275
f 186/202 238/274 2233/2748
f 2233/2748 238/274 2242/2763
f 2233/2748 2242/2763 2237/2754
f 2237/2754 2242/2763 2245/2766
f 2245/2766 2246/2767 2651/3321
f 2246/2767 2255/2776 2651/3321
f 2649/3317 2255/2776 2617/3271
f 2255/2776 2249/2770 2617/3271
f 2617/3271 2249/2770 2311/2858
f 2617/3272 2311/2859 2602/3255
f 2602/3255 2311/2859 2618/3273
f 2602/3255 2618/3273 2603/3256
f 2618/3273 2311/2859 2312/2861
f 2618/3273 2312/2861 2621/3276
f 2603/3256 2618/3273 2619/3274
f 2619/3274 2618/3273 2621/3276
f 2619/3274 2621/3276 2622/3277
f 2619/3274 2622/3277 2623/3278
f 2601/3254 2603/3256 2628/3284
f 2644/3308 2601/3254 2628/3284
f 2603/3256 2619/3274 2628/3284
f 2628/3284 2619/3274 2627/3283
f 2627/3283 2619/3274 2623/3278
f 2644/3308 2628/3284 1568/1828
f 2628/3284 2627/3283 1568/1828
f 1568/1828 2627/3283 2629/3285
f 1738/2059 1712/2026 1779/2140
f 1039/1177 972/1109 966/1103
f 966/1103 972/1109 950/1087
f 951/1088 950/1087 963/1100
f 1021/1158 1049/1191 1048/1190
f 1048/1190 1049/1191 1772/2127
f 1895/2299 1652/1946 1653/1947
f 1942/2349 1979/2388 2502/3117
f 2502/3117 1979/2388 2508/3128
f 2508/3128 1979/2388 2499/3111
f 1979/2388 2003/2417 2499/3111
f 2003/2417 2506/3124 2499/3111
f 2499/3112 2506/3125 2475/3085
f 2475/3085 2506/3125 2473/3083
f 2473/3083 2506/3125 2503/3120
f 2474/3084 2475/3085 2473/3083
f 2474/3084 2473/3083 2463/3073
f 2463/3073 2473/3083 2464/3074
f 2474/3084 2463/3073 2486/3096
f 2485/3095 2474/3084 2486/3096
f 2486/3096 2463/3073 2465/3075
f 2483/3093 2485/3095 2159/2655
f 2159/2655 2485/3095 2153/2643
f 2485/3095 2486/3096 2153/2643
f 2082/2527 2147/2630 2076/2520
f 2147/2630 2159/2654 2076/2520
f 147/150 183/195 148/151
f 143/146 148/151 145/148
f 144/147 186/201 185/199
f 185/200 186/202 2233/2748
f 2650/3319 2237/2754 2245/2766
f 2650/3319 2245/2766 2651/3321
f 2651/3322 2649/3318 2640/3300
f 2649/3317 2651/3321 2255/2776
f 2640/3300 2649/3318 2614/3268
f 2614/3268 2649/3318 2617/3272
f 2605/3258 2614/3268 2617/3272
f 2605/3258 2617/3272 2604/3257
f 2604/3257 2617/3272 2602/3255
f 2605/3258 2604/3257 2601/3254
f 2606/3259 2605/3258 2601/3254
f 2601/3254 2604/3257 2602/3255
f 2601/3254 2602/3255 2603/3256
f 1501/1737 1542/1783 1541/1782
f 1541/1782 1542/1783 2643/3305
f 2643/3306 2607/3260 1562/1817
f 1541/1782 2643/3305 1562/1816
f 2607/3260 2606/3259 1562/1817
f 2606/3259 2601/3254 1562/1817
f 976/1113 992/1129 999/1136
f 999/1136 992/1129 1021/1158
f 1772/2126 1652/1946 1649/1941
f 1649/1941 1652/1946 1895/2299
f 1895/2298 1653/1948 1898/2302
f 1942/2349 2502/3117 2510/3132
f 2502/3118 2508/3129 2480/3090
f 2480/3090 2508/3129 2476/3086
f 2476/3086 2508/3129 2499/3112
f 2476/3086 2499/3112 2475/3085
f 2476/3086 2477/3087 2478/3088
f 2479/3089 2476/3086 2478/3088
f 2477/3087 2476/3086 2474/3084
f 2474/3084 2476/3086 2475/3085
f 2477/3087 2474/3084 2483/3093
f 2478/3088 2477/3087 2483/3093
f 2483/3093 2474/3084 2485/3095
f 2484/3094 2478/3088 2505/3123
f 2478/3088 2483/3093 2505/3123
f 2140/2617 2498/3110 2497/3108
f 2497/3108 2484/3094 2140/2617
f 2140/2617 2484/3094 2147/2631
f 2484/3094 2505/3123 2147/2631
f 147/150 148/151 143/146
f 143/146 145/148 142/145
f 142/145 145/148 141/144
f 145/148 146/149 141/144
f 141/144 146/149 149/152
f 141/144 149/152 144/147
f 185/200 2233/2748 2232/2747
f 2233/2748 2237/2754 2232/2747
f 2232/2747 2237/2754 2304/2843
f 2304/2843 2237/2754 2637/3294
f 2637/3294 2237/2754 2650/3319
f 2616/3270 2637/3295 2615/3269
f 2637/3295 2650/3320 2615/3269
f 2615/3269 2650/3320 2620/3275
f 2620/3275 2650/3320 2651/3322
f 2620/3275 2651/3322 2640/3300
f 2615/3269 2620/3275 2610/3263
f 2610/3263 2620/3275 2609/3262
f 2609/3262 2620/3275 2640/3300
f 2609/3262 2640/3300 2614/3268
f 2608/3261 2610/3263 2609/3262
f 2608/3261 2609/3262 2605/3258
f 2605/3258 2609/3262 2614/3268
f 2611/3264 2608/3261 2638/3296
f 2638/3296 2608/3261 2607/3260
f 2608/3261 2605/3258 2607/3260
f 2607/3260 2605/3258 2606/3259
f 1741/2065 1427/1648 1711/2025
f 1085/1240 1071/1221 1062/1211
f 951/1088 963/1100 976/1113
f 977/1114 976/1113 999/1136
f 1898/2302 1942/2349 1897/2301
f 1897/2301 1942/2349 2510/3132
f 2504/3122 2510/3134 2502/3118
f 2504/3122 2502/3118 2481/3091
f 2502/3118 2480/3090 2481/3091
f 2481/3091 2480/3090 2479/3089
f 2480/3090 2476/3086 2479/3089
f 887/1011 2504/3122 2481/3091
f 887/1011 2481/3091 2482/3092
f 2482/3092 2481/3091 2479/3089
f 2482/3092 2479/3089 2484/3094
f 2484/3094 2479/3089 2478/3088
f 886/1009 887/1011 2498/3110
f 887/1011 2482/3092 2498/3110
f 2498/3110 2482/3092 2497/3108
f 2482/3092 2484/3094 2497/3108
f 2089/2541 886/1009 2498/3110
f 2119/2584 183/195 147/150
f 47/47 141/144 144/147
f 185/200 2232/2747 2231/2745
f 2231/2745 2232/2747 2213/2723
f 2213/2723 2232/2747 2304/2843
f 2213/2723 2304/2843 817/904
f 2645/3310 2304/2845 2637/3295
f 2645/3310 2637/3295 2616/3270
f 817/905 2304/2844 2645/3309
f 817/905 2645/3309 815/901
f 2645/3310 2616/3270 2612/3265
f 2616/3270 2615/3269 2612/3265
f 2612/3265 2615/3269 2610/3263
f 2646/3312 2645/3310 2612/3265
f 2646/3312 2612/3265 1566/1824
f 815/901 2645/3309 2646/3311
f 1566/1824 2612/3265 2613/3267
f 2613/3267 2612/3265 2611/3264
f 2611/3264 2612/3265 2610/3263
f 847/957 2646/3312 1566/1824
f 1895/2298 1898/2302 1897/2301
f 1897/2301 2510/3132 1910/2314
f 653/693 686/726 694/735
f 2510/3133 2504/3121 889/1013
f 1910/2314 2510/3132 889/1014
f 889/1013 2504/3121 887/1010
f 147/150 143/146 66/66
f 66/66 143/146 62/62
f 60/60 143/146 142/145
f 60/60 142/145 141/144
f 144/147 185/199 184/198
f 184/198 185/199 2231/2746
f 1048/1190 1772/2127 1755/2094
f 1755/2093 1772/2126 1649/1941
f 889/1013 887/1010 880/1002
f 880/1002 887/1010 886/1008
f 886/1008 2089/2539 897/1030
f 2119/2584 147/150 66/66
f 47/47 144/147 48/48
f 48/48 144/147 184/198
f 2213/2723 2239/2757 2238/2756
f 2238/2755 2239/2758 817/905
f 815/901 2646/3311 816/903
f 816/903 2646/3311 847/955
f 1062/1211 1039/1177 1033/1170
f 1033/1170 1039/1177 966/1103
f 1895/2298 1897/2301 1896/2300
f 62/62 143/146 61/61
f 61/61 143/146 60/60
f 60/60 141/144 59/59
f 59/59 141/144 50/50
f 50/50 141/144 47/47
f 2215/2726 2216/2727 2213/2723
f 876/998 889/1013 880/1002
f 880/1002 886/1008 877/999
f 877/999 886/1008 897/1030
f 491/531 524/564 522/562
f 48/48 184/198 2217/2729
f 2217/2728 184/197 2215/2726
f 815/901 816/903 811/897
f 1709/2023 1741/2065 1711/2025
f 1711/2025 1712/2026 1710/2024
f 951/1088 976/1113 977/1114
f 999/1136 1021/1158 1020/1157
f 1020/1157 1021/1158 1048/1190
f 1896/2300 1897/2301 1910/2314
f 2217/2728 2215/2726 2211/2720
f 2211/2720 2215/2726 2213/2723
f 817/905 815/901 813/899
f 813/899 815/901 811/897
f 966/1103 950/1087 949/1086
f 949/1086 950/1087 951/1088
f 952/1089 951/1088 977/1114
f 746/795 779/855 1085/1240
f 876/998 880/1002 877/999
f 2238/2755 817/905 813/899
f 949/1086 951/1088 952/1089
f 1755/2093 1649/1941 1645/1934
f 1649/1941 1895/2299 1650/1943
f 1650/1942 1895/2298 1896/2300
f 1709/2023 1711/2025 1710/2024
f 978/1115 977/1114 999/1136
f 1020/1157 1048/1190 1042/1182
f 1042/1182 1048/1190 1755/2094
f 65/65 66/66 62/62
f 2211/2720 2213/2723 2212/2722
f 2212/2722 2213/2723 2238/2756
f 1738/2059 1779/2140 1255/1431
f 1650/1942 1896/2300 1894/2297
f 1896/2300 1910/2314 1907/2311
f 1907/2311 1910/2314 889/1014
f 1907/2311 889/1014 876/997
f 877/999 897/1030 2083/2528
f 60/60 59/59 58/58
f 2210/2719 2211/2720 2212/2722
f 2217/2729 2211/2721 197/221
f 812/898 813/899 811/897
f 1894/2297 1896/2300 1907/2311
f 876/998 877/999 875/996
f 2137/2611 2119/2584 66/66
f 61/61 60/60 57/57
f 1292/1484 1738/2059 1255/1431
f 57/57 60/60 58/58
f 50/50 47/47 45/45
f 952/1089 977/1114 978/1115
f 1645/1934 1649/1941 1643/1932
f 1643/1932 1649/1941 1650/1943
f 2137/2611 66/66 65/65
f 49/49 50/50 45/45
f 1709/2023 1710/2024 1292/1484
f 65/65 62/62 55/55
f 2212/2722 2238/2756 827/925
f 827/924 2238/2755 813/899
f 978/1115 999/1136 1000/1137
f 1000/1137 999/1136 1020/1157
f 1085/1240 1062/1211 1063/1212
f 1063/1212 1062/1211 1033/1170
f 1042/1182 1755/2094 1754/2091
f 1754/2092 1755/2093 1645/1934
f 2137/2612 2064/2507 2065/2509
f 489/529 490/530 516/556
f 62/62 61/61 55/55
f 58/58 59/59 50/50
f 2210/2719 2212/2722 2209/2718
f 2209/2718 2212/2722 827/925
f 1432/1655 1709/2023 1292/1484
f 979/1116 978/1115 1000/1137
f 1754/2092 1645/1934 1644/1933
f 1644/1933 1645/1934 1643/1932
f 1893/2295 1650/1942 1894/2297
f 55/55 61/61 57/57
f 47/47 48/48 46/46
f 46/46 48/48 2217/2729
f 46/46 2217/2729 158/162
f 158/162 2217/2729 197/221
f 1432/1655 1292/1484 1708/2020
f 1708/2021 1292/1485 1255/1430
f 1033/1170 966/1103 967/1104
f 967/1104 966/1103 949/1086
f 952/1089 978/1115 979/1116
f 953/1090 952/1089 979/1116
f 2030/2466 876/998 875/996
f 192/213 2064/2508 2137/2611
f 45/45 47/47 46/46
f 1087/1242 1085/1240 1063/1212
f 949/1086 952/1089 953/1090
f 1000/1137 1020/1157 1014/1151
f 1014/1151 1020/1157 1042/1182
f 1643/1932 1650/1943 1893/2296
f 2030/2466 875/996 871/991
f 875/996 877/999 879/1001
f 877/999 2083/2528 2084/2530
f 879/1001 877/999 2084/2530
f 2137/2611 65/65 64/64
f 56/56 57/57 58/58
f 967/1104 949/1086 954/1091
f 954/1091 949/1086 953/1090
f 871/991 875/996 879/1001
f 1099/1258 746/795 1087/1242
f 1907/2311 876/997 2030/2467
f 64/64 65/65 55/55
f 827/924 813/899 814/900
f 814/900 813/899 812/898
f 1707/2018 1432/1655 1708/2020
f 1042/1182 1754/2091 1051/1195
f 1754/2092 1644/1933 1642/1931
f 1051/1196 1754/2092 1642/1931
f 1642/1931 1644/1933 1643/1932
f 1890/2292 1894/2297 1907/2311
f 2208/2717 2210/2719 2209/2718
f 810/896 812/898 811/897
f 1063/1212 1033/1170 1030/1167
f 1030/1167 1033/1170 967/1104
f 1893/2295 1894/2297 1890/2292
f 49/49 58/58 50/50
f 1643/1932 1893/2296 1651/1944
f 1651/1945 1893/2295 1890/2292
f 56/56 58/58 49/49
f 2209/2718 827/925 826/923
f 158/162 197/221 195/217
f 826/922 827/924 814/900
f 192/213 2137/2611 2141/2618
f 2141/2618 2137/2611 64/64
f 2208/2717 2209/2718 2207/2716
f 2207/2716 2209/2718 826/923
f 810/896 811/897 809/895
f 1014/1151 1042/1182 1025/1162
f 1025/1162 1042/1182 1051/1195
f 1099/1258 1087/1242 1086/1241
f 1642/1931 1643/1932 1641/1929
f 1641/1929 1643/1932 1651/1944
f 55/55 57/57 56/56
f 814/900 812/898 810/896
f 1708/2021 1255/1430 1236/1410
f 1262/1442 1708/2021 1236/1410
f 1086/1241 1087/1242 1063/1212
f 879/1001 2084/2530 896/1028
f 51/51 56/56 49/49
f 1707/2018 1708/2020 1262/1441
f 55/55 56/56 51/51
f 953/1090 979/1116 975/1112
f 51/51 49/49 40/40
f 1086/1241 1063/1212 1064/1213
f 1064/1213 1063/1212 1030/1167
f 954/1091 953/1090 955/1092
f 955/1092 953/1090 975/1112
f 1651/1945 1890/2292 1641/1930
f 1907/2311 2030/2467 890/1016
f 890/1015 2030/2466 870/990
f 870/990 2030/2466 871/991
f 52/52 51/51 40/40
f 1435/1659 1707/2018 1262/1441
f 975/1112 979/1116 1000/1137
f 1025/1162 1051/1195 1771/2124
f 1051/1196 1642/1931 1640/1928
f 1771/2125 1051/1196 1640/1928
f 1640/1928 1642/1931 1641/1929
f 64/64 55/55 36/36
f 44/44 45/45 46/46
f 1640/1928 1641/1929 1639/1927
f 1639/1927 1641/1929 1646/1935
f 2141/2618 64/64 63/63
f 41/41 49/49 45/45
f 44/44 46/46 158/162
f 44/44 158/162 2214/2724
f 2214/2724 158/162 195/217
f 1435/1659 1262/1441 1706/2017
f 1706/2017 1262/1441 1259/1435
f 975/1112 1000/1137 1001/1138
f 1001/1138 1000/1137 1014/1151
f 1646/1936 1641/1930 1890/2292
f 63/63 64/64 36/36
f 53/53 51/51 52/52
f 41/41 45/45 44/44
f 2205/2714 2208/2717 2207/2716
f 2205/2714 2207/2716 2204/2713
f 2204/2713 2207/2716 826/923
f 2204/2713 826/923 825/921
f 825/920 826/922 814/900
f 1646/1936 1890/2292 1892/2294
f 179/188 2141/2618 63/63
f 36/36 55/55 53/53
f 40/40 49/49 41/41
f 1001/1138 1014/1151 1025/1162
f 1639/1927 1646/1935 1647/1937
f 1647/1938 1646/1936 1892/2294
f 879/1001 896/1028 2086/2534
f 53/53 55/55 51/51
f 53/53 52/52 54/54
f 808/894 810/896 809/895
f 954/1091 955/1092 956/1093
f 956/1093 955/1092 975/1112
f 956/1093 975/1112 981/1118
f 981/1118 975/1112 1001/1138
f 1086/1241 1064/1213 1059/1207
f 1059/1207 1064/1213 1030/1167
f 36/36 53/53 37/37
f 54/54 52/52 39/39
f 43/43 44/44 2214/2724
f 1771/2125 1640/1928 1638/1926
f 1638/1926 1640/1928 1639/1927
f 38/38 54/54 39/39
f 39/39 52/52 40/40
f 41/41 44/44 43/43
f 2203/2712 2205/2714 2204/2713
f 2203/2712 2204/2713 2201/2710
f 2201/2710 2204/2713 825/921
f 1436/1660 1435/1659 1706/2017
f 1030/1167 967/1104 968/1105
f 968/1105 967/1104 954/1091
f 1889/2290 1892/2294 1890/2292
f 870/990 871/991 869/989
f 1001/1138 1025/1162 1024/1161
f 1025/1162 1771/2124 1041/1180
f 1024/1161 1025/1162 1041/1180
f 1041/1181 1771/2125 1638/1926
f 871/991 879/1001 878/1000
f 878/1000 879/1001 2086/2534
f 957/1094 956/1093 981/1118
f 1059/1207 1030/1167 1031/1168
f 1031/1168 1030/1167 968/1105
f 1638/1926 1639/1927 1636/1924
f 1639/1927 1647/1937 1648/1939
f 1636/1924 1639/1927 1648/1939
f 1648/1940 1647/1938 1892/2294
f 1889/2290 1890/2292 1891/2293
f 1891/2293 1890/2292 1907/2311
f 869/989 871/991 878/1000
f 825/920 814/900 2240/2759
f 2240/2759 814/900 810/896
f 1891/2293 1907/2311 1908/2312
f 1908/2312 1907/2311 890/1016
f 53/53 54/54 37/37
f 954/1091 956/1093 957/1094
f 981/1118 1001/1138 993/1130
f 1648/1940 1892/2294 1889/2290
f 35/35 63/63 36/36
f 37/37 54/54 38/38
f 42/42 41/41 43/43
f 43/43 2214/2724 2219/2732
f 2219/2731 2214/2725 2218/2730
f 1704/2014 1436/1660 1706/2017
f 2150/2636 179/188 63/63
f 1088/1243 1086/1241 1059/1207
f 980/1117 981/1118 993/1130
f 1636/1924 1648/1939 1889/2291
f 2150/2636 63/63 35/35
f 968/1105 954/1091 958/1095
f 958/1095 954/1091 957/1094
f 878/1000 2086/2534 2088/2537
f 34/34 36/36 37/37
f 2200/2709 2203/2712 2201/2710
f 2200/2709 2201/2710 2202/2711
f 2202/2711 2201/2710 825/921
f 2240/2759 810/896 808/894
f 1704/2014 1706/2017 1259/1435
f 957/1094 981/1118 980/1117
f 993/1130 1001/1138 1012/1149
f 1012/1149 1001/1138 1024/1161
f 2202/2711 825/921 2240/2760
f 35/35 36/36 34/34
f 1031/1168 968/1105 969/1106
f 969/1106 968/1105 958/1095
f 2054/2496 2052/2494 2053/2495
f 34/34 37/37 38/38
f 1704/2014 1259/1435 1736/2055
f 957/1094 980/1117 959/1096
f 1638/1926 1637/1925 1633/1920
f 1633/1920 1637/1925 1636/1924
f 1889/2290 1891/2293 1886/2287
f 1886/2287 1891/2293 1908/2312
f 38/38 39/39 28/28
f 40/40 41/41 27/27
f 27/27 41/41 42/42
f 1041/1181 1638/1926 1633/1920
f 1636/1924 1889/2291 1884/2284
f 1884/2283 1889/2290 1886/2287
f 28/28 34/34 38/38
f 39/39 40/40 27/27
f 42/42 43/43 2219/2732
f 1059/1207 1031/1168 1032/1169
f 1032/1169 1031/1168 969/1106
f 1012/1149 1024/1161 1023/1160
f 1023/1160 1024/1161 1041/1180
f 1633/1920 1636/1924 1635/1923
f 1635/1923 1636/1924 1884/2284
f 2054/2497 2150/2636 2080/2524
f 878/1000 2088/2537 2087/2535
f 2080/2524 2150/2636 35/35
f 2206/2715 2202/2711 2240/2760
f 958/1095 957/1094 959/1096
f 1908/2312 890/1016 2020/2447
f 2020/2446 890/1015 870/990
f 2020/2446 870/990 867/987
f 28/28 39/39 27/27
f 2206/2715 2240/2760 820/910
f 2219/2731 2218/2730 2220/2733
f 2218/2730 2200/2709 2220/2733
f 808/894 809/895 806/892
f 1088/1243 1059/1207 1058/1206
f 1058/1206 1059/1207 1032/1169
f 867/987 870/990 869/989
f 30/30 34/34 28/28
f 1089/1244 1088/1243 1058/1206
f 982/1119 959/1096 980/1117
f 982/1119 980/1117 993/1130
f 1023/1160 1041/1180 1764/2111
f 1764/2110 1041/1181 1633/1920
f 1634/1922 1635/1923 1884/2284
f 35/35 34/34 32/32
f 30/30 28/28 29/29
f 754/811 1088/1243 1089/1244
f 1633/1920 1635/1923 1634/1922
f 1632/1918 1634/1921 1884/2283
f 2080/2524 35/35 32/32
f 32/32 34/34 30/30
f 1633/1920 1634/1922 1631/1917
f 1631/1917 1634/1922 1632/1919
f 868/988 869/989 878/1000
f 67/67 27/27 42/42
f 1764/2110 1633/1920 1629/1915
f 1632/1918 1884/2283 1885/2285
f 1885/2285 1884/2283 1886/2287
f 868/988 878/1000 2087/2535
f 32/32 30/30 31/31
f 2219/2731 2220/2733 2221/2734
f 1703/2013 1704/2014 1701/2010
f 1701/2010 1704/2014 1736/2055
f 985/1122 982/1119 993/1130
f 1629/1915 1633/1920 1631/1917
f 1629/1915 1631/1917 1630/1916
f 1630/1916 1631/1917 1632/1919
f 867/987 869/989 868/988
f 33/33 32/32 31/31
f 24/24 27/27 67/67
f 67/67 42/42 2307/2851
f 2307/2851 42/42 2219/2732
f 960/1097 959/1096 982/1119
f 1630/1916 1632/1919 1885/2286
f 2050/2492 2052/2494 2080/2525
f 2143/2623 32/32 33/33
f 289/329 291/331 319/359
f 30/30 29/29 14/14
f 26/26 28/28 27/27
f 25/25 67/67 2307/2851
f 2307/2851 2219/2732 2230/2744
f 2230/2743 2219/2731 2221/2734
f 2240/2759 808/894 807/893
f 958/1095 959/1096 960/1097
f 1886/2287 1908/2312 1909/2313
f 1909/2313 1908/2312 2020/2447
f 24/24 67/67 25/25
f 820/911 2240/2759 807/893
f 960/1097 982/1119 985/1122
f 1768/2119 1630/1916 1885/2286
f 1885/2285 1886/2287 1887/2288
f 1887/2288 1886/2287 1909/2313
f 754/811 1089/1244 1103/1266
f 1768/2118 1885/2285 1888/2289
f 1888/2289 1885/2285 1887/2288
f 31/31 30/30 14/14
f 29/29 28/28 26/26
f 27/27 24/24 26/26
f 2307/2850 2221/2734 2222/2735
f 2222/2735 2221/2734 2206/2715
f 2222/2735 2206/2715 2223/2736
f 2223/2736 2206/2715 820/910
f 1702/2012 1703/2013 1701/2010
f 1083/1238 1089/1244 1058/1206
f 501/541 532/572 650/690
f 14/14 29/29 26/26
f 2223/2736 820/910 819/909
f 819/908 820/911 807/893
f 2149/2634 2143/2623 33/33
f 25/25 2307/2851 150/153
f 150/154 2307/2850 2222/2735
f 807/893 808/894 806/892
f 2049/2491 2047/2489 2048/2490
f 1701/2010 1736/2055 1260/1438
f 993/1130 1012/1149 994/1131
f 1012/1149 1023/1160 1018/1155
f 994/1131 1012/1149 1018/1155
f 1018/1155 1023/1160 1764/2111
f 1629/1915 1630/1916 1627/1912
f 1630/1916 1768/2119 1767/2117
f 1627/1912 1630/1916 1767/2117
f 1767/2116 1768/2118 1888/2289
f 2020/2446 867/987 866/986
f 68/68 33/33 31/31
f 13/13 31/31 14/14
f 15/15 14/14 26/26
f 969/1106 958/1095 961/1098
f 961/1098 958/1095 960/1097
f 985/1122 993/1130 994/1131
f 866/986 867/987 868/988
f 868/988 2087/2535 891/1017
f 13/13 14/14 12/12
f 26/26 24/24 22/22
f 1083/1238 1058/1206 1057/1205
f 1058/1206 1032/1169 1029/1166
f 1057/1205 1058/1206 1029/1166
f 1029/1166 1032/1169 969/1106
f 1888/2289 1887/2288 1899/2303
f 23/23 24/24 25/25
f 150/154 2222/2735 2234/2749
f 960/1097 985/1122 984/1121
f 1029/1166 969/1106 970/1107
f 970/1107 969/1106 961/1098
f 984/1121 985/1122 994/1131
f 1764/2110 1629/1915 1628/1914
f 1628/1914 1629/1915 1627/1912
f 1767/2116 1888/2289 1900/2304
f 1900/2304 1888/2289 1899/2303
f 2047/2489 2049/2491 2117/2580
f 12/12 14/14 15/15
f 2234/2749 2222/2735 2224/2737
f 962/1099 960/1097 984/1121
f 1018/1155 1764/2111 1040/1179
f 1040/1178 1764/2110 1628/1914
f 1899/2303 1887/2288 1909/2313
f 154/158 2149/2634 33/33
f 154/158 33/33 68/68
f 68/68 31/31 13/13
f 22/22 24/24 23/23
f 23/23 25/25 150/153
f 1103/1266 1083/1238 755/812
f 1627/1913 1767/2116 1900/2304
f 2046/2488 2047/2489 2117/2580
f 961/1098 960/1097 962/1099
f 2021/2448 1627/1913 1900/2304
f 1700/2009 1702/2012 1701/2010
f 1628/1914 1627/1912 1602/1880
f 1602/1880 1627/1912 2021/2449
f 10/10 13/13 12/12
f 15/15 26/26 21/21
f 2225/2738 2223/2736 819/909
f 1082/1237 1083/1238 1057/1205
f 755/812 1083/1238 1082/1237
f 1040/1178 1628/1914 1602/1880
f 154/158 68/68 11/11
f 21/21 26/26 22/22
f 23/23 150/153 151/155
f 151/155 150/153 2236/2752
f 2236/2752 150/153 2234/2750
f 2021/2448 1900/2304 1901/2305
f 1901/2305 1900/2304 1899/2303
f 155/159 154/158 11/11
f 12/12 15/15 16/16
f 22/22 23/23 20/20
f 20/20 23/23 151/155
f 2236/2753 2234/2749 2224/2737
f 1700/2009 1701/2010 1699/2006
f 1699/2006 1701/2010 1260/1438
f 962/1099 984/1121 983/1120
f 995/1132 994/1131 1018/1155
f 1602/1880 2021/2449 1626/1910
f 1626/1911 2021/2448 1901/2305
f 791/871 807/893 806/892
f 1601/1879 1602/1880 1626/1910
f 168/172 154/158 155/159
f 995/1132 1018/1155 1017/1154
f 1017/1154 1018/1155 1040/1179
f 1040/1179 1602/1881 1044/1184
f 1044/1185 1602/1880 1601/1879
f 16/16 15/15 21/21
f 2225/2738 819/909 2241/2761
f 2241/2762 819/908 807/893
f 984/1121 994/1131 995/1132
f 983/1120 984/1121 995/1132
f 1017/1154 1040/1179 1044/1184
f 866/986 868/988 872/992
f 11/11 68/68 13/13
f 2236/2753 2224/2737 2235/2751
f 873/993 866/986 872/992
f 2046/2488 2117/2580 168/173
f 1044/1185 1601/1879 1600/1878
f 1600/1878 1601/1879 1626/1910
f 1600/1878 1626/1910 1598/1874
f 1598/1875 1626/1911 1901/2305
f 528/568 501/541 651/691
f 2042/2484 2046/2488 168/173
f 11/11 13/13 10/10
f 18/18 22/22 20/20
f 152/156 151/155 2236/2752
f 914/1051 962/1099 904/1041
f 904/1041 962/1099 983/1120
f 970/1107 961/1098 914/1051
f 1598/1875 1901/2305 1902/2306
f 1902/2306 1901/2305 1899/2303
f 1916/2320 1899/2303 1909/2313
f 872/992 868/988 891/1017
f 20/20 151/155 152/156
f 152/156 2236/2752 2315/2866
f 1902/2306 1899/2303 1903/2307
f 1903/2307 1899/2303 1916/2320
f 1909/2313 2020/2447 873/994
f 2020/2446 866/986 873/993
f 8/8 12/12 16/16
f 2315/2865 2236/2753 2235/2751
f 2235/2751 2224/2737 2226/2739
f 2241/2762 807/893 791/871
f 1569/1830 1700/2009 1699/2006
f 755/812 1082/1237 1084/1239
f 1916/2320 1909/2313 873/994
f 10/10 12/12 8/8
f 18/18 21/21 22/22
f 2227/2740 2225/2738 2241/2761
f 1082/1237 1057/1205 1056/1204
f 1084/1239 1082/1237 1056/1204
f 1056/1204 1057/1205 1029/1166
f 901/1038 914/1051 904/1041
f 996/1133 995/1132 1017/1154
f 1592/1867 1598/1874 1597/1873
f 1597/1872 1598/1875 1902/2306
f 2042/2484 168/173 2158/2652
f 16/16 21/21 18/18
f 2315/2865 2235/2751 2226/2739
f 791/871 806/892 789/869
f 1029/1166 970/1107 971/1108
f 971/1108 970/1107 914/1051
f 904/1041 983/1120 995/1132
f 904/1041 995/1132 996/1133
f 1044/1185 1592/1867 1591/1866
f 161/165 168/172 155/159
f 155/159 11/11 167/171
f 10/10 8/8 5/5
f 1597/1872 1902/2306 1904/2308
f 1904/2308 1902/2306 1903/2307
f 161/165 155/159 167/171
f 167/171 11/11 4/4
f 4/4 11/11 10/10
f 20/20 152/156 153/157
f 153/157 152/156 2315/2866
f 1569/1830 1699/2006 1695/1999
f 1591/1866 1597/1873 1622/1903
f 1622/1902 1597/1872 1904/2308
f 153/157 2315/2866 2258/2779
f 2227/2740 2241/2761 822/915
f 2258/2780 2315/2865 2226/2739
f 2241/2762 791/871 790/870
f 822/914 2241/2762 790/870
f 872/992 891/1017 2097/2549
f 161/165 167/171 4/4
f 16/16 18/18 17/17
f 17/17 18/18 19/19
f 19/19 18/18 20/20
f 2229/2742 2227/2740 822/915
f 2258/2780 2226/2739 2228/2741
f 790/870 791/871 789/869
f 1694/1998 1569/1830 1695/1999
f 1044/1185 1591/1866 1590/1865
f 1591/1866 1622/1903 1599/1877
f 1590/1865 1591/1866 1599/1877
f 1599/1876 1622/1902 1904/2308
f 874/995 872/992 2097/2549
f 2158/2653 161/165 157/161
f 157/161 161/165 4/4
f 8/8 16/16 17/17
f 873/993 872/992 874/995
f 19/19 20/20 153/157
f 2258/2780 2229/2742 822/915
f 1904/2308 1903/2307 1905/2309
f 1905/2309 1903/2307 1916/2320
f 2042/2484 2158/2652 2155/2646
f 2155/2647 2158/2653 157/161
f 153/157 2258/2779 2259/2782
f 19/19 153/157 2259/2782
f 2259/2781 2258/2780 822/915
f 823/917 822/914 790/870
f 1567/1826 1569/1830 1694/1998
f 901/1038 904/1041 902/1039
f 971/1108 914/1051 913/1050
f 913/1050 914/1051 901/1038
f 902/1039 904/1041 996/1133
f 1589/1864 1590/1865 1599/1877
f 2036/2478 2042/2484 2155/2646
f 5/5 4/4 10/10
f 2259/2781 822/915 2260/2783
f 2260/2783 822/915 823/916
f 1588/1862 1044/1185 1590/1865
f 1589/1864 1599/1877 1780/2143
f 1780/2142 1599/1876 1904/2308
f 1780/2142 1904/2308 1906/2310
f 1906/2310 1904/2308 1905/2309
f 5/5 8/8 7/7
f 9/9 17/17 19/19
f 856/974 873/993 874/995
f 9/9 8/8 17/17
f 1080/1235 1084/1239 1056/1204
f 902/1039 996/1133 997/1134
f 996/1133 1017/1154 1015/1152
f 1015/1152 1017/1154 1044/1184
f 1104/1267 1084/1239 1080/1235
f 7/7 8/8 9/9
f 997/1134 996/1133 1015/1152
f 1916/2320 873/994 2028/2462
f 2028/2463 873/993 856/974
f 76/76 7/7 9/9
f 2259/2781 2260/2783 2261/2784
f 2261/2784 2260/2783 823/916
f 1056/1204 1029/1166 1027/1164
f 1027/1164 1029/1166 971/1108
f 2036/2478 2155/2646 2152/2641
f 2037/2479 2036/2478 2152/2641
f 2152/2640 2155/2647 157/161
f 157/161 4/4 2/2
f 6/6 7/7 76/76
f 138/141 19/19 2259/2782
f 1694/1998 1695/1999 1261/1440
f 1015/1152 1044/1184 1046/1188
f 1046/1188 1044/1184 1588/1863
f 874/995 2097/2549 2098/2551
f 4/4 5/5 3/3
f 138/141 2259/2782 181/191
f 181/192 2259/2781 2261/2784
f 3/3 5/5 6/6
f 6/6 5/5 7/7
f 78/78 9/9 19/19
f 78/78 19/19 138/141
f 823/917 790/870 788/868
f 1560/1813 1567/1826 1694/1998
f 913/1050 901/1038 905/1042
f 901/1038 902/1039 903/1040
f 905/1042 901/1038 903/1040
f 1046/1188 1588/1863 1096/1252
f 1588/1862 1589/1864 1585/1857
f 1096/1251 1588/1862 1585/1857
f 1585/1857 1589/1864 1780/2143
f 2/2 4/4 3/3
f 3/3 6/6 75/75
f 76/76 9/9 78/78
f 1560/1813 1694/1998 1693/1997
f 1693/1997 1694/1998 1261/1440
f 1046/1188 1096/1252 1079/1234
f 788/868 790/870 789/869
f 788/868 789/869 787/866
f 902/1039 997/1134 903/1040
f 1015/1152 1046/1188 1047/1189
f 1047/1189 1046/1188 1079/1234
f 1079/1233 1096/1251 1585/1857
f 2007/2423 1916/2320 2028/2462
f 857/975 856/974 874/995
f 2152/2640 157/161 162/166
f 162/166 157/161 2/2
f 2261/2784 823/916 824/919
f 824/918 823/917 788/868
f 1047/1189 1079/1234 1587/1860
f 1587/1861 1079/1233 1585/1857
f 1585/1857 1780/2143 2011/2431
f 2011/2430 1780/2142 1906/2310
f 181/192 2261/2784 2262/2785
f 2262/2785 2261/2784 824/919
f 1080/1235 1056/1204 1060/1208
f 1060/1208 1056/1204 1027/1164
f 1906/2310 1905/2309 1911/2315
f 1911/2315 1905/2309 1916/2320
f 1911/2315 1916/2320 2007/2423
f 162/166 2/2 1/1
f 1/1 2/2 3/3
f 1015/1152 1047/1189 1045/1186
f 1045/1186 1047/1189 1587/1860
f 1045/1186 1587/1860 1586/1858
f 1586/1859 1587/1861 1585/1857
f 2011/2430 1906/2310 1912/2316
f 1912/2316 1906/2310 1911/2315
f 2040/2482 2037/2479 2152/2641
f 1027/1164 971/1108 916/1053
f 916/1053 971/1108 913/1050
f 2040/2482 2152/2641 196/220
f 196/219 2152/2640 162/166
f 1045/1187 1586/1859 1580/1851
f 1580/1851 1586/1859 1585/1857
f 75/75 6/6 73/73
f 6/6 76/76 77/77
f 79/79 78/78 138/141
f 2028/2463 856/974 855/973
f 855/973 856/974 857/975
f 1574/1840 1560/1813 1693/1997
f 906/1043 905/1042 903/1040
f 906/1043 903/1040 907/1044
f 907/1044 903/1040 997/1134
f 70/70 1/1 3/3
f 3/3 75/75 70/70
f 138/141 181/191 136/137
f 136/138 181/192 2262/2785
f 1081/1236 1080/1235 1060/1208
f 913/1050 905/1042 906/1043
f 1105/1270 1080/1235 1081/1236
f 2262/2785 824/919 2305/2847
f 2305/2846 824/918 788/868
f 1693/1997 1261/1440 1692/1996
f 916/1053 913/1050 906/1043
f 907/1044 997/1134 998/1135
f 69/69 1/1 70/70
f 77/77 76/76 78/78
f 77/77 78/78 79/79
f 2305/2846 788/868 786/865
f 1580/1851 1585/1857 1581/1852
f 1585/1857 2011/2431 1777/2136
f 1581/1852 1585/1857 1777/2136
f 1777/2137 2011/2430 1912/2316
f 1911/2315 2007/2423 1917/2321
f 1917/2321 2007/2423 2028/2462
f 73/73 6/6 77/77
f 136/138 2262/2785 2263/2786
f 2263/2786 2262/2785 2305/2847
f 1574/1840 1693/1997 1692/1996
f 162/166 1/1 69/69
f 75/75 73/73 72/72
f 79/79 138/141 136/137
f 786/865 788/868 787/866
f 997/1134 1015/1152 1016/1153
f 1016/1153 1015/1152 1045/1186
f 1016/1153 1045/1186 1753/2089
f 1753/2089 1045/1186 1074/1225
f 1912/2316 1911/2315 1913/2317
f 1913/2317 1911/2315 1917/2321
f 70/70 75/75 72/72
f 1060/1208 1027/1164 1028/1165
f 1028/1165 1027/1164 916/1053
f 1777/2137 1912/2316 1914/2318
f 1914/2318 1912/2316 1913/2317
f 855/973 857/975 858/976
f 858/976 857/975 874/995
f 908/1045 907/1044 998/1135
f 70/70 72/72 71/71
f 71/71 72/72 73/73
f 998/1135 997/1134 1016/1153
f 196/219 162/166 163/167
f 163/167 162/166 69/69
f 2264/2788 136/138 2263/2786
f 1689/1991 1574/1840 1692/1996
f 906/1043 907/1044 908/1045
f 858/976 874/995 2098/2551
f 71/71 73/73 74/74
f 77/77 79/79 135/136
f 135/136 79/79 136/137
f 1028/1165 916/1053 915/1052
f 858/976 2098/2551 892/1020
f 2100/2555 196/219 163/167
f 135/136 73/73 77/77
f 137/139 136/137 2264/2787
f 1451/1679 1450/1678 1452/1680
f 1081/1236 1060/1208 1066/1215
f 1066/1215 1060/1208 1028/1165
f 1753/2089 1074/1225 1582/1854
f 1583/1855 1581/1852 1777/2136
f 1777/2137 1914/2318 1915/2319
f 1915/2319 1914/2318 1913/2317
f 74/74 73/73 80/80
f 80/80 73/73 135/136
f 2264/2788 2263/2786 2265/2789
f 2263/2786 2305/2847 821/913
f 2265/2789 2263/2786 821/913
f 821/912 2305/2846 786/865
f 137/139 2264/2787 2266/2790
f 2266/2791 2264/2788 2265/2789
f 1689/1991 1692/1996 1690/1993
f 1690/1993 1692/1996 1705/2016
f 909/1046 906/1043 908/1045
f 908/1045 998/1135 990/1127
f 1915/2319 1913/2317 1917/2321
f 916/1053 906/1043 909/1046
f 915/1052 916/1053 909/1046
f 69/69 70/70 81/81
f 81/81 70/70 71/71
f 135/136 136/137 99/99
f 99/99 136/137 137/139
f 1690/1993 1705/2016 1212/1384
f 757/816 756/814 1106/1272
f 1583/1855 1777/2136 2013/2435
f 2013/2434 1777/2137 1915/2319
f 80/80 135/136 99/99
f 786/865 787/866 784/863
f 1090/1245 1081/1236 1066/1215
f 1106/1271 1081/1236 1090/1245
f 1584/1856 1753/2090 1582/1853
f 1915/2319 1917/2321 1918/2322
f 81/81 71/71 74/74
f 821/912 786/865 785/864
f 785/864 786/865 784/863
f 990/1127 998/1135 1003/1140
f 1003/1140 998/1135 1016/1153
f 2013/2434 1915/2319 1919/2323
f 1917/2321 2028/2462 2027/2461
f 2027/2460 2028/2463 855/973
f 99/99 137/139 2269/2795
f 2269/2796 137/140 2268/2794
f 2267/2792 821/912 785/864
f 1689/1991 1690/1993 1691/1994
f 1691/1994 1690/1993 1212/1384
f 917/1054 915/1052 909/1046
f 910/1047 909/1046 908/1045
f 1016/1153 1753/2089 1050/1194
f 1050/1193 1753/2090 1584/1856
f 1919/2323 1915/2319 1918/2322
f 858/976 892/1020 893/1022
f 2269/2796 2268/2794 828/927
f 2268/2794 2267/2793 828/927
f 828/926 2267/2792 785/864
f 1578/1847 1689/1991 1691/1994
f 1066/1215 1028/1165 1035/1172
f 1028/1165 915/1052 917/1054
f 1035/1172 1028/1165 917/1054
f 134/135 99/99 2269/2795
f 2269/2796 828/927 2285/2817
f 2286/2819 2269/2796 2285/2817
f 783/861 785/864 784/863
f 917/1054 909/1046 910/1047
f 1050/1193 1584/1856 1593/1868
f 1593/1868 1584/1856 1583/1855
f 74/74 80/80 97/97
f 97/97 80/80 98/98
f 134/135 2269/2795 2306/2848
f 2306/2848 2269/2795 2286/2818
f 2287/2821 828/926 783/861
f 783/861 828/926 785/864
f 1459/1687 1453/1681 1452/1680
f 1691/1994 1212/1384 1742/2067
f 1593/1868 1583/1855 1594/1869
f 1594/1869 1583/1855 2013/2435
f 855/973 858/976 859/977
f 81/81 74/74 97/97
f 2288/2822 2287/2820 2289/2823
f 2289/2823 2287/2820 783/862
f 910/1047 908/1045 911/1048
f 908/1045 990/1127 911/1048
f 911/1048 990/1127 1003/1140
f 98/98 80/80 99/99
f 705/746 711/752 757/816
f 2027/2460 855/973 860/978
f 859/977 858/976 893/1022
f 2105/2562 2100/2555 163/167
f 2105/2562 163/167 169/174
f 169/174 163/167 69/69
f 169/174 69/69 114/114
f 860/978 855/973 859/977
f 98/98 99/99 100/100
f 2306/2849 2288/2822 2290/2824
f 2290/2824 2288/2822 2289/2823
f 2289/2823 783/862 2314/2863
f 1579/1849 1578/1847 1691/1994
f 1035/1172 917/1054 927/1064
f 1594/1869 2013/2435 2008/2424
f 2008/2425 2013/2434 1919/2323
f 1919/2323 1918/2322 1920/2324
f 644/684 646/686 700/741
f 100/100 99/99 134/135
f 781/859 783/861 784/863
f 927/1064 917/1054 918/1055
f 918/1055 917/1054 910/1047
f 1004/1141 1003/1140 1016/1153
f 69/69 81/81 114/114
f 2314/2864 783/861 781/859
f 911/1048 1003/1140 1004/1141
f 1920/2324 1918/2322 1923/2327
f 1923/2327 1918/2322 1917/2321
f 82/82 81/81 97/97
f 912/1049 911/1048 1004/1141
f 1593/1868 1594/1869 1595/1870
f 1595/1870 1594/1869 2008/2424
f 132/133 100/100 134/135
f 2008/2425 1919/2323 1921/2325
f 1921/2325 1919/2323 1920/2324
f 132/133 134/135 2306/2848
f 1090/1245 1066/1215 1067/1216
f 1067/1216 1066/1215 1035/1172
f 1050/1193 1593/1868 1596/1871
f 1596/1871 1593/1868 1595/1870
f 132/133 2306/2848 175/180
f 175/181 2306/2849 2290/2824
f 781/859 784/863 782/860
f 1579/1849 1691/1994 1688/1990
f 1688/1990 1691/1994 1742/2067
f 910/1047 911/1048 912/1049
f 1094/1249 1090/1245 1067/1216
f 1016/1153 1050/1194 1765/2112
f 1765/2113 1050/1193 1596/1871
f 1595/1870 2008/2424 1774/2130
f 1774/2131 2008/2425 1921/2325
f 1923/2327 1917/2321 2027/2461
f 2101/2557 2105/2562 169/174
f 81/81 82/82 86/86
f 96/96 97/97 98/98
f 98/98 100/100 133/134
f 918/1055 910/1047 919/1056
f 919/1056 910/1047 912/1049
f 529/569 645/685 641/681
f 859/977 893/1022 2120/2587
f 114/114 81/81 86/86
f 96/96 98/98 133/134
f 133/134 100/100 132/133
f 1687/1989 1579/1849 1688/1990
f 1688/1990 1742/2067 1209/1380
f 83/83 82/82 97/97
f 83/83 97/97 96/96
f 1004/1141 1016/1153 1019/1156
f 1019/1156 1016/1153 1765/2112
f 780/858 2314/2864 781/859
f 175/181 2290/2824 2291/2825
f 2291/2825 2290/2824 2289/2823
f 2289/2823 2314/2863 780/857
f 861/979 859/977 2120/2587
f 93/93 96/96 133/134
f 1067/1216 1035/1172 1034/1171
f 1035/1172 927/1064 921/1058
f 1034/1171 1035/1172 921/1058
f 759/820 757/816 1106/1272
f 1774/2131 1921/2325 1922/2326
f 1922/2326 1921/2325 1920/2324
f 1923/2327 2027/2461 862/981
f 862/980 2027/2460 860/978
f 130/131 133/134 132/133
f 2291/2825 2289/2823 2292/2826
f 2292/2826 2289/2823 780/857
f 927/1064 918/1055 921/1058
f 1595/1870 1774/2130 2023/2452
f 1596/1871 1595/1870 2023/2452
f 2023/2453 1774/2131 1922/2326
f 1920/2324 1923/2327 1924/2328
f 1924/2328 1923/2327 862/981
f 921/1058 918/1055 919/1056
f 780/858 781/859 782/860
f 1687/1989 1688/1990 1685/1987
f 1685/1987 1688/1990 1209/1380
f 930/1067 912/1049 1004/1141
f 1926/2330 2023/2453 1922/2326
f 83/83 96/96 95/95
f 130/131 132/133 131/132
f 131/132 132/133 175/180
f 1005/1142 1004/1141 1019/1156
f 860/978 859/977 861/979
f 2101/2557 169/174 170/175
f 170/175 169/174 114/114
f 919/1056 912/1049 930/1067
f 922/1059 919/1056 930/1067
f 930/1067 1004/1141 1005/1142
f 1926/2330 1922/2326 1920/2324
f 1926/2330 1920/2324 1925/2329
f 1925/2329 1920/2324 1924/2328
f 862/980 860/978 861/979
f 170/175 114/114 115/115
f 115/115 114/114 86/86
f 95/95 96/96 93/93
f 921/1058 919/1056 922/1059
f 1034/1171 921/1058 920/1057
f 1765/2113 1596/1871 1604/1883
f 1596/1871 2023/2452 1603/1882
f 1603/1882 2023/2452 1926/2331
f 93/93 133/134 130/131
f 1604/1883 1596/1871 1603/1882
f 861/979 2120/2587 2121/2588
f 920/1057 921/1058 922/1059
f 1686/1988 1687/1989 1685/1987
f 2106/2564 2101/2557 170/175
f 82/82 83/83 84/84
f 84/84 83/83 95/95
f 923/1060 920/1057 922/1059
f 1091/1246 1094/1249 1067/1216
f 759/819 1094/1249 1091/1246
f 1603/1882 1926/2331 1623/1904
f 1011/1148 1005/1142 1019/1156
f 2146/2629 2106/2564 170/175
f 86/86 82/82 85/85
f 94/94 93/93 130/131
f 2292/2826 780/857 799/880
f 924/1061 922/1059 930/1067
f 930/1067 1005/1142 1006/1143
f 1006/1143 1005/1142 1011/1148
f 1019/1156 1765/2112 1766/2115
f 1766/2114 1765/2113 1604/1883
f 115/115 86/86 113/113
f 84/84 95/95 91/91
f 780/858 782/860 798/879
f 1766/2114 1604/1883 1606/1885
f 1604/1883 1603/1882 1605/1884
f 1605/1884 1603/1882 1623/1904
f 1623/1905 1926/2330 1925/2329
f 85/85 82/82 84/84
f 1684/1985 1686/1988 1685/1987
f 1684/1985 1685/1987 1683/1984
f 1683/1984 1685/1987 1209/1380
f 1034/1171 920/1057 923/1060
f 1606/1885 1604/1883 1605/1884
f 170/175 115/115 116/116
f 91/91 95/95 92/92
f 95/95 93/93 92/92
f 131/132 175/180 2293/2827
f 2293/2828 175/181 2291/2825
f 923/1060 922/1059 924/1061
f 1605/1884 1623/1904 1624/1906
f 640/680 510/550 641/681
f 2146/2629 170/175 174/179
f 174/179 170/175 116/116
f 94/94 130/131 101/101
f 130/131 131/132 129/130
f 129/130 131/132 2293/2827
f 799/881 780/858 798/879
f 1683/1984 1209/1380 1208/1378
f 924/1061 930/1067 928/1065
f 928/1065 930/1067 1006/1143
f 1091/1246 1067/1216 1068/1217
f 1068/1217 1067/1216 1034/1171
f 863/982 862/980 861/979
f 187/203 2146/2629 174/179
f 116/116 115/115 113/113
f 113/113 86/86 85/85
f 2293/2828 2291/2825 2292/2826
f 864/983 861/979 2121/2588
f 101/101 130/131 129/130
f 1468/1700 1684/1985 1683/1984
f 1034/1171 923/1060 935/1072
f 1607/1886 1605/1884 1624/1906
f 1624/1907 1623/1905 1925/2329
f 863/982 861/979 864/983
f 2293/2828 2292/2826 2294/2829
f 2294/2829 2292/2826 799/880
f 935/1072 923/1060 925/1062
f 925/1062 923/1060 924/1061
f 1606/1885 1605/1884 1607/1886
f 2294/2829 799/880 797/878
f 797/877 799/881 798/879
f 85/85 84/84 91/91
f 92/92 93/93 94/94
f 1019/1156 1766/2115 1763/2109
f 1763/2108 1766/2114 1606/1885
f 864/983 2121/2588 2118/2582
f 925/1062 924/1061 926/1063
f 926/1063 924/1061 928/1065
f 1092/1247 1091/1246 1068/1217
f 1606/1885 1607/1886 1608/1887
f 1608/1887 1607/1886 1624/1906
f 1925/2329 1924/2328 1939/2346
f 1939/2346 1924/2328 862/981
f 199/227 174/179 171/176
f 171/176 174/179 116/116
f 797/877 798/879 796/876
f 758/818 1091/1246 1092/1247
f 1763/2108 1606/1885 1609/1888
f 1608/1887 1624/1906 1625/1909
f 2108/2566 199/227 171/176
f 1682/1983 1468/1700 1683/1984
f 1683/1984 1208/1378 1744/2071
f 92/92 94/94 88/88
f 1068/1217 1034/1171 1026/1163
f 1026/1163 1034/1171 935/1072
f 1006/1143 1011/1148 1010/1147
f 1010/1147 1011/1148 1019/1156
f 108/108 91/91 90/90
f 1682/1983 1683/1984 1681/1982
f 1681/1982 1683/1984 1744/2071
f 935/1072 925/1062 926/1063
f 1010/1147 1019/1156 1043/1183
f 1043/1183 1019/1156 1763/2109
f 1609/1888 1608/1887 1610/1889
f 1610/1889 1608/1887 1625/1909
f 1625/1908 1624/1907 1927/2332
f 1927/2332 1624/1907 1925/2329
f 116/116 113/113 112/112
f 90/90 91/91 92/92
f 1927/2332 1925/2329 1939/2346
f 1939/2346 862/981 865/985
f 865/984 862/980 863/982
f 117/117 116/116 112/112
f 88/88 94/94 101/101
f 1466/1697 1465/1695 1682/1983
f 929/1066 926/1063 928/1065
f 884/1006 864/983 2118/2582
f 171/176 116/116 117/117
f 85/85 91/91 108/108
f 90/90 92/92 88/88
f 2295/2830 2293/2828 2294/2829
f 2294/2829 797/878 2316/2868
f 2316/2867 797/877 795/875
f 1763/2108 1609/1888 1611/1890
f 1611/1890 1609/1888 1610/1889
f 863/982 864/983 865/984
f 865/984 864/983 881/1003
f 129/130 2293/2827 128/128
f 128/129 2293/2828 2295/2830
f 797/877 796/876 795/875
f 929/1066 928/1065 938/1075
f 928/1065 1006/1143 1007/1144
f 1007/1144 1006/1143 1010/1147
f 931/1068 935/1072 926/1063
f 938/1075 928/1065 1007/1144
f 1043/1183 1763/2109 1055/1202
f 1055/1203 1763/2108 1611/1890
f 1610/1889 1625/1909 1769/2121
f 1769/2120 1625/1908 1927/2332
f 931/1068 926/1063 929/1066
f 1093/1248 1092/1247 1068/1217
f 1026/1163 935/1072 931/1068
f 101/101 129/130 128/128
f 102/102 101/101 128/128
f 1093/1248 1068/1217 1065/1214
f 1065/1214 1068/1217 1026/1163
f 881/1003 864/983 884/1006
f 88/88 101/101 102/102
f 1107/1274 1092/1247 1093/1248
f 189/207 2108/2566 171/176
f 108/108 90/90 87/87
f 1065/1214 1026/1163 1036/1173
f 1026/1163 931/1068 974/1111
f 1036/1173 1026/1163 974/1111
f 1611/1890 1610/1889 2032/2471
f 2032/2471 1610/1889 1769/2121
f 107/107 85/85 108/108
f 90/90 88/88 87/87
f 2295/2830 2294/2829 2296/2831
f 2296/2831 2294/2829 2316/2868
f 1612/1891 1611/1890 2032/2471
f 189/207 171/176 172/177
f 172/177 171/176 117/117
f 113/113 85/85 107/107
f 87/87 88/88 89/89
f 89/89 88/88 102/102
f 1466/1697 1682/1983 1680/1981
f 1680/1981 1682/1983 1681/1982
f 974/1111 931/1068 932/1069
f 932/1069 931/1068 929/1066
f 1055/1203 1611/1890 1620/1900
f 1620/1900 1611/1890 1612/1891
f 884/1006 2118/2582 894/1023
f 112/112 113/113 107/107
f 89/89 102/102 127/127
f 1927/2332 1939/2346 1937/2344
f 1937/2344 1939/2346 865/985
f 1769/2120 1927/2332 1928/2333
f 1928/2333 1927/2332 1937/2344
f 108/108 87/87 106/106
f 2316/2867 795/875 792/872
f 800/882 2316/2867 792/872
f 1937/2344 865/985 2025/2457
f 518/558 526/566 605/645
f 190/209 189/207 172/177
f 172/177 117/117 110/110
f 105/105 108/108 106/106
f 102/102 128/128 127/127
f 795/875 796/876 793/873
f 1043/1183 1055/1202 1770/2122
f 1770/2123 1055/1203 1620/1900
f 110/110 117/117 112/112
f 106/106 87/87 89/89
f 1680/1981 1681/1982 1679/1979
f 1679/1979 1681/1982 1744/2071
f 932/1069 929/1066 933/1070
f 933/1070 929/1066 938/1075
f 937/1074 938/1075 1007/1144
f 1007/1144 1010/1147 1009/1146
f 1009/1146 1010/1147 1043/1183
f 127/127 128/128 2297/2833
f 2297/2832 128/129 2295/2830
f 2296/2831 2316/2868 800/883
f 792/872 795/875 793/873
f 933/1070 938/1075 937/1074
f 2025/2456 865/984 881/1003
f 107/107 108/108 105/105
f 2297/2832 2295/2830 2296/2831
f 881/1003 884/1006 883/1005
f 883/1005 884/1006 894/1023
f 126/126 89/89 127/127
f 475/515 478/518 519/559
f 111/111 110/110 112/112
f 1553/1801 1680/1981 1679/1979
f 937/1074 1007/1144 1002/1139
f 1002/1139 1007/1144 1009/1146
f 104/104 106/106 89/89
f 126/126 127/127 139/142
f 139/142 127/127 2297/2833
f 2297/2832 2296/2831 2298/2834
f 2298/2834 2296/2831 800/883
f 974/1111 932/1069 934/1071
f 934/1071 932/1069 933/1070
f 1108/1276 1107/1274 1093/1248
f 2032/2470 1769/2120 1929/2334
f 1929/2334 1769/2120 1928/2333
f 882/1004 881/1003 883/1005
f 105/105 106/106 104/104
f 1036/1173 974/1111 973/1110
f 973/1110 974/1111 934/1071
f 1009/1146 1043/1183 1770/2122
f 1108/1276 1093/1248 1095/1250
f 1929/2334 1928/2333 1930/2335
f 1930/2335 1928/2333 1937/2344
f 1095/1250 1093/1248 1065/1214
f 1065/1214 1036/1173 1037/1174
f 1037/1174 1036/1173 973/1110
f 1930/2335 1937/2344 1938/2345
f 1938/2345 1937/2344 2025/2457
f 883/1005 894/1023 895/1025
f 103/103 104/104 89/89
f 89/89 126/126 103/103
f 112/112 107/107 111/111
f 139/142 2297/2833 180/189
f 180/190 2297/2832 2299/2835
f 2299/2835 2297/2832 2298/2834
f 1552/1799 1553/1801 1679/1979
f 1679/1979 1744/2071 1745/2073
f 933/1070 937/1074 936/1073
f 936/1073 937/1074 1002/1139
f 1620/1900 1612/1891 1613/1892
f 1613/1892 1612/1891 2032/2471
f 1613/1892 2032/2471 1614/1894
f 1614/1893 2032/2470 1929/2334
f 602/642 605/645 606/646
f 2025/2456 881/1003 882/1004
f 2111/2570 172/177 173/178
f 200/228 2111/2570 173/178
f 173/178 172/177 110/110
f 107/107 105/105 118/118
f 934/1071 933/1070 936/1073
f 173/178 110/110 109/109
f 109/109 110/110 111/111
f 111/111 107/107 118/118
f 1552/1799 1679/1979 1677/1976
f 1677/1976 1679/1979 1745/2073
f 1770/2123 1620/1900 1621/1901
f 1621/1901 1620/1900 1613/1892
f 126/126 139/142 125/125
f 125/125 139/142 180/189
f 792/872 793/873 794/874
f 934/1071 936/1073 939/1076
f 939/1076 936/1073 943/1080
f 943/1080 936/1073 1002/1139
f 1931/2336 1929/2334 1930/2335
f 109/109 111/111 119/119
f 103/103 126/126 125/125
f 973/1110 934/1071 940/1077
f 1614/1893 1929/2334 1934/2339
f 1934/2339 1929/2334 1931/2336
f 103/103 125/125 124/124
f 124/124 125/125 180/189
f 1095/1250 1065/1214 1075/1226
f 1075/1226 1065/1214 1037/1174
f 1037/1174 973/1110 945/1082
f 945/1082 973/1110 940/1077
f 940/1077 934/1071 939/1076
f 1100/1260 1108/1276 1095/1250
f 2134/2606 200/228 173/178
f 111/111 118/118 119/119
f 118/118 105/105 104/104
f 118/118 104/104 103/103
f 2299/2835 2298/2834 829/928
f 829/928 2298/2834 800/883
f 829/928 800/883 805/891
f 805/890 800/882 792/872
f 943/1080 1002/1139 989/1126
f 941/1078 943/1080 989/1126
f 989/1126 1002/1139 1009/1146
f 182/193 2134/2606 173/178
f 467/507 476/516 473/513
f 1052/1198 1770/2123 1621/1901
f 182/193 173/178 109/109
f 109/109 119/119 120/120
f 118/118 103/103 122/122
f 180/190 2299/2835 2300/2837
f 2300/2837 2299/2835 829/928
f 1678/1978 1552/1799 1677/1976
f 1009/1146 1770/2122 1052/1197
f 1100/1260 1095/1250 1075/1226
f 1931/2336 1930/2335 1932/2337
f 1930/2335 1938/2345 1936/2342
f 1932/2337 1930/2335 1936/2342
f 1936/2342 1938/2345 2025/2457
f 885/1007 2025/2456 882/1004
f 121/121 119/119 118/118
f 123/123 118/118 122/122
f 122/122 103/103 124/124
f 805/890 792/872 802/885
f 940/1077 939/1076 941/1078
f 941/1078 939/1076 943/1080
f 1621/1901 1613/1892 1615/1895
f 1615/1895 1613/1892 1614/1894
f 1936/2343 2025/2456 885/1007
f 120/120 119/119 121/121
f 121/121 118/118 123/123
f 124/124 180/189 2300/2836
f 1052/1198 1621/1901 1617/1897
f 1617/1897 1621/1901 1615/1895
f 885/1007 882/1004 888/1012
f 888/1012 883/1005 895/1025
f 182/193 109/109 177/184
f 802/885 792/872 801/884
f 801/884 792/872 794/874
f 989/1126 1009/1146 991/1128
f 991/1128 1009/1146 1052/1197
f 888/1012 895/1025 2115/2577
f 178/185 2114/2575 177/184
f 177/184 109/109 156/160
f 109/109 120/120 156/160
f 120/120 121/121 140/143
f 121/121 123/123 140/143
f 802/885 829/929 805/890
f 1100/1260 1075/1226 1078/1232
f 1934/2339 1931/2336 1933/2338
f 1933/2338 1931/2336 1932/2337
f 1932/2337 1936/2342 900/1035
f 900/1037 1936/2343 2455/3057
f 2455/3057 1936/2343 885/1007
f 156/160 178/185 177/184
f 2334/2901 178/185 156/160
f 156/160 120/120 165/169
f 165/169 120/120 164/168
f 120/120 140/143 164/168
f 164/168 140/143 166/170
f 140/143 123/123 166/170
f 166/170 123/123 159/163
f 123/123 122/122 159/163
f 159/163 122/122 124/124
f 159/163 124/124 160/164
f 160/164 124/124 2300/2836
f 2301/2838 2300/2837 829/928
f 2301/2838 829/928 2333/2898
f 2333/2897 829/929 802/885
f 804/888 801/884 794/874
f 804/888 794/874 818/906
f 794/874 849/962 1474/1708
f 818/906 794/874 1474/1708
f 1558/1808 1678/1978 1677/1976
f 945/1082 940/1077 942/1079
f 942/1079 940/1077 941/1078
f 2455/3057 885/1007 898/1031
f 885/1007 888/1012 898/1031
f 898/1031 888/1012 899/1033
f 2453/3054 888/1012 2115/2577
f 2334/2901 156/160 176/182
f 176/182 156/160 165/169
f 176/182 165/169 2324/2882
f 165/169 164/168 191/211
f 2324/2882 165/169 191/211
f 191/211 164/168 166/170
f 191/211 166/170 2325/2884
f 2325/2884 166/170 2327/2888
f 2327/2888 166/170 159/163
f 159/163 160/164 188/205
f 2327/2888 159/163 188/205
f 188/205 160/164 198/223
f 198/223 160/164 2300/2836
f 198/224 2300/2837 2301/2838
f 2333/2897 802/885 803/886
f 802/885 801/884 803/886
f 803/886 801/884 2598/3247
f 2598/3247 801/884 804/888
f 818/906 1474/1708 2534/3162
f 1075/1226 1037/1174 1054/1201
f 1054/1201 1037/1174 945/1082
f 1109/1277 1100/1260 1078/1232
f 1053/1200 1052/1198 1617/1897
f 1933/2338 1932/2337 1940/2347
f 1932/2337 900/1035 2456/3059
f 2456/3059 2026/2458 2004/2418
f 2116/2579 2334/2902 2332/2896
f 2116/2579 2332/2896 2331/2894
f 2329/2892 2323/2881 843/946
f 2332/2896 176/183 2331/2894
f 843/945 2323/2880 2321/2877
f 176/183 2324/2883 2331/2894
f 2331/2894 2324/2883 2330/2893
f 2324/2883 2322/2879 2330/2893
f 843/945 2321/2877 2320/2875
f 843/945 2320/2875 842/944
f 842/944 2320/2875 830/930
f 830/930 2320/2875 2326/2886
f 830/930 2326/2886 2328/2890
f 830/930 2328/2890 803/886
f 2328/2890 2333/2897 803/886
f 803/887 2598/3248 2584/3228
f 2584/3228 2598/3248 2594/3242
f 2594/3242 2598/3248 2553/3190
f 2553/3191 2547/3180 2549/3183
f 2549/3183 2548/3181 2587/3232
f 1078/1232 1075/1226 1054/1201
f 1054/1201 945/1082 948/1085
f 991/1128 1052/1197 1053/1199
f 1615/1895 1614/1894 1935/2340
f 1935/2341 1614/1893 1934/2339
f 1935/2341 1934/2339 1933/2338
f 1940/2347 1932/2337 2456/3059
f 1940/2347 2456/3059 1943/2350
f 2456/3059 2004/2418 1943/2350
f 1943/2350 2004/2418 1946/2353
f 2004/2418 2026/2458 1946/2353
f 1946/2353 2026/2458 2460/3067
f 2026/2459 2450/3049 2460/3068
f 2450/3049 2429/3025 2446/3043
f 2446/3043 2429/3025 2428/3024
f 844/948 843/945 840/941
f 841/943 844/948 840/941
f 840/941 843/945 838/939
f 838/939 843/945 837/938
f 837/938 843/945 842/944
f 837/938 842/944 835/936
f 834/935 842/944 830/930
f 834/935 830/930 832/932
f 832/932 830/930 831/931
f 831/931 830/930 803/886
f 2579/3220 803/887 2584/3228
f 2584/3228 2594/3242 2583/3227
f 2583/3227 2594/3242 2553/3190
f 2583/3227 2553/3190 2596/3244
f 2583/3227 2596/3244 2585/3229
f 2585/3229 2596/3244 2587/3231
f 2587/3231 2555/3194 2597/3246
f 2555/3195 2551/3187 2588/3234
f 2588/3234 2551/3187 2516/3143
f 2516/3143 2517/3144 2554/3193
f 2517/3144 2530/3157 2531/3158
f 1677/1976 1745/2073 1235/1408
f 944/1081 941/1078 989/1126
f 1617/1897 1615/1895 1616/1896
f 1946/2353 1987/2397 1948/2355
f 1948/2355 1987/2397 2457/3061
f 1948/2355 2457/3061 1950/2357
f 1950/2357 2457/3061 1963/2370
f 1963/2370 2457/3061 2006/2421
f 1616/1896 1615/1895 1935/2340
f 1933/2338 1940/2347 1941/2348
f 1940/2347 1943/2350 1941/2348
f 1941/2348 1943/2350 1945/2352
f 1943/2350 1946/2353 1945/2352
f 831/931 803/886 2593/3240
f 2593/3241 803/887 2579/3220
f 2579/3220 2584/3228 2583/3227
f 2579/3220 2583/3227 2577/3218
f 2583/3227 2585/3229 2577/3218
f 2577/3218 2585/3229 2575/3216
f 2575/3216 2585/3229 2587/3231
f 2575/3216 2587/3231 2574/3215
f 2587/3231 2597/3246 2586/3230
f 2586/3230 2597/3246 2588/3233
f 2588/3233 2599/3250 2589/3235
f 2599/3250 2595/3243 2590/3236
f 2589/3235 2599/3250 2590/3236
f 2595/3243 2554/3192 2600/3252
f 2595/3243 2600/3252 2591/3237
f 2591/3238 2543/3175 2540/3170
f 2591/3237 2540/3169 2592/3239
f 2592/3239 2540/3169 2550/3184
f 2540/3170 2541/3172 2550/3186
f 1558/1808 1677/1976 1670/1969
f 1670/1969 1677/1976 1235/1408
f 1097/1253 1109/1277 1078/1232
f 1971/2379 2017/2441 1999/2413
f 2017/2441 2031/2468 1999/2413
f 2448/3045 2668/3354 1997/2410
f 1997/2410 2668/3354 2009/2427
f 1947/2354 1946/2353 1948/2355
f 1947/2354 1948/2355 1949/2356
f 1949/2356 1948/2355 1950/2357
f 1949/2356 1950/2357 1951/2358
f 1951/2358 1950/2357 1963/2370
f 1951/2358 1963/2370 1968/2376
f 1963/2370 2006/2421 1968/2376
f 1968/2376 2006/2421 1970/2378
f 2006/2421 2016/2439 1970/2378
f 1970/2378 2016/2439 1971/2379
f 1971/2379 2016/2439 2017/2441
f 1935/2341 1933/2338 1944/2351
f 2018/2443 1935/2341 1944/2351
f 1944/2351 1933/2338 1941/2348
f 1944/2351 1941/2348 1962/2369
f 1962/2369 1941/2348 1947/2354
f 1947/2354 1941/2348 1945/2352
f 1945/2352 1946/2353 1947/2354
f 2668/3353 2449/3047 2666/3351
f 841/943 840/941 2164/2663
f 2164/2663 840/941 839/940
f 840/941 838/939 839/940
f 839/940 838/939 836/937
f 838/939 837/938 836/937
f 836/937 837/938 835/936
f 836/937 835/936 1883/2281
f 835/936 834/935 1883/2281
f 834/935 832/932 1883/2281
f 1883/2281 832/932 833/933
f 832/932 831/931 833/933
f 833/933 831/931 2593/3240
f 2593/3241 2579/3220 2578/3219
f 2578/3219 2579/3220 2577/3218
f 2578/3219 2577/3218 2576/3217
f 2577/3218 2575/3216 2576/3217
f 2576/3217 2575/3216 2562/3203
f 2575/3216 2574/3215 2562/3203
f 2562/3203 2574/3215 2557/3198
f 2586/3230 2588/3233 2558/3199
f 2557/3198 2586/3230 2558/3199
f 2588/3233 2560/3201 2558/3199
f 2560/3201 2589/3235 2564/3205
f 2589/3235 2590/3236 2564/3205
f 2564/3205 2590/3236 2566/3207
f 2566/3207 2595/3243 2591/3237
f 2566/3207 2591/3237 2568/3209
f 2568/3209 2591/3237 2570/3211
f 2570/3211 2591/3237 2592/3239
f 2570/3211 2592/3239 2573/3214
f 2573/3214 2592/3239 2550/3184
f 2573/3214 2550/3184 2669/3357
f 2550/3185 2541/3171 2671/3359
f 2669/3356 2550/3185 2671/3359
f 2671/3359 2541/3171 1536/1775
f 2671/3359 1536/1775 2670/3358
f 942/1079 941/1078 944/1081
f 1078/1232 1054/1201 1073/1223
f 1073/1223 1054/1201 948/1085
f 948/1085 945/1082 946/1083
f 946/1083 945/1082 942/1079
f 1097/1253 1078/1232 1073/1223
f 1972/2380 1971/2379 1973/2381
f 1971/2379 1999/2413 1973/2381
f 1973/2381 1999/2413 1977/2385
f 1999/2413 1997/2410 1977/2385
f 1977/2385 1997/2410 1981/2391
f 1981/2391 1997/2410 2009/2427
f 1617/1897 1616/1896 1618/1898
f 1952/2359 1949/2356 1951/2358
f 1952/2359 1951/2358 1966/2373
f 1966/2373 1951/2358 1967/2375
f 1967/2375 1951/2358 1968/2376
f 1967/2375 1968/2376 1969/2377
f 1968/2376 1970/2378 1969/2377
f 1969/2377 1970/2378 1971/2379
f 1969/2377 1971/2379 1972/2380
f 2009/2426 2668/3353 2666/3351
f 1981/2390 2009/2426 2666/3351
f 1991/2404 1962/2369 1947/2354
f 1991/2404 1947/2354 1952/2359
f 1947/2354 1949/2356 1952/2359
f 1935/2341 2018/2443 1655/1952
f 1616/1896 1935/2340 1655/1951
f 1655/1952 2018/2443 2029/2464
f 2666/3351 2449/3047 2667/3352
f 2667/3352 2449/3047 2194/2696
f 846/952 2164/2663 845/950
f 845/950 2164/2663 839/940
f 833/933 2593/3240 1858/2231
f 1858/2231 2593/3240 848/958
f 2593/3241 2578/3219 848/959
f 848/959 2578/3219 2580/3221
f 2578/3219 2576/3217 2580/3221
f 2580/3221 2576/3217 1881/2277
f 1881/2277 2576/3217 2562/3203
f 2562/3203 2557/3198 2561/3202
f 2561/3202 2557/3198 2559/3200
f 2557/3198 2558/3199 2559/3200
f 2559/3200 2558/3199 2560/3201
f 2559/3200 2560/3201 2563/3204
f 2560/3201 2564/3205 2563/3204
f 2563/3204 2564/3205 2565/3206
f 2564/3205 2566/3207 2565/3206
f 2565/3206 2566/3207 2567/3208
f 2566/3207 2568/3209 2567/3208
f 2567/3208 2568/3209 2569/3210
f 2568/3209 2570/3211 2569/3210
f 2569/3210 2570/3211 2571/3212
f 2570/3211 2573/3214 2572/3213
f 2571/3212 2570/3211 2572/3213
f 2572/3213 2573/3214 2669/3357
f 1849/2219 1558/1808 1670/1969
f 2670/3358 1536/1775 2672/3361
f 946/1083 942/1079 944/1081
f 1053/1200 1617/1897 1619/1899
f 1974/2382 1972/2380 1975/2383
f 1975/2383 1972/2380 1973/2381
f 1975/2383 1973/2381 1977/2385
f 1975/2383 1977/2385 1980/2389
f 1980/2389 1977/2385 1981/2391
f 1980/2389 1981/2391 1988/2398
f 1619/1899 1617/1897 1618/1898
f 1978/2386 1966/2373 1967/2375
f 1978/2386 1967/2375 1969/2377
f 1978/2386 1969/2377 1976/2384
f 1976/2384 1969/2377 1974/2382
f 1969/2377 1972/2380 1974/2382
f 1981/2390 2666/3351 2665/3350
f 1618/1898 1616/1896 1655/1951
f 1846/2214 1991/2404 1952/2359
f 1846/2214 1952/2359 2024/2454
f 2024/2454 1952/2359 1966/2373
f 2024/2455 1966/2374 1843/2210
f 2665/3350 2666/3351 2667/3352
f 1944/2351 1962/2369 2029/2464
f 1962/2369 1991/2404 2029/2464
f 2029/2464 1991/2404 1846/2214
f 1797/2161 1655/1953 2029/2465
f 1797/2161 2029/2465 1793/2156
f 1793/2156 2029/2465 1846/2215
f 2667/3352 2194/2696 2193/2694
f 1797/2161 1793/2156 1794/2157
f 1797/2161 1794/2157 1796/2159
f 2172/2671 2173/2672 2171/2670
f 1656/1954 1797/2160 1740/2062
f 1798/2162 1797/2161 1796/2159
f 1798/2162 1796/2159 846/954
f 846/954 1796/2159 2186/2687
f 1797/2161 1798/2162 1740/2063
f 1798/2162 846/954 845/951
f 1746/2075 1740/2063 1799/2163
f 1740/2063 1798/2162 1799/2163
f 1799/2163 1798/2162 845/951
f 1799/2163 845/951 1845/2213
f 1845/2212 845/950 839/940
f 836/937 1845/2212 839/940
f 1845/2212 836/937 1848/2217
f 1848/2217 836/937 1883/2281
f 1848/2218 1883/2282 1842/2209
f 1842/2209 1883/2282 833/934
f 1820/2187 1819/2186 1821/2188
f 1821/2188 1819/2186 1842/2209
f 1821/2188 1842/2209 1858/2232
f 1858/2232 1842/2209 833/934
f 1822/2189 1820/2187 1821/2188
f 1748/2079 1820/2187 1822/2189
f 1821/2188 1858/2232 848/960
f 1748/2079 1822/2189 1696/2002
f 1822/2189 1821/2188 1823/2190
f 1821/2188 848/960 1823/2190
f 1823/2190 848/960 1851/2224
f 1851/2224 848/960 2580/3222
f 1851/2224 2580/3222 1881/2278
f 1862/2239 1881/2278 1878/2272
f 1878/2271 1881/2277 2562/3203
f 1696/2002 1822/2189 1824/2191
f 1824/2191 1822/2189 1823/2190
f 1824/2191 1823/2190 1825/2192
f 1825/2192 1823/2190 1827/2194
f 1823/2190 1851/2224 1827/2194
f 1827/2194 1851/2224 1835/2202
f 1835/2202 1851/2224 1862/2239
f 1851/2224 1881/2278 1862/2239
f 1878/2271 2562/3203 2561/3202
f 1861/2238 1878/2272 1874/2264
f 1878/2271 2561/3202 1874/2263
f 1874/2263 2561/3202 2559/3200
f 1874/2263 2559/3200 2581/3223
f 1824/2191 1825/2192 1826/2193
f 1825/2192 1827/2194 1826/2193
f 2581/3223 2559/3200 2563/3204
f 2581/3223 2563/3204 2565/3206
f 2581/3223 2565/3206 1875/2265
f 2581/3224 1875/2266 1871/2258
f 1875/2265 2565/3206 2567/3208
f 1875/2265 2567/3208 2582/3225
f 1849/2221 1696/2002 1824/2191
f 1849/2221 1824/2191 1831/2198
f 1831/2198 1824/2191 1826/2193
f 1831/2198 1826/2193 1829/2196
f 2582/3225 2567/3208 2569/3210
f 2582/3225 2569/3210 1868/2251
f 1868/2251 2569/3210 1879/2273
f 1879/2273 2569/3210 2571/3212
f 2571/3212 2572/3213 1879/2273
f 1879/2273 2572/3213 1866/2246
f 2572/3213 2669/3357 1866/2246
f 1849/2221 1831/2198 1876/2268
f 1876/2268 1831/2198 1522/1759
f 1522/1759 1831/2198 1829/2196
f 1522/1759 1829/2196 1844/2211
f 1522/1759 1844/2211 1538/1779
f 1669/1968 1849/2219 1670/1969
f 1538/1778 1575/1841 1544/1787
f 1544/1787 1575/1841 1547/1790
f 1870/2256 1866/2247 2669/3356
f 1870/2256 2669/3356 2670/3358
f 1531/1769 1548/1791 1530/1768
f 1530/1768 1548/1791 1561/1814
f 2672/3361 1870/2256 2670/3358
f 1870/2256 2672/3361 1869/2253
f 1533/1771 1532/1770 1535/1773
f 1535/1773 1882/2279 2672/3360
f 944/1081 989/1126 988/1125
f 988/1125 989/1126 991/1128
f 991/1128 1053/1199 1076/1227
f 1076/1228 1053/1200 1619/1899
f 1975/2383 1980/2389 2019/2444
f 1864/2242 1975/2383 2019/2444
f 2019/2444 1980/2389 1988/2398
f 2022/2450 1978/2386 1976/2384
f 2022/2450 1976/2384 1974/2382
f 2022/2450 1974/2382 1817/2183
f 1974/2382 1975/2383 1817/2183
f 1803/2167 1817/2184 1804/2168
f 1817/2183 1975/2383 1864/2242
f 1804/2168 1817/2184 1864/2243
f 1804/2168 1864/2243 1847/2216
f 1988/2399 1981/2390 2665/3350
f 1988/2399 2665/3350 1850/2222
f 1966/2374 1978/2387 1843/2210
f 1843/2210 1978/2387 1818/2185
f 1818/2185 1978/2387 2022/2451
f 1809/2173 2665/3350 2667/3352
f 1850/2222 2665/3350 1809/2173
f 1846/2215 2024/2455 1787/2150
f 2024/2455 1843/2210 1787/2150
f 1787/2150 1843/2210 1782/2145
f 1782/2145 1843/2210 1784/2147
f 1784/2147 1843/2210 1818/2185
f 1809/2173 2667/3352 1859/2233
f 1618/1898 1655/1951 1797/2160
f 1793/2156 1846/2215 1788/2151
f 1846/2215 1787/2150 1788/2151
f 1788/2151 1787/2150 1781/2144
f 1787/2150 1782/2145 1781/2144
f 1781/2144 1782/2145 1783/2146
f 1782/2145 1784/2147 1783/2146
f 1783/2146 1784/2147 1785/2148
f 1859/2233 2667/3352 2193/2694
f 1618/1898 1797/2160 1656/1954
f 1794/2157 1793/2156 1790/2153
f 1790/2153 1793/2156 1788/2151
f 1790/2153 1788/2151 1789/2152
f 1789/2152 1788/2151 1781/2144
f 1789/2152 1781/2144 1791/2154
f 1791/2154 1781/2144 1792/2155
f 1792/2155 1781/2144 1783/2146
f 1783/2146 1785/2148 2196/2702
f 1792/2155 1783/2146 2196/2702
f 2196/2702 1785/2148 1810/2176
f 2196/2701 1810/2175 2187/2688
f 1877/2269 2191/2692 2180/2679
f 1796/2159 1794/2157 2186/2687
f 2186/2687 1794/2157 1795/2158
f 1794/2157 1790/2153 1795/2158
f 1795/2158 1790/2153 2199/2708
f 2199/2708 1790/2153 1789/2152
f 2199/2708 1789/2152 1860/2237
f 1860/2237 1789/2152 1791/2154
f 1860/2237 1791/2154 1872/2260
f 1791/2154 1792/2155 1872/2260
f 1872/2260 1792/2155 2185/2685
f 2185/2685 1792/2155 2196/2702
f 2185/2684 2196/2701 2172/2671
f 2186/2687 1795/2158 2199/2708
f 2199/2707 1860/2236 2178/2677
f 1656/1954 1740/2062 1746/2074
f 1880/2275 1656/1954 1746/2074
f 1657/1955 1656/1954 1880/2275
f 1880/2276 1746/2075 1811/2177
f 1811/2177 1746/2075 1799/2163
f 1811/2177 1799/2163 1812/2178
f 1812/2178 1799/2163 1845/2213
f 1873/2262 1880/2276 1811/2177
f 1873/2262 1811/2177 1813/2179
f 1813/2179 1811/2177 1812/2178
f 1812/2178 1845/2213 1848/2218
f 1660/1959 1873/2262 1813/2179
f 1660/1959 1813/2179 1814/2180
f 1814/2180 1813/2179 1812/2178
f 663/703 664/704 671/711
f 1814/2180 1812/2178 1815/2181
f 1815/2181 1812/2178 1848/2218
f 1815/2181 1848/2218 1842/2209
f 1660/1959 1814/2180 1816/2182
f 1816/2182 1814/2180 1815/2181
f 1867/2250 1660/1959 1816/2182
f 1662/1961 1660/1958 1867/2249
f 1816/2182 1815/2181 1819/2186
f 1819/2186 1815/2181 1842/2209
f 1662/1961 1867/2249 1664/1963
f 1867/2250 1816/2182 1820/2187
f 1820/2187 1816/2182 1819/2186
f 1665/1964 1664/1963 1867/2249
f 1665/1964 1867/2249 1748/2078
f 1748/2079 1867/2250 1820/2187
f 1669/1968 1665/1964 1748/2078
f 1665/1964 1669/1968 1666/1965
f 1669/1968 1748/2078 1696/2001
f 1835/2202 1862/2239 1861/2238
f 1862/2239 1878/2272 1861/2238
f 1669/1968 1696/2001 1849/2219
f 1826/2193 1827/2194 1828/2195
f 1827/2194 1835/2202 1828/2195
f 1828/2195 1835/2202 1832/2199
f 1835/2202 1861/2238 1832/2199
f 1861/2238 1874/2264 1834/2201
f 1832/2199 1861/2238 1834/2201
f 1834/2201 1874/2264 2581/3224
f 1834/2201 2581/3224 1871/2258
f 1829/2196 1826/2193 1828/2195
f 1829/2196 1828/2195 1830/2197
f 1830/2197 1828/2195 1832/2199
f 1830/2197 1832/2199 1833/2200
f 1833/2200 1832/2199 1834/2201
f 1833/2200 1834/2201 1836/2203
f 1836/2203 1834/2201 1837/2204
f 1834/2201 1871/2258 1837/2204
f 1837/2204 1871/2258 1840/2207
f 1840/2207 1871/2258 1875/2266
f 1840/2207 1875/2266 2582/3226
f 1844/2211 1830/2197 1833/2200
f 1844/2211 1833/2200 1852/2225
f 1852/2225 1833/2200 1836/2203
f 1852/2225 1836/2203 1838/2205
f 1836/2203 1837/2204 1838/2205
f 1838/2205 1837/2204 1839/2206
f 1837/2204 1840/2207 1839/2206
f 1839/2206 1840/2207 1841/2208
f 1841/2208 1840/2207 2582/3226
f 1841/2208 2582/3226 1868/2252
f 1841/2208 1868/2252 1854/2227
f 1854/2227 1868/2252 1879/2274
f 1854/2227 1879/2274 1856/2229
f 1856/2229 1879/2274 1866/2248
f 1669/1968 1670/1969 1668/1967
f 1865/2245 1852/2225 1838/2205
f 1865/2245 1838/2205 1839/2206
f 1865/2245 1839/2206 1853/2226
f 1839/2206 1841/2208 1853/2226
f 1853/2226 1841/2208 1854/2227
f 1853/2226 1854/2227 1855/2228
f 1854/2227 1856/2229 1855/2228
f 1855/2228 1856/2229 1857/2230
f 1856/2229 1866/2248 1857/2230
f 1857/2230 1866/2248 1870/2257
f 1668/1967 1670/1969 1235/1408
f 1561/1815 1853/2226 1855/2228
f 1561/1815 1855/2228 1863/2241
f 1863/2241 1855/2228 1857/2230
f 1863/2241 1857/2230 1869/2255
f 1857/2230 1870/2257 1869/2255
f 1061/1209 1073/1223 948/1085
f 1061/1209 948/1085 946/1083
f 946/1083 944/1081 947/1084
f 947/1084 944/1081 988/1125
f 1419/1629 1097/1253 1073/1223
f 1847/2216 1864/2243 2019/2445
f 2019/2445 1988/2400 1850/2223
f 1802/2166 2022/2451 1801/2165
f 1801/2165 2022/2451 1817/2184
f 1801/2165 1817/2184 1803/2167
f 1804/2168 1847/2216 1806/2170
f 1806/2170 1847/2216 1807/2171
f 1847/2216 2019/2445 1807/2171
f 2019/2445 1850/2223 1809/2174
f 1807/2171 2019/2445 1809/2174
f 1818/2185 2022/2451 1800/2164
f 1784/2147 1818/2185 1800/2164
f 2022/2451 1802/2166 1800/2164
f 1800/2164 1802/2166 1801/2165
f 1801/2165 1803/2167 2197/2704
f 2197/2704 1803/2167 1804/2168
f 2197/2704 1804/2168 1805/2169
f 1804/2168 1806/2170 1805/2169
f 1805/2169 1806/2170 1807/2171
f 1805/2169 1807/2171 1808/2172
f 1808/2172 1807/2171 1809/2174
f 1808/2172 1809/2174 1859/2235
f 1784/2147 1800/2164 1786/2149
f 1785/2148 1784/2147 1786/2149
f 1786/2149 1800/2164 2197/2704
f 1800/2164 1801/2165 2197/2704
f 2197/2704 1805/2169 2195/2700
f 1805/2169 1808/2172 2195/2700
f 2195/2700 1808/2172 1859/2235
f 1618/1898 1656/1954 1657/1955
f 1657/1955 1880/2275 1658/1956
f 1658/1956 1880/2275 1873/2261
f 1658/1956 1873/2261 1659/1957
f 1659/1957 1873/2261 1660/1958
f 1660/1958 1662/1961 1661/1960
f 1659/1957 1660/1958 1661/1960
f 1661/1960 1662/1961 1663/1962
f 1663/1962 1662/1961 1664/1963
f 1664/1963 1665/1964 1663/1962
f 1663/1962 1665/1964 1667/1966
f 1665/1964 1666/1965 1667/1966
f 1667/1966 1666/1965 1668/1967
f 1666/1965 1669/1968 1668/1967
f 1668/1967 1235/1408 1426/1645
f 1061/1209 946/1083 1403/1610
f 1403/1610 946/1083 947/1084
f 1403/1610 947/1084 1038/1175
f 1038/1175 947/1084 988/1125
f 988/1125 991/1128 1077/1229
f 1077/1229 991/1128 1076/1227
f 1419/1629 1073/1223 1061/1209
f 1419/1631 1061/1210 1404/1612
f 1619/1899 1618/1898 1698/2005
f 1618/1898 1657/1955 1698/2005
f 1698/2005 1657/1955 1676/1975
f 1657/1955 1658/1956 1676/1975
f 1676/1975 1658/1956 1675/1974
f 1675/1974 1658/1956 1659/1957
f 1675/1974 1659/1957 1674/1973
f 1659/1957 1661/1960 1674/1973
f 1674/1973 1661/1960 1673/1972
f 1661/1960 1663/1962 1673/1972
f 1673/1972 1663/1962 1671/1970
f 1671/1970 1663/1962 1667/1966
f 677/717 738/780 743/788
f 1671/1970 1667/1966 1672/1971
f 661/701 677/717 743/788
f 1667/1966 1668/1967 1672/1971
f 1672/1971 1668/1967 1697/2003
f 1697/2003 1668/1967 1426/1645
f 1038/1175 988/1125 1077/1229
f 1404/1612 1061/1210 1403/1611
f 1761/2104 1076/1228 1619/1899
f 1077/1230 1076/1228 1761/2104
f 1419/1631 1404/1612 1402/1609
f 1760/2102 1761/2104 1619/1899
f 1422/1638 1419/1631 1402/1609
f 1760/2102 1619/1899 1698/2005
f 1423/1640 1422/1638 1405/1613
f 1405/1613 1422/1638 1402/1609
f 740/784 1423/1640 1405/1613
f 1760/2102 1698/2005 1676/1975
f 1413/1621 1760/2102 1676/1975
f 740/784 1405/1613 1411/1619
f 1420/1633 740/784 1411/1619
f 1413/1621 1676/1975 1675/1974
f 1417/1627 1420/1633 1411/1619
f 777/852 1420/1633 1417/1627
f 1424/1641 1413/1621 1675/1974
f 777/852 1417/1627 1414/1623
f 1413/1622 1424/1642 1778/2139
f 1424/1641 1675/1974 1674/1973
f 778/854 777/852 1414/1623
f 1758/2099 1424/1641 1674/1973
f 1424/1641 1758/2099 1778/2138
f 778/854 1414/1623 1415/1624
f 775/848 778/854 1415/1624
f 1758/2099 1674/1973 1673/1972
f 775/848 1415/1624 1418/1628
f 1418/1628 1415/1624 1410/1618
f 1778/2138 1758/2099 1673/1972
f 1778/2138 1673/1972 1751/2084
f 738/781 775/848 1418/1628
f 1751/2084 1673/1972 1671/1970
f 738/781 1418/1628 1412/1620
f 1671/1970 1672/1971 1751/2084
f 743/789 738/781 1412/1620
f 1751/2084 1672/1971 1401/1607
f 743/789 1412/1620 1408/1616
f 753/809 743/789 1408/1616
f 1672/1971 1697/2003 1401/1607
f 1421/1636 753/809 1408/1616
f 1421/1636 1408/1616 1406/1614
f 1421/1636 1406/1614 1409/1617
f 1425/1644 1421/1636 1409/1617
f 1416/1626 1697/2004 1426/1647
f 1425/1644 1409/1617 1277/1460
f 1425/1643 1277/1459 1226/1399
f 1226/1399 1277/1459 1254/1428
f 1403/1611 1038/1176 1398/1604
f 1038/1176 1077/1231 1398/1604
f 1402/1609 1404/1612 1384/1590
f 1404/1612 1403/1611 1384/1590
f 1384/1590 1403/1611 1383/1589
f 1403/1611 1398/1604 1383/1589
f 1383/1589 1398/1604 1382/1588
f 1382/1588 1398/1604 1392/1598
f 1392/1598 1398/1604 1077/1231
f 1392/1598 1077/1231 1761/2105
f 1384/1590 1383/1589 1365/1571
f 1377/1583 1384/1590 1365/1571
f 1365/1571 1383/1589 1382/1588
f 1365/1571 1382/1588 1366/1572
f 1382/1588 1392/1598 1366/1572
f 1366/1572 1392/1598 1396/1602
f 1396/1602 1392/1598 1761/2105
f 1386/1592 1402/1609 1384/1590
f 1386/1592 1384/1590 1377/1583
f 1396/1602 1761/2105 1760/2103
f 1405/1613 1402/1609 1386/1592
f 1363/1569 1366/1572 1396/1602
f 1405/1613 1386/1592 1378/1584
f 1378/1584 1386/1592 1377/1583
f 1378/1584 1377/1583 1370/1576
f 1370/1576 1377/1583 1365/1571
f 1365/1571 1366/1572 1363/1569
f 1370/1576 1365/1571 1362/1568
f 1362/1568 1365/1571 1363/1569
f 1363/1569 1396/1602 1397/1603
f 1397/1603 1396/1602 1760/2103
f 1376/1582 1378/1584 1370/1576
f 1411/1619 1405/1613 1395/1601
f 1395/1601 1405/1613 1378/1584
f 1390/1596 1363/1569 1397/1603
f 1395/1601 1378/1584 1376/1582
f 1397/1603 1760/2103 1413/1622
f 1362/1568 1363/1569 1359/1565
f 1359/1565 1363/1569 1390/1596
f 1367/1573 1370/1576 1362/1568
f 1395/1601 1376/1582 1375/1581
f 1375/1581 1376/1582 1370/1576
f 1411/1619 1395/1601 1375/1581
f 1367/1573 1362/1568 1358/1564
f 1358/1564 1362/1568 1359/1565
f 1359/1565 1390/1596 1391/1597
f 1391/1597 1390/1596 1397/1603
f 1397/1603 1413/1622 1778/2139
f 1407/1615 1411/1619 1375/1581
f 1375/1581 1370/1576 1371/1577
f 1371/1577 1370/1576 1367/1573
f 1391/1597 1397/1603 1399/1605
f 1399/1605 1397/1603 1778/2139
f 1374/1580 1375/1581 1371/1577
f 1358/1564 1359/1565 1360/1566
f 1360/1566 1359/1565 1391/1597
f 1407/1615 1375/1581 1385/1591
f 1385/1591 1375/1581 1374/1580
f 1371/1577 1367/1573 1368/1574
f 1368/1574 1367/1573 1358/1564
f 1410/1618 1407/1615 1385/1591
f 1360/1566 1391/1597 1388/1594
f 1388/1594 1391/1597 1399/1605
f 1358/1564 1360/1566 1361/1567
f 1361/1567 1360/1566 1388/1594
f 1399/1605 1778/2139 1751/2085
f 1374/1580 1371/1577 1372/1578
f 1385/1591 1374/1580 1372/1578
f 1372/1578 1371/1577 1369/1575
f 1369/1575 1371/1577 1368/1574
f 1368/1574 1358/1564 1364/1570
f 1364/1570 1358/1564 1361/1567
f 1388/1594 1399/1605 1400/1606
f 1400/1606 1399/1605 1751/2085
f 1410/1618 1385/1591 1394/1600
f 1412/1620 1410/1618 1394/1600
f 1394/1600 1385/1591 1372/1578
f 1372/1578 1369/1575 1373/1579
f 1369/1575 1368/1574 1364/1570
f 1394/1600 1372/1578 1380/1586
f 1400/1606 1751/2085 1401/1608
f 1408/1616 1412/1620 1394/1600
f 1408/1616 1394/1600 1380/1586
f 1380/1586 1372/1578 1373/1579
f 1373/1579 1369/1575 1364/1570
f 1364/1570 1361/1567 1379/1585
f 1379/1585 1361/1567 1388/1594
f 1388/1594 1400/1606 1401/1608
f 1406/1614 1408/1616 1380/1586
f 1380/1586 1373/1579 1381/1587
f 1381/1587 1373/1579 1379/1585
f 1379/1585 1373/1579 1364/1570
f 1379/1585 1388/1594 1389/1595
f 1389/1595 1388/1594 1401/1608
f 1406/1614 1380/1586 1387/1593
f 1387/1593 1380/1586 1381/1587
f 1409/1617 1406/1614 1387/1593
f 1409/1617 1387/1593 1381/1587
f 1381/1587 1379/1585 1393/1599
f 1393/1599 1379/1585 1389/1595
f 1389/1595 1401/1608 1697/2004
f 1409/1617 1381/1587 1277/1460
f 1277/1460 1381/1587 1393/1599
f 1277/1460 1393/1599 1254/1429
f 1393/1599 1389/1595 1416/1626
f 1254/1429 1393/1599 1416/1626
f 1389/1595 1697/2004 1416/1626

