# https://github.com/mikedh/trimesh
mtllib material.mtl

o geometry_0.002
usemtl Material_0.002
v -0.07353213 -0.01103597 0.02416294
v -0.00541336 -0.03565935 0.02411081
v -0.02152403 0.01304291 0.02406023
v -0.05929573 0.04372680 0.02415177
v 0.01240464 0.05460003 0.02417078
v -0.03230478 0.10217874 0.02404585
v 0.02202203 0.10332099 0.02401395
v 0.04352539 0.09633826 0.02398741
v 0.06261480 0.08493032 0.02401749
v 0.04343037 -0.00339406 0.02415835
v 0.10068429 0.02860629 0.02403947
v 0.02407122 -0.08415918 0.02418985
v 0.08238924 -0.06656642 0.02397181
v 0.10093932 -0.02803459 0.02394298
v 0.09369959 -0.04717740 0.02395852
v 0.05468742 -0.09089427 0.02392857
v 0.03047513 -0.10186878 0.02401779
v -0.02878237 -0.10212649 0.02403614
v 0.00316698 -0.01046820 0.02391634
v 0.01211873 0.00780788 0.02402361
v -0.01110260 -0.00613001 0.02387776
v -0.05739104 0.09124483 0.02396572
v -0.09255131 0.05672393 0.02394133
v -0.10410319 0.03051515 0.02397273
v -0.10487708 -0.02619561 0.02386420
v -0.09938896 -0.04231641 0.02393518
v -0.06706721 -0.08471224 0.02389452
v 0.09299351 0.04866755 0.02394741
v 0.00574284 0.00713854 0.02393058
v -0.04944405 -0.09546939 0.02384258
v 0.00150551 -0.10727732 0.02361938
v 0.10485323 0.00880355 0.02356986
v -0.06851175 0.08595841 0.02319662
v -0.08886336 0.06537038 0.02323886
v 0.10499241 -0.01735811 0.02285279
v -0.03192724 -0.10384545 0.02311685
v -0.07661246 0.07924741 0.02284304
v 0.08304916 0.06783326 0.02291467
v 0.06871331 -0.08273653 0.02270906
v -0.08605530 -0.06806542 0.02270820
v 0.10129566 0.03382781 0.02276162
v 0.04519626 -0.09786623 0.02263041
v 0.01567440 0.10680473 0.02268638
v 0.10177369 -0.03173546 0.02275910
v -0.10058933 0.04411994 0.02263097
v -0.10870398 0.01663757 0.02246143
v -0.05277380 -0.09570674 0.02265253
v -0.09694643 0.05199007 0.02267372
v 0.10639471 0.00047359 0.02235006
v 0.09694798 0.04496290 0.02249002
v -0.05530821 0.09433821 0.02270099
v -0.10575222 0.03053402 0.02283084
v 0.09247371 0.05392016 0.02239868
v 0.08497606 -0.06518084 0.02274820
v 0.03112041 -0.10346461 0.02257904
v -0.01001480 -0.00158180 0.58967167
v -0.00974392 0.00319760 0.58321422
v -0.00990419 -0.00146923 0.50010234
v -0.01028858 -0.00151918 0.68579924
v -0.01000816 0.00313739 0.68918455
v -0.01016196 -0.00142165 0.77612340
v -0.00983434 0.00319331 0.80208486
v -0.00959751 0.00312458 0.40605134
v -0.00984468 -0.00154720 0.37648553
v -0.00970124 0.00320392 0.50702584
v -0.00980321 0.00319477 0.31277001
v -0.00999626 -0.00161322 0.25582725
v -0.00967368 0.00314359 0.21713872
v -0.01012834 -0.00165945 0.16690969
v -0.00990897 0.00302735 0.16302434
v -0.00969523 -0.00192662 0.04178242
v -0.00966933 0.00300901 0.06353034
v -0.00920980 0.00291189 0.03554058
v -0.01041230 -0.00143771 0.81927943
v -0.00971241 0.00322592 0.86968595
v -0.01010828 -0.00135770 0.86018240
v -0.01067574 -0.00152428 0.91832751
v -0.01034543 0.00277213 0.93667150
v -0.01069537 -0.00070927 0.93927294
v -0.01036471 0.00345498 0.95047897
v -0.01071685 -0.00215623 0.94993883
v -0.00826099 -0.00278089 0.02737216
v -0.00809101 0.00451133 0.02567220
v -0.01402468 -0.00250434 0.96350259
v -0.01326914 0.00439272 0.96329445
v -0.00803327 -0.00496678 0.03339434
v -0.00860809 -0.00510357 0.30897012
v -0.00840165 -0.00518485 0.06416058
v -0.00855757 -0.00497671 0.77768540
v -0.00860747 -0.00516378 0.16590443
v -0.00849971 -0.00507142 0.59662551
v -0.00863867 -0.00516525 0.69534099
v -0.00837269 -0.00478881 0.36804101
v -0.01369106 -0.00904052 0.96640533
v -0.00796674 0.00610542 0.06548224
v -0.00785247 0.00626863 0.23020640
v -0.00797509 0.00637096 0.55468708
v -0.00788480 0.00621586 0.43170884
v -0.00784619 0.00650801 0.82303816
v -0.00799321 0.00635589 0.30849612
v -0.00712279 0.00596498 0.02698265
v -0.00995190 0.00447355 0.02398126
v -0.00919775 -0.01112454 0.96375597
v -0.00002177 0.00863780 0.55162561
v 0.00405410 0.00695830 0.54535365
v 0.00408289 0.00689225 0.42572096
v 0.00392008 0.00687814 0.65441984
v -0.00010637 0.00858735 0.66425669
v -0.00000006 0.00871231 0.81302148
v 0.00406279 0.00704214 0.81948775
v 0.00001940 0.00853631 0.86972296
v 0.00000781 0.00835426 0.40087748
v 0.00382740 0.00679878 0.35464329
v 0.00408351 0.00708541 0.90980130
v -0.00003594 0.00856374 0.29927281
v 0.00408337 0.00689034 0.28456059
v 0.00410933 0.00694214 0.18098892
v -0.00016924 0.00863440 0.16338885
v 0.00398081 0.00680436 0.13005523
v 0.00415343 0.00667902 0.05923946
v 0.00033268 0.00797868 0.03881475
v 0.00442726 0.00598566 0.02651618
v 0.00028721 0.00898903 0.91337234
v 0.00089818 0.00703062 0.02656854
v 0.00119276 0.00951839 0.94846988
v -0.00248125 0.00960249 0.91540092
v -0.00226383 0.00892608 0.02385082
v 0.00618483 0.00404646 0.65842360
v 0.00636573 0.00393396 0.42842072
v 0.00611848 0.00371358 0.37778687
v 0.00222549 0.01291482 0.96460104
v 0.00654402 0.00332090 0.04982070
v 0.00639199 0.00392274 0.29307109
v 0.00653817 0.00294336 0.03523272
v -0.00463159 0.00846860 0.90858424
v -0.00419718 0.01278644 0.96362090
v -0.00539247 0.00912202 0.94585520
v -0.00452813 0.00834244 0.82573956
v -0.00466659 0.00827198 0.67723215
v -0.00476522 0.00817455 0.55247056
v -0.00479648 0.00796257 0.42359513
v -0.00485856 0.00804790 0.30814224
v -0.00459336 0.00758500 0.04318266
v -0.00481539 0.00815557 0.17258796
v 0.01058014 0.01240017 0.96798384
v 0.00336585 0.01638848 0.96881431
v -0.00801870 0.00642897 0.67838639
v -0.00801509 0.00651789 0.90603274
v -0.00806376 0.00628853 0.16797331
v -0.00702915 0.00814945 0.94932950
v -0.00958869 0.01058080 0.96365094
v -0.00054344 -0.00799587 0.60458612
v -0.00058676 -0.00779917 0.50240278
v 0.00420958 -0.00590783 0.56410009
v 0.00400185 -0.00584335 0.63735855
v 0.00405126 -0.00594589 0.42530271
v -0.00057245 -0.00796376 0.42292756
v -0.00060761 -0.00778165 0.35341775
v 0.00415952 -0.00595142 0.28886122
v -0.00052308 -0.00794217 0.25816652
v 0.00397578 -0.00592172 0.18266985
v -0.00070032 -0.00796212 0.14551242
v 0.00385263 -0.00578706 0.11992610
v -0.00026055 -0.00780492 0.03861026
v 0.00408874 -0.00588319 0.05746916
v -0.00062728 -0.00812184 0.76181310
v 0.00414688 -0.00584483 0.75807339
v -0.00061888 -0.00845127 0.83066803
v -0.00020844 -0.00830639 0.87588823
v 0.00126083 -0.00889112 0.90486366
v 0.00031373 -0.00640185 0.02699161
v 0.00454302 -0.00472356 0.02685290
v -0.00402242 -0.00867005 0.87708151
v -0.00552662 -0.00893708 0.92381835
v -0.00414919 -0.00834983 0.83115810
v -0.00535069 -0.00736340 0.77381253
v -0.00445506 -0.00602435 0.02715580
v -0.00552629 -0.00730632 0.16177186
v -0.00547869 -0.00709327 0.04311625
v -0.00538650 -0.00736168 0.67980677
v -0.00540586 -0.00725183 0.58712345
v -0.00102148 -0.00967595 0.92494458
v -0.00085165 -0.00906900 0.94845337
v -0.00585450 -0.00835988 0.94873661
v -0.00535885 -0.00715907 0.25581509
v -0.00538159 -0.00693105 0.35619640
v -0.00541949 -0.00707966 0.41844937
v -0.00532012 -0.00693073 0.50390691
v 0.00161099 -0.00738787 0.02419924
v -0.00743872 -0.00607199 0.02424406
v 0.00055233 -0.01329209 0.96286881
v -0.00464499 -0.01354829 0.96359235
v -0.00844989 -0.00509513 0.44446006
v -0.00882060 -0.00522134 0.82167554
v -0.00864878 -0.00514467 0.86928248
v -0.00831819 -0.00481775 0.50067008
v -0.00842517 -0.00498477 0.23902303
v -0.00893684 -0.00557224 0.91487712
v -0.00864704 -0.00562104 0.94907612
v -0.00354057 -0.01778966 0.96851254
v 0.00816606 -0.01533400 0.96810126
v -0.01202842 -0.00678318 0.96203005
v 0.10201512 -0.03111775 0.00849955
v 0.09627570 -0.04698010 0.00123257
v 0.10047503 -0.03710328 0.00028542
v 0.09708102 -0.04440838 0.02239855
v 0.10418040 -0.02422850 0.00120344
v 0.10660841 0.00018651 0.00120169
v 0.08915383 -0.05974922 0.00088124
v 0.09163714 -0.05509230 0.02241835
v 0.07690632 -0.07490895 0.02228060
v 0.10474844 0.01950094 0.02257851
v 0.10495086 0.02033840 0.00129326
v 0.10135144 0.03474974 0.00134430
v 0.09051169 -0.05642530 0.00017262
v 0.09691902 -0.04367042 0.00014023
v -0.02629597 0.01379583 0.97291315
v -0.01899475 0.00360317 0.97310966
v -0.01040426 0.01976157 0.97252119
v -0.01480436 0.02938270 0.97275800
v 0.00609004 0.03415319 0.97298509
v 0.02186355 0.01522913 0.97279829
v -0.01946819 -0.00559862 0.97288293
v -0.02581783 -0.01416687 0.97279733
v -0.01596517 -0.01651749 0.97267461
v -0.01157829 -0.03287787 0.97288489
v 0.00574170 -0.03408857 0.97312355
v -0.00024152 -0.01733160 0.97284830
v 0.00673135 -0.01524450 0.97318101
v 0.02143595 -0.01565465 0.97296423
v 0.01325277 -0.00896892 0.97339958
v 0.01615845 0.00013728 0.97298104
v 0.01439507 0.01594640 0.97264427
v 0.02746994 0.00232686 0.97258317
v -0.03001027 -0.00844526 0.97226661
v 0.00201828 0.01705691 0.97315466
v 0.01254262 -0.03172917 0.97212851
v 0.02938560 -0.00312769 0.97167635
v -0.02988499 0.00969743 0.97180003
v -0.01683016 0.03120435 0.97174478
v -0.02532470 0.01862588 0.97171444
v -0.01751571 -0.00448787 0.97555619
v -0.06552330 0.08815432 0.00138549
v -0.05043632 0.09715176 0.00137660
v -0.04445241 0.09942473 0.02281930
v -0.03747473 0.10245069 0.00135772
v -0.03180460 0.10390060 0.02306260
v -0.07527714 0.08046783 0.00137894
v -0.05141632 0.09611625 0.00005944
v -0.01893625 0.10694029 0.00012608
v -0.01846901 0.10672295 0.02290472
v -0.08346315 0.07194423 0.00186869
v -0.00173712 0.10813048 0.02259339
v 0.00188942 0.10724096 0.02370765
v -0.03651991 -0.10268916 0.01959150
v -0.02042671 -0.10662845 0.00136047
v -0.03767307 -0.10249759 0.00034525
v -0.01933803 -0.10662102 0.02260992
v -0.00225445 -0.10819530 0.02228639
v -0.01888967 -0.10662758 0.00024826
v -0.05618755 -0.09375461 0.00019715
v -0.06798203 -0.08582681 0.02252853
v 0.01576299 -0.10688484 0.00020423
v -0.07495008 -0.07970987 0.00023629
v -0.07540651 -0.07940237 0.02281990
v -0.08875526 -0.06458890 0.00131174
v -0.09457976 -0.05534476 0.00026003
v -0.09140923 -0.05828249 0.02384011
v 0.06605701 0.08463087 0.02262017
v 0.05443096 0.09253830 0.00029487
v 0.05128036 0.09446492 0.02251772
v 0.04544743 0.09793963 0.00020224
v 0.04239643 0.09899900 0.02263041
v 0.07731556 0.07423357 0.02021546
v 0.08390097 0.06698202 0.00102540
v 0.03156706 0.10319775 0.02287031
v 0.08799493 0.06033589 0.02354147
v 0.09349523 0.05232608 0.00023504
v 0.01486487 0.10717726 0.00110550
v -0.10885476 -0.01406038 0.02238784
v -0.10968835 0.00134177 0.02325040
v -0.10712129 -0.02487725 0.00124235
v -0.10590038 -0.02965479 0.02266929
v -0.10364958 -0.03702983 0.00132067
v -0.10767980 0.02374230 0.00147068
v -0.10455799 0.03455666 0.00126100
v -0.09861392 0.04894620 0.00025223
v -0.09777859 -0.05016309 0.02239591
v -0.02963936 0.01857966 1.04797769
v -0.02030801 0.02779479 1.04116571
v -0.02901888 0.01750839 1.04053211
v -0.02296899 0.02655476 1.05090380
v -0.01480301 0.03239430 1.04772818
v -0.02907449 0.01770961 1.05865407
v -0.02353841 0.02229230 1.06319702
v -0.01907203 0.02701240 1.06153774
v -0.01404289 0.03185963 1.05658305
v -0.00411467 0.03546263 1.05293107
v -0.00628152 0.03484507 1.04366755
v -0.01081923 0.02957205 1.03402197
v 0.00066019 0.03562096 1.04801095
v -0.00145518 0.03475529 1.04039586
v -0.02054563 0.02041221 1.02997494
v -0.00174663 0.03018294 1.03170717
v -0.01116860 0.01980006 1.02158046
v -0.01581228 0.01565859 1.02023339
v -0.01007800 0.01757300 1.01285350
v -0.01589453 0.01258935 1.00966942
v -0.01098932 0.01413063 0.98494148
v -0.00497950 0.01863048 1.00481653
v -0.00201839 0.01820103 0.99097341
v -0.00265065 0.02169955 1.02054226
v -0.00581606 0.01637752 0.97650838
v -0.01274344 0.01266606 0.97345477
v -0.01987443 0.01158134 1.02156103
v -0.01940698 0.00721838 1.01244998
v -0.03360999 0.00885770 1.04506063
v -0.01717000 0.00466280 0.98204446
v -0.00789866 0.01671198 0.97294652
v 0.00046560 0.02050526 1.01763606
v 0.00794669 0.03371957 1.04843414
v 0.00687728 0.01510412 0.97336501
v 0.01498405 0.00485711 0.96774453
v 0.02241766 0.01160712 0.96798319
v 0.01224032 0.02512909 0.96890849
v 0.00165021 0.03236272 0.96909171
v -0.00671093 0.01627333 0.96908885
v -0.00873641 0.03133230 0.96948630
v -0.02412386 0.01186992 0.96903175
v 0.02156295 -0.01255402 0.96852434
v -0.01959746 0.02319197 0.97000235
v -0.01432544 0.00958094 0.96798879
v -0.01768865 0.00002241 0.96804869
v -0.02621600 -0.00790359 0.96947521
v -0.01502065 -0.01101338 0.96786487
v 0.01550805 -0.00713658 0.96752429
v 0.00771599 -0.02918284 0.96924025
v -0.01731525 -0.02240749 0.96974164
v -0.00489546 -0.03142929 0.96898282
v 0.02781613 -0.00324294 0.96971160
v -0.03039554 -0.00230105 0.97090441
v -0.00488726 0.03562257 0.97082174
v 0.00028278 -0.03776951 0.97180498
v 0.02647339 0.00869573 0.96944839
v -0.01365842 -0.03098026 0.97151017
v -0.00509520 -0.03741969 0.97181678
v 0.01959200 -0.02185316 0.97082561
v -0.00007503 0.03777894 0.97244489
v 0.01847044 0.02222867 0.97061938
v 0.02325109 0.01754435 0.97143286
v 0.02788335 0.00822193 0.97134554
v -0.01095382 -0.02197806 1.07472777
v -0.01273424 -0.02650134 1.06918788
v -0.00156235 -0.02494960 1.07421815
v -0.00579279 -0.03156060 1.06494427
v 0.00097305 -0.03155613 1.06538129
v -0.00747853 -0.01551824 1.08091283
v 0.00000788 -0.00850954 1.08609056
v -0.00532598 -0.00718365 1.08621585
v 0.00716611 -0.01504050 1.08031416
v 0.00712040 -0.02426165 1.07290077
v 0.00464039 -0.00606027 1.08664525
v -0.01827890 -0.01824808 1.07358038
v -0.01871826 -0.01174552 1.07713401
v -0.01942140 -0.02596550 1.06351864
v -0.01377362 -0.03190212 1.05824411
v -0.02423485 -0.01842892 1.06720328
v -0.00527520 -0.00613297 1.08889139
v -0.00537029 -0.03533343 1.05502057
v 0.00077071 -0.03498322 1.05692852
v 0.00000329 -0.00773111 1.08938563
v -0.02813664 -0.01282473 1.06610858
v -0.02858612 -0.00410228 1.06951785
v 0.01094898 -0.03157875 1.05832076
v 0.01483677 -0.02462352 1.06695151
v -0.00078439 -0.03590914 1.04860544
v 0.01609542 -0.01603402 1.07447302
v 0.00659968 -0.03443366 1.04840183
v -0.00143416 -0.03481263 1.03999555
v 0.01340336 -0.03125237 1.04869354
v 0.01933122 -0.02640897 1.05540955
v 0.01968453 -0.02170435 1.06476867
v 0.01749587 -0.00889581 1.07722712
v 0.01089122 -0.03141394 1.04024875
v 0.02443737 -0.02124479 1.05270541
v 0.00583036 -0.03077246 1.03457355
v -0.00687197 -0.00946292 1.09730577
v -0.00134116 -0.01082956 1.10010707
v 0.01254487 -0.02694749 1.03287196
v 0.00512991 -0.02098352 1.02116084
v 0.00612268 -0.01774244 1.01199532
v -0.00286021 -0.02103525 1.01952589
v -0.00071719 -0.01671758 0.98610020
v 0.00407487 -0.01668631 0.99426031
v 0.00699766 -0.01485517 0.98696578
v -0.01466239 -0.01669027 1.02026391
v -0.01679530 -0.01122157 1.01258051
v -0.01121385 -0.01646060 1.01253664
v -0.02035530 -0.01087192 1.02149904
v -0.01146168 -0.01945702 1.02140713
v -0.01126809 -0.01316149 0.98917300
v -0.01628267 -0.00605478 0.98612118
v -0.01330821 -0.01097538 0.97730500
v -0.00883288 -0.01586267 0.97321665
v -0.01951817 -0.00636531 1.01297748
v -0.01494872 -0.01070385 0.97304767
v -0.02344137 -0.00071337 1.02156425
v -0.01968341 0.00100693 1.00073898
v -0.01748339 -0.00197592 0.98275203
v -0.02103384 0.00058649 1.01351094
v -0.01737739 0.00408762 0.97462958
v -0.02796471 -0.01080665 1.03203797
v -0.02175960 -0.01979339 1.03079164
v -0.03018840 -0.01493613 1.03972399
v -0.02138058 -0.02589938 1.03861737
v -0.03092666 -0.01696381 1.04840815
v -0.02306698 -0.02668806 1.04704869
v -0.03437798 -0.00490720 1.04584074
v -0.03355093 -0.00065661 1.04031491
v -0.03414725 -0.00470698 1.05702031
v -0.02920784 0.00006793 1.03097045
v -0.03010293 -0.01697781 1.05705905
v -0.03486374 0.00121068 1.05123639
v -0.02299746 -0.02609454 1.05583739
v -0.01610025 -0.03126032 1.04392707
v -0.02895530 0.00913002 1.03299069
v -0.02126848 0.00946791 1.02160382
v -0.03327957 0.00838329 1.05696952
v -0.01611881 0.00849714 0.98730338
v -0.01222889 -0.02979704 1.03479087
v -0.01501516 -0.03237938 1.05068409
v -0.00419276 -0.01699844 0.99098760
v -0.00591235 -0.01604395 0.97767627
v -0.00680621 -0.03495843 1.04404664
v -0.00664416 -0.02506109 1.02601731
v -0.00243898 -0.01937076 1.01252234
v -0.00261509 -0.03031824 1.03170955
v -0.00536043 0.01652947 1.08032656
v -0.00474442 0.00770047 1.08624256
v 0.00313868 0.00840277 1.08599877
v -0.00072290 0.02553235 1.07346690
v 0.00675395 0.02047508 1.07647467
v -0.01572228 0.02065790 1.07300055
v -0.01081561 0.02904483 1.06628919
v -0.01592937 0.01430149 1.07750416
v 0.00016662 0.03176425 1.06529319
v -0.00898122 0.00363031 1.08621264
v -0.02388613 0.01387176 1.07099426
v -0.02185128 0.00632498 1.07642400
v -0.00117864 0.03529803 1.05713224
v -0.02957419 0.01060871 1.06532335
v -0.02856978 0.00316622 1.06971598
v -0.02165739 -0.00266744 1.07733488
v -0.00816367 -0.00304864 1.08678365
v -0.03303285 -0.00227010 1.06218016
v 0.00708657 0.00292436 1.08634138
v 0.00631068 0.00298561 1.08927631
v 0.00930611 0.00531990 1.09933019
v 0.00933295 0.00000113 1.09482276
v 0.00692108 -0.00185655 1.08926344
v 0.00992202 -0.00260706 1.09996378
v 0.00722237 -0.00686193 1.09543157
v 0.00561497 -0.00891803 1.10012388
v 0.00725137 -0.00218377 1.08620477
v 0.00637672 -0.00307354 1.10605967
v 0.00217488 -0.01033252 1.09600508
v 0.00191326 -0.00914751 1.10345411
v 0.02282226 0.00073351 1.07417548
v 0.01655025 0.01190981 1.02164960
v 0.01846659 0.00459551 1.01965153
v 0.01513330 0.00885544 1.01131356
v 0.01640121 0.00321699 1.00698042
v 0.01575046 -0.00019447 0.99039280
v 0.01235546 0.00970652 0.98704547
v 0.01441419 0.00438858 0.97618419
v 0.01282764 0.00933760 0.97307444
v 0.01783600 -0.00117575 1.01574659
v 0.01500020 -0.00218860 0.97574478
v 0.01132195 0.01437291 1.01255047
v 0.02283487 0.00101485 1.02596784
v 0.01131925 0.01818618 1.02169168
v 0.00731266 0.01488159 0.98653561
v 0.00695373 0.01774785 1.01250339
v 0.02463537 0.00944021 1.03128994
v 0.02868767 0.00127014 1.03567290
v 0.02268497 0.01766851 1.03494394
v 0.02997621 0.00720337 1.04123533
v 0.02607493 0.01872968 1.04709160
v 0.03017247 0.00976917 1.04839540
v 0.01744230 0.02648359 1.04033709
v 0.02530501 0.01830537 1.05911160
v 0.02973603 0.00942545 1.05724585
v 0.03155273 0.00302782 1.05322123
v 0.03146286 -0.00261012 1.04639947
v 0.01660080 0.02892219 1.04877591
v 0.01902381 0.02566897 1.05869734
v 0.01085370 0.02638747 1.03124642
v 0.02951175 0.00428707 1.06252956
v 0.00874700 0.03167173 1.03914130
v 0.00629200 0.02093928 1.02189183
v 0.01035156 0.03207932 1.05690110
v 0.02517309 0.00960213 1.06836402
v 0.03015107 -0.00179802 1.06094766
v 0.02709573 -0.00812848 1.03469312
v 0.01832931 -0.00574450 1.01967788
v 0.01574377 -0.00835680 1.01190400
v 0.01436024 -0.00639445 0.99155825
v 0.02882976 -0.01287530 1.04480517
v 0.02981047 -0.01141017 1.05278552
v 0.01721277 -0.01089564 1.02136827
v 0.02037391 0.01715326 1.06920540
v 0.02871453 -0.00823785 1.06186604
v 0.02440456 -0.01650663 1.03662193
v 0.01321028 0.02540335 1.06782854
v 0.02486458 -0.00361685 1.07076347
v 0.00133340 0.01772690 0.99005765
v 0.01144698 -0.01165649 0.99053478
v 0.02255442 -0.02334272 1.04458058
v 0.02509530 -0.01556580 1.06371975
v 0.01330258 -0.01347001 1.01680017
v 0.02025682 -0.02104145 1.03465354
v 0.01784293 0.00975694 1.07677555
v 0.01004563 -0.01737947 1.01890326
v 0.01347836 0.01590963 1.07671332
v 0.00783724 0.03078600 1.06284189
v -0.00870618 0.00693238 1.09857571
v -0.00492360 0.01003749 1.09795558
v -0.00446584 0.00650421 1.08924055
v -0.00768658 0.00366499 1.08755636
v -0.01055972 0.00173991 1.10226595
v 0.00163799 0.00964544 1.10355580
v 0.00210894 0.01077775 1.09878552
v 0.00047201 0.00851623 1.09318173
v 0.00339860 0.00683864 1.08859336
v 0.00555905 0.00893218 1.09906614
v 0.00660929 -0.00165913 0.04764239
v 0.00670119 -0.00235569 0.03441468
v 0.00585339 0.00281193 0.02651152
v 0.00755219 0.00097832 0.05142621
v 0.00634634 0.00402913 0.16338283
v 0.00737492 -0.00006770 0.02418086
v 0.00727088 0.00481259 0.94994819
v 0.00796163 -0.00122677 0.94883603
v 0.00680809 0.00505728 0.94281840
v 0.00816182 -0.00131287 0.92729527
v 0.00770282 0.00301430 0.92503154
v 0.00729886 -0.00105287 0.89546466
v 0.00735563 0.00227954 0.88580543
v 0.00737417 0.00233275 0.81811690
v 0.00727875 -0.00140252 0.83215386
v 0.00727837 -0.00067185 0.77226448
v 0.00730671 0.00170010 0.66551977
v 0.00723701 -0.00015817 0.66009897
v 0.00767780 0.00128070 0.56503481
v 0.00671471 -0.00391771 0.82311261
v 0.00659263 -0.00335399 0.87163389
v 0.00703918 -0.00463389 0.92537081
v 0.00664502 -0.00250994 0.57587659
v 0.00654763 -0.00275773 0.69058853
v 0.00736124 -0.00006118 0.49224976
v 0.00755202 0.00116816 0.42630687
v 0.00652808 -0.00266234 0.43027508
v 0.00638254 -0.00208227 0.38410825
v 0.00655544 -0.00301261 0.76260120
v 0.00735780 0.00111490 0.35797724
v 0.00662557 -0.00256404 0.29057515
v 0.00758753 0.00103045 0.18979043
v 0.00649098 -0.00259264 0.18054153
v 0.00740973 0.00102335 0.12582773
v 0.00765121 0.00101023 0.28723469
v 0.00649688 -0.00235731 0.10480934
v 0.00666454 -0.00453902 0.95018291
v 0.00645614 -0.00257448 0.49938506
v 0.01205548 0.00050197 0.96318942
v 0.00888418 -0.00988677 0.96417075
v 0.00458109 -0.00591203 0.03381846
v 0.00386205 -0.00569874 0.36384341
v 0.00396694 -0.00576019 0.49855292
v 0.00439291 -0.00603257 0.82591408
v 0.00411169 -0.00602064 0.88069999
v 0.00234290 -0.00891512 0.92479622
v 0.00232312 -0.00821753 0.94517159
v 0.00446741 -0.00833627 0.95295125
v 0.00643094 0.00403567 0.54544032
v 0.00826594 0.00947805 0.96374607
v 0.00628763 0.00458752 0.81097502
v 0.00627148 0.00445266 0.89214206
v -0.00559122 0.00470674 1.10654342
v -0.00065942 0.00042632 1.10862529
v -0.00003501 0.00685311 1.10622072
v 0.00626527 0.00397817 1.10573542
v -0.00602385 -0.00247469 1.10687351
v -0.00637503 0.00882661 1.10197437
v -0.00169099 -0.00612737 1.10646963
v -0.00645486 -0.00843833 1.10266185
v -0.01144006 -0.00349342 1.09786046
v -0.01093156 0.00234571 1.09718001
v -0.00827398 -0.00172825 1.08921301
v -0.00951406 -0.00626209 1.09806681
v -0.01007906 -0.00344786 1.10274601
v 0.01942361 -0.02208306 0.97246295
v 0.02414993 -0.01644302 0.97156852
v -0.00157597 0.10843167 0.00111247
v 0.01421058 0.10682001 0.00000000
v 0.02768380 0.10362833 0.00026234
v 0.03217288 0.10343329 0.00131594
v -0.03176981 -0.02680299 0.00036700
v -0.01428308 0.02619144 0.00037123
v 0.02314590 -0.03450580 0.00036045
v 0.05660808 -0.09126752 0.00018724
v 0.02486610 -0.10274071 0.00019662
v 0.10209172 -0.02303779 0.00025216
v -0.10483204 -0.02298357 0.00022320
v -0.10868325 -0.01523522 0.00027272
v -0.10431711 0.03317761 0.00025950
v -0.10827142 0.01612607 0.00024991
v -0.08275675 -0.07173005 0.00021824
v 0.03831284 0.09807235 0.00027589
v 0.10453092 0.01940548 0.00024912
v 0.10063559 0.03404259 0.00018856
v 0.06651044 0.08435008 0.00019107
v -0.02632016 0.10330697 0.00024145
v -0.08845198 0.06576198 0.00022042
v -0.07044447 0.08389362 0.00023279
v 0.07970784 0.07161040 0.00020720
v -0.10414619 -0.03344518 0.00008403
v 0.08143625 -0.07016229 0.00008839
v -0.03576384 0.10212401 0.00014148
v -0.09937109 -0.04684490 0.00017077
v 0.10527830 -0.01702202 0.00011848
v -0.09662934 0.05033468 0.00020971
v -0.09611014 0.05346555 0.00044257
v -0.04876042 -0.09774697 0.00033831
v -0.02643215 0.10553385 0.00129505
v -0.00252047 -0.10843167 0.00116540
v -0.11000000 0.00136207 0.00128298
v -0.06807645 -0.08583044 0.00090487
v 0.00761991 0.03332634 0.97130167
v 0.01475473 0.02826300 0.97186697
v -0.02061748 -0.02423496 0.97214723
v 0.05981761 -0.08963092 0.00099056
v 0.06779166 -0.08382355 0.00011987
v 0.04687458 -0.09737023 0.00123865
v 0.05102653 -0.09493884 0.02259994
v 0.06112656 -0.08868720 0.02197770
v 0.03156850 -0.10346447 0.00132166
v 0.03553093 -0.10156959 0.00003134
v 0.01507639 -0.10697639 0.02252073
v -0.10769513 -0.01545458 1.02238083
v -0.10669303 -0.02290030 1.01285076
v -0.10621935 -0.02446000 1.06443501
v -0.10701846 -0.01780625 0.95391548
v -0.10866706 0.00049515 0.96437484
v -0.10839323 -0.00696977 1.10915244
v -0.10901435 0.00033808 1.10781503
v -0.10915342 0.00012798 1.01898491
v -0.10810363 0.00105596 0.94642293
v -0.10588793 -0.02456642 0.96180505
v -0.10180011 -0.03928956 1.02770185
v -0.10185611 -0.03796660 0.96189648
v -0.09651131 -0.04918141 0.94630450
v -0.09692325 -0.05084542 1.06766605
v -0.09662488 -0.05179945 1.02989626
v -0.09640605 -0.05095559 0.96392488
v -0.09938303 -0.04508944 1.10811627
v -0.10703092 0.01635107 0.94775093
v -0.10717570 0.01991330 1.07988334
v -0.10738936 0.01835256 1.01702023
v -0.10829027 0.00959064 1.10865211
v -0.10730099 0.02165982 1.10860825
v -0.10649636 0.02255006 0.97570437
v -0.10473268 0.02937141 0.96541023
v -0.10320172 0.03343512 0.94624138
v -0.10455602 0.03147336 1.08159053
v -0.10153692 0.04001761 1.04453909
v -0.10190999 0.03935039 1.10795498
v -0.09994984 0.04266721 0.97307914
v -0.10044102 0.04217063 1.08562315
v -0.09568589 0.05186617 0.99283618
v -0.09641728 0.05051833 1.10509121
v -0.08980052 0.06148940 1.07985795
v -0.09208943 0.05806647 1.01958072
v -0.09052891 0.05870130 0.94657433
v -0.08928421 0.06165256 0.96803582
v -0.08786487 0.06426479 1.02826142
v -0.08313131 0.06873113 0.94678342
v -0.08238247 0.07025753 0.97106081
v -0.08359671 0.06930790 1.03447330
v -0.07992020 0.07330435 1.10824132
v -0.07145315 0.08143834 0.96756899
v -0.07176319 0.08134264 1.02911139
v -0.07186726 0.08096977 1.10811687
v -0.08615348 -0.06560846 0.94729275
v -0.08856615 -0.06354809 1.08931541
v -0.08733299 -0.06543371 1.10816109
v -0.08555814 -0.06757061 0.97248954
v -0.08786450 -0.06500810 1.02619112
v -0.08498700 -0.06818938 1.09502280
v -0.08313727 -0.07076357 1.02907705
v -0.07986998 -0.07364789 1.10848606
v -0.07412951 -0.07903489 0.95083004
v -0.07616180 -0.07792717 1.00084209
v -0.07352081 -0.08010690 1.09437895
v 0.03353896 0.10081205 1.06486118
v 0.04912402 0.09495100 1.01524043
v 0.03393878 0.10086127 1.01105559
v 0.04877535 0.09492629 0.97063786
v 0.03340292 0.10050756 0.94804937
v 0.04847361 0.09507307 1.10143077
v 0.04943366 0.09453857 1.07268322
v 0.02937233 0.10207815 1.10758674
v 0.04811857 0.09444512 0.94629079
v 0.03884172 0.09824360 1.10877156
v 0.01670965 0.10512754 1.00888813
v 0.01858409 0.10446861 0.96912789
v 0.01699278 0.10494243 1.10860598
v 0.01659972 0.10496446 1.07401860
v 0.02124266 0.10331384 0.94616568
v 0.01116449 0.10509269 0.94828498
v 0.04759465 0.09440931 1.10996628
v -0.00242588 0.10642830 0.97078294
v -0.00173490 0.10667033 1.00449240
v 0.05881677 0.08928336 0.99005789
v 0.06028494 0.08750871 0.94627607
v 0.06567555 0.08485191 0.97280508
v 0.06614755 0.08396219 0.94847888
v 0.06531124 0.08464217 1.07821715
v 0.06592465 0.08476771 1.01350868
v 0.06602630 0.08434572 1.10469007
v 0.07490155 0.07686243 0.94612843
v 0.07487912 0.07652666 1.07724237
v 0.07522095 0.07619859 1.10780990
v 0.07001058 0.07991135 1.10953557
v -0.01914761 0.10509697 0.97146076
v -0.01928322 0.10507169 1.05864692
v -0.01704738 0.10462488 0.94609028
v -0.01874447 0.10522924 1.10866594
v -0.03368490 0.10187063 1.07391465
v -0.03312665 0.10195770 0.97999263
v -0.03056334 0.10260522 1.10871303
v -0.03874060 0.10024945 1.10438406
v -0.03869095 0.10017418 0.97570300
v -0.03921295 0.10018630 1.03280163
v -0.04987410 0.09522799 1.10790491
v -0.05297134 0.09403010 0.97278410
v -0.05393965 0.09363758 1.00493312
v -0.05362943 0.09352820 1.07494259
v -0.05499340 0.09195467 0.94636267
v -0.05890212 0.09014949 1.10829389
v -0.06409543 0.08682979 0.96612114
v -0.06599093 0.08556940 1.10807407
v -0.06622611 0.08560088 1.02720976
v 0.04907893 -0.09461630 1.03926730
v 0.03543002 -0.10010187 1.04624629
v 0.03721968 -0.09918777 0.98220170
v 0.04927516 -0.09421510 0.97774065
v 0.04936189 -0.09449390 1.10845757
v 0.03254841 -0.10130976 1.10291743
v 0.04658974 -0.09466506 0.94733518
v 0.02878532 -0.10160901 0.94768584
v 0.02898484 -0.10207418 1.03781581
v 0.01777746 -0.10456373 0.95612693
v 0.01704938 -0.10512716 1.03440070
v 0.01731325 -0.10499137 1.09694564
v 0.05815257 -0.08932643 1.10807776
v 0.06105410 -0.08707434 0.97330672
v 0.06134101 -0.08702370 1.05192149
v 0.07151671 -0.07966018 1.02174449
v 0.06888162 -0.08147598 1.08094060
v 0.07129712 -0.07963405 0.96867752
v 0.06427443 -0.08552749 1.10842586
v 0.07233773 -0.07800519 0.94618279
v 0.07266108 -0.07873563 1.10800147
v 0.07715515 -0.07400316 1.08411932
v 0.07841985 -0.07300881 0.99131173
v 0.08563550 -0.06487884 1.04953051
v 0.08591271 -0.06416949 0.96626115
v 0.08710943 -0.06295469 1.10506558
v 0.09099054 -0.05779843 1.10873151
v 0.09522003 -0.05125617 1.09473717
v 0.09479557 -0.05207252 1.05383074
v 0.09254576 -0.05477550 0.97786814
v 0.09252419 -0.05374140 0.94631344
v 0.09863625 -0.04556958 1.10830152
v 0.09706753 -0.04614361 0.94756675
v 0.09958217 -0.04265150 1.09074676
v 0.09991152 -0.04191433 1.03766501
v 0.10173076 -0.03697437 0.97629869
v 0.10370698 -0.03077409 0.94743532
v 0.10340799 -0.03320761 1.08325398
v -0.00126654 -0.10698407 1.02450228
v 0.00094553 -0.10663085 1.10882580
v -0.00124665 -0.10660353 0.96686429
v -0.00383740 -0.10655300 1.10844254
v -0.02129451 -0.10497721 0.96469402
v -0.01845754 -0.10458799 0.94696224
v -0.02083351 -0.10513526 1.07430601
v -0.02099409 -0.10524221 1.02547765
v -0.02117462 -0.10533850 1.10882473
v -0.03070268 -0.10208184 0.94603556
v -0.03736016 -0.10114384 1.10304439
v -0.03600653 -0.10128653 1.05927610
v -0.03491442 -0.10140297 0.96904367
v -0.03351351 -0.10231043 1.10848701
v -0.03949159 -0.09928589 0.94721764
v -0.04287795 -0.09884053 1.05985594
v -0.04256473 -0.09859844 0.96567184
v -0.04644719 -0.09742804 1.10830629
v -0.05454184 -0.09395713 1.02051866
v -0.05360868 -0.09408670 0.96864021
v -0.05397148 -0.09410166 1.06800604
v -0.05558005 -0.09295198 1.10809720
v -0.06659206 -0.08522479 0.95231593
v -0.06812721 -0.08493536 1.00885522
v -0.06704091 -0.08537965 1.08341873
v -0.06410825 -0.08760267 1.10803246
v -0.04613721 -0.09642237 1.10977960
v -0.10022584 0.01579479 1.05837309
v -0.10185815 -0.00038585 1.01881754
v -0.10035158 0.01650828 1.01504982
v -0.10171009 -0.00081508 0.97492051
v -0.10020740 0.01583823 0.97965270
v -0.10154270 -0.00098854 1.04181063
v -0.10229424 -0.00065914 0.94914389
v -0.10096505 0.01484420 0.94945639
v -0.10136044 0.00238372 1.10522890
v -0.10025991 0.01657375 1.09601903
v -0.10127372 -0.00391905 1.10483515
v -0.09948173 0.02294477 0.94777262
v -0.09613851 0.03520258 1.10527921
v -0.09709647 0.03039648 1.07723188
v -0.09716205 0.02904359 1.02892458
v -0.09679172 0.02919857 0.96898711
v -0.09602832 0.03364385 0.94982433
v -0.09411789 0.04033406 1.09135115
v -0.09511276 0.03481290 1.02302086
v -0.09141993 0.04554190 1.06742692
v -0.09339657 0.04272140 1.10763478
v -0.10249355 -0.00123391 1.10863841
v -0.08946833 0.04706561 0.98337370
v -0.09106328 0.04512004 0.94767988
v -0.09005148 0.04928188 1.08338070
v -0.09067421 0.04830658 1.10742199
v -0.08693262 0.05302839 0.94984823
v -0.08706846 0.05326847 1.06380343
v -0.08229133 0.05893141 0.97653139
v -0.08486062 0.05739819 1.08603346
v -0.08557309 0.05616481 1.10515416
v -0.08602800 0.05694493 1.10827792
v -0.09704022 0.03658379 1.10862780
v -0.09708099 0.03372427 0.94697005
v -0.07796714 0.06666660 0.95003223
v -0.07693887 0.06602944 0.97308022
v -0.07764713 0.06600450 1.07639086
v -0.07891922 0.06416434 1.10791111
v -0.07603621 0.07224825 0.94635957
v -0.06997158 0.07391557 1.08547378
v -0.07226093 0.07096067 0.97827309
v -0.07298109 0.07166530 0.95033824
v -0.06840737 0.07455796 1.10777962
v -0.06765449 0.07518090 0.97224957
v -0.06625593 0.07734821 0.94753641
v -0.06073479 0.08069608 1.10546875
v -0.06023235 0.08151633 1.08339953
v -0.06075618 0.08059644 1.05313540
v -0.06103204 0.08009487 0.97556835
v -0.06053716 0.08112562 0.94968992
v -0.05427571 0.08493713 1.10811722
v -0.05286319 0.08529031 0.97411191
v -0.04996241 0.08730079 1.05354857
v -0.05423448 0.08521783 0.94763225
v -0.04850408 0.08839497 1.08096790
v -0.04765780 0.08851271 1.01762891
v -0.04640085 0.08929926 1.10763133
v -0.04673040 0.08914387 0.94734043
v -0.04177662 0.09058309 0.97048867
v -0.03709638 0.09304210 1.05562270
v -0.03361301 0.09442003 1.01511180
v -0.03800674 0.09289432 1.10762906
v -0.03414263 0.09415259 0.95008653
v -0.03248654 0.09406009 0.97323918
v -0.03809115 0.09341118 0.94710445
v -0.03012494 0.09539420 1.07134497
v -0.03330455 0.09441476 1.10506177
v -0.08869278 0.05499527 0.94657713
v -0.01909850 0.09775732 0.97351867
v -0.01712853 0.09893250 0.94976193
v -0.01197556 0.09890505 0.97509235
v -0.10250878 0.01789673 0.94637072
v -0.10274363 -0.01006203 0.94687337
v -0.09943802 -0.01803194 1.04878187
v -0.09970911 -0.01797175 1.01481986
v -0.09942621 -0.01793523 0.97696090
v -0.09975147 -0.01790151 1.08183634
v -0.09994646 -0.01967489 0.94958431
v -0.09746624 -0.02775597 1.09394801
v -0.09550591 -0.03351955 1.03535628
v -0.09924269 -0.02356701 0.94740850
v -0.09577750 -0.03122656 0.97543103
v -0.09547202 -0.03516904 0.94954669
v -0.09232897 -0.04124013 0.97893149
v -0.09332429 -0.03999104 1.02736926
v -0.09494127 -0.03682767 1.10424852
v -0.09615518 -0.03775018 1.10844827
v -0.09675606 -0.03639472 0.94681484
v -0.09154065 -0.04430639 0.94960898
v -0.09206966 -0.04303952 1.06818426
v -0.09146609 -0.04524917 1.10512483
v -0.08615079 -0.05434965 0.97767007
v -0.08667459 -0.05398332 1.03267550
v -0.08665705 -0.05450208 1.07791686
v -0.08632395 -0.05457157 1.05687845
v -0.08736015 -0.05300150 1.10796237
v -0.08276136 -0.05944869 0.94964653
v -0.08053578 -0.06204735 1.10533822
v -0.07365821 -0.07038496 1.03355086
v -0.07519017 -0.06875788 1.10765338
v -0.07323989 -0.07055239 0.97294724
v 0.10735327 0.01999409 1.07899582
v 0.10948871 0.00026590 1.07675278
v 0.10761011 0.01921433 1.00395703
v 0.10963685 -0.00006038 1.02472079
v 0.10741962 0.01813240 0.95250732
v 0.10874866 0.01240191 1.10845661
v 0.11000000 -0.00135744 1.10834718
v 0.10771234 0.02015556 1.10474479
v 0.10439349 0.02928473 0.94755065
v 0.10345240 0.03395376 1.03545892
v 0.10429260 0.03271933 1.10868275
v 0.10212630 0.03707425 0.98238260
v 0.10058537 0.03933288 0.94618428
v 0.10062096 0.04155077 1.10848057
v 0.09538175 0.05146344 0.99103230
v 0.09628764 0.05050930 1.10749185
v 0.08978513 0.05917665 0.94620299
v 0.09276523 0.05574156 1.07982850
v 0.09063480 0.05851980 0.99058908
v 0.09094813 0.05882699 1.10525954
v 0.08355363 0.06798125 0.94731843
v 0.09075170 0.05827646 1.10909915
v 0.08344340 0.06830887 1.01839256
v 0.08340940 0.06806169 1.07413721
v 0.07509486 0.07700580 1.01719391
v 0.10813909 -0.01392354 1.01784694
v 0.10800626 -0.01312211 0.94668341
v 0.10770819 -0.01775539 1.07572913
v 0.10855002 -0.01387513 1.10884786
v 0.10730699 -0.01891278 0.98635429
v 0.10741413 -0.02116877 1.10512149
v 0.03264187 -0.09437176 1.03336442
v 0.04363479 -0.09019113 1.03625071
v 0.03183262 -0.09423800 0.97273248
v 0.04362692 -0.08954524 0.97470689
v 0.03313636 -0.09414368 0.94981903
v 0.04307206 -0.09007845 0.94982785
v 0.03104367 -0.09443181 1.08657265
v 0.04344414 -0.08917369 1.10521126
v 0.03137168 -0.09380330 1.10511577
v 0.05467803 -0.08407366 1.07879519
v 0.05241599 -0.08497405 0.97638220
v 0.05443216 -0.08419529 1.04302776
v 0.05215335 -0.08538467 0.94969565
v 0.02047428 -0.09780243 0.94755226
v 0.05893006 -0.08031342 1.10799336
v 0.06644366 -0.07617815 1.00761306
v 0.06570269 -0.07634558 0.97349662
v 0.06033895 -0.08041467 0.94793105
v 0.06643598 -0.07606051 1.07274568
v 0.06561832 -0.07589322 1.10521734
v 0.06908428 -0.07419920 0.94957560
v 0.07459904 -0.06858415 0.97591889
v 0.07508242 -0.06851029 1.07067251
v 0.07542794 -0.06841378 1.01415479
v 0.07052938 -0.07159028 1.10523641
v 0.07625553 -0.06686834 0.94812465
v 0.03154501 -0.09455746 1.10836828
v 0.01574095 -0.09833752 0.96878219
v 0.01528475 -0.09849562 1.02057719
v 0.01519508 -0.09802669 1.08010304
v 0.01540706 -0.09738827 1.10734248
v 0.01175194 -0.09948057 0.94966269
v 0.04486006 -0.09009764 0.94724673
v 0.03490000 -0.09451193 0.94680387
v 0.00026474 -0.10019082 0.97437358
v 0.00022643 -0.10034144 1.01403761
v 0.00122837 -0.09941530 1.09336841
v -0.00009958 -0.09968101 1.10573828
v -0.00015111 -0.10050516 0.94951379
v 0.08143816 -0.06001543 1.10506892
v 0.07460554 -0.06773314 1.10813391
v 0.08295495 -0.05980073 1.07248878
v 0.08433295 -0.05788839 0.97629941
v 0.08488364 -0.05786518 1.01239944
v 0.08572496 -0.05620253 0.95011681
v 0.08662093 -0.05542890 1.05196953
v 0.08665209 -0.05328588 1.10754561
v 0.01380565 -0.10052481 0.94619715
v 0.08107784 -0.06283025 0.94642645
v 0.09182240 -0.04670709 0.98253381
v 0.09159664 -0.04766869 1.05946732
v 0.09156635 -0.04542401 1.10509598
v 0.06573652 -0.07899659 0.94628763
v 0.09182835 -0.04715521 1.10845888
v 0.09502099 -0.04093528 1.07421625
v 0.09540846 -0.04057838 1.02577257
v 0.09586117 -0.03892191 0.97356457
v 0.09583552 -0.03899892 0.94965547
v 0.09664449 -0.03838874 0.94709754
v 0.09590195 -0.03574350 1.10776997
v 0.09856549 -0.03333136 1.04155231
v 0.09966981 -0.02685380 1.10755002
v 0.10220630 -0.02278850 1.05838025
v 0.10226146 -0.02291513 0.99392414
v 0.10199300 -0.02281255 0.95016557
v 0.10020158 -0.02966428 0.94699126
v 0.10400876 -0.01509926 0.96623820
v 0.10410216 -0.01340023 1.10519052
v 0.10488874 -0.01502710 1.10869801
v -0.00426865 -0.09915604 1.09207273
v -0.01503876 -0.09929227 0.94966000
v -0.01788198 -0.09850222 1.02698255
v -0.01832680 -0.09775514 1.09341347
v -0.01798117 -0.09840344 0.97278243
v -0.02359471 -0.09740730 0.94776076
v -0.03430194 -0.09419475 1.10468161
v -0.02744303 -0.09604856 1.03473890
v -0.03546665 -0.09523942 1.10861921
v -0.03459949 -0.09384845 0.96957523
v -0.03780810 -0.09316180 1.04726839
v -0.03626830 -0.09376938 0.94791794
v -0.04720571 -0.08870631 0.97422826
v -0.04828623 -0.08863613 1.03643298
v -0.04778408 -0.08885292 1.10528767
v -0.04614561 -0.08961523 0.94973719
v -0.05380778 -0.08562467 0.94754964
v -0.05408067 -0.08507090 0.97867167
v -0.05473448 -0.08508392 1.04519224
v -0.05545023 -0.08485563 1.10505152
v -0.05982969 -0.08139487 0.94960052
v -0.06617457 -0.07640950 0.98256165
v -0.06843113 -0.07526369 0.94931132
v -0.06777199 -0.07581531 1.06715584
v -0.06559830 -0.07718452 1.09476519
v -0.07395922 -0.07079919 0.95017999
v -0.07084721 -0.07345857 1.10767043
v -0.07370564 -0.07059422 1.07543266
v 0.06631210 0.07598929 1.02505898
v 0.05520526 0.08376195 1.03162217
v 0.05579637 0.08301040 0.98862213
v 0.06633850 0.07571796 1.06737292
v 0.06726579 0.07449025 0.97508049
v 0.06016828 0.08042852 1.10769987
v 0.06558369 0.07642936 1.10530496
v 0.05342241 0.08490167 1.10524726
v 0.06524837 0.07668642 0.95044899
v 0.07075169 0.07248937 0.94954592
v 0.05211745 0.08516592 0.94988120
v 0.04583308 0.08914710 1.01272547
v 0.04572076 0.08891944 1.05624855
v 0.04483218 0.08945061 1.10424316
v 0.07581135 0.06779998 1.02192676
v 0.07316763 0.06973089 1.10530579
v 0.07669079 0.06636414 1.08010626
v 0.07879043 0.06379291 0.97533226
v 0.05850461 0.08141797 0.94775552
v 0.07592503 0.06713772 0.94791657
v 0.04655448 0.08912211 1.10818386
v 0.04428651 0.08910752 0.96856129
v 0.04324575 0.08968269 0.94973433
v 0.03564118 0.09446507 1.10851371
v 0.07999596 0.06224657 1.10684812
v 0.08409607 0.05812329 1.01963389
v 0.08559242 0.05566926 1.10500073
v 0.08131398 0.06081131 0.94858652
v 0.07646862 0.06739312 1.10860741
v 0.09045909 0.04980713 1.06557512
v 0.09078296 0.04903825 1.00940013
v 0.09086388 0.04782770 0.97497553
v 0.08798678 0.05220487 0.94772404
v 0.09123662 0.04711705 0.94971657
v 0.09609210 0.03988485 0.94681799
v 0.09552259 0.04044979 1.01162934
v 0.09519951 0.04100604 1.06859076
v 0.09588075 0.03829375 0.94971001
v 0.09854981 0.03301742 0.98086280
v 0.09995531 0.03083518 1.03637302
v 0.10155550 0.02363509 0.94947582
v 0.10038520 0.02707626 1.10488760
v 0.10297995 0.02158562 1.01772642
v 0.10500599 0.01370983 0.94793403
v 0.10401528 0.01421621 0.96464860
v 0.10407934 0.01713988 1.01685643
v 0.10375836 0.01612164 1.08833337
v 0.10429459 0.01494898 1.10608518
v 0.10499725 0.01169262 1.01980889
v 0.03170995 0.09466051 1.01673329
v 0.03095606 0.09383476 0.96944129
v 0.03067864 0.09420190 0.94999373
v 0.03000742 0.09477011 1.05973482
v 0.03464646 0.09355614 1.10488451
v 0.04500987 0.08984883 0.94715351
v 0.02053520 0.09739377 0.94774294
v 0.03275922 0.09435534 0.94700384
v 0.02276146 0.09685039 1.10787702
v 0.01654142 0.09760923 0.97594357
v 0.01668661 0.09854054 1.02027929
v 0.01644703 0.09788674 1.06090999
v 0.01628198 0.09820755 1.10512114
v 0.01116731 0.09932374 0.94950497
v 0.00150071 0.09963416 0.97624785
v 0.00152034 0.10022084 1.01817095
v 0.00038008 0.09969278 1.05477560
v 0.00192079 0.09983546 1.10515261
v 0.05395790 0.08678957 0.94652861
v -0.00381041 0.09961008 0.97937721
v 0.08319505 0.06171400 0.94651282
v -0.00842196 0.09977777 1.01981115
v -0.00761245 0.09940535 1.10492003
v 0.01531967 0.10047881 0.94638228
v -0.01705291 0.09840994 1.05030096
v -0.01796502 0.09959851 1.10892367
v -0.01833538 0.09804985 1.10744131
v -0.01918979 0.09825569 1.01413238
v 0.10493146 0.00550041 0.95922709
v 0.10581864 -0.00115149 0.94972867
v 0.10542332 0.00327136 1.05460608
v 0.10507148 0.00395309 1.10494649
v 0.10576735 -0.00183713 1.01348794
v 0.10661417 -0.00099908 1.10870528
v 0.10503264 -0.00543633 0.95785123
v 0.10512570 -0.00348747 1.10509849
v 0.10554705 0.01433990 1.10868955
v 0.10457315 -0.01364332 1.00934327
v 0.10416208 -0.01757204 0.94752246
v -0.00143219 0.10641700 1.10853601
v -0.01760199 0.10324641 1.11021984
v 0.02173427 0.10249075 1.11025155
v -0.03705025 0.09783927 1.11011779
v 0.00062601 0.10091475 1.10857153
v -0.03501534 0.09509984 1.10860693
v 0.01409880 -0.09957379 1.10894692
v 0.02352075 -0.10266194 1.10993993
v 0.03302940 -0.09785923 1.10997725
v 0.00474062 -0.10380550 1.11004806
v -0.00123743 -0.10061996 1.10869479
v 0.04521134 -0.08951652 1.10846043
v 0.04416437 -0.09523840 1.10992312
v 0.05595642 -0.08612759 1.10986733
v 0.06397389 -0.08363486 1.10987473
v 0.06793231 -0.07527393 1.10857189
v -0.01831016 -0.09939938 1.10859478
v -0.02562239 -0.10297962 1.11005855
v -0.03685402 -0.09804154 1.10991979
v 0.05214623 -0.08461261 1.10767603
v 0.09166334 -0.05366115 1.11011577
v 0.08198424 -0.06103889 1.10884416
v 0.08254665 -0.06870122 1.10886681
v 0.03357895 -0.10118055 1.10818589
v 0.01842504 -0.10518044 1.10868955
v -0.04882144 -0.08944070 1.10836411
v -0.06017574 -0.08794411 1.11022270
v -0.05846540 -0.08420419 1.10864818
v -0.06413887 -0.07878682 1.10770273
v -0.03871207 -0.09278274 1.10772407
v -0.01791634 -0.09806728 1.10696733
v -0.07488810 -0.07399780 1.10972130
v 0.09923976 -0.03996676 1.11027479
v 0.10403733 -0.02571723 1.11029434
v 0.10150708 -0.02296246 1.10792685
v 0.10863787 0.00527147 1.10966098
v 0.10467162 0.02556509 1.11042309
v 0.10405540 -0.03242429 1.10833108
v -0.07187662 -0.08170555 1.10833192
v -0.09757625 0.04649236 0.94631863
v -0.09429360 0.04340387 0.94675529
v -0.10514211 -0.01112204 0.94620532
v -0.10723666 -0.01227846 0.94644684
v -0.10399470 -0.02975383 0.94649851
v -0.06973320 0.08221161 0.94655186
v -0.06242054 0.08255251 0.94635552
v -0.04444114 0.09707374 0.94595611
v -0.09290548 -0.04585641 0.94674337
v -0.08467686 -0.06029195 0.94656295
v -0.07980158 -0.07192799 0.94606894
v -0.02548705 0.09757058 0.94675773
v -0.01626194 0.10069031 0.94628674
v -0.03222634 0.10157745 0.94600481
v 0.00037166 0.10337210 0.94602329
v -0.00076381 0.10568289 0.94622517
v 0.06925887 0.07543595 0.94679433
v 0.07471453 0.06970838 0.94676214
v 0.09553748 0.04952846 0.94583499
v 0.10797543 0.01394645 0.94605708
v -0.07974558 -0.06422525 0.94761431
v -0.07511639 -0.07197730 0.94697702
v -0.06688857 -0.07720850 0.94703722
v -0.06222988 -0.08236033 0.94624144
v -0.06780666 -0.08365452 0.94633573
v -0.05185718 -0.09379129 0.94615644
v -0.04614967 -0.09185819 0.94651562
v -0.02141855 -0.09943388 0.94631386
v -0.00437617 -0.10167112 0.94609362
v -0.00224312 -0.10580099 0.94627935
v 0.01844963 -0.10342911 0.94591385
v 0.04368439 -0.09507233 0.94617492
v 0.05493446 -0.08485372 0.94691581
v 0.06100159 -0.08656216 0.94682449
v 0.07217834 -0.07218426 0.94721365
v 0.08412166 -0.06586854 0.94653946
v 0.08849506 -0.05460723 0.94650447
v 0.09853816 -0.04097560 0.94601536
v -0.00093008 0.10062686 0.94754243
v -0.08757690 -0.05222810 0.94759923
v -0.08293417 0.06018964 0.94754142
v 0.09192294 -0.04659154 0.94774580
v 0.10673786 -0.01931717 0.94586861
v 0.10682410 -0.00232504 0.94667250
v 0.10933266 0.00044526 0.94626921
v 0.10046717 0.02665349 0.94760108
v -0.04452280 0.09634506 1.11003602
v -0.05735069 0.08794590 1.11034012
v -0.06310162 0.07974093 1.10856938
v -0.07398040 0.07390803 1.10965288
v -0.07400825 0.06912261 1.10774219
v -0.08957554 0.05893581 1.11018145
v -0.06627905 0.08325274 1.11001527
v -0.09823453 0.04271583 1.10994446
v -0.10113742 0.03050104 1.11002910
v -0.09997542 0.01596625 1.10710394
v -0.08711422 0.06560909 1.10815847
v -0.10128292 0.01541555 1.10851657
v -0.09217921 0.05823545 1.10843134
v -0.10486231 0.02362156 1.11004436
v -0.10500404 -0.02348789 1.11008739
v -0.10127985 -0.01661216 1.10860646
v -0.10031480 -0.03646176 1.11005938
v -0.09956022 -0.01828057 1.10737407
v -0.09816591 -0.02743217 1.10816205
v -0.09199173 -0.04873949 1.10920501
v -0.09714808 -0.04655939 1.11001348
v -0.08730336 -0.06290013 1.11017537
v -0.08169007 -0.06187575 1.10857141
v -0.10500488 0.03093177 1.10848141
v -0.10405675 -0.03321160 1.10828495
v -0.10728222 -0.02087997 1.10870194
v -0.09547382 -0.05302233 1.10827363
v 0.09331381 0.05219429 1.11028230
v 0.09375591 0.04650617 1.10924590
v 0.10058060 0.03729563 1.11038339
v 0.09629296 0.03766314 1.10755205
v 0.10084883 0.02859441 1.10853279
v 0.09130105 0.04746730 1.10724831
v 0.08607643 0.05693008 1.10876393
v 0.07194530 0.07599951 1.11019385
v 0.06821696 0.07553777 1.10863018
v 0.05627717 0.08819869 1.11045861
v 0.05537167 0.08445266 1.10840988
v 0.03627931 0.09754805 1.11025858
v 0.01974383 0.09965811 1.10927296
v 0.05970781 0.08845090 1.10806394
v 0.08326473 0.06850734 1.10705638
vt 0.34719452 0.29715043
vt 0.41785508 0.25951004
vt 0.40078220 0.33547407
vt 0.36145699 0.38298368
vt 0.43552536 0.40089947
vt 0.38888195 0.47474897
vt 0.44506419 0.47721988
vt 0.46736628 0.46657896
vt 0.48720211 0.44896823
vt 0.46810076 0.31059200
vt 0.52704656 0.36136562
vt 0.44875813 0.18403363
vt 0.50892550 0.21229392
vt 0.52779067 0.27278614
vt 0.52046579 0.24275595
vt 0.48048612 0.17387652
vt 0.01623740 0.33764780
vt 0.45552823 0.15641785
vt 0.39424312 0.15526187
vt 0.42651886 0.29901510
vt 0.43562162 0.32771289
vt 0.41172761 0.30562389
vt 0.36302662 0.45732391
vt 0.32695457 0.40288776
vt 0.31521702 0.36175454
vt 0.31489491 0.27302563
vt 0.32072803 0.24790651
vt 0.35449943 0.18200505
vt 0.51893777 0.39264989
vt 0.42903149 0.32659292
vt 0.99603927 0.15261382
vt 0.00131449 0.03556967
vt 0.37281793 0.16541201
vt 0.42561302 0.14755481
vt 0.74470216 0.91315347
vt 0.26931691 0.43675721
vt 0.53157121 0.33045280
vt 0.35150421 0.44902235
vt 0.03483554 0.95050061
vt 0.33060908 0.41655725
vt 0.77028143 0.96814704
vt 0.03527436 0.99578416
vt 0.53208870 0.28951335
vt 0.27074799 0.47781956
vt 0.39096093 0.15227419
vt 0.70954096 0.91167772
vt 0.34312871 0.43849170
vt 0.03459982 0.96692473
vt 0.50862068 0.42268491
vt 0.54319060 0.30607820
vt 0.49509484 0.18653154
vt 0.01813548 0.31230509
vt 0.33452502 0.20752561
vt 0.64093614 0.91091669
vt 0.52799112 0.36970925
vt 0.26998737 0.39706182
vt 0.54346681 0.36677909
vt 0.47087941 0.16235745
vt 0.01826872 0.35614175
vt 0.43853101 0.48313659
vt 0.03314811 0.81197304
vt 0.54319143 0.18119091
vt 0.52904660 0.26685977
vt 0.27101597 0.50082207
vt 0.31837681 0.38332105
vt 0.77077264 0.93007368
vt 0.77076608 0.88508964
vt 0.31020662 0.34004331
vt 0.36920241 0.16446590
vt 0.68622941 0.91084665
vt 0.32206744 0.39571738
vt 0.77078283 0.94365674
vt 0.27100760 0.44988036
vt 0.53359461 0.31741631
vt 0.52349353 0.38718820
vt 0.54371917 0.34807158
vt 0.36494550 0.46275735
vt 0.03405740 0.92613488
vt 0.31314459 0.36190856
vt 0.77046371 0.90731633
vt 0.51886231 0.40125811
vt 0.54378420 0.33240277
vt 0.51201022 0.21401399
vt 0.27133694 0.55952215
vt 0.45636773 0.15314823
vt 0.01831855 0.37985641
vt 0.60310686 0.10157412
vt 0.59639764 0.10936856
vt 0.51008165 0.10157913
vt 0.70285076 0.10176837
vt 0.70635605 0.10935873
vt 0.79628605 0.10205680
vt 0.82312310 0.10960996
vt 0.41236240 0.10895562
vt 0.38165018 0.10126215
vt 0.51726824 0.10921788
vt 0.31545278 0.10883200
vt 0.25631437 0.10084444
vt 0.21613333 0.10851997
vt 0.16400701 0.10051614
vt 0.15998641 0.10811597
vt 0.03541347 0.09979546
vt 0.05771635 0.10786551
vt 0.02901712 0.10750514
vt 0.84088212 0.10208547
vt 0.89288533 0.10979044
vt 0.88308942 0.10231680
vt 0.94298756 0.10200244
vt 0.96186054 0.10887790
vt 0.96453434 0.10320103
vt 0.97628534 0.11002243
vt 0.97566193 0.10079682
vt 0.02050633 0.09838712
vt 0.99576288 0.05168933
vt 0.01869665 0.11038411
vt 0.99006104 0.09937614
vt 0.99002904 0.11072224
vt 0.02670582 0.09450758
vt 0.98947257 0.05382878
vt 0.31152409 0.09489948
vt 0.70395809 0.05782628
vt 0.05840563 0.09408450
vt 0.95758307 0.05356348
vt 0.79790139 0.09572381
vt 0.21670556 0.05628431
vt 0.16297461 0.09431821
vt 0.85231596 0.05512321
vt 0.61032635 0.09537256
vt 0.40495989 0.05885476
vt 0.71273685 0.09526902
vt 0.30228490 0.05743927
vt 0.37288341 0.09543264
vt 0.64266348 0.05892044
vt 0.99201453 0.08852071
vt 0.02435136 0.04441130
vt 0.05968223 0.11358869
vt 0.04491302 0.01294374
vt 0.22969648 0.11445385
vt 0.21670716 0.01276577
vt 0.56677276 0.11521786
vt 0.55478859 0.01272398
vt 0.43901530 0.11476475
vt 0.42673948 0.01292109
vt 0.84477252 0.11587942
vt 0.83112347 0.01315445
vt 0.31100804 0.11476165
vt 0.29834792 0.01272565
vt 0.02022536 0.11296225
vt 0.00468037 0.01463425
vt 0.41281763 0.32221758
vt 0.01623740 0.10933852
vt 0.98702300 0.08516020
vt 0.02656647 0.05207634
vt 0.55161619 0.02596843
vt 0.54510981 0.03288066
vt 0.42050186 0.03291792
vt 0.65776241 0.03268635
vt 0.66789806 0.02587163
vt 0.82085377 0.02604443
vt 0.82749408 0.03283203
vt 0.87888712 0.02608442
vt 0.39462107 0.02611047
vt 0.34643817 0.03266108
vt 0.91985774 0.03286272
vt 0.28872651 0.02597600
vt 0.27338722 0.03297651
vt 0.16537990 0.03296781
vt 0.14702407 0.02572596
vt 0.11225902 0.03287894
vt 0.03840867 0.03310126
vt 0.01713057 0.02669054
vt 0.99306965 0.15120447
vt 0.00427799 0.03358287
vt 0.92350924 0.02636456
vt 0.00419152 0.02763116
vt 0.95926172 0.02720058
vt 0.92559755 0.02214038
vt 0.42073414 0.32926559
vt 0.01855024 0.12225968
vt 0.00055991 0.02273810
vt 0.33855033 0.14406347
vt 0.66188961 0.03833610
vt 0.57685333 0.14631116
vt 0.42331094 0.03880793
vt 0.62939948 0.14628190
vt 0.37055594 0.03872466
vt 0.97606260 0.02738100
vt 0.96892953 0.14707971
vt 0.02855713 0.03949469
vt 0.71730715 0.14712250
vt 0.28226408 0.03888530
vt 0.98402792 0.14632088
vt 0.01332078 0.03962898
vt 0.91863400 0.01873881
vt 0.97469151 0.01762009
vt 0.95639151 0.01720548
vt 0.83389568 0.01902765
vt 0.68126708 0.01875412
vt 0.55249232 0.01849681
vt 0.41828763 0.01851237
vt 0.29797629 0.01833987
vt 0.02166943 0.01893818
vt 0.15661456 0.01834536
vt 0.94213605 0.32879078
vt 0.97979313 0.03962898
vt 0.94117975 0.31612659
vt 0.98152298 0.02804548
vt 0.69516683 0.11559850
vt 0.68245709 0.01279753
vt 0.93032360 0.11585391
vt 0.91600150 0.01277894
vt 0.16509269 0.11420435
vt 0.15179695 0.01244730
vt 0.97479695 0.11923122
vt 0.95969564 0.01391536
vt 0.98952276 0.12225968
vt 0.97369617 0.00906718
vt 0.39660430 0.07272977
vt 0.50293803 0.07377476
vt 0.43633613 0.12766683
vt 0.43869835 0.08146417
vt 0.36044583 0.12685090
vt 0.36247593 0.08040732
vt 0.58014977 0.12903553
vt 0.58320963 0.08144915
vt 0.58564991 0.07333446
vt 0.65793437 0.07236522
vt 0.72170651 0.12986124
vt 0.72498804 0.07947874
vt 0.75677079 0.07082391
vt 0.83155292 0.13033140
vt 0.83509231 0.07736129
vt 0.87353414 0.06852973
vt 0.89642292 0.13081235
vt 0.90008038 0.07607061
vt 0.98411262 0.06702578
vt 0.96100330 0.13144279
vt 0.96470076 0.07507581
vt 0.23307291 0.07058746
vt 0.23541783 0.12581396
vt 0.23690960 0.07909954
vt 0.16180296 0.06943482
vt 0.11537009 0.06901973
vt 0.08374194 0.11720067
vt 0.08586984 0.07036370
vt 0.99625367 0.06763566
vt 0.99264592 0.13388336
vt 0.99644601 0.07488507
vt 0.11421161 0.06294310
vt 0.06678984 0.05915099
vt 0.16134526 0.06382149
vt 0.22067322 0.06274658
vt 0.99608523 0.05968422
vt 0.85663956 0.06104577
vt 0.97937691 0.05885506
vt 0.31840506 0.06393397
vt 0.41481069 0.06505340
vt 0.06551605 0.06617367
vt 0.04175203 0.06511140
vt 0.04160047 0.05722845
vt 0.75915229 0.06295270
vt 0.65500027 0.06464076
vt 0.59027749 0.06539273
vt 0.50138152 0.06605154
vt 0.42488182 0.30382836
vt 0.99488008 0.12747717
vt 0.99933076 0.06935030
vt 0.41553262 0.30580425
vt 0.01781662 0.09250754
vt 0.99944007 0.05557287
vt 0.02664346 0.06793821
vt 0.02584845 0.05977029
vt 0.45227653 0.09513414
vt 0.56320500 0.05980480
vt 0.84336364 0.09544504
vt 0.17121410 0.05512655
vt 0.89246827 0.09573501
vt 0.12230329 0.05406547
vt 0.51067424 0.09553683
vt 0.50475562 0.06017983
vt 0.23887378 0.09471738
vt 0.77651757 0.05661994
vt 0.93942279 0.09492213
vt 0.07594891 0.05208629
vt 0.97446412 0.09446347
vt 0.04167198 0.05119854
vt 0.90756029 0.33933198
vt 0.01959687 0.06163335
vt 0.91669601 0.35154170
vt 0.02083756 0.07919413
vt 0.98773658 0.09245265
vt 0.02936461 0.04514927
vt 0.28589642 0.49956667
vt 0.29362845 0.52580738
vt 0.10267247 0.45266962
vt 0.29456154 0.50905824
vt 0.52446407 0.24679381
vt 0.27152348 0.52191246
vt 0.11445601 0.46366620
vt 0.29343677 0.48816216
vt 0.13827462 0.47730172
vt 0.29308081 0.44983232
vt 0.08279718 0.42686158
vt 0.29411826 0.54862314
vt 0.51887327 0.22994667
vt 0.27159807 0.54063880
vt 0.50374353 0.19853318
vt 0.27189255 0.57925802
vt 0.01853475 0.29455620
vt 0.27045348 0.42006695
vt 0.53172100 0.34727669
vt 0.29264793 0.41827047
vt 0.29232126 0.39508474
vt 0.56602472 0.36537659
vt 0.08599705 0.42991555
vt 0.29495841 0.54304194
vt 0.09705009 0.44468135
vt 0.29507279 0.52071822
vt 0.35680142 0.75845867
vt 0.36044741 0.77731740
vt 0.34179989 0.77226794
vt 0.33673874 0.75751358
vt 0.31945577 0.77888197
vt 0.65103006 0.04300171
vt 0.32497728 0.81678319
vt 0.36824593 0.78577042
vt 0.37933889 0.78601736
vt 0.37511873 0.80049157
vt 0.38577828 0.82158488
vt 0.74300110 0.36213410
vt 0.37575027 0.84414482
vt 0.36582035 0.82070380
vt 0.31708875 0.94501495
vt 0.59498572 0.92664421
vt 0.35967055 0.82738054
vt 0.84320283 0.41231024
vt 0.31522956 0.93009531
vt 0.35069272 0.84610689
vt 0.35038933 0.82945991
vt 0.85341042 0.40871078
vt 0.34104389 0.82429606
vt 0.86420989 0.40689796
vt 0.32915971 0.80679244
vt 0.33204266 0.83621383
vt 0.98264277 0.22849917
vt 0.37741035 0.77523679
vt 0.89836788 0.29602510
vt 0.33625975 0.79043818
vt 0.08715131 0.77703536
vt 0.36962464 0.85075885
vt 0.90569687 0.37352443
vt 0.49420303 0.91146713
vt 0.94045389 0.36820728
vt 0.33517689 0.84413832
vt 0.98264277 0.25716698
vt 0.36254141 0.75763530
vt 0.91455376 0.27891171
vt 0.33649176 0.75295109
vt 0.94140840 0.27571666
vt 0.00391937 0.60286677
vt 0.35228372 0.75438786
vt 0.92519969 0.27623773
vt 0.59601331 0.89018512
vt 0.36509779 0.78826481
vt 0.01169193 0.94522285
vt 0.01135713 0.91790718
vt 0.37620804 0.47071767
vt 0.03398897 0.90744591
vt 0.01112094 0.89609635
vt 0.38930327 0.47788334
vt 0.03404438 0.88652802
vt 0.26753834 0.23464680
vt 0.01179458 0.96454751
vt 0.00986424 0.92003095
vt 0.27637225 0.27727425
vt 0.27853936 0.33055520
vt 0.00954363 0.86636955
vt 0.40313023 0.48235905
vt 0.03369568 0.86528242
vt 0.01249618 0.98295563
vt 0.03313752 0.83915395
vt 0.42420918 0.48313659
vt 0.03459979 0.83348763
vt 0.70464057 0.90589482
vt 0.72194451 0.87639487
vt 0.07404841 0.21832252
vt 0.70348996 0.87463999
vt 0.40401578 0.14789540
vt 0.72297025 0.91092956
vt 0.74080992 0.91047817
vt 0.06491643 0.24496484
vt 0.72352606 0.87454927
vt 0.08772302 0.19393432
vt 0.68215138 0.87436759
vt 0.35322171 0.17957032
vt 0.66734952 0.91063404
vt 0.05543113 0.29706663
vt 0.04171266 0.40445477
vt 0.75979841 0.87491351
vt 0.10676947 0.17130458
vt 0.65769559 0.87442476
vt 0.34565672 0.18995249
vt 0.65712816 0.91110820
vt 0.63640577 0.87626219
vt 0.13636801 0.15150380
vt 0.79369742 0.76812816
vt 0.62507814 0.87442338
vt 0.32907879 0.22300756
vt 0.62937713 0.91315347
vt 0.49105608 0.44909745
vt 0.54347968 0.26857543
vt 0.24459411 0.43531746
vt 0.56705379 0.24643677
vt 0.47563773 0.46435916
vt 0.54355633 0.24069822
vt 0.25236684 0.42393315
vt 0.56713289 0.22997266
vt 0.46635190 0.47133672
vt 0.54341120 0.22503287
vt 0.54605019 0.29261690
vt 0.56620508 0.30789071
vt 0.45501050 0.47752547
vt 0.54311192 0.20679063
vt 0.51369834 0.41087252
vt 0.54255319 0.32016504
vt 0.19398028 0.47802579
vt 0.29502463 0.36509275
vt 0.56713289 0.33524489
vt 0.27048025 0.38202095
vt 0.56600028 0.17959529
vt 0.01026617 0.81348991
vt 0.77069408 0.83702719
vt 0.31027088 0.29189032
vt 0.76987684 0.86114126
vt 0.30963045 0.31604397
vt 0.79277760 0.81977165
vt 0.31348187 0.26744759
vt 0.77031207 0.81225091
vt 0.79267323 0.80009609
vt 0.79280621 0.89611149
vt 0.79318732 0.91364205
vt 0.24175844 0.18725300
vt 0.79435962 0.93801761
vt 0.32192659 0.23527116
vt 0.77049142 0.77780735
vt 0.61870098 0.91033739
vt 0.04895072 0.89610374
vt 0.06281347 0.88999635
vt 0.53592008 0.82715011
vt 0.04990886 0.88451201
vt 0.05861970 0.90319753
vt 0.06862979 0.90071094
vt 0.81243002 0.25700176
vt 0.04664466 0.91230577
vt 0.80930352 0.27011001
vt 0.05325399 0.92128062
vt 0.81169695 0.28027368
vt 0.06039532 0.92026442
vt 0.06799740 0.91359204
vt 0.07896138 0.91002995
vt 0.07742632 0.89616263
vt 0.07257548 0.88067430
vt 0.08405134 0.90293103
vt 0.08203951 0.89166456
vt 0.06039926 0.87048596
vt 0.08148943 0.87734103
vt 0.06988728 0.85654706
vt 0.06333594 0.85251689
vt 0.07090122 0.84131736
vt 0.06290692 0.83439845
vt 0.07107577 0.79446995
vt 0.07735087 0.82848960
vt 0.08127144 0.80582690
vt 0.07965416 0.85546833
vt 0.07816066 0.78131837
vt 0.34909332 0.77642697
vt 0.06976290 0.77526152
vt 0.05698009 0.85261399
vt 0.56093043 0.85847110
vt 0.05553351 0.83696473
vt 0.52710140 0.83703750
vt 0.03886787 0.88860971
vt 0.59118575 0.87447047
vt 0.05882659 0.78767443
vt 0.34271419 0.77834243
vt 0.07655471 0.77487350
vt 0.08313263 0.85000551
vt 0.88857782 0.27110469
vt 0.09189765 0.90338475
vt 0.33474693 0.79832876
vt 0.88437361 0.40047359
vt 0.09286022 0.77796066
vt 0.93807739 0.34079266
vt 0.94820690 0.34448957
vt 0.95388353 0.31954437
vt 0.95360160 0.29932046
vt 0.93490118 0.30349088
vt 0.98096782 0.01362491
vt 0.94641781 0.28686434
vt 0.92028701 0.28540617
vt 0.92730045 0.36509919
vt 0.93273520 0.28037035
vt 0.92440456 0.30025285
vt 0.99539524 0.11826384
vt 0.97646803 0.00084317
vt 0.91415876 0.30486512
vt 0.99608064 0.10266417
vt 0.90204912 0.30117607
vt 0.90640879 0.31856167
vt 0.99391079 0.08550584
vt 0.02337094 0.04300171
vt 0.92798126 0.35218978
vt 0.90507770 0.36391890
vt 0.89518040 0.32616949
vt 0.89545053 0.35023355
vt 0.93897378 0.36492980
vt 0.90399164 0.29012507
vt 0.98040313 0.23825204
vt 0.95273042 0.28737706
vt 0.00167973 0.62305725
vt 0.38243958 0.84131366
vt 0.89292061 0.36332029
vt 0.94836652 0.35255671
vt 0.88971871 0.33879542
vt 0.74524075 0.35751259
vt 0.38555723 0.83421457
vt 0.88969767 0.35599411
vt 0.74472070 0.37521076
vt 0.91841245 0.37236559
vt 0.49552071 0.89223939
vt 0.32039964 0.76765257
vt 0.95815414 0.29129297
vt 0.64333707 0.04454124
vt 0.00391937 0.63153458
vt 0.95571566 0.33032763
vt 0.32182691 0.81649500
vt 0.95500040 0.34100413
vt 0.94963992 0.35584807
vt 0.32660764 0.83139586
vt 0.44506621 0.90578520
vt 0.43990487 0.91232997
vt 0.43918866 0.89562070
vt 0.43191445 0.90762985
vt 0.42952701 0.89943075
vt 0.45135236 0.89579290
vt 0.45604855 0.87965059
vt 0.45971704 0.88717514
vt 0.44474319 0.87661058
vt 0.43510288 0.88532603
vt 0.84308183 0.20543718
vt 0.45539376 0.87116516
vt 0.44977921 0.91500008
vt 0.45658639 0.91223371
vt 0.43957773 0.92468774
vt 0.43045315 0.92189652
vt 0.44872248 0.92747808
vt 0.29197165 0.31799155
vt 0.46211350 0.88461143
vt 0.42324075 0.91378778
vt 0.42235094 0.90509969
vt 0.83891523 0.20240390
vt 0.45933875 0.87713552
vt 0.45421484 0.93390912
vt 0.49888018 0.86027980
vt 0.79009330 0.23591435
vt 0.46366146 0.93149954
vt 0.42031720 0.89055431
vt 0.42745250 0.87818986
vt 0.41585648 0.91207665
vt 0.43605030 0.86787349
vt 0.41305253 0.90182447
vt 0.40764892 0.91830891
vt 0.52169049 0.92664421
vt 0.41099063 0.89121509
vt 0.41551226 0.87775779
vt 0.42463610 0.87061054
vt 0.83807182 0.22740239
vt 0.44093481 0.85858661
vt 0.40349478 0.89847845
vt 0.82585168 0.27559245
vt 0.41158223 0.86733025
vt 0.39872867 0.90826672
vt 0.28947368 0.33289140
vt 0.47058305 0.87764549
vt 0.46961257 0.86746901
vt 0.83761740 0.18736053
vt 0.81914896 0.31478202
vt 0.39407527 0.89661568
vt 0.37928206 0.91272682
vt 0.82999408 0.34853923
vt 0.36689296 0.91394824
vt 0.54597735 0.91606563
vt 0.37912929 0.92804050
vt 0.33499044 0.93899530
vt 0.58123875 0.92239714
vt 0.34425971 0.92576355
vt 0.84050268 0.38885343
vt 0.33356786 0.92270726
vt 0.54521811 0.89557922
vt 0.55497253 0.88869649
vt 0.55380797 0.90132385
vt 0.54519916 0.88195020
vt 0.54347610 0.90244001
vt 0.57968968 0.90345287
vt 0.58458024 0.89029294
vt 0.59290248 0.90173697
vt 0.36999884 0.80857450
vt 0.59612352 0.91308266
vt 0.55584234 0.87947720
vt 0.36979061 0.79614317
vt 0.59768742 0.90091223
vt 0.54833734 0.86514235
vt 0.57085377 0.87295443
vt 0.58898777 0.88447136
vt 0.55741113 0.86795306
vt 0.59854424 0.87743741
vt 0.35882029 0.77973443
vt 0.05901879 0.77550161
vt 0.53323907 0.87227207
vt 0.53235430 0.88872087
vt 0.52451718 0.87326890
vt 0.52303088 0.89358681
vt 0.51591563 0.87226772
vt 0.51476419 0.89065278
vt 0.52171469 0.85586363
vt 0.52818185 0.85286260
vt 0.51127273 0.85076982
vt 0.53794730 0.85740530
vt 0.50737959 0.86964154
vt 0.44660956 0.94519395
vt 0.51857835 0.84494835
vt 0.43614075 0.93641949
vt 0.50606334 0.88759869
vt 0.51678175 0.90382642
vt 0.41960350 0.93752450
vt 0.53960174 0.84346426
vt 0.04593493 0.86838353
vt 0.55290109 0.85026324
vt 0.05439359 0.85167873
vt 0.51523882 0.83169752
vt 0.80980009 0.24053562
vt 0.03639418 0.90692520
vt 0.58693749 0.86633259
vt 0.06247317 0.79698402
vt 0.52646393 0.90846229
vt 0.50950098 0.90451920
vt 0.42492941 0.93008840
vt 0.57647580 0.91597736
vt 0.59091944 0.91627294
vt 0.51684719 0.91921675
vt 0.41434523 0.92385417
vt 0.53753650 0.91299415
vt 0.55323201 0.91614532
vt 0.37018931 0.93040633
vt 0.53093570 0.92204320
vt 0.39724499 0.92362517
vt 0.78547347 0.28912264
vt 0.77508634 0.28229541
vt 0.77221596 0.29454625
vt 0.85731012 0.20778239
vt 0.79404223 0.30300665
vt 0.78540224 0.30994046
vt 0.79758632 0.27936494
vt 0.80581754 0.29320383
vt 0.06858888 0.93001688
vt 0.79061544 0.27367496
vt 0.80329829 0.31086206
vt 0.77447152 0.27263963
vt 0.79826361 0.26280880
vt 0.78891432 0.25845957
vt 0.81243002 0.31478459
vt 0.08161086 0.91716695
vt 0.80279911 0.25127900
vt 0.79459792 0.24539524
vt 0.78215075 0.24838448
vt 0.46582085 0.91538024
vt 0.29625228 0.31474280
vt 0.76888913 0.26578963
vt 0.46452320 0.89026958
vt 0.50671303 0.84500724
vt 0.79892868 0.23018551
vt 0.46439025 0.94501495
vt 0.85185099 0.20763928
vt 0.76539755 0.29838574
vt 0.85208231 0.20350540
vt 0.85326624 0.19133824
vt 0.84953421 0.19603527
vt 0.84750479 0.20299160
vt 0.84803748 0.19048452
vt 0.84429854 0.19472623
vt 0.84289205 0.18929493
vt 0.84679610 0.20715129
vt 0.45606637 0.86370593
vt 0.84747773 0.18296796
vt 0.70466548 0.95193928
vt 0.83959770 0.19329101
vt 0.46375042 0.86711967
vt 0.69708848 0.94481897
vt 0.84121597 0.18434250
vt 0.47182202 0.85994864
vt 0.84762168 0.23828733
vt 0.86731696 0.31813502
vt 0.85902494 0.32327074
vt 0.86629635 0.33685988
vt 0.86029923 0.34601772
vt 0.86003292 0.37626338
vt 0.87296969 0.37902391
vt 0.86848164 0.39963973
vt 0.33559927 0.81126964
vt 0.87502855 0.40327209
vt 0.85303581 0.33193338
vt 0.86091810 0.40250397
vt 0.87389386 0.33351195
vt 0.85303390 0.31232524
vt 0.87641412 0.31731653
vt 0.88146228 0.37806302
vt 0.88008440 0.33297843
vt 0.09055909 0.84126461
vt 0.86020803 0.30098224
vt 0.85113758 0.29542446
vt 0.86779082 0.29377514
vt 0.85558718 0.28630435
vt 0.86588418 0.27647054
vt 0.85697770 0.27628422
vt 0.87717640 0.28466016
vt 0.86456668 0.26035589
vt 0.85587859 0.26459205
vt 0.85041821 0.27092737
vt 0.84614384 0.28097981
vt 0.87862951 0.27207828
vt 0.87352264 0.25874043
vt 0.88259476 0.29965091
vt 0.09462486 0.87314206
vt 0.85090607 0.25794506
vt 0.88745707 0.28610337
vt 0.09258887 0.88807315
vt 0.88256544 0.31774127
vt 0.08943243 0.85655457
vt 0.88439292 0.25850320
vt 0.09462486 0.91735822
vt 0.85617959 0.24804115
vt 0.84534240 0.26080137
vt 0.84228832 0.29940331
vt 0.84673470 0.32656157
vt 0.84531504 0.34170425
vt 0.85234857 0.37650120
vt 0.83655626 0.28536999
vt 0.83716828 0.27366376
vt 0.84026325 0.32588023
vt 0.86450887 0.24448466
vt 0.83897871 0.25989223
vt 0.83316076 0.29936004
vt 0.87559378 0.24291414
vt 0.79165107 0.32630694
vt 0.84269410 0.24410653
vt 0.43439972 0.84401351
vt 0.88857782 0.37063646
vt 0.08492842 0.80458128
vt 0.84569091 0.38055015
vt 0.82439256 0.28912747
vt 0.40358609 0.87482429
vt 0.83047014 0.25729990
vt 0.42329428 0.85812968
vt 0.83739251 0.33629292
vt 0.82769221 0.30521035
vt 0.39280671 0.88042855
vt 0.85768235 0.23140657
vt 0.77115768 0.32265443
vt 0.83130896 0.33562076
vt 0.37399912 0.90348285
vt 0.77871341 0.31809348
vt 0.86560887 0.22900075
vt 0.80126160 0.32333732
vt 0.88434857 0.24827969
vt 0.09218004 0.92741078
vt 0.76850837 0.65228218
vt 0.76959884 0.65954310
vt 0.77166516 0.28121042
vt 0.75993806 0.66256016
vt 0.30362079 0.31450254
vt 0.75643897 0.65695739
vt 0.77302092 0.27453411
vt 0.70872104 0.92158514
vt 0.30362079 0.33977962
vt 0.77014047 0.64165258
vt 0.71948487 0.94392794
vt 0.85903913 0.18508482
vt 0.77694267 0.66725498
vt 0.77203745 0.66950351
vt 0.76559937 0.66915542
vt 0.85609525 0.20459586
vt 0.76917917 0.29307902
vt 0.76103747 0.67537946
vt 0.85702348 0.19158989
vt 0.77298015 0.67537940
vt 0.97115541 0.13917005
vt 0.98477143 0.13814431
vt 0.99310166 0.14580256
vt 0.96718067 0.14329106
vt 0.85146219 0.14785290
vt 0.14701515 0.03873104
vt 0.43076700 0.31534648
vt 0.99608064 0.14150262
vt 0.03738756 0.14309156
vt 0.96030068 0.03901166
vt 0.03813043 0.13351935
vt 0.04453239 0.14328623
vt 0.95335788 0.03795874
vt 0.06047457 0.13314170
vt 0.06282066 0.13983345
vt 0.09328979 0.13357848
vt 0.10324091 0.13885558
vt 0.17318368 0.13958609
vt 0.15869127 0.13363749
vt 0.22067864 0.13529515
vt 0.33121940 0.13992941
vt 0.33684751 0.13707334
vt 0.43531129 0.14031267
vt 0.16805965 0.12972051
vt 0.11791126 0.13001543
vt 0.06246493 0.12777674
vt 0.42410389 0.13407087
vt 0.30528635 0.13258892
vt 0.51075697 0.13895524
vt 0.57905769 0.14162034
vt 0.57496673 0.13539958
vt 0.62286460 0.13647997
vt 0.23069842 0.13155842
vt 0.64996755 0.14188421
vt 0.71991944 0.13639760
vt 0.82415670 0.14269042
vt 0.83373660 0.13684916
vt 0.89029175 0.14304137
vt 0.72336739 0.14221382
vt 0.91203004 0.13767797
vt 0.03676781 0.12780267
vt 0.50338322 0.13470221
vt 0.93124354 0.33864069
vt 0.02286577 0.13777852
vt 0.92152077 0.34492576
vt 0.02183651 0.12106383
vt 0.02706616 0.08178753
vt 0.98547488 0.13179439
vt 0.98925298 0.07492137
vt 0.64390767 0.12969148
vt 0.64715141 0.08042538
vt 0.50427562 0.12839633
vt 0.50693834 0.08178753
vt 0.16518316 0.12480557
vt 0.16663626 0.07836396
vt 0.10858802 0.12419176
vt 0.11040550 0.07664466
vt 0.06308883 0.11792767
vt 0.06556790 0.07152796
vt 0.04205748 0.11905813
vt 0.04506039 0.07014388
vt 0.03409473 0.12082297
vt 0.03769124 0.07375687
vt 0.45558965 0.14524996
vt 0.54520112 0.03878880
vt 0.93679798 0.32701778
vt 0.02398502 0.15261382
vt 0.97463953 0.03767490
vt 0.18055788 0.14354944
vt 0.81875867 0.03796452
vt 0.09669676 0.14263779
vt 0.90184247 0.03813827
vt 0.71260995 0.93190515
vt 0.77771556 0.64674252
vt 0.70832276 0.94030225
vt 0.71522915 0.94098371
vt 0.85301280 0.18363810
vt 0.71239376 0.95170897
vt 0.70515794 0.93242061
vt 0.77316093 0.65502459
vt 0.71948487 0.92977703
vt 0.70156413 0.93899244
vt 0.69765604 0.93044686
vt 0.29088360 0.34132457
vt 0.47536394 0.87259269
vt 0.29776007 0.33389151
vt 0.30403134 0.33144307
vt 0.76486844 0.64561772
vt 0.29794919 0.31847930
vt 0.29402009 0.33424115
vt 0.70300150 0.92383021
vt 0.29771352 0.34148395
vt 0.35726064 0.84992379
vt 0.49328107 0.89276481
vt 0.34951907 0.85075885
vt 0.92578417 0.37352443
vt 0.49420303 0.88111299
vt 0.27573600 0.35742611
vt 0.01038589 0.83919322
vt 0.26958722 0.38042313
vt 0.26278982 0.39940506
vt 0.26165611 0.40638852
vt 0.56590474 0.20741284
vt 0.14819151 0.25757688
vt 0.19654360 0.30517644
vt 0.12586243 0.33721966
vt 0.06017509 0.36486447
vt 0.04177726 0.33544064
vt 0.05715184 0.31244290
vt 0.11630838 0.46075743
vt 0.17146745 0.14903742
vt 0.18024345 0.14634413
vt 0.79391307 0.83498257
vt 0.22750567 0.17233843
vt 0.79448819 0.91168082
vt 0.21150281 0.15954220
vt 0.79421699 0.88422740
vt 0.11683026 0.16274405
vt 0.64607418 0.87438881
vt 0.25444165 0.41324687
vt 0.15811437 0.48145026
vt 0.29390091 0.41956872
vt 0.17379154 0.48145026
vt 0.29384449 0.39584529
vt 0.23319630 0.45021546
vt 0.56718731 0.26935565
vt 0.27688640 0.31796849
vt 0.25587365 0.20930749
vt 0.79451287 0.96880269
vt 0.01082864 0.99536258
vt 0.26921475 0.24370784
vt 0.01038000 0.95533121
vt 0.56718928 0.29816133
vt 0.21693988 0.46498847
vt 0.16082042 0.14586848
vt 0.79419142 0.80564934
vt 0.07467256 0.41073430
vt 0.29502463 0.56885773
vt 0.04171266 0.28414840
vt 0.27820611 0.30326355
vt 0.00951848 0.89376783
vt 0.14614585 0.14769250
vt 0.79384220 0.78337133
vt 0.12148641 0.46795851
vt 0.29446694 0.47675753
vt 0.24262050 0.19079924
vt 0.24563178 0.19280970
vt 0.79419142 0.94611293
vt 0.08174565 0.20351726
vt 0.69092947 0.87460601
vt 0.27939528 0.31867242
vt 0.01087982 0.87823600
vt 0.05850978 0.26879942
vt 0.74068397 0.87620497
vt 0.19728112 0.15055180
vt 0.79294878 0.86101383
vt 0.09865244 0.17888767
vt 0.66727704 0.87550956
vt 0.95880741 0.30591160
vt 0.65296125 0.04637438
vt 0.31858903 0.79543418
vt 0.95912653 0.32007551
vt 0.66237402 0.04454136
vt 0.38449472 0.80202043
vt 0.89083874 0.32332522
vt 0.74472070 0.34148395
vt 0.04086066 0.32983035
vt 0.06464251 0.38469851
vt 0.04176013 0.31438833
vt 0.05621086 0.34789926
vt 0.04062490 0.35342741
vt 0.47690690 0.16695559
vt 0.01829671 0.34592938
vt 0.01897050 0.32736707
vt 0.04050452 0.37918043
vt 0.05547810 0.32898015
vt 0.04199328 0.37238353
vt 0.43970206 0.14766574
vt 0.75887054 0.91115975
vt 0.01839312 0.40556490
vt 0.66441786 0.66193086
vt 0.67217851 0.67683822
vt 0.67381793 0.59606189
vt 0.66699982 0.76912498
vt 0.64798170 0.75273001
vt 0.28406674 0.76018518
vt 0.65547967 0.52605093
vt 0.64790434 0.52826864
vt 0.64825255 0.66728598
vt 0.75780255 0.26413810
vt 0.64736998 0.78097814
vt 0.67407852 0.75674051
vt 0.68983710 0.65357274
vt 0.68855333 0.75657082
vt 0.75315630 0.34482610
vt 0.70142937 0.78104740
vt 0.70281035 0.59099633
vt 0.70381975 0.65013546
vt 0.70311278 0.75338537
vt 0.69634163 0.52765018
vt 0.63152784 0.77866060
vt 0.62758797 0.57201129
vt 0.62934643 0.67041296
vt 0.63831323 0.52688193
vt 0.28080875 0.73477548
vt 0.27939528 0.71593183
vt 0.62577403 0.52696979
vt 0.62502301 0.73506510
vt 0.61779124 0.75123882
vt 0.61344790 0.78135478
vt 0.77315509 0.21816456
vt 0.61531252 0.56937814
vt 0.60607511 0.62743068
vt 0.28078100 0.68700820
vt 0.60660249 0.52810085
vt 0.60322779 0.73936403
vt 0.60342681 0.56312335
vt 0.59265888 0.70848870
vt 0.59373891 0.53268754
vt 0.58057833 0.57228833
vt 0.58512080 0.66666722
vt 0.79392093 0.18662632
vt 0.58411968 0.78104353
vt 0.58072418 0.74743104
vt 0.57732308 0.65313363
vt 0.80454075 0.17536110
vt 0.57120097 0.78085613
vt 0.56929690 0.74281287
vt 0.57046020 0.64345938
vt 0.29414847 0.62685925
vt 0.56448978 0.52794522
vt 0.55314177 0.74847353
vt 0.09743855 0.96542609
vt 0.55302787 0.65200746
vt 0.09706117 0.86906737
vt 0.29979032 0.61170197
vt 0.55298579 0.52822345
vt 0.09686450 0.74548084
vt 0.75777382 0.37452394
vt 0.72158903 0.77953619
vt 0.71853811 0.55708092
vt 0.72085595 0.52758074
vt 0.72364253 0.74002433
vt 0.72019404 0.65595019
vt 0.72461104 0.54813689
vt 0.72789037 0.65143991
vt 0.37815851 0.87114036
vt 0.73233563 0.52700245
vt 0.74027854 0.77407801
vt 0.73819655 0.69568431
vt 0.74173701 0.54912019
vt 0.21279031 0.81326914
vt 0.22996251 0.89086854
vt 0.21310906 0.89736778
vt 0.22953667 0.96055400
vt 0.21255958 0.99572539
vt 0.22936852 0.75611210
vt 0.23049809 0.80106252
vt 0.20832200 0.74649525
vt 0.22903346 0.99869817
vt 0.94236231 0.20368057
vt 0.21888795 0.74452627
vt 0.19475855 0.90072018
vt 0.19671822 0.96282929
vt 0.48366350 0.88756925
vt 0.19516966 0.74482310
vt 0.19473687 0.79892755
vt 0.91891879 0.17703331
vt 0.19964248 0.99884427
vt 0.18900818 0.99543428
vt 0.65957433 0.93386918
vt 0.22884624 0.74265260
vt 0.17490041 0.96023059
vt 0.17562284 0.90757185
vt 0.24152294 0.93026006
vt 0.24357218 0.99881417
vt 0.95199412 0.22007608
vt 0.24988495 0.95730329
vt 0.25069255 0.99535692
vt 0.24988306 0.79242414
vt 0.25029173 0.89361942
vt 0.25066376 0.75100940
vt 0.98919863 0.76863003
vt 0.26237729 0.99915683
vt 0.96270525 0.24324924
vt 0.85302222 0.76814348
vt 0.26288259 0.79394972
vt 0.62543470 0.92664421
vt 0.26338452 0.74611503
vt 0.63214159 0.92891937
vt 0.25676027 0.74328727
vt 0.15754375 0.95917255
vt 0.15743642 0.82291937
vt 0.88169539 0.15582740
vt 0.15963793 0.99891359
vt 0.47648376 0.94282097
vt 0.15803829 0.74469072
vt 0.14217356 0.79905218
vt 0.14272520 0.94583702
vt 0.47667277 0.96189165
vt 0.14548129 0.74460137
vt 0.13668609 0.75144225
vt 0.13669322 0.95255107
vt 0.13618700 0.86331379
vt 0.12406196 0.74594575
vt 0.12060846 0.95714551
vt 0.11950569 0.90687931
vt 0.11976429 0.79743046
vt 0.84008801 0.15520424
vt 0.11782820 0.99855721
vt 0.30995440 0.59194928
vt 0.11334339 0.74523425
vt 0.10690436 0.96764231
vt 0.30415821 0.60196364
vt 0.10459374 0.74556547
vt 0.10429811 0.87204564
vt 0.42007983 0.59633523
vt 0.43533063 0.58544433
vt 0.43315709 0.68566442
vt 0.41966236 0.69264108
vt 0.49707866 0.76475549
vt 0.41986784 0.48789662
vt 0.43868342 0.49661982
vt 0.42238286 0.74033517
vt 0.44217899 0.73967052
vt 0.44229496 0.59866893
vt 0.45399642 0.72663355
vt 0.45504594 0.60406268
vt 0.45494035 0.50603294
vt 0.50759953 0.76609719
vt 0.40928340 0.48847264
vt 0.40540674 0.69961071
vt 0.40514538 0.57649016
vt 0.39213777 0.62375569
vt 0.39544588 0.53099793
vt 0.39229611 0.70687813
vt 0.51498973 0.76790959
vt 0.40181282 0.48789477
vt 0.90936154 0.47215849
vt 0.39040038 0.74219257
vt 0.52588886 0.77164584
vt 0.39061981 0.48855615
vt 0.38387293 0.52601546
vt 0.38221943 0.67142910
vt 0.37095821 0.58022147
vt 0.37024295 0.71070886
vt 0.36839882 0.49318194
vt 0.55235016 0.78903675
vt 0.36170766 0.48743188
vt 0.35363334 0.50938600
vt 0.35463387 0.57350260
vt 0.35831916 0.69252896
vt 0.93699777 0.44613767
vt 0.35746449 0.74204433
vt 0.56535113 0.80001569
vt 0.34674886 0.48811293
vt 0.34827447 0.74003845
vt 0.34362218 0.51566136
vt 0.34287697 0.59886545
vt 0.33756348 0.69505101
vt 0.98755878 0.95331419
vt 0.95562369 0.41791379
vt 0.33090705 0.74032754
vt 0.84651238 0.95699829
vt 0.33306262 0.52744186
vt 0.47408476 0.61965042
vt 0.44579095 0.77758604
vt 0.47205716 0.48750579
vt 0.47386107 0.70989013
vt 0.44116056 0.78036106
vt 0.47702849 0.48812914
vt 0.49469230 0.71342915
vt 0.81152743 0.46671486
vt 0.49176094 0.74128854
vt 0.49462706 0.54171520
vt 0.49459985 0.61823118
vt 0.42503905 0.79267198
vt 0.49505499 0.48759365
vt 0.80053586 0.45630991
vt 0.50479466 0.74282873
vt 0.51237422 0.49675828
vt 0.51081479 0.56536525
vt 0.50930095 0.70671886
vt 0.41419125 0.80414420
vt 0.50823736 0.48818398
vt 0.51438689 0.74094939
vt 0.51838201 0.56450450
vt 0.51771456 0.71206456
vt 0.52258086 0.48858255
vt 0.53130108 0.62623757
vt 0.53007615 0.70750368
vt 0.53092927 0.55181336
vt 0.39573383 0.82984549
vt 0.53313076 0.48896575
vt 0.75039089 0.77187902
vt 0.54621500 0.73334378
vt 0.74925071 0.68316412
vt 0.54815227 0.64465672
vt 0.75039089 0.56629765
vt 0.54728866 0.52774590
vt 0.38908142 0.84221590
vt 0.75419933 0.52769345
vt 0.54357475 0.48912239
vt 0.40439656 0.82051784
vt 0.52271432 0.48575133
vt 0.15765662 0.56314558
vt 0.17434096 0.62520367
vt 0.15671231 0.63099271
vt 0.17461604 0.69402480
vt 0.15721808 0.68647510
vt 0.17507173 0.58919555
vt 0.17436491 0.73451763
vt 0.15818822 0.73381561
vt 0.17184168 0.48987746
vt 0.15706071 0.50422180
vt 0.17841664 0.49050027
vt 0.14967936 0.73620397
vt 0.77387607 0.23609579
vt 0.13733193 0.48952425
vt 0.14224741 0.53349441
vt 0.14335415 0.60916156
vt 0.14280741 0.70303524
vt 0.13812017 0.73295307
vt 0.13156645 0.51131094
vt 0.13696295 0.61837256
vt 0.12540555 0.54872823
vt 0.29004979 0.67926878
vt 0.12902211 0.48587930
vt 0.28955922 0.74953508
vt 0.17558105 0.48435962
vt 0.12278035 0.68042773
vt 0.78913665 0.20689452
vt 0.12522736 0.73620069
vt 0.12136159 0.52373391
vt 0.29162464 0.66985434
vt 0.12259403 0.48618507
vt 0.11601379 0.73291528
vt 0.11618402 0.55437285
vt 0.10831959 0.69109207
vt 0.11138766 0.51956236
vt 0.11286623 0.48965520
vt 0.29377344 0.65478909
vt 0.11250684 0.48459727
vt 0.28742710 0.68982255
vt 0.13625699 0.48391819
vt 0.77937061 0.22079456
vt 0.13840783 0.73765588
vt 0.09914361 0.73263115
vt 0.09904079 0.69646204
vt 0.09973879 0.53464508
vt 0.29888225 0.64091247
vt 0.10205787 0.48535562
vt 0.81272423 0.17373633
vt 0.09364150 0.73931319
vt 0.08832942 0.52041668
vt 0.09196270 0.68828732
vt 0.09180962 0.73207575
vt 0.30634713 0.62083811
vt 0.08670174 0.48553479
vt 0.08541543 0.69767547
vt 0.82417542 0.17163849
vt 0.08271307 0.73618162
vt 0.07648432 0.48910177
vt 0.07552593 0.52363235
vt 0.07646043 0.57098806
vt 0.07684034 0.69241881
vt 0.07566065 0.73289686
vt 0.31716040 0.59880656
vt 0.06844956 0.48497510
vt 0.06676628 0.69462913
vt 0.06327486 0.57030410
vt 0.83861405 0.16626602
vt 0.06789057 0.73594618
vt 0.06143489 0.52741122
vt 0.06053263 0.62649953
vt 0.48768198 0.99072510
vt 0.32387275 0.58894259
vt 0.05910588 0.48571718
vt 0.84728462 0.16390473
vt 0.05917035 0.73636693
vt 0.05398883 0.70021367
vt 0.04865192 0.56704193
vt 0.04473518 0.63039988
vt 0.48608524 0.97654921
vt 0.04963006 0.48570478
vt 0.04518791 0.73203355
vt 0.04369629 0.69586241
vt 0.85721195 0.16194665
vt 0.04925616 0.73684061
vt 0.04102606 0.54244083
vt 0.04446914 0.48963070
vt 0.79451698 0.19306499
vt 0.11513756 0.73929745
vt 0.02929999 0.69536692
vt 0.02690950 0.73240691
vt 0.78635579 0.49698091
vt 0.02183651 0.69287860
vt 0.79193085 0.53630251
vt 0.76879323 0.24171394
vt 0.15531355 0.73946035
vt 0.75960410 0.28339541
vt 0.18403146 0.73843390
vt 0.19294485 0.57837844
vt 0.19271727 0.63156122
vt 0.19260420 0.69088799
vt 0.19290088 0.52660859
vt 0.19423237 0.73374069
vt 0.20344929 0.50771230
vt 0.20949382 0.59948355
vt 0.75890595 0.30526340
vt 0.19830379 0.73708636
vt 0.20694405 0.69331473
vt 0.21089689 0.73381311
vt 0.21796675 0.68786871
vt 0.21654978 0.61202681
vt 0.21326537 0.49163932
vt 0.30260780 0.80412173
vt 0.21374755 0.48474079
vt 0.75705832 0.32561159
vt 0.21163011 0.73873085
vt 0.22119036 0.73374045
vt 0.22016689 0.54816443
vt 0.22276029 0.49030733
vt 0.23301463 0.68988317
vt 0.23265363 0.60382408
vt 0.23336957 0.53304660
vt 0.23348203 0.56595820
vt 0.31420454 0.82541978
vt 0.23190857 0.48609519
vt 0.23930846 0.73367023
vt 0.76512700 0.36581731
vt 0.24363273 0.49030232
vt 0.25436205 0.60262012
vt 0.66292626 0.51702851
vt 0.38551769 0.87732035
vt 0.25254282 0.48679471
vt 0.73957175 0.52023607
vt 0.25447777 0.69735044
vt 0.60023564 0.51656669
vt 0.85099828 0.87224448
vt 0.85328066 0.90340114
vt 0.92888927 0.87372124
vt 0.90730768 0.90404379
vt 0.98231041 0.87545300
vt 0.82037753 0.88420695
vt 0.60521579 0.87001908
vt 0.82045174 0.90586168
vt 0.59879583 0.85029864
vt 0.82427692 0.87199968
vt 0.98743057 0.85733503
vt 0.89621550 0.84963822
vt 0.82021189 0.85160470
vt 0.57264566 0.94719398
vt 0.95130998 0.84452480
vt 0.97480404 0.31178248
vt 0.98896116 0.84049052
vt 0.58176851 0.94127160
vt 0.82044858 0.83661002
vt 0.94237661 0.81957167
vt 0.59122306 0.93483043
vt 0.82150441 0.82100379
vt 0.97112483 0.27699220
vt 0.98902327 0.80493808
vt 0.85023868 0.81124103
vt 0.94287241 0.80624950
vt 0.82385552 0.80552560
vt 0.98779941 0.78803504
vt 0.60120505 0.93333262
vt 0.81983942 0.80602759
vt 0.91407198 0.78702939
vt 0.85620242 0.78700715
vt 0.91536725 0.76812816
vt 0.26274428 0.88789356
vt 0.91443413 0.92590630
vt 0.98830271 0.92477977
vt 0.85432523 0.93183404
vt 0.59012252 0.83553690
vt 0.81992775 0.92561316
vt 0.94713181 0.93386549
vt 0.82381731 0.93715346
vt 0.66243768 0.33803165
vt 0.66542017 0.31968176
vt 0.59970397 0.33913255
vt 0.60176164 0.31923544
vt 0.57597625 0.33711052
vt 0.57600164 0.32033288
vt 0.71744841 0.34037900
vt 0.73674381 0.31930673
vt 0.73664373 0.33958638
vt 0.70940059 0.30003965
vt 0.60350502 0.30370247
vt 0.67243683 0.30041903
vt 0.57586402 0.30434442
vt 0.57362521 0.35768044
vt 0.51204520 0.78032392
vt 0.73961294 0.29128599
vt 0.63583976 0.27785408
vt 0.60053116 0.27886474
vt 0.57407701 0.28938854
vt 0.70314682 0.27781260
vt 0.73677218 0.27867907
vt 0.57570833 0.27258307
vt 0.60306108 0.26035178
vt 0.70100653 0.25989735
vt 0.64261901 0.25933158
vt 0.73678946 0.26838827
vt 0.57429981 0.25650316
vt 0.48008764 0.77706474
vt 0.74009657 0.33966029
vt 0.59559786 0.36515969
vt 0.64921683 0.36589539
vt 0.71077734 0.36579847
vt 0.46361840 0.78367805
vt 0.73895597 0.36520463
vt 0.57575315 0.37159848
vt 0.87844449 0.47614300
vt 0.57322985 0.31783199
vt 0.86725658 0.47786319
vt 0.57272863 0.33470178
vt 0.60139364 0.38962269
vt 0.64246547 0.38960624
vt 0.72454387 0.38770330
vt 0.44802067 0.79112768
vt 0.73735088 0.38971841
vt 0.57559913 0.39031029
vt 0.73663938 0.24344063
vt 0.53226501 0.78756607
vt 0.73976958 0.25960457
vt 0.70290047 0.24158144
vt 0.60348189 0.23768836
vt 0.64082271 0.23721141
vt 0.57634097 0.23417848
vt 0.68170619 0.23266280
vt 0.54990220 0.80003661
vt 0.73918271 0.23006094
vt 0.84460014 0.47652072
vt 0.57191724 0.36870140
vt 0.92289394 0.45409977
vt 0.57240760 0.24679220
vt 0.60996300 0.21662134
vt 0.68947905 0.21831775
vt 0.73671430 0.21548510
vt 0.90256864 0.47042906
vt 0.57166851 0.28115577
vt 0.55771452 0.80443603
vt 0.74037313 0.21766925
vt 0.70474935 0.20661551
vt 0.65467811 0.20566076
vt 0.60070223 0.20285058
vt 0.57595348 0.20288873
vt 0.94562191 0.42500687
vt 0.57326221 0.20148981
vt 0.56691355 0.81731898
vt 0.73949170 0.19883764
vt 0.67101228 0.19337964
vt 0.57470995 0.82672912
vt 0.73929584 0.18369472
vt 0.68845141 0.17605710
vt 0.62179822 0.17594498
vt 0.57652515 0.17579651
vt 0.95179307 0.41375828
vt 0.57313776 0.18679857
vt 0.98574120 0.52133769
vt 0.59316748 0.16336286
vt 0.98451704 0.73782033
vt 0.73691005 0.16140622
vt 0.58630103 0.83715594
vt 0.98614115 0.74341160
vt 0.74076146 0.16347545
vt 0.72322452 0.39634120
vt 0.57575917 0.41374278
vt 0.65591443 0.41799605
vt 0.72466934 0.41845334
vt 0.59978253 0.41839892
vt 0.57392949 0.42747808
vt 0.73641771 0.44400561
vt 0.66398078 0.43337083
vt 0.41534093 0.81647098
vt 0.74072582 0.44522762
vt 0.59651893 0.44542366
vt 0.67699528 0.45011121
vt 0.57405704 0.44805062
vt 0.60140437 0.46674383
vt 0.66581714 0.46800768
vt 0.73704463 0.46678758
vt 0.57600737 0.46486789
vt 0.78385532 0.41976964
vt 0.57388276 0.47838855
vt 0.60604501 0.47890544
vt 0.67490238 0.47946656
vt 0.73685443 0.48033732
vt 0.78059345 0.40898359
vt 0.57604009 0.48983228
vt 0.61013430 0.50215745
vt 0.57578963 0.50631952
vt 0.69766814 0.50439018
vt 0.72623116 0.50029004
vt 0.25417179 0.73288733
vt 0.57673252 0.51739979
vt 0.38842034 0.86821306
vt 0.73960519 0.51025152
vt 0.25475925 0.53714710
vt 0.70625138 0.51670647
vt 0.87877762 0.61369717
vt 0.86477095 0.62400210
vt 0.86556333 0.55699641
vt 0.87918681 0.67956114
vt 0.88034654 0.53579837
vt 0.64027864 0.93982387
vt 0.87133104 0.74239767
vt 0.87830794 0.73865885
vt 0.86292106 0.73866457
vt 0.87714052 0.49739403
vt 0.88432574 0.49591649
vt 0.86091775 0.49662155
vt 0.85353696 0.59462959
vt 0.85366505 0.66241151
vt 0.85283732 0.73718554
vt 0.89174199 0.60874075
vt 0.88881427 0.73857623
vt 0.89372009 0.69928300
vt 0.89668685 0.53610194
vt 0.94788539 0.22852618
vt 0.86859757 0.49340498
vt 0.89202780 0.49341476
vt 0.65703416 0.94202328
vt 0.85462558 0.74330795
vt 0.85188627 0.52581882
vt 0.85058820 0.49651587
vt 0.66940898 0.94577646
vt 0.84216160 0.74419940
vt 0.89931715 0.74083626
vt 0.90491182 0.60508555
vt 0.90826708 0.73795366
vt 0.90062749 0.49433345
vt 0.61870295 0.93839276
vt 0.89294708 0.74382144
vt 0.91594708 0.67650610
vt 0.91654134 0.58908838
vt 0.91749036 0.53542471
vt 0.91196823 0.49278551
vt 0.91825557 0.49594277
vt 0.97044599 0.30864143
vt 0.92722464 0.49135983
vt 0.92670172 0.59248906
vt 0.92630327 0.68112779
vt 0.92861944 0.49598944
vt 0.93484044 0.54450792
vt 0.93777448 0.63092136
vt 0.94491214 0.49554586
vt 0.94184476 0.73754996
vt 0.94774514 0.60182273
vt 0.96966165 0.35168922
vt 0.95574689 0.49296397
vt 0.95515859 0.51904666
vt 0.95247233 0.60043555
vt 0.95369607 0.71173263
vt 0.95503932 0.73935479
vt 0.56047034 0.97048903
vt 0.95819557 0.60500258
vt 0.83785945 0.60095441
vt 0.83720183 0.52727175
vt 0.83677369 0.49698442
vt 0.83627814 0.66794491
vt 0.84145099 0.73827994
vt 0.93773949 0.20901394
vt 0.85215628 0.49232531
vt 0.91596657 0.18612850
vt 0.82577777 0.49350297
vt 0.92721176 0.19621187
vt 0.83876055 0.49218178
vt 0.68154979 0.95524526
vt 0.82867879 0.74298352
vt 0.82173723 0.53745049
vt 0.82181358 0.60654473
vt 0.82182133 0.66985744
vt 0.82175219 0.73894173
vt 0.81584948 0.49614722
vt 0.80596846 0.53799808
vt 0.80601358 0.60331583
vt 0.80499935 0.66036612
vt 0.80672467 0.73899144
vt 0.94555199 0.21794903
vt 0.86166722 0.49027681
vt 0.80045491 0.54290825
vt 0.96557671 0.26983613
vt 0.90107375 0.48988199
vt 0.79571998 0.60591006
vt 0.79678464 0.73871768
vt 0.91215765 0.17829239
vt 0.81982851 0.49040836
vt 0.02709821 0.57535732
vt 0.78683120 0.65347636
vt 0.48327604 0.94347948
vt 0.78625214 0.74565685
vt 0.78555739 0.74255472
vt 0.48546970 0.94455177
vt 0.02847108 0.48595321
vt 0.02926794 0.63192099
vt 0.78443450 0.59711134
vt 0.96426409 0.51053315
vt 0.97114992 0.49562800
vt 0.96703035 0.65913975
vt 0.96644777 0.73756498
vt 0.97220445 0.59506840
vt 0.97159815 0.74378055
vt 0.59570187 0.85412049
vt 0.97562963 0.50832093
vt 0.97418821 0.73776144
vt 0.60340190 0.87521625
vt 0.95575929 0.74379569
vt 0.98448533 0.58853060
vt 0.63776928 0.16104555
vt 0.95921141 0.39749277
vt 0.98824191 0.49223018
vt 0.57378823 0.16692716
vt 0.47871637 0.91569716
vt 0.17601976 0.74492842
vt 0.47932395 0.94172746
vt 0.48768198 0.88111299
vt 0.20058924 0.74157679
vt 0.68612754 0.94812632
vt 0.48050565 0.97342163
vt 0.32978722 0.57082629
vt 0.70268756 0.97048903
vt 0.48589683 0.91439909
vt 0.80538499 0.74446929
vt 0.48417518 0.97120428
vt 0.04594389 0.48378724
vt 0.46136782 0.78038919
vt 0.73995715 0.36732590
vt 0.46906146 0.76989645
vt 0.44809470 0.48500860
vt 0.48010448 0.77082193
vt 0.45065162 0.77978939
vt 0.44632170 0.78846335
vt 0.74059606 0.39131927
vt 0.49516585 0.77572560
vt 0.74028766 0.31705546
vt 0.49180406 0.76779068
vt 0.42514068 0.48482293
vt 0.50680029 0.77322292
vt 0.51541692 0.77162379
vt 0.52272475 0.78120995
vt 0.74038410 0.27523828
vt 0.43044734 0.80056930
vt 0.42191353 0.79929769
vt 0.41279563 0.81276923
vt 0.50376225 0.77888459
vt 0.73927253 0.30388719
vt 0.55468470 0.79497969
vt 0.54222983 0.79166675
vt 0.74071014 0.24412489
vt 0.53948665 0.77971774
vt 0.37601066 0.48721981
vt 0.47924268 0.76495826
vt 0.43763718 0.48835051
vt 0.46306044 0.76886445
vt 0.45387557 0.48759985
vt 0.40448612 0.83255392
vt 0.74036449 0.46783864
vt 0.39365885 0.84063423
vt 0.39688182 0.84557253
vt 0.74076146 0.48478436
vt 0.39329845 0.85687351
vt 0.73959845 0.49689460
vt 0.41327450 0.82222694
vt 0.73950815 0.45131093
vt 0.43172106 0.80333114
vt 0.73868644 0.41765380
vt 0.32978722 0.85581785
vt 0.38368618 0.86884665
vt 0.56818944 0.80826813
vt 0.57971078 0.82363981
vt 0.57857567 0.83028525
vt 0.73969793 0.17694283
vt 0.81889045 0.89531749
vt 0.60114598 0.86050510
vt 0.81802911 0.86268026
vt 0.56732070 0.95559007
vt 0.94413388 0.74620575
vt 0.60862261 0.89123100
vt 0.57687718 0.81368792
vt 0.82048029 0.95555210
vt 0.33199942 0.48811936
vt 0.38355052 0.85518962
vt 0.74409688 0.52722687
vt 0.78297096 0.20142913
vt 0.59872037 0.78132570
vt 0.78524345 0.20767456
vt 0.75680041 0.28378677
vt 0.75434226 0.28449368
vt 0.66128838 0.78092998
vt 0.75195968 0.31218004
vt 0.67980760 0.78078622
vt 0.82227439 0.16210371
vt 0.55151176 0.78148723
vt 0.09947568 0.99839556
vt 0.82958639 0.16533554
vt 0.07641619 0.73912740
vt 0.85221356 0.15307450
vt 0.13001759 0.99915683
vt 0.75780588 0.34159410
vt 0.22197026 0.73908818
vt 0.76135200 0.36708552
vt 0.23908342 0.73946035
vt 0.76246482 0.38681585
vt 0.73088187 0.78161889
vt 0.87100476 0.16213846
vt 0.03559316 0.73733741
vt 0.88113737 0.16208553
vt 0.02554081 0.73827231
vt 0.78734422 0.49095213
vt 0.86574495 0.15261382
vt 0.14354512 0.99905825
vt 0.89839607 0.16656578
vt 0.89805406 0.16254848
vt 0.17660186 0.99870527
vt 0.95667124 0.24249351
vt 0.88116449 0.49127793
vt 0.96004242 0.25370979
vt 0.88922668 0.49132371
vt 0.97338456 0.29418033
vt 0.98936170 0.82260281
vt 0.97320110 0.35290229
vt 0.98905599 0.88204980
vt 0.76522422 0.37522316
vt 0.24512401 0.73696178
vt 0.76718521 0.38907480
vt 0.25443444 0.73849553
vt 0.57302511 0.51779437
vt 0.77357697 0.40088105
vt 0.57333630 0.50259858
vt 0.77639836 0.41096997
vt 0.77048343 0.41010422
vt 0.74831706 0.78131086
vt 0.54808933 0.74283159
vt 0.78267068 0.43322480
vt 0.52844208 0.74279428
vt 0.78891677 0.43328619
vt 0.57209992 0.46348441
vt 0.81051368 0.45713449
vt 0.57197648 0.42340553
vt 0.82641453 0.46915013
vt 0.57187259 0.39685410
vt 0.82712078 0.47633600
vt 0.47481003 0.74224794
vt 0.84819776 0.48313659
vt 0.45304647 0.74283308
vt 0.87567967 0.48313659
vt 0.42531204 0.74267113
vt 0.89002913 0.47347903
vt 0.57280976 0.30019248
vt 0.89545667 0.47931349
vt 0.40518692 0.74117881
vt 0.91104323 0.46330559
vt 0.57321668 0.26683789
vt 0.92489058 0.46007919
vt 0.37280616 0.74165374
vt 0.93276787 0.44552362
vt 0.57234001 0.22965336
vt 0.94682992 0.42993987
vt 0.34277385 0.74283165
vt 0.89607519 0.17057657
vt 0.80320311 0.49328113
vt 0.76132673 0.35355490
vt 0.23034611 0.73683131
vt 0.80209750 0.18863571
vt 0.10755081 0.73635525
vt 0.93826890 0.43464905
vt 0.57396245 0.21624333
vt 0.96157438 0.40164733
vt 0.98919863 0.93469775
vt 0.96699667 0.37650412
vt 0.97231674 0.49060237
vt 0.97035760 0.37360322
vt 0.98877990 0.90339279
vt 0.96981722 0.33035994
vt 0.94157463 0.49267536
vt 0.48039597 0.98540860
vt 0.32290652 0.57678419
vt 0.12959719 0.74216133
vt 0.31272456 0.59522337
vt 0.30985400 0.61048758
vt 0.07904150 0.48413014
vt 0.30052322 0.62382770
vt 0.30235863 0.63138163
vt 0.09480879 0.48560202
vt 0.28925478 0.65301436
vt 0.30532804 0.60636455
vt 0.28455654 0.68081665
vt 0.28419760 0.70044500
vt 0.28944895 0.72230589
vt 0.15769844 0.48692060
vt 0.28913668 0.64148480
vt 0.57538080 0.52798003
vt 0.28755686 0.72362661
vt 0.28612322 0.65477073
vt 0.58462554 0.52749991
vt 0.28196475 0.71218634
vt 0.29083788 0.78452224
vt 0.29366684 0.77284068
vt 0.19141163 0.48386848
vt 0.29778144 0.80340159
vt 0.29617885 0.77472150
vt 0.19342910 0.48670334
vt 0.29889214 0.78867054
vt 0.20299208 0.48549938
vt 0.30841872 0.82035655
vt 0.22568451 0.48313659
vt 0.30268151 0.81826162
vt 0.69867414 0.52391416
vt 0.31531468 0.84134573
vt 0.37458006 0.89123100
vt 0.71877903 0.52360874
vt 0.32114714 0.83823895
vt 0.38063875 0.89040494
vt 0.24278648 0.48508573
vt 0.27983692 0.70097774
vt 0.61588526 0.52721620
vt 0.29285491 0.79972738
vt 0.68312740 0.52736825
vt 0.28755969 0.78140038
vt 0.66992867 0.52672523
vt 0.70550084 0.52737069
vt 0.30479929 0.82858169
vt 0.59511995 0.93847871
vt 0.59077275 0.94479096
vt 0.57898980 0.94731480
vt 0.58276081 0.95309949
vt 0.93008000 0.74173862
vt 0.57259434 0.95748514
vt 0.94054979 0.74342549
vt 0.59362036 0.94769710
vt 0.91866302 0.74133486
vt 0.60407525 0.94099951
vt 0.90756392 0.74410152
vt 0.62801039 0.93193614
vt 0.63066089 0.93697613
vt 0.88101423 0.74402028
vt 0.64854705 0.93289036
vt 0.64682508 0.93928939
vt 0.86488414 0.74367851
vt 0.21660571 0.74114668
vt 0.67095762 0.94055724
vt 0.68597740 0.95385683
vt 0.82492882 0.74620575
vt 0.64606774 0.92743784
vt 0.24286869 0.74569434
vt 0.61387575 0.92707378
vt 0.82202935 0.78614432
vt 0.27491602 0.74730027
f 287/442 632/942 631/941
f 251/379 254/383 253/381
f 251/379 253/381 250/377
f 253/381 603/894 250/377
f 253/381 254/383 43/61
f 253/381 279/431 603/894
f 253/381 43/61 279/431
f 247/370 6/6 251/378
f 247/371 634/947 246/369
f 740/1095 1136/1614 737/1091
f 740/1096 737/1092 738/1093
f 737/1092 735/1088 738/1093
f 738/1093 735/1088 739/1094
f 739/1094 734/1087 1187/1710
f 247/371 250/377 634/947
f 739/1094 735/1088 734/1087
f 1187/1710 734/1087 736/1090
f 247/371 251/379 250/377
f 735/1088 722/1069 734/1087
f 251/378 6/6 254/382
f 737/1091 1136/1614 1135/1612
f 737/1092 1135/1613 735/1088
f 735/1088 1135/1613 722/1069
f 734/1087 722/1069 721/1068
f 721/1068 1189/1713 734/1087
f 734/1087 1189/1713 736/1090
f 1135/1612 1136/1614 1137/1615
f 714/1058 721/1068 722/1069
f 254/382 6/6 7/7
f 1135/1612 1137/1615 716/1060
f 1135/1613 716/1061 717/1062
f 1135/1613 717/1062 722/1069
f 722/1069 717/1062 714/1058
f 714/1058 719/1065 721/1068
f 721/1068 719/1065 1189/1713
f 719/1065 718/1064 1189/1713
f 714/1058 715/1059 719/1065
f 715/1059 718/1064 719/1065
f 254/382 7/7 43/60
f 716/1061 1137/1616 711/1054
f 716/1061 711/1054 717/1062
f 717/1062 711/1054 704/1047
f 717/1062 704/1047 706/1049
f 717/1062 706/1049 714/1058
f 715/1059 714/1058 708/1051
f 715/1059 708/1051 718/1064
f 43/62 276/423 279/430
f 276/423 606/898 279/430
f 43/60 7/7 276/422
f 744/1100 740/1096 741/1097
f 744/1100 1220/1777 740/1096
f 1181/1697 742/1098 1187/1710
f 245/367 6/6 247/370
f 245/368 246/369 244/366
f 1220/1775 1138/1618 740/1095
f 741/1097 738/1093 743/1099
f 743/1099 738/1093 742/1098
f 738/1093 739/1094 742/1098
f 742/1098 739/1094 1187/1710
f 245/368 247/371 246/369
f 1138/1618 1121/1589 1136/1614
f 740/1095 1138/1618 1136/1614
f 1121/1589 1139/1621 1136/1614
f 1136/1614 1139/1621 1137/1615
f 1137/1617 1139/1620 1259/1841
f 1137/1617 1259/1841 1258/1840
f 1137/1616 1258/1839 711/1054
f 714/1058 706/1049 708/1051
f 7/7 8/8 276/422
f 711/1054 1258/1839 713/1057
f 708/1051 712/1055 718/1064
f 713/1057 709/1052 711/1054
f 711/1054 709/1052 704/1047
f 276/422 8/8 273/418
f 273/419 272/417 276/423
f 276/423 272/417 606/898
f 273/419 271/415 272/417
f 51/78 244/366 243/365
f 744/1100 749/1107 1220/1777
f 744/1100 741/1097 747/1103
f 746/1102 742/1098 745/1101
f 745/1101 742/1098 1181/1697
f 745/1101 1181/1697 748/1105
f 51/77 22/23 245/367
f 51/78 245/368 244/366
f 741/1097 743/1099 746/1102
f 747/1103 741/1097 746/1102
f 746/1102 743/1099 742/1098
f 245/367 22/23 6/6
f 1138/1618 1140/1623 1121/1589
f 1121/1589 1140/1623 1122/1592
f 1120/1587 878/1278 1123/1594
f 1104/1567 1070/1525 1259/1841
f 1259/1841 1070/1525 1258/1840
f 713/1057 1258/1839 720/1067
f 710/1053 705/1048 704/1047
f 704/1047 705/1048 706/1049
f 706/1049 707/1050 708/1051
f 713/1057 720/1067 709/1052
f 704/1047 709/1052 710/1053
f 705/1048 707/1050 706/1049
f 708/1051 707/1050 712/1055
f 273/418 8/8 271/414
f 271/415 270/413 272/417
f 51/77 33/38 22/23
f 746/1102 745/1101 750/1108
f 750/1108 745/1101 748/1105
f 749/1106 1221/1778 1220/1776
f 1221/1778 868/1263 1220/1776
f 868/1263 874/1272 1138/1619
f 1220/1776 868/1263 1138/1619
f 874/1271 879/1279 1138/1618
f 1138/1618 879/1279 1140/1623
f 1140/1624 879/1280 884/1286
f 1258/1840 1070/1525 1067/1521
f 1258/1840 1067/1521 720/1066
f 720/1066 1067/1521 1256/1836
f 8/8 9/9 271/414
f 720/1067 1260/1844 709/1052
f 720/1066 1256/1836 1260/1843
f 709/1052 1260/1844 710/1053
f 705/1048 710/1053 723/1070
f 705/1048 723/1070 707/1050
f 723/1070 712/1055 707/1050
f 712/1055 723/1070 724/1071
f 727/1075 723/1070 710/1053
f 9/9 269/410 271/414
f 1226/1785 1221/1778 749/1106
f 751/1109 1226/1785 749/1106
f 749/1107 747/1103 751/1110
f 751/1110 747/1103 752/1111
f 752/1111 747/1103 746/1102
f 752/1111 746/1102 750/1108
f 750/1108 748/1105 1179/1693
f 875/1274 871/1267 1180/1694
f 1256/1836 1067/1521 1257/1837
f 1260/1843 1256/1836 733/1085
f 1260/1844 733/1086 729/1077
f 1260/1844 729/1077 710/1053
f 710/1053 729/1077 727/1075
f 723/1070 727/1075 728/1076
f 723/1070 728/1076 725/1073
f 723/1070 725/1073 724/1071
f 725/1073 726/1074 724/1071
f 269/411 621/921 270/413
f 271/415 269/411 270/413
f 33/39 243/365 37/48
f 37/48 243/365 248/373
f 692/1031 1226/1785 751/1109
f 751/1110 752/1111 692/1033
f 692/1033 752/1111 691/1030
f 691/1030 752/1111 690/1028
f 752/1111 750/1108 690/1028
f 690/1028 750/1108 1179/1693
f 1223/1781 1222/1779 1221/1778
f 1226/1785 1223/1781 1221/1778
f 1222/1779 868/1263 1221/1778
f 1256/1836 1254/1833 733/1085
f 689/1025 1226/1785 692/1031
f 34/40 23/24 33/38
f 37/47 34/40 33/38
f 33/38 23/24 22/23
f 867/1262 862/1257 1180/1695
f 6/6 5/5 7/7
f 7/7 5/5 8/8
f 1257/1837 1052/1504 1256/1836
f 1256/1836 1052/1504 1255/1834
f 1256/1836 1255/1834 1254/1833
f 733/1086 732/1084 729/1077
f 729/1077 732/1084 731/1082
f 729/1077 731/1082 727/1075
f 731/1082 943/1368 727/1075
f 727/1075 943/1368 728/1076
f 728/1076 943/1368 730/1079
f 728/1076 730/1079 725/1073
f 725/1073 730/1079 726/1074
f 269/410 9/9 38/49
f 269/411 38/50 274/420
f 269/411 274/420 621/921
f 732/1084 1261/1847 731/1082
f 274/420 625/928 621/921
f 37/48 248/373 252/380
f 689/1026 692/1032 688/1024
f 688/1024 692/1032 691/1029
f 687/1023 690/1027 686/1022
f 1225/1784 1223/1781 1226/1785
f 689/1025 1225/1784 1226/1785
f 862/1256 856/1248 1180/1694
f 1223/1781 860/1253 1222/1779
f 22/23 4/4 6/6
f 1261/1846 942/1366 731/1081
f 731/1081 942/1366 943/1367
f 943/1367 942/1366 941/1365
f 943/1367 941/1365 730/1078
f 941/1365 939/1362 730/1078
f 733/1085 1261/1845 732/1083
f 625/928 274/420 275/421
f 1230/1790 1225/1784 689/1025
f 859/1252 852/1243 856/1249
f 1223/1781 1224/1782 860/1253
f 6/6 4/4 5/5
f 8/8 5/5 9/9
f 1255/1834 1075/1531 1254/1833
f 9/9 277/424 38/49
f 733/1085 1254/1833 940/1363
f 733/1085 940/1363 1261/1845
f 274/420 38/50 275/421
f 1232/1793 1225/1784 1230/1790
f 681/1015 688/1024 685/1020
f 1225/1784 855/1246 1223/1781
f 852/1243 1214/1764 856/1249
f 1223/1781 855/1246 1224/1782
f 1224/1783 855/1247 857/1250
f 857/1250 855/1247 854/1245
f 854/1245 853/1244 858/1251
f 859/1252 853/1244 852/1243
f 23/24 4/4 22/23
f 9/9 28/29 277/424
f 1254/1833 1075/1531 1247/1822
f 1254/1833 1247/1822 940/1363
f 1261/1846 940/1364 938/1361
f 938/1361 942/1366 1261/1846
f 942/1366 937/1360 941/1365
f 941/1365 937/1360 939/1362
f 939/1362 937/1360 935/1358
f 939/1362 935/1358 730/1078
f 38/50 277/425 275/421
f 1225/1784 849/1237 855/1246
f 855/1247 848/1236 847/1235
f 855/1247 847/1235 854/1245
f 847/1235 846/1234 854/1245
f 854/1245 846/1234 853/1244
f 853/1244 846/1234 852/1243
f 1075/1532 1071/1527 1253/1832
f 1075/1531 1253/1831 1247/1822
f 938/1361 936/1359 942/1366
f 936/1359 937/1360 942/1366
f 277/425 53/82 278/428
f 277/425 278/428 275/421
f 34/40 48/71 23/24
f 847/1235 845/1233 846/1234
f 846/1234 844/1232 1214/1764
f 277/424 28/29 53/81
f 940/1364 934/1356 938/1361
f 938/1361 934/1356 936/1359
f 936/1359 933/1354 937/1360
f 937/1360 933/1354 935/1358
f 935/1358 933/1354 1192/1719
f 1232/1793 1227/1786 1225/1784
f 1225/1784 843/1230 849/1237
f 849/1238 843/1231 848/1236
f 843/1231 842/1229 847/1235
f 848/1236 843/1231 847/1235
f 847/1235 842/1229 845/1233
f 845/1233 840/1226 846/1234
f 846/1234 840/1226 844/1232
f 1253/1831 1252/1829 1247/1822
f 934/1356 933/1354 936/1359
f 53/82 50/76 278/428
f 940/1363 1247/1822 934/1355
f 1232/1793 676/1009 1227/1786
f 48/71 45/65 23/24
f 1227/1786 838/1222 1225/1784
f 1225/1784 838/1222 843/1230
f 845/1233 842/1229 837/1221
f 837/1221 840/1226 845/1233
f 844/1232 840/1226 841/1228
f 844/1232 841/1228 885/1288
f 1252/1829 1248/1823 1247/1822
f 28/29 50/75 53/81
f 1247/1822 932/1352 934/1355
f 934/1356 932/1353 933/1354
f 932/1353 930/1349 933/1354
f 1192/1719 933/1354 931/1351
f 45/65 24/25 23/24
f 843/1231 838/1223 835/1219
f 843/1231 835/1219 842/1229
f 835/1219 837/1221 842/1229
f 28/29 9/9 11/11
f 1247/1822 1248/1823 1249/1824
f 1247/1822 1249/1824 932/1352
f 930/1349 931/1351 933/1354
f 50/76 214/314 278/428
f 676/1009 1243/1814 1227/1786
f 45/65 52/79 24/25
f 1227/1786 850/1239 838/1222
f 838/1223 830/1214 835/1219
f 835/1219 831/1215 837/1221
f 831/1215 836/1220 837/1221
f 837/1221 836/1220 840/1226
f 836/1220 833/1217 840/1226
f 840/1226 833/1217 841/1228
f 833/1217 834/1218 841/1228
f 841/1228 834/1218 851/1242
f 841/1227 851/1241 1175/1685
f 4/4 3/3 5/5
f 1248/1823 1250/1825 1249/1824
f 28/29 11/11 41/55
f 28/29 41/55 50/75
f 41/57 214/314 50/76
f 1249/1824 929/1348 932/1352
f 929/1347 928/1346 932/1353
f 932/1353 928/1346 930/1349
f 1243/1814 1228/1787 1227/1786
f 1227/1786 1228/1787 850/1239
f 23/24 24/25 4/4
f 240/360 348/534 342/520
f 240/358 220/322 348/531
f 220/322 221/323 348/531
f 3/3 20/21 5/5
f 450/672 301/463 298/460
f 298/460 301/463 299/461
f 299/461 301/463 302/464
f 221/324 638/955 348/533
f 5/5 10/10 9/9
f 1250/1825 1251/1827 1249/1824
f 928/1346 927/1345 930/1349
f 930/1349 927/1345 931/1351
f 670/1001 1233/1795 1243/1814
f 1243/1814 1233/1795 1228/1787
f 830/1214 831/1215 835/1219
f 831/1215 832/1216 836/1220
f 836/1220 832/1216 833/1217
f 293/452 299/461 290/448
f 299/461 300/462 290/448
f 444/665 450/672 297/459
f 297/459 450/672 298/460
f 297/459 298/460 293/452
f 293/452 298/460 299/461
f 446/667 444/664 441/661
f 444/664 446/667 450/671
f 299/461 302/464 300/462
f 302/464 304/466 300/462
f 525/775 501/740 450/672
f 446/667 525/773 450/671
f 450/672 501/740 321/489
f 450/672 321/489 301/463
f 301/463 321/489 499/736
f 301/463 499/736 302/464
f 302/464 499/736 304/466
f 501/739 495/730 321/488
f 321/488 495/730 499/735
f 221/324 639/958 638/955
f 1249/1824 1251/1827 1171/1675
f 1249/1824 1171/1675 929/1348
f 928/1346 919/1335 927/1345
f 927/1345 1193/1721 931/1351
f 11/11 212/311 41/55
f 41/56 212/310 214/313
f 929/1347 926/1344 919/1335
f 929/1347 919/1335 928/1346
f 927/1345 923/1339 1193/1721
f 850/1240 1229/1789 830/1214
f 833/1217 829/1212 834/1218
f 834/1218 829/1212 851/1242
f 296/458 297/459 292/451
f 292/451 297/459 293/452
f 292/451 293/452 290/448
f 240/358 241/361 220/322
f 296/458 444/665 297/459
f 444/664 443/663 441/661
f 220/322 219/321 221/323
f 304/466 499/736 497/733
f 441/661 514/754 446/667
f 441/661 442/662 514/754
f 446/667 514/754 525/773
f 221/323 219/321 222/325
f 525/774 514/753 501/739
f 499/735 490/725 497/732
f 514/753 496/731 501/739
f 501/739 496/731 495/730
f 495/730 490/725 499/735
f 221/323 222/325 639/956
f 9/9 10/10 11/11
f 214/313 212/310 213/312
f 927/1345 919/1335 921/1337
f 927/1345 921/1337 923/1339
f 52/79 46/68 24/25
f 851/1241 829/1213 889/1294
f 1228/1787 1229/1788 850/1239
f 1229/1789 827/1210 830/1214
f 830/1214 827/1210 831/1215
f 827/1210 818/1201 831/1215
f 831/1215 818/1201 832/1216
f 832/1216 818/1201 820/1203
f 820/1203 822/1205 832/1216
f 832/1216 822/1205 833/1217
f 4/4 1/1 3/3
f 295/456 296/458 292/451
f 295/455 444/664 296/457
f 295/455 443/663 444/664
f 241/361 217/319 220/322
f 300/462 305/467 303/465
f 443/663 438/657 441/661
f 300/462 312/474 305/467
f 304/466 497/733 500/738
f 304/466 500/738 312/474
f 312/474 500/738 320/487
f 219/321 233/343 222/325
f 514/753 511/750 496/731
f 490/725 486/721 497/732
f 496/731 488/723 495/730
f 495/730 488/723 490/725
f 639/956 222/325 350/536
f 639/957 350/537 349/535
f 5/5 20/21 10/10
f 1171/1674 924/1340 929/1347
f 929/1347 924/1340 926/1344
f 46/68 281/435 24/25
f 1233/1795 1231/1792 1228/1787
f 822/1205 825/1208 829/1212
f 829/1212 825/1208 889/1295
f 1228/1787 1231/1792 1229/1788
f 24/25 1/1 4/4
f 295/455 451/673 448/669
f 295/455 448/669 443/663
f 443/663 448/669 445/666
f 443/663 445/666 438/657
f 305/467 312/474 307/469
f 312/474 310/472 307/469
f 438/657 440/659 441/661
f 312/474 320/487 310/472
f 320/487 516/758 310/472
f 310/472 516/758 311/473
f 219/321 319/485 236/348
f 3/3 127/178 20/21
f 441/661 440/659 442/662
f 320/487 500/738 483/718
f 320/487 483/718 516/758
f 219/321 236/348 233/343
f 500/737 481/715 483/717
f 481/715 479/713 483/717
f 524/771 514/754 442/662
f 524/772 511/750 514/753
f 497/732 486/721 481/715
f 486/721 469/702 481/715
f 511/750 491/726 496/731
f 496/731 491/726 488/723
f 490/725 488/723 486/721
f 1094/1553 1132/1606 1171/1676
f 1251/1827 1094/1554 1171/1675
f 11/11 32/37 212/311
f 1171/1677 1132/1605 924/1341
f 926/1344 924/1340 919/1335
f 670/1001 669/1000 1233/1795
f 241/361 239/356 217/319
f 220/322 217/319 219/321
f 306/468 307/469 308/470
f 445/666 439/658 438/657
f 308/470 307/469 309/471
f 307/469 310/472 309/471
f 219/321 314/476 319/485
f 102/150 127/178 3/3
f 310/472 311/473 309/471
f 311/473 313/475 309/471
f 438/657 439/658 440/659
f 311/473 516/758 313/475
f 313/475 516/758 236/349
f 313/475 236/349 319/486
f 327/498 146/207 131/187
f 516/757 482/716 322/491
f 516/758 322/492 236/349
f 442/662 440/659 524/771
f 516/757 483/717 482/716
f 483/717 479/713 482/716
f 20/21 127/178 29/30
f 469/702 471/704 479/713
f 481/715 469/702 479/713
f 236/348 322/490 233/343
f 524/772 522/767 511/750
f 511/750 522/767 502/741
f 484/719 469/702 486/721
f 511/750 502/741 491/726
f 491/726 502/741 492/727
f 491/726 492/727 489/724
f 491/726 489/724 488/723
f 489/724 487/722 488/723
f 488/723 487/722 486/721
f 487/722 484/719 486/721
f 222/325 351/539 350/536
f 350/537 351/538 344/523
f 1132/1605 1170/1673 924/1341
f 924/1340 920/1336 919/1335
f 919/1335 920/1336 921/1337
f 920/1336 922/1338 921/1337
f 923/1339 1218/1772 1193/1721
f 32/36 49/73 212/310
f 1233/1795 839/1224 1231/1792
f 839/1225 826/1209 1229/1789
f 1231/1792 839/1224 1229/1788
f 1229/1789 826/1209 827/1210
f 826/1209 818/1201 827/1210
f 818/1201 819/1202 820/1203
f 820/1203 819/1202 821/1204
f 820/1203 821/1204 822/1205
f 822/1205 824/1207 825/1208
f 825/1208 824/1207 889/1295
f 217/319 223/326 218/320
f 217/319 218/320 219/321
f 445/666 449/670 447/668
f 308/470 309/471 429/644
f 218/320 411/617 314/476
f 219/321 218/320 314/476
f 445/666 447/668 439/658
f 327/498 151/217 332/505
f 531/788 527/777 593/875
f 593/876 588/868 531/786
f 151/217 136/195 150/215
f 136/195 137/196 150/215
f 531/788 532/789 527/777
f 531/786 588/868 590/871
f 131/187 125/176 136/195
f 136/195 125/176 137/196
f 137/196 125/176 126/177
f 125/176 123/174 126/177
f 531/788 535/795 532/789
f 131/187 585/863 125/176
f 585/863 542/805 125/176
f 542/805 544/808 125/176
f 440/659 456/684 524/771
f 322/491 482/716 476/710
f 482/716 474/707 476/710
f 131/187 145/205 585/863
f 524/771 456/684 522/768
f 479/713 471/704 474/707
f 479/713 474/707 482/716
f 322/490 476/709 233/343
f 469/702 470/703 471/704
f 484/719 470/703 469/702
f 502/741 498/734 492/727
f 222/325 234/344 351/539
f 1132/1605 1129/1602 1170/1673
f 922/1338 1218/1772 921/1337
f 921/1337 1218/1772 923/1339
f 49/73 208/302 212/310
f 212/310 208/302 213/312
f 1170/1672 925/1342 924/1340
f 924/1340 925/1342 920/1336
f 655/983 654/982 669/999
f 656/984 666/996 653/980
f 654/981 1234/1796 1233/1795
f 669/1000 654/981 1233/1795
f 281/435 25/26 24/25
f 1233/1795 1234/1796 839/1224
f 818/1201 826/1209 823/1206
f 818/1201 823/1206 819/1202
f 822/1205 821/1204 824/1207
f 824/1207 890/1297 889/1295
f 235/346 224/327 217/319
f 239/356 235/346 217/319
f 217/319 224/327 223/326
f 151/216 150/214 80/111
f 85/117 151/216 80/111
f 527/777 528/779 526/776
f 447/668 529/782 439/658
f 150/215 137/196 148/211
f 137/196 135/194 148/211
f 148/211 135/194 99/145
f 99/145 135/194 138/197
f 99/145 138/197 147/209
f 138/197 139/198 147/209
f 139/198 140/199 147/209
f 147/209 140/199 97/141
f 97/141 140/199 98/143
f 98/143 140/199 141/200
f 141/200 142/201 98/143
f 98/143 142/201 100/147
f 100/147 142/201 96/139
f 96/139 142/201 144/203
f 96/139 144/203 149/213
f 149/213 144/203 95/137
f 144/203 143/202 95/137
f 95/137 143/202 101/149
f 83/115 101/148 127/179
f 83/115 127/179 102/151
f 588/868 589/870 590/871
f 533/790 534/793 528/779
f 528/778 534/792 440/659
f 528/778 440/659 439/658
f 135/194 123/174 111/161
f 135/194 111/161 138/197
f 138/197 111/161 109/159
f 138/197 109/159 139/198
f 109/159 108/158 139/198
f 139/198 108/158 140/199
f 108/158 104/154 140/199
f 140/199 104/154 141/200
f 104/154 112/162 141/200
f 141/200 112/162 142/201
f 142/201 112/162 115/165
f 142/201 115/165 144/203
f 115/165 118/168 144/203
f 144/203 118/168 143/202
f 118/168 121/171 143/202
f 121/171 124/175 101/149
f 143/202 121/171 101/149
f 101/149 124/175 127/180
f 591/873 531/786 590/871
f 590/871 589/870 591/873
f 533/790 535/795 534/793
f 535/794 457/685 534/791
f 534/791 457/685 456/683
f 534/791 456/683 440/660
f 125/176 544/808 123/174
f 544/808 114/164 123/174
f 544/808 587/867 114/164
f 123/174 114/164 111/161
f 111/161 114/164 110/160
f 114/164 587/867 110/160
f 111/161 110/160 109/159
f 110/160 587/867 586/865
f 586/865 128/182 110/160
f 109/159 110/160 107/157
f 109/159 107/157 108/158
f 110/160 128/182 107/157
f 128/182 584/860 107/157
f 108/158 107/157 104/154
f 107/157 105/155 104/154
f 107/157 584/860 105/155
f 584/860 129/184 105/155
f 104/154 105/155 106/156
f 104/154 106/156 112/162
f 105/155 129/184 106/156
f 129/184 130/186 106/156
f 106/156 113/163 112/162
f 106/156 130/186 113/163
f 112/162 113/163 115/165
f 130/186 133/191 113/163
f 113/163 116/166 115/165
f 113/163 133/191 116/166
f 115/165 116/166 117/167
f 116/166 133/191 117/167
f 115/165 117/167 118/168
f 117/167 133/191 540/801
f 117/167 119/169 118/168
f 117/167 540/801 119/169
f 540/801 132/189 119/169
f 118/168 119/169 120/170
f 119/169 132/189 120/170
f 118/168 120/170 121/171
f 120/170 122/173 121/171
f 120/170 132/189 134/193
f 120/170 134/193 122/173
f 121/171 122/173 124/175
f 134/192 538/798 122/172
f 122/173 29/32 127/180
f 124/175 122/173 127/180
f 122/172 538/798 541/803
f 122/172 541/803 29/31
f 591/872 458/686 535/794
f 531/787 591/872 535/794
f 585/862 574/839 542/804
f 29/30 541/802 20/21
f 471/704 473/706 474/707
f 473/706 475/708 474/707
f 474/707 475/708 476/710
f 475/708 232/342 476/710
f 522/767 456/683 468/701
f 470/703 472/705 471/704
f 476/709 232/341 233/343
f 522/767 468/701 502/741
f 484/719 480/714 470/703
f 502/741 468/701 498/734
f 487/722 485/720 484/719
f 485/720 480/714 484/719
f 492/727 498/734 493/728
f 492/727 493/728 489/724
f 493/728 487/722 489/724
f 234/344 238/354 351/539
f 11/11 14/14 32/37
f 839/1225 828/1211 826/1209
f 826/1209 828/1211 823/1206
f 453/675 454/678 447/668
f 449/670 453/675 447/668
f 3/3 21/22 102/150
f 600/886 592/874 530/783
f 530/785 526/776 597/883
f 79/110 80/111 78/109
f 21/22 190/268 102/150
f 588/868 592/874 589/870
f 460/688 464/692 456/683
f 457/685 460/688 456/683
f 132/188 536/796 134/192
f 134/192 536/796 537/797
f 537/797 172/247 538/798
f 134/192 537/797 538/798
f 538/798 172/247 541/803
f 591/873 589/870 465/695
f 465/694 461/689 458/686
f 591/872 465/694 458/686
f 458/686 461/689 459/687
f 574/839 543/806 542/804
f 542/804 543/806 544/807
f 543/806 545/809 544/807
f 544/807 545/809 546/810
f 544/807 546/810 587/866
f 545/809 547/811 546/810
f 587/866 546/810 548/812
f 546/810 547/811 548/812
f 548/812 549/813 587/866
f 547/811 550/814 549/813
f 548/812 547/811 549/813
f 587/866 549/813 586/864
f 550/814 551/815 549/813
f 549/813 552/816 128/181
f 586/864 549/813 128/181
f 549/813 551/815 552/816
f 552/816 551/815 553/817
f 552/816 554/818 128/181
f 552/816 553/817 554/818
f 128/181 554/818 584/859
f 584/859 554/818 561/825
f 554/818 560/824 561/825
f 584/859 561/825 129/183
f 129/183 561/825 130/185
f 130/185 561/825 565/829
f 130/185 565/829 133/190
f 133/190 565/829 570/834
f 570/834 567/831 133/190
f 133/190 567/831 540/800
f 567/831 569/833 540/800
f 540/800 569/833 539/799
f 540/800 539/799 132/188
f 475/708 473/706 478/712
f 475/708 478/712 232/342
f 336/512 574/838 323/493
f 585/861 323/493 574/838
f 464/692 468/701 456/683
f 470/703 477/711 472/705
f 477/711 473/706 472/705
f 471/704 472/705 473/706
f 232/341 230/338 233/343
f 480/714 477/711 470/703
f 233/343 230/338 222/325
f 515/755 503/742 498/734
f 468/701 515/755 498/734
f 498/734 503/742 493/728
f 493/728 503/742 494/729
f 493/728 494/729 487/722
f 487/722 494/729 485/720
f 592/874 594/877 589/870
f 172/248 171/246 189/267
f 589/870 594/877 465/695
f 460/688 462/690 362/550
f 460/688 362/550 464/692
f 556/820 580/851 579/849
f 556/820 579/849 555/819
f 555/819 579/849 564/828
f 579/849 167/240 564/828
f 564/828 167/240 559/823
f 559/823 167/240 155/222
f 559/823 155/222 558/822
f 558/822 155/222 154/220
f 154/220 578/847 573/837
f 558/822 154/220 573/837
f 573/837 578/847 562/826
f 578/847 156/224 562/826
f 562/826 156/224 563/827
f 563/827 156/224 577/845
f 563/827 577/845 566/830
f 566/830 577/845 159/228
f 566/830 159/228 161/231
f 566/830 161/231 568/832
f 161/231 163/234 568/832
f 568/832 163/234 571/835
f 163/234 165/237 571/835
f 571/835 165/237 536/796
f 165/237 576/843 536/796
f 536/796 576/843 537/797
f 537/797 576/843 172/247
f 189/265 19/20 541/802
f 461/689 462/690 459/687
f 574/839 575/841 572/836
f 574/839 572/836 543/806
f 543/806 572/836 545/809
f 545/809 572/836 557/821
f 545/809 557/821 547/811
f 547/811 557/821 556/820
f 541/802 19/20 20/21
f 473/706 507/746 231/340
f 473/706 231/340 478/712
f 478/712 231/340 232/342
f 464/692 383/577 468/701
f 505/744 506/745 477/711
f 477/711 506/745 473/706
f 232/341 231/339 230/338
f 468/701 383/577 515/755
f 480/714 504/743 505/744
f 480/714 505/744 477/711
f 515/755 512/751 503/742
f 485/720 504/743 480/714
f 230/338 238/354 234/344
f 222/325 230/338 234/344
f 512/751 509/748 503/742
f 503/742 509/748 494/729
f 494/729 504/743 485/720
f 10/10 12/12 11/11
f 14/14 35/43 32/37
f 1129/1602 947/1372 1170/1673
f 32/37 35/43 49/74
f 49/73 35/44 208/302
f 1170/1673 947/1372 925/1343
f 922/1338 944/1369 1218/1772
f 1234/1796 1235/1797 839/1224
f 839/1225 1235/1798 828/1211
f 894/1301 891/1298 828/1211
f 891/1298 823/1206 828/1211
f 823/1206 891/1298 819/1202
f 819/1202 891/1298 892/1299
f 819/1202 892/1299 893/1300
f 819/1202 893/1300 821/1204
f 821/1204 895/1302 824/1207
f 1/1 2/2 3/3
f 373/566 372/563 364/553
f 453/676 364/553 454/679
f 223/326 225/328 406/610
f 364/553 359/547 454/679
f 600/886 595/878 594/877
f 21/22 19/20 190/268
f 595/878 467/698 594/877
f 169/243 170/245 173/249
f 169/243 173/249 168/242
f 173/249 175/251 168/242
f 190/268 19/20 189/265
f 463/691 466/696 462/690
f 362/551 360/548 464/693
f 464/693 360/548 383/578
f 506/745 517/759 507/746
f 507/746 517/759 231/340
f 229/335 230/338 231/339
f 505/744 510/749 506/745
f 383/578 519/763 515/756
f 504/743 510/749 505/744
f 515/755 519/762 512/751
f 509/748 508/747 494/729
f 494/729 508/747 504/743
f 1129/1602 1018/1462 947/1372
f 1218/1772 945/1370 1216/1768
f 35/44 630/940 208/302
f 654/981 1245/1818 1234/1796
f 281/435 280/433 25/26
f 1235/1798 1237/1801 828/1211
f 828/1211 1237/1801 894/1301
f 821/1204 893/1300 895/1302
f 824/1207 895/1302 890/1297
f 24/25 25/26 1/1
f 372/563 367/556 364/553
f 223/326 224/327 225/328
f 363/552 357/545 364/553
f 3/3 2/2 21/22
f 364/553 357/545 359/547
f 406/610 225/328 404/607
f 21/22 2/2 19/20
f 359/547 357/545 358/546
f 358/546 360/548 362/551
f 517/759 395/597 229/336
f 360/548 377/570 383/578
f 506/745 520/764 517/759
f 383/578 377/570 519/763
f 504/743 513/752 510/749
f 19/20 10/10 20/21
f 512/751 519/762 509/748
f 508/747 513/752 504/743
f 230/338 602/890 238/354
f 238/353 602/891 340/516
f 925/1342 947/1373 920/1336
f 920/1336 947/1373 946/1371
f 920/1336 946/1371 944/1369
f 895/1302 898/1306 890/1297
f 890/1296 898/1305 1176/1686
f 363/552 352/540 357/545
f 404/607 225/328 228/332
f 360/548 361/549 377/570
f 229/335 228/332 227/331
f 229/335 227/331 230/338
f 510/749 521/765 523/769
f 377/570 375/568 382/576
f 377/570 382/576 519/763
f 513/752 521/765 510/749
f 519/762 385/580 509/748
f 385/580 518/760 508/747
f 509/748 385/580 508/747
f 508/747 518/760 513/752
f 230/338 601/888 602/890
f 1018/1464 1017/1461 1169/1671
f 1018/1462 1169/1670 1168/1669
f 1017/1461 1133/1608 1012/1453
f 1018/1462 1168/1669 947/1372
f 947/1373 949/1375 946/1371
f 946/1371 948/1374 944/1369
f 944/1369 948/1374 945/1370
f 945/1370 948/1374 1216/1768
f 35/44 207/300 630/940
f 280/433 283/437 25/26
f 1234/1796 1236/1799 1235/1797
f 898/1305 905/1314 1176/1686
f 1236/1799 1238/1802 1237/1800
f 1235/1797 1236/1799 1237/1800
f 1238/1803 896/1303 1237/1801
f 1237/1801 896/1303 894/1301
f 894/1301 896/1303 891/1298
f 891/1298 896/1303 897/1304
f 897/1304 892/1299 891/1298
f 892/1299 899/1307 893/1300
f 893/1300 899/1307 895/1302
f 365/554 353/541 363/552
f 367/556 365/554 363/552
f 352/540 354/542 357/545
f 354/542 361/549 360/548
f 361/549 375/568 377/570
f 227/331 601/888 230/338
f 19/20 2/2 10/10
f 382/576 381/575 519/763
f 519/763 381/575 385/581
f 518/760 521/765 513/752
f 10/10 2/2 12/12
f 1245/1818 1244/1816 1234/1796
f 892/1299 897/1304 899/1307
f 895/1302 899/1307 898/1306
f 25/26 26/27 1/1
f 640/959 226/329 224/327
f 224/327 226/329 225/328
f 352/540 353/541 354/542
f 518/761 384/579 389/588
f 518/761 389/588 521/766
f 227/331 237/350 601/888
f 601/889 237/352 347/530
f 385/581 381/575 518/761
f 12/12 13/13 11/11
f 11/11 13/13 14/14
f 1011/1451 1168/1669 1169/1670
f 44/64 203/293 35/44
f 35/44 203/293 207/300
f 1168/1669 1172/1678 947/1372
f 947/1373 1172/1679 949/1375
f 949/1375 790/1159 946/1371
f 948/1374 789/1156 1216/1768
f 1234/1796 1244/1816 1236/1799
f 905/1314 661/990 1176/1686
f 1236/1799 904/1312 1238/1802
f 1238/1803 904/1313 903/1311
f 1238/1803 903/1311 896/1303
f 896/1303 903/1311 902/1310
f 896/1303 902/1310 897/1304
f 898/1306 899/1307 900/1308
f 898/1306 900/1308 905/1315
f 225/328 226/329 227/331
f 225/328 227/331 228/332
f 14/14 13/13 15/15
f 1011/1451 1009/1448 1168/1669
f 1010/1450 1013/1454 1006/1444
f 948/1374 790/1159 789/1156
f 14/14 44/63 35/43
f 949/1375 1172/1679 790/1159
f 283/437 26/27 25/26
f 897/1304 902/1310 901/1309
f 897/1304 901/1309 899/1307
f 899/1307 901/1309 900/1308
f 1009/1448 1167/1668 1168/1669
f 15/15 44/63 14/14
f 1168/1669 1167/1668 1172/1678
f 790/1160 788/1155 789/1158
f 789/1157 1211/1757 1216/1767
f 203/293 205/296 207/300
f 1244/1817 665/995 1240/1807
f 1244/1816 1240/1806 1236/1799
f 283/437 288/444 26/27
f 1236/1799 1239/1804 904/1312
f 904/1313 1239/1805 908/1318
f 904/1313 908/1318 903/1311
f 908/1318 907/1317 903/1311
f 903/1311 907/1317 902/1310
f 901/1309 906/1316 900/1308
f 906/1316 1182/1699 905/1315
f 900/1308 906/1316 905/1315
f 226/329 346/526 343/521
f 1009/1448 1003/1440 1167/1668
f 15/15 206/297 44/63
f 206/298 204/294 203/293
f 203/293 204/294 205/296
f 1167/1668 784/1150 1172/1678
f 1172/1680 784/1151 786/1153
f 1172/1680 786/1153 790/1160
f 790/1160 786/1153 787/1154
f 790/1160 787/1154 788/1155
f 789/1158 785/1152 1211/1758
f 1236/1799 1240/1806 1239/1804
f 907/1317 910/1320 902/1310
f 902/1310 910/1320 901/1309
f 1/1 26/27 18/19
f 1/1 18/19 2/2
f 1003/1440 1155/1646 1167/1668
f 1155/1646 784/1150 1167/1668
f 787/1154 785/1152 788/1155
f 665/995 1246/1820 1240/1807
f 288/444 268/408 26/27
f 1239/1805 913/1324 908/1318
f 908/1318 913/1324 911/1321
f 908/1318 911/1321 907/1317
f 907/1317 911/1321 912/1322
f 912/1322 910/1320 907/1317
f 901/1309 910/1320 909/1319
f 901/1309 909/1319 906/1316
f 906/1316 909/1319 1213/1762
f 906/1316 1213/1762 1182/1699
f 15/15 210/305 206/297
f 786/1153 784/1151 780/1145
f 786/1153 780/1145 781/1146
f 786/1153 781/1146 787/1154
f 787/1154 781/1146 785/1152
f 1240/1806 1246/1821 1241/1808
f 1240/1806 1241/1808 1239/1804
f 1182/1698 1213/1761 1183/1700
f 996/1429 1155/1646 1003/1440
f 1155/1646 779/1143 784/1150
f 779/1144 780/1145 784/1151
f 781/1146 782/1147 785/1152
f 785/1152 782/1147 783/1149
f 785/1152 783/1149 1211/1758
f 206/298 210/306 209/304
f 206/298 209/304 204/294
f 1239/1804 1241/1808 1242/1811
f 1239/1804 1242/1811 913/1323
f 913/1324 1242/1813 915/1327
f 915/1327 911/1321 913/1324
f 910/1320 912/1322 909/1319
f 909/1319 914/1325 1213/1762
f 914/1325 1183/1701 1213/1762
f 996/1429 1156/1647 1155/1646
f 15/15 13/13 210/305
f 1246/1820 695/1037 1241/1810
f 288/446 40/54 268/409
f 1241/1808 1166/1666 1242/1811
f 911/1321 1046/1497 912/1322
f 912/1322 1046/1497 916/1328
f 912/1322 916/1328 909/1319
f 909/1319 916/1328 918/1333
f 918/1333 1044/1493 914/1325
f 909/1319 918/1333 914/1325
f 914/1325 1044/1493 1194/1723
f 914/1326 1194/1722 1183/1700
f 268/408 27/28 26/27
f 26/27 27/28 18/19
f 779/1144 778/1142 780/1145
f 780/1145 778/1142 781/1146
f 781/1146 778/1142 776/1140
f 781/1146 776/1140 782/1147
f 782/1147 776/1140 777/1141
f 777/1141 1209/1754 783/1149
f 782/1147 777/1141 783/1149
f 13/13 54/83 210/305
f 1183/1700 1194/1722 1184/1702
f 1194/1722 1195/1724 1184/1702
f 1242/1813 917/1331 915/1327
f 1242/1812 1166/1667 917/1330
f 915/1327 1046/1497 911/1321
f 990/1423 1156/1648 989/1421
f 990/1422 1155/1646 1156/1647
f 972/1399 989/1421 991/1424
f 971/1398 992/1425 975/1402
f 779/1144 1157/1650 778/1142
f 54/84 627/933 209/304
f 695/1037 700/1043 1241/1810
f 268/408 40/53 27/28
f 1194/1723 1044/1493 1195/1725
f 917/1330 1166/1667 1045/1495
f 1045/1496 1043/1492 917/1332
f 917/1331 1046/1497 915/1327
f 917/1332 1043/1492 1046/1498
f 1046/1498 1042/1491 916/1329
f 1042/1491 918/1334 916/1329
f 918/1334 1041/1490 1044/1494
f 12/12 16/16 13/13
f 1150/1639 1149/1638 990/1422
f 971/1398 975/1402 970/1397
f 1149/1638 1157/1649 1155/1646
f 990/1422 1149/1638 1155/1646
f 1208/1751 998/1433 772/1134
f 1155/1646 1157/1649 779/1143
f 774/1138 775/1139 776/1140
f 776/1140 775/1139 777/1141
f 13/13 211/307 54/83
f 54/84 211/308 627/933
f 40/53 265/402 27/28
f 1044/1494 1041/1490 1196/1728
f 1044/1494 1196/1728 1195/1726
f 1195/1724 1196/1727 1184/1702
f 1196/1727 1197/1729 1184/1702
f 1166/1667 1163/1660 1045/1495
f 1163/1661 1043/1492 1045/1496
f 1043/1492 1042/1491 1046/1498
f 1042/1491 1040/1489 918/1334
f 918/1334 1040/1489 1041/1490
f 1150/1640 974/1401 969/1396
f 969/1396 974/1401 972/1399
f 969/1396 972/1399 968/1395
f 968/1395 972/1399 965/1392
f 965/1392 973/1400 971/1398
f 965/1392 971/1398 966/1393
f 966/1393 971/1398 970/1397
f 1157/1650 773/1137 774/1138
f 774/1138 768/1129 775/1139
f 768/1129 770/1131 775/1139
f 770/1131 772/1135 1209/1754
f 775/1139 770/1131 1209/1754
f 700/1042 1173/1681 1241/1809
f 1241/1809 1173/1681 1161/1657
f 1241/1809 1161/1657 1166/1667
f 1166/1667 1161/1657 1163/1660
f 1161/1657 1162/1658 1163/1660
f 1042/1491 1043/1492 1037/1485
f 1037/1485 1040/1489 1042/1491
f 1040/1489 1039/1488 1041/1490
f 1041/1490 1039/1488 1196/1728
f 1039/1487 1197/1729 1196/1727
f 18/19 12/12 2/2
f 959/1385 968/1395 961/1387
f 961/1387 968/1395 965/1392
f 964/1391 1150/1640 969/1396
f 1148/1637 1149/1638 1150/1639
f 964/1390 1148/1637 1150/1639
f 969/1396 968/1395 959/1385
f 964/1391 969/1396 959/1385
f 967/1394 966/1393 970/1397
f 970/1397 1002/1439 967/1394
f 16/16 39/51 13/13
f 771/1132 773/1136 1157/1649
f 1149/1638 771/1132 1157/1649
f 773/1137 769/1130 774/1138
f 39/51 211/307 13/13
f 1162/1659 1038/1486 1163/1661
f 1163/1661 1038/1486 1043/1492
f 1043/1492 1038/1486 1037/1485
f 1037/1485 1036/1484 1040/1489
f 1040/1489 1036/1484 1039/1488
f 1039/1487 1035/1482 1197/1729
f 1036/1484 1035/1483 1039/1488
f 1154/1644 1146/1633 1148/1637
f 1154/1644 1148/1637 964/1390
f 1154/1645 964/1391 959/1385
f 961/1387 965/1392 960/1386
f 960/1386 965/1392 966/1393
f 960/1386 966/1393 962/1388
f 962/1388 966/1393 967/1394
f 962/1388 967/1394 1206/1748
f 773/1137 771/1133 769/1130
f 1173/1681 816/1196 1161/1657
f 265/402 262/395 27/28
f 27/28 262/395 47/69
f 1162/1659 1160/1656 1038/1486
f 1162/1658 1161/1657 1160/1655
f 1197/1729 1035/1482 1200/1735
f 1197/1729 1200/1735 1199/1733
f 27/28 30/33 18/19
f 1160/1656 1033/1480 1038/1486
f 1038/1486 1033/1480 1037/1485
f 1033/1480 1032/1479 1037/1485
f 1037/1485 1032/1479 1036/1484
f 1032/1479 1031/1478 1036/1484
f 1031/1478 1034/1481 1035/1483
f 1036/1484 1031/1478 1035/1483
f 1034/1481 1200/1736 1035/1483
f 1146/1634 1154/1645 957/1383
f 957/1383 959/1385 951/1377
f 951/1377 960/1386 953/1379
f 953/1379 960/1386 962/1388
f 953/1379 962/1388 955/1381
f 962/1388 1206/1748 982/1412
f 955/1381 962/1388 982/1412
f 1154/1645 959/1385 957/1383
f 959/1385 961/1387 951/1377
f 961/1387 960/1386 951/1377
f 1147/1635 1149/1638 1148/1637
f 1206/1747 1002/1438 1205/1745
f 769/1130 771/1133 765/1126
f 769/1130 765/1126 767/1128
f 1161/1657 816/1196 812/1188
f 1161/1657 812/1188 817/1199
f 27/28 47/69 30/33
f 1161/1657 817/1199 1160/1655
f 1160/1655 817/1199 1153/1643
f 1160/1656 1164/1663 1033/1480
f 1160/1655 1153/1643 1164/1662
f 1033/1480 1164/1663 1029/1476
f 1033/1480 1029/1476 1032/1479
f 1029/1476 1028/1475 1032/1479
f 1032/1479 1028/1475 1031/1478
f 1034/1481 1030/1477 1200/1736
f 1153/1643 1027/1473 1164/1662
f 1164/1663 1027/1474 1025/1471
f 1028/1475 1030/1477 1031/1478
f 1031/1478 1030/1477 1034/1481
f 18/19 17/18 12/12
f 976/1404 1146/1634 957/1383
f 976/1404 957/1383 958/1384
f 976/1403 1143/1629 1146/1633
f 958/1384 957/1383 956/1382
f 957/1383 951/1377 956/1382
f 956/1382 951/1377 950/1376
f 950/1376 951/1377 952/1378
f 952/1378 951/1377 953/1379
f 952/1378 953/1379 954/1380
f 954/1380 953/1379 955/1381
f 955/1381 982/1412 983/1414
f 954/1380 955/1381 983/1414
f 12/12 17/18 16/16
f 1143/1629 1147/1635 1146/1633
f 1146/1633 1147/1635 1148/1637
f 982/1411 1206/1747 1205/1745
f 757/1116 765/1125 1149/1638
f 1147/1635 757/1116 1149/1638
f 644/968 645/969 16/17
f 1149/1638 765/1125 771/1132
f 16/17 645/969 39/52
f 817/1200 812/1189 808/1184
f 1164/1663 1025/1471 1029/1476
f 1029/1476 1025/1471 1026/1472
f 1026/1472 1028/1475 1029/1476
f 1030/1477 1201/1738 1200/1736
f 1027/1474 1165/1665 1025/1471
f 1025/1471 1022/1468 1026/1472
f 1028/1475 1026/1472 1023/1469
f 1023/1469 1024/1470 1030/1477
f 1028/1475 1023/1469 1030/1477
f 1030/1477 1024/1470 1201/1738
f 1153/1643 1151/1641 1165/1664
f 1027/1473 1153/1643 1165/1664
f 1025/1471 1165/1665 1022/1468
f 1022/1468 1021/1467 1026/1472
f 1021/1467 1023/1469 1026/1472
f 980/1408 1141/1625 976/1403
f 980/1409 956/1382 979/1407
f 979/1407 956/1382 978/1406
f 952/1378 963/1389 977/1405
f 976/1404 958/1384 980/1409
f 976/1403 1141/1625 1143/1629
f 980/1409 958/1384 956/1382
f 978/1406 956/1382 950/1376
f 950/1376 952/1378 978/1406
f 978/1406 952/1378 977/1405
f 952/1378 954/1380 963/1389
f 954/1380 983/1414 963/1389
f 983/1413 982/1411 1205/1745
f 17/18 42/58 16/16
f 1158/1652 757/1117 1147/1636
f 42/58 644/967 16/16
f 765/1126 757/1117 753/1112
f 641/962 643/966 610/903
f 817/1200 808/1184 804/1180
f 30/33 47/69 36/45
f 30/33 36/45 18/19
f 817/1199 804/1179 1153/1643
f 1153/1643 804/1179 1152/1642
f 1153/1643 1152/1642 1151/1641
f 1023/1469 1020/1466 1024/1470
f 1024/1470 1020/1466 1201/1738
f 1151/1641 1152/1642 1144/1630
f 1020/1466 1202/1740 1201/1738
f 1145/1632 987/1419 1165/1665
f 1151/1641 1145/1631 1165/1664
f 1151/1641 1144/1630 1145/1631
f 1165/1665 987/1419 1022/1468
f 1019/1465 1021/1467 1022/1468
f 1021/1467 985/1416 1023/1469
f 985/1416 984/1415 1023/1469
f 1023/1469 984/1415 1020/1466
f 987/1419 1019/1465 1022/1468
f 1019/1465 985/1416 1021/1467
f 984/1415 988/1420 1020/1466
f 1020/1466 988/1420 1202/1740
f 987/1419 986/1417 1019/1465
f 1019/1465 986/1417 985/1416
f 984/1415 981/1410 988/1420
f 988/1420 981/1410 1202/1740
f 1145/1632 1141/1626 987/1419
f 1145/1631 1144/1630 1141/1625
f 979/1407 985/1416 986/1417
f 981/1410 997/1432 1202/1740
f 1141/1625 980/1408 987/1418
f 987/1419 980/1409 986/1417
f 980/1409 979/1407 986/1417
f 979/1407 978/1406 985/1416
f 985/1416 978/1406 977/1405
f 985/1416 977/1405 984/1415
f 984/1415 977/1405 981/1410
f 1144/1630 1142/1627 1141/1625
f 977/1405 963/1389 981/1410
f 981/1410 963/1389 997/1432
f 963/1389 983/1414 997/1432
f 1141/1625 1142/1627 1143/1629
f 1142/1627 1158/1651 1143/1629
f 1143/1629 1158/1651 1147/1635
f 55/85 42/58 17/18
f 1152/1642 804/1179 799/1172
f 18/19 36/45 258/388
f 1152/1642 799/1172 1144/1630
f 18/19 258/388 31/34
f 1144/1630 799/1172 794/1165
f 1144/1630 794/1165 792/1162
f 18/19 31/34 17/18
f 997/1431 1204/1743 1202/1739
f 792/1162 1159/1653 1144/1630
f 1144/1630 1159/1653 1142/1627
f 31/34 648/973 17/18
f 1159/1654 1158/1652 1142/1628
f 760/1120 761/1121 762/1122
f 17/18 648/973 55/85
f 31/35 258/389 259/390
f 259/390 648/974 31/35
f 250/376 603/893 604/895
f 603/893 279/429 604/895
f 741/1097 740/1096 738/1093
f 246/369 634/947 628/936
f 628/935 634/946 622/922
f 622/922 634/946 250/376
f 736/1089 1189/1712 1188/1711
f 1187/1709 736/1089 1188/1711
f 250/376 604/895 622/922
f 1188/1711 1189/1712 718/1063
f 622/922 604/895 605/896
f 604/895 279/429 605/896
f 279/429 606/897 605/896
f 244/366 246/369 249/374
f 249/374 246/369 628/936
f 1181/1696 1187/1709 1186/1706
f 1186/1706 1187/1709 1188/1711
f 1186/1706 1188/1711 1212/1759
f 1212/1759 1188/1711 1119/1585
f 618/915 622/922 605/896
f 1119/1585 1188/1711 718/1063
f 1119/1585 718/1063 712/1056
f 605/896 606/897 618/915
f 618/915 606/897 272/416
f 744/1100 747/1103 749/1107
f 243/365 244/366 249/374
f 1181/1696 1186/1706 1185/1704
f 882/1283 1181/1696 1185/1704
f 887/1290 1185/1705 1186/1707
f 1121/1590 1122/1591 1118/1584
f 1120/1588 1123/1595 1117/1583
f 1117/1583 1123/1595 888/1293
f 1123/1594 886/1289 888/1292
f 888/1292 886/1289 887/1290
f 1139/1622 1121/1590 1118/1584
f 1118/1584 1122/1591 1120/1588
f 1118/1584 1120/1588 1112/1576
f 887/1291 1186/1708 1212/1760
f 1112/1576 1120/1588 1117/1583
f 1117/1583 888/1293 1115/1580
f 1115/1580 888/1293 887/1291
f 1115/1580 887/1291 1212/1760
f 1139/1622 1118/1584 1113/1577
f 1113/1577 1118/1584 1112/1576
f 1111/1575 1112/1576 1117/1583
f 1111/1575 1117/1583 1115/1580
f 1111/1575 1115/1580 1110/1574
f 1110/1574 1115/1580 1212/1760
f 1110/1574 1212/1760 1109/1573
f 1108/1572 1113/1577 1112/1576
f 1105/1569 1111/1575 1110/1574
f 1109/1573 1212/1760 1119/1586
f 1139/1622 1113/1577 1108/1572
f 1259/1842 1139/1622 1108/1572
f 1108/1572 1112/1576 1107/1571
f 1107/1571 1112/1576 1111/1575
f 1107/1571 1111/1575 1106/1570
f 1106/1570 1111/1575 1105/1569
f 1105/1569 1110/1574 1109/1573
f 1104/1568 1259/1842 1108/1572
f 1099/1559 1107/1571 1106/1570
f 1097/1557 1105/1569 1102/1564
f 1105/1569 1109/1573 1102/1564
f 1102/1564 1109/1573 1119/1586
f 1103/1565 1102/1563 1119/1585
f 1103/1565 1119/1585 712/1056
f 1103/1565 712/1056 1101/1561
f 33/39 51/78 243/365
f 1180/1694 748/1104 1181/1696
f 882/1283 875/1274 1181/1696
f 884/1286 879/1280 883/1285
f 879/1280 877/1277 883/1285
f 883/1285 877/1277 878/1278
f 881/1282 876/1276 880/1281
f 880/1281 882/1284 1185/1705
f 1122/1593 1140/1624 884/1286
f 884/1286 883/1285 1122/1593
f 1122/1593 883/1285 1120/1587
f 1120/1587 883/1285 878/1278
f 1123/1594 878/1278 881/1282
f 1123/1594 881/1282 886/1289
f 886/1289 881/1282 880/1281
f 886/1289 880/1281 887/1290
f 887/1290 880/1281 1185/1705
f 1104/1568 1108/1572 1099/1559
f 1108/1572 1107/1571 1099/1559
f 1106/1570 1105/1569 1097/1557
f 1099/1559 1106/1570 1096/1556
f 1106/1570 1097/1557 1096/1556
f 1097/1557 1102/1564 1098/1558
f 1098/1558 1102/1564 1103/1566
f 1070/1526 1104/1568 1100/1560
f 1100/1560 1104/1568 1099/1559
f 1099/1559 1096/1556 1059/1512
f 248/373 243/365 624/927
f 624/927 243/365 249/374
f 1180/1694 1179/1691 748/1104
f 624/926 249/375 628/935
f 875/1274 1180/1694 1181/1696
f 874/1273 872/1269 879/1280
f 879/1280 872/1269 877/1277
f 877/1277 872/1269 870/1266
f 877/1277 870/1266 873/1270
f 877/1277 873/1270 878/1278
f 878/1278 873/1270 876/1276
f 876/1276 875/1275 880/1281
f 880/1281 875/1275 882/1284
f 624/926 628/935 622/922
f 878/1278 876/1276 881/1282
f 1069/1524 1098/1558 1103/1566
f 1070/1526 1100/1560 1060/1513
f 1060/1513 1100/1560 1099/1559
f 1060/1513 1099/1559 1059/1512
f 1058/1511 1059/1512 1096/1556
f 1096/1556 1097/1557 1058/1511
f 1058/1511 1097/1557 1068/1523
f 1097/1557 1098/1558 1069/1524
f 1068/1523 1097/1557 1069/1524
f 1069/1524 1103/1566 1101/1562
f 1067/1522 1070/1526 1060/1513
f 1114/1578 1101/1561 712/1056
f 1114/1578 712/1056 724/1072
f 272/416 270/412 621/920
f 856/1248 1179/1691 1180/1694
f 874/1273 868/1264 872/1269
f 868/1264 864/1259 872/1269
f 872/1269 864/1259 870/1266
f 870/1266 869/1265 873/1270
f 875/1275 869/1265 871/1268
f 873/1270 869/1265 876/1276
f 876/1276 869/1265 875/1275
f 1067/1522 1060/1513 1054/1507
f 1058/1511 1068/1523 1057/1510
f 1068/1523 1069/1524 1057/1510
f 1057/1510 1069/1524 1101/1562
f 1257/1838 1067/1522 1054/1507
f 1054/1507 1060/1513 1059/1512
f 1054/1507 1059/1512 1048/1500
f 1059/1512 1058/1511 1048/1500
f 1048/1500 1058/1511 1049/1501
f 1049/1501 1058/1511 1057/1510
f 1057/1510 1101/1562 1114/1579
f 1057/1510 1114/1579 1065/1519
f 618/915 272/416 621/920
f 1114/1578 724/1072 1190/1714
f 724/1071 726/1074 730/1079
f 688/1024 691/1029 687/1023
f 687/1023 691/1029 690/1027
f 690/1027 1179/1692 686/1022
f 686/1021 1179/1691 856/1248
f 868/1264 1222/1780 863/1258
f 868/1264 863/1258 864/1259
f 865/1260 866/1261 869/1265
f 867/1262 1180/1695 871/1268
f 864/1259 865/1260 870/1266
f 870/1266 865/1260 869/1265
f 869/1265 866/1261 867/1262
f 869/1265 867/1262 871/1268
f 1257/1838 1054/1507 1052/1505
f 1052/1505 1054/1507 1048/1500
f 1049/1501 1057/1510 1055/1508
f 1055/1508 1057/1510 1065/1519
f 1190/1714 1065/1518 1114/1578
f 1190/1714 724/1072 730/1080
f 34/42 37/48 252/380
f 252/380 248/373 623/925
f 623/923 248/372 624/926
f 1222/1780 860/1254 863/1258
f 860/1254 857/1250 863/1258
f 863/1258 857/1250 864/1259
f 864/1259 857/1250 865/1260
f 857/1250 861/1255 865/1260
f 865/1260 861/1255 866/1261
f 866/1261 861/1255 867/1262
f 861/1255 862/1257 867/1262
f 1052/1505 1048/1500 1050/1502
f 1050/1502 1048/1500 1047/1499
f 1255/1835 1052/1505 1053/1506
f 1053/1506 1052/1505 1050/1502
f 1047/1499 1048/1500 1049/1501
f 1047/1499 1049/1501 1051/1503
f 1051/1503 1049/1501 1055/1508
f 1051/1503 1055/1508 1056/1509
f 1055/1508 1065/1519 1190/1715
f 1230/1791 689/1026 681/1015
f 681/1015 689/1026 688/1024
f 685/1020 688/1024 687/1023
f 685/1020 687/1023 684/1019
f 684/1019 687/1023 686/1022
f 683/1017 686/1021 856/1248
f 860/1254 1224/1783 857/1250
f 857/1250 858/1251 861/1255
f 858/1251 859/1252 861/1255
f 861/1255 859/1252 862/1257
f 859/1252 856/1249 862/1257
f 1255/1835 1053/1506 1062/1515
f 1075/1532 1255/1835 1062/1515
f 1062/1515 1053/1506 1050/1502
f 1062/1515 1050/1502 1063/1516
f 1050/1502 1047/1499 1061/1514
f 1063/1516 1050/1502 1061/1514
f 1061/1514 1047/1499 1051/1503
f 1056/1509 1055/1508 1190/1715
f 1056/1509 1190/1715 1191/1717
f 1066/1520 1056/1509 1191/1717
f 1190/1714 730/1080 1191/1716
f 1232/1794 1230/1791 681/1015
f 682/1016 685/1020 684/1019
f 34/42 252/380 623/925
f 683/1017 856/1248 885/1287
f 857/1250 854/1245 858/1251
f 858/1251 853/1244 859/1252
f 608/900 622/922 618/915
f 1075/1532 1062/1515 1071/1527
f 1061/1514 1051/1503 1064/1517
f 1064/1517 1051/1503 1056/1509
f 1066/1520 1064/1517 1056/1509
f 1066/1520 1191/1717 1116/1582
f 1116/1581 1191/1716 730/1080
f 1116/1581 730/1080 935/1357
f 34/41 623/924 632/943
f 48/72 34/41 632/943
f 681/1015 685/1020 682/1016
f 684/1019 686/1022 683/1018
f 1214/1763 885/1287 856/1248
f 1071/1527 1062/1515 1063/1516
f 1071/1527 1063/1516 1073/1529
f 1063/1516 1061/1514 1072/1528
f 1074/1530 1064/1517 1066/1520
f 1074/1530 1066/1520 1116/1582
f 625/928 275/421 278/428
f 680/1014 1232/1794 681/1015
f 680/1014 681/1015 682/1016
f 680/1014 682/1016 679/1013
f 682/1016 684/1019 679/1013
f 684/1019 683/1018 679/1013
f 679/1013 683/1018 1174/1684
f 1174/1683 683/1017 885/1287
f 631/941 632/942 623/923
f 855/1247 849/1238 848/1236
f 846/1234 1214/1764 852/1243
f 615/909 623/923 624/926
f 624/926 622/922 608/900
f 1253/1832 1071/1527 1073/1529
f 1073/1529 1063/1516 1072/1528
f 1073/1529 1072/1528 1076/1533
f 1061/1514 1064/1517 1072/1528
f 1078/1535 1064/1517 1074/1530
f 1074/1530 1116/1582 1079/1536
f 621/920 625/929 278/426
f 1116/1581 935/1357 1192/1718
f 48/72 632/943 287/443
f 45/66 48/72 287/443
f 844/1232 885/1288 1214/1764
f 631/941 623/923 615/909
f 608/900 615/909 624/926
f 1078/1535 1074/1530 1079/1536
f 621/920 278/426 620/918
f 1252/1830 1253/1832 1073/1529
f 1076/1533 1072/1528 1077/1534
f 1072/1528 1064/1517 1077/1534
f 1077/1534 1064/1517 1078/1535
f 676/1010 1232/1794 680/1014
f 676/1010 680/1014 678/1012
f 678/1012 680/1014 675/1008
f 675/1008 680/1014 679/1013
f 675/1008 679/1013 677/1011
f 677/1011 679/1013 1174/1684
f 1175/1685 1174/1683 885/1287
f 1175/1685 885/1287 841/1227
f 618/915 621/920 620/918
f 1252/1830 1073/1529 1076/1533
f 1080/1537 1078/1535 1079/1536
f 1079/1536 1116/1582 1081/1539
f 1081/1538 1116/1581 1192/1718
f 45/66 287/443 286/441
f 615/909 287/442 631/941
f 619/916 618/915 620/918
f 1250/1825 1248/1823 1252/1829
f 1252/1830 1076/1533 1083/1541
f 1083/1541 1076/1533 1082/1540
f 1082/1540 1076/1533 1077/1534
f 1077/1534 1078/1535 1082/1540
f 1078/1535 1080/1537 1084/1542
f 1080/1537 1079/1536 1081/1539
f 676/1010 678/1012 674/1007
f 674/1007 678/1012 675/1008
f 675/1008 677/1011 673/1005
f 677/1011 1174/1684 673/1005
f 52/80 45/66 286/441
f 286/441 287/443 615/910
f 342/519 348/532 326/496
f 1252/1830 1083/1541 1250/1826
f 1085/1543 1082/1540 1078/1535
f 1078/1535 1084/1542 1085/1543
f 1084/1542 1080/1537 1081/1539
f 620/919 278/427 214/313
f 1243/1815 676/1010 674/1007
f 674/1007 675/1008 672/1004
f 675/1008 673/1005 672/1004
f 838/1223 850/1240 830/1214
f 240/359 342/519 328/499
f 328/499 342/519 326/496
f 326/496 348/532 638/954
f 1250/1826 1083/1541 1086/1544
f 1083/1541 1082/1540 1086/1544
f 1086/1544 1082/1540 1085/1543
f 670/1002 1243/1815 674/1007
f 52/80 286/441 285/440
f 285/440 286/441 615/910
f 673/1006 1174/1683 889/1294
f 1174/1683 1175/1685 851/1241
f 889/1294 1174/1683 851/1241
f 331/502 240/359 328/499
f 326/496 638/954 325/495
f 638/954 639/957 325/495
f 618/915 619/916 612/905
f 1251/1828 1250/1826 1088/1546
f 1085/1543 1084/1542 1087/1545
f 1087/1545 1084/1542 1219/1774
f 1084/1542 1081/1539 1219/1774
f 1192/1718 931/1350 1193/1720
f 620/919 214/313 213/312
f 670/1002 674/1007 667/997
f 667/997 674/1007 671/1003
f 674/1007 672/1004 671/1003
f 671/1003 672/1004 666/996
f 666/996 672/1004 673/1005
f 46/67 52/80 285/440
f 285/440 615/910 616/912
f 241/362 240/359 331/502
f 290/448 300/462 303/465
f 300/462 304/466 312/474
f 327/497 328/499 326/496
f 325/495 639/957 349/535
f 1088/1546 1250/1826 1086/1544
f 1089/1547 1086/1544 1085/1543
f 1089/1547 1085/1543 1087/1545
f 1081/1538 1192/1718 1193/1720
f 1219/1773 1081/1538 1193/1720
f 619/917 620/919 213/312
f 667/997 671/1003 668/998
f 668/998 671/1003 666/996
f 666/996 673/1005 657/986
f 657/985 673/1006 889/1294
f 295/456 292/451 294/454
f 294/454 292/451 289/447
f 289/447 292/451 290/448
f 289/447 290/448 291/450
f 291/450 290/448 303/465
f 329/500 331/502 328/499
f 329/500 328/499 327/497
f 327/497 326/496 146/206
f 146/206 326/496 325/495
f 500/737 497/732 481/715
f 325/495 349/535 324/494
f 324/494 349/535 350/537
f 1251/1828 1088/1546 1094/1553
f 1094/1553 1088/1546 1093/1552
f 1093/1552 1088/1546 1086/1544
f 1093/1552 1086/1544 1089/1547
f 46/67 285/440 636/951
f 636/951 285/440 616/912
f 833/1217 822/1205 829/1212
f 451/673 295/455 294/453
f 291/450 303/465 427/639
f 427/639 303/465 315/478
f 329/500 241/362 331/502
f 303/465 305/467 306/468
f 315/478 303/465 306/468
f 306/468 305/467 307/469
f 146/206 325/495 145/204
f 145/204 325/495 324/494
f 1092/1551 1089/1547 1091/1550
f 1091/1550 1089/1547 1087/1545
f 1091/1550 1087/1545 1090/1549
f 1087/1545 1219/1774 1090/1549
f 1090/1548 1219/1773 1193/1720
f 669/999 670/1002 667/997
f 667/997 668/998 656/984
f 656/984 668/998 666/996
f 616/911 615/909 614/907
f 615/909 608/900 607/899
f 451/673 294/453 428/641
f 294/454 289/447 317/482
f 428/642 294/454 317/482
f 317/482 289/447 291/450
f 317/481 291/449 426/636
f 426/637 291/450 427/639
f 239/357 241/362 329/500
f 445/666 448/669 449/670
f 315/478 306/468 316/480
f 316/480 306/468 308/470
f 329/500 327/497 332/503
f 309/471 313/475 314/477
f 313/475 319/486 314/477
f 151/217 327/498 136/195
f 136/195 327/498 131/187
f 131/187 146/207 145/205
f 324/494 350/537 344/523
f 1094/1553 1093/1552 1127/1599
f 1093/1552 1089/1547 1095/1555
f 1095/1555 1089/1547 1092/1551
f 1095/1555 1092/1551 1091/1550
f 1095/1555 1091/1550 1124/1596
f 281/434 46/67 636/951
f 655/983 667/997 656/984
f 653/980 666/996 657/986
f 423/631 428/640 317/481
f 448/669 451/673 452/674
f 449/670 448/669 452/674
f 427/639 315/478 316/480
f 316/480 308/470 429/644
f 333/506 329/500 332/503
f 429/644 309/471 314/477
f 429/644 314/477 318/484
f 318/484 314/477 411/618
f 85/117 332/504 151/216
f 526/776 593/875 527/777
f 137/196 126/177 135/194
f 527/777 532/789 533/790
f 528/779 527/777 533/790
f 135/194 126/177 123/174
f 533/790 532/789 535/795
f 585/861 145/204 323/493
f 323/493 145/204 324/494
f 609/901 618/915 612/905
f 1129/1601 1132/1606 1094/1553
f 1127/1599 1093/1552 1126/1598
f 1093/1552 1095/1555 1126/1598
f 1091/1550 1090/1549 1124/1596
f 1124/1596 1090/1549 1125/1597
f 1090/1548 1193/1720 1217/1769
f 1217/1769 1193/1720 1218/1771
f 619/917 213/312 208/302
f 655/983 669/999 667/997
f 657/985 889/1294 1176/1686
f 1176/1686 889/1294 890/1296
f 455/680 428/640 423/631
f 423/631 317/481 419/626
f 452/674 451/673 455/681
f 451/673 428/641 455/681
f 419/626 317/481 426/636
f 419/626 426/636 421/628
f 235/345 239/355 341/518
f 453/675 449/670 452/674
f 421/628 426/636 427/638
f 421/628 427/638 407/612
f 341/517 239/357 329/500
f 341/517 329/500 334/508
f 407/612 427/638 316/479
f 407/612 316/479 410/615
f 410/615 316/479 408/613
f 329/500 333/506 334/508
f 408/613 316/479 429/643
f 408/613 429/643 318/483
f 333/507 332/504 85/117
f 588/869 593/875 530/785
f 530/785 593/875 526/776
f 80/111 150/214 78/109
f 150/214 148/210 78/109
f 78/109 148/210 75/106
f 148/210 99/144 75/106
f 75/106 99/144 62/93
f 62/93 99/144 147/208
f 62/93 147/208 60/91
f 60/91 147/208 57/88
f 147/208 97/140 57/88
f 57/88 97/140 65/96
f 65/96 97/140 98/142
f 65/96 98/142 63/94
f 63/94 98/142 100/146
f 63/94 100/146 66/97
f 100/146 96/138 66/97
f 66/97 96/138 68/99
f 68/99 96/138 149/212
f 68/99 149/212 70/101
f 149/212 95/136 70/101
f 70/101 95/136 72/103
f 72/103 95/136 101/148
f 72/103 101/148 73/104
f 73/104 101/148 83/115
f 526/776 528/779 529/781
f 597/883 526/776 529/781
f 528/778 439/658 529/782
f 457/685 535/794 458/686
f 457/685 458/686 459/687
f 324/494 344/523 340/516
f 608/900 618/915 609/901
f 344/523 351/538 238/353
f 340/516 344/523 238/353
f 1129/1601 1094/1553 1127/1599
f 1128/1600 1126/1598 1095/1555
f 1095/1555 1124/1596 1128/1600
f 612/905 619/916 630/939
f 630/939 619/916 208/301
f 636/950 616/911 614/907
f 1177/1687 657/985 1176/1686
f 420/627 455/680 423/631
f 420/627 423/631 418/625
f 418/625 423/631 419/626
f 373/565 452/674 455/681
f 453/675 452/674 373/565
f 408/613 318/483 409/614
f 409/614 318/483 411/616
f 409/614 411/616 242/363
f 411/617 218/320 223/326
f 242/364 411/617 223/326
f 600/887 530/784 596/881
f 596/881 530/784 597/882
f 333/507 85/117 84/116
f 84/116 85/117 80/111
f 84/116 80/111 81/112
f 81/112 80/111 79/110
f 592/874 588/868 530/783
f 596/881 597/882 598/884
f 597/882 529/780 598/884
f 529/782 447/668 454/678
f 598/884 529/780 454/677
f 79/110 78/109 77/108
f 78/109 75/106 77/108
f 77/108 75/106 76/107
f 76/107 75/106 74/105
f 74/105 75/106 62/93
f 74/105 62/93 61/92
f 61/92 62/93 60/91
f 61/92 60/91 59/90
f 59/90 60/91 57/88
f 59/90 57/88 56/87
f 56/87 57/88 58/89
f 58/89 57/88 65/96
f 65/96 63/94 58/89
f 58/89 63/94 64/95
f 63/94 66/97 64/95
f 64/95 66/97 67/98
f 66/97 68/99 67/98
f 67/98 68/99 69/100
f 68/99 70/101 69/100
f 69/100 70/101 71/102
f 70/101 72/103 71/102
f 72/103 73/104 71/102
f 73/104 83/115 82/113
f 71/102 73/104 82/113
f 82/113 83/115 102/151
f 82/113 102/151 190/269
f 460/688 457/685 459/687
f 536/796 132/188 539/799
f 323/493 324/494 330/501
f 336/512 323/493 330/501
f 330/501 324/494 340/516
f 1129/1601 1127/1599 1131/1604
f 1127/1599 1126/1598 1131/1604
f 1131/1604 1126/1598 1128/1600
f 1130/1603 1128/1600 1124/1596
f 1130/1603 1124/1596 1125/1597
f 1125/1597 1090/1549 1217/1770
f 654/982 655/983 656/984
f 280/432 281/434 636/951
f 280/432 636/951 614/908
f 607/899 614/907 615/909
f 418/625 419/626 414/621
f 419/626 421/628 412/619
f 414/621 419/626 412/619
f 412/619 421/628 407/612
f 407/612 410/615 405/609
f 405/609 410/615 408/613
f 405/609 408/613 402/605
f 408/613 409/614 402/605
f 402/605 409/614 242/363
f 334/508 333/506 335/509
f 335/510 333/507 84/116
f 335/510 84/116 94/134
f 94/134 84/116 202/291
f 84/116 81/112 202/291
f 596/881 598/884 599/885
f 599/885 598/884 454/677
f 202/291 81/112 199/285
f 81/112 79/110 199/285
f 199/285 79/110 77/108
f 199/285 77/108 198/283
f 198/283 77/108 195/277
f 77/108 76/107 195/277
f 195/277 76/107 194/275
f 194/275 76/107 74/105
f 74/105 61/92 89/124
f 194/275 74/105 89/124
f 89/124 61/92 92/130
f 61/92 59/90 92/130
f 92/130 59/90 91/128
f 59/90 56/87 91/128
f 56/87 58/89 91/128
f 91/128 58/89 196/279
f 196/279 58/89 193/273
f 58/89 64/95 193/273
f 193/273 64/95 93/132
f 93/132 64/95 87/120
f 87/120 64/95 67/98
f 87/120 67/98 197/281
f 67/98 69/100 197/281
f 197/281 69/100 90/126
f 90/126 69/100 88/122
f 88/122 69/100 71/102
f 88/122 71/102 86/118
f 71/102 82/113 86/118
f 368/558 454/679 359/547
f 86/119 82/114 177/253
f 177/253 82/114 190/270
f 172/247 189/266 541/803
f 460/688 459/687 462/690
f 547/811 556/820 550/814
f 556/820 555/819 550/814
f 550/814 555/819 551/815
f 555/819 564/828 551/815
f 551/815 564/828 553/817
f 553/817 564/828 559/823
f 559/823 558/822 553/817
f 553/817 558/822 554/818
f 554/818 558/822 560/824
f 558/822 573/837 560/824
f 573/837 562/826 560/824
f 560/824 562/826 561/825
f 561/825 562/826 563/827
f 561/825 563/827 565/829
f 563/827 566/830 565/829
f 565/829 566/830 570/834
f 570/834 566/830 567/831
f 566/830 568/832 567/831
f 568/832 571/835 569/833
f 567/831 568/832 569/833
f 569/833 571/835 539/799
f 571/835 536/796 539/799
f 575/840 574/838 336/512
f 1217/1769 1218/1771 1216/1767
f 654/982 656/984 649/976
f 649/976 656/984 653/980
f 649/976 653/980 652/979
f 652/979 653/980 1177/1688
f 653/980 657/986 1177/1688
f 613/906 614/907 607/899
f 372/563 373/566 455/682
f 372/564 455/680 420/627
f 372/564 420/627 422/629
f 420/627 418/625 416/623
f 422/629 420/627 416/623
f 416/623 418/625 414/621
f 235/347 341/517 334/508
f 453/676 373/566 364/553
f 412/619 407/612 399/602
f 399/602 407/612 405/609
f 405/609 402/605 397/600
f 401/604 402/605 403/606
f 402/605 242/363 403/606
f 242/364 223/326 406/610
f 403/606 242/363 406/611
f 600/887 596/881 599/885
f 595/879 600/887 599/885
f 595/879 599/885 387/583
f 94/135 202/292 103/153
f 202/292 199/286 184/260
f 103/153 202/292 184/260
f 592/874 600/886 594/877
f 368/557 599/885 454/677
f 387/583 599/885 368/557
f 184/260 199/286 174/250
f 199/286 198/284 174/250
f 174/250 198/284 195/278
f 174/250 195/278 173/249
f 173/249 195/278 175/251
f 195/278 194/276 175/251
f 175/251 194/276 176/252
f 176/252 194/276 89/125
f 89/125 92/131 176/252
f 176/252 92/131 180/256
f 180/256 92/131 91/129
f 180/256 91/129 181/257
f 181/257 91/129 188/264
f 188/264 91/129 196/280
f 188/264 196/280 193/274
f 188/264 193/274 187/263
f 187/263 193/274 93/133
f 187/263 93/133 186/262
f 93/133 87/121 186/262
f 186/262 87/121 185/261
f 87/121 197/282 185/261
f 185/261 197/282 178/254
f 178/254 197/282 90/127
f 90/127 88/123 179/255
f 178/254 90/127 179/255
f 179/255 88/123 86/119
f 179/255 86/119 177/253
f 387/584 368/558 371/562
f 387/584 371/562 466/697
f 368/558 359/547 358/546
f 371/562 368/558 358/546
f 175/251 176/252 168/242
f 168/242 176/252 166/239
f 176/252 180/256 166/239
f 166/239 180/256 152/218
f 152/218 180/256 181/257
f 152/218 181/257 153/219
f 181/257 188/264 153/219
f 153/219 188/264 187/263
f 153/219 187/263 157/226
f 157/226 187/263 158/227
f 158/227 187/263 186/262
f 186/262 185/261 158/227
f 158/227 185/261 160/230
f 185/261 178/254 160/230
f 160/230 178/254 162/233
f 162/233 178/254 179/255
f 162/233 179/255 164/236
f 164/236 179/255 177/253
f 164/236 177/253 171/246
f 177/253 190/270 189/267
f 171/246 177/253 189/267
f 465/695 594/877 467/698
f 462/690 371/561 362/550
f 371/561 462/690 466/696
f 362/551 371/562 358/546
f 580/852 170/245 169/243
f 169/243 168/242 580/852
f 580/852 168/242 579/850
f 579/850 168/242 166/239
f 579/850 166/239 167/241
f 167/241 166/239 155/223
f 166/239 152/218 155/223
f 155/223 152/218 154/221
f 152/218 153/219 154/221
f 154/221 153/219 578/848
f 578/848 153/219 156/225
f 156/225 153/219 157/226
f 156/225 157/226 577/846
f 157/226 158/227 577/846
f 577/846 158/227 159/229
f 158/227 160/230 159/229
f 159/229 160/230 161/232
f 161/232 160/230 162/233
f 161/232 162/233 163/235
f 162/233 164/236 163/235
f 163/235 164/236 165/238
f 165/238 164/236 576/844
f 164/236 171/246 576/844
f 576/844 171/246 172/248
f 465/694 467/699 463/691
f 465/694 463/691 461/689
f 461/689 463/691 462/690
f 583/857 572/836 575/841
f 572/836 583/857 582/855
f 572/836 582/855 581/853
f 572/836 581/853 557/821
f 581/853 170/244 557/821
f 557/821 170/244 556/820
f 556/820 170/244 580/851
f 607/899 608/900 609/901
f 506/745 507/746 473/706
f 1129/1601 1131/1604 1017/1460
f 1018/1463 1129/1601 1017/1460
f 1131/1604 1128/1600 1017/1460
f 1017/1460 1128/1600 1133/1607
f 1133/1607 1128/1600 1130/1603
f 920/1336 944/1369 922/1338
f 1218/1772 944/1369 945/1370
f 1245/1819 654/982 649/976
f 363/552 364/553 367/556
f 399/602 405/609 397/600
f 396/599 399/602 397/600
f 334/508 335/509 338/514
f 398/601 397/600 401/604
f 401/604 397/600 402/605
f 401/604 403/606 404/608
f 403/606 406/611 404/608
f 335/510 94/134 103/152
f 388/585 595/880 387/584
f 335/511 103/153 192/272
f 192/272 103/153 184/260
f 467/700 595/880 388/585
f 388/585 387/584 466/697
f 192/272 184/260 183/259
f 191/271 192/272 183/259
f 184/260 174/250 182/258
f 183/259 184/260 182/258
f 182/258 174/250 170/245
f 174/250 173/249 170/245
f 467/699 388/586 463/691
f 463/691 388/586 466/696
f 191/271 183/259 583/858
f 583/858 183/259 582/856
f 183/259 182/258 581/854
f 582/856 183/259 581/854
f 581/854 182/258 170/245
f 191/271 583/858 575/842
f 191/271 575/842 201/290
f 517/759 229/336 231/340
f 201/289 575/840 336/512
f 510/749 520/764 506/745
f 201/289 336/512 330/501
f 330/501 340/516 602/891
f 1016/1458 1133/1607 1130/1603
f 1016/1458 1130/1603 1134/1610
f 1130/1603 1125/1597 1134/1610
f 1134/1610 1125/1597 1217/1770
f 1134/1609 1217/1769 1216/1767
f 649/976 652/979 650/977
f 652/979 1177/1688 1178/1690
f 367/556 372/563 422/630
f 414/621 412/619 413/620
f 224/327 235/346 640/959
f 413/620 412/619 399/602
f 235/347 334/508 338/514
f 640/960 235/347 338/514
f 413/620 399/602 396/599
f 396/599 397/600 398/601
f 398/601 401/604 432/648
f 338/514 335/509 200/287
f 432/648 401/604 433/649
f 433/649 401/604 404/608
f 200/288 335/511 192/272
f 393/595 432/648 433/649
f 393/595 433/649 228/334
f 433/649 404/608 228/334
f 200/288 192/272 191/271
f 394/596 393/594 395/598
f 393/594 228/333 229/337
f 395/598 393/594 229/337
f 200/288 191/271 201/290
f 391/591 394/596 395/598
f 523/769 391/590 520/764
f 520/764 391/590 517/759
f 391/590 395/597 517/759
f 510/749 523/769 520/764
f 347/529 330/501 602/891
f 1012/1453 1169/1671 1017/1461
f 1012/1453 1133/1608 1013/1454
f 1013/1454 1133/1608 1016/1459
f 1013/1454 1016/1459 1014/1455
f 1016/1459 1134/1611 1014/1455
f 1245/1819 649/976 651/978
f 649/976 650/977 651/978
f 658/987 650/977 652/979
f 658/987 652/979 1178/1690
f 280/432 614/908 282/436
f 283/438 280/432 282/436
f 1178/1689 1177/1687 1176/1686
f 614/907 613/906 626/930
f 282/436 614/908 626/931
f 367/556 422/630 424/632
f 424/633 422/629 416/623
f 424/633 416/623 417/624
f 416/623 414/621 415/622
f 417/624 416/623 415/622
f 415/622 414/621 413/620
f 400/603 413/620 396/599
f 400/603 396/599 398/601
f 392/592 400/603 398/601
f 392/592 398/601 436/653
f 436/653 398/601 432/648
f 358/546 357/545 354/542
f 393/595 436/653 432/648
f 338/514 200/287 337/513
f 360/548 358/546 354/542
f 392/593 436/654 391/591
f 390/589 392/593 391/591
f 436/654 393/594 391/591
f 391/591 393/594 394/596
f 390/589 391/591 523/770
f 337/513 200/287 201/289
f 390/589 523/770 389/588
f 337/513 201/289 330/501
f 521/765 389/587 523/769
f 601/889 347/530 602/892
f 1011/1452 1169/1671 1012/1453
f 1014/1455 1134/1611 1015/1457
f 1015/1456 1134/1609 1216/1767
f 612/905 630/939 207/299
f 1244/1817 1245/1819 651/978
f 365/554 367/556 424/632
f 640/960 338/514 345/524
f 352/540 363/552 353/541
f 430/645 415/622 413/620
f 430/645 413/620 400/603
f 345/524 338/514 339/515
f 430/645 400/603 435/652
f 435/652 400/603 392/592
f 435/652 392/592 437/655
f 339/515 338/514 337/513
f 437/656 392/593 390/589
f 337/513 330/501 347/529
f 337/513 347/529 237/351
f 382/576 375/568 381/575
f 1011/1452 1012/1453 1010/1450
f 1010/1450 1012/1453 1013/1454
f 1006/1444 1013/1454 1014/1455
f 1015/1456 1216/1767 1211/1757
f 216/317 612/905 205/295
f 205/295 612/905 207/299
f 283/438 282/436 284/439
f 284/439 282/436 626/931
f 1178/1689 1176/1686 661/990
f 365/554 424/632 366/555
f 424/633 417/624 431/646
f 366/555 424/632 431/647
f 431/646 417/624 425/634
f 425/634 417/624 415/622
f 226/330 640/961 345/525
f 353/541 365/554 366/555
f 425/634 415/622 430/645
f 353/541 366/555 355/543
f 354/542 353/541 355/543
f 437/655 430/645 435/652
f 354/542 355/543 356/544
f 361/549 354/542 356/544
f 386/582 437/656 390/589
f 361/549 356/544 374/567
f 386/582 390/589 389/588
f 375/568 361/549 374/567
f 384/579 386/582 389/588
f 375/568 374/567 381/575
f 518/761 380/574 384/579
f 381/575 374/567 380/574
f 381/575 380/574 518/761
f 1006/1444 1014/1455 1007/1445
f 1007/1445 1014/1455 1015/1457
f 1007/1445 1015/1457 1008/1447
f 1008/1446 1015/1456 1211/1757
f 946/1371 790/1159 948/1374
f 1244/1817 651/978 659/988
f 659/988 651/978 650/977
f 650/977 658/987 659/988
f 659/988 658/987 660/989
f 660/989 658/987 1178/1690
f 369/559 366/555 431/647
f 431/647 425/635 434/651
f 369/559 431/647 434/651
f 434/650 425/634 430/645
f 345/524 339/515 346/527
f 355/543 366/555 369/559
f 434/650 430/645 379/573
f 379/573 430/645 437/655
f 355/543 369/559 370/560
f 356/544 355/543 370/560
f 346/527 339/515 343/522
f 379/572 437/656 386/582
f 343/522 339/515 337/513
f 374/567 356/544 370/560
f 374/567 370/560 378/571
f 378/571 379/572 384/579
f 384/579 379/572 386/582
f 374/567 378/571 380/574
f 380/574 378/571 384/579
f 343/522 337/513 237/351
f 1001/1437 1009/1449 1004/1442
f 1004/1442 1009/1449 1011/1452
f 1004/1442 1011/1452 1010/1450
f 1004/1442 1010/1450 1005/1443
f 1005/1443 1010/1450 1006/1444
f 665/995 1244/1817 662/992
f 1244/1817 659/988 662/992
f 660/989 1178/1690 661/991
f 288/445 283/438 284/439
f 226/330 345/525 346/528
f 370/560 369/559 376/569
f 376/569 369/559 434/651
f 376/569 434/651 379/572
f 227/331 226/329 343/521
f 370/560 376/569 378/571
f 378/571 376/569 379/572
f 237/350 227/331 343/521
f 215/315 612/905 216/317
f 1003/1441 1009/1449 1001/1437
f 1215/1766 1007/1445 1008/1447
f 44/64 206/298 203/293
f 288/445 284/439 629/938
f 663/993 662/992 659/988
f 664/994 660/989 661/991
f 284/439 626/931 629/938
f 626/930 613/906 629/937
f 661/990 905/1314 1182/1698
f 267/405 629/937 613/906
f 1001/1437 1004/1442 1000/1436
f 1004/1442 1005/1443 1000/1436
f 1000/1436 1005/1443 999/1435
f 999/1435 1005/1443 1006/1444
f 999/1435 1006/1444 1215/1766
f 1006/1444 1007/1445 1215/1766
f 1215/1765 1008/1446 1211/1757
f 216/318 205/296 204/294
f 788/1155 785/1152 789/1158
f 659/988 660/989 663/993
f 663/993 660/989 664/994
f 661/990 1182/1698 1183/1700
f 1003/1441 1001/1437 996/1430
f 996/1430 1001/1437 1000/1436
f 995/1428 1000/1436 993/1426
f 1000/1436 999/1435 993/1426
f 993/1426 999/1435 992/1425
f 999/1435 1215/1766 994/1427
f 992/1425 999/1435 994/1427
f 994/1427 1215/1766 1210/1756
f 1210/1755 1215/1765 1211/1757
f 215/316 216/318 204/294
f 665/995 662/992 1246/1820
f 288/445 629/938 267/406
f 264/400 613/906 607/899
f 609/901 612/905 215/315
f 996/1430 1000/1436 995/1428
f 783/1148 1210/1755 1211/1757
f 694/1036 1246/1820 662/992
f 664/994 661/991 693/1035
f 288/446 267/407 266/404
f 267/405 613/906 617/913
f 617/913 613/906 264/400
f 1156/1648 996/1430 989/1421
f 989/1421 996/1430 991/1424
f 991/1424 996/1430 995/1428
f 991/1424 995/1428 993/1426
f 994/1427 1210/1756 998/1434
f 209/304 215/316 204/294
f 694/1036 662/992 663/993
f 694/1036 663/993 697/1039
f 697/1039 663/993 696/1038
f 663/993 664/994 696/1038
f 696/1038 664/994 693/1035
f 693/1034 661/990 1184/1702
f 1184/1702 661/990 1183/1700
f 260/391 607/899 609/901
f 972/1399 991/1424 973/1400
f 973/1400 991/1424 993/1426
f 993/1426 992/1425 971/1398
f 973/1400 993/1426 971/1398
f 992/1425 994/1427 975/1402
f 975/1402 994/1427 998/1434
f 695/1037 1246/1820 694/1036
f 40/54 288/446 266/404
f 266/404 267/407 617/914
f 610/902 609/901 642/963
f 642/963 609/901 215/315
f 642/963 215/315 627/932
f 990/1423 989/1421 974/1401
f 974/1401 989/1421 972/1399
f 1208/1752 975/1402 998/1434
f 998/1433 1210/1755 1209/1753
f 1210/1755 783/1148 1209/1753
f 627/932 215/315 209/303
f 210/306 54/84 209/304
f 700/1043 695/1037 698/1040
f 698/1040 695/1037 694/1036
f 698/1040 694/1036 697/1039
f 698/1040 697/1039 699/1041
f 699/1041 697/1039 696/1038
f 617/914 40/54 266/404
f 1150/1640 990/1423 974/1401
f 972/1399 973/1400 965/1392
f 970/1397 975/1402 1208/1752
f 772/1134 998/1433 1209/1753
f 1157/1650 776/1140 778/1142
f 703/1046 698/1040 699/1041
f 699/1041 696/1038 702/1045
f 702/1045 696/1038 701/1044
f 701/1044 696/1038 693/1035
f 701/1044 693/1035 1184/1703
f 40/54 617/914 264/401
f 265/403 40/54 264/401
f 264/400 607/899 260/391
f 260/391 609/901 610/902
f 970/1397 1208/1752 1002/1439
f 1002/1438 1208/1751 772/1134
f 1157/1650 774/1138 776/1140
f 777/1141 775/1139 1209/1754
f 700/1043 698/1040 703/1046
f 1173/1682 700/1043 703/1046
f 703/1046 699/1041 702/1045
f 701/1044 1184/1703 1198/1731
f 1206/1748 967/1394 1002/1439
f 703/1046 702/1045 814/1192
f 814/1192 702/1045 701/1044
f 1184/1702 1197/1729 1198/1730
f 260/391 610/902 611/904
f 1002/1438 772/1134 1207/1749
f 774/1138 769/1130 768/1129
f 211/309 39/52 627/934
f 627/934 39/52 642/964
f 816/1197 1173/1682 815/1194
f 1173/1682 703/1046 815/1194
f 815/1194 703/1046 814/1192
f 814/1192 701/1044 813/1190
f 813/1190 701/1044 1198/1731
f 262/396 265/403 264/401
f 262/396 264/401 637/953
f 637/952 264/400 261/393
f 1198/1730 1197/1729 1199/1733
f 264/400 260/391 257/386
f 1205/1745 1002/1438 1207/1749
f 641/962 610/903 642/964
f 769/1130 767/1128 768/1129
f 768/1129 767/1128 766/1127
f 768/1129 766/1127 770/1131
f 770/1131 766/1127 1207/1750
f 770/1131 1207/1750 772/1135
f 645/969 642/964 39/52
f 816/1198 815/1195 812/1189
f 261/394 262/396 637/953
f 812/1189 815/1195 811/1187
f 811/1187 815/1195 809/1185
f 809/1185 815/1195 814/1193
f 809/1185 814/1193 810/1186
f 810/1186 814/1193 813/1191
f 264/400 257/386 261/393
f 645/969 641/962 642/964
f 47/70 262/396 261/394
f 810/1186 813/1191 1199/1734
f 1199/1734 813/1191 1198/1732
f 633/944 261/393 257/386
f 1199/1733 1200/1735 1201/1737
f 997/1431 983/1413 1205/1745
f 647/971 611/904 610/902
f 647/971 610/902 643/965
f 765/1126 753/1112 767/1128
f 767/1128 753/1112 766/1127
f 766/1127 753/1112 756/1115
f 766/1127 756/1115 1207/1750
f 1207/1750 756/1115 759/1119
f 1207/1750 759/1119 1205/1746
f 645/969 644/968 641/962
f 808/1184 812/1189 811/1187
f 47/70 261/394 633/945
f 808/1184 811/1187 806/1182
f 806/1182 811/1187 809/1185
f 809/1185 810/1186 807/1183
f 810/1186 1199/1734 807/1183
f 807/1183 1199/1734 805/1181
f 801/1176 808/1184 806/1182
f 806/1182 809/1185 807/1183
f 1199/1733 1201/1737 800/1174
f 800/1174 1201/1737 1202/1739
f 997/1431 1205/1745 1204/1743
f 758/1118 754/1113 753/1112
f 753/1112 754/1113 755/1114
f 756/1115 755/1114 759/1119
f 646/970 647/972 643/966
f 1158/1652 758/1118 757/1117
f 757/1117 758/1118 753/1112
f 753/1112 755/1114 756/1115
f 644/968 42/59 643/966
f 644/968 643/966 641/962
f 255/384 47/70 633/945
f 804/1180 808/1184 801/1176
f 801/1176 806/1182 802/1177
f 802/1177 806/1182 803/1178
f 806/1182 807/1183 803/1178
f 803/1178 807/1183 805/1181
f 36/46 47/70 255/384
f 255/384 633/945 257/387
f 803/1178 805/1181 800/1175
f 800/1175 805/1181 1199/1734
f 798/1171 802/1177 803/1178
f 257/387 260/392 256/385
f 800/1174 1202/1739 1203/1741
f 1203/1741 1202/1739 1204/1743
f 263/397 260/391 611/904
f 263/397 611/904 647/971
f 263/398 647/972 646/970
f 758/1118 761/1121 754/1113
f 754/1113 761/1121 760/1120
f 754/1113 760/1120 755/1114
f 760/1120 1204/1744 1205/1746
f 755/1114 760/1120 759/1119
f 759/1119 760/1120 1205/1746
f 42/59 55/86 646/970
f 42/59 646/970 643/966
f 799/1173 804/1180 801/1176
f 801/1176 802/1177 797/1170
f 36/46 255/384 256/385
f 256/385 255/384 257/387
f 799/1173 801/1176 797/1170
f 797/1170 802/1177 798/1171
f 795/1167 798/1171 803/1178
f 803/1178 800/1175 795/1167
f 795/1167 800/1175 796/1169
f 258/389 36/46 256/385
f 796/1168 800/1174 1203/1741
f 256/385 260/392 635/949
f 799/1173 797/1170 794/1166
f 794/1166 797/1170 791/1161
f 797/1170 798/1171 791/1161
f 791/1161 798/1171 795/1167
f 791/1161 795/1167 793/1164
f 1203/1742 795/1167 796/1169
f 793/1164 795/1167 1203/1742
f 635/948 260/391 263/397
f 792/1163 791/1161 764/1124
f 762/1122 793/1164 1203/1742
f 1159/1654 792/1163 764/1124
f 764/1124 791/1161 763/1123
f 791/1161 793/1164 762/1122
f 763/1123 791/1161 762/1122
f 762/1122 1203/1742 1204/1744
f 1159/1654 764/1124 758/1118
f 1158/1652 1159/1654 758/1118
f 758/1118 764/1124 761/1121
f 764/1124 763/1123 761/1121
f 761/1121 763/1123 762/1122
f 762/1122 1204/1744 760/1120
f 55/86 648/975 646/970
f 646/970 648/975 263/398
f 259/390 258/389 256/385
f 259/390 256/385 635/949
f 792/1163 794/1166 791/1161
f 263/399 259/390 635/949
f 648/974 259/390 263/399

