# https://github.com/mikedh/trimesh
mtllib material.mtl

o geometry_0.001
usemtl Material_0.001
v -0.01172265 -0.02304411 0.03907265
v -0.01892303 -0.02304172 0.03635461
v -0.01448523 -0.02304367 0.03300223
v -0.01780171 -0.02305096 0.03306583
v -0.01918265 -0.02304823 0.03361281
v -0.01797831 -0.02304992 0.04126516
v -0.01133905 -0.02304249 0.04125344
v -0.01637474 -0.02307062 0.04401832
v -0.02031334 -0.02311360 0.04391090
v -0.02055258 -0.02308862 0.04132341
v -0.02125492 -0.02309009 0.03621767
v -0.02015655 -0.02307031 0.03311205
v -0.02123444 -0.02309456 0.03266553
v -0.01244674 -0.02307850 0.04406217
v -0.01009896 -0.02311230 0.04433823
v -0.00929386 -0.02308755 0.04198636
v -0.01154872 -0.02303663 0.03437430
v -0.00931032 -0.02309445 0.03817981
v -0.00932081 -0.02309457 0.03395119
v -0.00992793 -0.02308670 0.03274633
v -0.00926524 -0.02311083 0.03183061
v -0.01168130 -0.02300349 0.03262909
v -0.01392509 -0.02306110 0.03237733
v -0.01800500 -0.02307051 0.03239255
v -0.02133901 -0.02308244 0.04494043
v -0.02126710 -0.02308306 0.04080767
v -0.01878696 -0.02300667 0.03245161
v -0.01971817 -0.02301167 0.03263706
v -0.01135975 -0.02304602 0.04473951
v -0.01985618 -0.02306414 0.04461607
v -0.02078283 -0.02306378 0.04490703
v -0.02027981 -0.02311302 0.03240653
v -0.02130579 -0.02315707 0.03165270
v -0.01057906 -0.02320988 0.03182710
v -0.00980717 -0.02311370 0.03126699
v -0.00975277 -0.02303506 0.04508653
v -0.00982959 -0.02304580 0.04542754
v -0.01101816 -0.02298988 0.04570117
v -0.01246978 -0.02287923 0.04536806
v -0.01196772 -0.02291007 0.04493761
v -0.01909429 -0.02293753 0.04490323
v -0.01811449 -0.02289895 0.04538606
v -0.02023573 -0.02296463 0.04519689
v -0.00930575 -0.02303349 0.03083002
v -0.01199131 -0.02305562 0.03224427
v -0.02136494 -0.02315065 0.04549962
v -0.02051500 -0.02310886 0.04553460
v -0.01235294 -0.02319444 0.03139003
v -0.01465739 -0.02321006 0.03186205
v -0.01961505 -0.02320762 0.03148374
v -0.01083533 -0.02309189 0.03237905
v -0.01985848 -0.02324735 0.03184805
v -0.00974072 -0.02303911 0.03074104
v -0.01027861 -0.02307883 0.02966550
v -0.01075328 -0.02305778 0.03028491
v -0.01540689 -0.02308629 0.02974093
v -0.00927552 -0.02307491 0.02666349
v -0.01114635 -0.02305026 0.02451238
v -0.01312257 -0.02307324 0.02908432
v -0.01878640 -0.02308558 0.02902318
v -0.01924170 -0.02305904 0.02217256
v -0.02036344 -0.02310803 0.02968628
v -0.01910633 -0.02306093 0.01951899
v -0.01071060 -0.02305871 0.02103598
v -0.01659725 -0.02307089 0.01813813
v -0.01185326 -0.02306480 0.01812057
v -0.00927089 -0.02308202 0.01813340
v -0.02117400 -0.02309824 0.02239741
v -0.02060944 -0.02310969 0.01822124
v -0.02124417 -0.02309462 0.01826033
v -0.01904688 -0.02303725 0.01823007
v -0.02121785 -0.02308724 0.03044712
v -0.01545695 -0.02305583 0.03032288
v -0.00984697 -0.02311272 0.01821315
v -0.02036252 -0.02317331 0.01762067
v -0.02130759 -0.02314449 0.01689574
v -0.01611790 -0.02310808 0.01635579
v -0.01861289 -0.02315828 0.01754275
v -0.01061381 -0.02315596 0.01695971
v -0.01177331 -0.02315550 0.01765785
v -0.00985641 -0.02318023 0.01754788
v -0.01080387 -0.02313682 0.01636166
v -0.00922787 -0.02314753 0.01685267
v -0.02192122 -0.02319335 0.01687384
v -0.02070095 -0.02308770 0.03103172
v -0.02057121 -0.02305758 0.03071430
v -0.01919058 -0.02301349 0.03056125
v -0.02177516 -0.02317919 0.03065888
v -0.02179072 -0.02324375 0.03224774
v -0.01950763 -0.02289974 0.03110057
v -0.01925689 -0.02286580 0.03078316
v -0.01532730 -0.02288279 0.03071232
v -0.01374503 -0.02289262 0.03100340
v -0.01150222 -0.02285184 0.03074626
v -0.01134782 -0.02289824 0.03105126
v -0.00997144 -0.02300171 0.03105596
v -0.01128615 -0.02299079 0.03049050
v -0.02174362 -0.02320042 0.01887303
v -0.02170325 -0.02320628 0.02373761
v -0.01566176 -0.02295659 0.04572396
v -0.01874623 -0.02302334 0.04480291
v -0.00978544 -0.02336368 0.01631622
v -0.01868634 -0.02299454 0.04568472
v -0.02184933 -0.02332536 0.04548891
v -0.02221307 -0.02339929 0.01642048
v -0.02196518 -0.02334382 0.02265767
v -0.02205229 -0.02332083 0.03041722
v -0.00923233 -0.02337060 0.04604578
v -0.01055623 -0.02333484 0.04601401
v -0.02111721 -0.02345166 0.04604701
v -0.00897432 -0.02331514 0.03338778
v -0.00898758 -0.02327914 0.04123821
v -0.00896567 -0.02328022 0.04429473
v -0.02174442 -0.02346211 0.01605495
v 0.01696484 0.01218326 0.05992022
v 0.01474118 0.00766922 0.05991840
v 0.01825384 0.00937569 0.05991773
v 0.02099113 0.01059003 0.05992839
v 0.01930514 0.00487158 0.05992783
v 0.02429595 0.00400491 0.05993477
v 0.02641219 0.00886878 0.05993259
v 0.02859857 0.00417113 0.05994105
v 0.03220644 0.00369596 0.05994914
v 0.03131739 0.00867679 0.05993991
v 0.03436049 0.00773769 0.05994731
v 0.03833277 0.00360573 0.05995614
v 0.03649357 0.01165042 0.05994782
v 0.03866807 0.00871709 0.05994862
v 0.03873709 0.01437500 0.05994999
v 0.04219604 0.00909157 0.05995194
v 0.04091809 0.01526928 0.05995276
v 0.04581462 0.01299481 0.05995307
v 0.04890510 0.01027484 0.05995074
v 0.04615311 0.00651033 0.05995649
v 0.05062993 0.00474763 0.05995645
v 0.05365250 0.00742008 0.05994922
v 0.05492851 0.00118944 0.05995392
v 0.05718499 0.00438266 0.05995099
v 0.05744172 0.00950242 0.05994623
v 0.05995550 0.00420772 0.05994946
v 0.05651474 -0.00298900 0.05995297
v 0.06142438 -0.00009642 0.05994898
v 0.05976123 -0.00465446 0.05995031
v 0.06463224 -0.00273474 0.05994446
v 0.06631154 0.00183136 0.05994427
v 0.07005841 0.00236159 0.05993742
v 0.06760498 -0.00535518 0.05994390
v 0.07146478 -0.00134954 0.05993326
v 0.07319501 0.00401967 0.05991889
v 0.07313811 -0.00706142 0.05992495
v 0.06972205 -0.00880496 0.05994844
v 0.07306305 -0.01163086 0.05994588
v 0.06749302 -0.01305007 0.05996395
v 0.07298433 -0.01571069 0.05996258
v 0.06540639 -0.01706329 0.05997811
v 0.06843057 -0.01946069 0.05997651
v 0.07311382 -0.02215676 0.05995616
v 0.07124637 -0.02243931 0.05997306
v 0.06105912 -0.02010122 0.05998649
v 0.06254681 -0.02263514 0.05998115
v 0.05603364 -0.02243142 0.05999563
v 0.05727830 -0.01675726 0.05998329
v 0.06195922 -0.01377512 0.05997177
v 0.05512809 -0.01324388 0.05997176
v 0.05948456 -0.01005962 0.05995943
v 0.06175408 -0.00775024 0.05995215
v 0.06520817 -0.00931911 0.05995258
v 0.05493402 -0.00801779 0.05995725
v 0.04908478 -0.00348044 0.05995975
v 0.04950256 -0.00823166 0.05996207
v 0.05112273 -0.01150616 0.05996425
v 0.04570129 -0.00828614 0.05996193
v 0.04656695 -0.01426888 0.05997190
v 0.05242308 -0.01732974 0.05998165
v 0.04524231 -0.01936843 0.05997758
v 0.04894088 -0.02256714 0.05997889
v 0.03459132 -0.02269620 0.05996800
v 0.03942483 -0.01997212 0.05997043
v 0.03486290 -0.01921391 0.05996200
v 0.03818264 -0.01460745 0.05996447
v 0.04232891 -0.01497252 0.05997120
v 0.04130231 -0.00992394 0.05996006
v 0.03842418 -0.00759452 0.05995450
v 0.03389277 -0.01291192 0.05995573
v 0.03426143 -0.00489681 0.05994977
v 0.03679914 -0.00026428 0.05995489
v 0.04066448 -0.00319090 0.05995502
v 0.04275582 0.00271222 0.05995892
v 0.04408536 -0.00133307 0.05995812
v 0.04714575 0.00124625 0.05996181
v 0.05235716 -0.00035616 0.05995653
v 0.03312175 0.00005838 0.05995233
v 0.02944460 -0.00152924 0.05994169
v 0.03221844 -0.00807440 0.05994729
v 0.02812425 -0.00725407 0.05993856
v 0.02849144 -0.01263340 0.05994105
v 0.03072364 -0.01776609 0.05995322
v 0.02856540 -0.02273641 0.05993986
v 0.02578896 -0.01614319 0.05994438
v 0.01986208 -0.02016425 0.05993516
v 0.01287223 -0.02331376 0.05992018
v 0.01108290 -0.02062060 0.05991707
v 0.01659791 -0.01773849 0.05993253
v 0.01924100 -0.01441797 0.05993392
v 0.01433655 -0.01338578 0.05992511
v 0.01133434 -0.01754991 0.05992047
v 0.01026324 -0.01285428 0.05991274
v 0.00559074 -0.01586997 0.05990811
v 0.00652067 -0.01880519 0.05990698
v 0.00057514 -0.02059119 0.05990276
v 0.00810898 -0.02332787 0.05989918
v -0.00688071 -0.02250543 0.05990074
v -0.00207980 -0.01688819 0.05990516
v -0.00098592 -0.01239443 0.05990041
v 0.00516809 -0.01166331 0.05990253
v 0.00230496 -0.00962350 0.05990199
v -0.00162172 -0.00725415 0.05989965
v 0.00123687 -0.00502947 0.05990096
v -0.00162321 -0.00063347 0.05989891
v 0.00100060 -0.00056813 0.05990024
v 0.00414571 -0.00138249 0.05990295
v 0.00556321 0.00450224 0.05990262
v 0.00702709 0.00072590 0.05990365
v 0.00948771 -0.00124067 0.05991017
v 0.01057988 0.00368044 0.05991360
v 0.01415875 0.00134318 0.05992097
v 0.01877323 0.00030120 0.05992637
v 0.01386764 -0.00187468 0.05991808
v 0.01795605 -0.00320054 0.05991862
v 0.02242574 -0.00314840 0.05993037
v 0.02622567 0.00029664 0.05993835
v 0.02442836 -0.00805503 0.05993406
v 0.02124408 -0.01075232 0.05993233
v 0.01795425 -0.01080197 0.05992138
v 0.01727263 -0.00685337 0.05992383
v 0.01424897 -0.00750894 0.05991911
v 0.01152431 -0.00736746 0.05991261
v 0.00866417 -0.00843671 0.05990579
v 0.00612065 -0.00582357 0.05990325
v 0.01206552 0.00756306 0.05991161
v 0.00862278 0.00837582 0.05990381
v 0.00107233 0.00410400 0.05990092
v 0.00343916 0.00779073 0.05989836
v 0.00613560 0.00949305 0.05989731
v 0.00207357 0.01140694 0.05989649
v 0.00484088 0.01450650 0.05989737
v -0.00042470 0.00979247 0.05989690
v -0.00216368 0.00733577 0.05989546
v -0.00382755 0.00438279 0.05989920
v -0.00400537 -0.00141275 0.05989878
v -0.00458069 -0.00677892 0.05989820
v -0.00691276 -0.00337929 0.05990036
v -0.00649138 0.00054874 0.05989958
v -0.00877478 -0.00076018 0.05990746
v -0.01083818 -0.00240164 0.05991456
v -0.01022693 -0.00966559 0.05991173
v -0.00664976 -0.00831756 0.05990046
v -0.00886773 -0.01426164 0.05990999
v -0.00412504 -0.01127902 0.05989828
v -0.00669659 -0.01672260 0.05990528
v -0.01196852 -0.01935624 0.05991872
v -0.01588149 -0.02269173 0.05993050
v -0.01630653 -0.01962782 0.05993104
v -0.02659147 -0.02051400 0.05994222
v -0.03492913 -0.02050116 0.05995017
v -0.03879918 -0.02333695 0.05993079
v -0.04430679 -0.02168007 0.05994973
v -0.04791467 -0.02266267 0.05993026
v -0.05339136 -0.02027456 0.05996636
v -0.05737621 -0.02268981 0.05995880
v -0.06010108 -0.02075044 0.05996846
v -0.06583364 -0.02036942 0.05995682
v -0.06870510 -0.02261563 0.05991881
v -0.07059523 -0.02161267 0.05993744
v -0.07131912 -0.01706459 0.05995890
v -0.06575428 -0.01754652 0.05996959
v -0.06918659 -0.01455035 0.05996263
v -0.06363321 -0.01456011 0.05997209
v -0.05880248 -0.01797968 0.05997590
v -0.05772280 -0.01420393 0.05997491
v -0.05005563 -0.01594475 0.05997308
v -0.05622360 -0.01133503 0.05997018
v -0.06070991 -0.00861990 0.05996557
v -0.05429178 -0.00644906 0.05996725
v -0.05728216 -0.00519523 0.05996545
v -0.05571091 0.00051561 0.05997178
v -0.05075730 0.00035672 0.05997220
v -0.04967169 -0.00593436 0.05996696
v -0.04555529 -0.00330603 0.05996436
v -0.04592744 0.00187683 0.05996938
v -0.04165218 -0.00146251 0.05996316
v -0.04390441 -0.00898828 0.05996137
v -0.04157810 -0.01008502 0.05996089
v -0.03816622 -0.00694031 0.05995866
v -0.03747730 -0.00057575 0.05996202
v -0.03508271 -0.00376534 0.05995815
v -0.03377429 0.00376058 0.05996009
v -0.03176180 -0.00202671 0.05995407
v -0.03351770 -0.00875515 0.05995576
v -0.02908863 -0.00696892 0.05995129
v -0.02685166 -0.00566906 0.05994632
v -0.02868266 -0.01131403 0.05994738
v -0.02341733 -0.00891441 0.05994027
v -0.02349423 -0.00423154 0.05994024
v -0.02020095 -0.00281857 0.05993759
v -0.02202077 0.00129840 0.05994185
v -0.01722702 -0.00035180 0.05993405
v -0.01661715 -0.00942431 0.05993146
v -0.01511312 -0.00550510 0.05993034
v -0.01358411 -0.01040260 0.05992661
v -0.01425306 -0.01550073 0.05993108
v -0.01869425 -0.01172719 0.05993527
v -0.02038847 -0.01902600 0.05993868
v -0.02193601 -0.01314426 0.05994132
v -0.02489794 -0.01671440 0.05994735
v -0.03080738 -0.01568889 0.05995432
v -0.03450832 -0.01462459 0.05995844
v -0.03842662 -0.01837704 0.05995924
v -0.04576004 -0.01932897 0.05996223
v -0.04306750 -0.01553837 0.05996765
v -0.03690002 -0.01191008 0.05995779
v -0.04683266 -0.01035535 0.05996487
v -0.05175008 -0.01151467 0.05996842
v -0.01393082 0.00008534 0.05992903
v -0.01176362 0.00379923 0.05992123
v -0.00877018 0.00556322 0.05990478
v -0.01435935 0.00798601 0.05992553
v -0.01157260 0.01255756 0.05991436
v -0.00697186 0.01134055 0.05989321
v -0.00624863 0.00627240 0.05989663
v -0.00423963 0.01051234 0.05989358
v -0.00537931 0.01546940 0.05989312
v -0.02698199 -0.00099817 0.05994843
v -0.02321058 0.00484047 0.05994261
v -0.02918267 0.00243556 0.05995424
v -0.03745120 0.00502381 0.05996058
v -0.04280822 0.00622466 0.05996362
v -0.04199739 0.00953757 0.05996061
v -0.04908348 0.00712083 0.05996945
v -0.05515752 0.00610682 0.05996986
v -0.05536796 0.00967785 0.05996848
v -0.06111934 0.00459715 0.05996815
v -0.05920139 -0.00052240 0.05996713
v -0.06389287 0.00023064 0.05996248
v -0.06355870 -0.00370775 0.05995701
v -0.06797469 0.00249595 0.05995860
v -0.06719109 -0.00462920 0.05995250
v -0.06484079 -0.00967477 0.05996118
v -0.07094254 -0.00796213 0.05995006
v -0.06882218 -0.01050812 0.05995794
v -0.07323915 -0.00904309 0.05992121
v -0.07331721 -0.01785412 0.05992909
v -0.07304075 -0.02216238 0.05988760
v -0.07101116 -0.00322241 0.05994036
v -0.07327319 -0.00225828 0.05991438
v -0.07323176 0.00357034 0.05992678
v -0.07132056 0.00647601 0.05995090
v -0.06842189 0.00751030 0.05995968
v -0.06466869 0.00468697 0.05996461
v -0.06556224 0.01057140 0.05996642
v -0.06135525 0.00934068 0.05996764
v -0.06365172 0.01337125 0.05997369
v -0.06697779 0.01669015 0.05997375
v -0.06228946 0.01918730 0.05998266
v -0.07110157 0.01313444 0.05997037
v -0.07093015 0.01965545 0.05996532
v -0.05760434 0.01293826 0.05997555
v -0.07339296 0.01015040 0.05993494
v -0.07332245 0.01399372 0.05994365
v -0.07325020 0.02128434 0.05994885
v -0.00086661 0.01518509 0.05989604
v 0.07315298 0.00909832 0.05991549
v 0.07096320 0.01170494 0.05993471
v 0.06867603 0.00791995 0.05994003
v 0.06810266 0.01570252 0.05994104
v 0.06515966 0.00859706 0.05994252
v 0.06214021 0.00759232 0.05994454
v 0.06307396 0.01471982 0.05994598
v 0.05941303 0.01163454 0.05994535
v 0.05772914 0.01647048 0.05994906
v 0.05280262 0.01228706 0.05994670
v 0.05524780 0.01985620 0.05995236
v 0.06471699 0.02001159 0.05994508
v 0.05877526 0.02158232 0.05996043
v 0.06237211 0.02329553 0.05995320
v 0.06892110 0.02049547 0.05993799
v 0.07307539 0.01610281 0.05992299
v 0.07303893 0.02062005 0.05991065
v 0.07252254 0.02326583 0.05990662
v 0.05110897 0.02333409 0.05995370
v 0.04918117 0.02125902 0.05995787
v 0.04376134 0.02329117 0.05996979
v 0.04052263 0.02041871 0.05995765
v 0.04496593 0.01747798 0.05995496
v 0.04920166 0.01656641 0.05995212
v 0.03552101 0.02105849 0.05995875
v 0.03444023 0.01603849 0.05994723
v 0.03004735 0.01828323 0.05993777
v 0.03167693 0.01311780 0.05994085
v 0.02835423 0.01232994 0.05993599
v 0.02492360 0.01500780 0.05993382
v 0.02871143 0.02330407 0.05994127
v 0.03271510 0.02331449 0.05996270
v 0.02052133 0.01828473 0.05992898
v 0.01642725 0.01625898 0.05992308
v 0.01310278 0.01999504 0.05991757
v 0.01202282 0.01500031 0.05991317
v 0.00845807 0.02331967 0.05991555
v 0.01744441 0.02329735 0.05994103
v 0.01054051 0.01157263 0.05990608
v 0.00712793 0.01500760 0.05989829
v 0.00104800 0.01999014 0.05990165
v -0.00180181 0.02331681 0.05991817
v -0.00802110 0.02329870 0.05991329
v -0.01542403 0.02334874 0.05995047
v -0.01378193 0.02037547 0.05993610
v -0.02213394 0.02089583 0.05994937
v -0.01722364 0.01951739 0.05993855
v -0.01833079 0.01677330 0.05993814
v -0.02810432 0.02328401 0.05995304
v -0.03136053 0.02120866 0.05995919
v -0.02602595 0.01769224 0.05995042
v -0.02255151 0.01447841 0.05994204
v -0.02655702 0.01067383 0.05994379
v -0.02859221 0.01393300 0.05994891
v -0.03091616 0.00889660 0.05994980
v -0.03310953 0.01729655 0.05995598
v -0.03385261 0.01117187 0.05995423
v -0.03883392 0.01832730 0.05996064
v -0.03713214 0.01421276 0.05995899
v -0.03869715 0.02144531 0.05997061
v -0.03734292 0.02334329 0.05996985
v -0.04816089 0.02186579 0.05997889
v -0.04437052 0.02017106 0.05996998
v -0.05410805 0.02010731 0.05998493
v -0.04880604 0.01548040 0.05997093
v -0.05466546 0.02319775 0.05999279
v -0.04894216 0.02333377 0.05996747
v -0.04189397 0.01508145 0.05996438
v -0.00898437 0.01660931 0.05990439
v -0.01659847 0.01245919 0.05993107
v -0.02011063 0.00940142 0.05993422
v -0.02748953 0.00613960 0.05994784
v -0.03753552 0.01057658 0.05995556
v -0.04523150 0.01129393 0.05996533
v -0.04565784 0.01684373 0.05996905
v -0.05187506 0.01209481 0.05997095
v -0.05941655 0.01690895 0.05998007
v -0.05388261 0.01696015 0.05997923
v -0.06127539 0.02208075 0.06000000
v -0.06223889 0.02333130 0.05998335
v -0.07234248 0.02333316 0.05995265
v -0.07091551 0.02162112 0.05997384
v -0.00775190 -0.02332856 0.05988678
v -0.02657399 -0.02331893 0.05991923
v 0.02898485 -0.02333988 0.05993008
v 0.05795698 -0.02331408 0.05996748
v 0.07260842 -0.02333694 0.05993441
v 0.03479436 -0.02332829 0.05995512
v -0.07211801 -0.02334715 0.05985976
v -0.04793441 -0.02333855 0.05990456
v -0.05740333 -0.02333398 0.05992852
v -0.07399600 0.02324587 0.05988582
v -0.07377604 0.01957390 0.05990079
v 0.07408679 -0.02326213 0.05987904
v -0.05745728 0.02391760 0.05994496
v -0.03728995 0.02391041 0.05993207
v -0.02955359 0.02387845 0.05990486
v -0.01561831 0.02388810 0.05990575
v -0.00886019 0.02386004 0.05986378
v 0.00711262 0.02387720 0.05986597
v 0.01905601 0.02386830 0.05988905
v 0.06616020 0.02386560 0.05989490
v 0.03180750 0.02387504 0.05990446
v 0.05223167 0.02388421 0.05990872
v 0.04544844 0.02389661 0.05991749
v 0.07498280 -0.01594902 0.05980264
v 0.07384491 -0.00634066 0.05986538
v 0.07502846 0.00312406 0.05974276
v 0.07499424 -0.00658457 0.05974740
v 0.07502162 0.00839154 0.05974407
v 0.07510019 0.01627014 0.05972928
v 0.07481183 0.02152846 0.05973489
v 0.07492367 -0.02040348 0.05980222
v 0.07429887 0.02330821 0.05975974
v -0.07189971 0.02391936 0.05990608
v -0.07393324 0.02395032 0.05983959
v -0.07391876 -0.01157273 0.05986862
v -0.07388438 0.00360551 0.05987138
v -0.07399211 -0.00371619 0.05985490
v -0.07510313 -0.00066602 0.05973534
v -0.07510229 0.00890655 0.05974387
v -0.07511745 0.01542874 0.05975357
v -0.07503042 0.02313397 0.05975125
v -0.07405020 -0.02224961 0.05980073
v 0.07270353 0.02389519 0.05984564
v -0.07512240 -0.00924715 0.05973214
v -0.07506850 -0.02217499 0.05967589
v -0.07511137 -0.01766976 0.05973383
v -0.07459147 -0.02332862 0.05967860
v 0.07516446 -0.02330785 0.05972937
v 0.07562646 -0.02245500 0.05966293
v 0.07568675 -0.01505661 0.05967240
v 0.07457934 0.02387640 0.05965281
v 0.07574969 0.01466055 0.05961215
v 0.07586888 -0.00016395 0.05957513
v 0.07567701 -0.00685526 0.05961216
v 0.07575016 0.00726772 0.05960041
v 0.07585739 0.02171394 0.05953752
v 0.07587062 0.02335187 0.05946845
v -0.07571890 -0.02107735 0.05956430
v -0.07567386 0.01652443 0.05963857
v -0.07562146 0.00877927 0.05963190
v -0.07559987 0.00016834 0.05962958
v -0.07562660 -0.00832389 0.05962536
v -0.07587518 -0.01672224 0.05957589
v -0.07557730 0.02309645 0.05964471
v -0.01540097 -0.02377240 0.05980845
v -0.07565083 0.02421342 0.05950854
v -0.07605969 -0.02326022 0.05939173
v 0.07334464 -0.02375280 0.05980584
v -0.03781158 -0.02378554 0.05982246
v 0.07613532 -0.00828844 0.05949724
v 0.07622404 -0.01536332 0.05952912
v 0.07652627 -0.02268387 0.05942284
v -0.07579365 -0.02365308 0.05938756
v 0.07614343 0.02384792 0.05933514
v 0.07660826 -0.02336203 0.05935565
v -0.05647673 -0.02376721 0.05980898
v -0.04757012 -0.02377372 0.05978607
v -0.06500068 -0.02376254 0.05976634
v -0.07639167 0.02308243 0.05942261
v -0.07653444 0.02389805 0.05930631
v -0.02479555 -0.02375831 0.05979230
v -0.07620678 0.01369566 0.05948316
v -0.07617038 0.00652394 0.05946379
v -0.07619027 -0.00020833 0.05945709
v -0.07618046 -0.00784726 0.05946071
v -0.00657145 -0.02375640 0.05975426
v 0.07615347 0.01434094 0.05949841
v 0.07615846 0.00546517 0.05947806
v 0.07540816 0.02414599 0.05942559
v 0.04699310 -0.02375385 0.05983476
v 0.06425972 -0.02372503 0.05982459
v -0.07665894 -0.02132069 0.05927357
v 0.07699890 0.02329072 0.05912426
v 0.07688709 0.02172376 0.05921620
v -0.07678393 -0.02318893 0.05916447
v -0.07688288 -0.01611240 0.05924184
v -0.07683769 -0.00621273 0.05922961
v -0.07683061 0.00074074 0.05923122
v -0.07680685 0.00790586 0.05924581
v -0.07684556 0.01530264 0.05926349
v -0.07681058 0.02221759 0.05927546
v 0.07683712 0.01225760 0.05926676
v 0.07679121 0.00266424 0.05926015
v 0.07680927 -0.00588137 0.05924696
v 0.07700349 -0.01511320 0.05925445
v -0.07485525 -0.02387889 0.05946962
v -0.07363674 0.02427780 0.05973547
v 0.07315123 0.02421940 0.05968969
v 0.07533296 -0.02381200 0.05952089
v 0.07783441 0.01385761 0.05888136
v 0.07779121 0.02076742 0.05888119
v -0.07775938 -0.02100590 0.05884494
v -0.07777672 -0.01596629 0.05887905
v -0.07771625 -0.00661552 0.05885947
v -0.07776333 0.01373050 0.05887822
v -0.07781149 0.02103689 0.05886086
v -0.07773021 0.00010279 0.05884966
v -0.07766774 0.00728762 0.05887507
v -0.07772202 -0.02264399 0.05880085
v 0.07780518 0.02387533 0.05873657
v 0.07776283 0.00849487 0.05887360
v 0.07772180 0.00505214 0.05887358
v 0.07776222 0.00010299 0.05886326
v 0.07774470 -0.00713249 0.05886620
v 0.07791691 -0.01317519 0.05885197
v -0.07773414 0.02321606 0.05886152
v 0.07777251 -0.02260136 0.05890048
v 0.07800563 -0.01916258 0.05881390
v 0.07786252 -0.02339494 0.05880327
v -0.07775880 0.02417029 0.05874643
v -0.07778438 -0.02343538 0.05869185
v -0.06759521 0.02422591 0.05976078
v -0.05805955 0.02424037 0.05979025
v -0.04750484 0.02422691 0.05975561
v 0.06113905 0.02420361 0.05973976
v -0.07724753 -0.02388135 0.05874783
v -0.03668942 0.02422410 0.05977452
v 0.07818247 0.02139142 0.05865901
v 0.07682696 0.02419830 0.05896594
v 0.05258353 0.02420855 0.05973723
v 0.04559854 0.02421515 0.05973072
v 0.01334830 0.02416268 0.05969921
v 0.02998159 0.02418665 0.05971314
v -0.01511044 0.02418944 0.05974170
v 0.07776274 -0.02370962 0.05874651
v -0.02858295 0.02419055 0.05972617
v -0.00828697 0.02415458 0.05969130
v 0.00352362 0.02416682 0.05969875
v 0.07889891 0.02304604 0.05816539
v -0.07607924 0.02431539 0.05928490
v -0.07881425 -0.02318981 0.05810775
v -0.07851618 -0.01381136 0.05842155
v -0.07857160 0.00760596 0.05832555
v -0.07869001 0.01387251 0.05829493
v -0.07846564 0.01880645 0.05845355
v -0.07867595 -0.00757628 0.05826417
v -0.07867034 0.00058813 0.05825686
v 0.07849216 -0.00961069 0.05844894
v 0.07889872 -0.00727475 0.05814980
v 0.07873960 -0.00144519 0.05825849
v 0.07872652 0.00607123 0.05825395
v -0.07869533 -0.02051413 0.05827192
v 0.07892896 -0.01538836 0.05823421
v 0.07878611 0.01381822 0.05829278
v 0.07894688 0.02145521 0.05817899
v 0.07884814 0.02390906 0.05809820
v 0.07901499 -0.02259587 0.05812323
v -0.07880466 0.02304934 0.05819097
v -0.07885108 0.02392069 0.05807401
v 0.07901706 -0.02355422 0.05803547
v -0.07920293 -0.01462979 0.05795147
v -0.07936472 -0.00720960 0.05777499
v -0.07935016 0.00746965 0.05776723
v -0.07933404 0.01802370 0.05783458
v -0.07847074 -0.02384475 0.05812066
v 0.07850192 0.02422275 0.05817745
v -0.07971404 -0.01695196 0.05755931
v 0.07971273 0.02278061 0.05757720
v 0.07961620 -0.00218112 0.05760838
v 0.07964744 -0.00735843 0.05758238
v 0.07961469 0.00672842 0.05759541
v 0.07967307 0.01595391 0.05761440
v 0.07963981 0.02417092 0.05747064
v -0.07971149 0.02311174 0.05748364
v 0.07975598 -0.01736200 0.05757050
v -0.07967646 -0.00569306 0.05752108
v -0.07963893 -0.02328212 0.05744425
v -0.07964395 0.02414623 0.05740011
v -0.07852247 0.02424604 0.05816793
v -0.06415068 -0.02394713 0.05961258
v -0.07957256 -0.02371960 0.05733892
v -0.04657223 -0.02397477 0.05960138
v -0.03675278 -0.02397847 0.05964331
v -0.02485657 -0.02396182 0.05959623
v 0.08042723 -0.00788701 0.05682473
v 0.08031920 -0.00250447 0.05693070
v 0.08040295 0.00104427 0.05682581
v 0.06524334 0.02433688 0.05943283
v 0.00810587 0.02427373 0.05943831
v -0.00884017 0.02426945 0.05942285
v 0.07842212 0.02438536 0.05781359
v -0.01445542 0.02429451 0.05945953
v -0.05902414 0.02434291 0.05948785
v -0.01147224 -0.01693327 0.00001342
v -0.00015908 -0.01567874 0.00000180
v -0.00195549 -0.01842236 0.00000498
v 0.00796501 -0.02028478 0.00000536
v 0.01116321 -0.01403373 0.00000242
v 0.01565952 -0.01780482 0.00000000
v -0.00680296 -0.01264471 0.00001424
v -0.01396730 -0.00009530 0.00004856
v -0.00886204 -0.00583989 0.00003214
v -0.01791611 -0.00658503 0.00003788
v -0.01456981 -0.01261571 0.00002507
v -0.00685373 -0.00010338 0.00004391
v -0.00216635 -0.00509195 0.00003131
v 0.00039758 -0.01100294 0.00001486
v 0.00636395 -0.00954968 0.00001443
v 0.00208952 0.00176858 0.00004390
v 0.00848419 -0.00058791 0.00003481
v 0.01506744 0.00494054 0.00004574
v 0.01348983 -0.00340947 0.00002579
v 0.02387607 0.00018475 0.00003246
v 0.02033771 -0.00588251 0.00002044
v 0.02037699 -0.01297275 0.00000631
v 0.02610363 -0.01858969 0.00000179
v 0.02732288 -0.01240530 0.00000868
v 0.03006787 -0.00256711 0.00003446
v 0.03687194 -0.00189778 0.00005170
v 0.03544758 -0.00836561 0.00003643
v 0.04277965 -0.01079923 0.00003562
v 0.04142869 -0.01568261 0.00002329
v 0.04860375 -0.01369659 0.00003136
v 0.04645225 -0.01810005 0.00002525
v 0.05355483 -0.01699007 0.00001767
v 0.05743843 -0.01773062 0.00001474
v 0.05166548 -0.02235748 0.00001861
v 0.04013164 -0.01938368 0.00002455
v 0.04652116 -0.02106405 0.00002631
v 0.03748895 -0.02160263 0.00001842
v 0.03222684 -0.01797835 0.00001314
v 0.01977771 -0.02047928 0.00000732
v -0.00333432 -0.02129268 0.00001765
v -0.01179717 -0.02052561 0.00002166
v -0.02324048 -0.01748336 0.00002348
v -0.02044475 -0.02061322 0.00003298
v -0.02827755 -0.02043094 0.00003457
v -0.02997332 -0.01731956 0.00003168
v -0.03322183 -0.01354937 0.00004956
v -0.02734309 -0.00913448 0.00004131
v -0.04076398 -0.01122964 0.00007219
v -0.04208999 -0.01727027 0.00006695
v -0.04846639 -0.01100521 0.00008055
v -0.04920315 -0.01749322 0.00007523
v -0.05483223 -0.01252446 0.00007102
v -0.05591351 -0.01870440 0.00007679
v -0.06057087 -0.02010930 0.00009924
v -0.05889198 -0.01470252 0.00007968
v -0.06535792 -0.01737771 0.00009999
v -0.06630398 -0.01947551 0.00012333
v -0.06665885 -0.00936920 0.00009156
v -0.06406724 -0.01550325 0.00008888
v -0.06913093 -0.00656607 0.00010934
v -0.06627996 0.00229884 0.00009195
v -0.06959177 -0.00034317 0.00011690
v -0.06832943 0.00815077 0.00011243
v -0.06742314 0.01633264 0.00012225
v -0.06586099 0.01178216 0.00010111
v -0.06658387 0.01972460 0.00014408
v -0.06286618 0.01969723 0.00012670
v -0.06519458 0.02232862 0.00016677
v -0.06642303 0.02393972 0.00021157
v -0.06553795 0.02418633 0.00021352
v -0.05766847 0.02380570 0.00016390
v -0.05527374 0.02215490 0.00012009
v -0.04180100 0.02206855 0.00013472
v -0.04798318 0.02223572 0.00014880
v -0.04710839 0.02417959 0.00020821
v -0.07081249 0.02209672 0.00021433
v -0.07111696 0.01755859 0.00015413
v -0.07050236 0.00663389 0.00012268
v -0.07053510 -0.00713524 0.00011110
v -0.07098734 -0.01724727 0.00013753
v -0.07055094 -0.02203029 0.00018518
v -0.06716349 -0.02295642 0.00015114
v -0.05995105 -0.02265830 0.00009455
v -0.05384182 -0.02252800 0.00007569
v -0.04633329 -0.02251417 0.00008927
v -0.03936493 -0.02092412 0.00006374
v -0.03388107 -0.02271960 0.00004806
v -0.02063121 -0.02284699 0.00004395
v -0.00017605 -0.02269005 0.00002444
v 0.01718523 -0.02268767 0.00001510
v 0.02871689 -0.02216805 0.00001586
v 0.04314916 -0.02263360 0.00002278
v 0.03731371 -0.02381621 0.00003520
v 0.04835505 -0.02378624 0.00005678
v 0.03181083 -0.01144331 0.00002233
v -0.02363496 -0.01335536 0.00002721
v -0.02719348 -0.00181409 0.00004983
v -0.03395073 -0.00467327 0.00006516
v -0.04169750 -0.00250286 0.00008104
v -0.04509007 -0.00665987 0.00008329
v -0.04896017 0.00212042 0.00009162
v -0.05251541 -0.00705734 0.00007696
v -0.06038002 -0.00798403 0.00007843
v -0.06394160 -0.00093564 0.00008343
v -0.05826786 0.00707167 0.00008678
v -0.05741754 -0.00054536 0.00007774
v -0.05301379 0.00479494 0.00008469
v -0.05339810 0.01219582 0.00009616
v -0.05795531 0.01519293 0.00010500
v -0.06304475 0.01203971 0.00009728
v -0.06262899 0.01744721 0.00011376
v -0.04878749 0.01480660 0.00011076
v -0.04528506 0.01987067 0.00012697
v -0.03968573 0.01441577 0.00010545
v -0.04389292 0.01113889 0.00009913
v -0.04185511 0.00634984 0.00009180
v -0.03410319 0.00294663 0.00007414
v -0.03066416 0.01137053 0.00008952
v -0.02786507 0.00511621 0.00006026
v -0.02086291 0.00114363 0.00005266
v -0.02329031 0.00734413 0.00007030
v -0.01642231 0.00605643 0.00006602
v -0.01613789 0.01128533 0.00009747
v -0.02167130 0.01121481 0.00009255
v -0.03055433 0.01629106 0.00011081
v -0.03644556 0.02228203 0.00011940
v -0.02903959 0.01974358 0.00012181
v -0.02846115 0.02192727 0.00014134
v -0.01781935 0.02020782 0.00013145
v -0.01906328 0.02258065 0.00015729
v -0.01192848 0.02226558 0.00014440
v -0.00233057 0.01958637 0.00012252
v -0.01033376 0.01695599 0.00011690
v -0.01863428 0.01599689 0.00011820
v -0.01184122 0.01299578 0.00010658
v -0.01004902 0.00709870 0.00006906
v -0.00532575 0.01370587 0.00010141
v -0.00412662 0.00727397 0.00007009
v 0.00529527 0.00552893 0.00005377
v 0.01079815 0.00890379 0.00006802
v 0.00400411 0.01026448 0.00008116
v 0.01388082 0.01302237 0.00009526
v 0.01595157 0.00820114 0.00006235
v 0.02445007 0.00605881 0.00005315
v 0.02846587 0.00332370 0.00004490
v 0.03731320 0.00629245 0.00007184
v 0.04271341 -0.00083008 0.00005845
v 0.04911098 -0.00709316 0.00004543
v 0.05338136 -0.01202338 0.00002549
v 0.05885595 -0.01085844 0.00002232
v 0.06664640 -0.01667677 0.00001940
v 0.06300059 -0.02044684 0.00003527
v 0.05399748 -0.02261062 0.00000562
v 0.05998353 -0.02266338 0.00001677
v 0.07063021 -0.02268292 0.00007985
v 0.06225996 -0.02378221 0.00004367
v 0.05420554 -0.02392300 0.00003414
v 0.06686370 -0.02391266 0.00007717
v 0.07080153 -0.01931475 0.00007317
v 0.07089767 -0.01656440 0.00006049
v 0.07075568 -0.01178758 0.00008004
v 0.06559430 -0.00871161 0.00003359
v 0.06716268 -0.00066270 0.00005554
v 0.06364153 -0.00280917 0.00003626
v 0.05814301 -0.00072534 0.00004355
v 0.05214858 -0.00177926 0.00005264
v 0.05294579 0.00624178 0.00007195
v 0.05756737 0.00405927 0.00005865
v 0.06444006 0.00645871 0.00006330
v 0.05869398 0.00969615 0.00008475
v 0.06510466 0.01328522 0.00010792
v 0.05914003 0.01583857 0.00011870
v 0.05499493 0.01421572 0.00011150
v 0.05203671 0.00997888 0.00009563
v 0.05053383 0.01474604 0.00013140
v 0.04790838 0.00964392 0.00010317
v 0.04290239 0.01464442 0.00012928
v 0.03977234 0.01093024 0.00010426
v 0.03009872 0.01377967 0.00011093
v 0.02831240 0.00961993 0.00007938
v 0.02108187 0.01083651 0.00008339
v 0.01968012 0.01649190 0.00011171
v 0.01232050 0.01737902 0.00011208
v 0.00339101 0.01471930 0.00010326
v 0.01167936 0.02038505 0.00012552
v 0.00093961 0.02207012 0.00014107
v 0.01067561 0.02256685 0.00014833
v 0.01722026 0.02214277 0.00014428
v 0.02263423 0.02017610 0.00012924
v 0.03149642 0.01840091 0.00013241
v 0.03216357 0.02206221 0.00015124
v 0.04457188 0.01867380 0.00014847
v 0.04865555 0.02214767 0.00017477
v 0.05359080 0.02215648 0.00014462
v 0.03999509 0.02419796 0.00019732
v 0.03163739 0.02384724 0.00018330
v 0.02128341 0.02416514 0.00019393
v 0.04928643 0.02419873 0.00021764
v 0.05750596 0.02417145 0.00019826
v 0.06172643 0.02233188 0.00016446
v 0.06495479 0.02414743 0.00021453
v 0.07090739 0.02202819 0.00020106
v 0.06411471 0.01907783 0.00014334
v 0.07098281 0.01830432 0.00016177
v 0.06814386 0.01446841 0.00013299
v 0.07085623 0.01313758 0.00015678
v 0.06770028 0.00661332 0.00007755
v 0.07067165 0.00757304 0.00011978
v 0.07061999 -0.00899927 0.00008853
v 0.07031424 0.02393901 0.00023739
v 0.00430862 0.02388362 0.00017495
v -0.00915951 0.02390917 0.00018214
v 0.04754077 0.00342883 0.00007280
v -0.02672596 0.02416200 0.00020370
v -0.03684876 0.02384155 0.00015968
v 0.07080725 0.00049400 0.00010554
v -0.03762676 -0.02380623 0.00007970
v -0.04688772 -0.02394888 0.00012588
v -0.05308971 -0.02376720 0.00010863
v -0.06186293 -0.02391717 0.00013930
v 0.00936985 -0.02381086 0.00004696
v -0.01275786 -0.02379718 0.00006827
v -0.02606365 -0.02377607 0.00008460
v 0.02900805 -0.02393959 0.00006233
v -0.07100552 0.00964388 0.00013849
v -0.07122782 -0.01091785 0.00014295
v -0.07258882 -0.01749733 0.00021121
v -0.07181165 -0.02372634 0.00024791
v -0.07243030 -0.00234875 0.00021852
v -0.07115936 -0.00021409 0.00014438
v -0.07237290 0.00928260 0.00021589
v 0.07261061 0.01808664 0.00020166
v 0.07250836 0.02197574 0.00023334
v 0.07314725 0.01863512 0.00022412
v 0.07261942 0.01332216 0.00021298
v 0.07304013 0.00967521 0.00024351
v 0.07248195 -0.02297763 0.00015622
v 0.07247549 -0.01748853 0.00011880
v 0.07228926 -0.00605077 0.00017471
v 0.07249346 0.00542703 0.00018787
v -0.07263442 0.01824563 0.00021655
v -0.07217257 0.02391154 0.00032094
v -0.07309854 0.02080665 0.00028687
v 0.07290200 0.02388616 0.00031530
v -0.07311965 0.01741251 0.00024656
v -0.00019245 0.02419709 0.00019866
v 0.07076476 -0.02396688 0.00016613
v 0.07333623 0.02296976 0.00031987
v -0.07323498 -0.02206334 0.00033228
v -0.07313707 0.00963832 0.00027580
v -0.07307894 -0.01127996 0.00026672
v -0.07308374 -0.01671246 0.00025878
v -0.07312486 -0.00365454 0.00028045
v -0.07313585 0.00659037 0.00028514
v -0.07336184 0.02372370 0.00040922
v 0.07325726 -0.02276559 0.00022230
v 0.07303318 0.00141092 0.00023250
v 0.07302345 -0.00464713 0.00024001
v 0.07306102 -0.01051666 0.00022356
v 0.07303207 -0.01690854 0.00017797
v -0.07322992 -0.02374197 0.00037396
v -0.07029973 0.02425284 0.00031879
v 0.07313094 -0.02389479 0.00026946
v -0.03051793 -0.02398071 0.00011481
v 0.01131073 -0.02398370 0.00006870
v -0.00972659 -0.02399394 0.00008916
v 0.07243407 0.02424926 0.00035483
v -0.07544738 0.00607008 0.00063780
v -0.07542009 -0.00334318 0.00062839
v -0.07402981 -0.00984282 0.00042890
v -0.07550116 -0.01310873 0.00067391
v -0.07435435 -0.01770554 0.00048921
v -0.07540607 -0.01868342 0.00065749
v -0.07531285 -0.02274672 0.00067980
v -0.07539286 0.01909537 0.00064735
v -0.07423576 0.01773744 0.00045153
v -0.07540673 0.01257310 0.00064168
v -0.07529934 0.02292688 0.00070234
v 0.07410442 -0.02314828 0.00036809
v 0.07516812 0.02420161 0.00069107
v 0.07532225 0.02314336 0.00066100
v 0.07404231 0.01120866 0.00042817
v 0.07428227 0.01936305 0.00045436
v 0.07541976 0.00641512 0.00063642
v 0.07534923 0.01169670 0.00065343
v 0.07538959 0.01634547 0.00066355
v 0.07545479 0.01942176 0.00066587
v 0.07544743 -0.01299828 0.00065689
v 0.07541809 -0.01863473 0.00063967
v 0.07529872 -0.00744895 0.00062349
v 0.07529886 -0.00028514 0.00060948
v 0.07492945 -0.02125132 0.00054744
v -0.06599267 0.02424750 0.00026086
v 0.06981574 0.02426962 0.00028540
v 0.06513089 0.02425711 0.00025796
v -0.07536608 0.02411835 0.00079991
v 0.07578320 -0.00159860 0.00073140
v -0.07613409 -0.02390071 0.00096409
v -0.07633232 0.02364144 0.00097518
v -0.07288115 0.02421914 0.00046012
v 0.07580938 -0.02299590 0.00077016
v 0.07627327 0.00537199 0.00086982
v 0.07494104 -0.02384088 0.00062508
v -0.07624112 -0.02270729 0.00092361
v -0.07594145 -0.00391799 0.00077105
v 0.07616885 0.02314476 0.00090329
v -0.07625314 0.00736150 0.00087574
v -0.07684428 0.01916552 0.00108949
v -0.07709628 0.01270253 0.00116593
v 0.07644909 0.02420374 0.00105227
v 0.07733060 0.00396520 0.00119030
v 0.07733940 0.01122233 0.00123669
v 0.07715934 0.01891505 0.00119775
v 0.07716250 -0.01315879 0.00120166
v 0.07732759 -0.00691774 0.00121614
v 0.07729169 -0.01616391 0.00125657
v 0.07725782 -0.02297571 0.00128990
v -0.07722185 -0.00027082 0.00117926
v -0.07714855 -0.01370929 0.00121283
v -0.07731793 -0.00640624 0.00122746
v -0.07659493 0.02418613 0.00114940
v -0.07719275 0.02321114 0.00125871
v 0.07719383 0.02306158 0.00125668
v -0.07720502 -0.02280454 0.00126093
v -0.07760517 0.01862451 0.00137657
v -0.07760070 0.01213858 0.00136494
v -0.07763764 -0.01507334 0.00141758
v 0.07781281 0.02070360 0.00148124
v -0.07760005 0.00025566 0.00133891
v 0.07787997 0.02419788 0.00166624
v -0.07834501 0.01778510 0.00170454
v -0.07832879 0.01094692 0.00169809
v -0.07818364 -0.00384376 0.00161202
v 0.07844228 0.01789809 0.00175378
v -0.07825506 -0.01719658 0.00171169
v -0.07830573 -0.01184855 0.00171948
v -0.07846061 0.02215647 0.00182652
v -0.07797113 0.02416137 0.00175150
v 0.07856578 0.00981290 0.00180929
v 0.07834619 -0.01431172 0.00174927
v 0.07828594 -0.02272332 0.00178434
v 0.07843415 -0.00666517 0.00173554
v 0.07843649 0.00299352 0.00171322
v 0.07853477 0.02285285 0.00189347
v -0.07833339 -0.02264723 0.00180322
v -0.07833388 -0.02369361 0.00187352
v -0.07856648 0.02365411 0.00197069
v -0.01753934 0.02426746 0.00026028
v -0.07867885 -0.00259209 0.00187649
v 0.07841767 -0.02357119 0.00196556
v 0.03288990 0.02428029 0.00024962
v -0.07921270 0.01682540 0.00220413
v -0.07886552 0.00886378 0.00200562
v 0.07893489 0.02409286 0.00225225
v 0.07886001 0.01750286 0.00199458
v -0.07921838 -0.01120417 0.00226202
v -0.07920020 -0.01622098 0.00226263
v 0.07921805 -0.01920622 0.00231097
v 0.07894597 -0.01111060 0.00208675
v 0.05105162 0.02426834 0.00025909
v -0.07914688 -0.02227609 0.00234085
v 0.07885040 0.00190630 0.00196634
v -0.07929636 0.02048035 0.00231401
v -0.07918605 0.02411085 0.00243144
v -0.07930992 -0.00298707 0.00228031
v -0.07937952 0.00657380 0.00234007
v 0.07945464 0.02346618 0.00252606
v 0.07932751 0.01763436 0.00230322
v 0.02715043 0.02433408 0.00029653
v -0.07954636 0.02326952 0.00258959
v 0.05071810 0.02433624 0.00030431
v 0.07929468 -0.01084244 0.00232157
v 0.07931873 0.00213292 0.00229074
v 0.07944094 0.01036206 0.00240394
v 0.07917812 -0.02299853 0.00242480
v -0.07900945 -0.02393879 0.00239316
v 0.07988899 0.02411828 0.00297904
v -0.07972907 0.01594371 0.00262613
v -0.07972442 0.02027857 0.00266448
v 0.07970431 -0.02378126 0.00305342
v -0.07978263 -0.01105702 0.00275155
v -0.07976637 -0.01642779 0.00276975
v 0.07959037 -0.01033240 0.00258240
v 0.07967083 -0.02091833 0.00277987
v 0.07979843 -0.02311252 0.00300411
v -0.01913369 -0.02406801 0.00018549
v 0.08035928 0.02409503 0.00341337
v -0.08044866 0.02296300 0.00342175
v -0.08035837 0.01620123 0.00326879
v -0.07465786 0.02426506 0.00081958
v 0.07387836 0.02433888 0.00066790
v -0.07803012 0.02430922 0.00211732
v 0.08300228 0.00332620 0.02231718
v 0.08299053 -0.00945370 0.02136939
v 0.08298206 -0.00297661 0.01924038
v 0.08301653 -0.00825695 0.02930412
v 0.08300113 -0.01351666 0.02403366
v 0.08300797 0.00022239 0.02516706
v 0.08296393 -0.01693103 0.01791149
v 0.08296399 -0.01107276 0.01701478
v 0.08292987 -0.01363133 0.01251993
v 0.08299690 -0.01944441 0.02496427
v 0.08296770 -0.02330857 0.02085772
v 0.08294021 -0.02071596 0.01702291
v 0.08288959 -0.02334823 0.01318290
v 0.08292344 -0.01829856 0.01292073
v 0.08295846 -0.00664164 0.01547091
v 0.08295657 0.00222573 0.01447206
v 0.08294073 -0.00137698 0.01224396
v 0.08297658 0.00647935 0.01803673
v 0.08296461 0.01071294 0.01525164
v 0.08299360 0.01326821 0.01997529
v 0.08296122 0.01741548 0.01441289
v 0.08297757 0.02048916 0.01812380
v 0.08301350 0.01993750 0.02295712
v 0.08303168 0.02061430 0.02836414
v 0.08301920 0.01527481 0.02433224
v 0.08305090 0.02327659 0.03855611
v 0.08304327 0.02097866 0.04053655
v 0.08304268 0.02393163 0.03657958
v 0.08303110 0.02392804 0.02893543
v 0.08300684 0.02302084 0.02108946
v 0.08294135 0.02299725 0.01305099
v 0.08293638 0.01650583 0.01064002
v 0.08289028 0.02394411 0.01073872
v 0.08291148 0.01729596 0.00979839
v 0.08292346 0.00696746 0.01051951
v 0.08289351 0.00647775 0.00983617
v 0.08292021 -0.00549866 0.01042042
v 0.08289467 -0.00536988 0.00984354
v 0.08289787 -0.01728865 0.01041385
v 0.08286989 -0.01697333 0.00983160
v 0.08283139 -0.02115837 0.01011979
v 0.08301499 0.00819523 0.02575723
v 0.08298177 0.00274780 0.01895506
v 0.08303542 0.01753738 0.03243560
v 0.08304477 0.01722236 0.04325608
v 0.08302948 0.01185469 0.03196375
v 0.08303483 0.01102895 0.03772784
v 0.08302269 0.00195331 0.03347815
v 0.08301800 0.00258890 0.02900672
v 0.08302134 -0.01091438 0.03324276
v 0.08302683 -0.00131734 0.03752773
v 0.08302886 0.00511317 0.03884182
v 0.08303628 0.00060687 0.04403831
v 0.08304302 0.01001901 0.04462928
v 0.08303832 0.00678860 0.04827244
v 0.08304711 0.01700526 0.04878878
v 0.08304158 0.02330598 0.04895700
v 0.08303310 0.01999023 0.05046136
v 0.08302782 0.00812948 0.05047286
v 0.08302864 -0.00303148 0.05041885
v 0.08303775 -0.00461536 0.04842407
v 0.08304351 -0.01198111 0.05020357
v 0.08303979 -0.00765560 0.04552907
v 0.08303260 -0.00887322 0.03994930
v 0.08304683 -0.01281180 0.04508764
v 0.08303159 -0.01754035 0.03980288
v 0.08301602 -0.01662920 0.03281316
v 0.08301298 -0.02078756 0.03322261
v 0.08299989 -0.02329267 0.03075080
v 0.08301722 -0.02333396 0.03734174
v 0.08302726 -0.02107123 0.04012344
v 0.08303596 -0.02197632 0.04900427
v 0.08304711 -0.01790667 0.04560899
v 0.08303255 -0.01875076 0.05046477
v 0.08281102 -0.02337176 0.01018381
v 0.08297729 0.02393755 0.01948507
v 0.08302779 0.02391652 0.04103870
v 0.08302249 0.02393026 0.04893951
v 0.08300796 -0.02333293 0.04983114
v 0.08300932 -0.02001514 0.05095179
v 0.08301847 0.01888587 0.05097815
v 0.08300997 -0.00757056 0.05098482
v 0.08300281 0.00250616 0.05095973
v 0.08298875 0.02387075 0.05074731
v 0.08281843 0.02395537 0.00940904
v 0.08292361 -0.02329931 0.05110865
v 0.08267897 -0.02334419 0.00892398
v 0.08296032 0.01567651 0.05149599
v 0.08291851 0.02325312 0.05145826
v 0.08268894 -0.02168721 0.00896393
v 0.08278301 -0.01664143 0.00916361
v 0.08279991 0.00124824 0.00911480
v 0.08280089 -0.00757792 0.00916230
v 0.08281456 0.01011041 0.00917563
v 0.08282582 0.01655042 0.00916716
v 0.08279995 0.02073786 0.00911352
v 0.08295244 -0.00671802 0.05145107
v 0.08294039 0.00188594 0.05145737
v 0.08292136 -0.02082007 0.05155056
v 0.08262552 0.02391429 0.00809267
v 0.08279745 -0.02379668 0.01219974
v 0.08263602 0.02428513 0.00832650
v 0.08243896 0.00515208 0.00709308
v 0.08241092 0.01173659 0.00705485
v 0.08241189 0.01689612 0.00702541
v 0.08244325 -0.00504131 0.00716822
v 0.08242387 -0.01102415 0.00726458
v 0.08240655 -0.01757811 0.00724397
v 0.08249915 -0.02192928 0.00792011
v 0.08284349 -0.01374949 0.05203731
v 0.08277234 0.02392491 0.05204486
v 0.08287615 -0.02377272 0.02171999
v 0.08266266 -0.02389789 0.00961484
v 0.08283474 0.00036544 0.05202567
v 0.08286066 0.01462902 0.05200015
v 0.08275045 0.02322385 0.05230733
v 0.08235909 -0.02363588 0.00743602
v 0.08272560 -0.02327027 0.05210493
v 0.08280955 0.02433445 0.01092198
v 0.08240988 0.02262281 0.00710591
v 0.08291873 0.02432880 0.02484636
v 0.08271158 0.01588769 0.05260234
v 0.08268277 0.00014938 0.05264744
v 0.08269595 -0.01439539 0.05265247
v 0.08257423 -0.02121382 0.05294135
v 0.08288416 -0.02375162 0.03136003
v 0.08291464 -0.02375337 0.03741458
v 0.08229229 0.02419860 0.00686986
v 0.08285587 -0.02374219 0.05041977
v 0.08248641 0.02243881 0.05327415
v 0.08248074 0.01805739 0.05337478
v 0.08219761 -0.01939721 0.00664275
v 0.08211621 -0.02331306 0.00663066
v 0.08220480 -0.01193529 0.00657891
v 0.08223557 -0.00709299 0.00654961
v 0.08247587 0.00144152 0.05334320
v 0.08248081 0.01182277 0.05334290
v 0.08248499 -0.01454632 0.05334463
v 0.08237635 -0.01947497 0.05357444
v 0.08225078 0.00276368 0.00655023
v 0.08228663 -0.02259800 0.05364538
v 0.08285588 0.02431382 0.05050934
v 0.08220385 0.02007930 0.00643255
v 0.08225907 0.01370538 0.00659476
v 0.08227255 0.02306942 0.05384420
v 0.08229444 0.02392344 0.05357719
v 0.08289420 0.02430948 0.03131446
v 0.08225677 -0.02329480 0.05356974
v 0.08200011 0.02376654 0.00598371
v 0.08243671 0.02426893 0.05295439
v 0.08238856 -0.02369744 0.05288964
v 0.08202079 0.00604596 0.00600509
v 0.08227310 0.01832101 0.05390666
v 0.08219917 -0.01500681 0.05407146
v 0.08223578 -0.00543272 0.05394759
v 0.08224419 0.00804900 0.05392215
v 0.08287110 0.02430685 0.04062879
v 0.08167683 -0.02316919 0.00557923
v 0.08197616 -0.02385905 0.00655065
v 0.08161078 0.00086687 0.00513643
v 0.08160557 -0.00726726 0.00515723
v 0.08161045 -0.01648022 0.00530020
v 0.08161342 -0.02047136 0.00541531
v 0.08162270 0.01727378 0.00514121
v 0.08155920 0.02373368 0.00502613
v 0.08174367 -0.02253209 0.05487834
v 0.08178580 -0.01843539 0.05489803
v 0.08170258 0.02394035 0.05495540
v 0.08175592 0.02417242 0.00558114
v 0.08177368 0.02306582 0.05496866
v 0.08179561 0.01890086 0.05492543
v 0.08177020 -0.00771602 0.05493179
v 0.08177745 0.00131944 0.05490779
v 0.08177244 0.00775168 0.05491307
v 0.08164646 -0.02357949 0.05486635
v 0.08149321 -0.02382293 0.00545555
v 0.08111732 -0.01725073 0.00436591
v 0.08113223 -0.01190998 0.00435753
v 0.08134301 -0.00190725 0.00463985
v 0.08137550 0.01511545 0.00468680
v 0.08110090 -0.02166460 0.00451149
v 0.08157198 0.02422993 0.05501115
v 0.08129884 -0.01570251 0.05575246
v 0.08108459 -0.00690346 0.00424213
v 0.08099067 -0.02358091 0.00450470
v 0.08108465 0.00490285 0.00421343
v 0.08108966 0.01296448 0.00422879
v 0.08109069 0.01941811 0.00424297
v 0.08103020 0.02406809 0.00423442
v 0.08123464 0.02210646 0.05585273
v 0.08121524 0.00579365 0.05579898
v 0.08109387 -0.00052991 0.05600057
v 0.08122353 -0.00731467 0.05581600
v 0.08107515 -0.02246561 0.05597873
v 0.08098814 -0.02333865 0.05598065
v 0.08218163 0.02430518 0.05338519
v 0.08101848 0.02298902 0.05615948
v 0.08092757 0.02402204 0.05613473
v 0.08101454 -0.01615015 0.05616638
v 0.08089523 0.01192049 0.05629071
v 0.08093558 -0.00729772 0.05621487
v 0.08090612 0.00684819 0.05623257
v 0.08038683 -0.02359676 0.00369212
v 0.08045129 -0.02093287 0.00364613
v 0.08041317 0.01729779 0.00337528
v 0.08041004 -0.02232381 0.05683310
v 0.08062337 0.00411403 0.00363469
v 0.08055931 -0.00275586 0.00359085
v 0.08030200 -0.01603420 0.00334916
v 0.08031047 -0.01107568 0.00334379
v 0.08030044 0.01062277 0.00326920
v 0.08117586 -0.02371813 0.05547152
v 0.08031418 0.02373840 0.05693106
v 0.08043928 0.02198724 0.05686706
v 0.08046163 -0.01504986 0.05685068
v 0.08032770 0.01253125 0.05695853
v 0.08030300 0.00691891 0.05692709
v 0.08022106 0.00163485 0.00318440
v 0.08017838 0.01928825 0.00313961
v 0.07983060 -0.02317469 0.05739589
v 0.08175010 -0.02389852 0.05402359
v 0.08033261 0.02417810 0.05677629
v 0.07963415 0.00091879 0.00257002
v 0.07931685 -0.01630144 0.00234206
v 0.07961581 0.01759093 0.00254855
v 0.08192690 0.02436280 0.00638067
v 0.08272473 0.02442035 0.01429890
v 0.08078530 0.02433912 0.00445360
v 0.08274298 0.02440291 0.03146594
v 0.08269079 0.02440315 0.04192677
v 0.07982746 0.02437938 0.05686096
v -0.08300755 -0.00346636 0.02543085
v -0.08301963 0.00656695 0.02632566
v -0.08300962 0.00520172 0.02249405
v -0.08302090 0.01274972 0.02480473
v -0.08298604 0.01232077 0.01788939
v -0.08299624 0.01733523 0.02063964
v -0.08301955 0.01879382 0.02669868
v -0.08302827 0.01417202 0.02829338
v -0.08302910 0.01616356 0.03489915
v -0.08296903 0.02307456 0.01735424
v -0.08295889 0.01951599 0.01432574
v -0.08294710 0.02317594 0.01267123
v -0.08300647 0.02332783 0.02098161
v -0.08304216 0.02315005 0.02957887
v -0.08302564 0.00869307 0.03127365
v -0.08301762 0.00133225 0.03117018
v -0.08300689 -0.00717431 0.02948494
v -0.08300275 -0.01283964 0.02638229
v -0.08300252 -0.01574678 0.02997439
v -0.08299905 -0.01950984 0.02654150
v -0.08300953 -0.01014118 0.03633301
v -0.08300398 -0.01766517 0.03476265
v -0.08300744 -0.02093068 0.03533960
v -0.08299261 -0.00744912 0.02152710
v -0.08298921 0.00154916 0.01937063
v -0.08293078 0.02061174 0.01154656
v -0.08289786 0.02389754 0.01029524
v -0.08288729 0.02158213 0.00986851
v -0.08292559 0.01682820 0.00973158
v -0.08297122 0.00606351 0.01611704
v -0.08295432 0.01240976 0.01268715
v -0.08295514 0.00122875 0.01331961
v -0.08296870 -0.00801183 0.01722379
v -0.08294458 -0.01003585 0.01294269
v -0.08297475 -0.01399483 0.01916480
v -0.08294173 -0.01863908 0.01405602
v -0.08295978 -0.01911057 0.01817326
v -0.08298797 -0.01781139 0.02274612
v -0.08301023 -0.01723319 0.04108998
v -0.08301821 -0.02332790 0.04883748
v -0.08301455 -0.02154084 0.04752115
v -0.08300238 -0.02330412 0.04317425
v -0.08301790 -0.01544112 0.04958049
v -0.08302411 -0.01610607 0.04586077
v -0.08301487 -0.00802074 0.04947699
v -0.08299381 -0.02168519 0.04939372
v -0.08301661 -0.00999517 0.04365106
v -0.08302099 -0.00206240 0.04189954
v -0.08302469 0.00147854 0.04583484
v -0.08301505 -0.00413683 0.04963088
v -0.08301177 0.00636905 0.04955870
v -0.08303368 0.01030124 0.04722899
v -0.08303437 0.01168780 0.04262437
v -0.08303369 0.01410991 0.04939028
v -0.08301390 -0.00377775 0.03450622
v -0.08302638 0.00675362 0.03818472
v -0.08303328 0.01638170 0.04242123
v -0.08302650 0.02134763 0.04719052
v -0.08300156 0.02174565 0.04953521
v -0.08303431 0.02330609 0.04808604
v -0.08302668 0.02006732 0.04027783
v -0.08303171 0.02107408 0.03273247
v -0.08305090 0.02331850 0.03815389
v -0.08302467 -0.02334430 0.03766084
v -0.08301880 -0.02331511 0.02846953
v -0.08297841 -0.02328353 0.02026370
v -0.08292356 -0.02110431 0.01280299
v -0.08291572 -0.02329665 0.01255044
v -0.08288816 -0.01737540 0.00973822
v -0.08286018 -0.02319715 0.01025016
v -0.08291011 -0.00951667 0.00980857
v -0.08292902 -0.00220794 0.00977364
v -0.08291925 0.00251794 0.00975705
v -0.08300704 0.02392721 0.02374553
v -0.08294640 0.02391945 0.01788010
v -0.08303128 0.02392309 0.03696776
v -0.08297924 0.02339628 0.05048756
v -0.08300702 0.02391018 0.04956774
v -0.08294690 -0.01973997 0.05072819
v -0.08293011 -0.02334100 0.05063950
v -0.08298497 -0.02381306 0.02692804
v -0.08300059 0.02388659 0.04313955
v -0.08286335 -0.02381511 0.01156095
v -0.08297561 -0.00204321 0.05031373
v -0.08295763 -0.01062369 0.05069491
v -0.08299033 0.01319673 0.05032185
v -0.08293588 0.02160564 0.05074336
v -0.08282036 0.02385943 0.00909630
v -0.08292325 -0.00220876 0.05096052
v -0.08293643 0.01205501 0.05096767
v -0.08286491 -0.00550501 0.00910346
v -0.08298457 -0.02379751 0.03719909
v -0.08294592 -0.02379255 0.04231950
v -0.08281901 0.02044142 0.00902154
v -0.08286156 0.00182916 0.00912859
v -0.08287416 0.01683126 0.00914416
v -0.08283253 -0.01607499 0.00905588
v -0.08283304 -0.00996609 0.00903852
v -0.08275514 -0.02370217 0.00914870
v -0.08289573 -0.02380266 0.05045249
v -0.08296060 -0.02379191 0.04813124
v -0.08285452 0.02386866 0.05152518
v -0.08282263 0.02170378 0.05168851
v -0.08286612 0.01137689 0.05155899
v -0.08281855 0.00614146 0.05173295
v -0.08282486 -0.01058752 0.05177549
v -0.08285273 -0.00349305 0.05152922
v -0.08276957 -0.02329508 0.05178457
v -0.08281153 -0.01980017 0.05178019
v -0.08268301 0.02386227 0.00813885
v -0.08264532 -0.02310994 0.00840763
v -0.08275172 -0.00035692 0.05207270
v -0.08276248 0.01433628 0.05210843
v -0.08265305 0.00847605 0.00800323
v -0.08270403 0.01677479 0.00824071
v -0.08250484 0.01992525 0.00737915
v -0.08249854 -0.00047904 0.00727958
v -0.08250690 -0.00569305 0.00729036
v -0.08247793 -0.01053930 0.00732512
v -0.08247418 -0.02168813 0.00751664
v -0.08247112 0.00532435 0.00714432
v -0.08245321 0.01408165 0.00712544
v -0.08266525 0.02423844 0.00844855
v -0.08275047 -0.02400790 0.01028043
v -0.08238316 -0.02396698 0.00754405
v -0.08254892 0.02332459 0.05284842
v -0.08256797 0.01631525 0.05287692
v -0.08263867 0.02391390 0.05243587
v -0.08250511 -0.01482989 0.05309699
v -0.08248720 -0.00718071 0.05312030
v -0.08255013 -0.00156717 0.05289611
v -0.08253596 0.00635449 0.05291162
v -0.08234352 0.02382330 0.00675511
v -0.08268962 -0.02378370 0.05173171
v -0.08244991 -0.02166220 0.05316151
v -0.08219150 -0.02376529 0.00678100
v -0.08227474 0.01427947 0.00653051
v -0.08279596 0.02427001 0.01089104
v -0.08228388 0.00140869 0.00654637
v -0.08231942 0.02422206 0.00691591
v -0.08220798 -0.02112850 0.00662369
v -0.08228077 -0.00630271 0.00655978
v -0.08216298 -0.02317724 0.05382748
v -0.08241929 0.00590282 0.05328907
v -0.08242407 0.01701093 0.05333403
v -0.08226492 0.02338873 0.05373215
v -0.08285063 0.02427491 0.02066774
v -0.08229157 -0.02375636 0.05319070
v -0.08205054 0.01275026 0.00590629
v -0.08204635 0.02380065 0.00593388
v -0.08217843 -0.01882545 0.05395969
v -0.08218201 -0.00653074 0.05394392
v -0.08216780 0.00581839 0.05394845
v -0.08219379 0.01753638 0.05392972
v -0.08195047 -0.02221802 0.00601627
v -0.08201671 -0.00714647 0.00587317
v -0.08204213 0.00162213 0.00590519
v -0.08287352 0.02426376 0.03107507
v -0.08199724 0.02388418 0.05422359
v -0.08162874 -0.02386386 0.00545479
v -0.08162382 -0.01748740 0.00516032
v -0.08182085 0.02413964 0.00554531
v -0.08261618 0.02425061 0.05195355
v -0.08168844 0.02295011 0.00513842
v -0.08165604 0.00125536 0.00505373
v -0.08167511 -0.00561335 0.00510653
v -0.08165807 0.00722521 0.00506235
v -0.08168419 0.01488957 0.00508579
v -0.08170515 -0.02243912 0.05488395
v -0.08175097 -0.01599288 0.05490364
v -0.08174808 -0.00678068 0.05488659
v -0.08175193 0.00474688 0.05484588
v -0.08172292 0.01418909 0.05492236
v -0.08175045 0.01862655 0.05489869
v -0.08176766 0.02319596 0.05484814
v -0.08149041 0.02368863 0.00480996
v -0.08159541 -0.02364685 0.05487538
v -0.08283710 -0.02400094 0.02042188
v -0.08158716 0.02413842 0.05496025
v -0.08132150 -0.01611062 0.00462501
v -0.08142217 0.01445983 0.00464023
v -0.08139056 0.00464446 0.00461585
v -0.08116458 -0.00675122 0.00428489
v -0.08113652 -0.02199903 0.00454415
v -0.08103462 -0.02065575 0.05603094
v -0.08132895 -0.01217893 0.05558886
v -0.08127047 -0.00216168 0.05565616
v -0.08132653 0.00467917 0.05554061
v -0.08099207 -0.01556465 0.05613286
v -0.08092603 -0.02315252 0.05606500
v -0.08103089 0.02213251 0.05604710
v -0.08098784 0.01761270 0.05612134
v -0.08096618 0.01228274 0.05609953
v -0.08095764 -0.00297470 0.05611446
v -0.08094208 0.02382471 0.05607668
v -0.08112201 0.02403626 0.00433221
v -0.08110256 0.01560646 0.00416749
v -0.08104897 0.02311613 0.00414486
v -0.08110692 0.00684689 0.00420180
v -0.08106037 0.00141662 0.00412527
v -0.08109448 -0.02390099 0.00465506
v -0.08106095 -0.01597501 0.00423566
v -0.08285501 -0.02397931 0.03806266
v -0.08285788 -0.02398593 0.02980018
v -0.08071074 -0.02377042 0.05610034
v -0.08048555 -0.02223275 0.00370987
v -0.08051982 -0.01762994 0.00361311
v -0.08073449 0.00791727 0.00373286
v -0.08041118 0.02318398 0.05678327
v -0.08051320 -0.02101004 0.05667528
v -0.08035578 0.00126153 0.00328136
v -0.08042865 -0.01016376 0.00343242
v -0.08061547 0.01818077 0.05658659
v -0.08061828 0.00479969 0.05651392
v -0.08054227 -0.00707626 0.05664296
v -0.08056109 -0.01410992 0.05666828
v -0.08106422 0.02421556 0.05565053
v -0.08023812 -0.02335006 0.05685817
v -0.08041465 0.02407354 0.00349768
v -0.07980248 -0.02234345 0.00293549
v -0.08004028 0.00640552 0.00295703
v -0.08028217 0.02413106 0.05677915
v -0.07972212 -0.00052113 0.00262628
v -0.08013910 -0.00051750 0.05704772
v -0.08017996 0.01101161 0.05701206
v -0.07974293 0.01890567 0.05750074
v -0.07965944 -0.01975510 0.05757740
v -0.07967886 0.00867534 0.05750345
v -0.08152478 0.02432928 0.05441577
v -0.07981389 0.02411712 0.00292115
v 0.01389358 -0.02375665 0.01596166
v 0.01925835 -0.02375603 0.01596969
v 0.02026884 -0.02300106 0.01608505
v 0.02068980 -0.02328636 0.01606937
v 0.01248595 -0.02325980 0.01606896
v 0.00987575 -0.02386687 0.01605315
v 0.00946202 -0.02347718 0.01610105
v 0.00926564 -0.02412377 0.01607364
v 0.02164693 -0.02410887 0.01606642
v 0.01326937 -0.02403828 0.01583014
v 0.01758983 -0.02404101 0.01580590
v 0.02122847 -0.02411692 0.01590836
v 0.00982170 -0.02410761 0.01590526
v -0.00879290 -0.02376460 0.03215331
v -0.00894937 -0.02325307 0.03103047
v -0.00872314 -0.02372617 0.02682591
v -0.00891405 -0.02327296 0.02695928
v -0.00878083 -0.02376818 0.04008204
v -0.00872737 -0.02404178 0.04421331
v -0.00868280 -0.02403102 0.04622462
v -0.00876188 -0.02378455 0.02036050
v -0.00896926 -0.02326415 0.02079387
v -0.00891742 -0.02328305 0.01717447
v -0.00868774 -0.02417973 0.01699761
v -0.00868560 -0.02409090 0.02016130
v -0.00899309 -0.02340516 0.01638119
v -0.00882280 -0.02386992 0.04633671
v -0.00882908 -0.02403437 0.04684306
v -0.00925206 -0.02304518 0.04544564
v -0.05230390 -0.02375323 0.01888938
v -0.05214480 -0.02291582 0.01823513
v -0.05240741 -0.02389023 0.01702608
v -0.05223637 -0.02295928 0.01690329
v -0.05214175 -0.02338940 0.02725251
v -0.05232757 -0.02412226 0.01623731
v -0.05220354 -0.02295958 0.01642173
v -0.05258547 -0.02408270 0.01736552
v -0.05211829 -0.02343130 0.01600340
v -0.05234986 -0.02382878 0.04370965
v -0.05234089 -0.02371868 0.04086566
v -0.05222420 -0.02323989 0.04196750
v -0.05235009 -0.02373800 0.03788045
v -0.05217035 -0.02295281 0.04441994
v -0.05237752 -0.02385063 0.04576992
v -0.05231069 -0.02375369 0.03421004
v -0.05198711 -0.02297938 0.03358715
v -0.05229428 -0.02373448 0.03019390
v -0.05195421 -0.02296898 0.03106080
v -0.05199030 -0.02295218 0.02970210
v -0.05190999 -0.02297034 0.02739756
v -0.05212698 -0.02345086 0.04599700
v -0.05272321 -0.02406345 0.04638150
v -0.05271739 -0.02392550 0.04071181
v -0.04346575 -0.02333574 0.01606187
v -0.04348199 -0.02379710 0.01602814
v -0.04067080 -0.02382741 0.01613182
v -0.04069471 -0.02338812 0.01616148
v -0.03946009 -0.02352153 0.01623269
v -0.04851680 -0.02381985 0.01599073
v -0.04907820 -0.02331713 0.01601832
v -0.05210491 -0.02385101 0.01599786
v -0.04030063 -0.02412023 0.01616427
v -0.03857294 -0.02415537 0.01621631
v -0.05092349 -0.02338715 0.01605215
v -0.04447092 -0.02406292 0.01588211
v -0.04070619 -0.02410616 0.01595289
v -0.03831163 -0.02342549 0.01648764
v -0.05176283 -0.02305125 0.01630534
v -0.04858138 -0.02302962 0.01637126
v -0.03817105 -0.02387430 0.01649066
v -0.04078522 -0.02314453 0.01647587
v 0.02236854 -0.02378963 0.03108198
v 0.02219082 -0.02327753 0.03021232
v 0.02242023 -0.02378626 0.02767758
v 0.02221730 -0.02336621 0.03175191
v 0.02243010 -0.02385361 0.03406804
v 0.02216665 -0.02327435 0.02504193
v 0.02219761 -0.02334715 0.03481464
v 0.02236609 -0.02382081 0.03991069
v 0.02215344 -0.02331858 0.04045707
v 0.02211728 -0.02334639 0.04315172
v 0.02243001 -0.02380156 0.02163099
v 0.02247936 -0.02384699 0.01883795
v 0.02242790 -0.02418528 0.04140487
v 0.02215269 -0.02332612 0.04495151
v 0.02244250 -0.02416378 0.04589898
v 0.02215205 -0.02344942 0.04597053
v 0.02229548 -0.02391263 0.04632028
v 0.02246710 -0.02411995 0.03609193
v 0.02250739 -0.02406917 0.01985976
v 0.02244761 -0.02416494 0.03056391
v 0.02251787 -0.02416655 0.01926022
v 0.02256550 -0.02419635 0.01777766
v 0.02245566 -0.02353198 0.01850413
v 0.02255956 -0.02390815 0.01753961
v 0.02255359 -0.02350033 0.01655764
v 0.02260269 -0.02386651 0.01645529
v 0.02284749 -0.02417605 0.01742464
v 0.02226842 -0.02382605 0.01609419
v -0.01527974 -0.02331894 0.01608255
v -0.01621960 -0.02377087 0.01606068
v -0.01343918 -0.02379533 0.01610801
v -0.01156454 -0.02334571 0.01615070
v -0.01304686 -0.02406659 0.01613884
v -0.01007824 -0.02347662 0.01616305
v -0.00980759 -0.02382614 0.01617760
v -0.01883065 -0.02333272 0.01609980
v -0.02130922 -0.02386462 0.01605615
v -0.02192159 -0.02415060 0.01610527
v -0.01738680 -0.02408175 0.01589541
v -0.02130756 -0.02414303 0.01591807
v -0.01338333 -0.02408994 0.01594195
v -0.02121555 -0.02317918 0.01629958
v -0.02193993 -0.02336291 0.01626331
v 0.04788843 -0.02377632 0.01583497
v 0.04372690 -0.02378693 0.01582684
v 0.05245349 -0.02378339 0.01596880
v 0.05128685 -0.02407302 0.01583437
v 0.05277177 -0.02405903 0.01585325
v 0.03990873 -0.02409429 0.01583370
v 0.04002688 -0.02384429 0.01592414
v 0.04656357 -0.02333406 0.01588922
v 0.04219455 -0.02335083 0.01590383
v 0.04984249 -0.02334742 0.01593551
v 0.05225255 -0.02345874 0.01599977
v 0.04232008 -0.02312773 0.01628919
v 0.04466945 -0.02311232 0.01632066
v -0.02202615 -0.02334407 0.01852181
v -0.02227978 -0.02384914 0.01642161
v -0.02209453 -0.02399851 0.04195876
v -0.02208038 -0.02380499 0.04062560
v -0.02195690 -0.02336943 0.04027651
v -0.02197985 -0.02365745 0.04361181
v -0.02209081 -0.02399141 0.04372974
v -0.02211299 -0.02376359 0.03841772
v -0.02204028 -0.02342706 0.03363791
v -0.02211208 -0.02380588 0.04481805
v -0.02220560 -0.02377876 0.03458107
v -0.02223421 -0.02381545 0.03068988
v -0.02201397 -0.02333192 0.02654273
v -0.02183001 -0.02330614 0.04434655
v -0.02175849 -0.02322995 0.04122573
v -0.02200332 -0.02354925 0.04599533
v -0.02244322 -0.02413656 0.02965041
v -0.02216546 -0.02372078 0.02209981
v -0.02215205 -0.02366061 0.01907797
v -0.02242257 -0.02409397 0.03595132
v -0.02245817 -0.02413036 0.04573547
v -0.02232366 -0.02413167 0.04423190
v -0.02264087 -0.02411504 0.04635146
v -0.02530782 0.02361434 0.01794101
v -0.02450464 0.02372258 0.01813836
v 0.02234892 -0.02325412 0.01694027
v 0.02190731 -0.02312971 0.01641255
v 0.02223625 -0.02339597 0.01610091
v 0.02194931 -0.02311852 0.01738932
v 0.02224146 -0.02320932 0.01803647
v 0.02202149 -0.02303353 0.01832973
v 0.02220443 -0.02328685 0.01878851
v 0.02175899 -0.02305671 0.01884427
v 0.02177516 -0.02309774 0.02287644
v 0.02177637 -0.02308539 0.02928456
v 0.02181926 -0.02306201 0.03074135
v 0.02186760 -0.02322862 0.03193063
v 0.02176492 -0.02314157 0.03254145
v 0.02178826 -0.02312581 0.03551570
v 0.02179074 -0.02311983 0.04276343
v 0.02184941 -0.02307313 0.04486886
v 0.02185871 -0.02314200 0.04549659
v 0.02079325 -0.02304798 0.03606190
v 0.02041684 -0.02304722 0.03257645
v 0.02102077 -0.02305952 0.04122642
v 0.02135737 -0.02303314 0.03056971
v 0.02055812 -0.02302493 0.02168352
v 0.02024223 -0.02305313 0.04380553
v 0.02088006 -0.02305134 0.04482815
v 0.02032192 -0.02297295 0.04539085
v 0.01966611 -0.02301475 0.03361949
v 0.01964505 -0.02301893 0.04082681
v 0.01986331 -0.02297798 0.03266230
v 0.02021041 -0.02302366 0.02816771
v 0.02012150 -0.02299845 0.03013190
v 0.01992065 -0.02301613 0.04457419
v 0.01929314 -0.02292978 0.04488891
v 0.02012602 -0.02301231 0.01964325
v 0.02113004 -0.02304098 0.01823841
v 0.01948598 -0.02298708 0.01823109
v 0.02020312 -0.02301266 0.01779511
v 0.01771057 -0.02302052 0.02499136
v 0.01209177 -0.02302063 0.02184874
v 0.01636200 -0.02303052 0.01809524
v 0.01099094 -0.02304979 0.01915898
v 0.00982010 -0.02304576 0.02601456
v 0.01414848 -0.02302612 0.02496728
v 0.01153602 -0.02302678 0.02840624
v 0.00931304 -0.02301423 0.03054499
v 0.01818276 -0.02299487 0.03016352
v 0.01341781 -0.02300066 0.03010868
v 0.01788675 -0.02299932 0.03358566
v 0.01892330 -0.02300908 0.04005210
v 0.01200748 -0.02300776 0.03923963
v 0.01544475 -0.02300931 0.04388186
v 0.01206574 -0.02299911 0.04130008
v 0.01205602 -0.02300295 0.03353291
v 0.01461708 -0.02300443 0.03266642
v 0.01598645 -0.02297003 0.04473181
v 0.01096512 -0.02303041 0.03010724
v 0.00981807 -0.02304948 0.01848823
v 0.01106357 -0.02303062 0.04423240
v 0.00985690 -0.02303494 0.04502047
v 0.00983658 -0.02302791 0.04183336
v 0.00983049 -0.02303829 0.03329433
v 0.01691651 -0.02301984 0.01777451
v 0.01142477 -0.02297136 0.03283998
v 0.01097354 -0.02302965 0.03312983
v 0.02106345 -0.02314452 0.01709857
v 0.01326824 -0.02301883 0.01815704
v 0.01137507 -0.02302358 0.01828118
v 0.01254283 -0.02302268 0.01779139
v 0.01039257 -0.02307662 0.01823090
v 0.01223339 -0.02301250 0.03208090
v 0.01541324 -0.02302667 0.03221674
v 0.01638805 -0.02289114 0.04539462
v 0.01648532 -0.02290499 0.04490580
v 0.01164666 -0.02290717 0.04488744
v 0.01255439 -0.02290150 0.04540547
v 0.01217671 -0.02299925 0.04456484
v 0.02093564 -0.02311876 0.01766568
v 0.01913833 -0.02311983 0.01723011
v 0.01650533 -0.02310458 0.01765101
v 0.01334652 -0.02310158 0.01713779
v 0.01628096 -0.02311696 0.01717632
v 0.01331532 -0.02310559 0.01765806
v 0.01090826 -0.02314723 0.01762886
v 0.00923741 -0.02311993 0.01686438
v 0.00929768 -0.02311840 0.01765894
v 0.01079952 -0.02307839 0.03240587
v 0.00968049 -0.02307551 0.03186451
v 0.00934311 -0.02307509 0.02653790
v 0.01002705 -0.02300271 0.03058627
v 0.01079529 -0.02297680 0.03099179
v 0.01059019 -0.02300234 0.04540516
v 0.00930546 -0.02310224 0.03210118
v 0.00989762 -0.02306462 0.03121455
v 0.01116659 -0.02321999 0.03186592
v 0.01124936 -0.02319221 0.03137556
v 0.01289916 -0.02318900 0.03142496
v 0.01284701 -0.02316327 0.03191258
v 0.01603812 -0.02318848 0.03194964
v 0.01803148 -0.02318290 0.03149363
v 0.02032914 -0.02321193 0.03193953
v 0.02120700 -0.02316185 0.03137218
v 0.02058675 -0.02304165 0.01639020
v 0.01944599 -0.02303537 0.03218565
v 0.01117402 -0.02304138 0.01642329
v 0.01253848 -0.02303124 0.01647254
v 0.01493503 -0.02302898 0.01673542
v 0.01047507 -0.02304291 0.01638058
v 0.01084144 -0.02304141 0.01612171
v 0.01288038 -0.02300757 0.01607418
v 0.01800288 -0.02302520 0.01679396
v 0.00931388 -0.02310054 0.04482206
v 0.00936330 -0.02308054 0.04166245
v 0.00935936 -0.02310249 0.03613716
v 0.00978282 -0.02308704 0.04550279
v 0.00978393 -0.02312396 0.01636193
v 0.01220871 -0.02276162 0.03063464
v 0.00919374 -0.02323583 0.04560219
v 0.01975520 -0.02282617 0.03071113
v 0.02099502 -0.02300211 0.03107409
v 0.01185109 -0.02287728 0.03031890
v 0.01945273 -0.02289759 0.03104351
v 0.01237048 -0.02287216 0.03096868
v 0.00939927 -0.02343212 0.04605154
v 0.00903850 -0.02338114 0.01641363
v 0.01118796 -0.02323577 0.01609727
v 0.00882574 -0.02382758 0.04626223
v 0.00898934 -0.02334826 0.01692901
v 0.00888831 -0.02369380 0.01869111
v 0.00889664 -0.02385795 0.01641656
v 0.00905610 -0.02332018 0.01915818
v 0.00882728 -0.02373183 0.02191138
v 0.00863765 -0.02400102 0.02080799
v 0.00909204 -0.02331359 0.02228155
v 0.00902696 -0.02327712 0.02812803
v 0.00877921 -0.02375035 0.02699948
v 0.00877131 -0.02376153 0.03130594
v 0.00899956 -0.02326266 0.03061916
v 0.00902806 -0.02333732 0.03263028
v 0.00883241 -0.02373180 0.03532322
v 0.00907904 -0.02333784 0.03613706
v 0.00884599 -0.02371851 0.03840173
v 0.00912032 -0.02331254 0.04312888
v 0.00884939 -0.02372286 0.04287154
v 0.00856379 -0.02402507 0.02892201
v 0.00847813 -0.02399582 0.03434394
v 0.00840574 -0.02396489 0.03827596
v 0.00835023 -0.02399201 0.04631278
v -0.00048884 -0.02452050 0.02746421
v -0.02407564 0.02364199 0.01844030
v -0.02371278 0.02429180 0.01861255
v -0.02401821 0.02428319 0.01789146
v 0.02054299 0.02426171 0.04763882
v -0.08288836 0.02426920 0.03738744
v -0.08243303 0.02436288 0.03068013
v -0.08243392 0.02436752 0.02071596
v -0.08229861 0.02437032 0.00930999
v -0.08242553 0.02434893 0.04098266
v -0.08284616 0.02423984 0.04261040
v -0.08284818 0.02424742 0.04998166
v -0.08240468 0.02435479 0.05177367
v -0.05614544 0.02424708 0.00025194
v -0.07135392 0.02432451 0.00062763
v 0.05541226 0.02430951 0.00057470
v 0.06494712 0.02432056 0.00059253
v 0.06982937 0.02433720 0.00059590
v 0.05095669 0.02432866 0.00058499
v 0.07028580 0.02433250 0.00031224
v 0.08101204 0.02442739 0.05456081
v 0.08138192 0.02435208 0.05483257
v 0.08221970 0.02441594 0.05250790
v 0.07658596 0.02437684 0.05872871
v 0.07613499 0.02443270 0.05858211
v 0.07406553 0.02435830 0.05939694
v 0.01719932 0.02425715 0.04554065
v 0.02123622 0.02426194 0.04495519
v 0.01828099 0.02425734 0.04095815
v 0.01028721 0.02426566 0.04539039
v 0.00893718 0.02428073 0.04047860
v 0.00871456 0.02425317 0.04503878
v 0.01369005 0.02426900 0.03742695
v 0.00922501 0.02427987 0.03400502
v 0.01839651 0.02425220 0.03434245
v 0.02142060 0.02426116 0.03817053
v 0.01069188 0.02427865 0.04631713
v 0.01756113 0.02428032 0.04670284
v 0.02128353 0.02422390 0.03423238
v 0.01873969 0.02423185 0.03307029
v 0.00736287 0.02425609 0.03960088
v 0.00754689 0.02422186 0.04562556
v 0.00762533 0.02425292 0.03398755
v 0.01246065 0.02426148 0.04705923
v 0.01214653 0.02424368 0.03312881
v 0.02053829 0.02429497 0.04621331
v 0.02001349 0.02429148 0.04711305
v 0.00902033 0.02430076 0.04619522
v 0.00977514 0.02432780 0.04648047
v 0.01092774 0.02420866 0.04766957
v 0.01743274 0.02425886 0.03230653
v 0.02139160 0.02425721 0.03201051
v 0.00936909 0.02421880 0.03306691
v 0.01177243 0.02427374 0.03230411
v 0.01911335 0.02426481 0.02770531
v 0.01448227 0.02427482 0.02741790
v 0.01588921 0.02426530 0.02405374
v 0.00927921 0.02427322 0.03244143
v 0.00925533 0.02428170 0.02994621
v 0.01040395 0.02428924 0.02275542
v 0.00787139 0.02425960 0.02121414
v 0.00753325 0.02427580 0.02371414
v 0.01320114 0.02425946 0.02129899
v 0.02134995 0.02422793 0.02134224
v 0.02138790 0.02426031 0.02399756
v 0.00739876 0.02423995 0.02994170
v 0.00786864 0.02419776 0.03264855
v 0.02123668 0.02424912 0.02074684
v 0.01001875 0.02429446 0.02080668
v 0.00860736 0.02426137 0.02032110
v 0.00781452 0.02423572 0.02011351
v 0.00605390 0.02432006 0.01760607
v 0.00726418 0.02431919 0.01868463
v 0.00859428 0.02436551 0.01790878
v 0.02191269 0.02419873 0.02146365
v 0.02180481 0.02423068 0.02034477
v 0.01738196 0.02421940 0.04768969
v 0.01981020 0.02421546 0.04787305
v 0.01953988 0.02421707 0.02006077
v 0.01579572 0.02422707 0.02024727
v 0.01035128 0.02425469 0.02023135
v 0.02079545 0.02417465 0.03315661
v 0.02182608 0.02418945 0.03298019
v 0.02198391 0.02417185 0.03519134
v 0.02216167 0.02419895 0.03843067
v 0.00779686 0.02420548 0.04668493
v 0.02225016 0.02417245 0.04322030
v 0.02213657 0.02418027 0.04537411
v 0.02192739 0.02421310 0.03013482
v 0.00884605 0.02441544 0.01864432
v 0.01165692 0.02435451 0.01759888
v 0.01826634 0.02439530 0.01864315
v 0.01859678 0.02435820 0.01748510
v 0.02130834 0.02435022 0.01784169
v 0.02234375 0.02434911 0.01752933
v 0.03013524 0.02435883 0.01610283
v 0.02675148 0.02434610 0.01834889
v 0.02996243 0.02432952 0.01799366
v 0.03140666 0.02433987 0.02031592
v 0.02934064 0.02428671 0.01920475
v 0.02663532 0.02429454 0.01942764
v 0.02526739 0.02426943 0.02032178
v 0.02931945 0.02430408 0.02448592
v 0.02821868 0.02427051 0.03106028
v 0.02944913 0.02429069 0.02827786
v 0.02479159 0.02424164 0.03123772
v 0.02472745 0.02427132 0.02627382
v 0.02948713 0.02425938 0.03081107
v 0.02455407 0.02424305 0.02052318
v 0.03447381 0.02435761 0.01849119
v 0.03408106 0.02435116 0.02873832
v 0.03818027 0.02436392 0.02292184
v 0.04025959 0.02436581 0.02846676
v 0.03658777 0.02436197 0.03517020
v 0.04225006 0.02437126 0.03389760
v 0.04627567 0.02437931 0.01948353
v 0.04653881 0.02437464 0.02737019
v 0.04722105 0.02438048 0.03277747
v 0.05091068 0.02437721 0.02895084
v 0.04933813 0.02438146 0.02007787
v 0.05209593 0.02438167 0.01750414
v 0.03060785 0.02431722 0.03111182
v 0.03213497 0.02433912 0.03694620
v 0.04080421 0.02437140 0.01573714
v 0.03489983 0.02436195 0.00953362
v 0.04104669 0.02436790 0.00757074
v 0.03636812 0.02435387 0.00496378
v 0.04343643 0.02435185 0.00365471
v 0.04828852 0.02438059 0.00604677
v 0.04445677 0.02438111 0.01073756
v 0.04873557 0.02439069 0.01172376
v 0.05219093 0.02438598 0.00903780
v 0.06007355 0.02439050 0.00955790
v 0.06019426 0.02437109 0.00432279
v 0.06707186 0.02440790 0.00798381
v 0.06682254 0.02440706 0.01430124
v 0.06093213 0.02439401 0.01524566
v 0.05638083 0.02438921 0.01515506
v 0.05908258 0.02437945 0.02316147
v 0.05914597 0.02437752 0.02783492
v 0.05608904 0.02437803 0.03287202
v 0.06693434 0.02439778 0.03395660
v 0.06477556 0.02438751 0.02706174
v 0.06899339 0.02440681 0.02911868
v 0.06374042 0.02439235 0.01883873
v 0.06838746 0.02440412 0.02342596
v 0.07342860 0.02443718 0.02481841
v 0.07281343 0.02443238 0.03147054
v 0.07708351 0.02445867 0.02793269
v 0.07727348 0.02446770 0.01899158
v 0.07133906 0.02442964 0.01879182
v 0.07948191 0.02445645 0.02613444
v 0.07946134 0.02445398 0.03432257
v 0.08172943 0.02444205 0.02908301
v 0.08006316 0.02446163 0.01929863
v 0.08213665 0.02445388 0.01348280
v 0.07931739 0.02447670 0.01260864
v 0.07739019 0.02447148 0.01184513
v 0.07432985 0.02446126 0.01508779
v 0.07583342 0.02444902 0.00594450
v 0.08176145 0.02443637 0.00954607
v 0.07994774 0.02443102 0.00705763
v 0.07676727 0.02446125 0.03546858
v 0.07354297 0.02445127 0.00881268
v 0.07092209 0.02443600 0.01203014
v 0.07005267 0.02441055 0.00485915
v 0.07833066 0.02440147 0.00418296
v 0.07298062 0.02438327 0.00193302
v 0.05098949 0.02436064 0.00345090
v 0.03726151 0.02431878 0.00180147
v 0.02914443 0.02432744 0.00149146
v 0.02258889 0.02432447 0.00248450
v 0.01288596 0.02431406 0.00189395
v 0.00443784 0.02430792 0.00279551
v 0.01241363 0.02433717 0.00426697
v -0.00095162 0.02432465 0.00501663
v -0.00725460 0.02430755 0.00236271
v -0.01614885 0.02432457 0.00416530
v -0.02307965 0.02434123 0.00618137
v -0.01796930 0.02433608 0.00687720
v -0.02172866 0.02433572 0.01006514
v -0.02868153 0.02433874 0.00671086
v -0.02894739 0.02433235 0.01078598
v -0.03506622 0.02433262 0.00666854
v -0.03652131 0.02432847 0.01023122
v -0.03921202 0.02432949 0.01406235
v -0.03049916 0.02432743 0.01482567
v -0.04427347 0.02434361 0.01529572
v -0.03249073 0.02433895 0.01760722
v -0.03652921 0.02433532 0.01790710
v -0.04147930 0.02432394 0.01791913
v -0.04278823 0.02429743 0.01850042
v -0.04828618 0.02434927 0.00637798
v -0.04481947 0.02433663 0.00450171
v -0.05465742 0.02431984 0.00315444
v -0.04531922 0.02435160 0.00858047
v -0.04223394 0.02434241 0.01103981
v -0.03947758 0.02433297 0.00522163
v -0.02906129 0.02432737 0.00431941
v -0.03497674 0.02430552 0.00245630
v -0.02680284 0.02430957 0.00149586
v -0.03682899 0.02430512 0.00055842
v -0.04140050 0.02430682 0.00174898
v -0.04969015 0.02430960 0.00168284
v -0.05429085 0.02434549 0.00697678
v -0.05958500 0.02434184 0.00435723
v -0.06318067 0.02436187 0.00694701
v -0.06923221 0.02437168 0.00644519
v -0.07217170 0.02438327 0.01288080
v -0.07458991 0.02438453 0.00760714
v -0.07798686 0.02438946 0.01034651
v -0.07613662 0.02440190 0.01248627
v -0.07941460 0.02438556 0.01397881
v -0.07973128 0.02438564 0.02519375
v -0.07698152 0.02439491 0.02030676
v -0.07979418 0.02437941 0.03296662
v -0.07741663 0.02438921 0.03736796
v -0.07825680 0.02439757 0.04823392
v -0.07416525 0.02438548 0.03853490
v -0.08173641 0.02438051 0.05316000
v -0.07997899 0.02438219 0.05537943
v -0.08161616 0.02437588 0.04512681
v -0.07503274 0.02440059 0.05880338
v -0.07730202 0.02439738 0.05382553
v -0.07976653 0.02436621 0.05685109
v -0.07738460 0.02436653 0.05861238
v -0.07492649 0.02440515 0.05058317
v -0.07398078 0.02439966 0.04663580
v -0.07158296 0.02439550 0.05519317
v -0.06305534 0.02438187 0.05874994
v -0.06894328 0.02439145 0.05153617
v -0.06170184 0.02438698 0.05869960
v -0.06528212 0.02438287 0.05055631
v -0.06455649 0.02437985 0.04628744
v -0.05437564 0.02436723 0.04777995
v -0.05991419 0.02436876 0.04193920
v -0.05081383 0.02437415 0.05664673
v -0.05962957 0.02437837 0.05245895
v -0.05390549 0.02437121 0.05873663
v -0.05200105 0.02436925 0.05230235
v -0.04661284 0.02435556 0.05101478
v -0.04205533 0.02435883 0.05867454
v -0.04237495 0.02432021 0.04822204
v -0.04283825 0.02431439 0.04600317
v -0.03111267 0.02433884 0.05874528
v -0.02953802 0.02431418 0.05429007
v -0.03617420 0.02432733 0.05327279
v -0.02525330 0.02430592 0.05218700
v -0.02762710 0.02425363 0.04867490
v -0.03030270 0.02426425 0.04865759
v -0.02130257 0.02426819 0.04865269
v -0.02394423 0.02424833 0.04734852
v -0.02739291 0.02424374 0.04733845
v -0.02238608 0.02425014 0.04756761
v -0.02478294 0.02433664 0.05878684
v -0.02027490 0.02430187 0.05142634
v -0.01557295 0.02433074 0.05881944
v -0.02104473 0.02432276 0.05566976
v -0.01281039 0.02428495 0.04944553
v -0.00737914 0.02426182 0.04844734
v -0.00822978 0.02429159 0.05391882
v -0.00193661 0.02427838 0.04746540
v -0.00217998 0.02424805 0.04342252
v -0.00574040 0.02427042 0.04696051
v -0.00282479 0.02430759 0.05887857
v 0.00340887 0.02430026 0.05358329
v -0.00396058 0.02429482 0.05276157
v 0.00700946 0.02427576 0.04858615
v 0.00380880 0.02427568 0.04642078
v 0.00787307 0.02431085 0.05879350
v 0.01689020 0.02434238 0.05882854
v 0.01165393 0.02432214 0.05427065
v 0.02116511 0.02434196 0.05885514
v 0.01950868 0.02434468 0.05410348
v 0.02588442 0.02435288 0.05517270
v 0.02950297 0.02435550 0.05888510
v 0.03303592 0.02437543 0.05570580
v 0.03973533 0.02438056 0.05879514
v 0.03900198 0.02438885 0.05527719
v 0.03492853 0.02438199 0.05174877
v 0.02988301 0.02435359 0.05117270
v 0.03836154 0.02438461 0.05065870
v 0.03343029 0.02436335 0.04749190
v 0.03981447 0.02437932 0.04614019
v 0.04481589 0.02438917 0.04937072
v 0.04704567 0.02439424 0.05394721
v 0.05003465 0.02439464 0.05055996
v 0.05041040 0.02439311 0.04642839
v 0.04474695 0.02438988 0.04372824
v 0.05530573 0.02439519 0.05013210
v 0.05589826 0.02439743 0.04574196
v 0.05257319 0.02438892 0.04090117
v 0.06124210 0.02440799 0.04602453
v 0.05693619 0.02439331 0.04057945
v 0.06475364 0.02441062 0.04155360
v 0.06967635 0.02443503 0.04358909
v 0.06780662 0.02442765 0.04777974
v 0.06262266 0.02440883 0.05105833
v 0.06924000 0.02443386 0.05150433
v 0.07303356 0.02445809 0.04921161
v 0.07222254 0.02444824 0.05332829
v 0.07047985 0.02442682 0.05821173
v 0.06371368 0.02441397 0.05821268
v 0.07636236 0.02446605 0.05761880
v 0.07956429 0.02447553 0.05448226
v 0.07856595 0.02446361 0.05662527
v 0.08064003 0.02446992 0.05373714
v 0.07395654 0.02444767 0.05854151
v 0.07626638 0.02448148 0.04705026
v 0.07513437 0.02446544 0.04161164
v 0.07869849 0.02448103 0.04883487
v 0.07895166 0.02447800 0.04362866
v 0.08172787 0.02446191 0.05169771
v 0.08161870 0.02446312 0.04475610
v 0.05804482 0.02440499 0.05373282
v 0.05119240 0.02440026 0.05652606
v 0.05859176 0.02441671 0.05820901
v 0.05091156 0.02438830 0.05885704
v 0.03435731 0.02436053 0.04192352
v 0.04663922 0.02438844 0.03999586
v 0.04002821 0.02437658 0.04059619
v 0.05097460 0.02438235 0.03581802
v 0.06117229 0.02438243 0.03367731
v 0.06126355 0.02439379 0.03893731
v 0.06981228 0.02441618 0.03705151
v 0.07235130 0.02443246 0.03556449
v 0.08164850 0.02444092 0.03819701
v 0.03074990 0.02434354 0.04332579
v 0.03025067 0.02432593 0.04663022
v 0.02881533 0.02431961 0.04789806
v 0.02057132 0.02432023 0.04888659
v 0.01584362 0.02433254 0.04951012
v -0.00665107 0.02425774 0.04363305
v -0.00325274 0.02425106 0.04256502
v -0.00810570 0.02430217 0.05885296
v -0.03703290 0.02429985 0.04856180
v -0.04000802 0.02429589 0.04790236
v -0.03910834 0.02435988 0.05866126
v -0.08172113 0.02437080 0.03827664
v -0.08174345 0.02438468 0.02209025
v -0.08236140 0.02437269 0.01214662
v -0.07925340 0.02436046 0.00574245
v -0.07533609 0.02436642 0.00394331
v -0.06566271 0.02432533 0.00061445
v -0.07627877 0.02430649 0.00137470
v -0.08071572 0.02431255 0.00425453
v -0.05569604 0.02429988 0.00057977
v -0.05209160 0.02435097 0.01061218
v -0.06028073 0.02435675 0.00957601
v -0.06732036 0.02437054 0.01229019
v -0.06853878 0.02436595 0.02118730
v -0.07351663 0.02438143 0.02202038
v -0.07485884 0.02439636 0.01516989
v -0.07624630 0.02439013 0.02823222
v -0.07345123 0.02437861 0.03035910
v -0.06776221 0.02436275 0.03326527
v -0.06859805 0.02436413 0.02864250
v -0.06280501 0.02435378 0.02850463
v -0.06393938 0.02435828 0.01993636
v -0.05580591 0.02434314 0.02127569
v -0.05665494 0.02435250 0.01638216
v -0.06301139 0.02436237 0.01415453
v -0.05065583 0.02434092 0.01729333
v -0.04657242 0.02432821 0.01775532
v -0.04290896 0.02427770 0.02154793
v -0.04978063 0.02432188 0.02291222
v -0.04560793 0.02429402 0.02516085
v -0.04281680 0.02429573 0.03073879
v -0.04508447 0.02429086 0.03257259
v -0.04877394 0.02431553 0.02893595
v -0.04929435 0.02432722 0.03525674
v -0.05347284 0.02433766 0.02973036
v -0.05750409 0.02434497 0.02670894
v -0.05827296 0.02434873 0.03195271
v -0.06233677 0.02435850 0.03709438
v -0.05461017 0.02434800 0.03604960
v -0.06761474 0.02437594 0.04090971
v -0.07108652 0.02438846 0.04284089
v -0.06736554 0.02436400 0.03722942
v -0.05426178 0.02435795 0.04060089
v -0.04913817 0.02434300 0.04292829
v -0.04611769 0.02430857 0.03924197
v -0.04291257 0.02428132 0.04167929
v -0.04290676 0.02427481 0.03528614
v -0.04295019 0.02430337 0.03318705
v -0.00910735 0.02431253 0.00057224
v -0.02916444 0.02432265 0.00056268
v 0.00312018 0.02430428 0.00057084
v 0.01315915 0.02431900 0.00057545
v 0.02677276 0.02432543 0.00059650
v 0.03292704 0.02432467 0.00060790
v 0.04277512 0.02431699 0.00058327
v 0.07598682 0.02433888 0.00100890
v 0.07754098 0.02434579 0.00162909
v 0.02977597 0.02436563 0.01018760
v 0.02396064 0.02435785 0.01102106
v 0.01645432 0.02434350 0.01399482
v 0.01760736 0.02435117 0.01020471
v 0.00991053 0.02433703 0.01097701
v 0.01120109 0.02434503 0.00692220
v 0.00275472 0.02433177 0.00749908
v 0.00024763 0.02433063 0.01250269
v -0.00605229 0.02433062 0.00805589
v -0.01254066 0.02433405 0.00755723
v -0.01512308 0.02433133 0.01117891
v -0.01709369 0.02432889 0.01412125
v -0.02633951 0.02432286 0.01711210
v -0.02769445 0.02433185 0.01757892
v -0.02365470 0.02433196 0.01748618
v -0.01979866 0.02435073 0.01722879
v -0.02189027 0.02435802 0.01851016
v -0.00868404 0.02434199 0.01750159
v -0.00851018 0.02432768 0.01221854
v -0.00721503 0.02432505 0.01838083
v 0.00258992 0.02432162 0.01855985
v -0.00152903 0.02430983 0.02455164
v -0.00585635 0.02428311 0.02743430
v -0.00783739 0.02427584 0.02387495
v -0.00765551 0.02424265 0.02852687
v -0.00236171 0.02429114 0.02719044
v -0.00143657 0.02428710 0.02876810
v -0.00042576 0.02430616 0.03354665
v 0.00039282 0.02427563 0.02963277
v -0.00639462 0.02429874 0.03529138
v 0.00232657 0.02429494 0.03879863
v -0.00386142 0.02427495 0.04018483
v -0.00609972 0.02427171 0.04138714
v -0.00089802 0.02429098 0.04045201
v -0.00223084 0.02428760 0.04131247
v 0.00567429 0.02430383 0.03470823
v 0.00410412 0.02430125 0.03131431
v 0.00213300 0.02429880 0.03070132
v 0.00600746 0.02428130 0.02826864
v 0.00198712 0.02431577 0.02319821
v 0.00806351 0.02433660 0.01501771
v 0.01492309 0.02435104 0.01581837
v 0.00603032 0.02426676 0.04320608
v 0.00193009 0.02427200 0.04343940
v 0.00070846 0.02425966 0.04459512
v -0.00041853 0.02424045 0.04326069
v 0.01682417 0.02435524 0.00682141
v 0.02006680 0.02434342 0.00447937
v 0.02840833 0.02435128 0.00419348
v 0.02850707 0.02436556 0.00651376
v 0.02409669 0.02435892 0.00715863
v 0.03001972 0.02425363 0.03241685
v -0.00692041 0.02428143 0.03261994
v -0.00758539 0.02427939 0.03384257
v 0.03055376 0.02430190 0.03652002
v 0.02991257 0.02424295 0.03429963
v -0.08078531 0.02434985 0.05553072
v 0.01581175 0.02431471 0.04867300
v -0.02656231 0.02424788 0.04693259
v -0.08222597 0.02435553 0.00808267
v -0.00008007 0.02433369 0.02536382
v 0.00121822 0.02432552 0.02610027
v 0.00183871 0.02432156 0.02729146
v 0.00180545 0.02430943 0.02848169
v -0.00791922 0.02425647 0.03884835
v -0.00865035 0.02424556 0.03459555
v -0.00765746 0.02423442 0.04549661
v -0.00849382 0.02425199 0.04666045
v -0.00971219 0.02427470 0.04633549
v -0.00936690 0.02424697 0.04478463
v -0.01240025 0.02423815 0.03789058
v -0.01228750 0.02421706 0.04563883
v -0.01502808 0.02422181 0.04069301
v -0.01598985 0.02422331 0.03458902
v -0.01776185 0.02420814 0.04562578
v -0.01994551 0.02422350 0.03454530
v -0.02046828 0.02421547 0.04537532
v -0.02198732 0.02421859 0.04090140
v -0.02171795 0.02420203 0.03477941
v -0.01172459 0.02422037 0.03443012
v -0.01140503 0.02424437 0.04642665
v -0.02035788 0.02422971 0.04647245
v -0.01191146 0.02424222 0.03347779
v -0.02069295 0.02425037 0.03372083
v -0.02145151 0.02420864 0.04638803
v -0.02132392 0.02419667 0.04492693
v -0.02244139 0.02420034 0.04133730
v -0.02861251 0.02435284 0.01850393
v -0.02684380 0.02436059 0.01836163
v -0.03173023 0.02437285 0.01864378
v -0.02889514 0.02422121 0.04794822
v -0.00372047 0.02422235 0.04191156
v 0.04604800 0.02432744 0.00034278
v -0.01835834 0.02421778 0.04712610
v -0.01258561 0.02420162 0.04758983
v -0.00999302 0.02420662 0.04748525
v -0.02040400 0.02419086 0.04754239
v -0.01821944 0.02417005 0.04763371
v -0.08156316 0.02430806 0.00571640
v 0.02241462 0.02430218 0.04795021
v 0.02200251 0.02428267 0.04708552
v 0.02567308 0.02431644 0.04751785
v 0.02376764 0.02431281 0.04731193
v 0.00029014 0.02431427 0.04079586
v 0.00170247 0.02429745 0.04236415
v 0.07324468 0.02441332 0.05896882
v 0.06121439 0.02439591 0.05894526
v 0.08276872 0.02441727 0.02642366
v 0.08261512 0.02441917 0.04942885
v -0.02332623 0.02435608 0.01836985
v 0.03256100 0.02433360 0.00028650
v -0.01927080 0.02439657 0.01863559
v -0.00994803 0.02426133 0.02821274
v -0.00759238 0.02422682 0.03159690
v -0.02018376 0.02425018 0.02477891
v -0.00934369 0.02425485 0.02138849
v -0.01728514 0.02423146 0.02136479
v -0.02104594 0.02420948 0.02144511
v -0.02244020 0.02421458 0.02537826
v -0.02204633 0.02424292 0.02948889
v -0.02034409 0.02426821 0.02885495
v -0.02011910 0.02427303 0.03092292
v -0.02206828 0.02416906 0.02072024
v -0.01605034 0.02425793 0.02797573
v -0.01634332 0.02426817 0.03094927
v -0.00929125 0.02425785 0.03080033
v -0.00769166 0.02428860 0.02071445
v -0.02039008 0.02429018 0.03167534
v -0.01188158 0.02429050 0.03169595
v -0.02245810 0.02419644 0.03132599
v 0.00820464 0.02424754 0.04796806
v 0.07841182 0.02433885 0.00253825
v 0.00126510 0.02433715 0.02704424
v -0.01627266 0.02437405 0.01864294
v -0.01177260 0.02438557 0.01865434
v -0.00987122 0.02433821 0.01759453
v -0.00135673 0.02426617 0.02660389
v -0.00090151 0.02423755 0.02761504
v -0.04230963 0.02432704 0.05945520
v -0.06630307 0.02433783 0.05946298
v -0.02935775 0.02430344 0.05944092
v 0.02942612 0.02427060 0.03942131
v 0.02948323 0.02422923 0.03461257
v -0.02238142 0.02416143 0.03371841
v 0.02855004 0.02430502 0.03928687
v 0.02843003 0.02427251 0.03532379
v 0.02861425 0.02430769 0.04573880
v 0.02697199 0.02430242 0.04475827
v 0.02481663 0.02428865 0.03880129
v 0.02481959 0.02424376 0.03515926
v 0.02498248 0.02426774 0.04425821
v 0.02557570 0.02428349 0.03308387
v 0.02831561 0.02431204 0.03306496
v 0.02795302 0.02433246 0.04652983
v 0.02544602 0.02431610 0.04594360
v -0.02612444 0.02427738 0.04634877
v -0.02555203 0.02426377 0.04591390
v -0.02311065 0.02421110 0.04702820
v -0.02388638 0.02421328 0.04631040
v -0.07363741 0.02436408 0.05947658
v -0.04138080 0.02428118 0.04747920
v -0.03662652 0.02423992 0.04781428
v -0.03055160 0.02424378 0.04824145
v 0.02099007 0.02438621 0.01858332
v 0.02344296 0.02438566 0.01852259
v -0.00924280 0.02428881 0.03373666
v -0.00093511 0.02422030 0.04285457
v -0.00154630 0.02422536 0.04204930
v -0.00068982 0.02423275 0.04128846
v -0.00919749 0.02430191 0.03166227
v 0.01394351 0.02426811 0.04822691
v -0.04224809 0.02424502 0.04132470
v -0.04199096 0.02426376 0.04646345
v -0.04178568 0.02425559 0.04709437
v -0.04091556 0.02437722 0.01865599
v 0.08263217 0.02438599 0.00961696
v 0.02698088 0.02429311 0.04690800
v -0.00022934 0.02422854 0.02829146
v 0.00090719 0.02421780 0.02822207
v 0.02442366 0.02421637 0.03272276
v 0.02940598 0.02425146 0.04644546
v 0.02932175 0.02419597 0.03200050
v 0.02597357 0.02419748 0.03197362
v 0.02440106 0.02420559 0.03216384
v 0.02415793 0.02418948 0.03037405
v -0.04205044 0.02423691 0.02550786
v -0.04230757 0.02426572 0.03060074
v -0.02624455 0.02427982 0.01786089
v -0.02186579 0.02417797 0.03335874
v 0.00059685 0.02420324 0.04349275
v 0.02394842 0.02421717 0.02687132
v 0.02397459 0.02420262 0.02367826
v 0.02360506 0.02430697 0.05942125
v 0.05590009 0.02434589 0.05944117
v 0.04264540 0.02433716 0.05942805
v 0.02525582 0.02422680 0.01953602
v -0.02232771 0.02412030 0.04575187
v -0.07956288 0.02429241 0.00297033
v -0.04241360 0.02426591 0.03348624
v -0.02193773 0.02417422 0.04614886
v 0.02807044 0.02425285 0.04713999
v 0.02562887 0.02424464 0.04683306
v 0.02500637 0.02426844 0.04631554
v 0.02397281 0.02429049 0.04639124
v 0.02293413 0.02426115 0.04679111
v -0.00849127 0.02425365 0.03331230
v -0.00770508 0.02423163 0.03312724
v -0.04245230 0.02423678 0.03267546
v -0.00988904 0.02430157 0.02075465
v -0.01600175 0.02427530 0.02080820
v -0.02017467 0.02427570 0.02074252
v -0.01139156 0.02428947 0.02033970
v -0.00923858 0.02428274 0.02030059
v -0.02025004 0.02426907 0.02030140
v -0.02170273 0.02421303 0.02041342
v -0.02560813 0.02426131 0.01769108
v -0.00903750 0.02441252 0.01856124
v 0.02711309 0.02426608 0.03260784
v 0.02935069 0.02423332 0.03271462
v -0.04218351 0.02421808 0.03452963
v 0.02133962 0.02420995 0.04646454
v -0.02318199 0.02429839 0.01906033
v -0.02149807 0.02422838 0.04792381
v -0.02035416 0.02423514 0.04821623
v -0.01477220 0.02422472 0.04829207
v 0.00426013 0.02427495 0.00024419
v 0.00827890 0.02415495 0.03292834
v -0.02247412 0.02414198 0.03208651
v -0.00806955 0.02422230 0.04806999
v -0.01008862 0.02415373 0.04776176
v -0.00985540 0.02417336 0.04805898
v -0.01467583 0.02410987 0.04809969
v 0.00948175 0.02420471 0.04779126
v -0.02734765 0.02430830 0.01891288
v -0.02639991 0.02430787 0.01883727
v 0.02240011 0.02423901 0.01863157
v 0.02117511 0.02419929 0.04701518
v -0.00853406 0.02422683 0.03212147
v -0.00764130 0.02418243 0.03233041
v 0.02146943 0.02425335 0.04735548
v 0.02535847 0.02428450 0.01899621
v -0.04242909 0.02424809 0.01946674
v -0.04232956 0.02426220 0.01894067
v -0.04210489 0.02419512 0.02292163
v -0.01747304 0.02422988 0.03347151
v -0.01965565 0.02424254 0.03344759
v -0.01446089 0.02408551 0.04784025
v -0.02065020 0.02412582 0.04771741
v -0.01984199 0.02413843 0.04802961
v -0.00835134 0.02424118 0.02013384
v -0.00790494 0.02424388 0.01978872
v -0.00795277 0.02426497 0.01916126
v 0.01844394 0.02418764 0.01983318
v 0.01294536 0.02417861 0.01985502
v 0.02430432 0.02417960 0.03484375
v 0.02414050 0.02421879 0.03905925
v 0.02435035 0.02419246 0.04217359
v 0.02318978 0.02433045 0.01903171
v 0.02277870 0.02432131 0.01849119
v 0.07977112 0.02429147 0.00315600
v -0.00057761 0.02418204 0.02793734
v 0.04563283 0.02427328 0.00026314
v -0.00746395 0.02420940 0.03273224
v -0.02918693 0.02427353 0.00026240
v -0.04211369 0.02426195 0.00025429
v 0.02672346 0.02427367 0.00025842
v 0.00030137 0.02439590 0.02610757
v -0.00054465 0.02438922 0.02621543
v -0.00089938 0.02432190 0.02703659
v -0.08224867 0.02421715 0.05335279
v -0.00023178 0.02451375 0.02750358
v 0.00054653 0.02449755 0.02668576
v 0.00026496 0.02435024 0.02769594
v -0.00039861 0.02451723 0.02662960
v -0.00044192 0.02430806 0.02771100
v 0.02462092 0.02416656 0.04630699
v 0.02345575 0.02417758 0.04639388
v 0.02369514 0.02385514 0.04583587
v 0.02460968 0.02410404 0.04592501
v 0.02376462 0.02389277 0.04519733
v 0.02280595 0.02368842 0.04604603
v 0.02297775 0.02379848 0.04622514
v 0.02263166 0.02374428 0.04616725
v 0.02195497 0.02407695 0.04685106
v 0.02319605 0.02388716 0.04510787
v 0.02317018 0.02395285 0.04120329
v 0.02366534 0.02404534 0.03963284
v 0.02315351 0.02389326 0.03586313
v 0.02362247 0.02393305 0.03483325
v 0.02320422 0.02383477 0.03328918
v 0.02369267 0.02380807 0.03257123
v 0.02321622 0.02373308 0.03218552
v 0.02369136 0.02406667 0.02807907
v 0.02270802 0.02393766 0.03343331
v 0.02261619 0.02388378 0.03263758
v 0.02263619 0.02403369 0.03766758
v 0.02254154 0.02404763 0.04519035
v 0.02265318 0.02395633 0.02936463
v 0.02315256 0.02387097 0.02824539
v 0.02315090 0.02387561 0.02346630
v 0.02364356 0.02406091 0.02394311
v 0.02263959 0.02395176 0.02303302
v 0.02317848 0.02381731 0.02140857
v 0.02266307 0.02391844 0.02083610
v 0.02323848 0.02383844 0.02044378
v 0.02261590 0.02389047 0.02013269
v 0.02385180 0.02400163 0.02071588
v 0.02456686 0.02394971 0.01953992
v 0.02360132 0.02387903 0.01959741
v 0.02300945 0.02373976 0.01957513
v 0.02247857 0.02379402 0.01956027
v 0.02413934 0.02402347 0.03270208
v 0.02450701 0.02416388 0.04526679
v 0.02274319 0.02367001 0.01930478
v 0.02414803 0.02404029 0.03224803
v 0.02476873 0.02411793 0.03251177
v 0.02221947 0.02412160 0.02290221
v 0.02219632 0.02414129 0.03095846
v 0.02130450 0.02400110 0.01956921
v 0.02175451 0.02408458 0.01913489
v 0.01993669 0.02398484 0.01955840
v 0.01955118 0.02400981 0.01919333
v 0.01752883 0.02402851 0.01950072
v 0.01170378 0.02405311 0.01914225
v 0.01164713 0.02406402 0.01951224
v 0.00915897 0.02399326 0.01921940
v 0.00915843 0.02388320 0.01953598
v 0.00825103 0.02396894 0.01952886
v 0.00853868 0.02405779 0.01998263
v 0.00756646 0.02425962 0.01955586
v 0.00777060 0.02428829 0.01907093
v 0.00922106 0.02431679 0.01903952
v 0.01365587 0.02427552 0.01901457
v 0.02024726 0.02428465 0.01904008
v 0.02168669 0.02427819 0.01892595
v 0.02188907 0.02416516 0.04603513
v 0.02572426 0.02408225 0.03216779
v 0.02646539 0.02405651 0.03239140
v 0.02848162 0.02405787 0.03213460
v 0.02833302 0.02404665 0.03242769
v 0.02954132 0.02412075 0.03265115
v 0.02969678 0.02411862 0.03249230
v 0.02967983 0.02414148 0.03401415
v 0.02284091 0.02397636 0.01912733
v 0.00855595 0.02414129 0.04698463
v 0.00820546 0.02415269 0.04757926
v 0.00041570 0.02440766 0.04255123
v 0.00082933 0.02438126 0.04198240
v -0.00048774 0.02429552 0.04263387
v 0.00012243 0.02437894 0.04166857
v -0.00045223 0.02433087 0.04189662
v 0.00028685 0.02452050 0.04229682
v -0.00029370 0.02451947 0.04223200
v -0.00072099 0.02415523 0.04243796
v -0.00074912 0.02414670 0.04158419
v 0.01490469 0.02416755 0.04789286
v -0.00987641 0.02388545 0.01926501
v -0.01158368 0.02364190 0.01929379
v -0.01013859 0.02364517 0.01932391
v -0.01191820 0.02388521 0.01921877
v -0.01206275 0.02429067 0.01903667
v -0.01528825 0.02393317 0.01918808
v -0.01988905 0.02427971 0.01900367
v -0.01942300 0.02390573 0.01918630
v -0.00866612 0.02431678 0.01903280
v -0.02088309 0.02396550 0.01924298
v -0.00864053 0.02403614 0.01920636
v -0.02173305 0.02427484 0.01902718
v -0.00913501 0.02376124 0.01954900
v -0.02256266 0.02395583 0.01972240
v -0.02270364 0.02416409 0.01949589
v -0.02326365 0.02401518 0.01964324
v -0.00986152 0.02373455 0.01951529
v -0.02106341 0.02382114 0.01962389
v -0.02353126 0.02392541 0.01988183
v -0.01937282 0.02378963 0.01952063
v -0.00847336 0.02394774 0.01952612
v -0.01378721 0.02387075 0.01954909
v -0.01187127 0.02376005 0.01949348
v -0.02380087 0.02391704 0.01901403
v -0.02436933 0.02391062 0.01908818
v -0.02215358 0.02398285 0.02012593
v -0.02327321 0.02405050 0.02080054
v -0.02459547 0.02416393 0.02062266
v -0.02489085 0.02409688 0.02154517
v -0.02547161 0.02412967 0.02048563
v -0.02605306 0.02425974 0.01984347
v -0.02505346 0.02431080 0.01932162
v -0.02466750 0.02428326 0.01931681
v -0.02615734 0.02397525 0.02139950
v -0.02366757 0.02412208 0.02347545
v -0.02430729 0.02412629 0.02386599
v -0.02427850 0.02412444 0.02765735
v -0.02504690 0.02407848 0.02792820
v -0.02616194 0.02400604 0.02414208
v -0.02672666 0.02397664 0.02073817
v -0.02318901 0.02404679 0.02766642
v -0.02433413 0.02416421 0.03028809
v -0.02476937 0.02416966 0.03091111
v -0.02402152 0.02415440 0.03054207
v -0.02467192 0.02417924 0.03197500
v -0.02395053 0.02415683 0.03197939
v -0.02573562 0.02426766 0.01931262
v -0.02310191 0.02406548 0.02329563
v -0.02264388 0.02408428 0.02080353
v -0.02279995 0.02411067 0.02690064
v -0.02616928 0.02401695 0.02069131
v -0.02562728 0.02399671 0.02928153
v -0.02617417 0.02398682 0.02882588
v -0.02561614 0.02392711 0.03165937
v -0.02611566 0.02395906 0.03160496
v -0.02678527 0.02406057 0.02320236
v -0.02314664 0.02399184 0.03017118
v -0.02753310 0.02417196 0.02388750
v -0.02774116 0.02413217 0.02128458
v -0.02954635 0.02417625 0.02122703
v -0.02746214 0.02411674 0.02067004
v -0.02924559 0.02419997 0.02397837
v -0.02825776 0.02421490 0.02883162
v -0.03750221 0.02418580 0.02143890
v -0.03189546 0.02419137 0.02151291
v -0.03427972 0.02418824 0.02102792
v -0.03603059 0.02420192 0.02570196
v -0.04001997 0.02423162 0.02438936
v -0.04000554 0.02421627 0.02176041
v -0.03702476 0.02421969 0.02909178
v -0.03185025 0.02420027 0.02912570
v -0.02831094 0.02421170 0.03160448
v -0.03638161 0.02421555 0.03169863
v -0.03965406 0.02424902 0.03095167
v -0.04008204 0.02423943 0.02836332
v -0.04004840 0.02426941 0.03171070
v -0.02682519 0.02416893 0.03071187
v -0.02719002 0.02415374 0.02721730
v -0.02694544 0.02419169 0.03211179
v -0.04045699 0.02421902 0.02661132
v -0.04029453 0.02420317 0.02299102
v -0.03168381 0.02418657 0.03216764
v -0.03647673 0.02418570 0.03218287
v -0.03943134 0.02423159 0.03217921
v -0.03946080 0.02427461 0.02057574
v -0.03986635 0.02425494 0.02069725
v -0.02755678 0.02423626 0.03168499
v -0.03229327 0.02427354 0.02051629
v -0.02957992 0.02425826 0.02038153
v -0.03524901 0.02425279 0.02056670
v -0.02761197 0.02419298 0.02039156
v -0.04049985 0.02418592 0.02968967
v -0.04008776 0.02419539 0.03238913
v -0.04052492 0.02417580 0.03209090
v -0.02680899 0.02384039 0.01975619
v -0.02279912 0.02402087 0.03147149
v -0.02622096 0.02410987 0.01977618
v -0.02323932 0.02393280 0.03155617
v -0.02612259 0.02379265 0.03232799
v -0.02572977 0.02377227 0.03234311
v -0.02418861 0.02409165 0.01985532
v -0.02734536 0.02398778 0.02015770
v -0.02757624 0.02391314 0.01958723
v -0.02841353 0.02403509 0.02005521
v -0.02863152 0.02375817 0.01953936
v -0.04063441 0.02405007 0.02260833
v -0.02298207 0.02374373 0.03233976
v -0.02433456 0.02392217 0.03267615
v -0.02502194 0.02393120 0.03269549
v -0.02429460 0.02408910 0.03368183
v -0.02543498 0.02402485 0.03371172
v -0.02513085 0.02402684 0.03432406
v -0.02436482 0.02413922 0.03600813
v -0.02358142 0.02406871 0.03351485
v -0.02358719 0.02412661 0.03910581
v -0.02427166 0.02415321 0.03896972
v -0.02427505 0.02410733 0.04162361
v -0.02363967 0.02404887 0.04296482
v -0.02434751 0.02409046 0.04441937
v -0.02503499 0.02409578 0.03625348
v -0.02502997 0.02409149 0.03902705
v -0.02503068 0.02403347 0.04185598
v -0.02503636 0.02403140 0.04398661
v -0.02308751 0.02392058 0.04452208
v -0.02305109 0.02403082 0.04008533
v -0.02306031 0.02400797 0.03571930
v -0.02261986 0.02403536 0.03378567
v -0.02265858 0.02408759 0.04097216
v -0.02519041 0.02391396 0.04519313
v -0.02570715 0.02397628 0.03942746
v -0.02625152 0.02385984 0.03430630
v -0.02563021 0.02398505 0.03588503
v -0.02621414 0.02394644 0.04029159
v -0.02566338 0.02388298 0.04295629
v -0.02620574 0.02383393 0.04460386
v -0.02570570 0.02381065 0.04520047
v -0.02616851 0.02394341 0.03592644
v -0.02637806 0.02373281 0.04572765
v -0.02711488 0.02412832 0.03605732
v -0.02259868 0.02398731 0.04530574
v -0.02619406 0.02389170 0.03368119
v -0.02305962 0.02394960 0.03368123
v -0.02761308 0.02413236 0.03421447
v -0.02779022 0.02418065 0.03824502
v -0.02710130 0.02415859 0.03892246
v -0.03149116 0.02415498 0.03613570
v -0.03428068 0.02415551 0.03434991
v -0.03785057 0.02417224 0.03440138
v -0.03542625 0.02414778 0.04036364
v -0.03888551 0.02418578 0.04068543
v -0.03875047 0.02418372 0.03359627
v -0.04000799 0.02421690 0.03468782
v -0.04040267 0.02423001 0.03918172
v -0.04047894 0.02420290 0.04436139
v -0.03839464 0.02416101 0.04426511
v -0.03486431 0.02413175 0.04395742
v -0.03130384 0.02413971 0.04043406
v -0.02788996 0.02415037 0.04421830
v -0.03090227 0.02415237 0.04547687
v -0.03497050 0.02414732 0.04615083
v -0.02864893 0.02418018 0.04632610
v -0.03859656 0.02419069 0.04618190
v -0.02701600 0.02413550 0.04219394
v -0.02708182 0.02409361 0.04466544
v -0.02895046 0.02417229 0.04686319
v -0.02731682 0.02412589 0.04546741
v -0.03787337 0.02420254 0.03357636
v -0.03459197 0.02417371 0.03363697
v -0.03999435 0.02423875 0.03337370
v -0.03237620 0.02416458 0.04618008
v -0.03066071 0.02416774 0.04655676
v -0.02958179 0.02415366 0.04644870
v -0.03061345 0.02420988 0.03359068
v -0.02753321 0.02416757 0.03340370
v -0.03998527 0.02425909 0.04633454
v -0.04050523 0.02423300 0.04628785
v -0.03021280 0.02405163 0.04777211
v -0.03185387 0.02410789 0.04680298
v -0.03288527 0.02411696 0.04763262
v -0.03601953 0.02406190 0.04699548
v -0.03752585 0.02407398 0.04653792
v -0.02926016 0.02409207 0.04774934
v -0.03616366 0.02418835 0.03359899
v -0.03614441 0.02411190 0.04756334
v -0.03829825 0.02411613 0.04745717
v -0.03955097 0.02395764 0.04695429
v -0.03946564 0.02403469 0.04671227
v -0.04029538 0.02419212 0.03550252
v -0.02730976 0.02411977 0.03372287
v -0.04072875 0.02389243 0.04694491
v -0.02410947 0.02389060 0.04526766
v -0.02425309 0.02392476 0.04568116
v -0.02310151 0.02378500 0.04549790
v -0.02344608 0.02375904 0.04580767
v -0.02551602 0.02383683 0.03278699
v -0.02626963 0.02377508 0.03315581
v -0.02349374 0.02383293 0.03265631
v -0.02865960 0.02406361 0.04707864
v -0.02855117 0.02408524 0.04760879
v -0.02793956 0.02385695 0.04686360
v -0.04054554 0.02404430 0.04657371
v -0.02504115 0.02405389 0.04569964
v -0.02739123 0.02389190 0.04637381
v -0.04080033 0.02410287 0.04116691
v -0.02277382 0.02356785 0.04601780
v -0.02290743 0.02376600 0.03307123
v -0.04076702 0.02394432 0.02074760
v -0.04134419 0.02383184 0.02176750
v -0.04128465 0.02388876 0.02303956
v -0.04188858 0.02393840 0.02167826
v -0.04195266 0.02397724 0.02088335
v -0.04143913 0.02379402 0.02034186
v -0.04191836 0.02384210 0.02002886
v -0.04187741 0.02402535 0.02290411
v -0.04130377 0.02390988 0.02650795
v -0.04179815 0.02404194 0.02661568
v -0.04128335 0.02385878 0.02913666
v -0.04075682 0.02406450 0.02638116
v -0.04077622 0.02399432 0.02986649
v -0.04176584 0.02399819 0.03010530
v -0.04080822 0.02390590 0.03162354
v -0.04094228 0.02403542 0.04585870
v -0.04135006 0.02396140 0.04155001
v -0.04133200 0.02387074 0.03594657
v -0.04064059 0.02404697 0.03573077
v -0.04177309 0.02406741 0.04232748
v -0.04137708 0.02390488 0.04587233
v -0.04181992 0.02400719 0.03533719
v -0.04073557 0.02391386 0.03433444
v -0.04135711 0.02377026 0.03442011
v -0.04044558 0.02407137 0.03369350
v -0.04136004 0.02383081 0.03330287
v -0.04189994 0.02390927 0.03373988
v -0.04186136 0.02378800 0.03319054
v -0.04024840 0.02397710 0.03318534
v -0.04134764 0.02386689 0.04652594
v -0.04137999 0.02399708 0.04696676
v -0.04177326 0.02403038 0.04638734
v -0.04052422 0.02377546 0.02026807
v -0.02731787 0.02395955 0.03323049
v -0.02746469 0.02401086 0.04696164
v -0.02687074 0.02380296 0.04627911
v -0.02680097 0.02381078 0.04582462
v -0.04125717 0.02371128 0.03214495
v -0.04069681 0.02385212 0.03224757
v -0.02584038 0.02399940 0.04574769
v -0.02261469 0.02372886 0.04610247
v -0.01053605 0.02377202 0.01961534
v -0.04181173 0.02395020 0.03216643
v -0.02621394 0.02413471 0.01897302
v -0.02576317 0.02397510 0.01890353
v -0.02282780 0.02355520 0.03270414
v -0.03943950 0.02393184 0.03315522
v -0.02595442 0.02359393 0.03289843
v -0.02620326 0.02358353 0.03269367
v -0.02780713 0.02352901 0.03287233
v -0.02837858 0.02351828 0.03263744
v -0.03316399 0.02354051 0.03266055
v -0.03180528 0.02354049 0.03283278
v -0.03536477 0.02353457 0.03286351
v -0.03814352 0.02353681 0.03265681
v -0.03864487 0.02354501 0.03285653
v -0.03995522 0.02358685 0.03269841
v -0.03995833 0.02357799 0.03279118
v -0.04073903 0.02353183 0.03258454
v -0.04135260 0.02351878 0.03266056
v -0.04153888 0.02355526 0.03293465
v -0.04205288 0.02363215 0.03282562
v -0.02587141 0.02371916 0.01828548
v -0.03883001 0.02407315 0.03234046
v -0.03673528 0.02403195 0.03235589
v -0.03414579 0.02381470 0.03249040
v -0.00912978 0.02400999 0.01997997
v -0.02187528 0.02360803 0.03277996
v -0.03435678 0.02405731 0.03238695
v -0.01878019 0.02411780 0.01997905
v -0.01405011 0.02413072 0.01995904
v -0.04209217 0.02379061 0.03280900
v -0.03035690 0.02362976 0.01947051
v -0.02890829 0.02361786 0.01931488
v -0.03317016 0.02363238 0.01926973
v -0.03255357 0.02375482 0.01974723
v -0.03733616 0.02396242 0.02016361
v -0.03350471 0.02371115 0.01955731
v -0.03599825 0.02368944 0.01953434
v -0.03669188 0.02367330 0.01950151
v -0.03737393 0.02366847 0.01952478
v -0.02662570 0.02362547 0.04600457
v -0.04173576 0.02363104 0.01977059
v -0.04065973 0.02354833 0.02001378
v -0.04062642 0.02355098 0.01959672
v -0.03941441 0.02360489 0.01987599
v -0.03763993 0.02366104 0.01983208
v -0.02214686 0.02388547 0.03244901
v -0.02281367 0.02378226 0.04638667
v -0.02196267 0.02390547 0.04691220
v -0.02177330 0.02406138 0.04744762
v -0.02138416 0.02404816 0.04702930
v -0.03422496 0.02388134 0.03323066
v -0.02978335 0.02390244 0.03321372
v -0.02552762 0.02362197 0.01845045
v -0.02584149 0.02365043 0.01792563
v -0.02399627 0.02362351 0.01867855
v -0.02021905 0.02421958 0.03211684
v -0.01706810 0.02419435 0.03211190
v -0.01313729 0.02421766 0.03210836
v -0.01041382 0.02421652 0.03209518
v -0.04201710 0.02419522 0.03175312
v -0.02880573 0.02367081 0.03244762
v -0.04199891 0.02418755 0.03594702
v -0.04191586 0.02420154 0.04362119
v -0.01833260 0.02365652 0.03253456
v -0.01900279 0.02357633 0.03270576
v -0.01893371 0.02357984 0.03285431
v -0.01362801 0.02361695 0.03280596
v -0.01361489 0.02370763 0.03258330
v -0.01012108 0.02362564 0.03257527
v -0.00876618 0.02359533 0.03279639
v -0.00849082 0.02372170 0.03265321
v -0.00848366 0.02388173 0.03297889
v -0.02701220 0.02383291 0.03248655
v -0.02874746 0.02392682 0.03233676
v -0.01096839 0.02388527 0.03307273
v -0.02871315 0.02384355 0.01924688
v -0.03346893 0.02389625 0.01918738
v -0.03078801 0.02429293 0.01902178
v -0.03584517 0.02427126 0.01895549
v -0.03595873 0.02390184 0.01917097
v -0.03668297 0.02386319 0.01917401
v -0.03801153 0.02394741 0.01915162
v -0.04064904 0.02431399 0.01897672
v -0.03813719 0.02366736 0.01930752
v -0.04153505 0.02386029 0.01923526
v -0.04065978 0.02370588 0.01930570
v -0.02861091 0.02426949 0.01894050
v -0.02793135 0.02405148 0.01924454
v -0.02671841 0.02414912 0.01928013
v -0.03634597 0.02362784 0.01924747
v -0.03842187 -0.02381868 0.03138828
v -0.03846847 -0.02336247 0.02940262
v -0.03828157 -0.02377447 0.02856657
v -0.03838239 -0.02334636 0.02411734
v -0.03817454 -0.02376627 0.02415444
v -0.03822238 -0.02382517 0.01842226
v -0.03876625 -0.02322269 0.02720135
v -0.03875865 -0.02319498 0.03035813
v -0.03841512 -0.02339039 0.01884412
v -0.03827477 -0.02340675 0.01711140
v -0.03856933 -0.02317720 0.01707402
v -0.03800547 -0.02407422 0.02078833
v -0.03927952 -0.02312986 0.03001438
v -0.03798546 -0.02415198 0.01639826
v -0.04115333 -0.02304113 0.03052040
v -0.04118399 -0.02307759 0.02968365
v -0.04250799 -0.02304523 0.03064204
v -0.04334809 -0.02303479 0.02961756
v -0.04183070 -0.02307836 0.02660538
v -0.04325792 -0.02305810 0.02689826
v -0.04141410 -0.02306645 0.01947811
v -0.03985775 -0.02304507 0.01825823
v -0.04219022 -0.02296012 0.03079983
v -0.04118917 -0.02297307 0.01826714
v -0.04080834 -0.02302327 0.01784221
v -0.04330486 -0.02301769 0.01797955
v -0.04346015 -0.02310078 0.01780822
v -0.03806180 -0.02409414 0.02865949
v -0.03873325 -0.02320599 0.02287840
v -0.04353979 -0.02301686 0.02770338
v -0.04392133 -0.02278556 0.02937225
v -0.04340405 -0.02300891 0.02006974
v -0.04380138 -0.02286634 0.02281761
v -0.04368895 -0.02300542 0.03042608
v -0.04435977 -0.02261195 0.03073302
v -0.04282024 -0.02292940 0.03070955
v -0.04385480 -0.02291898 0.03088133
v -0.04438152 -0.02278759 0.03103800
v -0.04361992 -0.02310860 0.03134720
v -0.04448146 -0.02317052 0.03150236
v -0.04524389 -0.02318089 0.03132054
v -0.04548062 -0.02294495 0.03096599
v -0.04613730 -0.02290983 0.03108514
v -0.04618455 -0.02312413 0.03139619
v -0.04489376 -0.02280426 0.03078013
v -0.04441926 -0.02307289 0.03191078
v -0.04359229 -0.02310230 0.03170152
v -0.04352765 -0.02296976 0.03239197
v -0.04494330 -0.02309703 0.03255047
v -0.04438708 -0.02292972 0.03286154
v -0.04369922 -0.02310183 0.03062088
v -0.04614035 -0.02290349 0.03080765
v -0.04888305 -0.02291451 0.03074211
v -0.04825114 -0.02291505 0.03106043
v -0.05055246 -0.02291080 0.03074847
v -0.04980580 -0.02301457 0.03054920
v -0.05050441 -0.02303250 0.03015409
v -0.04138256 -0.02290858 0.03082545
v -0.04644033 -0.02306552 0.03063111
v -0.04007105 -0.02312100 0.01774349
v -0.04806295 -0.02312352 0.03137303
v -0.05139360 -0.02298741 0.03062698
v -0.04558040 -0.02323303 0.03185132
v -0.04336719 -0.02299026 0.03185286
v -0.04433130 -0.02264893 0.02927092
v -0.03685354 -0.02411534 0.01650335
v -0.03842198 -0.02411606 0.01453994
v -0.03846860 -0.02412008 0.01208199
v -0.04478337 -0.02410811 0.01296179
v -0.04806387 -0.02410919 0.01337364
v -0.05100545 -0.02410114 0.01352087
v -0.05113683 -0.02412130 0.00693323
v -0.05531987 -0.02410817 0.01071240
v -0.05329178 -0.02409765 0.01462161
v -0.05354283 -0.02405941 0.01766652
v -0.05936300 -0.02411144 0.00731918
v -0.06548613 -0.02410346 0.00540292
v -0.05429248 -0.02410243 0.00355621
v -0.05948483 -0.02408428 0.00203684
v -0.07056924 -0.02408680 0.00185488
v -0.06103545 -0.02404924 0.00051954
v -0.07064682 -0.02405517 0.00058438
v -0.07410342 -0.02403737 0.00133187
v -0.07452253 -0.02398486 0.00078371
v -0.07640845 -0.02402311 0.00142327
v -0.07720850 -0.02401016 0.00156419
v -0.07793723 -0.02392434 0.00169666
v -0.06642697 -0.02401289 0.00023076
v -0.04891330 -0.02404955 0.00020567
v -0.05002891 -0.02406773 0.00057207
v -0.03665117 -0.02405345 0.00018787
v -0.06934441 -0.02398077 0.00022585
v -0.07283812 -0.02394488 0.00038769
v -0.07420377 -0.02406554 0.00285463
v -0.07255160 -0.02410610 0.00904373
v -0.08034468 -0.02401217 0.00414389
v -0.07982069 -0.02389360 0.00302187
v -0.04476440 -0.02411518 0.00422828
v -0.06452645 -0.02410784 0.01082020
v -0.07301956 -0.02410749 0.01379349
v -0.08173757 -0.02411505 0.01281927
v -0.08155681 -0.02410571 0.01809037
v -0.07490678 -0.02408896 0.02129284
v -0.08161488 -0.02411275 0.02199640
v -0.08148561 -0.02410609 0.02855907
v -0.07273371 -0.02407962 0.02498175
v -0.07494897 -0.02408749 0.02990921
v -0.07847579 -0.02410173 0.03240177
v -0.07166975 -0.02409220 0.03490856
v -0.07999624 -0.02410956 0.03988107
v -0.08163842 -0.02410213 0.04665424
v -0.07901653 -0.02411777 0.04876014
v -0.08085901 -0.02412743 0.05435253
v -0.07712698 -0.02412136 0.04766562
v -0.07612433 -0.02410495 0.03991100
v -0.06840757 -0.02409970 0.03960006
v -0.07098971 -0.02410941 0.04349394
v -0.06376234 -0.02410776 0.04291559
v -0.05819252 -0.02408298 0.03869567
v -0.05477138 -0.02410907 0.04485658
v -0.05463727 -0.02404749 0.03712052
v -0.05856517 -0.02407686 0.03426257
v -0.05474068 -0.02404757 0.02872956
v -0.05947548 -0.02410655 0.04742726
v -0.05342834 -0.02410085 0.04699225
v -0.05268287 -0.02403541 0.04345942
v -0.05256462 -0.02410537 0.05136193
v -0.05769850 -0.02410913 0.05175595
v -0.05159486 -0.02409990 0.04775106
v -0.04788925 -0.02412763 0.04983317
v -0.04563066 -0.02409418 0.04753090
v -0.04012353 -0.02411197 0.04689201
v -0.03639187 -0.02412855 0.05153892
v -0.03740418 -0.02413082 0.04677947
v -0.03243730 -0.02412094 0.04808719
v -0.02760273 -0.02411567 0.05101463
v -0.02747963 -0.02412052 0.04677507
v -0.02272130 -0.02411423 0.04858561
v -0.02421395 -0.02413363 0.04628015
v -0.02084325 -0.02409822 0.05462098
v -0.01626455 -0.02410148 0.05174154
v -0.01356359 -0.02407584 0.05892616
v -0.01144124 -0.02407241 0.05190707
v -0.01043302 -0.02405159 0.05886525
v -0.01454251 -0.02405506 0.05940764
v -0.00579171 -0.02400957 0.05939095
v -0.00373330 -0.02403396 0.05887879
v 0.01024956 -0.02404513 0.05883751
v -0.00727151 -0.02393905 0.05957085
v 0.01212420 -0.02394834 0.05959950
v -0.01442172 -0.02396114 0.05962095
v 0.00146770 -0.02403559 0.05510690
v -0.00739408 -0.02403932 0.05280013
v 0.00737928 -0.02404081 0.05017902
v 0.01280348 -0.02407172 0.05414570
v 0.01229664 -0.02406045 0.05884557
v 0.02052671 -0.02408335 0.05654163
v 0.01254014 -0.02408982 0.04977974
v 0.01198741 -0.02406469 0.04687158
v 0.01830852 -0.02409830 0.04977300
v 0.01559762 -0.02407342 0.04761495
v 0.02050511 -0.02408586 0.04689208
v -0.01186807 -0.02406283 0.04744603
v -0.01857467 -0.02408667 0.04688964
v -0.01706374 -0.02383477 0.04646444
v -0.02120476 -0.02384613 0.04644079
v -0.01945569 -0.02332445 0.04594170
v -0.01525964 -0.02336024 0.04604444
v -0.02213502 -0.02383110 0.04629148
v -0.03262175 -0.02411876 0.04060813
v -0.02695285 -0.02413097 0.03724254
v -0.03218136 -0.02411961 0.03570893
v -0.03581703 -0.02410256 0.03762687
v -0.03586721 -0.02411537 0.03212486
v 0.02744302 -0.02407428 0.05884326
v 0.02389828 -0.02410193 0.05013805
v -0.02360231 -0.02414322 0.04159926
v 0.01542608 -0.02403632 0.04685949
v -0.02958552 -0.02411927 0.03036780
v -0.02303482 -0.02408368 0.05886622
v -0.02438080 -0.02405173 0.05939467
v -0.03661065 -0.02407499 0.05941610
v -0.04037067 -0.02410336 0.05879662
v -0.04568582 -0.02409258 0.05878022
v -0.04643395 -0.02406014 0.05940050
v -0.02091574 -0.02409302 0.04689308
v 0.01706795 -0.02409262 0.05229104
v 0.02250569 -0.02411325 0.04673548
v 0.02382443 -0.02413499 0.04576072
v 0.02545183 -0.02412770 0.04282428
v 0.02239021 -0.02418060 0.04451612
v 0.02527629 -0.02411349 0.03992748
v 0.02338078 -0.02410160 0.03666175
v 0.02654768 -0.02410531 0.03594217
v 0.03129360 -0.02409655 0.04189951
v 0.03327831 -0.02409741 0.03624137
v 0.02427909 -0.02411800 0.03207884
v 0.03545079 -0.02409947 0.03755167
v 0.03866898 -0.02409148 0.04678878
v 0.03303666 -0.02409184 0.04975067
v 0.03954730 -0.02407811 0.05027401
v 0.04063148 -0.02405272 0.04773613
v 0.03993655 -0.02403841 0.04683495
v 0.04627860 -0.02398938 0.04686987
v 0.04420384 -0.02404159 0.04779496
v 0.04755221 -0.02404894 0.04901871
v 0.04337094 -0.02383042 0.04641916
v 0.04006466 -0.02384098 0.04637394
v 0.04056933 -0.02345050 0.04601496
v 0.04015023 -0.02349714 0.04594109
v 0.04056431 -0.02318156 0.04559553
v 0.04057980 -0.02313508 0.04503443
v 0.04116105 -0.02305338 0.04509830
v 0.04126221 -0.02308284 0.04266062
v 0.04231044 -0.02308048 0.04427741
v 0.04241842 -0.02306362 0.04118069
v 0.04300452 -0.02303242 0.04422296
v 0.04313043 -0.02301247 0.04078312
v 0.04373739 -0.02306456 0.04485706
v 0.04363497 -0.02296540 0.04513283
v 0.04425169 -0.02303694 0.04494579
v 0.04182244 -0.02343932 0.04599388
v 0.04678603 -0.02380602 0.04639175
v 0.03679073 -0.02408097 0.05398944
v 0.02924180 -0.02410403 0.05281304
v 0.03177625 -0.02408410 0.05592582
v 0.04110105 -0.02405786 0.05730170
v 0.04449308 -0.02406826 0.05415625
v 0.04897695 -0.02403823 0.05883595
v 0.05029752 -0.02400141 0.05943973
v 0.05403790 -0.02401634 0.05875625
v 0.04065553 -0.02313022 0.04128578
v 0.03923133 -0.02401542 0.05941912
v 0.02961778 -0.02410114 0.03357622
v 0.02248504 -0.02416136 0.02705620
v 0.02446299 -0.02410599 0.02456767
v 0.02250038 -0.02414173 0.02050485
v 0.02430698 -0.02411796 0.01772970
v 0.02273768 -0.02413399 0.01626827
v 0.02380956 -0.02409834 0.01533307
v 0.02695643 -0.02409995 0.01645365
v 0.03747931 -0.02408368 0.03687777
v 0.03868528 -0.02408405 0.02950982
v 0.04215800 -0.02304122 0.04510111
v 0.03991126 -0.02389895 0.04579253
v 0.02896074 -0.02410325 0.04705956
v 0.03514773 -0.02409443 0.02884712
v 0.02075398 -0.02407848 0.01454232
v -0.02430584 -0.02413011 0.02966154
v -0.02244406 -0.02410302 0.03256377
v -0.03292011 -0.02410846 0.02888714
v -0.03404621 -0.02410343 0.02541737
v 0.01363021 -0.02403597 0.05939893
v 0.00894174 -0.02404194 0.04799190
v 0.00879126 -0.02399521 0.04681538
v 0.00933518 -0.02381786 0.04642612
v 0.00124275 -0.02402565 0.04558345
v 0.00714218 -0.02403513 0.04622760
v 0.04423523 -0.02303144 0.04252315
v -0.03601845 -0.02413878 0.04312019
v -0.02828722 -0.02411031 0.02661754
v -0.02770572 -0.02411537 0.02041761
v -0.03506077 -0.02410889 0.01964501
v -0.02242618 -0.02411602 0.02010770
v -0.02240653 -0.02413747 0.01749098
v -0.02293459 -0.02411681 0.01545419
v -0.02239829 -0.02413736 0.01629697
v -0.02525300 -0.02413089 0.00977393
v -0.02091965 -0.02411561 0.01434196
v -0.01746931 -0.02409785 0.01516795
v -0.01729208 -0.02412011 0.01326600
v -0.01252395 -0.02410779 0.01517691
v -0.04352957 -0.02406295 0.04689110
v -0.03838969 -0.02415017 0.04670658
v -0.03911011 -0.02386901 0.04644977
v 0.04379285 -0.02294803 0.04544154
v -0.03816845 -0.02415059 0.04588269
v -0.04310048 -0.02384079 0.04648806
v -0.04396792 -0.02412052 0.05279057
v 0.06136001 -0.02400413 0.05889200
v 0.06533016 -0.02397155 0.05943496
v 0.07240561 -0.02401861 0.05882800
v 0.07294701 -0.02398832 0.05944487
v 0.07546795 -0.02403680 0.05878059
v 0.07641772 -0.02402891 0.05628408
v 0.07128639 -0.02404257 0.05443200
v 0.07910956 -0.02404433 0.05614199
v 0.07813426 -0.02400780 0.05779770
v 0.08099095 -0.02402388 0.05360514
v 0.07902117 -0.02399810 0.05722895
v 0.07872308 -0.02388234 0.05789557
v 0.07998516 -0.02389204 0.05675254
v 0.07898705 -0.02368372 0.05796535
v 0.07734872 -0.02388837 0.05874037
v 0.07972741 -0.02361840 0.05740082
v 0.08088016 -0.02399676 0.05468187
v 0.07699927 -0.02403359 0.05141400
v 0.08031289 -0.02357469 0.05680537
v 0.08078440 -0.02385463 0.05585387
v 0.08164836 -0.02402626 0.05296284
v 0.08229952 -0.02392160 0.05209746
v 0.08176739 -0.02402624 0.05073800
v 0.03879282 -0.02406024 0.02462455
v 0.03491784 -0.02408947 0.01938887
v 0.03170415 -0.02409422 0.01583728
v 0.03505563 -0.02409348 0.00915623
v 0.02891634 -0.02410121 0.00978706
v 0.03032783 -0.02408724 0.00426218
v 0.02305547 -0.02410231 0.00822070
v 0.02080706 -0.02409420 0.00553344
v 0.04278651 -0.02408886 0.00649953
v 0.04182229 -0.02407111 0.00321967
v 0.05143555 -0.02408049 0.00569147
v 0.04910857 -0.02406250 0.00196260
v 0.04302049 -0.02402374 0.00017103
v 0.04963984 -0.02403428 0.00017007
v 0.04140903 -0.02394543 0.00006346
v 0.05418388 -0.02400434 0.00015883
v 0.06275163 -0.02404100 0.00225622
v 0.05042225 -0.02408065 0.00976846
v 0.04745504 -0.02407431 0.01290162
v 0.05597227 -0.02406132 0.01113296
v 0.06056638 -0.02406387 0.00594029
v 0.02899592 -0.02404352 0.00017479
v 0.06596418 -0.02406027 0.00868036
v 0.07168801 -0.02403828 0.00210131
v 0.07249018 -0.02405445 0.00835580
v 0.07472374 -0.02403777 0.00620696
v 0.07541756 -0.02404078 0.01385218
v 0.08041396 -0.02403221 0.01216297
v 0.07964584 -0.02402630 0.00792124
v 0.08170539 -0.02403356 0.00792508
v 0.08097732 -0.02397665 0.00531542
v 0.08178054 -0.02404986 0.01320584
v 0.08178921 -0.02402171 0.01858698
v 0.08239304 -0.02399399 0.01939422
v 0.07677994 -0.02399604 0.00347938
v 0.08234391 -0.02400865 0.00988337
v 0.07783963 -0.02401974 0.01873708
v 0.07256349 -0.02401646 0.02387260
v 0.07641325 -0.02400916 0.02522996
v 0.07952040 -0.02400290 0.02717915
v 0.07545380 -0.02401057 0.03101473
v 0.07813954 -0.02400815 0.03302727
v 0.08177786 -0.02398923 0.03569850
v 0.07832257 -0.02401644 0.04287164
v 0.07070668 -0.02401933 0.03014614
v 0.07030444 -0.02402295 0.03476876
v 0.06538408 -0.02401887 0.03079627
v 0.06380122 -0.02402022 0.03603050
v 0.05901839 -0.02401049 0.03131495
v 0.07285152 -0.02402354 0.03887300
v 0.07260354 -0.02403625 0.04396633
v 0.06517532 -0.02403364 0.04066700
v 0.06189722 -0.02400762 0.02459924
v 0.05596004 -0.02398870 0.02480271
v 0.06079875 -0.02402351 0.02021711
v 0.05573507 -0.02398898 0.03681564
v 0.06857960 -0.02404585 0.04782471
v 0.06240195 -0.02404029 0.04538072
v 0.05570758 -0.02403717 0.04539753
v 0.06122011 -0.02404205 0.05066671
v 0.05459337 -0.02402989 0.04717526
v 0.05310424 -0.02398100 0.04478816
v 0.05348916 -0.02394663 0.04095166
v 0.05309860 -0.02400580 0.04580054
v 0.05268767 -0.02326667 0.04522356
v 0.05318618 -0.02400985 0.04639594
v 0.05508244 -0.02403400 0.05352473
v 0.08179712 -0.02400970 0.02371561
v 0.05273572 -0.02330225 0.04230382
v 0.05298782 -0.02367750 0.04127431
v 0.05253381 -0.02299464 0.04088434
v 0.05293823 -0.02368492 0.03836013
v 0.05265954 -0.02329103 0.03751348
v 0.05294437 -0.02368317 0.03194511
v 0.05266254 -0.02330586 0.03280030
v 0.05265000 -0.02330944 0.03108753
v 0.05225047 -0.02301799 0.03300148
v 0.05242624 -0.02299155 0.02886894
v 0.05293661 -0.02368972 0.02849386
v 0.05263413 -0.02327825 0.02784270
v 0.05292505 -0.02366170 0.02488421
v 0.05329224 -0.02385152 0.02517472
v 0.05291948 -0.02376347 0.01983304
v 0.05322417 -0.02387339 0.02928977
v 0.05249972 -0.02298677 0.04415099
v 0.05236121 -0.02299200 0.04517538
v 0.05101545 -0.02290226 0.04497015
v 0.05187804 -0.02321910 0.04566170
v 0.08170916 -0.02400669 0.00686983
v 0.08036128 -0.02385936 0.00383996
v 0.05224546 -0.02301629 0.02720261
v 0.05157176 -0.02301155 0.03006773
v 0.05123393 -0.02304531 0.02702223
v 0.04881136 -0.02308181 0.02806866
v 0.04914496 -0.02307023 0.02975428
v 0.05022505 -0.02302485 0.03045448
v 0.04567271 -0.02303572 0.03010895
v 0.05105918 -0.02304930 0.02179697
v 0.04854998 -0.02305715 0.02205582
v 0.04948668 -0.02301796 0.01886377
v 0.04663356 -0.02301655 0.01880447
v 0.05139955 -0.02299467 0.01931592
v 0.04513151 -0.02305437 0.02799491
v 0.04508059 -0.02302855 0.01972419
v 0.04615359 -0.02301570 0.01811202
v 0.05068536 -0.02296759 0.01872714
v 0.05238119 -0.02298851 0.01882913
v 0.05167973 -0.02289971 0.03080780
v 0.04971287 -0.02279043 0.03081547
v 0.04981197 -0.02283863 0.03111749
v 0.04540959 -0.02272159 0.03075561
v 0.04975316 -0.02301631 0.01793012
v 0.05226049 -0.02301480 0.02287741
v 0.04438172 -0.02301069 0.02745070
v 0.04458171 -0.02301268 0.02414383
v 0.04395432 -0.02301029 0.01946189
v 0.04395147 -0.02292230 0.02925910
v 0.06124355 -0.02405173 0.01428215
v 0.05588350 -0.02402274 0.01874097
v 0.05423839 -0.02403023 0.01683431
v 0.05321312 -0.02387596 0.04076023
v 0.06063568 -0.02399475 0.00016368
v 0.05206056 -0.02404780 0.01449922
v 0.04462045 -0.02402864 0.01484925
v 0.04278893 -0.02406749 0.01281186
v 0.04845203 -0.02402954 0.01576114
v 0.04062034 -0.02406448 0.01443924
v 0.04372058 -0.02303132 0.02298813
v 0.04313371 -0.02298696 0.01967067
v 0.05572423 -0.02405842 0.00332208
v 0.02837139 -0.02406346 0.00154663
v 0.01374286 -0.02409513 0.00478395
v 0.00887712 -0.02410962 0.00575510
v 0.00843368 -0.02408865 0.00172094
v 0.00333677 -0.02411486 0.00477064
v 0.00265386 -0.02412346 0.00908950
v -0.00378006 -0.02411506 0.00458520
v -0.00492860 -0.02412242 0.00970370
v -0.01237986 -0.02412064 0.00620499
v -0.01361846 -0.02409769 0.00193204
v -0.01654280 -0.02411099 0.00354084
v 0.00012826 -0.02411879 0.01433589
v 0.00533541 -0.02412012 0.01313090
v 0.00222155 -0.02410982 0.01684318
v 0.00652213 -0.02408598 0.01845650
v 0.00284152 -0.02408664 0.01963294
v 0.00392080 -0.02406689 0.02376317
v 0.00785873 -0.02401441 0.02445782
v 0.00564616 -0.02404542 0.02768691
v 0.00438812 -0.02408146 0.02722358
v 0.00874965 -0.02411081 0.01631307
v 0.00378172 -0.02407926 0.02805214
v 0.00297583 -0.02413689 0.02763053
v 0.00174354 -0.02406259 0.02830023
v 0.00162617 -0.02409694 0.02761730
v 0.00030567 -0.02407654 0.02747185
v 0.00067627 -0.02406004 0.02697348
v -0.00020167 -0.02432005 0.02707124
v -0.00026274 -0.02423465 0.02749765
v -0.00088236 -0.02430442 0.02693966
v -0.00108452 -0.02450024 0.02742640
v -0.00127518 -0.02411408 0.02619602
v -0.00033735 -0.02410508 0.02568152
v -0.00279680 -0.02404989 0.02586588
v -0.00207244 -0.02409332 0.02704111
v -0.00298347 -0.02404062 0.02816848
v -0.00736338 -0.02405752 0.02244424
v -0.00723036 -0.02405168 0.02668745
v -0.00836969 -0.02406274 0.02366781
v -0.00700037 -0.02409847 0.01836948
v -0.00863274 -0.02399332 0.02558901
v -0.00835860 -0.02408303 0.02703142
v -0.00275067 -0.02403762 0.02956453
v -0.00770530 -0.02406839 0.03153743
v -0.00516471 -0.02405273 0.03405688
v -0.00870318 -0.02402088 0.03718442
v -0.00651731 -0.02402173 0.04186211
v -0.00036470 -0.02405281 0.03537652
v -0.00764593 -0.02401482 0.04214874
v -0.00438994 -0.02403823 0.03905659
v -0.00194834 -0.02406453 0.02796644
v -0.00870864 -0.02411055 0.03051764
v -0.00870829 -0.02401746 0.04027926
v -0.00141592 -0.02423554 0.02707060
v 0.00081871 -0.02405528 0.02589926
v 0.00893585 -0.02409962 0.01473977
v 0.00851556 -0.02402313 0.03077915
v 0.00761892 -0.02411937 0.00920155
v -0.00098404 -0.02409764 0.00155021
v 0.00462397 -0.02407798 0.00016575
v -0.00797820 -0.02408010 0.00017365
v -0.00875352 -0.02412501 0.01508041
v 0.00237891 -0.02408201 0.02463982
v 0.00843388 -0.02397631 0.02429749
v 0.04453551 -0.02402610 0.01574829
v 0.04049681 -0.02408740 0.00982654
v 0.05179892 -0.02299307 0.04434179
v 0.05013519 -0.02300159 0.04480622
v 0.04995717 -0.02306988 0.04392238
v 0.04621770 -0.02297448 0.04484603
v 0.04780896 -0.02304424 0.04109735
v 0.04510627 -0.02302191 0.04210247
v 0.04516110 -0.02304736 0.03790634
v 0.04553401 -0.02306635 0.03405224
v 0.05170188 -0.02301186 0.04116542
v 0.04997813 -0.02308211 0.03250508
v 0.04418243 -0.02299748 0.03225610
v 0.04366209 -0.02300933 0.03207823
v 0.04457045 -0.02313081 0.03178198
v 0.04303480 -0.02316160 0.03178518
v 0.04244110 -0.02311521 0.03134646
v 0.04277613 -0.02295320 0.03100800
v 0.04378971 -0.02284944 0.03110123
v 0.04377669 -0.02273831 0.03079031
v 0.04434155 -0.02297946 0.03104778
v 0.04443775 -0.02315339 0.03128987
v 0.04305302 -0.02305265 0.03013506
v 0.04448432 -0.02302713 0.03071450
v 0.04450732 -0.02306812 0.03029958
v 0.04484556 -0.02296657 0.03035201
v 0.04456079 -0.02300807 0.02989077
v 0.04387615 -0.02285421 0.03036364
v 0.04386447 -0.02313352 0.03140087
v 0.05284287 -0.02385109 0.04628072
v -0.02249700 -0.02411988 0.02506093
v 0.03872324 -0.02407854 0.01871075
v 0.05237715 -0.02298880 0.04226091
v 0.04544675 -0.02282073 0.03113018
v 0.01698392 -0.02408197 0.01324351
v 0.08260303 -0.02377572 0.05188563
v 0.08271564 -0.02388562 0.05009469
v 0.04306346 -0.02304393 0.03729460
v 0.05324095 -0.02393964 0.02071344
v 0.03184483 -0.02409071 0.02901813
v 0.07995097 -0.02397737 0.05635378
v 0.02022734 -0.02384835 0.04643228
v 0.02045906 -0.02335653 0.04597453
v -0.06065561 -0.02407583 0.03023418
v -0.05457775 -0.02403967 0.02507445
v 0.03644920 -0.02393916 0.05963527
v 0.04493089 -0.02286135 0.04535730
v 0.04441315 -0.02303572 0.04567648
v 0.04304805 -0.02304917 0.04566859
v -0.02719711 -0.02409059 0.00056684
v -0.05402508 -0.02403074 0.03183668
v -0.05274493 -0.02391095 0.02361123
v -0.05274572 -0.02391164 0.02891511
v -0.05272861 -0.02393542 0.03362902
v -0.05274693 -0.02391412 0.03713128
v -0.03851324 -0.02402110 0.04649181
v -0.06595148 -0.02411536 0.04970981
v -0.06097697 -0.02411009 0.05437513
v -0.07046308 -0.02411759 0.05423731
v -0.06240361 -0.02408103 0.05889874
v -0.06807894 -0.02408445 0.05886254
v -0.07182934 -0.02410123 0.05877392
v -0.07274194 -0.02404932 0.05941433
v -0.07585733 -0.02406773 0.05878862
v -0.07577921 -0.02395513 0.05913997
v -0.07173963 -0.02398250 0.05959465
v -0.07246900 -0.02380692 0.05973086
v -0.07087266 -0.02411082 0.04800735
v -0.05380170 -0.02405301 0.04129485
v -0.08170696 -0.02411462 0.05297516
v -0.08243532 -0.02404936 0.05014465
v -0.08160285 -0.02398238 0.05437056
v -0.08232430 -0.02394825 0.05268579
v -0.06545398 -0.02409114 0.03734745
v 0.01215813 -0.02376292 0.05978784
v -0.05374741 -0.02400624 0.03850777
v 0.04574520 -0.02288243 0.04499584
v -0.06993036 -0.02408325 0.02817597
v -0.06392483 -0.02407585 0.02377625
v -0.07421537 -0.02411486 0.04818125
v 0.03957599 -0.02413410 0.01698966
v 0.03993626 -0.02337733 0.01636803
v 0.03996452 -0.02326317 0.01804827
v 0.04018570 -0.02324195 0.02153935
v 0.04065803 -0.02311973 0.02093056
v 0.04005068 -0.02347482 0.01595677
v 0.04047094 -0.02318456 0.01632169
v 0.04042437 -0.02311192 0.01784761
v -0.08242485 -0.02407848 0.01336091
v -0.08179282 -0.02410650 0.00919064
v -0.07969605 -0.02408056 0.00625621
v -0.08237117 -0.02406228 0.00909329
v -0.06926121 -0.02409793 0.01734447
v 0.04477404 -0.02286671 0.03076057
v -0.08091737 -0.02406784 0.05511468
v -0.08080942 -0.02392417 0.05577938
v 0.07323453 -0.02393929 0.05963401
v 0.07677106 -0.02400680 0.05856822
v -0.08244286 -0.02406990 0.02107417
v -0.08244479 -0.02405413 0.02975065
v -0.06564145 -0.02403540 0.05940830
v -0.08179677 -0.02409736 0.03854809
v -0.08245259 -0.02405179 0.03897622
v 0.05147820 -0.02392713 0.05965875
v -0.06621838 -0.02409130 0.01834075
v -0.06048366 -0.02408561 0.01939961
v -0.08270314 -0.02398367 0.05097359
v -0.07697367 -0.02408838 0.05816272
v -0.06587371 -0.02408346 0.02968574
v 0.06508344 -0.02390017 0.05965075
v 0.08269823 -0.02394354 0.01599921
v 0.08273882 -0.02389204 0.03015652
v -0.02369771 -0.02412324 0.03872114
v -0.08030148 -0.02408221 0.05586597
v 0.03013689 -0.02375612 0.05981369
v 0.07132047 -0.02400445 0.00054818
v 0.07455815 -0.02394486 0.00073409
v 0.01657249 -0.02382400 0.04641132
v 0.08288828 -0.02374683 0.04418934
v 0.08236870 -0.02396468 0.04423280
v 0.04335012 -0.02293796 0.01876101
v -0.08043510 -0.02391097 0.00372956
v -0.04917635 -0.02409008 0.00167255
v -0.05796510 -0.02410447 0.01481435
v -0.05708507 -0.02406375 0.02429225
v -0.03822255 -0.02412359 0.04302131
v -0.04988002 -0.02407654 0.01587155
v -0.04399751 -0.02412532 0.00765212
v -0.03511447 -0.02411648 0.00388501
v -0.03091970 -0.02412207 0.01612708
v -0.03489491 -0.02412799 0.00733930
v -0.03701098 -0.02407551 0.01993808
v 0.07625698 -0.02395102 0.00131611
v -0.02233125 -0.02413873 0.04060485
v 0.04515723 -0.02308886 0.03246890
v 0.08237960 -0.02395715 0.03140844
v -0.05226086 -0.02411984 0.01582240
v 0.08007798 -0.02394815 0.00403387
v 0.00595777 -0.02403879 0.03595708
v 0.00827084 -0.02398343 0.03904472
v -0.02363039 -0.02412232 0.00486179
v 0.04847856 -0.02297914 0.03055195
v 0.05301289 -0.02407375 0.01631743
v 0.05272735 -0.02369299 0.01599565
v 0.04393528 -0.02298870 0.01813945
v -0.00211423 -0.02403450 0.05056064
v 0.04293334 -0.02301228 0.01793612
v 0.04392882 -0.02314828 0.01775078
v 0.04254647 -0.02314567 0.01771385
v 0.00006147 -0.02403260 0.02952955
v 0.04967954 -0.02405293 0.05160918
v 0.04483643 -0.02304780 0.01787079
v 0.05233425 -0.02302047 0.02133971
v 0.05261391 -0.02330945 0.01965769
v -0.03679413 -0.02409055 0.02718915
v 0.04307678 -0.02305143 0.02464728
v 0.04210861 -0.02311301 0.02286925
v -0.03836524 -0.02377617 0.03834651
v -0.03850075 -0.02380082 0.04288474
v -0.03854461 -0.02341372 0.04176424
v -0.03853779 -0.02346716 0.04539419
v -0.03877063 -0.02327126 0.04270563
v -0.03876085 -0.02326772 0.03931389
v -0.03876604 -0.02325065 0.04488307
v -0.03863768 -0.02340818 0.04567014
v -0.03920640 -0.02313234 0.04504020
v -0.03917469 -0.02314943 0.04551173
v -0.03927614 -0.02314734 0.04106225
v -0.03934506 -0.02316131 0.03564245
v -0.04234188 -0.02302538 0.04094788
v -0.04111229 -0.02308293 0.03405767
v -0.04250612 -0.02304138 0.03792376
v -0.03924718 -0.02314612 0.03194540
v -0.04331910 -0.02296034 0.03800787
v -0.04243447 -0.02304513 0.03293943
v -0.04276662 -0.02297751 0.04238653
v -0.04327847 -0.02297531 0.04231603
v -0.04273320 -0.02293418 0.04471232
v -0.04329226 -0.02294560 0.04482116
v -0.04377141 -0.02298553 0.04307932
v -0.04374905 -0.02304256 0.04492331
v -0.04443398 -0.02285179 0.04449755
v -0.04431428 -0.02287091 0.04174919
v -0.04487608 -0.02291634 0.04363623
v -0.04477970 -0.02294111 0.04097588
v -0.04430093 -0.02287388 0.03894478
v -0.04498508 -0.02307606 0.03767792
v -0.04375340 -0.02297903 0.04575764
v -0.04512550 -0.02304306 0.04089734
v -0.04495779 -0.02285470 0.04507679
v -0.04381870 -0.02289526 0.03996933
v -0.04546606 -0.02309946 0.03707638
v -0.04245346 -0.02304084 0.04309753
v -0.03875591 -0.02330736 0.03469729
v -0.04517334 -0.02304530 0.04374167
v -0.04055170 -0.02337030 0.04597864
v -0.04778077 -0.02306948 0.04146172
v -0.05151248 -0.02303814 0.03980245
v -0.05043592 -0.02304131 0.04132517
v -0.05050765 -0.02305298 0.04386902
v -0.05110400 -0.02302669 0.04043811
v 0.08250380 -0.02388797 0.00861713
v 0.01197338 -0.02409686 0.01280488
v -0.04426849 -0.02281921 0.02263216
v -0.04502350 -0.02309169 0.02788556
v -0.04498203 -0.02308157 0.02152625
v -0.04550793 -0.02311016 0.02542278
v -0.04547564 -0.02314088 0.02966364
v -0.04545963 -0.02310771 0.02013080
v -0.04512672 -0.02307356 0.01903575
v -0.04656700 -0.02308956 0.02092586
v -0.04480675 -0.02287067 0.01885067
v -0.04552466 -0.02302855 0.01847228
v -0.04532015 -0.02304518 0.01804082
v -0.04438958 -0.02269513 0.01873748
v -0.04442166 -0.02280417 0.01809552
v -0.04591646 -0.02311858 0.01776925
v -0.04570358 -0.02312961 0.01717968
v -0.04839669 -0.02309459 0.01709172
v -0.05098731 -0.02309773 0.01769572
v -0.04423576 -0.02309398 0.01635959
v -0.05124275 -0.02308339 0.01707905
v -0.05101100 -0.02301585 0.01657300
v -0.04912380 -0.02305655 0.01622583
v -0.05119129 -0.02309074 0.01632289
v -0.05011280 -0.02302351 0.01782671
v -0.05123201 -0.02298680 0.01808796
v -0.05177353 -0.02301494 0.01759942
v -0.05208959 -0.02292830 0.01906131
v -0.05107050 -0.02299387 0.01890477
v -0.05151632 -0.02302867 0.02132422
v -0.05204630 -0.02297534 0.02144167
v -0.04649822 -0.02302722 0.01787353
v 0.02138857 -0.02409754 0.01165658
v -0.02984098 -0.02410989 0.05595478
v -0.05213583 -0.02296961 0.04065892
v -0.05088343 -0.02295528 0.04491110
v -0.04709434 -0.02292200 0.04570386
v -0.04556548 -0.02293959 0.04513850
v -0.04866303 -0.02297689 0.04565876
v -0.04892828 -0.02383741 0.04642059
v -0.05009791 -0.02302026 0.04478569
v 0.05235568 -0.02300974 0.01826986
v -0.04993254 -0.02305713 0.02097002
v -0.04245910 -0.02307052 0.03153970
v 0.04955197 -0.02353002 0.04592362
v -0.05140549 -0.02410264 0.05548743
v -0.03923281 -0.02316043 0.04370940
v 0.05326438 -0.02385104 0.03459847
v 0.05352731 -0.02392912 0.03190053
v 0.05192540 -0.02402208 0.04765955
v 0.05360659 -0.02392424 0.02387085
v -0.04344039 -0.02312769 0.01714776
v -0.03937387 -0.02314937 0.02648016
v 0.04063869 -0.02314356 0.02761388
v 0.00827092 -0.02398617 0.04309069
v 0.07627772 -0.02382969 0.00099802
v 0.07753989 -0.02383599 0.00153114
v 0.07983257 -0.02400998 0.04672971
v 0.08175372 -0.02400279 0.04509443
v -0.07943182 -0.02408650 0.05661071
v -0.04388052 -0.02283239 0.02027993
v -0.04569184 -0.02301687 0.04493141
v 0.01998671 -0.02407787 0.00219650
v 0.07768731 -0.02394718 0.00195307
v -0.04109226 -0.02292760 0.03122336
v -0.04379702 -0.02292635 0.03317670
v -0.04273939 -0.02304580 0.01959571
v 0.02573386 -0.02395255 0.05960885
v 0.01969813 -0.02301549 0.04566135
v 0.01571229 -0.02294594 0.04569193
v 0.04628381 -0.02314752 0.01776726
v 0.04434101 -0.02317886 0.01715603
v 0.04696306 -0.02318148 0.01719253
v -0.04426328 -0.02287916 0.03543361
v 0.07585258 -0.02393364 0.05920446
v -0.04668343 -0.02307118 0.04376429
v 0.04285851 -0.02337538 0.04596390
v 0.08235612 -0.02397656 0.05015010
v 0.04215782 -0.02299626 0.04530654
v 0.05084272 -0.02314071 0.01776885
v -0.00866722 -0.02410010 0.02781236
v -0.03873377 -0.02328033 0.03181841
v -0.03873842 -0.02319959 0.01921388
v -0.04511491 -0.02309982 0.03064779
v -0.07985076 -0.02398919 0.05673422
v 0.01343728 -0.02406001 0.00016876
v -0.04218400 -0.02302877 0.04481011
v -0.08282410 -0.02397283 0.04884696
v -0.03994073 -0.02312655 0.01715055
v 0.05237164 -0.02299286 0.03032895
v -0.04435473 -0.02272667 0.01905335
v -0.07936795 -0.02395497 0.05727665
v -0.04342831 -0.02290056 0.03099871
v 0.01214915 -0.02384358 0.04642437
v 0.07884551 -0.02382113 0.00235662
v 0.04203157 -0.02311596 0.02704757
v 0.04216848 -0.02305210 0.01832291
v -0.07805312 -0.02407472 0.05785617
v -0.03846982 -0.02382237 0.04578206
v -0.04547406 -0.02312178 0.03316228
v -0.03850168 -0.02346327 0.03695991
v 0.07631826 -0.02365958 0.05937478
v 0.05355855 -0.02391095 0.03621351
v -0.03916582 -0.02335026 0.01640694
v -0.04928979 -0.02407929 0.04688936
v 0.05563002 -0.02398529 0.02393596
v -0.04996570 -0.02303681 0.01896386
v 0.00163737 -0.02412683 0.02596922
v 0.03934965 -0.02408156 0.04615001
v -0.04379617 -0.02287153 0.03533244
v 0.04335435 -0.02296419 0.03017926
v -0.03984628 -0.02322063 0.01648100
v -0.04260447 -0.02291555 0.03127157
v -0.00884208 -0.02415024 0.01629802
v -0.04280489 -0.02298314 0.03196875
v 0.00047871 -0.02410511 0.02557797
v -0.04665574 -0.02311053 0.02972335
v 0.05280611 -0.02400362 0.04685470
v -0.04472721 -0.02285587 0.02934013
v 0.04545848 -0.02311126 0.03141132
v -0.01022110 -0.02412380 0.00915360
v -0.03806742 -0.02406150 0.03639789
v -0.03813025 -0.02408211 0.03357774
v -0.03852870 -0.02343966 0.03123597
v -0.03935418 -0.02303865 0.03099670
v -0.04065190 -0.02309037 0.03149226
v -0.03914805 -0.02307641 0.01810628
v -0.03915064 -0.02311027 0.01710729
v -0.03932770 -0.02313004 0.01983646
v -0.04102014 -0.02300376 0.04520093
v -0.04042135 -0.02308781 0.04546206
v -0.04190503 -0.02301420 0.04565106
v -0.03880084 -0.02342328 0.04602363
v -0.04307069 -0.02321729 0.04592277
v -0.04481429 -0.02332661 0.04603708
v -0.05224789 -0.02405637 0.04684609
v -0.05226041 -0.02386831 0.04636853
v -0.05007877 -0.02339191 0.04595954
v -0.05180966 -0.02310492 0.04556310
v -0.05212227 -0.02298036 0.04521836
v -0.05160685 -0.02294658 0.04515146
v -0.04334075 -0.02298178 0.01870764
v -0.07671072 -0.02411959 0.05405109
v -0.05133722 -0.02408535 0.05894756
v -0.05935187 -0.02409886 0.05674388
v -0.03365438 -0.02410424 0.05888576
v 0.02404175 -0.02409720 0.05492393
v 0.03881771 -0.02403980 0.05892806
v 0.02773300 -0.02404051 0.05940463
v 0.03854913 -0.02407821 0.01582885
v 0.03971923 -0.02409825 0.01623939
v 0.02914873 -0.02409110 0.01897832
v 0.01568569 -0.02409976 0.00956756
v 0.07077658 -0.02403527 0.01870736
v 0.06694633 -0.02401459 0.02635287
v 0.06642324 -0.02404254 0.01719159
v 0.07076973 -0.02405687 0.01240078
v -0.01563095 -0.02412794 0.01024966
v -0.02994880 -0.02409756 0.00154498
v -0.04078674 -0.02408520 0.00154280
v -0.02900068 -0.02412656 0.00524325
v -0.03068347 -0.02412687 0.01029980
v -0.00921408 -0.02415628 0.01613878
v -0.05408034 -0.02403214 0.02216452
v -0.05410560 -0.02405170 0.02047049
v -0.05276036 -0.02398711 0.01823696
v -0.05229002 -0.02371125 0.02537130
v -0.05690558 -0.02408792 0.01817458
v 0.02753116 -0.02408796 0.02589764
v 0.03143415 -0.02408447 0.02344595
v 0.03976191 -0.02410220 0.03107536
v 0.03979413 -0.02405823 0.02413434
v 0.03972676 -0.02407887 0.02008776
v 0.03992806 -0.02368479 0.03045665
v 0.03995313 -0.02374480 0.03610534
v 0.04020526 -0.02327784 0.03337625
v 0.04027174 -0.02325274 0.03937996
v 0.04057978 -0.02310811 0.03104627
v 0.04168288 -0.02310478 0.03742076
v 0.04123344 -0.02308375 0.03121207
v 0.04265612 -0.02307896 0.03259384
v 0.04014854 -0.02324352 0.03059691
v 0.03990795 -0.02373458 0.02125029
v 0.03991257 -0.02371714 0.02689064
v 0.04030004 -0.02332472 0.04406997
v 0.03985249 -0.02405066 0.04178096
v 0.03983454 -0.02407421 0.04358166
v 0.03903842 -0.02408659 0.04200622
v 0.03983162 -0.02406288 0.03758951
v 0.04192179 -0.02308905 0.03035166
v 0.03977413 -0.02411466 0.04561691
v 0.03881923 -0.02405840 0.03693597
v 0.04017619 -0.02325721 0.02759385
v 0.06437515 -0.02402974 0.05636890
v 0.06296209 -0.02404417 0.05338180
v 0.07095835 -0.02404412 0.05053045
v 0.05557351 -0.02402639 0.04263235
v 0.05827497 -0.02401504 0.03765604
v -0.00537221 -0.02402852 0.04712842
v 0.00107601 -0.02403440 0.04104638
v 0.00403194 -0.02402995 0.04368885
v 0.00656653 -0.02401517 0.04322051
v 0.00335862 -0.02406154 0.03081337
v -0.00269440 -0.02409488 0.01807887
v -0.00709069 -0.02411583 0.01695370
v -0.00119084 -0.02405956 0.02349249
v -0.00087981 -0.02404283 0.02764361
v -0.00143816 -0.02419390 0.02751871
v -0.08169953 -0.02406074 0.00681230
v -0.07797222 -0.02407040 0.00403545
v -0.08145861 -0.02400245 0.00562294
v 0.05305241 -0.02399458 0.01902877
v 0.05303631 -0.02405112 0.01798352
v 0.05267059 -0.02327998 0.01827426
v 0.05262849 -0.02328767 0.02260014
v 0.05279939 -0.02336736 0.01706882
v 0.05279838 -0.02346650 0.01649681
v 0.05243688 -0.02313172 0.01700710
v 0.05242511 -0.02310846 0.01768420
v 0.05183193 -0.02312996 0.01708550
v 0.05042749 -0.02316691 0.01719210
v 0.05165744 -0.02312488 0.01637701
v 0.05248486 -0.02335945 0.01625470
v -0.04493776 -0.02310953 0.01778487
v -0.04480055 -0.02292538 0.04574780
v -0.04555976 -0.02290111 0.04548839
v -0.04994092 -0.02307830 0.03312151
v -0.05151417 -0.02303769 0.03347618
v -0.05088825 -0.02305343 0.03265641
v -0.05145744 -0.02302631 0.03135747
v -0.05083234 -0.02305773 0.03154774
v -0.04968385 -0.02314595 0.03180904
v -0.05207767 -0.02298391 0.03631392
v -0.05043795 -0.02294652 0.03118759
v -0.04632752 -0.02318062 0.03183812
v -0.05139446 -0.02303050 0.02757628
v -0.05039212 -0.02305777 0.02771420
v 0.08275630 -0.02389637 0.03790561
v -0.04429561 -0.02275157 0.02750133
v 0.04986123 -0.02380137 0.04628886
v 0.05244854 -0.02381161 0.04634345
v -0.02237330 -0.02410252 0.04689597
v -0.01111477 -0.02401717 0.04683923
v -0.00929485 -0.02381975 0.04645224
v -0.01223496 -0.02382532 0.04644717
v -0.00892274 -0.02339895 0.04596712
v 0.04775828 -0.02287696 0.04525894
v 0.04660097 -0.02308781 0.04567247
v 0.04649577 -0.02337744 0.04591649
v 0.04490190 -0.02280390 0.04504077
v 0.04553509 -0.02301746 0.04445529
v 0.04485784 -0.02290034 0.04447987
v 0.04488940 -0.02298509 0.04249355
v 0.04436959 -0.02298436 0.04101776
v 0.04447409 -0.02289787 0.04499226
v 0.04951766 -0.02304828 0.04122533
v 0.05064008 -0.02306801 0.03268001
v 0.05231836 -0.02300335 0.03777654
v 0.05220455 -0.02301415 0.03438530
v 0.05041699 -0.02315634 0.03174983
v 0.05228655 -0.02303218 0.03606471
v 0.04443239 -0.02300570 0.03755688
v 0.04250616 -0.02307111 0.01898881
v 0.04378680 -0.02300585 0.02760767
v 0.05033711 -0.02312803 0.03138147
v 0.05224605 -0.02305002 0.03140889
v 0.05143301 -0.02292541 0.03120791
v 0.04554677 -0.02293338 0.03040270
v 0.04525493 -0.02303651 0.02953343
v 0.04232697 -0.02317190 0.01712743
v 0.05046198 -0.02290045 0.04522511
v 0.05013760 -0.02317925 0.04559587
v 0.01069482 -0.02333828 0.04596466
v 0.01642816 -0.02333835 0.04597542
v 0.01167817 -0.02296902 0.04569392
vt 0.94931591 0.42730618
vt 0.91711855 0.43963265
vt 0.93694395 0.45479804
vt 0.92216206 0.45451105
vt 0.91600555 0.45206416
vt 0.92132676 0.41735250
vt 0.95103914 0.41740823
vt 0.92850715 0.40486085
vt 0.91087908 0.40533429
vt 0.90978956 0.41708523
vt 0.90667796 0.44029462
vt 0.91166919 0.45437646
vt 0.90683615 0.45646596
vt 0.94607592 0.40466392
vt 0.95659178 0.40339196
vt 0.96020597 0.41407710
vt 0.95006114 0.44862688
vt 0.96012306 0.43137437
vt 0.96004778 0.45059371
vt 0.95728236 0.45609063
vt 0.96024567 0.46035904
vt 0.94941610 0.45652193
vt 0.93942881 0.45761377
vt 0.92127204 0.45755756
vt 0.90629226 0.40064621
vt 0.90657908 0.41942370
vt 0.91779941 0.45726407
vt 0.91367036 0.45648837
vt 0.95092976 0.40159029
vt 0.91294163 0.40213799
vt 0.90879697 0.40077734
vt 0.91115701 0.45759916
vt 0.90655708 0.46117091
vt 0.95428270 0.46028429
vt 0.95770973 0.46292853
vt 0.95812619 0.39994258
vt 0.95780802 0.39835793
vt 0.42323133 0.06654340
vt 0.95245779 0.39709890
vt 0.94594908 0.39860725
vt 0.94819397 0.40055048
vt 0.91635817 0.40074903
vt 0.92072433 0.39856172
vt 0.91127151 0.39945114
vt 0.95997524 0.46502221
vt 0.94802415 0.45824707
vt 0.90612388 0.39811993
vt 0.90993959 0.39785016
vt 0.94637871 0.46212590
vt 0.93615967 0.46000552
vt 0.91417736 0.46175027
vt 0.95317620 0.45771646
vt 0.91307575 0.46015215
vt 0.95799702 0.46542752
vt 0.95567000 0.47038323
vt 0.95351809 0.46762788
vt 0.93286186 0.47012699
vt 0.96020103 0.48395413
vt 0.95186067 0.49368751
vt 0.94302565 0.47305185
vt 0.91781521 0.47331035
vt 0.91577601 0.50426471
vt 0.91080153 0.47028095
vt 0.91638523 0.51626122
vt 0.95380813 0.50939536
vt 0.92757267 0.52250338
vt 0.94872516 0.52257282
vt 0.96022516 0.52250266
vt 0.90714955 0.50324845
vt 0.90968508 0.52214038
vt 0.90685022 0.52196991
vt 0.91665584 0.52208155
vt 0.90700805 0.46681356
vt 0.93264252 0.46751928
vt 0.95766175 0.52214766
vt 0.91078746 0.52487010
vt 0.90657365 0.52814031
vt 0.92971617 0.53060496
vt 0.95204264 0.74182004
vt 0.91858482 0.52523190
vt 0.95428306 0.52785856
vt 0.94909394 0.52470541
vt 0.95762491 0.52515435
vt 0.92840272 0.74222934
vt 0.95340806 0.53056026
vt 0.96043229 0.52820742
vt 0.90385598 0.52822363
vt 0.90936011 0.46404213
vt 0.90994930 0.46555567
vt 0.91606987 0.46639991
vt 0.90444541 0.46583897
vt 0.97823888 0.57189912
vt 0.90425134 0.45841587
vt 0.97853595 0.57912123
vt 0.91472483 0.46388888
vt 0.91582298 0.46525216
vt 0.93321091 0.46559477
vt 0.94021618 0.46430212
vt 0.95014036 0.46548772
vt 0.95082295 0.46414232
vt 0.95692348 0.46400291
vt 0.95113415 0.46673536
vt 0.90455925 0.51920915
vt 0.90473425 0.49718165
vt 0.93168128 0.39694411
vt 0.44392589 0.06675130
vt 0.91790986 0.40132004
vt 0.95804232 0.53085613
vt 0.92387092 0.74355936
vt 0.91815495 0.39719474
vt 0.90381092 0.39806378
vt 0.97881746 0.63929820
vt 0.90232795 0.53030902
vt 0.97975099 0.74354458
vt 0.98056155 0.50719190
vt 0.90341204 0.50207126
vt 0.97958302 0.53553873
vt 0.90305722 0.46693605
vt 0.97956890 0.57080120
vt 0.00070300 0.85022545
vt 0.96063131 0.39530087
vt 0.00050607 0.84389853
vt 0.42119986 0.06442976
vt 0.95470774 0.39519835
vt 0.46825871 0.06427211
vt 0.90703470 0.39519429
vt 0.96188825 0.45317268
vt 0.75870317 0.11853647
vt 0.96181017 0.41748047
vt 0.75846058 0.08305871
vt 0.96200454 0.40361047
vt 0.75826293 0.06924701
vt 0.97711706 0.74398035
vt 0.90435785 0.53220856
vt 0.45494652 0.92712432
vt 0.44503769 0.90684658
vt 0.46068063 0.91450810
vt 0.47286975 0.91995901
vt 0.46535507 0.89427072
vt 0.48757362 0.89037108
vt 0.49700126 0.91221738
vt 0.50672793 0.89111286
vt 0.52278721 0.88897485
vt 0.51883602 0.91134745
vt 0.53237927 0.90712512
vt 0.55005395 0.88856441
vt 0.54187894 0.92469329
vt 0.55155158 0.91151732
vt 0.55186921 0.93692315
vt 0.56725103 0.91319370
vt 0.56157702 0.94093364
vt 0.58335805 0.93071121
vt 0.59710103 0.91849637
vt 0.58485430 0.90160024
vt 0.60476995 0.89368534
vt 0.61821437 0.90567988
vt 0.62389332 0.87771565
vt 0.63392633 0.89205033
vt 0.63506413 0.91502345
vt 0.64624846 0.89126951
vt 0.63095659 0.85896111
vt 0.65279210 0.87195504
vt 0.64540339 0.85149026
vt 0.66706938 0.86012048
vt 0.67452431 0.88062221
vt 0.69118905 0.88302004
vt 0.68030447 0.84836513
vt 0.69746441 0.86636448
vt 0.70513290 0.89048201
vt 0.70493907 0.84071898
vt 0.68973631 0.83288038
vt 0.70460832 0.82019627
vt 0.67982572 0.81381309
vt 0.70426166 0.80187839
vt 0.67055058 0.79578853
vt 0.68401402 0.78503191
vt 0.70485806 0.77294439
vt 0.69655353 0.77166647
vt 0.65121269 0.78213602
vt 0.65784013 0.77076155
vt 0.62885296 0.77165985
vt 0.63437968 0.79714334
vt 0.65520328 0.81054461
vt 0.62480402 0.81291562
vt 0.64418328 0.82722211
vt 0.65427691 0.83759594
vt 0.66965020 0.83056027
vt 0.62393117 0.83638108
vt 0.59789902 0.85674560
vt 0.59976292 0.83541292
vt 0.60697722 0.82071173
vt 0.58284682 0.83516413
vt 0.58670670 0.80829865
vt 0.61277378 0.79456288
vt 0.58081919 0.78539485
vt 0.59728575 0.77103609
vt 0.53341824 0.77042955
vt 0.55492759 0.78267366
vt 0.53462029 0.78607160
vt 0.54939067 0.80676681
vt 0.56784576 0.80513257
vt 0.56327111 0.82780510
vt 0.55045950 0.83826452
vt 0.53029346 0.81437790
vt 0.53193027 0.85037947
vt 0.54322606 0.87118530
vt 0.56042856 0.85804170
vt 0.56973618 0.88454950
vt 0.57565171 0.86638504
vt 0.58926916 0.87796658
vt 0.61245590 0.87077498
vt 0.52685857 0.87263602
vt 0.51048946 0.86550677
vt 0.52283692 0.83610636
vt 0.50461048 0.83979046
vt 0.50624740 0.81562459
vt 0.51619053 0.79256809
vt 0.50658894 0.77023149
vt 0.49421763 0.79985416
vt 0.46782827 0.78178185
vt 0.43670115 0.76762396
vt 0.42872909 0.77972561
vt 0.45329031 0.79268050
vt 0.46505961 0.80760235
vt 0.44321904 0.81224024
vt 0.42984846 0.79352683
vt 0.42507884 0.81462979
vt 0.40426716 0.80107862
vt 0.40840772 0.78788596
vt 0.38192269 0.77986151
vt 0.41548225 0.76755393
vt 0.34870714 0.77126539
vt 0.37010008 0.79650843
vt 0.37497696 0.81670481
vt 0.40238723 0.81998503
vt 0.38963714 0.82915479
vt 0.37215114 0.83980745
vt 0.38488507 0.84980184
vt 0.37215307 0.86956120
vt 0.38383842 0.86985123
vt 0.39784393 0.86618751
vt 0.40416443 0.89262974
vt 0.41067827 0.87565845
vt 0.42163357 0.86681873
vt 0.42650294 0.88893002
vt 0.44243643 0.87842381
vt 0.46298197 0.87373728
vt 0.44113693 0.86396563
vt 0.45934051 0.85800493
vt 0.47924146 0.85823655
vt 0.49616089 0.87371081
vt 0.48815611 0.83619213
vt 0.47397828 0.82407337
vt 0.45932940 0.82385033
vt 0.45629555 0.84159267
vt 0.44283089 0.83864844
vt 0.43069753 0.83928591
vt 0.41795966 0.83448297
vt 0.40663436 0.84622806
vt 0.43312377 0.90637362
vt 0.41779473 0.91003108
vt 0.38416451 0.89084673
vt 0.39471036 0.90741020
vt 0.40672100 0.91505533
vt 0.38863510 0.92366254
vt 0.40096426 0.93758583
vt 0.37750673 0.91641182
vt 0.36975825 0.90537477
vt 0.36234346 0.89210707
vt 0.36154282 0.86606240
vt 0.35897306 0.84194702
vt 0.34859133 0.85722888
vt 0.35047388 0.87488109
vt 0.34030223 0.86900228
vt 0.33110964 0.86162859
vt 0.33382094 0.82898152
vt 0.34975556 0.83503485
vt 0.33986828 0.80832255
vt 0.36099666 0.82172161
vt 0.34953567 0.79725832
vt 0.32604870 0.78542888
vt 0.30861351 0.77044392
vt 0.30672550 0.78421569
vt 0.26091227 0.78025168
vt 0.22377403 0.78032565
vt 0.20652983 0.76758730
vt 0.18199787 0.77504456
vt 0.16592206 0.77063358
vt 0.14153086 0.78139120
vt 0.12376827 0.77055061
vt 0.11163972 0.77928209
vt 0.08610903 0.78102607
vt 0.07330576 0.77094907
vt 0.06489953 0.77547485
vt 0.06171402 0.79590619
vt 0.08647945 0.79370958
vt 0.07121466 0.80718654
vt 0.09593819 0.80711770
vt 0.11743660 0.79172909
vt 0.12226042 0.80869406
vt 0.15640475 0.80084234
vt 0.12894785 0.82158148
vt 0.10897837 0.83379817
vt 0.13756709 0.84353209
vt 0.12425368 0.84917569
vt 0.13126722 0.87483263
vt 0.15332611 0.87410545
vt 0.15814422 0.84583163
vt 0.17648381 0.85763258
vt 0.17483869 0.88092464
vt 0.19387120 0.86590821
vt 0.18382236 0.83209151
vt 0.19418094 0.82715660
vt 0.20938456 0.84128213
vt 0.21246681 0.86988413
vt 0.22312507 0.85554457
vt 0.22896771 0.88936442
vt 0.23791942 0.86335152
vt 0.23008506 0.83311558
vt 0.24981560 0.84113455
vt 0.25978151 0.84697217
vt 0.25161535 0.82160515
vt 0.27507186 0.83237994
vt 0.27473792 0.85342646
vt 0.28940845 0.85977077
vt 0.28131068 0.87827653
vt 0.30265820 0.87085176
vt 0.30535904 0.83007622
vt 0.31206450 0.84768784
vt 0.31886676 0.82567430
vt 0.31587887 0.80276185
vt 0.29610357 0.81972969
vt 0.28854451 0.78692800
vt 0.28166202 0.81336647
vt 0.26846263 0.79732597
vt 0.24214299 0.80194664
vt 0.22566044 0.80673772
vt 0.20819920 0.78988010
vt 0.17552997 0.78561753
vt 0.18753347 0.80264950
vt 0.21501330 0.81894320
vt 0.17077649 0.82595521
vt 0.14887136 0.82075918
vt 0.31733957 0.87281066
vt 0.32699803 0.88949752
vt 0.34033296 0.89741999
vt 0.31544477 0.90831763
vt 0.32786405 0.92885721
vt 0.34835187 0.92337996
vt 0.35156414 0.90060282
vt 0.36051843 0.91965336
vt 0.35545158 0.94193184
vt 0.25920990 0.86796463
vt 0.27601805 0.89419734
vt 0.24941507 0.88340062
vt 0.21259442 0.89504868
vt 0.18873905 0.90045613
vt 0.19235657 0.91534209
vt 0.16079557 0.90449613
vt 0.13374585 0.89995372
vt 0.13281702 0.91599870
vt 0.10719629 0.89318693
vt 0.11572133 0.87017864
vt 0.09483320 0.87357676
vt 0.09630842 0.85587955
vt 0.07666554 0.88376909
vt 0.08013026 0.85175091
vt 0.09058001 0.82907271
vt 0.06341604 0.83678591
vt 0.07284989 0.82534283
vt 0.05318722 0.83193481
vt 0.05282245 0.79237247
vt 0.05400500 0.77302915
vt 0.06312257 0.85808450
vt 0.05304965 0.86242396
vt 0.05325830 0.88861799
vt 0.06178326 0.90166545
vt 0.07469334 0.90629929
vt 0.09139337 0.89360160
vt 0.08743414 0.92003894
vt 0.10615925 0.91449821
vt 0.09594658 0.93260908
vt 0.08115166 0.94752032
vt 0.10201962 0.95872825
vt 0.06279148 0.93156946
vt 0.06357379 0.96083784
vt 0.12286655 0.93065131
vt 0.05257531 0.91818243
vt 0.05291593 0.93543816
vt 0.05326315 0.96814811
vt 0.37554830 0.94064587
vt 0.70490414 0.91326815
vt 0.69515121 0.92493773
vt 0.68500888 0.90795147
vt 0.68242937 0.94283372
vt 0.66937661 0.91097456
vt 0.65595609 0.90646023
vt 0.66009665 0.93842345
vt 0.64382780 0.92458886
vt 0.63634872 0.94628084
vt 0.61443853 0.92752147
vt 0.62533033 0.96147460
vt 0.66739792 0.96213597
vt 0.64101285 0.96919996
vt 0.65700155 0.97685659
vt 0.68605304 0.96429420
vt 0.70449400 0.94465202
vt 0.70430624 0.96485525
vt 0.70203114 0.97666919
vt 0.60694534 0.97710943
vt 0.59836107 0.96779925
vt 0.57425505 0.97693902
vt 0.55983269 0.96405566
vt 0.57959360 0.95083922
vt 0.59843403 0.94673502
vt 0.53757554 0.96694684
vt 0.53275043 0.94440478
vt 0.51320302 0.95449907
vt 0.52044439 0.93129343
vt 0.50565231 0.92776132
vt 0.49038571 0.93979788
vt 0.50727034 0.97705829
vt 0.52509439 0.97708958
vt 0.47079378 0.95452970
vt 0.45256093 0.94543725
vt 0.43776619 0.96223134
vt 0.43294674 0.93979084
vt 0.41709125 0.97718173
vt 0.45710641 0.97705841
vt 0.42633972 0.92439216
vt 0.41114974 0.93983316
vt 0.38408411 0.96223545
vt 0.37139881 0.97719073
vt 0.34369975 0.97712231
vt 0.31073138 0.97735548
vt 0.31803870 0.96399337
vt 0.28084370 0.96634978
vt 0.30270958 0.96014452
vt 0.29777357 0.94781494
vt 0.25425771 0.97709817
vt 0.23975025 0.96777493
vt 0.26350322 0.95196033
vt 0.27897134 0.93751007
vt 0.26112467 0.92041951
vt 0.25206655 0.93507057
vt 0.24170688 0.91244072
vt 0.23195343 0.95019543
vt 0.22863296 0.92267144
vt 0.20645988 0.95483679
vt 0.21403244 0.93634325
vt 0.20707349 0.96884900
vt 0.21310729 0.97737658
vt 0.16492762 0.97075140
vt 0.18180510 0.96313053
vt 0.13844265 0.96285582
vt 0.16204652 0.94205874
vt 0.13596255 0.97674203
vt 0.16145015 0.97734958
vt 0.19282688 0.94025499
vt 0.33939853 0.94706094
vt 0.30548051 0.92842424
vt 0.28983280 0.91468900
vt 0.25696295 0.90004390
vt 0.21222949 0.92000300
vt 0.17795722 0.92324060
vt 0.17606787 0.94818014
vt 0.14837466 0.92685157
vt 0.11480535 0.94849175
vt 0.13944334 0.94871497
vt 0.10653459 0.97172356
vt 0.10224656 0.97733974
vt 0.05728926 0.97733682
vt 0.06363963 0.96965861
vt 0.34482500 0.76756573
vt 0.26098683 0.76764268
vt 0.50845838 0.76751816
vt 0.63741505 0.76769853
vt 0.70262295 0.76763910
vt 0.53432304 0.76759166
vt 0.05809383 0.76767898
vt 0.16583222 0.76759118
vt 0.12364428 0.76765233
vt 0.04994495 0.97694081
vt 0.05091419 0.96047574
vt 0.70920169 0.76799059
vt 0.12353210 0.97998649
vt 0.21334396 0.97993016
vt 0.24780403 0.97978413
vt 0.30986759 0.97978538
vt 0.33996451 0.97965902
vt 0.41110146 0.97970003
vt 0.46428317 0.97963119
vt 0.67382175 0.97939020
vt 0.52105540 0.97962278
vt 0.61194110 0.97958809
vt 0.58176553 0.97965795
vt 0.71317768 0.80081141
vt 0.70809871 0.84395760
vt 0.71333647 0.88647580
vt 0.71324670 0.84286642
vt 0.71325237 0.91011804
vt 0.71351415 0.94542420
vt 0.71217805 0.96892840
vt 0.71293008 0.78081971
vt 0.70989639 0.97685230
vt 0.05924514 0.97997743
vt 0.05020247 0.98011184
vt 0.05014820 0.82057571
vt 0.05034086 0.88877857
vt 0.04983329 0.85587400
vt 0.04486242 0.86958534
vt 0.04490958 0.91260594
vt 0.04489745 0.94189090
vt 0.04532166 0.97643584
vt 0.04949373 0.77265173
vt 0.70285422 0.97948313
vt 0.04475918 0.83102095
vt 0.04493368 0.77300006
vt 0.04480226 0.79320687
vt 0.04701867 0.76779872
vt 0.71404219 0.76777679
vt 0.71611851 0.77161175
vt 0.71635592 0.80481923
vt 0.71117544 0.97939610
vt 0.71646249 0.93822920
vt 0.71717936 0.87171721
vt 0.71635020 0.84165299
vt 0.71656895 0.90508431
vt 0.71687365 0.96978331
vt 0.71695322 0.97709596
vt 0.04200665 0.77792656
vt 0.04238052 0.94681090
vt 0.04254240 0.91203737
vt 0.04260078 0.87333691
vt 0.04246316 0.83516908
vt 0.04133945 0.79745787
vt 0.04285702 0.97627515
vt 0.31075448 0.76554304
vt 0.44285765 0.00083655
vt 0.04241588 0.98129332
vt 0.04035105 0.76812327
vt 0.70592129 0.76570123
vt 0.21092828 0.76551199
vt 0.71846461 0.83521712
vt 0.71882594 0.80344337
vt 0.72026199 0.77058095
vt 0.04149427 0.76632559
vt 0.71825039 0.97935528
vt 0.72070301 0.76752031
vt 0.12776996 0.76562738
vt 0.62592047 0.00084019
vt 0.16745394 0.76556116
vt 0.08979541 0.76568377
vt 0.03912319 0.97623432
vt 0.03837999 0.97992045
vt 0.26890865 0.76558566
vt 0.03988895 0.93412018
vt 0.03997226 0.90190643
vt 0.03985816 0.87164575
vt 0.03988869 0.83731103
vt 0.40350744 0.00099361
vt 0.35008302 0.76555240
vt 0.71832746 0.93680573
vt 0.71848661 0.89700025
vt 0.71494836 0.98067278
vt 0.58861601 0.76561606
vt 0.16481668 0.00051123
vt 0.66546834 0.76577157
vt 0.03763633 0.77682972
vt 0.72217619 0.97686714
vt 0.72163904 0.96986485
vt 0.03696692 0.76844114
vt 0.03662066 0.80019116
vt 0.03678482 0.84465605
vt 0.03683554 0.87591374
vt 0.03697991 0.90811938
vt 0.03690040 0.94133973
vt 0.03714288 0.97236472
vt 0.72156662 0.92748481
vt 0.72149646 0.88443249
vt 0.72165805 0.84603369
vt 0.72249699 0.80456889
vt 0.70784831 0.00280112
vt 0.04571187 0.76518834
vt 0.05148213 0.98170865
vt 0.70488155 0.98104566
vt 0.03848432 0.00199991
vt 0.71494424 0.76535451
vt 0.72627741 0.93467897
vt 0.72592986 0.96562451
vt 0.03238507 0.77823025
vt 0.03233271 0.80084270
vt 0.03253596 0.84284735
vt 0.03245894 0.93428910
vt 0.03231186 0.96708781
vt 0.03248022 0.87304848
vt 0.03280065 0.90534562
vt 0.03248858 0.77087849
vt 0.72611022 0.97953260
vt 0.72609788 0.91061461
vt 0.72595704 0.89516586
vt 0.72619092 0.87293237
vt 0.72616768 0.84041876
vt 0.72692645 0.81327528
vt 0.03266840 0.97685570
vt 0.72627699 0.77095324
vt 0.72737139 0.78639305
vt 0.72683275 0.76737553
vt 0.03236185 0.98115188
vt 0.03204481 0.76731038
vt 0.07840326 0.98154479
vt 0.12085082 0.98158848
vt 0.16785645 0.98160154
vt 0.65152150 0.98113447
vt 0.71854091 0.00598621
vt 0.03434812 0.76513731
vt 0.94281375 0.29294479
vt 0.59517407 0.53983110
vt 0.21602120 0.98149943
vt 0.72789001 0.96844357
vt 0.72165096 0.98115927
vt 0.61350650 0.98123473
vt 0.58243585 0.98131269
vt 0.43886915 0.98120081
vt 0.51292646 0.98126662
vt 0.31213212 0.98131996
vt 0.02740866 0.00529289
vt 0.72655517 0.76588339
vt 0.25212950 0.98139632
vt 0.34252045 0.98118943
vt 0.39511919 0.98119962
vt 0.73163635 0.97590536
vt 0.77004737 0.53696269
vt 0.04030360 0.98200846
vt 0.02675764 0.76836652
vt 0.02845969 0.81051850
vt 0.02808850 0.90677935
vt 0.02758899 0.93493217
vt 0.02884729 0.95708573
vt 0.02750118 0.83853358
vt 0.02753008 0.87523353
vt 0.73000544 0.82929277
vt 0.73222160 0.83979255
vt 0.73131794 0.86598492
vt 0.73122835 0.89974660
vt 0.02748809 0.78040856
vt 0.73221493 0.80334413
vt 0.73124731 0.93452698
vt 0.73188281 0.96878022
vt 0.73153687 0.97980285
vt 0.73280305 0.77097076
vt 0.02704416 0.97616553
vt 0.02661553 0.98011899
vt 0.73302931 0.76664573
vt 0.02475876 0.80683857
vt 0.02373829 0.84018475
vt 0.02381957 0.90616906
vt 0.02408401 0.95358431
vt 0.93572873 0.29294479
vt 0.72442514 0.00840867
vt 0.02810179 0.76530010
vt 0.73001766 0.98131573
vt 0.02189623 0.79639804
vt 0.99929798 0.81256044
vt 0.73613220 0.97479570
vt 0.73618191 0.86268699
vt 0.73640776 0.83942699
vt 0.73614949 0.90270853
vt 0.73616046 0.94413692
vt 0.73600161 0.98106700
vt 0.02191898 0.97648799
vt 0.73694551 0.79448420
vt 0.80115145 0.01278120
vt 0.02195222 0.84700292
vt 0.99930006 0.86320561
vt 0.02204381 0.76788104
vt 0.02194710 0.98119146
vt 0.99883765 0.99808246
vt 0.78094947 0.53196537
vt 0.02808489 0.98168582
vt 0.09357917 0.76458853
vt 0.66011918 0.00205064
vt 0.72935855 0.01205707
vt 0.02199629 0.76581764
vt 0.99880606 0.78172821
vt 0.17189854 0.76432753
vt 0.58178043 0.00214875
vt 0.53801870 0.00192130
vt 0.21564394 0.76432574
vt 0.48463976 0.00197023
vt 0.26863697 0.76431495
vt 0.74125522 0.83706594
vt 0.84343058 0.01717240
vt 0.74053133 0.86124259
vt 0.86741257 0.01644140
vt 0.74109697 0.87718415
vt 0.88322490 0.01701188
vt 0.66976130 0.98255479
vt 0.14067192 0.54038852
vt 0.39669132 0.53919774
vt 0.41552532 0.98246479
vt 0.47199610 0.53874677
vt 0.34006259 0.98251420
vt 0.08132871 0.53310651
vt 0.73050618 0.98312885
vt 0.31505576 0.98265743
vt 0.49683991 0.53879130
vt 0.69424295 0.53809333
vt 0.11655580 0.98301625
vt 0.54142803 0.57493734
vt 0.49104992 0.58051127
vt 0.49906757 0.56815487
vt 0.45491347 0.55968779
vt 0.44063088 0.58784640
vt 0.42063981 0.57081378
vt 0.52060801 0.59423840
vt 0.55241352 0.65087152
vt 0.52972579 0.62493324
vt 0.57004315 0.62164116
vt 0.55518818 0.59442627
vt 0.52074158 0.65078115
vt 0.49990970 0.62825525
vt 0.48853803 0.60158753
vt 0.46196520 0.60809582
vt 0.48091123 0.65915257
vt 0.45246094 0.64848113
vt 0.42311400 0.67335361
vt 0.43019760 0.63572472
vt 0.38393688 0.65185165
vt 0.39973050 0.62452686
vt 0.39960495 0.59256423
vt 0.37414888 0.56720346
vt 0.36867982 0.59507453
vt 0.35639355 0.63940406
vt 0.32610202 0.64237452
vt 0.33248526 0.61322981
vt 0.29986277 0.60221177
vt 0.30590743 0.58020735
vt 0.27395526 0.58911496
vt 0.28355956 0.56927836
vt 0.25193456 0.57423902
vt 0.23465040 0.57087910
vt 0.26037666 0.55005300
vt 0.31170481 0.56353199
vt 0.28327101 0.55591631
vt 0.32348341 0.55354631
vt 0.34688541 0.56991857
vt 0.40232396 0.55872816
vt 0.50522709 0.55522394
vt 0.54290074 0.55874306
vt 0.59382880 0.57254314
vt 0.58140373 0.55841035
vt 0.61627769 0.55929083
vt 0.62380540 0.57333171
vt 0.63824219 0.59035456
vt 0.61203498 0.61021632
vt 0.67180651 0.60086936
vt 0.67775553 0.57364321
vt 0.70609868 0.60194010
vt 0.70942932 0.57269448
vt 0.73445106 0.59514117
vt 0.73931408 0.56729150
vt 0.76005805 0.56099820
vt 0.75254112 0.58535510
vt 0.78134495 0.57334590
vt 0.78557318 0.56389463
vt 0.78707385 0.60945588
vt 0.77558482 0.58178556
vt 0.79805714 0.62211019
vt 0.78530008 0.66204613
vt 0.80006182 0.65016311
vt 0.79437953 0.68843764
vt 0.79029411 0.72529453
vt 0.78336942 0.70478368
vt 0.78655398 0.74057651
vt 0.77000499 0.74044347
vt 0.78036898 0.75232035
vt 0.78584242 0.75959945
vt 0.78189731 0.76069611
vt 0.74684238 0.75893718
vt 0.73618418 0.75148225
vt 0.67618793 0.75101036
vt 0.70371509 0.75180942
vt 0.69980502 0.76057589
vt 0.80536222 0.75125068
vt 0.80671334 0.73082912
vt 0.80406177 0.68161929
vt 0.80431229 0.61955535
vt 0.80640268 0.57397866
vt 0.80450451 0.55241138
vt 0.78942621 0.54820544
vt 0.75732040 0.54950786
vt 0.73012412 0.55003709
vt 0.69669247 0.55002922
vt 0.66564912 0.55714792
vt 0.64124346 0.54901385
vt 0.58224994 0.54833955
vt 0.49117589 0.54890126
vt 0.41388065 0.54879016
vt 0.36253831 0.55105400
vt 0.29829240 0.54886276
vt 0.32427788 0.54357082
vt 0.27512425 0.54362977
vt 0.34869462 0.59938073
vt 0.59555525 0.59115815
vt 0.61131555 0.64322078
vt 0.64142293 0.63037944
vt 0.67589897 0.64022201
vt 0.69103414 0.62150514
vt 0.70820111 0.66111845
vt 0.72409546 0.61976951
vt 0.75911343 0.61565155
vt 0.77491534 0.64744991
vt 0.74960369 0.68350321
vt 0.74587113 0.64916158
vt 0.72622931 0.67320406
vt 0.72789127 0.70657086
vt 0.74816197 0.72011036
vt 0.77083486 0.70592725
vt 0.76895648 0.73029816
vt 0.70734626 0.71831256
vt 0.69171774 0.74112469
vt 0.66682237 0.71648896
vt 0.68557793 0.70174295
vt 0.67653781 0.68013644
vt 0.64204669 0.66473657
vt 0.62667400 0.70269412
vt 0.61425519 0.67447299
vt 0.58310676 0.65650928
vt 0.59386909 0.68448442
vt 0.56329829 0.67862642
vt 0.56199229 0.70220065
vt 0.58663154 0.70192516
vt 0.62615025 0.72488081
vt 0.65234089 0.75193346
vt 0.61938149 0.74043906
vt 0.61679119 0.75028372
vt 0.56941092 0.74244684
vt 0.57493287 0.75315773
vt 0.54316109 0.75167584
vt 0.50044578 0.73951429
vt 0.53610355 0.72772294
vt 0.57307208 0.72346503
vt 0.54284716 0.70987916
vt 0.53491342 0.68327653
vt 0.51383126 0.71302789
vt 0.50854385 0.68402058
vt 0.46661124 0.67608023
vt 0.44208917 0.69125175
vt 0.47232258 0.69743848
vt 0.42833546 0.70979345
vt 0.41915426 0.68804508
vt 0.38134032 0.67832577
vt 0.36348408 0.66596836
vt 0.32408249 0.67928803
vt 0.30009356 0.64714789
vt 0.27165708 0.61887670
vt 0.25267828 0.59662825
vt 0.22830364 0.60184735
vt 0.19365890 0.57558185
vt 0.20990416 0.55860609
vt 0.24999505 0.54889822
vt 0.22334598 0.54862952
vt 0.17594936 0.54849184
vt 0.21321626 0.54357499
vt 0.24907604 0.54297829
vt 0.13245606 0.27044988
vt 0.07604266 0.27015698
vt 0.19272347 0.54296112
vt 0.17517574 0.56367338
vt 0.17473803 0.57606757
vt 0.17534229 0.59759688
vt 0.19829994 0.61148649
vt 0.19127691 0.64775181
vt 0.20695925 0.63809824
vt 0.23141824 0.64752120
vt 0.25810409 0.64280850
vt 0.25450507 0.67895329
vt 0.23395146 0.66908741
vt 0.20335457 0.67985791
vt 0.22890222 0.69448131
vt 0.20035683 0.71060973
vt 0.22687528 0.72215468
vt 0.24533153 0.71487290
vt 0.25852588 0.69580120
vt 0.26518059 0.71729648
vt 0.27690145 0.69432056
vt 0.29914695 0.71689373
vt 0.31310481 0.70017499
vt 0.35614303 0.71308625
vt 0.36412323 0.69434959
vt 0.39629862 0.69988632
vt 0.40249661 0.72538811
vt 0.43524668 0.72944319
vt 0.47501627 0.71752566
vt 0.43807611 0.74299818
vt 0.48586306 0.75068343
vt 0.44252452 0.75284058
vt 0.41340557 0.75087821
vt 0.38932213 0.74197161
vt 0.34988973 0.73390490
vt 0.34689501 0.75040156
vt 0.29168713 0.73504335
vt 0.27348408 0.75067198
vt 0.25151756 0.75066656
vt 0.31202075 0.75996953
vt 0.34922481 0.75845253
vt 0.39531162 0.75996584
vt 0.27065924 0.75991905
vt 0.23407730 0.75970852
vt 0.21531473 0.75139338
vt 0.20093645 0.75955606
vt 0.17447966 0.74993134
vt 0.20471825 0.73671007
vt 0.17418315 0.73317105
vt 0.18682927 0.71591830
vt 0.17477149 0.70991099
vt 0.18884721 0.68053693
vt 0.17561986 0.68484664
vt 0.17592877 0.61016458
vt 0.17707039 0.75855482
vt 0.47084495 0.75882989
vt 0.53081608 0.75906444
vt 0.27857926 0.66631150
vt 0.60904950 0.76035488
vt 0.65412533 0.75896853
vt 0.17504881 0.65294659
vt 0.65793002 0.54414403
vt 0.69917405 0.54355717
vt 0.72678471 0.54444271
vt 0.76584405 0.54385376
vt 0.44868284 0.54377902
vt 0.54720366 0.54399717
vt 0.60644287 0.54418558
vt 0.36125344 0.54306209
vt 0.24475294 0.27034950
vt 0.80628026 0.69518644
vt 0.80742669 0.60251033
vt 0.81353867 0.57286304
vt 0.81014013 0.54477340
vt 0.81272757 0.64114559
vt 0.80704296 0.65075755
vt 0.81237841 0.69357181
vt 0.16695365 0.73218322
vt 0.16737987 0.74965948
vt 0.16456883 0.73464954
vt 0.16692445 0.71073472
vt 0.16505457 0.69430947
vt 0.16769761 0.54716051
vt 0.16771878 0.57189614
vt 0.16847244 0.62344450
vt 0.16751610 0.67517114
vt 0.81345552 0.73393077
vt 0.81142974 0.75939977
vt 0.81551445 0.74544626
vt 0.16558713 0.75821030
vt 0.81562072 0.73018831
vt 0.49087468 0.76028532
vt 0.05865808 0.26963872
vt 0.17534415 0.54268700
vt 0.16368198 0.75411135
vt 0.81647766 0.55228168
vt 0.81578743 0.69518185
vt 0.81569099 0.60089052
vt 0.81574333 0.57640368
vt 0.81584233 0.63526499
vt 0.81581050 0.68144470
vt 0.81670529 0.75854445
vt 0.16423443 0.54811442
vt 0.16512261 0.65707105
vt 0.16518460 0.62976807
vt 0.16504851 0.60331309
vt 0.16522869 0.57450759
vt 0.81648421 0.54470104
vt 0.83273298 0.44667161
vt 0.80311233 0.76102960
vt 0.04810653 0.26920116
vt 0.16477440 0.54300672
vt 0.62628150 0.54328561
vt 0.44004145 0.54297960
vt 0.32345125 0.27042282
vt 0.53371119 0.54308206
vt 0.41737631 0.27044988
vt 0.16763419 0.75984949
vt 0.82622236 0.67911947
vt 0.82617396 0.63668799
vt 0.81997651 0.60737544
vt 0.82664323 0.59266216
vt 0.82149315 0.57193291
vt 0.82623529 0.56752908
vt 0.82586521 0.54921103
vt 0.82584321 0.73779309
vt 0.82065439 0.73166627
vt 0.82599151 0.70842648
vt 0.82541257 0.75501806
vt 0.16041081 0.54638362
vt 0.15541634 0.75968331
vt 0.15475246 0.75491887
vt 0.16051361 0.70121294
vt 0.15943143 0.73792577
vt 0.15433241 0.67961049
vt 0.15461224 0.70340633
vt 0.15442112 0.72434616
vt 0.15414543 0.73819357
vt 0.15425995 0.59212166
vt 0.15442333 0.56672060
vt 0.15492243 0.61713284
vt 0.15490808 0.64941943
vt 0.15664540 0.55493146
vt 0.83248991 0.42724252
vt 0.78392720 0.76102138
vt 0.17927134 0.76010740
vt 0.12030815 0.27153850
vt 0.20015122 0.76008952
vt 0.14130467 0.27147239
vt 0.82575977 0.76041180
vt 0.15269119 0.64349872
vt 0.71330565 0.26666164
vt 0.82972890 0.54397696
vt 0.83013880 0.75825822
vt 0.81461465 0.76078784
vt 0.15261066 0.54706484
vt 0.15039644 0.67490870
vt 0.04001918 0.26768696
vt 0.15652415 0.54322892
vt 0.83013666 0.54938811
vt 0.82858431 0.63410062
vt 0.15084468 0.75495005
vt 0.82994956 0.68494815
vt 0.83258003 0.73814267
vt 0.83386421 0.70903432
vt 0.14948577 0.75975454
vt 0.14548588 0.66856563
vt 0.14537033 0.70126843
vt 0.14621027 0.73592395
vt 0.14624919 0.59139180
vt 0.14550833 0.61952049
vt 0.14563648 0.57784849
vt 0.14576313 0.54715353
vt 0.83453667 0.65055251
vt 0.83436471 0.58996075
vt 0.83505720 0.62289280
vt 0.83147877 0.76074833
vt 0.83416337 0.75634658
vt 0.14602485 0.75459403
vt 0.83468121 0.54895264
vt 0.83620596 0.73572868
vt 0.83628833 0.70650113
vt 0.83673102 0.58381110
vt 0.14306511 0.74398565
vt 0.83635902 0.65292931
vt 0.08406809 0.27765477
vt 0.14249012 0.75977409
vt 0.83982700 0.73196965
vt 0.83987212 0.70114094
vt 0.83926153 0.63445163
vt 0.13998105 0.73135769
vt 0.83977658 0.57423568
vt 0.83999002 0.59835589
vt 0.84036565 0.75165772
vt 0.83818430 0.76071239
vt 0.13934174 0.69491935
vt 0.14044043 0.58618701
vt 0.14069243 0.54828691
vt 0.14006746 0.62065166
vt 0.14004479 0.66418326
vt 0.13942339 0.75367504
vt 0.84025162 0.54965371
vt 0.84039062 0.54492027
vt 0.84101081 0.75841093
vt 0.56806558 0.76082832
vt 0.50977290 0.27174616
vt 0.84175181 0.64009857
vt 0.13979001 0.54444867
vt 0.28564781 0.27181959
vt 0.34364900 0.76046175
vt 0.84431183 0.72767359
vt 0.84265423 0.69175482
vt 0.13710514 0.75925416
vt 0.13782519 0.72958469
vt 0.84472007 0.60126364
vt 0.84465235 0.57863390
vt 0.13588454 0.56411755
vt 0.13734597 0.60060924
vt 0.26280361 0.76027536
vt 0.20439252 0.27164030
vt 0.84459847 0.55131274
vt 0.13788912 0.65928149
vt 0.84473932 0.74415600
vt 0.84439522 0.76051855
vt 0.84508884 0.63832140
vt 0.84541500 0.68143433
vt 0.13449825 0.75647515
vt 0.13532881 0.73018742
vt 0.31126356 0.27209616
vt 0.36920506 0.76081461
vt 0.84619027 0.75676084
vt 0.26428699 0.76064086
vt 0.20590131 0.27187777
vt 0.13547173 0.60181385
vt 0.13535327 0.66030085
vt 0.13463181 0.69739783
vt 0.92540687 0.26960897
vt 0.13582110 0.54701185
vt 0.72622770 0.26042044
vt 0.84419262 0.54377204
vt 0.13179295 0.75948215
vt 0.84730989 0.72371566
vt 0.84720796 0.74327773
vt 0.01866671 0.25678957
vt 0.13226195 0.54335976
vt 0.77290910 0.26676381
vt 0.84804922 0.60192657
vt 0.74715954 0.83899981
vt 0.84803754 0.57769322
vt 0.74728608 0.81482220
vt 0.13371105 0.60410875
vt 0.83323532 0.26879275
vt 0.13304149 0.55637515
vt 0.78598094 0.26784658
vt 0.13204125 0.54643738
vt 0.77616024 0.26664078
vt 0.45929986 0.26989621
vt 0.57553709 0.54264808
vt 0.87095141 0.57413089
vt 0.98663992 0.26304483
vt 0.12890548 0.75942469
vt 0.85170907 0.75548220
vt 0.75127566 0.99208510
vt 0.85131621 0.72490531
vt 0.75043714 0.96164358
vt 0.76282310 0.27362347
vt 0.82266796 0.76140535
vt 0.10208277 0.27326155
vt 0.16111176 0.76068139
vt 0.77784538 0.27941358
vt 0.83917230 0.76223040
vt 0.89379275 0.17553186
vt 0.83689183 0.17998028
vt 0.86576748 0.18948448
vt 0.84211481 0.14419299
vt 0.81875539 0.16802740
vt 0.87993509 0.16272974
vt 0.80363798 0.19568300
vt 0.82974446 0.19963390
vt 0.81841803 0.21993387
vt 0.79232991 0.16391921
vt 0.77517164 0.18250215
vt 0.78679401 0.19975102
vt 0.77514404 0.21710587
vt 0.79762787 0.21820021
vt 0.84950137 0.20652646
vt 0.88899910 0.21089685
vt 0.87299144 0.22099024
vt 0.90788484 0.19477803
vt 0.92676276 0.20726722
vt 0.93807983 0.18596238
vt 0.95659101 0.21096408
vt 0.97023129 0.19423139
vt 0.96773654 0.17246467
vt 0.97070563 0.14809000
vt 0.94696635 0.16631240
vt 0.98246181 0.10211152
vt 0.97219825 0.09320849
vt 0.98539656 0.11101830
vt 0.98546314 0.14548564
vt 0.98147702 0.18085587
vt 0.98141915 0.21705079
vt 0.95258909 0.22794908
vt 0.98563772 0.22745383
vt 0.95611447 0.23172259
vt 0.91016215 0.22863281
vt 0.90799296 0.23172289
vt 0.85466743 0.22927171
vt 0.85524964 0.23187304
vt 0.80216205 0.22948390
vt 0.80357474 0.23210472
vt 0.78492826 0.23088527
vt 0.91542929 0.15997148
vt 0.89126086 0.19068950
vt 0.95695812 0.12976813
vt 0.95543098 0.08099562
vt 0.93165481 0.13195825
vt 0.92791092 0.10598671
vt 0.88754094 0.12524861
vt 0.89042568 0.14539468
vt 0.83022588 0.12647027
vt 0.87292504 0.10703415
vt 0.90155089 0.10103458
vt 0.88142043 0.07766283
vt 0.92333347 0.07489097
vt 0.90890557 0.05850667
vt 0.95439386 0.05606288
vt 0.98244905 0.05520886
vt 0.96766281 0.04849356
vt 0.91485262 0.04857290
vt 0.86514413 0.04893893
vt 0.85811090 0.05795097
vt 0.82528275 0.05001235
vt 0.84460020 0.07103729
vt 0.83923924 0.09620750
vt 0.82163471 0.07308513
vt 0.80062377 0.09696871
vt 0.80476707 0.12848109
vt 0.78622967 0.12668812
vt 0.77509642 0.13787413
vt 0.77482665 0.10813665
vt 0.78488362 0.09556240
vt 0.78076559 0.05551308
vt 0.79893088 0.07078731
vt 0.79512686 0.04890859
vt 0.77505469 0.23062569
vt 0.98556805 0.18807721
vt 0.98529071 0.09091002
vt 0.98522967 0.05526561
vt 0.77471203 0.05178654
vt 0.78949302 0.04672790
vt 0.96273828 0.04618728
vt 0.84491843 0.04643816
vt 0.88980520 0.04643178
vt 0.98492670 0.04713601
vt 0.98563141 0.23341346
vt 0.77486032 0.04601008
vt 0.77517807 0.23635548
vt 0.94844991 0.04387772
vt 0.98214817 0.04394531
vt 0.78258234 0.23614550
vt 0.80506057 0.23513478
vt 0.88472444 0.23508155
vt 0.84542757 0.23500609
vt 0.92416620 0.23466629
vt 0.95281482 0.23460054
vt 0.97137994 0.23477781
vt 0.84871012 0.04431105
vt 0.88703752 0.04417366
vt 0.78590399 0.04401565
vt 0.98546648 0.23935354
vt 0.77315032 0.22155106
vt 0.98704022 0.23830700
vt 0.90213197 0.24427402
vt 0.93143535 0.24436158
vt 0.95439249 0.24439883
vt 0.85675353 0.24409604
vt 0.83010465 0.24377823
vt 0.80090857 0.24396253
vt 0.78151929 0.24093550
vt 0.81738335 0.04171133
vt 0.98510057 0.04122579
vt 0.00446854 0.17249107
vt 0.77303863 0.17862391
vt 0.00557748 0.22703820
vt 0.77263200 0.23323655
vt 0.88025838 0.04157972
vt 0.94378453 0.04157519
vt 0.98200184 0.04006213
vt 0.77392811 0.24323559
vt 0.77496380 0.04141396
vt 0.98744774 0.22666258
vt 0.97981864 0.24392563
vt 0.98732299 0.16391599
vt 0.94938153 0.03877378
vt 0.87928927 0.03869265
vt 0.81449753 0.03886998
vt 0.78413367 0.03756458
vt 0.00447697 0.12905473
vt 0.05921050 0.42644286
vt 0.77297616 0.13513350
vt 0.05921053 0.39848101
vt 0.00050607 0.10151172
vt 0.77290094 0.10781372
vt 0.98684573 0.24500024
vt 0.00446536 0.04305077
vt 0.77277726 0.04909897
vt 0.97852063 0.03555608
vt 0.95903218 0.03513592
vt 0.79280859 0.24684536
vt 0.77533925 0.24703127
vt 0.82605475 0.24703711
vt 0.84762532 0.24706280
vt 0.88503706 0.03540200
vt 0.93127412 0.03531158
vt 0.81381464 0.03561193
vt 0.79186422 0.03455281
vt 0.89151001 0.24690133
vt 0.77795601 0.03416872
vt 0.06123482 0.49980664
vt 0.98704857 0.04814148
vt 0.96855831 0.24715781
vt 0.94020212 0.24651009
vt 0.98133755 0.03282130
vt 0.98517799 0.03398937
vt 0.98725981 0.13475728
vt 0.77484089 0.03444582
vt 0.98497444 0.24922794
vt 0.98668987 0.03688204
vt 0.00670586 0.03193647
vt 0.77295566 0.03754961
vt 0.90612781 0.24951220
vt 0.96020430 0.03256786
vt 0.81175125 0.03210205
vt 0.85440588 0.03254670
vt 0.91446316 0.03251976
vt 0.98717624 0.09275383
vt 0.77598155 0.25218356
vt 0.00861493 0.24091017
vt 0.77282625 0.24758518
vt 0.88308704 0.25392175
vt 0.84686542 0.25395328
vt 0.80581623 0.25343513
vt 0.78801984 0.25297880
vt 0.95611364 0.25360417
vt 0.98488444 0.25397485
vt 0.77822763 0.02810365
vt 0.79646140 0.02800047
vt 0.98522097 0.02717632
vt 0.98684311 0.25130022
vt 0.98131573 0.02727759
vt 0.96278214 0.02750236
vt 0.84421957 0.02766144
vt 0.88447469 0.02767307
vt 0.91312945 0.02757365
vt 0.77356273 0.02798390
vt 0.01075022 0.24585468
vt 0.77300251 0.25306642
vt 0.80238461 0.25820184
vt 0.82619071 0.25818288
vt 0.87074190 0.25650442
vt 0.94651800 0.25598639
vt 0.78269464 0.25766796
vt 0.98657280 0.02666980
vt 0.80861861 0.02350980
vt 0.84849405 0.25869191
vt 0.77413434 0.25793892
vt 0.90106541 0.25865614
vt 0.93695229 0.25846386
vt 0.96569723 0.25823534
vt 0.98644322 0.25825119
vt 0.97705281 0.02261126
vt 0.90439832 0.02287108
vt 0.87622178 0.02188075
vt 0.84599513 0.02296752
vt 0.77846158 0.02230084
vt 0.77453744 0.02211940
vt 0.06429066 0.51295733
vt 0.98711169 0.03462744
vt 0.98098761 0.02092719
vt 0.98559630 0.02081829
vt 0.80661309 0.02125400
vt 0.93168157 0.02018106
vt 0.84606516 0.02074772
vt 0.90909076 0.02046084
vt 0.77401805 0.26252222
vt 0.12803644 0.54410225
vt 0.78594148 0.26257193
vt 0.95628142 0.26327074
vt 0.77904606 0.01740599
vt 0.89756304 0.26200300
vt 0.86697209 0.26241767
vt 0.80780369 0.26408786
vt 0.82991648 0.26406860
vt 0.92654765 0.26410621
vt 0.67247790 0.99130881
vt 0.77274084 0.02455181
vt 0.73996139 0.97926527
vt 0.98440379 0.01624644
vt 0.74073595 0.97129476
vt 0.97653443 0.01678222
vt 0.74139678 0.80488759
vt 0.81150049 0.01725829
vt 0.74034816 0.92877936
vt 0.93439478 0.01622403
vt 0.74041826 0.90357220
vt 0.90939665 0.01631320
vt 0.88653183 0.26475608
vt 0.13007514 0.73768997
vt 0.96517974 0.26470089
vt 0.73766196 0.76834393
vt 0.77519828 0.01379645
vt 0.00986705 0.02693778
vt 0.66548586 0.99280018
vt 0.77176112 0.03166711
vt 0.98644322 0.01688594
vt 0.74040663 0.98141062
vt 0.13348351 0.65482593
vt 0.88335246 0.26859403
vt 0.13539837 0.57720745
vt 0.80660200 0.27044988
vt 0.13363793 0.72999948
vt 0.95762151 0.26844704
vt 0.06591570 0.29909474
vt 0.98809034 0.24761283
vt 0.06223919 0.33504570
vt 0.98808581 0.21145278
vt 0.07105904 0.29035819
vt 0.98836035 0.25802237
vt 0.06197443 0.41305953
vt 0.98805201 0.13407159
vt 0.06211179 0.46066630
vt 0.98806232 0.08689219
vt 0.07498872 0.52876997
vt 0.73836088 0.98299408
vt 0.98832572 0.01525533
vt 0.85206056 0.87321001
vt 0.85604268 0.91833085
vt 0.83896053 0.91218752
vt 0.84925538 0.94613534
vt 0.81842160 0.94419825
vt 0.83067811 0.96675539
vt 0.85769510 0.97332042
vt 0.86480975 0.95253515
vt 0.89426309 0.96149725
vt 0.81601769 0.99257040
vt 0.80251837 0.97655398
vt 0.79513037 0.99301142
vt 0.83219683 0.99370772
vt 0.87053400 0.99291468
vt 0.87810236 0.92789650
vt 0.87764591 0.89479309
vt 0.87013674 0.85653740
vt 0.85630548 0.83105969
vt 0.87232083 0.81798553
vt 0.85701364 0.80106449
vt 0.90067047 0.84319723
vt 0.89367056 0.80935657
vt 0.89624149 0.79466701
vt 0.83465940 0.85529828
vt 0.82503855 0.89575893
vt 0.79012173 0.98147506
vt 0.78453112 0.99624813
vt 0.78263187 0.98583478
vt 0.78204083 0.96445417
vt 0.81052774 0.91605580
vt 0.79522598 0.94458997
vt 0.79806274 0.89431113
vt 0.81547642 0.85276580
vt 0.79639554 0.84366322
vt 0.82412922 0.82586533
vt 0.80135548 0.80498630
vt 0.81970751 0.80286425
vt 0.84009373 0.80870384
vt 0.92188752 0.81130284
vt 0.95646822 0.78392404
vt 0.95058161 0.79194790
vt 0.93119699 0.78398496
vt 0.95973533 0.81938249
vt 0.94315773 0.81638277
vt 0.95927030 0.85274154
vt 0.95893008 0.79131502
vt 0.93329912 0.84385914
vt 0.92548549 0.87953269
vt 0.94302994 0.89545876
vt 0.95995784 0.87020719
vt 0.95963156 0.91745472
vt 0.94924116 0.93513721
vt 0.92871058 0.94137156
vt 0.95887434 0.95226514
vt 0.89252257 0.87181443
vt 0.90891790 0.91917849
vt 0.92780381 0.96248168
vt 0.94907111 0.98481244
vt 0.95952427 0.98659533
vt 0.95307070 0.99361998
vt 0.91824579 0.97905874
vt 0.88459814 0.98358202
vt 0.90877295 0.99368542
vt 0.90659267 0.78380865
vt 0.86560726 0.78395116
vt 0.82902300 0.78409982
vt 0.79576755 0.79390442
vt 0.79463476 0.78404570
vt 0.78211671 0.81066930
vt 0.78438187 0.78450775
vt 0.78242534 0.84599447
vt 0.78226215 0.87885320
vt 0.78217667 0.90010208
vt 0.84452200 0.99639803
vt 0.81836122 0.99638057
vt 0.90348214 0.99640673
vt 0.96377474 0.99400485
vt 0.95968527 0.99633574
vt 0.96486312 0.80006707
vt 0.96450830 0.78389007
vt 0.85873467 0.78171080
vt 0.93100917 0.99624765
vt 0.79021502 0.78170568
vt 0.96300930 0.87962258
vt 0.96470428 0.84103709
vt 0.96303135 0.94816035
vt 0.96491516 0.98596179
vt 0.77917570 0.99607742
vt 0.96590447 0.87887812
vt 0.96592140 0.94302797
vt 0.77927166 0.86402845
vt 0.90453100 0.78176558
vt 0.92738479 0.78175730
vt 0.77884024 0.98070431
vt 0.77936250 0.89700371
vt 0.77941364 0.96446711
vt 0.77906752 0.81651169
vt 0.77897543 0.84397262
vt 0.77945411 0.78224462
vt 0.96370029 0.78180104
vt 0.95332605 0.78180677
vt 0.96842295 0.99610823
vt 0.96915543 0.98639983
vt 0.96857512 0.93998045
vt 0.96938348 0.91643357
vt 0.96955562 0.84119916
vt 0.96845931 0.87310183
vt 0.96965635 0.78410363
vt 0.96958363 0.79980278
vt 0.77486539 0.99609947
vt 0.77610439 0.78488380
vt 0.97092664 0.88720542
vt 0.97105932 0.95328826
vt 0.77424693 0.92689264
vt 0.77531648 0.96421337
vt 0.77137989 0.97838485
vt 0.77096581 0.88662052
vt 0.77103680 0.86317772
vt 0.77117711 0.84139007
vt 0.77205539 0.79127139
vt 0.77033901 0.91271746
vt 0.77022201 0.95210087
vt 0.74812561 0.20335811
vt 0.77622217 0.99783510
vt 0.74284369 0.22463083
vt 0.78448540 0.78075677
vt 0.74159718 0.23727989
vt 0.86592549 0.35327196
vt 0.77209622 0.78096175
vt 0.97445744 0.99367756
vt 0.97458547 0.96218705
vt 0.97257483 0.99633276
vt 0.97560453 0.82213253
vt 0.97574222 0.85651439
vt 0.97470647 0.88176227
vt 0.97479099 0.91739261
vt 0.76850653 0.99592024
vt 0.96949768 0.78186458
vt 0.97593850 0.79144496
vt 0.76857597 0.78191346
vt 0.76745254 0.95299071
vt 0.74753964 0.19238108
vt 0.78717202 0.99801391
vt 0.76755273 0.89510673
vt 0.79709375 0.30091053
vt 0.76914930 0.99776471
vt 0.76790065 0.79377759
vt 0.76763290 0.86043334
vt 0.97914833 0.78463918
vt 0.97655576 0.91536123
vt 0.97671777 0.96531689
vt 0.97859168 0.99396610
vt 0.74746966 0.14845067
vt 0.83079278 0.99807382
vt 0.97628772 0.78199154
vt 0.76449448 0.94611508
vt 0.76461619 0.99578959
vt 0.97969890 0.80417711
vt 0.97966021 0.85943562
vt 0.97970521 0.91498202
vt 0.97956097 0.96768236
vt 0.76497751 0.78886652
vt 0.76436126 0.85663557
vt 0.76449597 0.89606452
vt 0.74755877 0.10168725
vt 0.87720293 0.99806887
vt 0.98108101 0.99619186
vt 0.73848754 0.24713063
vt 0.76213348 0.78143233
vt 0.76085037 0.81013107
vt 0.76261741 0.99730933
vt 0.97048998 0.99797201
vt 0.76074147 0.99196500
vt 0.76032925 0.89441156
vt 0.76061100 0.86352313
vt 0.76034975 0.92126316
vt 0.76048988 0.95573562
vt 0.98427701 0.78793722
vt 0.98432827 0.81689847
vt 0.98428637 0.85831159
vt 0.98411947 0.91016322
vt 0.98446953 0.95263398
vt 0.98430061 0.97258782
vt 0.98401695 0.99309456
vt 0.75904512 0.99527901
vt 0.98443997 0.78249669
vt 0.74326700 0.17893648
vt 0.82972282 0.78075147
vt 0.98483044 0.99732929
vt 0.75808901 0.81631255
vt 0.75818306 0.95380509
vt 0.75803089 0.90965313
vt 0.75631082 0.85839701
vt 0.75747526 0.78980911
vt 0.99023896 0.79592377
vt 0.98792243 0.83403993
vt 0.98832810 0.87908626
vt 0.98775375 0.90985912
vt 0.99076539 0.81881422
vt 0.99054849 0.78466856
vt 0.99029756 0.98835832
vt 0.99072945 0.96803856
vt 0.99071485 0.94406235
vt 0.99080408 0.87543011
vt 0.99056846 0.99596655
vt 0.75639337 0.99686241
vt 0.75564069 0.95896280
vt 0.75548112 0.99273551
vt 0.75578535 0.91955864
vt 0.75540954 0.89513189
vt 0.73589748 0.25058740
vt 0.75783503 0.78123486
vt 0.75599861 0.81691283
vt 0.74342108 0.09945399
vt 0.90838432 0.78077424
vt 0.74339736 0.13668144
vt 0.87153828 0.78072852
vt 0.73431766 0.01785529
vt 0.99120218 0.78177398
vt 0.75276041 0.78871799
vt 0.75236726 0.80944324
vt 0.75311077 0.92437202
vt 0.01749866 0.97686130
vt 0.99456334 0.99312824
vt 0.01670041 0.77805024
vt 0.99393696 0.79430544
vt 0.75050831 0.89442742
vt 0.75133258 0.84303403
vt 0.99338275 0.97059619
vt 0.99313766 0.91040146
vt 0.99380207 0.85698384
vt 0.99383128 0.82535291
vt 0.98866981 0.99782431
vt 0.01830019 0.76750600
vt 0.99523544 0.78369468
vt 0.75150853 0.99713683
vt 0.85172063 0.76056284
vt 0.84854478 0.55097651
vt 0.74815214 0.78817749
vt 0.84944445 0.68068522
vt 0.74847031 0.91756779
vt 0.99485147 0.99746495
vt 0.01794852 0.98116797
vt 0.84747255 0.64944404
vt 0.74645752 0.88640016
vt 0.99634248 0.88648486
vt 0.99609578 0.93834567
vt 0.02174286 0.95755631
vt 0.99901491 0.97387016
vt 0.02216968 0.78379089
vt 0.99949396 0.79994082
vt 0.02194525 0.91158819
vt 0.99922633 0.92783517
vt 0.79420507 0.51496744
vt 0.98278850 0.99895126
vt 0.84795481 0.76068956
vt 0.74774224 0.99766439
vt 0.88323689 0.62824178
vt 0.88311744 0.65241981
vt 0.96043283 0.73624885
vt 0.88706440 0.65695637
vt 0.88566321 0.65884590
vt 0.96256858 0.73670757
vt 0.88587224 0.62191129
vt 0.92561018 0.73614854
vt 0.88286030 0.61013353
vt 0.88491148 0.60830081
vt 0.91178662 0.73582035
vt 0.33279628 0.19820619
vt 0.88163066 0.60735291
vt 0.88157994 0.66322500
vt 0.27759892 0.19820142
vt 0.31493282 0.19937861
vt 0.88164020 0.62543124
vt 0.88309717 0.73875254
vt 0.88150936 0.64488721
vt 0.29567811 0.19943213
vt 0.27946001 0.19892466
vt 0.88107288 0.66126949
vt 0.88904279 0.72402591
vt 0.33031765 0.19896436
vt 0.88140261 0.60993135
vt 0.75659227 0.12414080
vt 0.96185440 0.46407986
vt 0.75905651 0.12918651
vt 0.75693744 0.14821464
vt 0.96204454 0.48261333
vt 0.75913620 0.14758575
vt 0.75614047 0.08831167
vt 0.43252167 0.08482361
vt 0.75467920 0.06965721
vt 0.43475613 0.07604492
vt 0.75455463 0.06056863
vt 0.75708616 0.17743355
vt 0.96180618 0.51048070
vt 0.75957906 0.17544532
vt 0.96200454 0.52685499
vt 0.75961536 0.19180322
vt 0.39950630 0.20282722
vt 0.75547326 0.19265115
vt 0.40331224 0.18909585
vt 0.75568151 0.17835033
vt 0.96159768 0.53054404
vt 0.92031926 0.74370360
vt 0.75924569 0.19539231
vt 0.00321131 0.85224950
vt 0.75543654 0.06005126
vt 0.41804516 0.06237268
vt 0.96239096 0.37269938
vt 0.00556680 0.85217488
vt 0.75471795 0.05777097
vt 0.96040440 0.39836657
vt 0.75961536 0.06402850
vt 0.76513851 0.12998408
vt 0.93226922 0.57384688
vt 0.76088488 0.12701464
vt 0.60823834 0.18667126
vt 0.76596856 0.12155551
vt 0.76120949 0.12101603
vt 0.60903949 0.19263637
vt 0.76303512 0.16775733
vt 0.92054653 0.57083154
vt 0.76695156 0.11793208
vt 0.60724765 0.19767052
vt 0.99645752 0.04856849
vt 0.03390688 0.50691360
vt 0.76114768 0.11885566
vt 0.60904902 0.19481176
vt 0.76730955 0.12306935
vt 0.99544537 0.04279715
vt 0.03117294 0.50729448
vt 0.76333481 0.11679488
vt 0.76545107 0.24204773
vt 0.76491678 0.22922951
vt 0.76244223 0.23419774
vt 0.60717279 0.10015476
vt 0.76500660 0.21576291
vt 0.05159747 0.59063905
vt 0.76098067 0.24524653
vt 0.76559585 0.25135422
vt 0.60705763 0.11669308
vt 0.76501215 0.19919449
vt 0.76080006 0.19637811
vt 0.11470684 0.56218499
vt 0.60697705 0.13478857
vt 0.76490813 0.18105114
vt 0.76069605 0.18496424
vt 0.01366397 0.58724952
vt 0.60622978 0.12323171
vt 0.11477839 0.55061352
vt 0.76069528 0.17882347
vt 0.01962162 0.58869225
vt 0.76062751 0.16840780
vt 0.02985829 0.59049082
vt 0.60458785 0.14552593
vt 0.04464746 0.58735114
vt 0.76322210 0.25236452
vt 0.60913360 0.06184900
vt 0.76771253 0.25406504
vt 0.60904312 0.08738101
vt 0.76706582 0.22852165
vt 0.03180876 0.54754728
vt 0.02970615 0.54748946
vt 0.02976919 0.56057781
vt 0.03176686 0.56044948
vt 0.03129982 0.56620526
vt 0.02947712 0.52406514
vt 0.03174603 0.52143323
vt 0.02929893 0.50737506
vt 0.76541698 0.11662227
vt 0.55365634 0.19795156
vt 0.02852221 0.56231594
vt 0.54595798 0.19770658
vt 0.02846970 0.57035941
vt 0.03146043 0.51285499
vt 0.57223845 0.19923562
vt 0.02828783 0.54288805
vt 0.55546278 0.19890654
vt 0.02825654 0.56040990
vt 0.54691505 0.19645691
vt 0.03213186 0.57156616
vt 0.03332806 0.50895768
vt 0.60705251 0.19551426
vt 0.59280145 0.19602525
vt 0.03356953 0.52376270
vt 0.03014335 0.57224065
vt 0.54481900 0.19644964
vt 0.55761319 0.19691533
vt 0.03332806 0.56004524
vt 0.89468861 0.62291330
vt 0.97018373 0.67274034
vt 0.89179939 0.62683529
vt 0.89466345 0.63828701
vt 0.97042477 0.66563219
vt 0.89231241 0.61986583
vt 0.89516997 0.60934448
vt 0.96973073 0.69605291
vt 0.89157349 0.65014929
vt 0.97064114 0.65168351
vt 0.89222932 0.60593432
vt 0.89512050 0.58276331
vt 0.97077000 0.62619460
vt 0.89224195 0.58025384
vt 0.97088885 0.61404431
vt 0.89244026 0.56797683
vt 0.89457321 0.66551757
vt 0.89480191 0.67808408
vt 0.27422959 0.08401954
vt 0.89713240 0.57596940
vt 0.97115386 0.60587740
vt 0.89246511 0.55976874
vt 0.27417603 0.06377274
vt 0.89722931 0.55547416
vt 0.27560100 0.06465191
vt 0.97104442 0.60117120
vt 0.89311707 0.55511916
vt 0.27485809 0.06206489
vt 0.89571089 0.55353034
vt 0.27403355 0.10796028
vt 0.89666820 0.60014939
vt 0.89598161 0.67349833
vt 0.27410057 0.13286936
vt 0.89670849 0.62526774
vt 0.27373940 0.18380117
vt 0.89647073 0.67619658
vt 0.27352640 0.19048250
vt 0.89672118 0.68272108
vt 0.89324975 0.67961293
vt 0.89532346 0.68385881
vt 0.97104442 0.73446029
vt 0.89317012 0.68815380
vt 0.89501226 0.68870622
vt 0.27226332 0.19207060
vt 0.89726722 0.68454826
vt 0.88310397 0.66598231
vt 0.89409226 0.69069529
vt 0.94832826 0.74367088
vt 0.95252836 0.74599320
vt 0.94013262 0.74616635
vt 0.93180460 0.74372500
vt 0.93834430 0.74752921
vt 0.92257082 0.75847632
vt 0.92523646 0.74436629
vt 0.92398584 0.74612021
vt 0.96413708 0.74350047
vt 0.97521824 0.74614155
vt 0.97798991 0.74754894
vt 0.47174072 0.19813395
vt 0.95774835 0.74776667
vt 0.45152941 0.19906527
vt 0.46900430 0.19897532
vt 0.97518152 0.74777204
vt 0.43368816 0.19884431
vt 0.92239392 0.76022494
vt 0.93997443 0.74795502
vt 0.97474462 0.74205881
vt 0.90695578 0.53085238
vt 0.90358829 0.53106487
vt 0.97835475 0.74338293
vt 0.90109205 0.39160079
vt 0.92073941 0.39160120
vt 0.87953526 0.39138520
vt 0.14551936 0.19912559
vt 0.88504761 0.39314926
vt 0.13890335 0.19903690
vt 0.87803644 0.39305842
vt 0.19623138 0.19917130
vt 0.93876517 0.39305842
vt 0.88681006 0.43382150
vt 0.93820435 0.39158344
vt 0.88612849 0.43496418
vt 0.19540814 0.19890547
vt 0.90734512 0.38922608
vt 0.92797130 0.38919759
vt 0.89186329 0.38923597
vt 0.88048297 0.38967741
vt 0.34628513 0.99744374
vt 0.92736572 0.38712829
vt 0.17175531 0.19952077
vt 0.91627300 0.38701433
vt 0.33552632 0.99728149
vt 0.90313357 0.52079344
vt 0.97980917 0.51674229
vt 0.98005378 0.74588764
vt 0.98271561 0.50720710
vt 0.98246884 0.62326854
vt 0.98160183 0.61720538
vt 0.97937328 0.61560982
vt 0.98064530 0.63077408
vt 0.98239779 0.63131678
vt 0.98153937 0.60717010
vt 0.97995216 0.58544064
vt 0.98161411 0.63625801
vt 0.98190629 0.58973348
vt 0.98220718 0.57205021
vt 0.90322107 0.48448116
vt 0.97958732 0.55319393
vt 0.90384012 0.40332437
vt 0.97870338 0.63410634
vt 0.90426975 0.41751915
vt 0.97823966 0.61992252
vt 0.47223648 0.06415385
vt 0.90298617 0.39551806
vt 0.98018628 0.64160329
vt 0.98417079 0.56733155
vt 0.47412220 0.13710767
vt 0.98176271 0.53301036
vt 0.98151499 0.51927602
vt 0.47405481 0.10871696
vt 0.98382258 0.59596586
vt 0.98390561 0.64043128
vt 0.47425231 0.06463337
vt 0.47364998 0.07140768
vt 0.98359704 0.63359970
vt 0.47507149 0.06185853
vt 0.98428935 0.64322829
vt 0.54319853 0.35107481
vt 0.79738593 0.53206879
vt 0.79335994 0.53148359
vt 0.96986485 0.73255450
vt 0.89157552 0.68644017
vt 0.96776664 0.73477751
vt 0.88529700 0.66579115
vt 0.96939385 0.73639035
vt 0.89203447 0.69030875
vt 0.96803015 0.73046321
vt 0.96954423 0.72759491
vt 0.89119434 0.68161255
vt 0.96835506 0.72627681
vt 0.96956831 0.72418237
vt 0.89153141 0.67827958
vt 0.96731776 0.72393686
vt 0.96768636 0.70576990
vt 0.96805543 0.67691952
vt 0.96825701 0.67031980
vt 0.96869063 0.66479951
vt 0.96824247 0.66196066
vt 0.96860492 0.64847231
vt 0.96906561 0.61575776
vt 0.96939105 0.60629219
vt 0.96946990 0.60352802
vt 0.96416342 0.64592648
vt 0.96217340 0.66164470
vt 0.96551269 0.62264878
vt 0.96617258 0.67107642
vt 0.96215874 0.71105957
vt 0.96217614 0.61097825
vt 0.96508014 0.60641271
vt 0.96262884 0.60382479
vt 0.95892578 0.65684444
vt 0.95932436 0.62436801
vt 0.95970184 0.66115588
vt 0.96099198 0.68189925
vt 0.96065503 0.67306876
vt 0.96077937 0.60749364
vt 0.95798808 0.60599959
vt 0.96008337 0.72019947
vt 0.96443641 0.72659868
vt 0.95711923 0.72647393
vt 0.96027231 0.72846133
vt 0.94965750 0.69600999
vt 0.92438549 0.70975345
vt 0.94319290 0.72690731
vt 0.91929936 0.72176999
vt 0.91451991 0.69085783
vt 0.93377745 0.69587898
vt 0.92238873 0.68026304
vt 0.91270471 0.67039400
vt 0.95204663 0.67287022
vt 0.93089575 0.67281473
vt 0.95098746 0.65684974
vt 0.95603681 0.62781000
vt 0.92505449 0.63105094
vt 0.94070721 0.61033660
vt 0.92542887 0.62176800
vt 0.92497343 0.65674430
vt 0.93634552 0.66072768
vt 0.94318658 0.60653174
vt 0.92001724 0.67258608
vt 0.91403234 0.72470373
vt 0.92111093 0.60849661
vt 0.91575778 0.60492927
vt 0.91547793 0.61922598
vt 0.91498762 0.65778232
vt 0.94565547 0.72835076
vt 0.92216849 0.65981549
vt 0.92013586 0.65853310
vt 0.96407706 0.73173428
vt 0.92938262 0.72644699
vt 0.92095828 0.72572881
vt 0.92611408 0.72799289
vt 0.91657650 0.72589952
vt 0.92575914 0.66316670
vt 0.93985206 0.66279060
vt 0.94503218 0.60350555
vt 0.94543290 0.60571992
vt 0.92375505 0.60550970
vt 0.92785543 0.60320693
vt 0.92611426 0.60705453
vt 0.96353263 0.72919023
vt 0.95550370 0.73103166
vt 0.94380563 0.72895604
vt 0.92964530 0.73111242
vt 0.94277102 0.73106903
vt 0.92954600 0.72875297
vt 0.91882628 0.72865772
vt 0.91135401 0.73189729
vt 0.91165316 0.72839832
vt 0.91937721 0.66182715
vt 0.91431528 0.66433668
vt 0.91241211 0.68845767
vt 0.91591203 0.67026889
vt 0.91936582 0.66846293
vt 0.91899699 0.60312873
vt 0.91257536 0.66325700
vt 0.91532671 0.66732121
vt 0.92103714 0.66432351
vt 0.92139882 0.66650307
vt 0.92866743 0.66631532
vt 0.92845893 0.66416746
vt 0.94261360 0.66421741
vt 0.95143777 0.66640025
vt 0.96172005 0.66462225
vt 0.96559876 0.66730142
vt 0.96192741 0.73494375
vt 0.95779377 0.66324210
vt 0.91988504 0.73415971
vt 0.92599416 0.73409671
vt 0.93674213 0.73300815
vt 0.91672552 0.73425871
vt 0.91833282 0.73544627
vt 0.88706440 0.61451823
vt 0.92757088 0.73584157
vt 0.88714576 0.62369394
vt 0.95040345 0.73293895
vt 0.91337621 0.60582381
vt 0.91333318 0.61995941
vt 0.91297907 0.64490110
vt 0.91535628 0.60279953
vt 0.91361701 0.73419493
vt 0.92561179 0.67023605
vt 0.91275704 0.60240030
vt 0.95901388 0.67040306
vt 0.96455050 0.66878629
vt 0.92398369 0.67163533
vt 0.95770359 0.66889435
vt 0.92632961 0.66872913
vt 0.33214769 0.06401002
vt 0.91324639 0.60008323
vt 0.91005397 0.73400205
vt 0.88567615 0.60599840
vt 0.88605112 0.61606741
vt 0.91998571 0.73585248
vt 0.33490151 0.06227732
vt 0.90991706 0.59922707
vt 0.90994382 0.73164958
vt 0.90843987 0.72374409
vt 0.88328224 0.60525113
vt 0.90770048 0.73402375
vt 0.91030115 0.72166109
vt 0.90836519 0.70923519
vt 0.33560440 0.17687160
vt 0.90683150 0.71418190
vt 0.91060925 0.70759469
vt 0.91082591 0.68126166
vt 0.90838087 0.68632412
vt 0.90854317 0.66684514
vt 0.91093332 0.67002028
vt 0.91094434 0.66084009
vt 0.90917879 0.64854395
vt 0.91132873 0.64488149
vt 0.90945143 0.63462591
vt 0.91191578 0.61333734
vt 0.90968853 0.61443579
vt 0.33596912 0.14031291
vt 0.90691721 0.67762065
vt 0.33636677 0.11588591
vt 0.90711159 0.65296155
vt 0.90718126 0.63516533
vt 0.33698621 0.06193411
vt 0.90767270 0.59892684
vt 0.37699324 0.14713758
vt 0.01038189 0.99539876
vt 0.53834015 0.35356033
vt 0.79099190 0.53220856
vt 0.99377835 0.52198362
vt 0.53730470 0.35400677
vt 0.99278533 0.52607363
vt 0.53868544 0.35062337
vt 0.79138297 0.52811861
vt 0.99645752 0.52548689
vt 0.34095186 0.48603541
vt 0.88917005 0.69022888
vt 0.74762130 0.07332373
vt 0.90535486 0.99808967
vt 0.79794073 0.40804875
vt 0.74992502 0.10346991
vt 0.79782069 0.36313462
vt 0.74971575 0.14824164
vt 0.79698610 0.31172657
vt 0.75017458 0.19949424
vt 0.79803878 0.45447385
vt 0.75016516 0.05717784
vt 0.74791604 0.04985619
vt 0.92865038 0.99798703
vt 0.74806911 0.01673508
vt 0.96156448 0.99799109
vt 0.79807693 0.50305730
vt 0.75050604 0.00869119
vt 0.96987641 0.99916673
vt 0.74005085 0.76098144
vt 0.83262223 0.38282371
vt 0.74812263 0.27284122
vt 0.83448040 0.45143151
vt 0.80790716 0.76220709
vt 0.18485513 0.27303839
vt 0.14212339 0.27301902
vt 0.12023573 0.27297986
vt 0.20482218 0.27314007
vt 0.11819073 0.27169061
vt 0.17717130 0.76042104
vt 0.06964132 0.51828021
vt 0.06795240 0.51953787
vt 0.98783511 0.02695316
vt 0.06418069 0.50891817
vt 0.98825282 0.03861958
vt 0.08960423 0.53727907
vt 0.72095579 0.98276365
vt 0.09164207 0.53658313
vt 0.10096833 0.54030180
vt 0.70903403 0.98227417
vt 0.35592851 0.47652149
vt 0.33797795 0.47384715
vt 0.35112059 0.45586604
vt 0.38673446 0.47582173
vt 0.39273036 0.45366871
vt 0.39373767 0.47423327
vt 0.37154725 0.43993437
vt 0.39140743 0.42448008
vt 0.35058507 0.42605960
vt 0.33714068 0.44332683
vt 0.38493827 0.48000383
vt 0.35430136 0.48177862
vt 0.33773214 0.42557263
vt 0.34905595 0.42032862
vt 0.39974168 0.44970316
vt 0.39894471 0.47688347
vt 0.39853516 0.42438090
vt 0.37705633 0.48336434
vt 0.37839398 0.42054427
vt 0.34100774 0.47954023
vt 0.34333664 0.48363578
vt 0.39237040 0.47944510
vt 0.38902083 0.48072904
vt 0.38390067 0.48611498
vt 0.35487044 0.41688216
vt 0.33728224 0.41554987
vt 0.39075834 0.42024052
vt 0.38004887 0.41681957
vt 0.34738520 0.39620292
vt 0.36793649 0.39486545
vt 0.36164376 0.37978160
vt 0.39114192 0.41740763
vt 0.39121437 0.40616387
vt 0.38594490 0.37381005
vt 0.39712414 0.36675429
vt 0.39873940 0.37801403
vt 0.37350097 0.36738974
vt 0.33744186 0.36769378
vt 0.33728808 0.37957889
vt 0.39948848 0.40611756
vt 0.39742839 0.41833186
vt 0.33795398 0.36506605
vt 0.38758078 0.36511695
vt 0.39375114 0.36286020
vt 0.39724731 0.36173970
vt 0.40521479 0.35019338
vt 0.39973617 0.35509431
vt 0.39387918 0.35142422
vt 0.33495310 0.36820436
vt 0.33549884 0.36329043
vt 0.35509768 0.48625457
vt 0.34423444 0.48711574
vt 0.89018220 0.68660533
vt 0.34541932 0.36197788
vt 0.36201003 0.36273336
vt 0.38609311 0.36258900
vt 0.33991230 0.42072141
vt 0.33532742 0.41991335
vt 0.33459198 0.42989802
vt 0.33382523 0.44450676
vt 0.39783210 0.48166680
vt 0.33347237 0.46607000
vt 0.33400667 0.47565401
vt 0.33490559 0.40711856
vt 0.39271691 0.35464913
vt 0.38028300 0.35000503
vt 0.35101518 0.35475355
vt 0.34951040 0.34958315
vt 0.33746526 0.35126150
vt 0.33279595 0.34988999
vt 0.29793903 0.34357542
vt 0.31312436 0.35374725
vt 0.29871136 0.35215580
vt 0.29221597 0.36267340
vt 0.30149496 0.35766411
vt 0.31361729 0.35869312
vt 0.31966960 0.36284661
vt 0.30150020 0.38156271
vt 0.30637047 0.41119611
vt 0.30089927 0.39868033
vt 0.32155648 0.41198277
vt 0.32191604 0.38970143
vt 0.30073950 0.41011715
vt 0.32279241 0.36386400
vt 0.27849227 0.35438871
vt 0.28021374 0.40078181
vt 0.26188430 0.37444520
vt 0.25257063 0.39956415
vt 0.26902363 0.42991912
vt 0.24367131 0.42418039
vt 0.22564642 0.35884368
vt 0.22445177 0.39459765
vt 0.22140042 0.41911906
vt 0.20486198 0.40176725
vt 0.21192661 0.36152625
vt 0.19958036 0.34984094
vt 0.29573300 0.41150630
vt 0.28895310 0.43793631
vt 0.25016198 0.34188598
vt 0.27660823 0.31381178
vt 0.24911802 0.30488962
vt 0.27006543 0.29312152
vt 0.23845753 0.28712988
vt 0.21671526 0.29792392
vt 0.23383397 0.31921208
vt 0.21466751 0.32365280
vt 0.19920927 0.31144929
vt 0.16388224 0.31374431
vt 0.16338821 0.28999454
vt 0.13252220 0.30653924
vt 0.13358489 0.33521330
vt 0.15998963 0.33954483
vt 0.18039122 0.33916271
vt 0.16824135 0.37547868
vt 0.16794410 0.39669037
vt 0.18164748 0.41956151
vt 0.13297693 0.42447865
vt 0.14268845 0.39316261
vt 0.12374974 0.40248829
vt 0.14737439 0.35583317
vt 0.12650059 0.37663174
vt 0.10386639 0.38292313
vt 0.10658583 0.41315752
vt 0.08743270 0.39704645
vt 0.08665898 0.35642076
vt 0.11329050 0.35556507
vt 0.07667803 0.38885212
vt 0.07669921 0.42608237
vt 0.06655520 0.40223157
vt 0.07413652 0.35778844
vt 0.06489250 0.33134562
vt 0.07755263 0.32740843
vt 0.08620720 0.32396305
vt 0.09990378 0.33871859
vt 0.09325528 0.29719234
vt 0.06662347 0.31347299
vt 0.07478893 0.30219662
vt 0.08879909 0.43131387
vt 0.10349591 0.31023663
vt 0.11521853 0.32486832
vt 0.11918847 0.29232848
vt 0.08207602 0.28916478
vt 0.10609304 0.27901649
vt 0.20464301 0.28613126
vt 0.26609838 0.27880263
vt 0.30236650 0.27747935
vt 0.33158356 0.28197801
vt 0.37480915 0.27932632
vt 0.41240442 0.28337312
vt 0.37691551 0.29001898
vt 0.43636811 0.29331613
vt 0.46427146 0.28130591
vt 0.50368029 0.28924602
vt 0.53434354 0.29816306
vt 0.51177156 0.30135101
vt 0.52843052 0.31554425
vt 0.55908835 0.30045879
vt 0.56030446 0.31864440
vt 0.58725441 0.30025721
vt 0.59365976 0.31617194
vt 0.60546905 0.33329701
vt 0.56717348 0.33660948
vt 0.62775129 0.33902335
vt 0.57591641 0.34885359
vt 0.59353977 0.35027933
vt 0.61518919 0.35061288
vt 0.62094861 0.35355222
vt 0.64571899 0.29899389
vt 0.63036531 0.29057729
vt 0.67395973 0.28449291
vt 0.63254982 0.30885881
vt 0.61886764 0.31985915
vt 0.60673922 0.29379350
vt 0.56074524 0.28977132
vt 0.58685440 0.28142738
vt 0.55074924 0.27716243
vt 0.59502953 0.27293336
vt 0.61524332 0.27824998
vt 0.65193665 0.27791673
vt 0.67236954 0.30166900
vt 0.69586301 0.28982854
vt 0.71188426 0.30142760
vt 0.73878908 0.29906929
vt 0.75197637 0.32800055
vt 0.76264495 0.30420583
vt 0.77781308 0.31648028
vt 0.76961690 0.32615411
vt 0.78423846 0.33281958
vt 0.78583783 0.38336277
vt 0.77351165 0.36138034
vt 0.78622234 0.41839105
vt 0.77569920 0.43825698
vt 0.77958250 0.48717594
vt 0.76124716 0.44355959
vt 0.79511905 0.50930548
vt 0.78733122 0.51931810
vt 0.79448652 0.47314334
vt 0.76538360 0.53478789
vt 0.77540815 0.51235801
vt 0.78640538 0.52594429
vt 0.99648440 0.99948877
vt 0.02000761 0.98312885
vt 0.77583802 0.53390086
vt 0.03361622 0.98271221
vt 0.76480210 0.49779630
vt 0.76054066 0.48003978
vt 0.74999887 0.51858985
vt 0.71214616 0.53471452
vt 0.73821163 0.50217265
vt 0.70613056 0.53450686
vt 0.72192013 0.49781972
vt 0.71862245 0.47861850
vt 0.67338842 0.48552430
vt 0.69789898 0.45913005
vt 0.65773612 0.52545577
vt 0.69682527 0.50647479
vt 0.67150271 0.53479719
vt 0.66292709 0.50590891
vt 0.63897145 0.50023717
vt 0.61891228 0.53473067
vt 0.62007600 0.48779851
vt 0.62211740 0.47779393
vt 0.57045877 0.53526986
vt 0.56340104 0.51536119
vt 0.59272605 0.51063931
vt 0.54442334 0.50605655
vt 0.55479157 0.49033558
vt 0.56663448 0.49013424
vt 0.52697176 0.49033892
vt 0.53862447 0.48459953
vt 0.55363625 0.48441094
vt 0.53182846 0.48550391
vt 0.54248029 0.53557950
vt 0.52245325 0.50273925
vt 0.50176948 0.53589988
vt 0.52590811 0.52170491
vt 0.48941797 0.49395049
vt 0.46536529 0.48950708
vt 0.46918470 0.51405525
vt 0.44118533 0.48510885
vt 0.44226179 0.46691078
vt 0.45808533 0.48282528
vt 0.44527492 0.53643256
vt 0.41747239 0.51271492
vt 0.45022669 0.50891322
vt 0.40137470 0.49023581
vt 0.41561180 0.48044735
vt 0.39770564 0.53628016
vt 0.35747942 0.53666180
vt 0.38075340 0.51595795
vt 0.33839071 0.53689522
vt 0.34568295 0.51536357
vt 0.31719574 0.52033818
vt 0.30108759 0.53723729
vt 0.28520027 0.52291048
vt 0.25524700 0.53706956
vt 0.25846496 0.52108967
vt 0.27664933 0.50501209
vt 0.29922727 0.50231075
vt 0.26125407 0.50012785
vt 0.28328544 0.48569679
vt 0.25468042 0.47966057
vt 0.23230483 0.49437988
vt 0.22236769 0.51518875
vt 0.20891103 0.49984413
vt 0.20718230 0.48108542
vt 0.23255247 0.46877551
vt 0.18524542 0.49795759
vt 0.18254973 0.47801161
vt 0.19743985 0.45600402
vt 0.15855365 0.47932720
vt 0.17786364 0.45456290
vt 0.14276658 0.45901364
vt 0.12064792 0.46827757
vt 0.12906177 0.48734093
vt 0.15238240 0.50222790
vt 0.12263130 0.50430024
vt 0.10555830 0.49387318
vt 0.10922264 0.51261973
vt 0.11709806 0.53485250
vt 0.14753856 0.53479666
vt 0.09061197 0.53219110
vt 0.07617314 0.51790988
vt 0.08068199 0.52767581
vt 0.07131869 0.51451725
vt 0.10145184 0.53638017
vt 0.09100807 0.48403335
vt 0.09611071 0.45927382
vt 0.08005879 0.49216503
vt 0.07893284 0.46844268
vt 0.06640560 0.50521576
vt 0.06692299 0.47356415
vt 0.17297919 0.51435483
vt 0.20379426 0.52696788
vt 0.17057125 0.53472126
vt 0.20509142 0.53755790
vt 0.27906027 0.46048713
vt 0.22404249 0.45185745
vt 0.25366306 0.45452988
vt 0.20458587 0.43292409
vt 0.15884273 0.42321789
vt 0.15843636 0.44711554
vt 0.12004366 0.43854010
vt 0.10864192 0.43177176
vt 0.06683518 0.44369829
vt 0.29521295 0.46679014
vt 0.29750162 0.48173761
vt 0.30395132 0.48746407
vt 0.34082103 0.49177623
vt 0.36197606 0.49452722
vt 0.46212992 0.46786499
vt 0.44704598 0.46306062
vt 0.46872097 0.53619933
vt 0.59639484 0.48951644
vt 0.60954040 0.48645669
vt 0.60585028 0.53472614
vt 0.79486889 0.44229275
vt 0.79475820 0.36934221
vt 0.79732490 0.32450575
vt 0.74991399 0.18674743
vt 0.78336066 0.29571605
vt 0.76589519 0.28769255
vt 0.72281379 0.27289009
vt 0.83451414 0.42575955
vt 0.77003950 0.27610648
vt 0.83044702 0.76226991
vt 0.78983849 0.28898251
vt 0.75506997 0.99866724
vt 0.67853165 0.27292168
vt 0.83448040 0.38080150
vt 0.66261339 0.31802917
vt 0.69902492 0.31329948
vt 0.73037642 0.32541811
vt 0.73593527 0.36548275
vt 0.75811046 0.36915833
vt 0.76397532 0.33826804
vt 0.77036190 0.39710975
vt 0.75794792 0.40673697
vt 0.73266894 0.41991991
vt 0.73631513 0.39907819
vt 0.71051937 0.39855325
vt 0.71543878 0.35991502
vt 0.67923033 0.36606562
vt 0.68295437 0.34398884
vt 0.71122783 0.33387887
vt 0.65621746 0.34813559
vt 0.63797992 0.35023129
vt 0.62164044 0.36752605
vt 0.65238303 0.37353677
vt 0.63379216 0.38378465
vt 0.62148124 0.40902692
vt 0.63164079 0.41729665
vt 0.64800781 0.40077055
vt 0.65049177 0.42927742
vt 0.66897386 0.40425122
vt 0.68688214 0.39054739
vt 0.69040096 0.41417545
vt 0.70858634 0.43726563
vt 0.67417914 0.43271577
vt 0.73213571 0.45435584
vt 0.74761140 0.46299720
vt 0.73096758 0.43778503
vt 0.67273104 0.45322168
vt 0.65000582 0.46382320
vt 0.63648039 0.44733596
vt 0.62233466 0.45840049
vt 0.62203902 0.42967689
vt 0.62208807 0.42014349
vt 0.47244608 0.27325380
vt 0.56117958 0.27297199
vt 0.41825515 0.27336442
vt 0.37358811 0.27338457
vt 0.31294832 0.27345073
vt 0.28548470 0.27345246
vt 0.24144940 0.27322102
vt 0.09262393 0.27478302
vt 0.15152480 0.76056123
vt 0.08564714 0.27757919
vt 0.14397170 0.76057142
vt 0.29951471 0.31678641
vt 0.32548162 0.32052165
vt 0.35898101 0.33384264
vt 0.35381117 0.31678277
vt 0.38807130 0.32024944
vt 0.38231805 0.30198240
vt 0.41990501 0.30453086
vt 0.43112627 0.32704449
vt 0.45906538 0.30688298
vt 0.48778728 0.30450118
vt 0.49927303 0.32064188
vt 0.50800824 0.33374131
vt 0.54894453 0.34697294
vt 0.55498832 0.34895015
vt 0.53702122 0.34876919
vt 0.51992631 0.34751606
vt 0.52908087 0.35338205
vt 0.47109142 0.34910500
vt 0.47011310 0.32550335
vt 0.46464935 0.35339266
vt 0.42075634 0.35446179
vt 0.43931764 0.38153386
vt 0.45877412 0.39453900
vt 0.46751156 0.37849027
vt 0.46681058 0.39934313
vt 0.44309583 0.39349437
vt 0.43897587 0.40066779
vt 0.43447235 0.42235065
vt 0.43079656 0.40461046
vt 0.46122178 0.43030560
vt 0.42218372 0.44607103
vt 0.44979411 0.45235395
vt 0.45971158 0.45779335
vt 0.43657437 0.45353973
vt 0.44251561 0.45741272
vt 0.40724483 0.42761540
vt 0.41422233 0.41227293
vt 0.42302629 0.40947437
vt 0.40566337 0.39854622
vt 0.42354944 0.37547547
vt 0.39629266 0.33846533
vt 0.36579546 0.34203219
vt 0.40569481 0.46596456
vt 0.42396557 0.46699840
vt 0.42940548 0.47220004
vt 0.43440762 0.46617448
vt 0.35728279 0.30153251
vt 0.34282610 0.29097939
vt 0.30563402 0.28968894
vt 0.30518460 0.30017364
vt 0.32486188 0.30307972
vt 0.29839271 0.41741085
vt 0.46374807 0.41805947
vt 0.46667916 0.42386043
vt 0.29602322 0.43600392
vt 0.29887998 0.42597246
vt 0.79092139 0.51999086
vt 0.98890668 0.99931449
vt 0.36211023 0.49074602
vt 0.54992181 0.48264503
vt 0.79663783 0.30619788
vt 0.75050604 0.20501024
vt 0.77416956 0.99948877
vt 0.43283877 0.38524121
vt 0.42704540 0.38860404
vt 0.42429689 0.39401579
vt 0.42445809 0.39941257
vt 0.46782786 0.44641709
vt 0.47128519 0.42744291
vt 0.46658248 0.47621822
vt 0.47029963 0.48144388
vt 0.47569472 0.47995365
vt 0.47415367 0.47300565
vt 0.48759124 0.44230652
vt 0.48705602 0.47680008
vt 0.49908933 0.45477265
vt 0.50328314 0.42776597
vt 0.51114166 0.47666186
vt 0.52051896 0.42754334
vt 0.52301311 0.47548950
vt 0.52961391 0.45565677
vt 0.52824789 0.42846388
vt 0.48474136 0.42699713
vt 0.48317471 0.48032975
vt 0.52259797 0.48037338
vt 0.48560470 0.42286879
vt 0.52369392 0.42393196
vt 0.52738100 0.47989500
vt 0.52671891 0.47345924
vt 0.53163117 0.45759755
vt 0.55913341 0.35297644
vt 0.55129141 0.35256982
vt 0.57264721 0.35336334
vt 0.56034738 0.48696911
vt 0.44913962 0.46012521
vt 0.22680312 0.27210629
vt 0.28507018 0.76078951
vt 0.51382917 0.48333877
vt 0.48840067 0.48548996
vt 0.47696522 0.48510039
vt 0.52288127 0.48516154
vt 0.51324064 0.48561239
vt 0.79364157 0.29554856
vt 0.76276475 0.99889159
vt 0.33252609 0.48763907
vt 0.33426920 0.48371327
vt 0.31801385 0.48571664
vt 0.32649603 0.48487651
vt 0.43126771 0.45508420
vt 0.42498225 0.46215236
vt 0.10466132 0.53832734
vt 0.15879041 0.53810728
vt 0.06191506 0.39013505
vt 0.98809588 0.15680611
vt 0.06240048 0.49486327
vt 0.98824370 0.05301481
vt 0.53552198 0.35283554
vt 0.28712526 0.27200711
vt 0.34511459 0.76075619
vt 0.51752996 0.35372961
vt 0.47688738 0.39775968
vt 0.46675870 0.41316414
vt 0.52159268 0.38237929
vt 0.47415233 0.36746883
vt 0.50883383 0.36734962
vt 0.52528423 0.36755049
vt 0.53152543 0.38503063
vt 0.52967519 0.40332311
vt 0.52225286 0.40043235
vt 0.52119899 0.40951425
vt 0.52975106 0.36419201
vt 0.50352567 0.39654028
vt 0.50482756 0.40962207
vt 0.47416258 0.40924001
vt 0.46689823 0.36423123
vt 0.52234137 0.41277611
vt 0.48546842 0.41295791
vt 0.53135115 0.41153234
vt 0.39604205 0.48746216
vt 0.08172835 0.28169250
vt 0.13854223 0.76226991
vt 0.42687008 0.39287639
vt 0.50438094 0.35374773
vt 0.48462850 0.35382855
vt 0.47631449 0.34933841
vt 0.43857330 0.39084911
vt 0.43655786 0.39545751
vt 0.62004977 0.53823119
vt 0.19099450 0.98300326
vt 0.72659028 0.53788459
vt 0.08416174 0.98299146
vt 0.56271052 0.53842306
vt 0.24868350 0.98278850
vt 0.30108193 0.44910771
vt 0.30082029 0.42739362
vt 0.53105688 0.42365384
vt 0.30499250 0.44849014
vt 0.30549690 0.43063009
vt 0.30482581 0.47765052
vt 0.31214124 0.47316718
vt 0.32161316 0.44622964
vt 0.32150993 0.42983454
vt 0.32100853 0.47084469
vt 0.31807521 0.42059869
vt 0.30603901 0.42056233
vt 0.30780429 0.48121578
vt 0.31899795 0.47848243
vt 0.54788369 0.48031545
vt 0.54550958 0.47851497
vt 0.53506702 0.48317707
vt 0.53842753 0.48015147
vt 0.75919080 0.53784096
vt 0.05138719 0.98293400
vt 0.61557943 0.48450547
vt 0.59457332 0.48617589
vt 0.56773716 0.48825359
vt 0.33895195 0.35456210
vt 0.32790530 0.35430634
vt 0.47400606 0.42374909
vt 0.43672749 0.46432710
vt 0.43946576 0.46073079
vt 0.43564814 0.45732909
vt 0.47388238 0.41302884
vt 0.37044519 0.48871273
vt 0.61937577 0.45683300
vt 0.61838233 0.47984672
vt 0.61739028 0.48269784
vt 0.61254781 0.35371339
vt 0.06270951 0.31378132
vt 0.98803800 0.23257393
vt 0.31216425 0.48291230
vt 0.43356106 0.39852059
vt 0.42848784 0.39822447
vt 0.32310838 0.41891801
vt 0.30129173 0.48087513
vt 0.30152670 0.41547108
vt 0.31633040 0.41524243
vt 0.32324332 0.41611636
vt 0.32438439 0.40813506
vt 0.61799091 0.38545334
vt 0.61921853 0.40837181
vt 0.54861134 0.35036123
vt 0.80212551 0.52947038
vt 0.52871072 0.42224026
vt 0.42989835 0.46724021
vt 0.32537055 0.39240557
vt 0.32530355 0.37806118
vt 0.32750753 0.53952730
vt 0.48453990 0.98265123
vt 0.62825167 0.98267883
vt 0.18268937 0.54030180
vt 0.24221407 0.54001272
vt 0.56929773 0.98277611
vt 0.31985420 0.35926062
vt 0.53105778 0.47705102
vt 0.78468430 0.28322095
vt 0.84712058 0.76191187
vt 0.74720562 0.99898404
vt 0.61968541 0.42157871
vt 0.52942353 0.47877085
vt 0.30728200 0.48400623
vt 0.31823975 0.48257959
vt 0.32099167 0.48015141
vt 0.32562199 0.48082447
vt 0.33014306 0.48254472
vt 0.47082129 0.42180955
vt 0.46739295 0.42056489
vt 0.61974585 0.41780365
vt 0.47657937 0.36477917
vt 0.50320762 0.36495322
vt 0.52143174 0.36451781
vt 0.48305702 0.36307168
vt 0.47384587 0.36274803
vt 0.52173609 0.36260140
vt 0.52805626 0.36291575
vt 0.54574132 0.34964871
vt 0.79921836 0.52880037
vt 0.47287422 0.35373300
vt 0.31130493 0.41856503
vt 0.30153522 0.41895622
vt 0.61877137 0.42636526
vt 0.33737150 0.48062104
vt 0.53480065 0.35600877
vt 0.52784741 0.48703265
vt 0.52274221 0.48835707
vt 0.49806345 0.48878545
vt 0.41320163 0.27189732
vt 0.47105694 0.76065481
vt 0.39560944 0.41960144
vt 0.53120708 0.41483378
vt 0.46843979 0.48779684
vt 0.47739083 0.48635888
vt 0.47635376 0.48768950
vt 0.49763077 0.48780191
vt 0.39034539 0.48664737
vt 0.55357933 0.35502934
vt 0.54929614 0.35474688
vt 0.33260608 0.35504639
vt 0.33806625 0.48317844
vt 0.47110352 0.41519570
vt 0.46719542 0.41659677
vt 0.33672404 0.48479581
vt 0.89018220 0.69478530
vt 0.31945106 0.35670340
vt 0.61932224 0.35808659
vt 0.61872405 0.35559154
vt 0.61814255 0.37386024
vt 0.50970471 0.42289746
vt 0.51918715 0.42281890
vt 0.49667326 0.48665702
vt 0.52401745 0.48599374
vt 0.52044737 0.48741901
vt 0.46996742 0.36166507
vt 0.46797258 0.35992128
vt 0.46819064 0.35689807
vt 0.35026479 0.36094779
vt 0.37462872 0.36090261
vt 0.32381678 0.42838418
vt 0.32464716 0.44737720
vt 0.32380491 0.46142191
vt 0.32895684 0.35645354
vt 0.33084840 0.35425651
vt 0.07561550 0.28446925
vt 0.13171835 0.76074731
vt 0.98832572 0.26563621
vt 0.43514043 0.39694053
vt 0.28691807 0.76035786
vt 0.22866991 0.27170599
vt 0.46636635 0.41858721
vt 0.62001622 0.76094151
vt 0.56127632 0.27161348
vt 0.67755866 0.76097012
vt 0.61840522 0.27153468
vt 0.83291000 0.31952965
vt 0.31318021 0.27190936
vt 0.37110832 0.76049483
vt 0.43113828 0.38861048
vt 0.43489274 0.38910389
vt 0.43650120 0.39280534
vt 0.79749876 0.51020515
vt 0.97703916 0.99779636
vt 0.43346405 0.39473987
vt 0.43009594 0.39122832
vt 0.43133438 0.39576828
vt 0.43418109 0.39098310
vt 0.43448499 0.39585388
vt 0.32279661 0.48012865
vt 0.32788405 0.48074627
vt 0.32705128 0.47786331
vt 0.32289642 0.47836882
vt 0.32670698 0.47503924
vt 0.33084062 0.47864550
vt 0.33014694 0.47941369
vt 0.33151141 0.47914475
vt 0.33451593 0.48232710
vt 0.32920384 0.47458309
vt 0.32920679 0.45702255
vt 0.32691687 0.44995517
vt 0.32919174 0.43292648
vt 0.32706210 0.42828608
vt 0.32895893 0.42129356
vt 0.32677713 0.41806757
vt 0.32887495 0.41633105
vt 0.32665631 0.39785314
vt 0.33122292 0.42194867
vt 0.33157784 0.41836202
vt 0.33158207 0.44107050
vt 0.33214810 0.47487640
vt 0.33147347 0.40365976
vt 0.32920441 0.39862579
vt 0.32922709 0.37711680
vt 0.32689744 0.37925446
vt 0.33152825 0.37518930
vt 0.32915077 0.36787671
vt 0.33148119 0.36535370
vt 0.32893497 0.36353695
vt 0.33173105 0.36223060
vt 0.32608676 0.36472446
vt 0.32313246 0.35935813
vt 0.32740313 0.35968304
vt 0.33005586 0.35970855
vt 0.33229819 0.35970211
vt 0.32458001 0.41867584
vt 0.32320312 0.47537404
vt 0.33115646 0.35880303
vt 0.32453141 0.41659397
vt 0.32167166 0.41778219
vt 0.33353624 0.37462580
vt 0.33368281 0.41081667
vt 0.33751848 0.35958827
vt 0.33550686 0.35748488
vt 0.34363475 0.35954142
vt 0.34535018 0.35794556
vt 0.35430560 0.35927916
vt 0.38011366 0.35759968
vt 0.38038620 0.35926032
vt 0.39125648 0.35785401
vt 0.39127728 0.35922521
vt 0.39507449 0.35912359
vt 0.39396837 0.36116219
vt 0.39832768 0.35912925
vt 0.39738700 0.35685182
vt 0.39103672 0.35631883
vt 0.37145686 0.35646623
vt 0.34225345 0.35658079
vt 0.33586791 0.35622001
vt 0.33505952 0.47853613
vt 0.31741390 0.41625720
vt 0.31414518 0.41724205
vt 0.30527529 0.41617876
vt 0.30594668 0.41743660
vt 0.30063021 0.41852522
vt 0.29994142 0.41779196
vt 0.29996023 0.42467040
vt 0.33065537 0.35757124
vt 0.39445785 0.48303032
vt 0.39599478 0.48567629
vt 0.43070138 0.46294504
vt 0.42888129 0.46041691
vt 0.43468860 0.46332622
vt 0.43197232 0.45902246
vt 0.43448308 0.46004546
vt 0.43126899 0.46178579
vt 0.43362421 0.46152014
vt 0.43584624 0.46242440
vt 0.43597439 0.45868635
vt 0.36614537 0.48716450
vt 0.47669217 0.35753059
vt 0.48370990 0.35809571
vt 0.47789869 0.35819483
vt 0.48521361 0.35737032
vt 0.48587218 0.35547262
vt 0.50002593 0.35722840
vt 0.52021587 0.35541594
vt 0.51815265 0.35717022
vt 0.47139391 0.35583973
vt 0.52447796 0.35725451
vt 0.47148326 0.35726380
vt 0.52832377 0.35576534
vt 0.47370395 0.35887760
vt 0.53192794 0.35943282
vt 0.53261006 0.35805058
vt 0.53513849 0.35903037
vt 0.98734820 0.52548689
vt 0.47668952 0.35879344
vt 0.52525210 0.35905063
vt 0.53631133 0.36015111
vt 0.51793361 0.35867822
vt 0.47087041 0.35873806
vt 0.49343809 0.35892397
vt 0.48500410 0.35874414
vt 0.53740358 0.35641634
vt 0.99095792 0.52387661
vt 0.53981030 0.35656792
vt 0.53011352 0.36133051
vt 0.53519750 0.36438107
vt 0.54111952 0.36353076
vt 0.54243445 0.36770660
vt 0.54496080 0.36288929
vt 0.54722565 0.35985351
vt 0.54294837 0.35790563
vt 0.54146951 0.35793877
vt 0.54812258 0.36703908
vt 0.53700602 0.37644398
vt 0.53985465 0.37819403
vt 0.53978109 0.39521420
vt 0.54321265 0.39641225
vt 0.54811347 0.37942827
vt 0.55071849 0.36406708
vt 0.53492177 0.39527154
vt 0.54007542 0.40708685
vt 0.54204905 0.40990424
vt 0.53867024 0.40824020
vt 0.54163581 0.41477680
vt 0.53839231 0.41479087
vt 0.54570645 0.35767710
vt 0.53447390 0.37564343
vt 0.53237033 0.36446035
vt 0.53317779 0.39183372
vt 0.54816735 0.36379421
vt 0.54586726 0.40246367
vt 0.54826957 0.40035850
vt 0.54608130 0.41329205
vt 0.54835105 0.41289383
vt 0.55089670 0.37523866
vt 0.53467566 0.40654814
vt 0.55423284 0.37833929
vt 0.55527550 0.36669779
vt 0.56319058 0.36666888
vt 0.55413276 0.36388457
vt 0.56175834 0.37879658
vt 0.55752873 0.40023553
vt 0.59752625 0.36777329
vt 0.57332158 0.36804259
vt 0.58365232 0.36593890
vt 0.59116900 0.38637948
vt 0.60842353 0.38062775
vt 0.60826993 0.36912155
vt 0.59544271 0.40118510
vt 0.57312012 0.40139437
vt 0.55798143 0.41238678
vt 0.59268510 0.41247702
vt 0.60661793 0.40930891
vt 0.60863817 0.39811766
vt 0.60818964 0.41257572
vt 0.55142534 0.40869015
vt 0.55275995 0.39313954
vt 0.55227280 0.41469300
vt 0.61033911 0.39040935
vt 0.60961896 0.37442595
vt 0.57248920 0.41465890
vt 0.59310895 0.41456932
vt 0.60566097 0.41448516
vt 0.60587186 0.36413318
vt 0.60749578 0.36456358
vt 0.55477214 0.41278613
vt 0.57504928 0.36371720
vt 0.56343788 0.36299062
vt 0.58787864 0.36388725
vt 0.55492473 0.36269724
vt 0.61040735 0.40399945
vt 0.60828054 0.41522837
vt 0.60999256 0.41428590
vt 0.55118662 0.35949147
vt 0.53302383 0.41235197
vt 0.54821867 0.35952336
vt 0.53500724 0.41287768
vt 0.54857922 0.41630352
vt 0.54678237 0.41658074
vt 0.53927094 0.36008793
vt 0.55364621 0.36139703
vt 0.55473047 0.35870183
vt 0.55843884 0.36110151
vt 0.55953264 0.35857546
vt 0.61122078 0.37265217
vt 0.53366572 0.41658741
vt 0.54006290 0.41827220
vt 0.54331917 0.41834915
vt 0.53992683 0.42307556
vt 0.54517370 0.42321217
vt 0.54375172 0.42603511
vt 0.54024577 0.43366730
vt 0.53667206 0.42236900
vt 0.53683752 0.44761753
vt 0.53986472 0.44698691
vt 0.53992450 0.45882744
vt 0.53712678 0.46481431
vt 0.54027003 0.47126579
vt 0.54323709 0.43479294
vt 0.54322970 0.44722986
vt 0.54328096 0.45985436
vt 0.54331690 0.46935123
vt 0.53468084 0.47178018
vt 0.53445786 0.45200419
vt 0.53435320 0.43238974
vt 0.53226179 0.42377818
vt 0.53271914 0.45597196
vt 0.54403019 0.47480929
vt 0.54626775 0.44901466
vt 0.54884940 0.42606962
vt 0.54593611 0.43315601
vt 0.54852313 0.45286572
vt 0.54615611 0.46475589
vt 0.54859942 0.47208595
vt 0.54641324 0.47479856
vt 0.54834670 0.43336958
vt 0.54944319 0.47705793
vt 0.55260527 0.43402743
vt 0.53245538 0.47521520
vt 0.54872888 0.42317003
vt 0.53423506 0.42314327
vt 0.55493450 0.42595851
vt 0.55557841 0.44374609
vt 0.55254447 0.44676578
vt 0.57170808 0.43446898
vt 0.58375019 0.42660880
vt 0.59919536 0.42665666
vt 0.58893234 0.45294750
vt 0.60403001 0.45418620
vt 0.60299146 0.42304170
vt 0.60847169 0.42761183
vt 0.61058068 0.44742906
vt 0.61117500 0.47036135
vt 0.60208803 0.47004604
vt 0.58662212 0.46887934
vt 0.57095480 0.45339364
vt 0.55611467 0.47021890
vt 0.56928182 0.47574890
vt 0.58719289 0.47862917
vt 0.55941659 0.47949135
vt 0.60311717 0.47849762
vt 0.55222559 0.46129096
vt 0.55260736 0.47223449
vt 0.56069839 0.48189056
vt 0.55371410 0.47569185
vt 0.59922320 0.42307782
vt 0.58506930 0.42347395
vt 0.60813880 0.42208064
vt 0.57576960 0.47885585
vt 0.56822383 0.48055512
vt 0.56348211 0.48006856
vt 0.56789207 0.42333364
vt 0.55474418 0.42251164
vt 0.60913384 0.47896367
vt 0.61126852 0.47872710
vt 0.56623656 0.48599517
vt 0.57347882 0.48166907
vt 0.57803792 0.48536742
vt 0.59185648 0.48238313
vt 0.59844798 0.48024118
vt 0.56201261 0.48590827
vt 0.59185857 0.42326641
vt 0.59242862 0.48493338
vt 0.60192484 0.48439491
vt 0.60738760 0.48199975
vt 0.60696691 0.48090017
vt 0.60984713 0.43112803
vt 0.55371994 0.42373919
vt 0.61253536 0.48176455
vt 0.53918397 0.47514486
vt 0.53980875 0.47701836
vt 0.53474456 0.47615647
vt 0.53621197 0.47750288
vt 0.54573584 0.41874599
vt 0.54920191 0.42067260
vt 0.53608030 0.41817552
vt 0.55934590 0.48287642
vt 0.55884075 0.48527038
vt 0.55613393 0.48190743
vt 0.61163253 0.48010218
vt 0.54334778 0.47720891
vt 0.55378520 0.47976089
vt 0.61256212 0.45621222
vt 0.53352070 0.47839665
vt 0.53335100 0.42018771
vt 0.61153287 0.36440265
vt 0.61431241 0.36877823
vt 0.61420375 0.37446642
vt 0.61672914 0.36829698
vt 0.61699456 0.36468947
vt 0.61446875 0.36237192
vt 0.61653894 0.36085629
vt 0.61688364 0.37380117
vt 0.61434126 0.38994968
vt 0.61659944 0.39041734
vt 0.61423689 0.40167850
vt 0.61183339 0.38939011
vt 0.61185610 0.40484810
vt 0.61644536 0.40607524
vt 0.61181909 0.41265678
vt 0.61332703 0.47698110
vt 0.61508960 0.45789409
vt 0.61471677 0.43285906
vt 0.61153805 0.43204105
vt 0.61705124 0.46134603
vt 0.61527586 0.47709537
vt 0.61693650 0.43006790
vt 0.61178255 0.42584699
vt 0.61457801 0.42603230
vt 0.61020207 0.42313510
vt 0.61420208 0.42103136
vt 0.61686277 0.42280030
vt 0.61640286 0.42029989
vt 0.04200405 0.73159510
vt 0.60925537 0.42091787
vt 0.61510742 0.47993839
vt 0.61534214 0.48190171
vt 0.61705172 0.47939909
vt 0.61048794 0.36216313
vt 0.55379176 0.42149347
vt 0.55402625 0.48245144
vt 0.55150276 0.47927237
vt 0.55129081 0.47735482
vt 0.61378753 0.41528851
vt 0.61112368 0.41540402
vt 0.54690069 0.47740799
vt 0.53279918 0.47874004
vt 0.47944382 0.35938573
vt 0.61653185 0.41543388
vt 0.54819536 0.35558498
vt 0.54584527 0.35540259
vt 0.53286052 0.41835415
vt 0.60582477 0.42072332
vt 0.54802239 0.41909933
vt 0.54906601 0.41818899
vt 0.55589634 0.41913331
vt 0.55835742 0.41821826
vt 0.57888681 0.41822278
vt 0.57304478 0.41897166
vt 0.58835948 0.41905159
vt 0.60025179 0.41805971
vt 0.60239720 0.41881508
vt 0.60796386 0.41804135
vt 0.60799497 0.41846585
vt 0.61137015 0.41745007
vt 0.61400849 0.41776550
vt 0.73633605 0.26942742
vt 0.61486745 0.41894436
vt 0.61711454 0.41849351
vt 0.73734820 0.26578069
vt 0.04014079 0.73057258
vt 0.54575473 0.35232306
vt 0.60317874 0.41546416
vt 0.59422094 0.41557801
vt 0.58309275 0.41680831
vt 0.47351322 0.36092412
vt 0.52876890 0.41867661
vt 0.58398944 0.41566491
vt 0.51533860 0.36112046
vt 0.49462736 0.36110282
vt 0.73633605 0.26533747
vt 0.61722326 0.41849834
vt 0.03997976 0.73159510
vt 0.56688207 0.35837531
vt 0.56080109 0.35778368
vt 0.57873696 0.35768473
vt 0.57617933 0.35970473
vt 0.59693706 0.36172223
vt 0.58027810 0.35871780
vt 0.59117126 0.35861838
vt 0.59417903 0.35850596
vt 0.59717470 0.35861552
vt 0.55052316 0.47808444
vt 0.61549288 0.35979211
vt 0.61110383 0.36077309
vt 0.61100656 0.35906374
vt 0.60588974 0.36010098
vt 0.59835446 0.35988259
vt 0.52988023 0.41676354
vt 0.53363246 0.47994947
vt 0.52993673 0.48224944
vt 0.52905619 0.48473006
vt 0.52731162 0.48285317
vt 0.58346897 0.42128164
vt 0.56434751 0.42123669
vt 0.54431081 0.35309601
vt 0.54534382 0.35076737
vt 0.79997730 0.53220856
vt 0.53810114 0.35457522
vt 0.99258918 0.52201897
vt 0.52158403 0.41469026
vt 0.50794631 0.41471970
vt 0.49089384 0.41476893
vt 0.47918224 0.41471469
vt 0.61789489 0.41352999
vt 0.56018513 0.41721332
vt 0.61804760 0.43277490
vt 0.61795402 0.46711767
vt 0.51343119 0.41765708
vt 0.51633489 0.41840982
vt 0.51603484 0.41900021
vt 0.49301970 0.41887689
vt 0.49296176 0.41781330
vt 0.47804844 0.41793352
vt 0.47237512 0.41873449
vt 0.47126469 0.41828203
vt 0.47105429 0.41975665
vt 0.55253679 0.41685784
vt 0.55992907 0.41604996
vt 0.48158988 0.42046928
vt 0.55982000 0.35716105
vt 0.58013898 0.35681295
vt 0.56860870 0.35501868
vt 0.59048200 0.35488409
vt 0.59095246 0.35679579
vt 0.07135627 0.56186092
vt 0.59418601 0.35690802
vt 0.07135627 0.56595093
vt 0.59988266 0.35652399
vt 0.61128563 0.35498190
vt 0.60046065 0.35781842
vt 0.61492318 0.35732126
vt 0.61118114 0.35776174
vt 0.55921471 0.35493290
vt 0.55629188 0.35686374
vt 0.55074394 0.35687995
vt 0.59271377 0.35751629
vt 0.06933198 0.56412572
vt 0.54453981 0.12929851
vt 0.83147776 0.77760738
vt 0.54663289 0.13823366
vt 0.54466915 0.14202893
vt 0.54687643 0.16204965
vt 0.54478610 0.16191435
vt 0.54503006 0.18774313
vt 0.54833466 0.14811343
vt 0.54802155 0.13389283
vt 0.54712027 0.18580943
vt 0.54693729 0.19364029
vt 0.54860097 0.19380015
vt 0.10273278 0.58128834
vt 0.54342747 0.17710149
vt 0.55039263 0.13539171
vt 0.54334068 0.19688410
vt 0.02877061 0.57310838
vt 0.55872715 0.13301736
vt 0.55889863 0.13678962
vt 0.56475908 0.13241351
vt 0.56854755 0.13699257
vt 0.56191331 0.15063065
vt 0.56826162 0.14924878
vt 0.56036532 0.18276095
vt 0.55348700 0.18833184
vt 0.56332743 0.13163412
vt 0.55942881 0.18824536
vt 0.55773664 0.19017786
vt 0.56886125 0.18953031
vt 0.50359660 0.99287307
vt 0.56955916 0.19038343
vt 0.54294688 0.14164525
vt 0.03504925 0.49130881
vt 0.54864955 0.16760361
vt 0.56949371 0.14560795
vt 0.57134992 0.13805401
vt 0.06123482 0.73773009
vt 0.56925619 0.18000764
vt 0.02479811 0.99539876
vt 0.57112437 0.16760188
vt 0.56994730 0.13329875
vt 0.57341033 0.13190854
vt 0.56613767 0.13200086
vt 0.57077539 0.13124526
vt 0.57313073 0.13034511
vt 0.56936830 0.12918794
vt 0.57295102 0.12760210
vt 0.57643872 0.12740004
vt 0.57791132 0.12901354
vt 0.58069587 0.12794465
vt 0.58049333 0.12624174
vt 0.57566041 0.13072133
vt 0.57220966 0.12584233
vt 0.56886280 0.12767011
vt 0.56782210 0.12466800
vt 0.86082470 0.56186092
vt 0.57387263 0.12251544
vt 0.57104605 0.12167048
vt 0.20900810 0.01278120
vt 0.56965071 0.13236529
vt 0.58093655 0.12917149
vt 0.59300518 0.12718880
vt 0.58997613 0.12630254
vt 0.60031396 0.12578201
vt 0.59722525 0.12739187
vt 0.60062921 0.12850571
vt 0.55974180 0.13151413
vt 0.58244717 0.13001490
vt 0.55444574 0.19073242
vt 0.58877581 0.12462270
vt 0.09727942 0.55171496
vt 0.60411304 0.12561268
vt 0.01609265 0.58512902
vt 0.57733601 0.12478679
vt 0.56762630 0.12724191
vt 0.57457918 0.13825339
vt 0.06086439 0.73570436
vt 0.53829396 0.19640845
vt 0.43876517 0.13350952
vt 0.54527599 0.20526075
vt 0.54547423 0.21633530
vt 0.57361889 0.21239603
vt 0.58823997 0.21055430
vt 0.60134947 0.20990247
vt 0.60190916 0.23958391
vt 0.62056547 0.22257322
vt 0.61154270 0.20495212
vt 0.61267269 0.19123298
vt 0.92811495 0.56689143
vt 0.63857019 0.23787743
vt 0.66585004 0.24653536
vt 0.61595905 0.25481176
vt 0.63909256 0.26167810
vt 0.68848890 0.26254123
vt 0.64599687 0.26852226
vt 0.68882972 0.26826763
vt 0.70423752 0.26491630
vt 0.70610583 0.26739705
vt 0.71451038 0.26451010
vt 0.71807796 0.26388538
vt 0.72137058 0.26343310
vt 0.83845007 0.54385608
vt 0.67002279 0.26985526
vt 0.78615540 0.54336226
vt 0.59197366 0.26988029
vt 0.70818561 0.54300195
vt 0.59694701 0.26823241
vt 0.53732795 0.26990455
vt 0.65358406 0.54289430
vt 0.87095141 0.65309644
vt 0.79914480 0.54358524
vt 0.68302470 0.26991475
vt 0.69860601 0.26924062
vt 0.81475610 0.54372489
vt 0.70468968 0.25805342
vt 0.69735199 0.23016071
vt 0.86386639 0.37164879
vt 0.73240149 0.25270283
vt 0.72995490 0.25773245
vt 0.84878600 0.54394305
vt 0.74856496 0.78118825
vt 0.57350039 0.25174618
vt 0.85259384 0.68967283
vt 0.66159469 0.22212374
vt 0.69945663 0.20876199
vt 0.73830491 0.21318710
vt 0.73752064 0.18943673
vt 0.70789742 0.17498022
vt 0.73779535 0.17183775
vt 0.73724580 0.14226818
vt 0.69822788 0.15835041
vt 0.70812035 0.13615817
vt 0.72384799 0.12494200
vt 0.69352669 0.11361933
vt 0.73065436 0.09124917
vt 0.73800045 0.06073844
vt 0.72632414 0.05123919
vt 0.73455781 0.02604932
vt 0.71789885 0.05616295
vt 0.71339911 0.09109843
vt 0.67900771 0.09246761
vt 0.69053108 0.07493383
vt 0.65831953 0.07750982
vt 0.63348001 0.09650052
vt 0.61825866 0.06872720
vt 0.61762893 0.10358375
vt 0.63512331 0.11647606
vt 0.61805731 0.14139092
vt 0.63923329 0.05716401
vt 0.61228204 0.05909890
vt 0.60894066 0.07501531
vt 0.76740164 0.24090570
vt 0.60845077 0.03940707
vt 0.63133186 0.03765303
vt 0.60411412 0.05567241
vt 0.58760804 0.04627550
vt 0.57753336 0.05664080
vt 0.55298752 0.05949557
vt 0.53637600 0.03854263
vt 0.87322521 0.30521476
vt 0.54086781 0.05999136
vt 0.51873785 0.05407846
vt 0.49720430 0.04086816
vt 0.49663815 0.05996972
vt 0.47543976 0.05179214
vt 0.48208228 0.06218648
vt 0.46709493 0.02459079
vt 0.44667765 0.03754550
vt 0.43467015 0.00516248
vt 0.42518252 0.03677934
vt 0.42071781 0.00542361
vt 0.43903390 0.00299329
vt 0.40003455 0.00303686
vt 0.39085984 0.00534207
vt 0.32854387 0.00549573
vt 0.40662828 0.00215721
vt 0.32018945 0.00216919
vt 0.43849435 0.00199181
vt 0.36767256 0.02232498
vt 0.40715528 0.03273970
vt 0.34131584 0.04451483
vt 0.31715098 0.02662981
vt 0.31942061 0.00545478
vt 0.28273714 0.01581651
vt 0.31831405 0.04630220
vt 0.32077184 0.05940706
vt 0.29260668 0.04632127
vt 0.30468401 0.05605054
vt 0.28281179 0.05929762
vt 0.42706585 0.05688143
vt 0.45695242 0.05941647
vt 0.45020893 0.06161249
vt 0.46866366 0.06176317
vt 0.46084931 0.06496829
vt 0.91462040 0.39546597
vt 0.44215083 0.06441569
vt 0.52985829 0.26124746
vt 0.47282764 0.06231314
vt 0.98175818 0.64295453
vt 0.51952899 0.08777750
vt 0.49425110 0.10291815
vt 0.51754618 0.10984987
vt 0.53375691 0.10122341
vt 0.53395766 0.12601399
vt 0.85711539 0.45233285
vt 0.25191948 0.00542957
vt 0.26769608 0.04466552
vt 0.94019109 0.32195723
vt 0.47933757 0.08327448
vt 0.30544725 0.05945879
vt 0.50595546 0.13390446
vt 0.47687939 0.00546378
vt 0.48287961 0.00308275
vt 0.53738385 0.00303274
vt 0.89595395 0.27579343
vt 0.55413890 0.00583905
vt 0.57782668 0.00592756
vt 0.58116281 0.00313139
vt 0.46737370 0.05942982
vt 0.52277327 0.26124746
vt 0.29814085 0.03497732
vt 0.27389497 0.05999953
vt 0.89726722 0.55163598
vt 0.26801535 0.06438905
vt 0.26075482 0.07761538
vt 0.27440643 0.07000130
vt 0.89717656 0.56178778
vt 0.26152742 0.09066820
vt 0.26996282 0.10538971
vt 0.25584656 0.10861999
vt 0.23471786 0.08176041
vt 0.22585198 0.10724676
vt 0.26594231 0.12603563
vt 0.21617500 0.10133487
vt 0.20186681 0.05970341
vt 0.22697870 0.04637903
vt 0.19796532 0.04399669
vt 0.19312260 0.05542743
vt 0.19621289 0.05949366
vt 0.16794825 0.05929244
vt 0.17720239 0.05513519
vt 0.16228776 0.04960358
vt 0.18089645 0.06150705
vt 0.19563085 0.06175035
vt 0.19335964 0.06411892
vt 0.19526364 0.06424326
vt 0.19343056 0.06636286
vt 0.19391756 0.06885242
vt 0.19130710 0.06918657
vt 0.19341320 0.07997221
vt 0.18718362 0.07399654
vt 0.18994848 0.08767545
vt 0.18422630 0.07497025
vt 0.18727146 0.09017122
vt 0.07708970 0.55570102
vt 0.18038668 0.07296580
vt 0.18059324 0.07158279
vt 0.17805752 0.07298404
vt 0.11487854 0.64847976
vt 0.18777645 0.06426114
vt 0.16567606 0.06158888
vt 0.21026395 0.02726638
vt 0.24390225 0.03259516
vt 0.96406883 0.30856931
vt 0.23261859 0.01856035
vt 0.84347636 0.47163117
vt 0.19106665 0.01232612
vt 0.84894443 0.51380366
vt 0.17593823 0.02648604
vt 0.15597250 0.00538379
vt 0.15008941 0.00265354
vt 0.13341741 0.00571883
vt 0.80516195 0.34923625
vt 0.10808688 0.72196102
vt 0.19766425 0.08531272
vt 0.19940689 0.00278944
vt 0.24215557 0.11926866
vt 0.27391830 0.14867383
vt 0.89665443 0.64109552
vt 0.26508921 0.15987772
vt 0.27381948 0.17819220
vt 0.89637196 0.67059690
vt 0.26575541 0.19068819
vt 0.27273783 0.19728577
vt 0.88148159 0.66820043
vt 0.89655608 0.68948656
vt 0.26795134 0.20149142
vt 0.03747504 0.31272280
vt 0.25393948 0.19642049
vt 0.20713195 0.10436374
vt 0.20173059 0.13755703
vt 0.18697095 0.07019091
vt 0.19742644 0.06406480
vt 0.12803644 0.72786087
vt 0.24513154 0.05852073
vt 0.96406883 0.33486712
vt 0.21749362 0.14055598
vt 0.28156066 0.20508689
vt 0.48242322 0.13706464
vt 0.47413743 0.12398010
vt 0.98397493 0.58057082
vt 0.52081025 0.14058989
vt 0.52581453 0.15622824
vt 0.86082995 0.39008176
vt 0.31347916 0.00300789
vt 0.33434799 0.05436599
vt 0.33501896 0.05967110
vt 0.90961576 0.59662575
vt 0.33260787 0.06161499
vt 0.94209540 0.33156490
vt 0.36865422 0.06523401
vt 0.34236914 0.06231409
vt 0.17910685 0.08374369
vt 0.99056500 0.30343586
vt 0.53467625 0.07647276
vt 0.50015408 0.15079659
vt 0.49753681 0.17872900
vt 0.45281586 0.12466770
vt 0.53031200 0.18224084
vt 0.47400689 0.18010324
vt 0.98420054 0.52396363
vt 0.47390845 0.19189364
vt 0.98429030 0.51207244
vt 0.47625408 0.20107323
vt 0.98026317 0.74761999
vt 0.98428947 0.50664622
vt 0.47386611 0.19727349
vt 0.48656353 0.22667611
vt 0.88309717 0.51554000
vt 0.46726987 0.20607644
vt 0.45189551 0.20234394
vt 0.45110008 0.21091360
vt 0.42985609 0.20228958
vt 0.91756392 0.75817335
vt 0.56816834 0.05952263
vt 0.54525942 0.06033731
vt 0.06391848 0.53144425
vt 0.54854190 0.06190753
vt 0.17974442 0.07027489
vt 0.54425907 0.06404555
vt 0.56629139 0.06143856
vt 0.05720202 0.54825592
vt 0.90738869 0.30521476
vt 0.57014781 0.03292620
vt 0.10078643 0.00507665
vt 0.08309515 0.00261068
vt 0.05156070 0.00532639
vt 0.04915013 0.00254160
vt 0.03791272 0.00553262
vt 0.03367427 0.01677901
vt 0.31325909 0.15846884
vt 0.05653811 0.02513635
vt 0.02167731 0.01741266
vt 0.02602608 0.00995201
vt 0.01328740 0.02883923
vt 0.02207072 0.01251072
vt 0.02335490 0.00944281
vt 0.01770487 0.01456463
vt 0.02196159 0.00886834
vt 0.73310322 0.76596850
vt 0.02947460 0.00562733
vt 0.01857029 0.01130342
vt 0.73728663 0.76631957
vt 0.77317488 0.01348275
vt 0.01377931 0.02398610
vt 0.66999400 0.99539876
vt 0.03107139 0.03872067
vt 0.10708083 0.62014318
vt 0.01579571 0.01381880
vt 0.77342623 0.01727664
vt 0.67484289 0.99251741
vt 0.01389287 0.01837772
vt 0.77196813 0.02207386
vt 0.01037053 0.03174669
vt 0.00738019 0.03560585
vt 0.00980012 0.04176849
vt 0.20123328 0.15956831
vt 0.03304512 0.72899365
vt 0.21848416 0.18317246
vt 0.23279344 0.19918650
vt 0.02080372 0.32637233
vt 0.21783321 0.22927690
vt 0.89220649 0.39621675
vt 0.24519572 0.22645694
vt 0.00961538 0.29853636
vt 0.23888534 0.25134516
vt 0.27130955 0.23353583
vt 0.28131992 0.24565202
vt 0.18337032 0.24121881
vt 0.18765558 0.25600052
vt 0.14482220 0.24482828
vt 0.15517910 0.26163805
vt 0.18230483 0.26973414
vt 0.15280509 0.26971376
vt 0.30604792 0.54295075
vt 0.18948658 0.27033269
vt 0.13255367 0.26975000
vt 0.98005927 0.42988777
vt 0.09437856 0.26026595
vt 0.14935265 0.22646230
vt 0.16258757 0.21235603
vt 0.12462332 0.22029418
vt 0.99342108 0.41579545
vt 0.10413071 0.24367404
vt 0.24480692 0.26965952
vt 0.08008472 0.23130864
vt 0.05140788 0.60173821
vt 0.99095887 0.46858013
vt 0.05455235 0.26093113
vt 0.05099978 0.23274744
vt 0.04103784 0.24242151
vt 0.03797271 0.20797193
vt 0.01569977 0.21556515
vt 0.01910789 0.23467994
vt 0.00992921 0.23465520
vt 0.01316550 0.24641877
vt 0.00961279 0.21086121
vt 0.00959562 0.18661499
vt 0.00690577 0.18297470
vt 0.03186476 0.25470406
vt 0.00708214 0.22582912
vt 0.02719564 0.18595326
vt 0.05072742 0.16283292
vt 0.03357525 0.15670335
vt 0.01973477 0.14790982
vt 0.03787157 0.13064229
vt 0.02590935 0.12156481
vt 0.00970387 0.10951602
vt 0.99145865 0.19785017
vt 0.02512847 0.07720816
vt 0.07540486 0.64263803
vt 0.05902457 0.13457286
vt 0.06083355 0.11374611
vt 0.08274774 0.13166249
vt 0.08982036 0.10808426
vt 0.11111895 0.12934822
vt 0.04949671 0.09524447
vt 0.05062009 0.07229626
vt 0.08371293 0.08718872
vt 0.09826549 0.15959698
vt 0.12472605 0.15870142
vt 0.10314520 0.17934573
vt 0.12577119 0.10457551
vt 0.92780817 0.76655680
vt 0.06856691 0.05492598
vt 0.09608954 0.06596005
vt 0.12592378 0.06590843
vt 0.10137530 0.04214728
vt 0.13089578 0.05790246
vt 0.13752642 0.06866401
vt 0.13580066 0.08594984
vt 0.94643456 0.77658486
vt 0.13755409 0.06410116
vt 0.14125827 0.06679440
vt 0.13716540 0.06141818
vt 0.82875186 0.35201925
vt 0.12873867 0.02929187
vt 0.00957849 0.16350716
vt 0.14069392 0.07994032
vt 0.13857019 0.08452904
vt 0.14218216 0.08637393
vt 0.13835387 0.09765971
vt 0.14041229 0.10152596
vt 0.13765272 0.12655532
vt 0.13984321 0.12275457
vt 0.13967943 0.13047022
vt 0.14210530 0.12190557
vt 0.14116773 0.14050674
vt 0.13727388 0.14210111
vt 0.13947816 0.14509034
vt 0.13701190 0.15836346
vt 0.13519956 0.15701270
vt 0.13631238 0.18111664
vt 0.30094379 0.18297195
vt 0.13584048 0.13847840
vt 0.14264563 0.07166213
vt 0.14315706 0.06703323
vt 0.14918704 0.06782091
vt 0.14519402 0.06451392
vt 0.86965370 0.00869119
vt 0.00990890 0.23941141
vt 0.01579602 0.25313485
vt 0.77272910 0.26203442
vt 0.14145496 0.14805412
vt 0.14534122 0.13538802
vt 0.14589760 0.14918375
vt 0.15699466 0.14524269
vt 0.15603569 0.13756120
vt 0.15144883 0.13407218
vt 0.17158325 0.13704729
vt 0.14504834 0.17272490
vt 0.15628427 0.17235124
vt 0.15112561 0.18640471
vt 0.16379134 0.18756980
vt 0.14276119 0.18377185
vt 0.17333180 0.14673322
vt 0.17098220 0.18392432
vt 0.16570953 0.19083333
vt 0.14574970 0.18664908
vt 0.13824318 0.18564528
vt 0.14507845 0.13199097
vt 0.15385267 0.13228881
vt 0.15345095 0.13089830
vt 0.07388553 0.02603537
vt 0.17301564 0.13316876
vt 0.14964744 0.19052619
vt 0.14016779 0.16749769
vt 0.17650090 0.14941633
vt 0.17458035 0.16421676
vt 0.17590813 0.18545866
vt 0.17900124 0.14142132
vt 0.04109296 0.55572599
vt 0.08147773 0.61561412
vt 0.10114209 0.20608568
vt 0.12504548 0.18601412
vt 0.13237067 0.19461089
vt 0.28896761 0.17336160
vt 0.13714285 0.08681625
vt 0.10380065 0.26970458
vt 0.96811742 0.42343110
vt 0.14206821 0.20514053
vt 0.17522699 0.20358825
vt 0.18338217 0.21277624
vt 0.15815429 0.19946665
vt 0.89843363 0.39306271
vt 0.88107622 0.42965156
vt 0.19305289 0.20545220
vt 0.17804916 0.16968286
vt 0.17962323 0.18478036
vt 0.12570070 0.25548875
vt 0.97563803 0.39826179
vt 0.24759135 0.26355016
vt 0.31279933 0.24905491
vt 0.33448756 0.24469697
vt 0.33644897 0.26287550
vt 0.35917500 0.24915302
vt 0.36223421 0.22969609
vt 0.39089102 0.25001478
vt 0.39602825 0.22695667
vt 0.03087188 0.76124746
vt 0.42922267 0.24274814
vt 0.43472710 0.26200551
vt 0.44776547 0.25476730
vt 0.37350884 0.20606685
vt 0.08046558 0.66411042
vt 0.35029840 0.21147692
vt 0.36418909 0.19476205
vt 0.34502894 0.18747675
vt 0.36143613 0.18218964
vt 0.35664120 0.16357595
vt 0.33909273 0.16043019
vt 0.34896711 0.14588988
vt 0.35457423 0.14798218
vt 0.33509710 0.19713008
vt 0.88178092 0.60480571
vt 0.90637654 0.73446602
vt 0.35727865 0.14425039
vt 0.36087555 0.14615738
vt 0.36635911 0.14310616
vt 0.36689329 0.14618516
vt 0.00657895 0.99759889
vt 0.37278187 0.14681304
vt 0.00957059 0.76942742
vt 0.37114161 0.14906824
vt 0.37522924 0.14870107
vt 0.00925475 0.99695724
vt 0.37541249 0.14673114
vt 0.37800473 0.15007555
vt 0.37949976 0.14804256
vt 0.01312553 0.99563771
vt 0.37879780 0.15387714
vt 0.37415537 0.15497339
vt 0.10955998 0.68265992
vt 0.11838929 0.68968827
vt 0.38493359 0.15716630
vt 0.38323838 0.15118361
vt 0.38851374 0.14740694
vt 0.40039441 0.17757970
vt 0.12297571 0.71523517
vt 0.40494543 0.15901327
vt 0.40618858 0.17350084
vt 0.39392012 0.19481170
vt 0.40965071 0.16548944
vt 0.75573438 0.15381914
vt 0.41016915 0.15888911
vt 0.38920009 0.14106774
vt 0.88034093 0.37269938
vt 0.41283748 0.13855708
vt 0.40497905 0.12452900
vt 0.42393431 0.11528099
vt 0.75510514 0.10141993
vt 0.93790686 0.37030959
vt 0.42020181 0.09232515
vt 0.90135354 0.35377169
vt 0.38597971 0.11294758
vt 0.42538974 0.09245896
vt 0.40768975 0.10189813
vt 0.38382801 0.14701879
vt 0.00253036 0.77760738
vt 0.41591257 0.14420688
vt 0.75508332 0.13155097
vt 0.42769116 0.10186380
vt 0.75496346 0.08743423
vt 0.38044453 0.15025073
vt 0.37012932 0.15350074
vt 0.33426180 0.20421660
vt 0.89559364 0.72239262
vt 0.33618996 0.13194698
vt 0.90685809 0.66921246
vt 0.34010738 0.22917300
vt 0.37841928 0.26367939
vt 0.35342157 0.26989704
vt 0.46978256 0.54243356
vt 0.40958431 0.26990819
vt 0.52592218 0.54252106
vt 0.40527633 0.20698386
vt 0.12095141 0.66411042
vt 0.90988541 0.74297780
vt 0.36351329 0.15963483
vt 0.33652329 0.16115034
vt 0.90642202 0.69847488
vt 0.17560880 0.19953781
vt 0.91692448 0.39300877
vt 0.87196356 0.41057146
vt 0.19358654 0.22623622
vt 0.14575592 0.07075536
vt 0.15313736 0.06854600
vt 0.15399691 0.07252616
vt 0.17059091 0.06806147
vt 0.16378751 0.08508575
vt 0.17575362 0.08034730
vt 0.98962229 0.30782890
vt 0.17583150 0.09925568
vt 0.17446591 0.11664778
vt 0.14643425 0.08508456
vt 0.02275278 0.60370594
vt 0.15478328 0.12396371
vt 0.01530934 0.64329302
vt 0.18063435 0.12463361
vt 0.18296738 0.12539417
vt 0.17893232 0.12687421
vt 0.29198939 0.15593046
vt 0.18577749 0.12685382
vt 0.18840764 0.12886274
vt 0.18689108 0.13053203
vt 0.18233958 0.13025576
vt 0.18238495 0.13174397
vt 0.07742915 0.03016359
vt 0.17980167 0.13026643
vt 0.29022649 0.15390146
vt 0.17930506 0.12894744
vt 0.18599226 0.13458192
vt 0.00983075 0.90492988
vt 0.17896263 0.13167894
vt 0.17858267 0.13352084
vt 0.07349924 0.02966505
vt 0.17707610 0.13300329
vt 0.17795298 0.13528681
vt 0.03771703 0.55343401
vt 0.18154261 0.13383013
vt 0.04043987 0.55061352
vt 0.18202020 0.12849051
vt 0.28795546 0.15593046
vt 0.87464881 0.01189989
vt 0.13935089 0.06161076
vt 0.98431176 0.54647326
vt 0.47434366 0.15778619
vt 0.20152266 0.18621415
vt 0.00657895 0.72798276
vt 0.14313044 0.08018565
vt 0.02580876 0.59867078
vt 0.17354301 0.13110161
vt 0.07541584 0.02505112
vt 0.29834580 0.21098697
vt 0.02401197 0.67842537
vt 0.00583916 0.03649217
vt 0.77255881 0.04227597
vt 0.00526212 0.04457170
vt 0.07641701 0.57208592
vt 0.18852055 0.10364997
vt 0.09079454 0.71012270
vt 0.30102780 0.18733788
vt 0.13579844 0.17712319
vt 0.85981780 0.32464212
vt 0.23221323 0.13979644
vt 0.01787785 0.01642585
vt 0.67864370 0.99539876
vt 0.28408200 0.06161153
vt 0.28315729 0.06467432
vt 0.96346033 0.60073513
vt 0.31325909 0.09672850
vt 0.64442372 0.13463485
vt 0.61731684 0.15785903
vt 0.21180595 0.00175965
vt 0.17472585 0.07119519
vt 0.97868055 0.29773754
vt 0.17689782 0.06937706
vt 0.97883356 0.29480380
vt 0.18296269 0.06888562
vt 0.10880567 0.64847976
vt 0.49523655 0.26820695
vt 0.86921823 0.61047935
vt 0.61487907 0.12738854
vt 0.60912389 0.16444564
vt 0.95369804 0.57635200
vt 0.60914391 0.14054817
vt 0.60909164 0.11930859
vt 0.60911125 0.10352814
vt 0.54590791 0.06140745
vt 0.19234248 0.99948877
vt 0.66810328 0.04690647
vt 0.64595330 0.02586550
vt 0.68822813 0.02652574
vt 0.83147776 0.47294748
vt 0.65232968 0.00548917
vt 0.02390738 0.40184200
vt 0.67762196 0.00567573
vt 0.83147776 0.45142257
vt 0.69433564 0.00609094
vt 0.69840455 0.00319868
vt 0.71228731 0.00602531
vt 0.71195340 0.00435996
vt 0.04125605 0.76456451
vt 0.05974981 0.76453280
vt 0.69395542 0.00224364
vt 0.05650203 0.76554382
vt 0.69724023 0.00136441
vt 0.69002789 0.05459750
vt 0.61392009 0.08477241
vt 0.73833144 0.03225875
vt 0.74157643 0.04501569
vt 0.73793435 0.02593875
vt 0.98240161 0.78067487
vt 0.74120510 0.03350711
vt 0.97408426 0.78092670
vt 0.66583580 0.10260445
vt 0.32003722 0.00097859
vt 0.43351972 0.76552248
vt 0.61363834 0.09732556
vt 0.17267607 0.06711489
vt 0.97767514 0.30174124
vt 0.68574756 0.14394689
vt 0.65896571 0.16374570
vt 0.28582916 0.07905304
vt 0.70492542 0.05382776
vt 0.80730402 0.49437630
vt 0.19770889 0.19396597
vt 0.19377922 0.19648033
vt 0.19381963 0.18889129
vt 0.19449462 0.17314464
vt 0.41751012 0.15690696
vt 0.19204512 0.17563927
vt 0.93809098 0.38965082
vt 0.19381341 0.19845289
vt 0.35475707 0.99728149
vt 0.93609458 0.38730049
vt 0.19132723 0.19715613
vt 0.19112167 0.18987805
vt 0.92763156 0.29498976
vt 0.74137390 0.21074903
vt 0.73854041 0.22953665
vt 0.72918707 0.24275213
vt 0.87196356 0.36571848
vt 0.74112475 0.22997916
vt 0.68272167 0.19274718
vt 0.07530909 0.02887976
vt 0.17757651 0.13112634
vt 0.73483449 0.02260619
vt 0.73451543 0.01952058
vt 0.98973638 0.78094435
vt 0.04786838 0.00166190
vt 0.70547485 0.76453882
vt 0.03209491 0.00646877
vt 0.74148542 0.17599630
vt 0.74153137 0.13690317
vt 0.66676354 0.00305992
vt 0.02580972 0.38701433
vt 0.73867065 0.09726256
vt 0.74160218 0.09533632
vt 0.14482793 0.00161481
vt 0.60858399 0.76453131
vt 0.66916519 0.18824577
vt 0.64361233 0.18345153
vt 0.03390688 0.36993581
vt 0.74286628 0.04124761
vt 0.96611965 0.78076363
vt 0.71727359 0.00882965
vt 0.80837798 0.44734150
vt 0.66767520 0.13712734
vt 0.31325909 0.07310838
vt 0.66913837 0.76466745
vt 0.08419562 0.00158763
vt 0.00550914 0.19827032
vt 0.77217573 0.20442593
vt 0.05815281 0.43200409
vt 0.00536530 0.13447964
vt 0.47975048 0.09624255
vt 0.73211277 0.01920176
vt 0.23992592 0.00078261
vt 0.51358938 0.76557267
vt 0.05618394 0.26790524
vt 0.98365426 0.46896982
vt 0.04175138 0.26707846
vt 0.30036002 0.06146294
vt 0.00255293 0.07105678
vt 0.77283591 0.07724714
vt 0.99443322 0.15920830
vt 0.00516287 0.07103199
vt 0.17837958 0.18880796
vt 0.73278701 0.25462812
vt 0.75275540 0.78115112
vt 0.59315223 0.26327479
vt 0.63236982 0.20410174
vt 0.04480637 0.39110428
vt 0.05010121 0.34815955
vt 0.62848753 0.16139251
vt 0.28491902 0.10991818
vt 0.96103239 0.55777097
vt 0.54448098 0.07693154
vt 0.59634352 0.19930637
vt 0.02813501 0.51772434
vt 0.57009572 0.23631632
vt 0.53049308 0.25325561
vt 0.85414535 0.64617234
vt 0.51184475 0.19807619
vt 0.46204454 0.14775050
vt 0.86777043 0.47290385
vt 0.52952868 0.23768991
vt 0.53899533 0.18093216
vt 0.44552949 0.11930186
vt 0.03417299 0.26448202
vt 0.99342108 0.48926377
vt 0.47366920 0.08774912
vt 0.98370945 0.61711633
vt 0.17625679 0.12377483
vt 0.00560945 0.12880510
vt 0.99440593 0.21728015
vt 0.05617409 0.42622972
vt 0.60695237 0.19953769
vt 0.76707804 0.11605316
vt 0.02783401 0.50664622
vt 0.01713684 0.25221992
vt 0.89440900 0.32588851
vt 0.34760547 0.10862708
vt 0.33730581 0.09470785
vt 0.90664488 0.63167882
vt 0.47933576 0.24882281
vt 0.84969634 0.59440506
vt 0.08147773 0.76124746
vt 0.86146051 0.52505112
vt 0.15925953 0.13408667
vt 0.13783422 0.19694185
vt 0.87824154 0.39087033
vt 0.29497615 0.16574109
vt 0.14022703 0.19786203
vt 0.17557882 0.19142044
vt 0.96811742 0.33842552
vt 0.38362435 0.04281604
vt 0.17996636 0.19266474
vt 0.17545870 0.19330966
vt 0.18158513 0.19397736
vt 0.91853607 0.29199010
vt 0.87601215 0.36073840
vt 0.37465826 0.13761675
vt 0.01467611 0.77760738
vt 0.82945347 0.37781185
vt 0.15281433 0.03793806
vt 0.17148347 0.19233674
vt 0.13929459 0.17437875
vt 0.13682625 0.18176186
vt 0.30299574 0.18128181
vt 0.53790069 0.14829057
vt 0.46204454 0.09049082
vt 0.18142939 0.16242909
vt 0.01568826 0.92893660
vt 0.42481709 0.14844507
vt 0.18519707 0.17072207
vt 0.86285424 0.77518207
vt 0.54574651 0.09801960
vt 0.54637003 0.07757616
vt 0.54794759 0.08267665
vt 0.54821783 0.06632489
vt 0.54924828 0.07846904
vt 0.54882157 0.09374207
vt 0.54955792 0.06866467
vt 0.54875982 0.06509280
vt 0.19234248 0.99437630
vt 0.55157936 0.06792736
vt 0.55141670 0.06580341
vt 0.55137855 0.08592987
vt 0.55104452 0.11034471
vt 0.56503117 0.08681023
vt 0.55873722 0.11769187
vt 0.56540436 0.10044831
vt 0.00674097 0.85531700
vt 0.55017656 0.12698197
vt 0.56905317 0.10016459
vt 0.56450433 0.12288558
vt 0.56710064 0.08038127
vt 0.56937218 0.08075887
vt 0.56722295 0.06990182
vt 0.06679676 0.55021882
vt 0.56972647 0.06947839
vt 0.57165885 0.07738066
vt 0.57181793 0.06907076
vt 0.57490933 0.07111251
vt 0.57390332 0.08346361
vt 0.57674527 0.07506984
vt 0.57586092 0.08702934
vt 0.57334620 0.09608459
vt 0.57628602 0.10192108
vt 0.86386639 0.58537835
vt 0.57194197 0.06530857
vt 0.06080519 0.55293202
vt 0.57745093 0.08745164
vt 0.07945344 0.69193405
vt 0.57733661 0.06859154
vt 0.57145411 0.09139282
vt 0.57832813 0.10471159
vt 0.56575376 0.07714462
vt 0.54822803 0.11452758
vt 0.83957487 0.51102811
vt 0.57821101 0.07466972
vt 0.06436112 0.53868455
vt 0.55748868 0.06331199
vt 0.58936906 0.08536208
vt 0.60570771 0.09346277
vt 0.11203849 0.59060490
vt 0.60116911 0.08642590
vt 0.60191345 0.07498640
vt 0.60399997 0.09052932
vt 0.00624096 0.23156989
vt 0.77266288 0.23787582
vt 0.32070491 0.21294832
vt 0.00151822 0.67842537
vt 0.89827937 0.73875254
vt 0.57322687 0.16841280
vt 0.57669973 0.14471990
vt 0.57663804 0.17338169
vt 0.57890922 0.15580976
vt 0.57869005 0.13669658
vt 0.57879782 0.17966127
vt 0.57732838 0.18460357
vt 0.58372384 0.17606246
vt 0.57565159 0.18546247
vt 0.57885075 0.18731248
vt 0.57788378 0.18923110
vt 0.57361168 0.18587208
vt 0.50615555 0.99919832
vt 0.57375085 0.18880701
vt 0.50333703 0.99813366
vt 0.58060586 0.19035202
vt 0.57979572 0.19305623
vt 0.59180635 0.19281429
vt 0.60319722 0.18948126
vt 0.57345629 0.19710255
vt 0.03332682 0.54398060
vt 0.60447901 0.19219220
vt 0.60356981 0.19454587
vt 0.59525049 0.19656277
vt 0.03322036 0.52122772
vt 0.60447639 0.19564199
vt 0.03318731 0.51161975
vt 0.59927094 0.18899393
vt 0.60420734 0.18759751
vt 0.60674328 0.18965846
vt 0.76085985 0.13074708
vt 0.60775316 0.18297142
vt 0.60325497 0.18397045
vt 0.60453218 0.17295694
vt 0.76099020 0.14150101
vt 0.60686874 0.17227674
vt 0.58315432 0.18970746
vt 0.27872190 0.21807104
vt 0.03896760 0.27965236
vt 0.04301620 0.66936606
vt 0.84767205 0.28070647
vt 0.50720316 0.01861382
vt 0.06700697 0.59764826
vt 0.76101536 0.22829860
vt 0.60863745 0.08970940
vt 0.11477839 0.59458077
vt 0.60377687 0.07034534
vt 0.58705729 0.06606609
vt 0.58014733 0.06832570
vt 0.08206670 0.68987817
vt 0.59403801 0.06653130
vt 0.04759124 0.57288879
vt 0.59560710 0.06146097
vt 0.60025048 0.07080519
vt 0.30252483 0.17445517
vt 0.13810958 0.18816572
vt 0.59815741 0.17540944
vt 0.56444758 0.12919670
vt 0.86690283 0.59076494
vt 0.15439382 0.06306112
vt 0.85981780 0.01291931
vt 0.74746966 0.24150622
vt 0.60330683 0.02080488
vt 0.00961538 0.45245397
vt 0.55153942 0.07399827
vt 0.13632381 0.11455834
vt 0.90576464 0.77658486
vt 0.13478097 0.12667954
vt 0.14279957 0.05571711
vt 0.13366903 0.16287458
vt 0.56964600 0.19361353
vt 0.50092858 0.99130881
vt 0.55103570 0.15130389
vt 0.05111336 0.49437630
vt 0.19495407 0.14569914
vt 0.04709761 0.71872938
vt 0.33732650 0.07645351
vt 0.90687132 0.61338472
vt 0.03405153 0.26601577
vt 0.15031229 0.54327714
vt 0.02840490 0.26364571
vt 0.14417282 0.54323393
vt 0.01841647 0.05983555
vt 0.08317023 0.62559760
vt 0.00985027 0.06719726
vt 0.99139678 0.15530300
vt 0.72825032 0.01581955
vt 0.57152343 0.17905581
vt 0.58066005 0.06936175
vt 0.08168816 0.68865031
vt 0.28494614 0.26067412
vt 0.02779135 0.26161993
vt 0.55836785 0.13020015
vt 0.01568826 0.85645700
vt 0.56938624 0.12145352
vt 0.21112886 0.00971371
vt 0.56628883 0.18218052
vt 0.02873468 0.99539876
vt 0.25959241 0.00175017
vt 0.86082995 0.44469059
vt 0.28657606 0.06668663
vt 0.95987368 0.60251772
vt 0.30428028 0.06648695
vt 0.94202667 0.60209191
vt 0.16501664 0.19254100
vt 0.17345637 0.19585901
vt 0.16183554 0.19492263
vt 0.57033360 0.11114138
vt 0.85880566 0.57545447
vt 0.03618471 0.00355589
vt 0.58490521 0.07480615
vt 0.18331727 0.06524330
vt 0.11037768 0.64672804
vt 0.98151338 0.28783232
vt 0.99440593 0.13241309
vt 0.00704223 0.04441357
vt 0.18678789 0.06935900
vt 0.11209255 0.65184051
vt 0.14474386 0.19110727
vt 0.30772710 0.16907030
vt 0.41244158 0.15588415
vt 0.75521135 0.14377642
vt 0.54762834 0.12736005
vt 0.00455466 0.85645700
vt 0.83972096 0.52439946
vt 0.01872470 0.49145716
vt 0.54864210 0.18407851
vt 0.10273279 0.57106340
vt 0.57687247 0.13135231
vt 0.73018056 0.01520312
vt 0.31396648 0.26982939
vt 0.56484234 0.06927335
vt 0.74332047 0.05089623
vt 0.95653266 0.78081316
vt 0.55383193 0.19342285
vt 0.14169170 0.13397253
vt 0.88309717 0.44734150
vt 0.57363904 0.18454194
vt 0.02378543 0.98824131
vt 0.50759107 0.99948877
vt 0.72806293 0.01267534
vt 0.56854075 0.13100100
vt 0.31998014 0.06139684
vt 0.00253036 0.63763022
vt 0.02254299 0.25993490
vt 0.13722700 0.54323727
vt 0.42560729 0.12934560
vt 0.18886507 0.14916217
vt 0.04472445 0.71241128
vt 0.00860324 0.91952753
vt 0.18352659 0.19029641
vt 0.42384788 0.16922289
vt 0.92109841 0.28987730
vt 0.72215134 0.01003593
vt 0.93705273 0.28987730
vt 0.54645801 0.06451631
vt 0.19078948 0.99613452
vt 0.57661933 0.12073880
vt 0.86386639 0.56440437
vt 0.08552632 0.55969656
vt 0.84159917 0.50051123
vt 0.54673022 0.10402256
vt 0.85670221 0.77760738
vt 0.71944225 0.76612401
vt 0.03398274 0.00224930
vt 0.92514324 0.77636689
vt 0.13545632 0.10755861
vt 0.03233115 0.56758189
vt 0.55055910 0.19700426
vt 0.59352344 0.05971634
vt 0.04478429 0.57350683
vt 0.12549289 0.16282988
vt 0.86993927 0.76726896
vt 0.59851921 0.18448865
vt 0.36680347 0.15346706
vt 0.19903859 0.06221521
vt 0.56963503 0.11182982
vt 0.22115384 0.01278120
vt 0.18349369 0.13574046
vt 0.04301620 0.55100608
vt 0.01115087 0.90439671
vt 0.55344903 0.19650304
vt 0.03301079 0.56441712
vt 0.56494534 0.12966311
vt 0.86892712 0.58946830
vt 0.40190583 0.20395720
vt 0.91953439 0.74761999
vt 0.75585783 0.19580775
vt 0.56548357 0.12678069
vt 0.86892712 0.59355831
vt 0.37170553 0.15505767
vt 0.10649737 0.68047035
vt 0.58317256 0.13473022
vt 0.87500000 0.01482618
vt 0.13880201 0.05910552
vt 0.57528478 0.13727528
vt 0.06123482 0.73364007
vt 0.29504049 0.15184051
vt 0.17392789 0.12889260
vt 0.88309717 0.48006135
vt 0.41758513 0.22815466
vt 0.01973684 0.74883366
vt 0.88815790 0.76022494
vt 0.54378277 0.10676986
vt 0.85395521 0.77351737
vt 0.54316294 0.11974519
vt 0.84124339 0.77464610
vt 0.84159917 0.52709609
vt 0.54638070 0.12996566
vt 0.00833091 0.85940695
vt 0.55069017 0.13094407
vt 0.01338428 0.85565168
vt 0.55638701 0.12919474
vt 0.55032706 0.18904448
vt 0.10007767 0.57617486
vt 0.55077046 0.19380915
vt 0.09969635 0.58092332
vt 0.55104774 0.18123704
vt 0.02151553 0.49437630
vt 0.55967641 0.06715047
vt 0.06730770 0.54206675
vt 0.55697984 0.06597936
vt 0.06704082 0.53908628
vt 0.56388837 0.06541020
vt 0.06410824 0.54520983
vt 0.06700697 0.53118610
vt 0.54879898 0.06378865
vt 0.19382592 0.99571592
vt 0.06075780 0.54956222
vt 0.56856209 0.06339908
vt 0.05716765 0.55664009
vt 0.57711428 0.06290561
vt 0.03997976 0.58604050
vt 0.60701734 0.05975658
vt 0.04209360 0.58697361
vt 0.60690647 0.06206536
vt 0.76526439 0.25408995
vt 0.04834691 0.57882416
vt 0.60050362 0.06472510
vt 0.04749177 0.58695132
vt 0.60804462 0.06746107
vt 0.04842628 0.58892566
vt 0.76106369 0.24883080
vt 0.60704160 0.06939816
vt 0.04967225 0.58692265
vt 0.56900418 0.18619561
vt 0.02884615 0.98992419
vt 0.80414981 0.46557266
vt 0.71606958 0.02739066
vt 0.02580972 0.45225507
vt 0.60301352 0.00519145
vt 0.63872057 0.01518595
vt 0.01428996 0.41606367
vt 0.86653692 0.27044988
vt 0.52420712 0.00541627
vt 0.26707152 0.02309954
vt 0.83957487 0.43666267
vt 0.93977731 0.30010223
vt 0.20124850 0.00500619
vt 0.85653698 0.50364232
vt 0.25065038 0.00290155
vt 0.85964888 0.45368838
vt 0.20228815 0.19919950
vt 0.89220649 0.43089640
vt 0.88840854 0.43507159
vt 0.19707243 0.19735062
vt 0.24418585 0.18503994
vt 0.90536439 0.31582582
vt 0.03896761 0.32770962
vt 0.30415839 0.22749442
vt 0.01679434 0.66206545
vt 0.05110097 0.65236223
vt 0.05867283 0.18611240
vt 0.08147773 0.67638040
vt 0.07576964 0.15167761
vt 0.06594666 0.63765937
vt 0.07806811 0.19295764
vt 0.03896761 0.62639362
vt 0.05868139 0.21452814
vt 0.44368690 0.22449756
vt 0.04314847 0.74079752
vt 0.50750315 0.26380968
vt 0.86477554 0.62288445
vt 0.55576575 0.26382565
vt 0.86479545 0.67173994
vt 0.50325060 0.24711013
vt 0.86082995 0.50054121
vt 0.88309717 0.49069399
vt 0.51076883 0.22433275
vt 0.40320748 0.20321572
vt 0.92133135 0.74784803
vt 0.91516227 0.74284256
vt 0.61509418 0.17096925
vt 0.94860601 0.56897676
vt 0.61519206 0.17860192
vt 0.94111484 0.56718183
vt 0.92986852 0.57093889
vt 0.76771253 0.12705481
vt 0.99645746 0.03834355
vt 0.96103239 0.58026582
vt 0.60692877 0.15651584
vt 0.76483303 0.15926081
vt 0.62766129 0.18895829
vt 0.05010121 0.37597859
vt 0.87511379 0.30623722
vt 0.25142130 0.15387160
vt 0.23402406 0.16490531
vt 0.88474059 0.32464212
vt 0.06211305 0.72605401
vt 0.19693752 0.13049936
vt 0.03107444 0.72435158
vt 0.01296015 0.72374928
vt 0.19765200 0.18000126
vt 0.05943897 0.72388983
vt 0.08469866 0.72529030
vt 0.07260454 0.72229826
vt 0.09947212 0.72334892
vt 0.06227593 0.71990758
vt 0.09103906 0.71640640
vt 0.19706458 0.10336816
vt 0.06316829 0.71698600
vt 0.19378214 0.12954843
vt 0.06967710 0.71087086
vt 0.18753625 0.12322569
vt 0.06016586 0.72176760
vt 0.19690560 0.17464393
vt 0.01823910 0.72222424
vt 0.04347817 0.72328216
vt 0.19881029 0.14930338
vt 0.12045151 0.72441143
vt 0.19650234 0.07264388
vt 0.11005675 0.72785956
vt 0.19668309 0.07397240
vt 0.11810901 0.72831827
vt 0.20020269 0.08125073
vt 0.11089764 0.73159510
vt 0.09128359 0.72714394
vt 0.05947692 0.71367222
vt 0.19085425 0.13333529
vt 0.19773738 0.06459963
vt 0.12720509 0.72898668
vt 0.20115961 0.10409665
vt 0.08815355 0.73159510
vt 0.04693637 0.72097099
vt 0.19705670 0.14599067
vt 0.08733937 0.01643425
vt 0.31551778 0.19124049
vt 0.82945347 0.30828220
vt 0.33046558 0.19274032
vt 0.09362166 0.02990758
vt 0.33046556 0.15388548
vt 0.05797924 0.04272366
vt 0.12297571 0.64263803
vt 0.12651192 0.07836807
vt 0.95394737 0.76716888
vt 0.11445463 0.10078007
vt 0.93153483 0.75511247
vt 0.95845765 0.35750246
vt 0.42164376 0.06808609
vt 0.92317158 0.33909631
vt 0.38664234 0.08659858
vt 0.92994320 0.32249677
vt 0.37715086 0.07153094
vt 0.92419672 0.31237221
vt 0.34492093 0.07588172
vt 0.87653685 0.34472263
vt 0.35917142 0.13181007
vt 0.38169980 0.18985391
vt 0.09466245 0.64775050
vt 0.09362348 0.71523517
vt 0.11413541 0.65471995
vt 0.39259750 0.20106286
vt 0.37942073 0.16481411
vt 0.10555890 0.69258410
vt 0.00560935 0.77340907
vt 0.01206107 0.99846625
vt 0.00300276 0.77445549
vt 0.01467611 0.99759889
vt 0.38120872 0.14843678
vt 0.73811823 0.24025434
vt 0.86640435 0.35793775
vt 0.72154719 0.25276804
vt 0.87196356 0.37883437
vt 0.86397886 0.36301100
vt 0.73762321 0.24624300
vt 0.29838827 0.18002021
vt 0.13772967 0.18943501
vt 0.29633179 0.17567587
vt 0.13619883 0.18797052
vt 0.30053434 0.17541289
vt 0.13839985 0.16862607
vt 0.30819839 0.19376278
vt 0.29780492 0.17050928
vt 0.29636756 0.16824424
vt 0.14052995 0.19571894
vt 0.29947999 0.16936249
vt 0.30099389 0.17210037
vt 0.30215374 0.16839343
vt 0.14646691 0.19390309
vt 0.30819839 0.16583127
vt 0.14077282 0.19720626
vt 0.30134094 0.16513294
vt 0.88327986 0.38706028
vt 0.29742816 0.16640902
vt 0.87937754 0.38855326
vt 0.57624501 0.19051176
vt 0.50050604 0.99948877
vt 0.57678050 0.06538069
vt 0.08168816 0.69478530
vt 0.58018517 0.06674051
vt 0.08350202 0.69110495
vt 0.59759086 0.12327206
vt 0.10555305 0.55987197
vt 0.60465741 0.12194151
vt 0.11257928 0.56163597
vt 0.10984299 0.55782646
vt 0.11251092 0.55192894
vt 0.60379761 0.12231296
vt 0.10968782 0.55274481
vt 0.10450207 0.55383611
vt 0.76098108 0.20869458
vt 0.11487854 0.57467914
vt 0.59945202 0.12392527
vt 0.10795543 0.55098039
vt 0.58069360 0.12411541
vt 0.08945436 0.55369675
vt 0.60222834 0.14487022
vt 0.02954848 0.58798313
vt 0.59998435 0.14202368
vt 0.02985830 0.58333331
vt 0.00159838 0.09936714
vt 0.05806177 0.39621675
vt 0.57312477 0.14646536
vt 0.05212551 0.73551929
vt 0.86157596 0.01482618
vt 0.15196738 0.06191802
vt 0.87294763 0.01252598
vt 0.14236577 0.06064171
vt 0.52932537 0.25715744
vt 0.47388083 0.05940366
vt 0.98354822 0.64570552
vt 0.42370501 0.05961847
vt 0.00556680 0.84125262
vt 0.00351144 0.84993845
vt 0.00356996 0.83588958
vt 0.42868996 0.06156760
vt 0.96202064 0.39561725
vt 0.00055446 0.85175008
vt 0.75760680 0.06169623
vt 0.97115386 0.30828220
vt 0.16367310 0.06615150
vt 0.16758870 0.06496304
vt 0.97272044 0.30272639
vt 0.75151819 0.25511247
vt 0.16695416 0.06447941
vt 0.97167325 0.30126250
vt 0.97989178 0.29854971
vt 0.17366187 0.06978106
vt 0.98017871 0.30266446
vt 0.98197407 0.30007505
vt 0.98885000 0.30590665
vt 0.17670234 0.07856756
vt 0.08350202 0.55470347
vt 0.18007325 0.08817405
vt 0.99544537 0.30828220
vt 0.98126400 0.29713380
vt 0.17692854 0.07261282
vt 0.15616363 0.08464253
vt 0.01265182 0.60356432
vt 0.01835902 0.64245558
vt 0.14925416 0.12350529
vt 0.02580972 0.61911887
vt 0.14243907 0.10040814
vt 0.14243810 0.11567611
vt 0.02549010 0.63458651
vt 0.15189227 0.12750471
vt 0.87803644 0.45759380
vt 0.01738130 0.64672804
vt 0.14224559 0.10811073
vt 0.02580876 0.62692624
vt 0.08350202 0.57096928
vt 0.17911091 0.10077304
vt 0.42560729 0.16627163
vt 0.18223062 0.18804038
vt 0.17919554 0.14890224
vt 0.01568826 0.91522384
vt 0.15113796 0.12909693
vt 0.87977976 0.45769781
vt 0.14189938 0.12908018
vt 0.87833375 0.44896245
vt 0.14623596 0.13022184
vt 0.88006997 0.45247877
vt 0.07197060 0.02658933
vt 0.17215644 0.13549215
vt 0.17360449 0.13890874
vt 0.06933198 0.03016359
vt 0.03491903 0.55572599
vt 0.34625804 0.99335378
vt 0.18237153 0.19592565
vt 0.91852224 0.29498976
vt 0.15162356 0.06660825
vt 0.75151819 0.23670757
vt 0.15295786 0.06444371
vt 0.74946594 0.23849493
vt 0.00503008 0.64468300
vt 0.32634780 0.06415737
vt 0.91927361 0.60009789
vt 0.30105734 0.06437999
vt 0.00759109 0.61809814
vt 0.00759109 0.64033139
vt 0.92393124 0.60182351
vt 0.32219112 0.06602448
f 1278/1399 1205/1303 1277/1397
f 1277/1397 1205/1303 1195/1292
f 1277/1397 1195/1292 1169/1260
f 1277/1397 1169/1260 2309/2626
f 2309/2626 1169/1260 1275/1393
f 1275/1393 1169/1260 1167/1258
f 1275/1393 1167/1258 2377/2702
f 1198/1295 1194/1291 1159/1248
f 1198/1295 1244/1345 1194/1291
f 1198/1295 1159/1248 1190/1287
f 1190/1287 1159/1248 1132/1221
f 1132/1221 1126/1215 1190/1287
f 1126/1215 1125/1214 1205/1303
f 1190/1287 1126/1215 1205/1303
f 1125/1214 1076/1165 1205/1303
f 1205/1303 1076/1165 1195/1292
f 1195/1292 1076/1165 1077/1166
f 1195/1292 1077/1166 1169/1260
f 1077/1166 1124/1213 1169/1260
f 1169/1260 1124/1213 1167/1258
f 1167/1258 1124/1213 1081/1170
f 1167/1258 1081/1170 1133/1222
f 1167/1258 1133/1222 1150/1239
f 1133/1222 1148/1237 1150/1239
f 1150/1239 1148/1237 1176/1271
f 1193/1290 1164/1255 1159/1248
f 1194/1291 1193/1290 1159/1248
f 1164/1255 1137/1226 1159/1248
f 1159/1248 1137/1226 1132/1221
f 1132/1221 1105/1194 1126/1215
f 1126/1215 1105/1194 1125/1214
f 1105/1194 1074/1163 1125/1214
f 1125/1214 1074/1163 1076/1165
f 1076/1165 1074/1163 1077/1166
f 1077/1166 1078/1167 1124/1213
f 1078/1167 1079/1168 1124/1213
f 1124/1213 1079/1168 1081/1170
f 1148/1237 1168/1259 1176/1271
f 1168/1259 1197/1294 1176/1271
f 1193/1290 1178/1274 1164/1255
f 1074/1163 1075/1164 1072/1161
f 1074/1163 1072/1161 1077/1166
f 1072/1161 1078/1167 1077/1166
f 1132/1221 1106/1195 1105/1194
f 1105/1194 1075/1164 1074/1163
f 1072/1161 1071/1160 1078/1167
f 1079/1168 1078/1167 1070/1159
f 1133/1222 1144/1233 1148/1237
f 1137/1226 1129/1218 1132/1221
f 1132/1221 1129/1218 1106/1195
f 1106/1195 1104/1193 1105/1194
f 1164/1255 1136/1225 1137/1226
f 1137/1226 1136/1225 1129/1218
f 1105/1194 1093/1182 1075/1164
f 1071/1160 1070/1159 1078/1167
f 1070/1159 1069/1158 1079/1168
f 1081/1170 1082/1171 1133/1222
f 1133/1222 1082/1171 1144/1233
f 1144/1233 1143/1232 1148/1237
f 1148/1237 1143/1232 1153/1242
f 1148/1237 1153/1242 1168/1259
f 1178/1274 1179/1275 1170/1261
f 1178/1274 1170/1261 1164/1255
f 1164/1255 1170/1261 1163/1254
f 1164/1255 1163/1254 1136/1225
f 1075/1164 1092/1181 1072/1161
f 1069/1158 1080/1169 1079/1168
f 1079/1168 1080/1169 1081/1170
f 1105/1194 1104/1193 1093/1182
f 1072/1161 1073/1162 1071/1160
f 1081/1170 1080/1169 1082/1171
f 1075/1164 1093/1182 1092/1181
f 1071/1160 1068/1157 1070/1159
f 1070/1159 1068/1157 1069/1158
f 1092/1181 1073/1162 1072/1161
f 1082/1171 1143/1232 1144/1233
f 1093/1182 1094/1183 1092/1181
f 1073/1162 1068/1157 1071/1160
f 1068/1157 1067/1156 1069/1158
f 1093/1182 1095/1184 1094/1183
f 1080/1169 1083/1172 1082/1171
f 1129/1218 1107/1196 1106/1195
f 1102/1191 1095/1184 1093/1182
f 1092/1181 1090/1179 1073/1162
f 1082/1171 1142/1231 1143/1232
f 1142/1231 1152/1241 1153/1242
f 1143/1232 1142/1231 1153/1242
f 1179/1275 1185/1281 1170/1261
f 1104/1193 1102/1191 1093/1182
f 1107/1196 1103/1192 1104/1193
f 1106/1195 1107/1196 1104/1193
f 1104/1193 1103/1192 1102/1191
f 1069/1158 1067/1156 1080/1169
f 1136/1225 1131/1220 1129/1218
f 1129/1218 1131/1220 1107/1196
f 1092/1181 1094/1183 1090/1179
f 1067/1156 1083/1172 1080/1169
f 1095/1184 1102/1191 1100/1189
f 1073/1162 1049/1138 1068/1157
f 1068/1157 1066/1155 1067/1156
f 1083/1172 1084/1173 1082/1171
f 1082/1171 1084/1173 1142/1231
f 1095/1184 1096/1185 1094/1183
f 1094/1183 1097/1186 1090/1179
f 1073/1162 1090/1179 1049/1138
f 1142/1231 1151/1240 1152/1241
f 1184/1280 1171/1262 1170/1261
f 1185/1281 1184/1280 1170/1261
f 1170/1261 1171/1262 1163/1254
f 1163/1254 1146/1235 1136/1225
f 1136/1225 1146/1235 1131/1220
f 1103/1192 1101/1190 1102/1191
f 1100/1189 1096/1185 1095/1184
f 1049/1138 1091/1180 1068/1157
f 1068/1157 1091/1180 1066/1155
f 1096/1185 1097/1186 1094/1183
f 1066/1155 1064/1153 1067/1156
f 1142/1231 1140/1229 1151/1240
f 1097/1186 1054/1143 1090/1179
f 1067/1156 1064/1153 1083/1172
f 1171/1262 1162/1253 1163/1254
f 1163/1254 1162/1253 1146/1235
f 1084/1173 1140/1229 1142/1231
f 1066/1155 1091/1180 1064/1153
f 1090/1179 1054/1143 1049/1138
f 1064/1153 1065/1154 1083/1172
f 1131/1220 1108/1197 1107/1196
f 1107/1196 1108/1197 1103/1192
f 1102/1191 1101/1190 1100/1189
f 1065/1154 1085/1174 1083/1172
f 1083/1172 1085/1174 1084/1173
f 1100/1189 1099/1188 1096/1185
f 1103/1192 1108/1197 1109/1198
f 1103/1192 1109/1198 1101/1190
f 1101/1190 1099/1188 1100/1189
f 1140/1229 1154/1243 1151/1240
f 1049/1138 1051/1140 1091/1180
f 1085/1174 1086/1175 1084/1173
f 1084/1173 1086/1175 1140/1229
f 1162/1253 1145/1234 1146/1235
f 1146/1235 1145/1234 1131/1220
f 1051/1140 1064/1153 1091/1180
f 1109/1198 1111/1200 1101/1190
f 1101/1190 1112/1201 1099/1188
f 1096/1185 1052/1141 1097/1186
f 1145/1234 1130/1219 1131/1220
f 1131/1220 1130/1219 1108/1197
f 1051/1140 1063/1152 1064/1153
f 1097/1186 1052/1141 1054/1143
f 1049/1138 1050/1139 1051/1140
f 1140/1229 1141/1230 1154/1243
f 1098/1187 1052/1141 1096/1185
f 1064/1153 1063/1152 1065/1154
f 1086/1175 1141/1230 1140/1229
f 1184/1280 1186/1282 1171/1262
f 1111/1200 1112/1201 1101/1190
f 1054/1143 1050/1139 1049/1138
f 1065/1154 1063/1152 1085/1174
f 1171/1262 1158/1247 1162/1253
f 1162/1253 1158/1247 1145/1234
f 1099/1188 1098/1187 1096/1185
f 1099/1188 1112/1201 1098/1187
f 1050/1139 1056/1145 1051/1140
f 1054/1143 1053/1142 1050/1139
f 1051/1140 1056/1145 1063/1152
f 1141/1230 1155/1244 1154/1243
f 1052/1141 1053/1142 1054/1143
f 1130/1219 1110/1199 1108/1197
f 1108/1197 1110/1199 1109/1198
f 1063/1152 1057/1146 1085/1174
f 1109/1198 1110/1199 1111/1200
f 1111/1200 1110/1199 1113/1202
f 1111/1200 1113/1202 1112/1201
f 1085/1174 1057/1146 1087/1176
f 1085/1174 1087/1176 1086/1175
f 1186/1282 1172/1263 1171/1262
f 1171/1262 1172/1263 1158/1247
f 1145/1234 1128/1217 1130/1219
f 1130/1219 1128/1217 1110/1199
f 1063/1152 1056/1145 1057/1146
f 1112/1201 1115/1204 1098/1187
f 1050/1139 1055/1144 1056/1145
f 1087/1176 1088/1177 1086/1175
f 1086/1175 1088/1177 1141/1230
f 1141/1230 1156/1245 1155/1244
f 1112/1201 1113/1202 1114/1203
f 1158/1247 1147/1236 1145/1234
f 1145/1234 1147/1236 1128/1217
f 1128/1217 1122/1211 1110/1199
f 1088/1177 1139/1228 1141/1230
f 1114/1203 1115/1204 1112/1201
f 1141/1230 1139/1228 1156/1245
f 1186/1282 1187/1283 1172/1263
f 1110/1199 1122/1211 1120/1209
f 1110/1199 1120/1209 1113/1202
f 1053/1142 1055/1144 1050/1139
f 1113/1202 1120/1209 1121/1210
f 1098/1187 1115/1204 1052/1141
f 1115/1204 1058/1147 1053/1142
f 1052/1141 1115/1204 1053/1142
f 1056/1145 1055/1144 1057/1146
f 1121/1210 1114/1203 1113/1202
f 1053/1142 1059/1148 1055/1144
f 1055/1144 1062/1151 1057/1146
f 1057/1146 1062/1151 1087/1176
f 1053/1142 1058/1147 1059/1148
f 1059/1148 1060/1149 1055/1144
f 1055/1144 1060/1149 1062/1151
f 1062/1151 1061/1150 1087/1176
f 1187/1283 1173/1264 1172/1263
f 1173/1264 1147/1236 1158/1247
f 1172/1263 1173/1264 1158/1247
f 1121/1210 1119/1208 1114/1203
f 1114/1203 1116/1205 1115/1204
f 1087/1176 1089/1178 1088/1177
f 1089/1178 1138/1227 1139/1228
f 1088/1177 1089/1178 1139/1228
f 1139/1228 1138/1227 1156/1245
f 1138/1227 1157/1246 1156/1245
f 1120/1209 1119/1208 1121/1210
f 1114/1203 1119/1208 1116/1205
f 1116/1205 1117/1206 1115/1204
f 1115/1204 1117/1206 1058/1147
f 1061/1150 1089/1178 1087/1176
f 1128/1217 1127/1216 1122/1211
f 1122/1211 1127/1216 1120/1209
f 1060/1149 1061/1150 1062/1151
f 1147/1236 1134/1223 1128/1217
f 1128/1217 1134/1223 1127/1216
f 1189/1285 1166/1257 1173/1264
f 1173/1264 1166/1257 1147/1236
f 1147/1236 1166/1257 1134/1223
f 1120/1209 1118/1207 1119/1208
f 1119/1208 1118/1207 1116/1205
f 1118/1207 1117/1206 1116/1205
f 1117/1206 1059/1148 1058/1147
f 1060/1149 1059/1148 1061/1150
f 1089/1178 1123/1212 1135/1224
f 1089/1178 1135/1224 1138/1227
f 1138/1227 1135/1224 1157/1246
f 1189/1285 1196/1293 1166/1257
f 1120/1209 1127/1216 1118/1207
f 1061/1150 1123/1212 1089/1178
f 1135/1224 1165/1256 1157/1246
f 1196/1293 1199/1297 1166/1257
f 1199/1297 3427/3927 1166/1257
f 1166/1257 3427/3927 1134/1223
f 3427/3927 1177/1273 1134/1223
f 1134/1223 1177/1273 1127/1216
f 1127/1216 1177/1273 3510/4056
f 1127/1216 3510/4056 1118/1207
f 1118/1207 3510/4056 1175/1270
f 1118/1207 1175/1270 1174/1267
f 1118/1207 1174/1267 1117/1206
f 1117/1206 1174/1267 1160/1250
f 1117/1206 1160/1250 1059/1148
f 1160/1250 1149/1238 1061/1150
f 1059/1148 1160/1250 1061/1150
f 1061/1150 1149/1238 1123/1212
f 1149/1238 1161/1252 1123/1212
f 1123/1212 1161/1252 1135/1224
f 1135/1224 1161/1252 3593/4183
f 1135/1224 3593/4183 1165/1256
f 3427/3926 3428/3928 1177/1272
f 3427/3926 3196/3625 3428/3928
f 3428/3928 3196/3625 3670/4302
f 1177/1272 3428/3928 3510/4055
f 3670/4302 3511/4058 3428/3928
f 3428/3928 3830/4617 3510/4055
f 3428/3928 3511/4058 3830/4617
f 3510/4055 3830/4617 1175/1269
f 3830/4617 3511/4058 3527/4086
f 1175/1268 3830/4618 3503/4045
f 1175/1268 3503/4045 1174/1266
f 3830/4618 3527/4088 3503/4045
f 1174/1265 3503/4046 1160/1249
f 3527/4086 3231/3669 3503/4046
f 3503/4046 3502/4043 1160/1249
f 3503/4046 3231/3669 3502/4043
f 1160/1250 3502/4044 1149/1238
f 3231/3669 3233/3671 3502/4043
f 1149/1238 3502/4044 1161/1252
f 3502/4043 3233/3671 1161/1251
f 1161/1251 3233/3671 3593/4182
f 1230/1330 1216/1315 1194/1291
f 1230/1330 1194/1291 1244/1345
f 1176/1271 1197/1294 1217/1316
f 1197/1294 1213/1312 1217/1316
f 1216/1315 1218/1317 1193/1290
f 1216/1315 1193/1290 1194/1291
f 1168/1259 1191/1288 1197/1294
f 1197/1294 1191/1288 1213/1312
f 1219/1318 1201/1299 1193/1290
f 1218/1317 1219/1318 1193/1290
f 1193/1290 1201/1299 1179/1275
f 1193/1290 1179/1275 1178/1274
f 1168/1259 1153/1242 1191/1288
f 1191/1288 1212/1311 1213/1312
f 1153/1242 1192/1289 1191/1288
f 1201/1299 1185/1281 1179/1275
f 1192/1289 1200/1298 1191/1288
f 1191/1288 1200/1298 1212/1311
f 1219/1318 1222/1321 1201/1299
f 1153/1242 1152/1241 1192/1289
f 1222/1321 1204/1302 1201/1299
f 1201/1299 1204/1302 1185/1281
f 1152/1241 1188/1284 1192/1289
f 1192/1289 1188/1284 1200/1298
f 1204/1302 1184/1280 1185/1281
f 1222/1321 1221/1320 1204/1302
f 1152/1241 1151/1240 1188/1284
f 1200/1298 1208/1307 1212/1311
f 1200/1298 1188/1284 1208/1307
f 1221/1320 1203/1301 1204/1302
f 1204/1302 1203/1301 1184/1280
f 1151/1240 1154/1243 1188/1284
f 1221/1320 1220/1319 1203/1301
f 1154/1243 1183/1279 1188/1284
f 1188/1284 1209/1308 1208/1307
f 1188/1284 1183/1279 1209/1308
f 1203/1301 1186/1282 1184/1280
f 1154/1243 1182/1278 1183/1279
f 1154/1243 1155/1244 1182/1278
f 1183/1279 1182/1278 1209/1308
f 1220/1319 1202/1300 1203/1301
f 1203/1301 1202/1300 1186/1282
f 1155/1244 1156/1245 1182/1278
f 1182/1278 1210/1309 1209/1308
f 1156/1245 1180/1276 1182/1278
f 1202/1300 1220/1319 1215/1314
f 1180/1276 1210/1309 1182/1278
f 1202/1300 1187/1283 1186/1282
f 1215/1314 1187/1283 1202/1300
f 1215/1314 1214/1313 1187/1283
f 1214/1313 1189/1285 1187/1283
f 1187/1283 1189/1285 1173/1264
f 1157/1246 1165/1256 1156/1245
f 1156/1245 1165/1256 1180/1276
f 1180/1276 1206/1304 1211/1310
f 1165/1256 1181/1277 1180/1276
f 1180/1276 1181/1277 1206/1304
f 1214/1313 1223/1322 1196/1293
f 1214/1313 1196/1293 1189/1285
f 1223/1322 1260/1363 1269/1381
f 1223/1322 1199/1297 1196/1293
f 1223/1322 1269/1381 1199/1297
f 1165/1256 1207/1306 1181/1277
f 1207/1306 1224/1324 1206/1304
f 1181/1277 1207/1306 1206/1304
f 1269/1379 3196/3625 3427/3926
f 1199/1296 1269/1379 3427/3926
f 1269/1379 3195/3624 3196/3625
f 3195/3624 3197/3626 3196/3625
f 3196/3625 3197/3626 3670/4302
f 3670/4302 3197/3626 3651/4271
f 3670/4301 3651/4272 3511/4057
f 3651/4272 3240/3679 3511/4057
f 3511/4057 3240/3679 3527/4087
f 3527/4086 3240/3678 3265/3708
f 3527/4086 3265/3708 3231/3669
f 3231/3669 3265/3708 3230/3668
f 3230/3668 3229/3667 3231/3669
f 3231/3669 3229/3667 3233/3671
f 3233/3671 3229/3667 3227/3665
f 3233/3671 3227/3665 3593/4182
f 3593/4182 3227/3665 3286/3731
f 3593/4183 1207/1306 1165/1256
f 3593/4182 3286/3731 1207/1305
f 1207/1305 3286/3731 1224/1323
f 1828/2124 1829/2125 1830/2127
f 1828/2124 1830/2127 2120/2424
f 1230/1330 1246/1347 1216/1315
f 1217/1316 1213/1312 1237/1337
f 1245/1346 1218/1317 1216/1315
f 1246/1347 1245/1346 1216/1315
f 1245/1346 1238/1338 1218/1317
f 1213/1312 1236/1336 1237/1337
f 1238/1338 1219/1318 1218/1317
f 1212/1311 1228/1328 1213/1312
f 1213/1312 1228/1328 1236/1336
f 1228/1328 1235/1335 1236/1336
f 1238/1338 1245/1346 1248/1349
f 1238/1338 1222/1321 1219/1318
f 1238/1338 1239/1339 1222/1321
f 1238/1338 1248/1349 1239/1339
f 1248/1349 1250/1351 1239/1339
f 1228/1328 1234/1334 1235/1335
f 1239/1339 1221/1320 1222/1321
f 1212/1311 1227/1327 1228/1328
f 1228/1328 1227/1327 1234/1334
f 1212/1311 1208/1307 1227/1327
f 1250/1351 1240/1340 1239/1339
f 1239/1339 1240/1340 1221/1320
f 1227/1327 1232/1332 1234/1334
f 1240/1340 1220/1319 1221/1320
f 1240/1340 1241/1341 1220/1319
f 1240/1340 1249/1350 1241/1341
f 1208/1307 1209/1308 1227/1327
f 1209/1308 1226/1326 1227/1327
f 1227/1327 1226/1326 1232/1332
f 1241/1341 1231/1331 1220/1319
f 1209/1308 1210/1309 1226/1326
f 1241/1341 1249/1350 1231/1331
f 1249/1350 1247/1348 1231/1331
f 1210/1309 1225/1325 1226/1326
f 1231/1331 1215/1314 1220/1319
f 1210/1309 1211/1310 1225/1325
f 1211/1310 1229/1329 1225/1325
f 1242/1342 1214/1313 1215/1314
f 1231/1331 1242/1342 1215/1314
f 1231/1331 1247/1348 1242/1342
f 1211/1310 1206/1304 1229/1329
f 1242/1342 1243/1343 1223/1322
f 1242/1342 1223/1322 1214/1313
f 1206/1304 1233/1333 1229/1329
f 1243/1343 1260/1363 1223/1322
f 1243/1343 3194/3623 1260/1363
f 1206/1304 1224/1324 1233/1333
f 1260/1362 3194/3621 1269/1380
f 3194/3621 3191/3616 1269/1380
f 1269/1379 3191/3615 3184/3605
f 1269/1379 3184/3605 3195/3624
f 3230/3668 3225/3663 3229/3667
f 3229/3667 3225/3663 3227/3665
f 3286/3731 3227/3665 3228/3666
f 3286/3731 3228/3666 1224/1323
f 3228/3666 3287/3732 1224/1323
f 1270/1382 1261/1365 1246/1347
f 1270/1383 636/670 1261/1364
f 1270/1382 1246/1347 1230/1330
f 1261/1365 1245/1346 1246/1347
f 1261/1365 1262/1367 1245/1346
f 1261/1364 631/665 1262/1366
f 1237/1337 1253/1355 1043/1126
f 1237/1337 1236/1336 1253/1355
f 1236/1336 1235/1335 1253/1355
f 1262/1367 1248/1349 1245/1346
f 1262/1367 1264/1371 1248/1349
f 1235/1335 1259/1361 1253/1355
f 1248/1349 1264/1371 1265/1373
f 1248/1349 1265/1373 1250/1351
f 1235/1335 1255/1357 1259/1361
f 1250/1351 1265/1373 650/697
f 650/697 1240/1340 1250/1351
f 650/697 1249/1350 1240/1340
f 650/697 649/695 1249/1350
f 649/695 648/693 1249/1350
f 1232/1332 1258/1360 1256/1358
f 1232/1332 1226/1326 1258/1360
f 648/693 1263/1369 1247/1348
f 648/693 1247/1348 1249/1350
f 1226/1326 1225/1325 1257/1359
f 1226/1326 1257/1359 1258/1360
f 1225/1325 1252/1354 1257/1359
f 1263/1369 1254/1356 1247/1348
f 1254/1356 1242/1342 1247/1348
f 1229/1329 1251/1352 1252/1354
f 1254/1356 1268/1378 3193/3620
f 3193/3620 1243/1343 1242/1342
f 1254/1356 3193/3620 1242/1342
f 1229/1329 1233/1333 1251/1352
f 1268/1378 3190/3614 3193/3620
f 3193/3619 3190/3612 3187/3608
f 3193/3619 3187/3608 3194/3622
f 3193/3620 3194/3623 1243/1343
f 1233/1333 3287/3733 1251/1352
f 3187/3608 3432/3936 3194/3622
f 3194/3621 3432/3937 3191/3616
f 3195/3624 3184/3605 3197/3626
f 3197/3626 3184/3605 3650/4269
f 3197/3626 3650/4269 3651/4271
f 3651/4271 3650/4269 3240/3678
f 3240/3678 3237/3675 3265/3708
f 3230/3668 3265/3708 3225/3663
f 3226/3664 3228/3666 3227/3665
f 3228/3666 3529/4092 3287/3732
f 2114/2418 1279/1400 1828/2124
f 636/670 631/665 1261/1364
f 1043/1127 1023/1093 1033/1107
f 602/632 618/649 631/665
f 1043/1127 1267/1375 1023/1093
f 631/665 635/669 1262/1366
f 1262/1366 635/669 1264/1370
f 1267/1376 1253/1355 1273/1389
f 1253/1355 1259/1361 1273/1389
f 635/669 634/668 1264/1370
f 1264/1370 634/668 1265/1372
f 1266/1374 1271/1385 1259/1361
f 1265/1372 634/668 650/696
f 650/696 634/668 632/666
f 650/696 632/666 649/694
f 632/666 633/667 649/694
f 649/694 633/667 648/692
f 1266/1374 1258/1360 1271/1385
f 648/692 633/667 638/672
f 648/692 638/672 1263/1368
f 1263/1369 638/673 1254/1356
f 1257/1359 1252/1354 1040/1120
f 638/673 1268/1378 1254/1356
f 638/672 620/651 1268/1377
f 1268/1377 620/651 623/654
f 1268/1377 623/654 3190/3613
f 623/654 3188/3610 3190/3613
f 3190/3612 3188/3609 3187/3608
f 1041/1121 1251/1353 1036/1111
f 3182/3603 3184/3605 3191/3615
f 3432/3936 3182/3603 3191/3615
f 3184/3605 3192/3617 3650/4269
f 3650/4269 3241/3680 3240/3678
f 3237/3675 3240/3678 3239/3677
f 3265/3708 3237/3675 3234/3672
f 3265/3708 3234/3672 3225/3663
f 3225/3663 3226/3664 3227/3665
f 3287/3733 1036/1112 1251/1352
f 2113/2417 1279/1400 2114/2418
f 636/670 629/662 619/650
f 1033/1107 1023/1093 1010/1079
f 636/670 619/650 602/632
f 636/670 602/632 631/665
f 1273/1388 1024/1094 1023/1093
f 631/665 618/649 635/669
f 618/649 617/648 635/669
f 635/669 617/648 634/668
f 1273/1388 1030/1102 1024/1094
f 634/668 617/648 614/645
f 1030/1102 1271/1384 1029/1101
f 634/668 614/645 632/666
f 614/645 613/644 632/666
f 632/666 613/644 612/643
f 1271/1384 1028/1100 1029/1101
f 632/666 612/643 633/667
f 1271/1384 1039/1117 1028/1100
f 633/667 616/647 638/672
f 633/667 612/643 616/647
f 1039/1117 1272/1386 1028/1100
f 616/647 620/651 638/672
f 1272/1386 1040/1119 1014/1083
f 1040/1119 1031/1104 1014/1083
f 1040/1119 1041/1121 1031/1104
f 3188/3609 3186/3607 3187/3608
f 3186/3607 3185/3606 3187/3608
f 3187/3608 3185/3606 3432/3936
f 3432/3936 3185/3606 3182/3603
f 3226/3664 3232/3670 3228/3666
f 3228/3666 3232/3670 3529/4092
f 3287/3732 3529/4092 3687/4331
f 3287/3732 3687/4331 1036/1110
f 654/704 1279/1400 2113/2417
f 1974/2275 1276/1394 2333/2652
f 629/662 573/599 619/650
f 619/650 573/599 602/632
f 573/599 591/620 602/632
f 602/632 591/620 618/649
f 618/649 591/620 617/648
f 617/648 591/620 563/589
f 617/648 563/589 614/645
f 614/645 563/589 574/600
f 574/600 576/602 614/645
f 614/645 576/602 613/644
f 576/602 577/603 613/644
f 613/644 577/603 612/643
f 612/643 577/603 611/642
f 611/642 616/647 612/643
f 611/642 578/604 616/647
f 578/604 581/607 616/647
f 616/647 581/607 620/651
f 620/651 581/607 580/606
f 620/651 580/606 582/608
f 620/651 582/608 623/654
f 582/608 598/628 3188/3610
f 623/654 582/608 3188/3610
f 3188/3609 598/627 3186/3607
f 3186/3607 3183/3604 3185/3606
f 3185/3606 3183/3604 3182/3603
f 3182/3603 3180/3600 3184/3605
f 3241/3680 3239/3677 3240/3678
f 3225/3663 3223/3661 3226/3664
f 3529/4092 3656/4278 3687/4331
f 573/599 564/590 591/620
f 573/599 546/570 564/590
f 1000/1067 990/1057 984/1050
f 564/590 563/589 591/620
f 575/601 576/602 574/600
f 577/603 578/604 611/642
f 577/603 558/582 578/604
f 578/604 558/582 581/607
f 558/582 580/606 581/607
f 1006/1074 3649/4268 997/1064
f 598/627 3189/3611 3186/3607
f 3186/3607 3189/3611 3183/3604
f 3180/3600 3192/3617 3184/3605
f 3192/3618 3241/3681 3650/4270
f 3237/3675 3236/3674 3234/3672
f 3234/3672 3224/3662 3225/3663
f 3225/3663 3224/3662 3223/3661
f 3226/3664 3223/3661 3232/3670
f 1006/1074 3687/4332 3649/4268
f 3687/4331 3656/4278 3649/4267
f 592/621 573/599 629/662
f 592/621 527/548 573/599
f 573/599 527/548 546/570
f 546/570 547/571 564/590
f 564/590 547/571 563/589
f 547/571 555/579 563/589
f 563/589 555/579 574/600
f 574/600 555/579 575/601
f 575/601 555/579 556/580
f 575/601 556/580 576/602
f 576/602 556/580 557/581
f 576/602 557/581 577/603
f 577/603 557/581 558/582
f 558/582 525/546 580/606
f 580/606 525/546 528/549
f 580/606 528/549 582/608
f 582/608 528/549 598/628
f 3189/3611 3489/4023 3183/3604
f 3489/4023 3179/3599 3183/3604
f 3179/3599 3180/3600 3182/3603
f 3183/3604 3179/3599 3182/3603
f 3248/3688 3247/3687 3241/3680
f 3241/3680 3247/3687 3239/3677
f 3239/3677 3238/3676 3237/3675
f 3237/3675 3238/3676 3236/3674
f 527/548 510/530 546/570
f 546/570 510/530 509/529
f 546/570 509/529 547/571
f 509/529 540/563 547/571
f 547/571 540/563 555/579
f 555/579 540/563 541/564
f 555/579 541/564 556/580
f 541/564 506/526 556/580
f 556/580 506/526 557/581
f 557/581 506/526 523/544
f 557/581 523/544 558/582
f 523/544 524/545 558/582
f 524/545 525/546 558/582
f 528/549 3694/4350 598/628
f 3694/4351 3667/4296 3189/3611
f 598/627 3694/4351 3189/3611
f 3189/3611 3667/4296 3489/4023
f 3192/3618 3788/4539 3241/3681
f 3788/4538 3248/3688 3241/3680
f 3247/3687 3238/3676 3239/3677
f 3236/3674 3235/3673 3234/3672
f 3224/3662 3222/3660 3223/3661
f 3232/3670 3656/4278 3529/4092
f 3656/4278 3524/4081 3649/4267
f 3649/4267 3524/4081 3648/4265
f 592/621 542/565 527/548
f 509/529 505/525 540/563
f 505/525 541/564 540/563
f 505/525 508/528 541/564
f 508/528 506/526 541/564
f 506/526 507/527 523/544
f 523/544 507/527 524/545
f 524/545 507/527 503/523
f 503/523 502/522 524/545
f 524/545 502/522 525/546
f 502/522 501/521 528/549
f 525/546 502/522 528/549
f 501/521 562/588 3694/4350
f 528/549 501/521 3694/4350
f 3694/4351 562/587 3667/4296
f 3667/4296 3179/3599 3489/4023
f 3235/3673 3746/4459 3234/3672
f 3234/3672 3746/4459 3224/3662
f 3232/3670 3524/4081 3656/4278
f 3524/4081 959/1024 3648/4265
f 1832/2131 1833/2132 1831/2129
f 542/565 504/524 527/548
f 504/524 485/505 510/530
f 527/548 504/524 510/530
f 485/505 483/503 509/529
f 510/530 485/505 509/529
f 483/503 482/502 509/529
f 509/529 482/502 505/525
f 505/525 482/502 481/501
f 505/525 481/501 508/528
f 481/501 479/499 508/528
f 508/528 479/499 506/526
f 953/1017 947/1008 940/1001
f 479/499 480/500 506/526
f 506/526 480/500 507/527
f 953/1017 946/1007 947/1008
f 953/1017 944/1005 946/1007
f 507/527 480/500 503/523
f 480/500 477/497 503/523
f 503/523 477/497 484/504
f 503/523 484/504 502/522
f 484/504 501/521 502/522
f 3181/3602 3192/3617 3180/3600
f 3524/4081 3508/4053 959/1024
f 542/565 561/586 504/524
f 481/501 149/169 479/499
f 479/499 478/498 480/500
f 478/498 477/497 480/500
f 484/504 465/485 501/521
f 465/485 521/542 562/588
f 501/521 465/485 562/588
f 521/542 3488/4022 562/588
f 562/587 3488/4021 3667/4296
f 3667/4296 3488/4021 3179/3599
f 3238/3676 3235/3673 3236/3674
f 3232/3670 3221/3659 3524/4081
f 3508/4053 919/977 959/1024
f 2115/2419 2307/2623 1833/2132
f 1832/2131 2115/2419 1833/2132
f 561/586 496/516 504/524
f 504/524 496/516 485/505
f 483/503 388/408 482/502
f 482/502 388/408 387/407
f 482/502 387/407 481/501
f 479/499 149/169 478/498
f 3488/4021 3178/3598 3179/3599
f 3179/3599 3177/3597 3180/3600
f 3180/3600 3177/3597 3181/3602
f 3192/3617 3181/3602 3788/4538
f 3788/4538 3254/3695 3248/3688
f 3224/3662 3749/4465 3222/3660
f 496/516 389/409 485/505
f 389/409 388/408 483/503
f 485/505 389/409 483/503
f 387/407 372/392 481/501
f 481/501 372/392 149/169
f 149/169 150/170 478/498
f 478/498 150/170 152/172
f 478/498 152/172 477/497
f 152/172 154/174 477/497
f 477/497 154/174 484/504
f 484/504 154/174 157/177
f 484/504 157/177 465/485
f 157/177 458/478 465/485
f 465/485 458/478 521/542
f 3221/3658 3507/4052 3524/4082
f 3524/4081 3507/4051 3508/4053
f 149/169 148/168 150/170
f 3178/3598 3177/3597 3179/3599
f 3247/3687 3243/3683 3238/3676
f 3238/3676 3243/3683 3242/3682
f 3508/4053 3507/4051 919/977
f 149/169 372/392 146/166
f 149/169 146/166 148/168
f 157/177 158/178 458/478
f 3238/3676 3242/3682 3235/3673
f 3746/4459 3749/4465 3224/3662
f 3232/3670 3223/3661 3221/3659
f 3507/4051 903/959 919/977
f 1827/2122 1825/2120 1975/2276
f 387/407 373/393 372/392
f 372/392 373/393 146/166
f 148/168 151/171 150/170
f 150/170 151/171 152/172
f 388/408 386/406 387/407
f 387/407 375/395 373/393
f 374/394 146/166 373/393
f 146/166 147/167 148/168
f 148/168 147/167 151/171
f 151/171 153/173 152/172
f 152/172 153/173 154/174
f 154/174 156/176 157/177
f 157/177 156/176 158/178
f 3488/4021 3176/3596 3178/3598
f 3178/3598 3176/3596 3177/3597
f 3242/3682 3747/4461 3235/3673
f 3222/3660 3221/3659 3223/3661
f 561/586 473/493 496/516
f 496/516 473/493 389/409
f 389/409 386/406 388/408
f 387/407 386/406 375/395
f 458/478 544/568 521/542
f 521/542 544/568 3488/4022
f 3177/3597 3786/4532 3181/3602
f 3222/3660 3749/4465 3220/3656
f 3222/3660 3220/3656 3221/3659
f 155/175 156/176 154/174
f 544/568 3501/4041 3488/4022
f 3488/4021 3501/4042 3176/3596
f 3248/3688 3249/3689 3247/3687
f 3243/3683 3244/3684 3242/3682
f 473/493 385/405 389/409
f 373/393 375/395 374/394
f 374/394 145/165 146/166
f 3181/3601 3787/4535 3788/4537
f 3746/4458 3748/4462 3749/4464
f 3220/3656 3218/3654 3221/3659
f 389/409 385/405 386/406
f 386/406 383/403 375/395
f 147/167 167/187 151/171
f 153/173 155/175 154/174
f 158/178 160/180 458/478
f 3235/3673 3747/4461 3746/4459
f 3746/4458 3747/4460 3748/4462
f 3221/3658 3319/3770 3507/4052
f 3507/4051 3319/3769 903/959
f 561/586 588/614 473/493
f 375/395 376/396 374/394
f 146/166 145/165 144/164
f 146/166 144/164 147/167
f 167/187 153/173 151/171
f 160/180 457/477 458/478
f 458/478 457/477 544/568
f 3787/4536 3254/3695 3788/4538
f 3248/3688 3254/3695 3249/3689
f 3247/3687 3249/3689 3245/3685
f 3247/3687 3245/3685 3243/3683
f 3243/3683 3245/3685 3244/3684
f 3242/3682 3244/3684 3747/4461
f 3748/4462 3220/3657 3749/4464
f 3218/3653 3214/3648 3221/3658
f 3177/3597 3175/3595 3786/4532
f 3254/3695 3255/3696 3249/3689
f 3748/4462 3315/3763 3220/3657
f 374/394 376/396 145/165
f 3786/4533 3787/4535 3181/3601
f 3787/4536 3257/3698 3254/3695
f 3747/4461 3250/3690 3748/4463
f 3257/3698 3255/3696 3254/3695
f 3214/3648 3319/3770 3221/3658
f 903/959 3319/3769 814/868
f 386/406 385/405 383/403
f 375/395 378/398 376/396
f 145/165 142/162 144/164
f 144/164 166/186 147/167
f 166/186 167/187 147/167
f 156/176 159/179 158/178
f 383/403 378/398 375/395
f 376/396 377/397 145/165
f 167/187 163/183 153/173
f 153/173 163/183 155/175
f 155/175 159/179 156/176
f 158/178 159/179 160/180
f 3176/3596 3175/3595 3177/3597
f 3250/3690 3252/3692 3748/4463
f 3244/3684 3250/3690 3747/4461
f 3252/3692 3315/3764 3748/4463
f 376/396 378/398 377/397
f 377/397 142/162 145/165
f 142/162 143/163 144/164
f 143/163 166/186 144/164
f 3218/3653 3327/3781 3214/3648
f 167/187 166/186 163/183
f 3244/3684 3245/3685 3246/3686
f 385/405 384/404 383/403
f 383/403 380/400 378/398
f 378/398 379/399 377/397
f 377/397 140/160 142/162
f 166/186 165/185 163/183
f 155/175 163/183 159/179
f 3255/3696 3256/3697 3249/3689
f 588/614 475/495 473/493
f 473/493 475/495 385/405
f 544/568 3495/4031 3501/4041
f 3501/4042 3495/4030 3176/3596
f 3175/3595 3126/3522 3786/4532
f 3245/3685 3249/3689 3790/4542
f 3244/3684 3246/3686 3250/3690
f 3315/3764 3217/3652 3220/3656
f 475/495 390/410 385/405
f 384/404 382/402 383/403
f 383/403 382/402 380/400
f 378/398 380/400 379/399
f 377/397 379/399 140/160
f 143/163 165/185 166/186
f 3245/3685 3790/4542 3246/3686
f 3220/3656 3217/3652 3218/3654
f 379/399 139/159 140/160
f 142/162 140/160 141/161
f 142/162 141/161 143/163
f 163/183 162/182 159/179
f 159/179 161/181 160/180
f 3249/3689 3256/3697 3790/4542
f 3246/3686 3251/3691 3250/3690
f 140/160 139/159 138/158
f 164/184 162/182 163/183
f 3495/4030 3125/3521 3176/3596
f 3176/3596 3125/3521 3175/3595
f 3264/3707 3257/3698 3787/4536
f 141/161 165/185 143/163
f 165/185 164/184 163/183
f 3125/3521 3126/3522 3175/3595
f 3250/3690 3251/3691 3252/3692
f 3252/3692 3316/3765 3315/3764
f 3319/3769 813/867 814/868
f 138/158 141/161 140/160
f 165/185 141/161 168/188
f 168/188 164/184 165/185
f 3126/3523 3264/3706 3786/4534
f 3786/4532 3264/3707 3787/4536
f 3257/3698 3256/3697 3255/3696
f 3316/3765 3317/3766 3315/3764
f 3315/3764 3317/3766 3217/3652
f 3214/3649 3213/3647 3319/3769
f 3319/3769 3213/3647 813/867
f 385/405 390/410 384/404
f 380/400 139/159 379/399
f 160/180 161/181 457/477
f 3256/3697 3789/4540 3790/4542
f 3790/4542 3253/3693 3246/3686
f 3246/3686 3253/3693 3251/3691
f 3251/3691 3698/4358 3252/3692
f 3252/3692 3698/4358 3316/3765
f 3218/3654 3208/3641 3327/3780
f 588/614 593/622 475/495
f 380/400 381/401 139/159
f 139/159 136/156 138/158
f 138/158 137/157 141/161
f 3257/3698 3258/3699 3256/3697
f 3789/4541 3253/3694 3790/4543
f 162/182 174/194 161/181
f 162/182 161/181 159/179
f 3253/3693 3698/4358 3251/3691
f 136/156 137/157 138/158
f 164/184 174/194 162/182
f 3257/3698 3264/3707 3258/3699
f 3256/3697 3258/3699 3789/4540
f 3789/4541 3260/3702 3253/3694
f 3253/3694 3641/4253 3698/4359
f 3641/4254 3643/4256 3698/4358
f 3643/4256 3430/3933 3698/4358
f 3698/4358 3430/3933 3316/3765
f 3217/3652 3208/3641 3218/3654
f 139/159 381/401 136/156
f 168/188 171/191 164/184
f 3264/3706 3126/3523 3542/4116
f 3264/3707 3542/4117 3258/3699
f 3258/3699 3259/3700 3789/4540
f 3789/4540 3259/3700 3260/3701
f 3260/3702 3695/4352 3253/3694
f 3253/3694 3695/4352 3641/4253
f 3430/3933 3317/3766 3316/3765
f 136/156 135/155 137/157
f 137/157 191/211 141/161
f 161/181 176/196 457/477
f 3542/4117 3642/4255 3258/3699
f 3258/3699 3710/4381 3263/3705
f 3258/3699 3263/3705 3261/3703
f 3258/3699 3261/3703 3259/3700
f 3430/3932 3804/4572 3317/3767
f 3804/4572 3805/4574 3317/3767
f 3805/4573 3534/4102 3317/3766
f 3317/3766 3320/3771 3217/3652
f 3327/3780 3209/3642 3214/3649
f 3214/3649 3209/3642 3213/3647
f 390/410 391/411 384/404
f 384/404 391/411 382/402
f 137/157 135/155 191/211
f 141/161 169/189 168/188
f 174/194 176/196 161/181
f 3710/4381 3421/3915 3263/3705
f 3263/3705 3421/3915 3261/3703
f 3259/3700 3267/3710 3318/3768
f 3318/3768 3267/3710 3269/3712
f 3318/3768 3269/3712 3640/4252
f 3640/4252 3269/3712 3271/3714
f 3640/4252 3271/3714 3281/3725
f 3281/3725 3271/3714 3276/3719
f 3281/3725 3276/3719 3279/3722
f 3276/3719 3278/3721 3279/3722
f 3279/3722 3278/3721 3280/3723
f 3279/3722 3280/3723 3430/3933
f 3430/3932 3280/3724 3804/4572
f 3642/4255 3710/4381 3258/3699
f 3534/4102 1628/1867 3317/3766
f 1628/1867 3320/3771 3317/3766
f 3217/3652 3320/3771 3215/3650
f 382/402 381/401 380/400
f 191/211 169/189 141/161
f 164/184 171/191 174/194
f 3421/3915 3833/4624 3283/3727
f 3421/3915 3283/3727 3262/3704
f 3262/3704 3283/3727 3282/3726
f 3262/3704 3282/3726 3266/3709
f 3282/3726 3424/3920 3266/3709
f 3266/3709 3424/3920 3268/3711
f 3268/3711 3850/4659 3270/3713
f 3270/3713 3850/4659 3853/4665
f 3270/3713 3853/4665 3851/4660
f 3270/3713 3851/4660 3272/3715
f 3851/4660 3274/3717 3272/3715
f 3274/3717 3858/4675 3272/3715
f 3272/3715 3858/4675 3273/3716
f 3273/3716 3858/4675 3682/4322
f 3273/3716 3682/4322 3275/3718
f 3275/3718 3288/3734 3277/3720
f 3277/3720 3288/3734 3310/3757
f 3277/3720 3310/3757 3807/4577
f 3310/3757 3544/4119 3807/4577
f 3807/4577 3544/4119 3545/4120
f 3544/4119 3304/3750 3545/4120
f 3545/4120 3304/3750 3806/4575
f 3304/3750 3634/4242 3806/4575
f 3634/4241 3811/4583 3808/4579
f 3806/4576 3634/4241 3808/4579
f 3811/4583 3810/4582 3808/4579
f 3810/4582 3815/4590 3809/4580
f 3808/4579 3810/4582 3809/4580
f 457/477 543/566 544/568
f 3710/4380 3833/4623 3421/3914
f 3809/4580 3815/4590 3535/4104
f 3535/4103 1626/1864 1628/1868
f 544/568 543/566 3495/4031
f 382/402 395/415 381/401
f 381/401 133/153 136/156
f 169/189 170/190 168/188
f 168/188 170/190 171/191
f 3284/3728 3394/3876 3282/3726
f 3283/3727 3284/3728 3282/3726
f 3282/3726 3394/3876 3424/3920
f 3268/3711 3424/3920 3850/4659
f 3859/4677 3305/3751 3682/4322
f 3858/4676 3859/4678 3682/4323
f 3305/3751 3289/3735 3682/4322
f 3682/4322 3289/3735 3275/3718
f 3275/3718 3289/3735 3288/3734
f 3310/3757 3299/3745 3304/3750
f 3833/4624 3285/3729 3283/3727
f 3850/4658 3851/4661 3853/4666
f 3634/4241 3672/4306 3811/4583
f 3811/4583 3812/4584 3810/4582
f 3812/4584 3814/4588 3815/4590
f 3810/4582 3812/4584 3815/4590
f 3815/4591 3814/4589 1634/1878
f 1626/1864 1627/1866 1628/1868
f 1628/1867 1627/1865 3320/3771
f 3320/3771 3216/3651 3215/3650
f 3213/3647 3211/3644 813/867
f 3283/3727 3863/4687 3284/3728
f 3851/4660 3849/4657 3274/3717
f 3299/3745 3303/3749 3304/3750
f 3304/3750 3303/3749 3309/3756
f 3304/3750 3309/3756 3634/4242
f 3394/3876 3396/3878 3424/3920
f 3424/3920 3396/3878 3402/3885
f 3424/3921 3402/3886 3850/4658
f 3402/3886 3849/4656 3850/4658
f 3850/4658 3849/4656 3851/4661
f 3274/3717 3849/4657 3858/4675
f 3858/4675 3849/4657 3852/4662
f 3852/4663 3857/4674 3858/4676
f 3289/3735 3290/3736 3288/3734
f 3288/3734 3290/3736 3310/3757
f 3310/3757 3290/3736 3295/3741
f 3310/3757 3295/3741 3299/3745
f 3634/4242 3309/3756 3672/4305
f 3811/4583 3672/4306 3813/4586
f 3811/4583 3813/4586 3812/4584
f 3812/4584 3813/4586 3814/4588
f 3814/4589 1633/1877 1634/1878
f 3710/4380 3832/4621 3833/4623
f 1634/1878 1633/1877 1626/1864
f 3125/3521 3124/3520 3126/3522
f 3217/3652 3215/3650 3208/3641
f 3213/3647 3209/3642 3211/3644
f 1826/2121 1016/1086 1027/1099
f 135/155 190/210 191/211
f 171/191 173/193 174/194
f 174/194 175/195 176/196
f 3284/3728 3395/3877 3394/3876
f 3859/4677 3307/3753 3305/3751
f 3285/3729 3637/4246 3864/4689
f 3395/3877 3396/3878 3394/3876
f 3849/4656 3403/3888 3852/4664
f 3305/3751 3293/3739 3289/3735
f 3293/3739 3292/3738 3289/3735
f 3289/3735 3291/3737 3290/3736
f 3295/3741 3297/3743 3299/3745
f 3642/4255 3099/3490 3710/4381
f 3710/4381 3099/3490 3832/4622
f 3126/3522 3124/3520 3542/4117
f 3542/4117 3101/3492 3642/4255
f 593/622 594/623 475/495
f 391/411 395/415 382/402
f 395/415 133/153 381/401
f 136/156 133/153 135/155
f 191/211 190/210 169/189
f 3307/3753 3306/3752 3305/3751
f 3305/3751 3306/3752 3293/3739
f 3299/3745 3297/3743 3303/3749
f 3402/3885 3396/3878 3848/4654
f 3402/3886 3848/4655 3849/4656
f 3849/4656 3848/4655 3403/3888
f 3289/3735 3292/3738 3291/3737
f 3290/3736 3291/3737 3295/3741
f 1627/1865 3323/3774 3320/3771
f 3208/3641 3209/3642 3327/3780
f 594/623 476/496 475/495
f 475/495 476/496 390/410
f 3306/3752 3533/4101 3293/3739
f 3303/3749 3297/3743 3309/3756
f 3291/3737 3296/3742 3295/3741
f 3295/3741 3296/3742 3297/3743
f 1633/1877 1624/1862 1626/1864
f 1626/1864 1624/1862 3323/3775
f 1626/1864 3323/3775 1627/1866
f 391/411 394/414 395/415
f 133/153 395/415 132/152
f 133/153 134/154 135/155
f 135/155 134/154 190/210
f 174/194 173/193 175/195
f 3863/4687 3839/4637 3468/3990
f 3863/4687 3468/3990 3284/3728
f 3297/3743 3302/3748 3309/3756
f 3309/3756 3302/3748 3543/4118
f 3637/4248 3840/4640 3864/4690
f 3284/3728 3468/3990 3395/3877
f 3396/3878 3398/3880 3848/4654
f 3848/4654 3398/3880 3403/3887
f 3296/3742 3298/3744 3297/3743
f 3309/3756 3543/4118 3663/4291
f 3309/3756 3663/4291 3672/4305
f 3663/4291 3665/4293 3813/4585
f 3672/4305 3663/4291 3813/4585
f 3813/4585 3665/4293 3814/4587
f 3101/3492 3099/3490 3642/4255
f 1027/1099 2294/2608 1826/2121
f 170/190 169/189 172/192
f 170/190 172/192 171/191
f 3307/3753 3425/3922 3308/3755
f 3307/3753 3308/3755 3306/3752
f 3306/3752 3308/3755 3533/4101
f 3637/4246 3841/4641 3840/4638
f 3468/3990 3397/3879 3395/3877
f 3397/3879 3843/4644 3396/3878
f 3395/3877 3397/3879 3396/3878
f 3398/3880 3401/3884 3403/3887
f 3852/4663 3712/4386 3857/4674
f 3533/4101 3294/3740 3293/3739
f 3293/3739 3294/3740 3292/3738
f 3665/4293 1636/1881 3814/4587
f 1636/1882 1631/1875 1633/1877
f 3814/4589 1636/1882 1633/1877
f 3099/3490 3118/3511 3832/4622
f 1633/1877 1631/1875 1624/1862
f 3124/3520 3123/3519 3542/4117
f 3215/3650 3216/3651 3206/3639
f 3215/3650 3206/3639 3208/3641
f 3208/3641 3207/3640 3209/3642
f 3209/3642 3210/3643 3211/3644
f 3211/3644 3212/3646 813/867
f 476/496 392/412 390/410
f 390/410 392/412 391/411
f 394/414 132/152 395/415
f 172/192 173/193 171/191
f 3308/3755 3860/4680 3533/4101
f 3297/3743 3298/3744 3302/3748
f 3843/4644 3398/3880 3396/3878
f 3533/4101 3860/4680 3294/3740
f 3292/3738 3294/3740 3291/3737
f 3323/3774 3321/3772 3320/3771
f 3320/3771 3321/3772 3216/3651
f 3211/3644 3210/3643 3212/3646
f 3839/4636 3438/3946 3468/3991
f 3843/4644 3399/3881 3398/3880
f 3399/3881 3400/3883 3398/3880
f 3398/3880 3400/3883 3401/3884
f 3401/3884 3526/4085 3403/3887
f 3526/4085 3406/3891 3852/4662
f 3403/3887 3526/4085 3852/4662
f 3852/4662 3406/3891 3712/4385
f 3294/3740 3861/4681 3291/3737
f 3861/4681 3300/3746 3291/3737
f 3291/3737 3300/3746 3296/3742
f 3296/3742 3301/3747 3298/3744
f 3101/3492 3100/3491 3099/3490
f 1631/1875 1625/1863 1624/1862
f 3125/3521 3740/4445 3124/3520
f 3124/3520 3740/4445 3122/3517
f 1625/1863 3392/3873 3323/3775
f 1624/1862 1625/1863 3323/3775
f 3208/3641 3206/3639 3207/3640
f 392/412 393/413 391/411
f 133/153 130/150 134/154
f 134/154 188/208 190/210
f 190/210 189/209 169/189
f 3468/3990 3843/4644 3397/3879
f 176/196 459/479 457/477
f 3300/3746 3301/3747 3296/3742
f 457/477 459/479 543/566
f 3495/4030 3128/3526 3125/3521
f 3125/3521 3128/3526 3740/4445
f 3124/3520 3122/3517 3123/3519
f 3123/3519 3096/3487 3542/4117
f 3542/4117 3096/3487 3101/3492
f 3323/3774 3392/3872 3321/3772
f 3216/3651 3393/3875 3206/3639
f 133/153 132/152 130/150
f 175/195 177/197 176/196
f 3438/3946 3842/4643 3468/3991
f 3842/4643 3844/4646 3843/4645
f 3468/3991 3842/4643 3843/4645
f 3843/4645 3844/4646 3399/3882
f 3844/4646 3845/4647 3399/3882
f 3412/3898 3485/4016 3308/3754
f 3425/3923 3412/3898 3308/3754
f 3308/3754 3485/4016 3417/3906
f 3308/3754 3417/3906 3860/4679
f 3417/3907 3418/3908 3861/4681
f 3860/4679 3417/3906 3861/4682
f 3301/3747 3512/4059 3298/3744
f 3512/4059 3536/4106 3302/3748
f 3298/3744 3512/4059 3302/3748
f 176/196 177/197 459/479
f 3841/4642 3439/3948 3840/4639
f 3401/3884 3400/3883 3526/4085
f 3406/3892 3413/3900 3712/4384
f 3302/3748 3536/4106 3543/4118
f 3543/4118 3539/4110 3663/4291
f 3663/4291 3539/4110 3664/4292
f 3663/4291 3664/4292 3665/4293
f 3665/4293 3664/4292 1636/1881
f 3099/3490 3102/3493 3118/3511
f 3321/3772 3322/3773 3216/3651
f 391/411 393/413 394/414
f 188/208 189/209 190/210
f 189/209 172/192 169/189
f 3438/3946 3847/4652 3842/4643
f 3842/4643 3847/4652 3844/4646
f 3844/4646 3847/4652 3154/3564
f 3154/3564 3846/4651 3845/4647
f 3844/4646 3154/3564 3845/4647
f 3845/4648 3846/4650 3854/4668
f 3400/3883 3854/4668 3404/3889
f 3412/3899 3415/3904 3485/4017
f 3418/3909 3314/3762 3861/4683
f 3314/3761 3311/3758 3300/3746
f 3861/4681 3314/3761 3300/3746
f 3312/3759 3313/3760 3301/3747
f 3301/3747 3313/3760 3512/4059
f 3415/3904 3416/3905 3417/3907
f 3485/4017 3415/3904 3417/3907
f 3417/3907 3416/3905 3418/3908
f 172/192 182/202 173/193
f 173/193 181/201 175/195
f 3171/3589 3115/3507 3847/4653
f 3438/3945 3171/3589 3847/4653
f 3846/4649 3113/3505 3854/4667
f 3412/3899 3410/3896 3411/3897
f 3412/3899 3411/3897 3415/3904
f 3411/3897 3419/3910 3416/3905
f 3415/3904 3411/3897 3416/3905
f 3419/3911 3314/3762 3418/3909
f 3416/3905 3419/3910 3418/3908
f 3314/3761 3856/4671 3311/3758
f 3311/3758 3856/4671 3312/3759
f 3312/3759 3325/3778 3313/3760
f 3841/4642 3669/4300 3439/3948
f 3847/4653 3115/3507 3116/3508
f 3116/3508 3154/3563 3847/4653
f 3116/3508 3114/3506 3154/3563
f 3404/3889 3405/3890 3406/3891
f 3406/3892 3420/3913 3413/3900
f 3536/4106 3539/4110 3543/4118
f 1636/1882 1632/1876 1631/1875
f 1631/1875 1632/1876 1625/1863
f 543/567 3437/3944 3495/4030
f 3495/4030 3437/3944 3128/3526
f 189/209 187/207 172/192
f 182/202 181/201 173/193
f 3154/3563 3113/3504 3846/4650
f 3113/3505 3429/3929 3854/4667
f 3429/3930 3405/3890 3854/4668
f 3854/4668 3405/3890 3404/3889
f 3411/3897 3703/4365 3419/3910
f 3419/3911 3703/4366 3314/3762
f 3314/3761 3703/4365 3856/4671
f 3856/4671 3547/4124 3312/3759
f 3547/4124 3325/3778 3312/3759
f 3325/3778 3326/3779 3313/3760
f 3313/3760 3326/3779 3512/4059
f 3512/4059 3538/4109 3536/4106
f 3669/4298 3440/3949 3439/3947
f 3115/3507 3114/3506 3116/3508
f 3114/3506 3113/3504 3154/3563
f 3405/3890 3407/3893 3406/3891
f 3406/3891 3407/3893 3420/3912
f 3536/4106 3538/4109 3539/4110
f 3538/4109 3540/4111 3539/4110
f 3539/4110 3540/4111 3862/4685
f 3539/4110 3862/4685 3664/4292
f 3862/4684 1635/1879 1636/1883
f 3664/4292 3862/4685 1636/1881
f 1636/1882 1635/1880 1632/1876
f 132/152 131/151 130/150
f 134/154 130/150 188/208
f 3171/3589 3671/4303 3115/3507
f 3115/3507 3671/4303 3112/3503
f 3405/3890 3429/3930 3773/4510
f 3410/3896 3409/3895 3411/3897
f 3411/3897 3409/3895 3414/3902
f 3411/3897 3414/3902 3703/4365
f 3547/4124 3326/3779 3325/3778
f 3326/3779 3689/4337 3512/4059
f 3512/4059 3689/4337 3538/4109
f 3773/4510 3407/3893 3405/3890
f 3407/3893 3408/3894 3420/3912
f 3703/4367 3414/3903 3856/4672
f 3856/4672 3414/3903 3547/4125
f 3100/3491 3097/3488 3099/3490
f 1625/1863 1629/1870 3392/3873
f 3392/3872 3324/3777 3321/3772
f 3324/3777 3322/3773 3321/3772
f 3322/3773 3393/3875 3216/3651
f 393/413 131/151 394/414
f 394/414 131/151 132/152
f 172/192 187/207 182/202
f 181/201 178/198 175/195
f 3409/3895 3782/4525 3414/3902
f 3117/3509 3671/4304 3440/3950
f 3669/4299 3117/3509 3440/3950
f 3671/4303 3139/3542 3112/3503
f 3112/3503 3139/3542 3110/3501
f 3112/3503 3110/3501 3111/3502
f 3112/3503 3111/3502 3113/3504
f 3111/3502 3429/3930 3113/3504
f 3111/3502 3771/4506 3429/3930
f 3429/3931 3771/4505 3773/4509
f 3773/4510 3408/3894 3407/3893
f 3782/4525 3688/4334 3414/3902
f 3414/3903 3688/4336 3547/4125
f 3688/4334 3548/4127 3547/4124
f 3326/3779 3547/4124 3855/4670
f 3547/4124 3548/4127 3855/4670
f 3326/3779 3855/4670 3689/4337
f 3538/4109 3689/4337 3540/4111
f 3097/3488 3098/3489 3099/3490
f 3099/3490 3098/3489 3102/3493
f 3101/3492 3097/3488 3100/3491
f 3392/3872 1629/1869 3324/3777
f 188/208 187/207 189/209
f 3117/3510 3104/3495 3106/3497
f 3117/3510 3106/3497 3671/4303
f 3106/3497 3108/3499 3139/3542
f 3671/4303 3106/3497 3139/3542
f 3139/3542 3108/3499 3110/3501
f 3110/3501 3108/3499 3109/3500
f 3110/3501 3109/3500 3111/3502
f 3111/3502 3109/3500 3771/4506
f 3773/4509 3771/4505 3772/4507
f 3773/4510 3772/4508 3408/3894
f 3409/3895 3772/4508 3782/4525
f 3782/4524 3770/4504 3688/4335
f 3688/4333 3476/4001 3548/4126
f 3548/4126 3476/4001 3855/4669
f 3855/4669 3476/4001 3689/4338
f 3689/4339 3479/4009 3540/4112
f 3540/4112 3479/4009 3862/4686
f 3862/4684 3478/4005 1635/1879
f 1635/1880 3478/4006 1632/1876
f 3098/3489 3103/3494 3102/3493
f 1632/1876 1630/1872 1625/1863
f 3122/3517 3119/3512 3123/3519
f 3123/3519 3119/3512 3096/3487
f 1625/1863 1630/1872 1629/1870
f 3209/3642 3207/3640 3210/3643
f 131/151 129/149 130/150
f 128/148 126/146 130/150
f 130/150 126/146 188/208
f 188/208 186/206 187/207
f 187/207 183/203 182/202
f 182/202 180/200 181/201
f 3106/3497 3107/3498 3108/3499
f 3108/3499 3107/3498 3109/3500
f 3109/3500 3107/3498 3127/3525
f 3109/3500 3127/3525 3771/4506
f 3771/4505 3127/3524 3770/4504
f 3771/4505 3770/4504 3772/4507
f 3772/4507 3770/4504 3782/4524
f 3770/4504 3646/4262 3688/4335
f 3646/4261 3476/4002 3688/4334
f 3476/4002 3479/4008 3689/4337
f 3862/4685 3479/4008 3478/4007
f 3478/4006 3477/4003 1632/1876
f 1632/1876 3477/4003 1630/1872
f 3101/3492 3096/3487 3097/3488
f 3324/3777 3393/3875 3322/3773
f 3393/3875 3201/3632 3206/3639
f 392/412 396/416 393/413
f 180/200 178/198 181/201
f 3104/3495 3105/3496 3106/3497
f 3105/3496 3777/4517 3107/3498
f 3106/3497 3105/3496 3107/3498
f 3107/3498 3777/4517 3127/3525
f 3127/3524 3777/4516 3769/4503
f 3127/3524 3769/4503 3768/4502
f 3127/3524 3768/4502 3770/4504
f 3770/4504 3768/4502 3774/4511
f 3774/4511 3785/4530 3646/4262
f 3770/4504 3774/4511 3646/4262
f 3785/4531 3475/4000 3476/4002
f 3646/4261 3785/4531 3476/4002
f 3476/4002 3475/4000 3474/3999
f 3476/4002 3474/3999 3479/4008
f 3479/4008 3474/3999 3473/3998
f 3479/4008 3473/3998 3478/4007
f 3478/4007 3473/3998 3477/4004
f 392/412 403/423 396/416
f 393/413 129/149 131/151
f 130/150 129/149 128/148
f 126/146 186/206 188/208
f 182/202 183/203 180/200
f 3097/3488 3094/3485 3098/3489
f 3098/3489 3094/3485 3701/4362
f 3098/3489 3701/4362 3103/3494
f 3105/3496 3103/3494 3140/3543
f 3103/3494 3701/4362 3140/3543
f 3105/3496 3140/3543 3777/4517
f 3140/3544 3779/4520 3777/4516
f 3779/4520 3778/4518 3777/4516
f 3777/4516 3778/4518 3769/4503
f 3769/4503 3767/4501 3768/4502
f 3768/4502 3767/4501 3766/4500
f 3768/4502 3766/4500 3774/4511
f 3766/4500 3776/4514 3785/4530
f 3774/4511 3766/4500 3785/4530
f 3776/4515 3775/4512 3475/4000
f 3785/4531 3776/4515 3475/4000
f 3475/4000 3775/4512 3474/3999
f 3775/4512 3472/3997 3474/3999
f 3474/3999 3472/3997 3473/3998
f 3472/3997 3743/4452 3473/3998
f 3473/3998 3743/4452 1630/1874
f 3473/3998 1630/1874 3477/4004
f 3096/3487 3094/3485 3097/3488
f 3140/3543 3701/4362 3783/4526
f 3140/3544 3783/4527 3779/4520
f 3778/4518 3779/4520 3780/4522
f 3769/4503 3778/4518 3781/4523
f 3778/4518 3780/4522 3781/4523
f 3769/4503 3781/4523 3767/4501
f 3781/4523 3763/4495 3767/4501
f 3767/4501 3763/4495 3766/4500
f 3766/4500 3763/4495 3764/4497
f 3766/4500 3764/4497 3776/4514
f 3776/4514 3764/4497 3775/4513
f 3775/4513 3764/4497 3765/4498
f 3775/4512 3765/4499 3472/3997
f 3743/4451 1629/1871 1630/1873
f 594/623 474/494 476/496
f 474/494 403/423 392/412
f 476/496 474/494 392/412
f 180/200 179/199 178/198
f 459/479 3506/4050 543/566
f 543/567 3506/4049 3437/3944
f 3783/4526 3701/4362 3779/4519
f 3780/4522 3784/4529 3781/4523
f 3781/4523 3784/4529 3763/4495
f 3763/4496 3784/4528 3138/3541
f 3138/3541 3198/3627 3763/4496
f 3763/4495 3198/3628 3764/4497
f 3764/4497 3198/3628 3423/3919
f 3764/4497 3423/3919 3765/4498
f 3765/4499 3423/3918 3472/3997
f 3472/3997 3423/3918 3742/4449
f 3472/3997 3742/4449 3743/4452
f 3743/4451 3742/4450 1629/1871
f 1629/1871 3742/4450 3324/3776
f 3206/3639 3203/3636 3207/3640
f 186/206 183/203 187/207
f 175/195 178/198 177/197
f 3095/3486 3094/3485 3096/3487
f 3701/4362 3094/3485 3780/4521
f 3701/4362 3780/4521 3779/4519
f 3780/4521 3137/3540 3784/4528
f 3784/4528 3137/3540 3138/3541
f 3324/3776 3742/4450 3201/3633
f 3324/3776 3201/3633 3393/3874
f 129/149 127/147 128/148
f 127/147 126/146 128/148
f 183/203 184/204 180/200
f 3137/3540 3093/3484 3138/3541
f 3138/3541 3093/3484 3142/3547
f 3207/3640 3328/3782 3210/3643
f 3328/3782 3219/3655 3210/3643
f 3210/3643 3219/3655 3212/3646
f 396/416 397/417 393/413
f 393/413 397/417 129/149
f 397/417 127/147 129/149
f 186/206 185/205 183/203
f 185/205 184/204 183/203
f 127/147 125/145 126/146
f 180/200 184/204 179/199
f 3740/4446 3070/3455 3122/3518
f 3122/3518 3070/3455 3121/3516
f 3122/3517 3121/3515 3119/3512
f 3119/3512 3095/3486 3096/3487
f 3780/4521 3093/3484 3137/3540
f 3423/3918 3199/3629 3742/4449
f 594/623 596/625 474/494
f 125/145 123/143 126/146
f 126/146 123/143 186/206
f 185/205 194/214 184/204
f 184/204 197/217 179/199
f 3094/3485 3093/3484 3780/4521
f 3138/3541 3142/3547 3198/3627
f 3142/3547 3199/3629 3198/3627
f 3198/3627 3199/3629 3423/3918
f 3742/4449 3199/3629 3201/3632
f 397/417 125/145 127/147
f 179/199 177/197 178/198
f 3094/3485 3090/3481 3093/3484
f 3093/3484 3091/3482 3142/3547
f 3091/3482 3431/3935 3142/3547
f 3199/3629 3200/3630 3201/3632
f 3219/3655 880/936 3212/3646
f 123/143 192/212 186/206
f 186/206 192/212 185/205
f 3437/3944 3741/4447 3128/3526
f 3128/3526 3741/4447 3740/4445
f 3093/3484 3090/3481 3091/3482
f 3762/4493 3200/3630 3199/3629
f 3201/3632 3203/3636 3206/3639
f 397/417 399/419 125/145
f 125/145 124/144 123/143
f 179/199 198/218 177/197
f 3741/4448 3070/3455 3740/4446
f 3121/3515 3120/3513 3119/3512
f 3119/3512 3120/3513 3095/3486
f 3095/3486 3090/3481 3094/3485
f 3142/3547 3762/4493 3199/3629
f 3200/3630 3202/3634 3201/3632
f 3207/3640 3203/3636 3328/3782
f 2312/2630 2198/2507 1007/1075
f 474/494 402/422 403/423
f 396/416 398/418 397/417
f 3129/3527 3431/3935 3091/3482
f 3142/3547 3431/3935 3762/4493
f 3762/4493 3744/4453 3200/3630
f 403/423 398/418 396/416
f 398/418 399/419 397/417
f 177/197 456/476 459/479
f 459/479 456/476 3506/4050
f 3095/3486 3141/3545 3090/3481
f 3090/3481 3089/3480 3091/3482
f 3091/3482 3089/3480 3129/3527
f 398/418 400/420 399/419
f 399/419 124/144 125/145
f 124/144 121/141 123/143
f 123/143 193/213 192/212
f 192/212 193/213 185/205
f 184/204 196/216 197/217
f 3506/4049 3660/4285 3437/3944
f 3437/3944 3660/4285 3741/4447
f 399/419 400/420 124/144
f 185/205 193/213 194/214
f 194/214 196/216 184/204
f 197/217 196/216 199/219
f 177/197 198/218 456/476
f 3201/3632 3202/3634 3203/3636
f 2253/2564 2383/2708 2543/2885
f 193/213 195/215 194/214
f 197/217 198/218 179/199
f 2312/2630 1025/1095 2198/2507
f 2544/2886 2542/2884 2420/2752
f 2344/2667 2544/2886 2420/2752
f 2383/2708 2540/2882 2543/2885
f 403/423 402/422 398/418
f 400/420 121/141 124/144
f 121/141 122/142 123/143
f 123/143 122/142 193/213
f 194/214 195/215 196/216
f 3120/3513 3141/3545 3095/3486
f 3431/3935 3129/3527 3092/3483
f 3431/3935 3092/3483 3761/4492
f 3431/3934 3761/4491 3762/4494
f 3744/4455 3136/3538 3200/3631
f 3200/3631 3136/3538 3202/3635
f 1025/1095 2197/2506 2198/2507
f 3141/3545 3087/3478 3090/3481
f 3761/4491 3744/4454 3762/4494
f 402/422 401/421 398/418
f 398/418 401/421 400/420
f 122/142 231/251 193/213
f 193/213 231/251 195/215
f 3070/3455 3739/4443 3121/3516
f 3121/3515 3739/4442 3120/3513
f 3203/3636 3655/4277 3328/3782
f 2384/2709 2540/2882 2383/2708
f 401/421 121/141 400/420
f 122/142 120/140 231/251
f 199/219 198/218 197/217
f 3120/3514 3071/3458 3141/3546
f 3141/3545 3071/3457 3085/3475
f 3141/3545 3085/3475 3087/3478
f 3090/3481 3087/3478 3089/3480
f 3761/4492 3131/3530 3744/4453
f 3131/3530 3136/3539 3744/4453
f 3202/3634 3204/3637 3203/3636
f 121/141 120/140 122/142
f 231/251 230/250 195/215
f 195/215 230/250 232/252
f 195/215 232/252 196/216
f 3739/4444 3071/3458 3120/3514
f 3089/3480 3092/3483 3129/3527
f 3092/3483 3131/3530 3761/4492
f 2378/2703 2404/2735 2403/2734
f 2384/2709 2385/2710 2538/2880
f 3070/3456 3052/3434 3739/4442
f 3071/3457 3084/3474 3085/3475
f 3131/3530 3133/3533 3136/3539
f 3133/3533 3135/3537 3136/3539
f 3135/3537 3625/4224 3136/3539
f 3136/3538 3625/4225 3202/3635
f 3202/3634 3625/4224 3204/3637
f 3204/3637 3205/3638 3203/3636
f 3203/3636 3205/3638 3655/4277
f 2404/2735 2477/2819 2403/2734
f 2385/2710 2517/2859 2538/2880
f 196/216 232/252 199/219
f 596/625 472/492 474/494
f 2385/2710 2516/2858 2517/2859
f 474/494 472/492 402/422
f 121/141 118/138 120/140
f 3087/3478 3088/3479 3089/3480
f 3089/3480 3088/3479 3092/3483
f 2392/2718 2494/2836 2386/2711
f 402/422 404/424 401/421
f 231/251 120/140 230/250
f 232/252 233/253 199/219
f 3084/3474 1593/1810 3085/3475
f 3085/3475 1593/1810 3087/3478
f 1593/1810 3088/3479 3087/3478
f 3092/3483 3088/3479 1600/1824
f 3130/3528 3131/3530 3092/3483
f 3131/3530 3132/3531 3133/3533
f 3133/3533 3132/3531 1601/1826
f 3133/3533 1601/1826 1607/1835
f 3133/3533 1607/1835 3134/3534
f 3133/3533 3134/3534 3135/3537
f 3328/3782 3678/4317 3219/3655
f 596/625 595/624 472/492
f 2459/2793 2545/2887 2510/2852
f 402/422 409/429 404/424
f 401/421 118/138 121/141
f 120/140 227/247 230/250
f 3071/3457 3083/3472 3084/3474
f 3084/3474 3083/3472 1595/1814
f 3084/3474 1595/1814 3086/3476
f 3084/3474 3086/3476 1593/1810
f 1593/1810 1598/1821 3088/3479
f 3088/3479 1598/1821 1600/1824
f 3092/3483 1600/1824 3130/3528
f 3131/3530 3130/3528 3132/3531
f 1601/1826 1602/1828 1607/1835
f 233/253 204/224 199/219
f 199/219 200/220 198/218
f 1603/1830 1668/1933 1666/1930
f 1603/1830 1666/1930 1605/1833
f 1666/1930 1662/1923 1605/1833
f 1662/1922 1664/1926 1605/1832
f 1599/1823 1591/1808 1592/1809
f 1664/1927 1608/1838 1606/1834
f 1605/1833 1664/1927 1606/1834
f 3071/3457 3057/3439 3083/3472
f 1599/1823 1592/1809 1601/1827
f 1606/1834 1608/1838 3134/3536
f 3134/3534 1521/1680 3135/3537
f 1894/2195 1895/2196 2498/2840
f 404/424 118/138 401/421
f 118/138 119/139 120/140
f 204/224 200/220 199/219
f 1678/1943 1677/1942 1594/1812
f 1596/1817 1678/1943 1594/1812
f 1594/1812 1677/1942 1590/1806
f 1677/1942 1676/1941 1590/1806
f 1590/1806 1676/1941 1589/1804
f 1589/1804 1676/1941 1675/1940
f 1589/1804 1675/1940 1587/1801
f 1587/1801 1675/1940 1674/1939
f 1587/1801 1674/1939 1584/1796
f 1674/1939 1673/1938 1584/1796
f 1584/1796 1673/1938 1672/1937
f 1584/1796 1672/1937 1582/1793
f 1672/1937 1671/1936 1582/1793
f 1582/1793 1671/1936 1586/1799
f 1586/1799 1671/1936 1670/1935
f 1670/1935 1669/1934 1668/1932
f 1586/1799 1670/1935 1668/1932
f 1667/1931 1665/1928 1666/1929
f 1666/1929 1665/1928 1662/1922
f 1662/1922 1665/1928 1663/1924
f 1662/1922 1663/1924 1664/1926
f 3660/4286 3148/3554 3741/4448
f 3741/4448 3148/3554 3070/3455
f 3739/4442 3082/3471 3071/3457
f 1608/1837 1518/1673 3134/3535
f 3134/3534 1518/1674 1521/1680
f 3135/3537 1521/1680 3143/3548
f 3135/3537 3143/3548 3625/4224
f 3219/3655 3678/4317 880/936
f 1895/2196 2422/2754 2537/2879
f 1891/2192 2495/2837 1890/2191
f 1890/2191 2519/2861 1896/2197
f 1896/2197 2519/2861 2518/2860
f 1896/2197 2518/2860 1882/2182
f 1882/2182 2505/2847 1883/2183
f 2536/2878 2521/2863 2437/2770
f 472/492 409/429 402/422
f 120/140 119/139 227/247
f 232/252 230/250 233/253
f 1677/1942 1685/1950 1676/1941
f 1681/1946 1679/1944 1676/1941
f 1676/1941 1679/1944 1675/1940
f 1674/1939 1680/1945 1673/1938
f 1673/1938 1761/2026 1682/1947
f 1673/1938 1682/1947 1672/1937
f 1672/1937 1682/1947 1671/1936
f 1671/1936 1683/1948 1670/1935
f 1670/1935 1683/1948 1669/1934
f 1669/1934 1695/1960 1667/1931
f 1695/1960 1737/2002 1665/1928
f 1667/1931 1695/1960 1665/1928
f 1665/1928 1737/2002 1725/1990
f 1665/1928 1725/1990 1663/1924
f 1663/1924 1513/1665 1664/1926
f 3057/3439 3433/3938 1597/1819
f 3083/3472 3057/3439 1597/1819
f 1664/1925 1513/1664 1518/1673
f 1664/1925 1518/1673 1608/1837
f 3082/3471 3055/3437 3071/3457
f 2536/2878 2535/2877 2521/2863
f 1779/2046 1778/2045 1682/1947
f 3434/3940 1686/1951 1678/1943
f 1596/1817 3434/3940 1678/1943
f 1678/1943 1686/1951 1685/1950
f 1678/1943 1685/1950 1677/1942
f 1685/1950 1692/1957 1684/1949
f 1685/1950 1684/1949 1676/1941
f 1676/1941 1684/1949 1681/1946
f 1679/1944 1680/1945 1675/1940
f 1675/1940 1680/1945 1674/1939
f 1680/1945 1760/2025 1673/1938
f 1673/1938 1760/2025 1761/2026
f 1682/1947 1691/1956 1671/1936
f 1691/1956 1690/1955 1671/1936
f 1671/1936 1690/1955 1683/1948
f 1669/1934 1683/1948 1694/1959
f 1669/1934 1694/1959 1695/1960
f 1725/1990 1762/2027 1663/1924
f 1663/1924 1762/2027 1513/1665
f 1513/1664 1511/1661 1518/1673
f 1518/1673 1511/1661 1521/1681
f 1521/1680 1520/1679 3143/3548
f 3625/4224 3745/4456 3204/3637
f 3678/4317 921/981 880/936
f 2535/2877 2523/2865 2521/2863
f 118/138 117/137 119/139
f 230/250 235/255 233/253
f 1686/1951 1693/1958 1685/1950
f 1779/2046 1781/2048 1778/2045
f 1778/2045 1691/1956 1682/1947
f 1694/1959 1696/1961 1695/1960
f 1695/1960 1696/1961 1697/1962
f 3434/3940 3661/4288 1686/1951
f 1685/1950 1693/1958 1692/1957
f 1684/1949 1688/1953 1681/1946
f 1681/1946 1688/1953 1679/1944
f 1679/1944 1688/1953 1687/1952
f 1679/1944 1687/1952 1680/1945
f 1689/1954 1763/2028 1680/1945
f 1680/1945 1763/2028 1760/2025
f 1737/2002 1738/2003 1725/1990
f 1725/1990 1738/2003 1762/2027
f 1513/1664 1512/1663 1511/1661
f 3071/3457 3055/3437 3057/3439
f 227/247 229/249 230/250
f 230/250 229/249 235/255
f 233/253 234/254 204/224
f 1760/2025 1759/2024 1761/2026
f 1691/1956 1706/1971 1690/1955
f 3143/3548 3426/3924 3625/4224
f 3328/3782 3655/4277 3678/4317
f 404/424 405/425 118/138
f 118/138 405/425 115/135
f 118/138 115/135 117/137
f 235/255 234/254 233/253
f 204/224 203/223 200/220
f 1686/1951 1732/1997 1693/1958
f 1693/1958 1715/1980 1692/1957
f 1778/2045 1706/1971 1691/1956
f 3434/3939 3866/4694 3661/4287
f 1692/1957 1711/1976 1684/1949
f 1684/1949 1709/1974 1688/1953
f 1687/1952 1688/1953 1708/1973
f 1690/1955 1698/1963 1683/1948
f 1683/1948 1698/1963 1694/1959
f 1697/1962 1739/2004 1737/2002
f 1737/2002 1739/2004 1738/2003
f 1738/2003 1770/2037 1762/2027
f 3057/3439 3509/4054 3433/3938
f 3070/3456 3051/3433 3052/3434
f 3055/3437 3056/3438 3057/3439
f 1511/1661 1520/1678 1521/1681
f 1812/2094 1884/2184 1885/2185
f 409/429 406/426 404/424
f 1732/1997 1733/1998 1693/1958
f 1693/1958 1733/1998 1715/1980
f 1696/1961 1722/1987 1697/1962
f 1687/1952 1708/1973 1689/1954
f 1697/1962 1722/1987 1739/2004
f 3056/3438 3073/3460 3057/3439
f 3057/3439 3073/3460 3509/4054
f 3506/4049 3045/3427 3660/4285
f 3660/4285 3045/3427 3148/3555
f 1520/1679 1519/1675 3143/3548
f 1519/1675 3426/3924 3143/3548
f 3204/3637 3745/4456 3205/3638
f 117/137 116/136 119/139
f 203/223 202/222 200/220
f 200/220 201/221 198/218
f 198/218 201/221 456/476
f 3866/4694 3662/4289 3661/4287
f 1692/1957 1715/1980 1711/1976
f 1684/1949 1711/1976 1709/1974
f 1689/1954 1731/1996 1763/2028
f 1763/2028 1731/1996 1758/2023
f 1763/2028 1758/2023 1760/2025
f 1760/2025 1758/2023 1759/2024
f 1739/2004 1741/2006 1738/2003
f 1738/2003 1741/2006 1770/2037
f 201/221 3466/3988 3506/4050
f 456/476 201/221 3506/4050
f 3506/4049 3466/3987 3045/3427
f 3052/3434 3082/3471 3739/4442
f 115/135 116/136 117/137
f 119/139 116/136 227/247
f 227/247 116/136 226/246
f 227/247 228/248 229/249
f 229/249 228/248 235/255
f 235/255 205/225 234/254
f 234/254 205/225 204/224
f 1781/2048 1776/2043 1778/2045
f 1776/2043 1780/2047 1706/1971
f 1778/2045 1776/2043 1706/1971
f 1770/2037 1769/2035 1512/1662
f 1688/1953 1709/1974 1708/1973
f 1689/1954 1714/1979 1731/1996
f 1698/1963 1699/1964 1694/1959
f 1694/1959 1699/1964 1700/1965
f 1700/1965 1722/1987 1696/1961
f 1741/2006 1766/2031 1770/2037
f 3148/3555 3051/3433 3070/3456
f 3205/3638 3745/4456 3329/3783
f 3205/3638 3329/3783 3655/4277
f 2535/2877 2525/2867 2523/2865
f 844/899 843/898 853/908
f 404/424 406/426 405/425
f 227/247 226/246 228/248
f 204/224 205/225 203/223
f 1780/2047 1707/1972 1706/1971
f 1706/1971 1707/1972 1690/1955
f 1690/1955 1703/1968 1698/1963
f 1700/1965 1739/2004 1722/1987
f 1512/1663 1769/2036 1511/1661
f 1519/1675 3594/4184 3426/3924
f 3426/3925 3745/4457 3625/4226
f 1857/2157 2557/2899 1885/2185
f 1884/2184 1857/2157 1885/2185
f 2535/2877 2534/2876 2525/2867
f 472/492 408/428 409/429
f 228/248 236/256 235/255
f 1781/2048 1782/2049 1776/2043
f 1709/1974 1710/1975 1708/1973
f 1708/1973 1713/1978 1714/1979
f 1707/1972 1704/1969 1690/1955
f 1698/1963 1703/1968 1699/1964
f 1769/2036 1510/1660 1511/1661
f 1511/1661 1510/1660 1520/1678
f 3426/3925 3594/4185 3745/4457
f 405/425 407/427 115/135
f 115/135 407/427 116/136
f 235/255 236/256 205/225
f 205/225 206/226 203/223
f 203/223 206/226 202/222
f 3867/4697 1735/2000 1732/1997
f 3662/4290 3867/4697 1732/1997
f 1732/1997 1735/2000 1734/1999
f 1732/1997 1734/1999 1733/1998
f 1733/1998 1734/1999 1736/2001
f 1710/1975 1713/1978 1708/1973
f 1758/2023 1756/2021 1759/2024
f 1700/1965 1742/2007 1739/2004
f 1739/2004 1742/2007 1740/2005
f 1739/2004 1740/2005 1741/2006
f 1741/2006 1740/2005 1766/2031
f 3051/3433 3050/3432 3052/3434
f 3052/3434 3050/3432 3082/3471
f 3082/3471 3053/3435 3055/3437
f 3055/3437 3054/3436 3056/3438
f 3745/4456 3330/3784 3329/3783
f 595/624 471/491 472/492
f 472/492 471/491 408/428
f 202/222 201/221 200/220
f 1709/1974 1711/1976 1710/1975
f 1731/1996 1757/2022 1758/2023
f 1758/2023 1757/2022 1756/2021
f 1690/1955 1704/1969 1703/1968
f 1700/1965 1726/1991 1742/2007
f 3073/3460 3686/4329 3509/4054
f 3082/3471 3050/3432 3053/3435
f 1510/1660 1519/1676 1520/1678
f 3329/3783 3331/3785 3655/4277
f 406/426 407/427 405/425
f 116/136 225/245 226/246
f 1714/1979 1723/1988 1730/1995
f 1766/2031 1765/2030 1769/2035
f 1736/2001 1718/1983 1711/1976
f 1715/1980 1736/2001 1711/1976
f 1711/1976 1712/1977 1710/1975
f 1714/1979 1730/1995 1731/1996
f 1731/1996 1730/1995 1757/2022
f 3055/3437 3053/3435 3054/3436
f 407/427 410/430 116/136
f 240/260 225/245 116/136
f 228/248 237/257 236/256
f 236/256 237/257 205/225
f 1711/1976 1718/1983 1712/1977
f 1707/1972 1716/1981 1704/1969
f 1699/1964 1701/1966 1700/1965
f 1700/1965 1701/1966 1726/1991
f 1728/1993 1743/2008 1742/2007
f 1742/2007 1743/2008 1740/2005
f 1766/2031 1740/2005 1765/2030
f 3056/3438 3054/3436 3073/3460
f 3073/3460 3054/3436 3686/4329
f 1769/2036 1514/1666 1510/1660
f 2534/2876 2533/2875 2525/2867
f 225/245 224/244 226/246
f 224/244 228/248 226/246
f 237/257 207/227 205/225
f 205/225 207/227 206/226
f 1726/1991 1727/1992 1728/1993
f 1730/1995 1754/2019 1757/2022
f 1754/2019 1755/2020 1756/2021
f 1757/2022 1754/2019 1756/2021
f 1780/2047 1716/1981 1707/1972
f 1704/1969 1702/1967 1703/1968
f 1703/1968 1702/1967 1699/1964
f 1740/2005 1764/2029 1765/2030
f 1765/2030 1514/1667 1769/2035
f 1765/2030 1764/2029 1514/1667
f 1514/1666 1515/1668 1510/1660
f 3050/3432 3051/3433 3043/3425
f 3050/3432 3049/3431 3053/3435
f 1510/1660 1515/1668 1519/1676
f 1519/1677 3383/3857 3594/4186
f 1735/2000 1751/2016 1734/1999
f 1734/1999 1718/1983 1736/2001
f 1750/2015 1749/2014 1776/2043
f 1782/2049 1750/2015 1776/2043
f 1776/2043 1749/2014 1780/2047
f 1723/1988 1746/2011 1730/1995
f 1730/1995 1746/2011 1754/2019
f 1728/1993 1727/1992 1743/2008
f 1764/2029 1785/2055 1514/1667
f 1514/1666 1785/2054 1515/1668
f 1515/1668 1522/1684 1519/1676
f 3594/4184 3385/3860 3745/4456
f 3745/4456 3385/3860 3330/3784
f 2533/2875 2527/2869 2525/2867
f 1751/2016 1719/1984 1734/1999
f 1734/1999 1719/1984 1718/1983
f 3865/4693 1751/2016 3867/4697
f 1718/1983 1720/1985 1712/1977
f 1712/1977 1720/1985 1710/1975
f 1710/1975 1721/1986 1713/1978
f 1713/1978 1721/1986 1724/1989
f 1724/1989 1746/2011 1723/1988
f 1754/2019 1753/2018 1755/2020
f 1780/2047 1749/2014 1716/1981
f 1699/1964 1702/1967 1701/1966
f 1701/1966 1729/1994 1727/1992
f 1727/1992 1729/1994 1743/2008
f 1743/2008 1744/2009 1740/2005
f 1744/2009 1767/2032 1764/2029
f 1740/2005 1744/2009 1764/2029
f 3054/3436 3151/3559 3686/4329
f 1785/2054 1768/2034 1515/1668
f 3148/3555 3043/3425 3051/3433
f 3053/3435 3049/3431 3054/3436
f 3054/3436 3049/3431 3149/3556
f 1519/1677 1522/1682 3383/3857
f 409/429 408/428 406/426
f 410/430 241/261 240/260
f 228/248 224/244 237/257
f 1750/2015 1705/1970 1749/2014
f 3865/4693 1783/2051 1774/2041
f 3865/4693 1774/2041 1751/2016
f 1751/2016 1774/2041 1719/1984
f 1718/1983 1719/1984 1720/1985
f 1710/1975 1720/1985 1721/1986
f 1721/1986 1747/2012 1746/2011
f 1724/1989 1721/1986 1746/2011
f 1746/2011 1747/2012 1754/2019
f 1754/2019 1747/2012 1753/2018
f 1716/1981 1749/2014 1705/1970
f 1716/1981 1705/1970 1704/1969
f 1705/1970 1702/1967 1704/1969
f 1701/1966 1702/1967 1717/1982
f 1701/1966 1717/1982 1729/1994
f 1717/1982 1745/2010 1743/2008
f 1729/1994 1717/1982 1743/2008
f 1743/2008 1745/2010 1744/2009
f 1744/2009 1775/2042 1767/2032
f 1767/2032 1775/2042 1516/1670
f 1767/2032 1516/1670 1768/2033
f 201/221 211/231 3466/3988
f 3149/3556 3150/3557 3054/3436
f 3054/3436 3150/3557 3151/3559
f 1768/2034 1516/1669 1515/1668
f 3655/4277 3331/3785 3387/3862
f 3655/4277 3387/3862 3678/4317
f 406/426 408/428 407/427
f 240/260 241/261 225/245
f 225/245 223/243 224/244
f 238/258 207/227 237/257
f 207/227 208/228 206/226
f 206/226 209/229 202/222
f 1783/2051 1777/2044 1774/2041
f 1777/2044 1771/2038 1719/1984
f 1774/2041 1777/2044 1719/1984
f 1719/1984 1771/2038 1720/1985
f 1720/1985 1771/2038 1772/2039
f 1772/2039 1773/2040 1720/1985
f 1720/1985 1773/2040 1721/1986
f 1773/2040 1752/2017 1721/1986
f 1721/1986 1752/2017 1747/2012
f 1752/2017 1705/1970 1753/2018
f 1747/2012 1752/2017 1753/2018
f 1750/2015 1753/2018 1705/1970
f 1705/1970 1748/2013 1702/1967
f 1748/2013 1745/2010 1702/1967
f 1702/1967 1745/2010 1717/1982
f 1744/2009 1784/2052 1775/2042
f 1775/2042 1784/2052 1516/1670
f 3050/3432 3043/3425 3049/3431
f 1517/1672 1522/1684 1515/1668
f 2533/2875 2532/2874 2527/2869
f 241/261 222/242 225/245
f 238/258 237/257 224/244
f 202/222 211/231 201/221
f 1783/2051 1786/2057 1777/2044
f 1777/2044 1802/2075 1771/2038
f 1771/2038 1802/2075 1772/2039
f 1772/2039 1802/2075 1773/2040
f 1802/2075 1800/2073 1773/2040
f 1800/2073 1798/2071 1773/2040
f 1773/2040 1798/2071 1752/2017
f 1798/2071 1797/2070 1705/1970
f 1752/2017 1798/2071 1705/1970
f 1797/2070 1794/2067 1705/1970
f 1705/1970 1794/2067 1748/2013
f 1794/2067 1793/2066 1748/2013
f 1748/2013 1793/2066 1745/2010
f 1745/2010 1793/2066 1790/2062
f 1790/2062 1787/2058 1745/2010
f 1745/2010 1787/2058 1744/2009
f 1744/2009 1787/2058 1784/2052
f 3150/3557 1786/2056 3151/3559
f 1784/2053 1517/1672 1516/1669
f 1784/2053 1789/2060 1517/1672
f 1789/2060 3348/3805 1517/1672
f 1517/1671 3348/3804 3383/3856
f 1517/1671 3383/3856 1522/1683
f 3678/4317 3387/3862 921/981
f 1865/2165 1874/2174 2428/2761
f 408/428 411/431 407/427
f 407/427 411/431 410/430
f 224/244 239/259 238/258
f 238/258 215/235 207/227
f 208/228 209/229 206/226
f 3150/3557 3149/3556 1807/2082
f 3150/3558 1807/2083 1786/2057
f 1777/2044 1786/2057 1803/2076
f 1786/2057 1807/2083 1803/2076
f 1777/2044 1803/2076 1802/2075
f 1807/2083 3647/4264 1803/2076
f 1803/2076 1801/2074 1802/2075
f 1803/2076 3647/4264 1801/2074
f 3647/4264 3531/4096 1801/2074
f 1802/2075 1801/2074 1800/2073
f 3531/4096 1806/2081 1801/2074
f 1801/2074 1799/2072 1800/2073
f 1801/2074 1806/2081 1799/2072
f 1799/2072 1806/2081 1805/2080
f 1800/2073 1799/2072 1798/2071
f 1798/2071 1799/2072 1796/2069
f 1799/2072 1805/2080 1796/2069
f 1805/2080 3384/3859 1796/2069
f 1798/2071 1796/2069 1797/2070
f 1796/2069 3384/3859 1804/2078
f 1797/2070 1796/2069 1794/2067
f 1794/2067 1796/2069 1795/2068
f 1796/2069 1804/2078 1795/2068
f 1795/2068 1804/2078 3391/3871
f 1794/2067 1795/2068 1791/2063
f 1794/2067 1791/2063 1793/2066
f 1795/2068 3391/3871 1791/2063
f 1791/2063 3391/3871 1792/2065
f 1793/2066 1791/2063 1790/2062
f 1790/2062 1791/2063 1788/2059
f 1790/2062 1788/2059 1787/2058
f 1787/2058 1788/2059 1789/2061
f 1787/2058 1789/2061 1784/2052
f 1791/2063 1792/2065 1788/2059
f 1792/2065 3348/3806 1788/2059
f 1788/2059 3348/3806 1789/2061
f 3383/3856 3340/3796 3594/4184
f 3594/4184 3340/3796 3385/3860
f 595/624 601/631 471/491
f 2332/2651 2547/2889 1893/2194
f 1878/2178 2529/2871 2531/2873
f 2531/2873 2529/2871 2532/2874
f 408/428 412/432 411/431
f 215/235 208/228 207/227
f 3149/3556 3153/3562 1807/2082
f 1807/2082 3153/3562 3647/4263
f 3531/4096 1805/2080 1806/2081
f 1804/2077 3345/3801 3391/3870
f 3345/3801 1792/2064 3391/3870
f 3345/3801 3342/3798 1792/2064
f 1792/2064 3342/3798 3348/3804
f 3348/3804 3342/3798 3383/3856
f 3329/3783 3330/3784 3331/3785
f 244/264 222/242 241/261
f 238/258 239/259 215/235
f 202/222 210/230 211/231
f 3149/3556 3152/3561 3153/3562
f 3153/3562 3794/4551 3647/4263
f 3647/4263 3794/4551 3531/4095
f 3794/4551 3530/4094 3531/4095
f 3531/4095 3530/4094 1805/2079
f 1805/2079 3530/4094 3384/3858
f 3384/3858 3346/3802 1804/2077
f 1804/2077 3346/3802 3345/3801
f 411/431 244/264 241/261
f 223/243 221/241 224/244
f 221/241 239/259 224/244
f 3045/3427 3041/3423 3148/3555
f 3148/3555 3041/3423 3043/3425
f 3043/3425 3047/3429 3049/3431
f 3149/3556 3049/3431 3152/3561
f 3383/3856 3342/3798 3340/3796
f 3330/3784 3332/3786 3331/3785
f 411/431 246/266 244/264
f 244/264 243/263 222/242
f 225/245 222/242 223/243
f 239/259 216/236 215/235
f 209/229 210/230 202/222
f 3153/3562 3152/3561 3794/4551
f 3346/3802 3344/3800 3345/3801
f 3385/3860 3333/3787 3330/3784
f 3330/3784 3333/3787 3332/3786
f 223/243 222/242 221/241
f 3041/3423 3042/3424 3043/3425
f 3152/3560 3793/4548 3794/4550
f 3794/4550 3793/4548 3530/4093
f 3384/3858 3795/4553 3346/3802
f 3795/4553 3349/3807 3346/3802
f 3346/3802 3349/3807 3347/3803
f 3345/3801 3344/3800 3342/3798
f 3342/3798 3344/3800 3343/3799
f 3385/3860 3340/3796 3333/3787
f 3331/3785 3386/3861 3387/3862
f 411/431 412/432 246/266
f 244/264 246/266 243/263
f 3530/4094 3795/4553 3384/3858
f 3346/3802 3347/3803 3344/3800
f 3343/3799 3341/3797 3342/3798
f 3342/3798 3341/3797 3340/3796
f 3387/3863 922/982 921/980
f 246/266 245/265 243/263
f 211/231 539/562 3466/3988
f 3466/3987 539/561 3045/3427
f 3049/3431 3537/4108 3152/3561
f 3793/4548 3795/4552 3530/4093
f 3349/3807 3350/3808 3347/3803
f 3350/3808 3390/3869 3347/3803
f 3347/3803 3390/3869 3344/3800
f 471/491 413/433 408/428
f 243/263 242/262 222/242
f 221/241 218/238 239/259
f 239/259 218/238 216/236
f 215/235 214/234 208/228
f 209/229 208/228 210/230
f 3152/3560 3792/4546 3793/4548
f 3793/4549 3792/4547 3375/3845
f 3793/4548 3375/3844 3795/4552
f 3344/3800 3798/4559 3343/3799
f 3341/3797 3339/3794 3340/3796
f 3340/3796 3339/3794 3333/3787
f 413/433 412/432 408/428
f 242/262 220/240 222/242
f 222/242 220/240 221/241
f 220/240 218/238 221/241
f 210/230 212/232 211/231
f 539/561 3044/3426 3045/3427
f 3045/3427 3044/3426 3041/3423
f 3043/3425 3042/3424 3047/3429
f 3047/3429 3537/4108 3049/3431
f 3351/3809 3352/3810 3350/3808
f 3349/3807 3351/3809 3350/3808
f 3350/3808 3352/3810 3700/4361
f 3350/3808 3700/4361 3390/3869
f 3332/3786 3386/3861 3331/3785
f 412/432 371/391 246/266
f 215/235 216/236 214/234
f 214/234 213/233 208/228
f 3795/4553 3541/4114 3349/3807
f 3349/3807 3541/4114 3351/3809
f 371/391 245/265 246/266
f 245/265 242/262 243/263
f 208/228 213/233 210/230
f 3352/3810 3354/3814 3382/3855
f 3382/3855 3708/4377 3700/4361
f 3700/4361 3708/4377 3390/3869
f 3708/4377 3798/4559 3390/3869
f 3390/3869 3798/4559 3344/3800
f 2553/2895 2548/2890 2549/2891
f 2334/2654 2263/2577 2473/2815
f 371/391 247/267 245/265
f 245/265 247/267 242/262
f 216/236 218/238 217/237
f 217/237 214/234 216/236
f 212/232 454/474 211/231
f 211/231 454/474 539/562
f 3541/4114 3353/3812 3351/3809
f 3351/3809 3353/3812 3352/3810
f 3352/3810 3353/3812 3354/3814
f 3152/3560 3374/3842 3792/4546
f 3798/4559 3796/4554 3343/3799
f 3796/4554 3341/3797 3343/3799
f 3333/3787 3334/3788 3332/3786
f 3332/3786 3334/3788 3386/3861
f 2553/2895 2554/2896 2550/2892
f 2553/2895 2550/2892 2548/2890
f 2472/2814 2474/2816 2334/2654
f 2472/2814 2334/2654 2473/2815
f 2472/2814 2476/2818 2474/2816
f 242/262 219/239 220/240
f 3353/3813 3541/4115 3799/4561
f 3375/3844 3370/3837 3795/4552
f 3799/4562 3356/3816 3353/3811
f 3353/3812 3356/3817 3355/3815
f 3353/3812 3355/3815 3354/3814
f 3355/3815 3360/3822 3382/3855
f 3354/3814 3355/3815 3382/3855
f 3382/3855 3360/3822 3708/4377
f 2476/2818 2339/2659 2462/2798
f 247/267 248/268 242/262
f 220/240 219/239 218/238
f 219/239 217/237 218/238
f 3799/4562 1808/2085 3356/3816
f 3355/3815 3357/3818 3359/3821
f 3355/3815 3359/3821 3360/3822
f 3708/4378 3360/3823 3798/4560
f 3339/3794 3335/3789 3333/3787
f 3356/3817 1808/2084 3355/3815
f 3541/4115 3378/3849 3799/4561
f 3374/3843 3377/3847 3792/4547
f 3792/4547 3377/3847 3375/3845
f 3795/4552 3370/3837 3541/4113
f 3799/4562 3800/4564 1808/2085
f 3357/3818 3381/3854 3359/3821
f 3341/3797 3796/4554 3339/3794
f 3389/3866 3335/3789 3339/3794
f 1808/2085 3800/4564 3358/3820
f 601/631 600/630 471/491
f 371/391 331/351 247/267
f 3537/4107 3791/4544 3152/3560
f 3370/3836 3378/3848 3541/4114
f 3378/3849 3800/4563 3799/4561
f 3378/3848 3362/3826 3800/4565
f 3800/4565 3362/3826 3381/3854
f 3362/3826 3361/3825 3359/3821
f 3381/3854 3362/3826 3359/3821
f 3359/3821 3361/3825 3360/3822
f 3360/3823 3361/3824 3798/4560
f 600/630 470/490 471/491
f 471/491 470/490 413/433
f 371/391 332/352 331/351
f 331/351 248/268 247/267
f 248/268 249/269 242/262
f 242/262 249/269 219/239
f 219/239 250/270 251/271
f 219/239 251/271 217/237
f 217/237 259/279 214/234
f 214/234 259/279 213/233
f 3375/3845 3372/3839 3370/3836
f 3370/3836 3363/3827 3378/3848
f 3378/3848 3363/3827 3362/3826
f 3362/3826 3363/3827 3361/3825
f 3798/4560 3364/3829 3796/4556
f 3796/4555 3797/4557 3339/3795
f 3797/4557 3389/3867 3339/3795
f 3333/3787 3335/3789 3334/3788
f 3387/3863 3388/3865 922/982
f 219/239 249/269 250/270
f 248/268 331/351 249/269
f 217/237 251/271 259/279
f 259/279 260/280 213/233
f 3152/3560 3791/4544 3374/3842
f 3377/3847 3372/3839 3375/3845
f 3361/3824 3364/3829 3798/4560
f 470/490 414/434 413/433
f 413/433 414/434 412/432
f 414/434 332/352 371/391
f 412/432 414/434 371/391
f 249/269 331/351 330/350
f 249/269 253/273 250/270
f 252/272 251/271 250/270
f 213/233 212/232 210/230
f 3363/3827 3364/3828 3361/3825
f 3364/3828 3367/3832 3796/4554
f 3367/3832 3797/4558 3796/4554
f 3386/3861 3388/3864 3387/3862
f 330/350 253/273 249/269
f 252/272 257/277 251/271
f 259/279 251/271 257/277
f 213/233 260/280 212/232
f 3042/3424 3048/3430 3047/3429
f 3047/3429 3048/3430 3537/4108
f 332/352 329/349 331/351
f 253/273 252/272 250/270
f 259/279 258/278 260/280
f 3377/3847 3374/3843 3372/3839
f 3372/3839 3371/3838 3370/3836
f 331/351 329/349 330/350
f 330/350 326/346 253/273
f 3048/3430 1537/1710 3537/4108
f 3537/4107 1537/1711 3791/4544
f 3791/4545 1529/1694 3374/3843
f 3374/3843 1529/1694 3376/3846
f 3374/3843 3373/3840 3372/3839
f 3373/3840 3371/3838 3372/3839
f 3370/3836 3371/3838 3365/3830
f 3370/3836 3365/3830 3363/3827
f 3363/3827 3365/3830 3364/3828
f 414/434 440/460 332/352
f 253/273 254/274 252/272
f 257/277 258/278 259/279
f 3041/3423 3039/3421 3042/3424
f 3042/3424 3039/3421 3048/3430
f 3048/3430 3038/3420 1537/1710
f 3791/4545 1537/1710 1529/1694
f 3376/3846 3373/3840 3374/3843
f 3334/3788 3337/3792 3386/3861
f 3386/3861 3337/3792 3388/3864
f 329/349 326/346 330/350
f 326/346 254/274 253/273
f 257/277 256/276 258/278
f 3048/3430 3039/3421 3038/3420
f 1529/1694 1528/1692 3376/3846
f 3376/3846 3380/3852 3373/3840
f 3373/3840 3379/3850 3371/3838
f 3371/3838 3379/3850 3673/4307
f 3371/3838 3673/4307 3365/3830
f 3365/3830 3673/4307 3369/3835
f 3365/3830 3369/3835 3366/3831
f 3365/3830 3366/3831 3364/3828
f 3364/3828 3366/3831 1534/1703
f 3364/3828 1534/1703 3367/3832
f 3367/3832 1534/1703 1533/1701
f 3367/3832 1533/1701 3797/4558
f 3797/4558 1533/1701 3389/3866
f 3335/3789 3389/3866 3713/4387
f 3335/3789 3713/4387 3336/3791
f 3335/3789 3336/3791 3334/3788
f 2439/2772 2876/3228 2440/2773
f 2566/2908 2568/2910 2453/2787
f 440/460 328/348 332/352
f 332/352 328/348 329/349
f 326/346 255/275 254/274
f 252/272 256/276 257/277
f 1537/1713 1536/1709 1529/1695
f 3673/4308 1525/1688 3368/3834
f 3368/3834 1525/1688 1530/1696
f 3368/3834 1530/1696 1534/1704
f 3376/3846 1528/1692 3380/3852
f 3706/4372 3755/4476 3389/3866
f 1533/1701 3706/4372 3389/3866
f 2439/2772 2864/3216 2876/3228
f 2876/3228 2874/3226 2875/3227
f 842/897 787/840 868/923
f 329/349 328/348 326/346
f 252/272 255/275 256/276
f 3838/4633 108/121 1538/1714
f 3838/4635 1538/1715 113/132
f 1538/1714 16/16 113/131
f 113/131 16/16 112/129
f 16/16 18/18 112/129
f 112/129 18/18 111/127
f 18/18 19/19 111/127
f 19/19 21/21 111/127
f 111/127 21/21 1524/1686
f 1524/1686 21/21 44/45
f 44/45 57/58 1526/1689
f 1524/1686 44/45 1526/1689
f 1526/1689 57/58 1531/1697
f 1531/1697 57/58 67/68
f 1531/1697 67/68 1532/1699
f 1532/1699 67/68 83/86
f 1532/1699 83/86 1535/1705
f 1537/1712 3836/4630 1536/1708
f 1535/1706 3755/4477 3706/4373
f 2297/2612 2431/2764 2269/2583
f 2566/2908 2558/2900 2568/2910
f 470/490 415/435 414/434
f 254/274 255/275 252/272
f 260/280 261/281 212/232
f 108/121 37/37 1538/1714
f 37/37 36/36 1538/1714
f 36/36 15/15 1538/1714
f 1538/1714 15/15 16/16
f 19/19 20/20 21/21
f 20/20 34/34 21/21
f 21/21 34/34 35/35
f 21/21 35/35 44/45
f 44/45 35/35 53/54
f 53/54 54/55 44/45
f 44/45 54/55 57/58
f 57/58 64/65 67/68
f 67/68 64/65 74/75
f 74/75 81/83 67/68
f 67/68 81/83 83/86
f 83/86 102/108 1535/1705
f 1537/1710 3058/3440 3835/4628
f 1537/1712 3835/4629 3836/4630
f 1535/1706 102/109 1615/1846
f 1535/1706 1615/1846 3755/4477
f 3334/3788 3336/3791 3337/3792
f 2566/2908 2562/2904 2558/2900
f 258/278 261/281 260/280
f 212/232 262/282 454/474
f 109/124 38/39 37/37
f 108/121 109/124 37/37
f 36/36 29/29 15/15
f 16/16 7/7 18/18
f 18/18 17/17 19/19
f 19/19 17/17 20/20
f 20/20 51/52 34/34
f 53/54 97/102 55/56
f 53/54 55/56 54/55
f 54/55 58/59 57/58
f 81/83 79/81 83/86
f 79/81 82/85 102/108
f 83/86 79/81 102/108
f 102/109 82/84 1614/1845
f 3835/4629 3837/4631 3836/4630
f 3755/4478 1621/1856 3389/3868
f 3389/3868 1621/1856 3167/3584
f 3389/3868 3167/3584 3713/4389
f 2558/2900 2559/2901 2560/2902
f 414/434 416/436 440/460
f 416/436 328/348 440/460
f 326/346 327/347 325/345
f 326/346 325/345 255/275
f 256/276 311/331 258/278
f 258/278 311/331 261/281
f 261/281 262/282 212/232
f 39/40 40/41 36/36
f 95/100 94/99 53/54
f 96/101 95/100 53/54
f 53/54 94/99 97/102
f 36/36 40/41 29/29
f 29/29 14/14 15/15
f 15/15 14/14 7/7
f 15/15 7/7 16/16
f 7/7 1/1 18/18
f 18/18 1/1 17/17
f 20/20 17/17 22/22
f 20/20 22/22 51/52
f 34/34 48/49 35/35
f 57/58 58/59 64/65
f 64/65 66/67 74/75
f 74/75 66/67 80/82
f 74/75 80/82 81/83
f 81/83 80/82 79/81
f 82/84 1612/1842 1614/1845
f 1614/1845 1612/1842 1613/1843
f 3044/3426 3040/3422 3041/3423
f 3041/3423 3040/3422 3039/3421
f 1615/1846 1613/1843 3755/4477
f 3755/4478 1613/1844 1621/1856
f 2297/2612 2296/2611 2431/2764
f 2562/2904 2561/2903 2558/2900
f 2873/3225 2872/3224 2874/3226
f 2558/2900 2561/2903 2559/2901
f 328/348 327/347 326/346
f 22/22 45/46 51/52
f 51/52 45/46 34/34
f 54/55 59/60 58/59
f 454/474 518/538 539/562
f 539/561 518/539 3044/3426
f 3040/3422 3037/3419 3039/3421
f 3038/3420 3058/3440 1537/1710
f 600/630 597/626 470/490
f 2580/2923 2559/2901 2561/2903
f 325/345 324/344 255/275
f 324/344 309/329 255/275
f 255/275 309/329 256/276
f 256/276 309/329 310/330
f 256/276 310/330 311/331
f 95/100 93/98 94/99
f 1612/1842 1611/1841 1613/1843
f 518/539 3046/3428 3044/3426
f 3044/3426 3046/3428 3040/3422
f 3039/3421 3037/3419 3038/3420
f 3336/3791 3338/3793 3337/3792
f 597/626 469/489 470/490
f 2296/2611 2448/2782 2431/2764
f 2562/2904 2563/2905 2561/2903
f 470/490 469/489 415/435
f 328/348 441/461 327/347
f 325/345 327/347 324/344
f 311/331 263/283 261/281
f 93/98 92/97 94/99
f 94/99 92/97 97/102
f 7/7 6/6 1/1
f 22/22 23/23 45/46
f 23/23 49/50 34/34
f 45/46 23/23 34/34
f 34/34 49/50 48/49
f 97/102 73/74 55/56
f 55/56 73/74 56/57
f 55/56 56/57 54/55
f 54/55 56/57 59/60
f 79/81 77/78 82/85
f 82/84 77/79 1612/1842
f 3167/3583 3750/4466 3713/4387
f 3713/4388 3750/4467 3336/3790
f 3388/3864 1042/1123 922/983
f 415/435 416/436 414/434
f 29/29 8/8 14/14
f 14/14 8/8 7/7
f 7/7 8/8 6/6
f 1/1 3/3 17/17
f 17/17 3/3 22/22
f 22/22 3/3 23/23
f 64/65 65/66 66/67
f 77/79 1609/1839 1612/1842
f 1612/1842 1609/1839 1611/1841
f 3037/3419 3036/3418 3038/3420
f 418/438 419/439 416/436
f 416/436 419/439 328/348
f 324/344 307/327 309/329
f 261/281 263/283 262/282
f 38/39 100/105 39/40
f 40/41 101/107 29/29
f 58/59 63/64 64/65
f 66/67 65/66 80/82
f 3835/4628 3060/3442 3837/4632
f 3038/3420 3036/3418 3058/3440
f 3167/3583 3166/3582 3750/4466
f 2562/2904 2564/2906 2563/2905
f 328/348 419/439 441/461
f 309/329 308/328 310/330
f 92/97 87/90 97/102
f 3/3 4/4 23/23
f 97/102 87/90 73/74
f 56/57 60/61 59/60
f 64/65 63/64 65/66
f 80/82 78/80 79/81
f 79/81 78/80 77/78
f 1609/1839 1610/1840 1611/1841
f 3036/3418 3033/3415 3058/3440
f 1611/1841 1610/1840 1619/1851
f 1611/1841 1619/1851 1621/1857
f 1621/1855 1619/1852 3167/3583
f 3167/3583 3165/3581 3166/3582
f 2296/2611 2299/2614 2448/2782
f 2873/3225 2869/3221 2872/3224
f 310/330 312/332 311/331
f 93/98 90/95 92/97
f 3058/3440 3059/3441 3835/4628
f 3835/4628 3059/3441 3060/3442
f 3337/3792 1042/1123 3388/3864
f 2299/2614 2449/2783 2448/2782
f 2869/3221 2870/3222 2872/3224
f 327/347 307/327 324/344
f 308/328 312/332 310/330
f 100/105 42/43 39/40
f 39/40 42/43 41/42
f 39/40 41/42 40/41
f 262/282 455/475 454/474
f 40/41 41/42 101/107
f 101/107 30/30 29/29
f 29/29 30/30 8/8
f 1/1 2/2 3/3
f 4/4 24/24 23/23
f 23/23 24/24 49/50
f 49/50 50/51 48/49
f 58/59 61/62 63/64
f 65/66 78/80 80/82
f 454/474 455/475 518/538
f 3075/3462 3035/3417 3037/3419
f 3033/3415 3059/3441 3058/3440
f 3750/4467 3532/4099 3336/3790
f 416/436 415/435 417/437
f 416/436 417/437 418/438
f 327/347 441/461 442/462
f 309/329 307/327 308/328
f 100/105 103/110 42/43
f 2/2 4/4 3/3
f 59/60 60/61 58/59
f 65/66 71/72 78/80
f 77/79 1616/1847 1609/1839
f 1609/1839 1616/1847 1610/1840
f 3040/3422 3075/3462 3037/3419
f 1619/1852 3165/3581 3167/3583
f 442/462 307/327 327/347
f 311/331 313/333 263/283
f 90/95 91/96 92/97
f 92/97 91/96 87/90
f 1/1 6/6 2/2
f 2/2 5/5 4/4
f 60/61 61/62 58/59
f 65/66 63/64 71/72
f 3336/3791 3532/4097 3338/3793
f 2564/2906 2565/2907 2563/2905
f 312/332 313/333 311/331
f 30/30 9/9 8/8
f 8/8 9/9 6/6
f 24/24 27/27 52/53
f 24/24 52/53 49/50
f 49/50 52/53 50/51
f 87/90 72/73 73/74
f 72/73 62/63 56/57
f 73/74 72/73 56/57
f 56/57 62/63 60/61
f 1616/1847 1617/1848 1610/1840
f 1610/1840 1617/1848 1619/1851
f 442/462 334/354 307/327
f 307/327 305/325 308/328
f 312/332 314/334 313/333
f 42/43 43/44 41/42
f 10/10 2/2 6/6
f 78/80 75/76 77/78
f 3037/3419 3035/3417 3036/3418
f 3033/3415 3081/3469 3059/3441
f 3165/3581 3164/3580 3166/3582
f 3166/3582 3164/3580 3750/4466
f 2299/2614 2298/2613 2449/2783
f 469/489 420/440 415/435
f 415/435 420/440 417/437
f 334/354 306/326 307/327
f 90/95 86/89 91/96
f 91/96 86/89 87/90
f 3062/3445 47/48 103/110
f 9/9 10/10 6/6
f 10/10 11/11 2/2
f 28/28 32/32 27/27
f 27/27 32/32 52/53
f 87/90 86/89 72/73
f 60/61 62/63 68/69
f 60/61 68/69 61/62
f 61/62 68/69 63/64
f 63/64 69/70 71/72
f 71/72 75/76 78/80
f 76/77 1622/1859 77/78
f 75/76 76/77 77/78
f 77/79 1622/1858 1616/1847
f 3059/3441 3081/3469 3061/3443
f 3059/3441 3061/3443 3060/3442
f 3035/3417 3033/3415 3036/3418
f 1619/1852 1620/1853 3165/3581
f 3165/3581 1620/1853 3164/3580
f 3164/3580 3163/3578 3750/4466
f 3750/4466 3163/3578 3532/4097
f 2564/2906 2567/2909 2565/2907
f 2869/3221 2851/3201 2831/3179
f 2869/3221 2831/3179 2870/3222
f 417/437 419/439 418/438
f 307/327 306/326 305/325
f 308/328 305/325 312/332
f 90/95 85/88 86/89
f 3062/3445 110/126 47/48
f 41/42 43/44 31/31
f 41/42 31/31 30/30
f 30/30 31/31 9/9
f 11/11 12/12 5/5
f 2/2 11/11 5/5
f 12/12 32/32 28/28
f 52/53 85/88 50/51
f 68/69 69/70 63/64
f 71/72 69/70 75/76
f 1622/1858 114/133 1616/1847
f 1616/1847 114/133 1617/1848
f 1617/1848 1620/1854 1619/1851
f 2286/2600 2855/3205 2449/2783
f 2298/2613 2286/2600 2449/2783
f 2564/2906 2569/2911 2567/2909
f 419/439 423/443 441/461
f 423/443 442/462 441/461
f 305/325 303/323 312/332
f 312/332 303/323 314/334
f 263/283 264/284 262/282
f 110/126 46/47 47/48
f 43/44 47/48 31/31
f 46/47 25/25 31/31
f 47/48 46/47 31/31
f 31/31 25/25 9/9
f 25/25 26/26 10/10
f 9/9 25/25 10/10
f 10/10 26/26 11/11
f 11/11 13/13 12/12
f 12/12 13/13 32/32
f 32/32 13/13 33/33
f 32/32 33/33 52/53
f 52/53 33/33 85/88
f 33/33 72/73 86/89
f 85/88 33/33 86/89
f 72/73 68/69 62/63
f 68/69 70/71 69/70
f 70/71 76/77 75/76
f 69/70 70/71 75/76
f 518/539 647/690 3046/3428
f 3046/3428 647/690 3040/3422
f 2861/3213 2429/2762 2851/3201
f 2569/2911 2571/2913 2567/2909
f 419/439 417/437 423/443
f 304/324 303/323 305/325
f 314/334 315/335 313/333
f 1652/1905 104/111 46/47
f 110/126 1652/1905 46/47
f 46/47 104/111 25/25
f 25/25 104/111 1650/1900
f 25/25 1650/1900 1651/1902
f 25/25 1651/1902 26/26
f 26/26 1651/1902 11/11
f 1651/1902 89/93 11/11
f 11/11 89/93 13/13
f 13/13 89/93 33/33
f 89/93 88/91 33/33
f 33/33 88/91 72/73
f 72/73 88/91 68/69
f 88/91 99/104 68/69
f 68/69 99/104 70/71
f 99/104 98/103 70/71
f 70/71 98/103 84/87
f 70/71 84/87 76/77
f 84/87 1623/1860 1622/1859
f 76/77 84/87 1622/1859
f 1622/1859 1623/1860 114/134
f 3081/3470 3834/4625 3064/3447
f 3081/3469 3064/3448 3061/3443
f 647/690 3076/3463 3040/3422
f 3040/3422 3076/3463 3075/3462
f 1618/1849 1620/1854 1617/1848
f 2424/2756 2854/3204 2061/2365
f 2429/2762 2664/3008 2851/3201
f 2569/2911 2423/2755 2572/2914
f 2569/2911 2572/2914 2571/2913
f 2851/3201 2809/3154 2831/3179
f 306/326 304/324 305/325
f 313/333 264/284 263/283
f 1652/1906 1650/1901 104/112
f 1641/1890 1645/1894 89/94
f 1651/1903 1641/1890 89/94
f 1645/1894 107/119 89/94
f 89/94 107/119 88/92
f 107/118 1649/1898 88/91
f 88/91 1649/1898 99/104
f 99/104 1649/1898 106/116
f 99/104 106/116 98/103
f 98/103 106/116 1637/1884
f 98/103 1637/1884 84/87
f 84/87 1637/1884 105/113
f 84/87 105/113 1623/1860
f 1650/1901 1646/1895 1642/1891
f 1646/1895 1643/1892 1642/1891
f 1650/1901 1642/1891 1651/1903
f 1642/1891 1643/1892 1639/1888
f 1642/1891 1641/1890 1651/1903
f 1642/1891 1639/1888 1641/1890
f 1639/1888 1640/1889 1641/1890
f 1623/1861 1618/1849 114/133
f 105/114 1638/1886 1618/1849
f 1623/1861 105/114 1618/1849
f 1638/1886 3162/3575 1618/1849
f 1618/1850 3162/3577 3161/3574
f 1618/1850 3161/3574 1620/1853
f 1620/1853 3161/3574 3164/3580
f 2423/2755 2573/2915 2572/2914
f 2804/3149 2750/3094 2762/3106
f 417/437 422/442 423/443
f 315/335 264/284 313/333
f 455/475 534/556 518/538
f 3834/4627 1659/1918 3064/3449
f 1652/1906 3064/3449 1657/1913
f 3064/3449 1659/1918 1657/1913
f 1652/1906 1657/1913 1646/1895
f 1652/1906 1646/1895 1650/1901
f 1641/1890 1640/1889 1644/1893
f 1641/1890 1644/1893 1645/1894
f 1644/1893 1647/1896 1645/1894
f 1645/1894 1647/1896 1648/1897
f 1645/1894 1648/1897 107/119
f 107/119 1648/1897 1649/1899
f 1649/1899 1654/1909 106/117
f 106/117 1654/1909 1655/1910
f 106/117 1655/1910 1637/1885
f 1637/1885 1655/1910 1638/1887
f 1637/1885 1638/1887 105/115
f 518/538 534/556 647/691
f 3033/3415 3834/4626 3081/3469
f 1657/1914 1659/1917 1658/1915
f 1657/1913 1658/1916 1646/1895
f 1646/1895 1658/1916 1643/1892
f 1643/1892 1658/1916 1639/1888
f 1639/1888 1658/1916 3525/4084
f 1658/1915 3072/3459 3525/4083
f 1639/1888 3525/4084 1640/1889
f 1640/1889 3525/4084 1644/1893
f 3072/3459 3504/4047 3525/4083
f 1644/1893 3525/4084 1656/1912
f 3525/4083 3504/4047 1656/1911
f 1644/1893 1656/1912 1647/1896
f 1647/1896 1656/1912 3145/3551
f 1647/1896 3145/3551 1648/1897
f 3145/3551 1653/1907 1648/1897
f 3145/3550 3144/3549 1653/1908
f 1648/1897 1653/1907 1649/1899
f 1653/1907 3422/3916 1649/1899
f 1649/1899 3422/3916 1654/1909
f 1654/1909 3422/3916 3159/3571
f 1654/1909 3159/3571 1655/1910
f 1655/1910 3159/3571 3160/3573
f 1655/1910 3160/3573 1638/1887
f 3160/3573 3162/3576 1638/1887
f 3162/3577 3160/3572 3161/3574
f 1042/1124 920/979 922/982
f 1810/2090 2581/2925 2573/2916
f 2423/2755 1810/2089 2573/2915
f 2750/3094 2751/3095 2762/3106
f 2763/3107 2809/3154 2754/3098
f 2754/3098 2809/3154 2664/3008
f 3033/3415 3034/3416 3834/4626
f 3834/4626 3034/3416 1659/1917
f 1659/1917 3034/3416 1658/1915
f 3034/3416 3072/3459 1658/1915
f 3504/4047 3145/3550 1656/1911
f 1653/1908 3144/3549 3422/3917
f 2359/2682 2751/3095 2360/2683
f 2603/2947 2602/2946 2665/3009
f 2603/2947 2655/2999 2601/2945
f 423/443 422/442 424/444
f 423/443 424/444 442/462
f 442/462 424/444 334/354
f 306/326 333/353 304/324
f 303/323 302/322 314/334
f 3035/3417 3031/3413 3033/3415
f 3031/3413 3032/3414 3033/3415
f 3033/3415 3032/3414 3034/3416
f 3161/3574 3163/3578 3164/3580
f 597/626 599/629 469/489
f 2585/2929 2658/3002 2590/2934
f 2658/3002 2582/2926 2590/2934
f 2417/2749 1660/1920 1811/2092
f 1661/1921 1660/1920 1809/2087
f 422/442 425/445 424/444
f 334/354 333/353 306/326
f 304/324 301/321 303/323
f 302/322 315/335 314/334
f 3075/3462 3626/4228 3035/3417
f 3072/3459 3066/3451 3504/4047
f 3144/3549 3156/3566 3422/3917
f 3156/3566 3157/3567 3159/3570
f 3422/3917 3156/3566 3159/3570
f 3160/3572 3159/3570 3157/3567
f 3160/3572 3157/3567 3161/3574
f 2360/2683 2759/3103 2358/2681
f 2585/2929 2588/2932 2587/2931
f 2417/2749 2859/3210 1660/1920
f 333/353 301/321 304/324
f 3504/4047 3066/3451 3145/3550
f 3145/3550 3066/3451 3144/3549
f 3532/4100 3163/3579 3753/4473
f 3338/3793 3751/4468 3337/3792
f 3337/3792 3751/4468 1042/1123
f 1042/1123 3751/4468 3441/3951
f 599/629 468/488 469/489
f 2588/2932 2654/2998 2587/2931
f 2417/2749 2389/2715 2859/3210
f 469/489 468/488 420/440
f 2808/3153 2858/3208 2826/3174
f 420/440 421/441 417/437
f 424/444 443/463 334/354
f 443/463 335/355 334/354
f 334/354 335/355 333/353
f 301/321 302/322 303/323
f 3338/3793 3532/4097 3751/4468
f 2807/3152 2859/3209 2389/2714
f 2436/2769 2807/3152 2389/2714
f 2436/2769 2894/3248 2807/3152
f 2695/3039 2800/3145 2845/3195
f 2812/3157 2657/3001 2656/3000
f 647/690 3077/3464 3076/3463
f 3076/3463 3077/3464 3738/4441
f 3076/3463 3738/4441 3075/3462
f 3035/3417 3626/4228 3031/3413
f 3034/3416 3032/3414 3072/3459
f 3157/3567 3163/3578 3161/3574
f 2636/2980 2612/2956 2634/2978
f 2436/2769 2435/2768 2894/3248
f 2799/3144 2845/3195 2800/3145
f 2878/3230 2814/3159 2812/3157
f 301/321 300/320 302/322
f 3032/3414 3066/3451 3072/3459
f 3157/3567 3521/4075 3163/3578
f 3532/4098 3520/4074 3751/4469
f 2723/3067 2721/3065 2715/3059
f 2721/3065 2720/3064 2715/3059
f 2715/3059 2720/3064 2702/3046
f 2746/3090 2797/3142 2731/3075
f 2731/3075 2700/3044 2746/3090
f 2636/2980 2879/3231 2878/3230
f 2635/2979 2613/2957 2615/2959
f 2615/2959 2613/2957 2616/2960
f 2648/2992 2618/2962 2659/3003
f 2435/2768 2893/3247 2894/3248
f 2878/3230 2866/3218 2814/3159
f 784/837 782/835 870/925
f 302/322 316/336 315/335
f 315/335 316/336 264/284
f 3066/3451 3067/3452 3074/3461
f 3066/3451 3074/3461 3144/3549
f 3144/3549 3074/3461 3156/3566
f 3532/4097 3753/4472 3520/4073
f 3441/3952 2986/3360 1042/1125
f 1042/1124 2986/3359 920/979
f 2718/3062 2757/3101 2723/3067
f 2648/2992 2646/2990 2617/2961
f 2648/2992 2617/2961 2618/2962
f 2892/3246 2881/3233 2893/3247
f 2435/2768 2892/3246 2893/3247
f 417/437 421/441 422/442
f 3521/4075 3754/4475 3163/3578
f 3754/4474 3522/4077 3163/3579
f 3163/3579 3522/4077 3753/4473
f 2722/3066 2755/3099 2718/3062
f 425/445 426/446 424/444
f 426/446 443/463 424/444
f 443/463 426/446 335/355
f 455/475 522/543 534/556
f 534/556 522/543 647/691
f 3075/3462 3738/4441 3626/4228
f 3032/3414 3065/3450 3066/3451
f 2636/2980 2639/2983 2879/3231
f 2892/3246 2883/3235 2881/3233
f 2866/3218 2815/3160 2814/3159
f 333/353 298/318 301/321
f 301/321 298/318 300/320
f 316/336 265/285 264/284
f 3031/3413 3030/3412 3032/3414
f 3066/3451 3065/3450 3067/3452
f 2729/3073 2728/3072 2734/3078
f 421/441 427/447 422/442
f 427/447 425/445 422/442
f 335/355 298/318 333/353
f 264/284 265/285 262/282
f 522/543 646/689 647/691
f 647/690 646/688 3077/3464
f 3030/3412 3065/3450 3032/3414
f 3074/3461 3146/3552 3156/3566
f 3156/3566 3147/3553 3157/3567
f 3157/3567 3158/3569 3521/4075
f 2728/3072 2735/3079 2734/3078
f 2866/3218 2829/3177 2815/3160
f 298/318 299/319 300/320
f 302/322 317/337 316/336
f 3074/3461 3067/3452 3069/3454
f 2639/2983 2832/3180 2879/3231
f 2883/3235 2882/3234 2881/3233
f 2881/3233 2882/3234 2838/3188
f 2881/3233 2838/3188 2837/3187
f 427/447 428/448 425/445
f 425/445 428/448 426/446
f 426/446 428/448 297/317
f 426/446 297/317 335/355
f 297/317 298/318 335/355
f 298/318 296/316 299/319
f 300/320 299/319 302/322
f 3146/3552 3147/3553 3156/3566
f 3147/3553 3158/3569 3157/3567
f 3522/4078 3520/4073 3753/4472
f 599/629 590/619 468/488
f 2883/3235 2884/3236 2882/3234
f 299/319 321/341 302/322
f 3069/3454 3146/3552 3074/3461
f 2645/2989 2647/2991 2623/2967
f 468/488 432/452 420/440
f 420/440 432/452 421/441
f 298/318 297/317 296/316
f 302/322 321/341 317/337
f 265/285 266/286 262/282
f 262/282 266/286 455/475
f 3626/4227 3738/4440 3028/3410
f 3626/4228 3028/3409 3031/3413
f 3031/3413 3028/3409 3030/3412
f 3030/3412 3155/3565 3065/3450
f 590/619 467/487 468/488
f 2727/3071 2717/3061 2737/3081
f 2727/3071 2737/3081 2735/3079
f 468/488 467/487 432/452
f 2841/3191 2838/3188 2882/3234
f 3077/3464 3078/3466 3738/4441
f 3521/4075 2963/3331 3754/4475
f 2639/2983 2640/2984 2832/3180
f 2884/3236 2885/3237 2882/3234
f 428/448 336/356 297/317
f 316/336 318/338 265/285
f 3065/3450 3068/3453 3067/3452
f 3521/4076 3158/3568 2961/3329
f 432/452 431/451 421/441
f 3738/4440 3078/3465 3028/3410
f 3030/3412 3028/3409 3029/3411
f 3030/3412 3029/3411 3155/3565
f 3065/3450 3155/3565 3068/3453
f 3067/3452 3068/3453 3069/3454
f 3069/3454 3147/3553 3146/3552
f 2640/2984 2828/3176 2832/3180
f 2828/3176 2818/3163 2815/3160
f 2829/3177 2828/3176 2815/3160
f 421/441 429/449 427/447
f 427/447 430/450 428/448
f 428/448 430/450 444/464
f 428/448 444/464 336/356
f 336/356 295/315 297/317
f 297/317 295/315 296/316
f 316/336 317/337 318/338
f 3069/3454 3546/4122 3147/3553
f 3147/3553 3546/4122 3158/3569
f 3158/3568 3523/4080 2961/3329
f 3521/4075 2961/3328 2963/3331
f 3751/4469 2986/3360 3441/3952
f 2884/3236 2886/3239 2885/3237
f 2885/3238 2886/3240 2895/3250
f 427/447 429/449 430/450
f 296/316 294/314 299/319
f 299/319 294/314 321/341
f 3029/3411 3517/4069 3155/3565
f 3517/4069 3714/4390 3155/3565
f 3155/3565 3714/4390 3068/3453
f 3068/3453 3714/4390 3069/3454
f 3069/3454 3714/4390 3715/4392
f 3715/4392 3546/4122 3069/3454
f 3546/4123 3523/4080 3158/3568
f 2961/3328 2962/3330 2963/3331
f 3754/4475 2963/3331 3522/4078
f 3751/4469 3752/4471 2986/3360
f 2717/3061 2719/3063 2738/3082
f 2884/3236 2887/3241 2886/3239
f 2828/3176 2827/3175 2818/3163
f 2843/3193 2895/3249 2886/3239
f 431/451 429/449 421/441
f 295/315 294/314 296/316
f 317/337 321/341 318/338
f 455/475 266/286 522/543
f 3029/3411 3172/3590 3517/4069
f 3715/4392 2923/3282 3546/4122
f 3546/4122 2923/3282 2907/3264
f 3546/4122 2907/3264 3523/4079
f 2907/3264 2909/3266 2961/3328
f 3523/4079 2907/3264 2961/3328
f 3520/4074 2993/3373 3751/4469
f 2640/2984 2641/2985 2828/3176
f 2884/3236 2888/3242 2887/3241
f 3028/3409 3027/3408 3029/3411
f 3029/3411 3169/3586 3172/3590
f 2961/3328 2909/3266 2962/3330
f 2986/3359 874/929 920/979
f 2719/3063 2744/3088 2738/3082
f 2641/2985 2827/3175 2828/3176
f 2888/3242 2889/3243 2887/3241
f 2889/3243 2848/3198 2844/3194
f 430/450 439/459 444/464
f 321/341 320/340 318/338
f 3552/4132 3556/4136 3555/4135
f 3552/4132 3555/4135 3553/4133
f 3552/4132 3553/4133 3551/4131
f 3551/4131 3553/4133 3554/4134
f 3551/4131 3554/4134 3693/4348
f 3554/4134 3585/4171 3693/4348
f 3585/4172 3674/4311 3716/4394
f 3693/4347 3585/4172 3716/4394
f 3716/4395 3674/4309 2903/3259
f 3716/4395 2903/3259 2897/3253
f 2903/3259 2902/3258 2897/3253
f 2897/3253 2902/3258 2899/3255
f 2902/3258 2924/3284 2899/3255
f 2899/3255 2924/3284 2904/3260
f 2904/3260 2924/3284 3675/4313
f 2904/3260 3675/4313 2906/3262
f 2904/3260 2906/3262 2905/3261
f 2905/3261 2906/3262 1576/1782
f 3447/3960 3556/4137 3691/4343
f 1576/1783 1572/1776 1579/1788
f 3028/3409 3025/3406 3027/3408
f 3029/3411 3027/3408 3169/3586
f 1579/1788 1572/1776 2909/3267
f 2909/3266 1572/1775 2962/3330
f 2993/3373 3752/4471 3751/4469
f 2719/3063 2732/3076 2744/3088
f 2827/3175 2650/2994 2820/3165
f 2827/3175 2820/3165 2818/3163
f 2889/3243 2891/3245 2848/3198
f 429/449 439/459 430/450
f 336/356 291/311 295/315
f 295/315 291/311 294/314
f 3725/4413 3558/4139 3556/4136
f 3556/4136 3558/4139 3557/4138
f 3556/4136 3557/4138 3555/4135
f 3557/4138 3639/4251 3555/4135
f 3555/4135 3639/4251 3553/4133
f 3553/4133 3639/4251 3559/4140
f 3553/4133 3559/4140 3554/4134
f 3554/4134 3559/4140 3560/4141
f 3554/4134 3560/4141 3585/4171
f 3560/4141 3564/4146 3585/4171
f 3585/4171 3564/4146 3674/4309
f 3674/4310 3564/4145 3717/4396
f 3674/4309 3717/4397 2903/3259
f 3717/4397 2908/3265 2903/3259
f 2903/3259 2908/3265 2902/3258
f 2902/3258 2908/3265 3645/4259
f 2902/3258 3645/4259 2924/3284
f 2924/3283 3645/4260 3721/4405
f 2924/3283 3721/4405 3675/4312
f 3721/4404 3719/4400 3675/4313
f 3675/4314 3719/4401 2906/3263
f 2906/3263 3719/4401 3720/4403
f 3720/4402 3696/4355 1576/1782
f 2906/3262 3720/4402 1576/1782
f 3169/3586 3170/3588 3447/3959
f 3696/4354 1567/1768 1572/1776
f 1576/1783 3696/4354 1572/1776
f 3522/4078 3519/4072 3520/4073
f 2732/3076 2758/3102 2744/3088
f 2708/3052 2810/3155 2726/3070
f 2650/2994 2827/3175 2641/2985
f 2888/3242 2890/3244 2889/3243
f 770/823 729/782 782/835
f 431/451 434/454 429/449
f 439/459 338/358 444/464
f 444/464 338/358 336/356
f 294/314 293/313 321/341
f 321/341 293/313 320/340
f 3587/4175 3723/4408 3558/4139
f 3725/4413 3587/4175 3558/4139
f 3558/4139 3723/4408 3557/4138
f 3564/4145 3718/4398 3717/4396
f 3717/4397 2910/3268 2908/3265
f 2908/3265 2910/3268 2911/3269
f 2908/3265 2911/3269 3645/4259
f 3721/4404 2917/3275 3719/4400
f 2917/3275 2955/3319 3719/4400
f 3719/4400 2955/3319 3681/4321
f 3719/4400 3681/4321 3720/4402
f 3720/4402 3681/4321 3704/4368
f 3720/4402 3704/4368 3696/4355
f 3696/4354 3704/4369 1567/1768
f 3169/3586 3027/3408 3170/3588
f 1567/1768 1571/1774 1572/1776
f 1572/1775 1575/1780 2962/3330
f 2732/3076 2733/3077 2758/3102
f 2651/2995 2802/3147 2650/2994
f 2650/2994 2822/3167 2820/3165
f 265/285 267/287 266/286
f 3657/4279 2953/3317 3717/4397
f 2917/3275 2919/3277 2920/3278
f 3723/4408 3722/4406 3557/4138
f 3639/4251 3561/4142 3559/4140
f 3559/4140 3561/4142 3560/4141
f 3561/4142 3562/4143 3560/4141
f 3560/4141 3562/4143 3564/4146
f 3564/4146 3562/4143 3718/4399
f 3717/4397 2953/3317 2910/3268
f 2911/3269 2914/3272 3645/4259
f 3645/4259 2914/3272 3721/4404
f 3721/4404 2914/3272 2916/3274
f 3721/4404 2916/3274 2917/3275
f 3681/4321 1580/1790 3704/4368
f 3704/4369 1580/1791 1566/1767
f 3704/4369 1566/1767 1567/1768
f 1567/1768 1566/1767 1565/1766
f 3078/3465 3174/3593 3028/3410
f 1571/1773 1575/1780 1572/1775
f 2963/3331 3519/4072 3522/4078
f 2801/3146 2823/3168 2822/3167
f 2802/3147 2801/3146 2822/3167
f 2890/3244 2846/3196 2848/3198
f 2891/3245 2890/3244 2848/3198
f 434/454 439/459 429/449
f 336/356 338/358 337/357
f 337/357 291/311 336/356
f 291/311 293/313 294/314
f 320/340 319/339 318/338
f 267/287 268/288 266/286
f 3587/4174 3724/4411 3723/4409
f 3722/4406 3679/4318 3557/4138
f 3557/4138 3679/4318 3639/4251
f 3639/4251 3584/4170 3561/4142
f 3079/3467 3174/3594 3078/3466
f 2962/3330 2964/3332 2963/3331
f 2888/3242 2444/2778 2890/3244
f 2801/3146 2806/3151 2823/3168
f 318/338 319/339 265/285
f 265/285 319/339 267/287
f 3724/4410 3679/4318 3722/4406
f 3705/4370 2918/3276 2953/3317
f 3657/4279 3705/4370 2953/3317
f 2953/3317 2918/3276 2910/3268
f 2916/3274 3659/4283 3734/4432
f 2916/3274 3734/4432 2919/3277
f 2919/3277 3734/4432 2921/3279
f 2919/3277 2921/3279 2920/3278
f 3639/4251 3679/4318 3584/4170
f 3561/4142 3563/4144 3562/4143
f 3562/4143 3563/4144 3566/4148
f 3562/4143 3566/4148 3718/4399
f 3718/4399 3566/4148 3636/4244
f 2910/3268 2912/3270 2911/3269
f 2955/3319 3644/4257 3681/4321
f 3681/4321 3644/4257 1580/1790
f 1580/1791 1563/1764 1566/1767
f 3027/3408 3173/3591 3170/3588
f 1566/1767 1563/1764 1565/1766
f 2375/2699 2795/3140 2374/2698
f 2374/2698 2795/3140 2868/3220
f 2795/3140 2783/3127 2868/3220
f 2783/3127 2785/3129 2867/3219
f 2868/3220 2783/3127 2867/3219
f 2865/3217 2409/2740 2806/3151
f 2806/3151 2777/3121 2865/3217
f 2865/3217 2777/3121 2773/3117
f 2865/3217 2773/3117 2387/2712
f 2773/3117 2771/3115 2387/2712
f 2387/2712 2771/3115 2445/2779
f 2835/3183 2825/3172 2823/3169
f 2835/3184 2823/3168 2806/3151
f 439/459 445/465 338/358
f 291/311 292/312 293/313
f 3724/4410 3569/4151 3679/4318
f 3569/4151 3567/4149 3584/4170
f 3679/4318 3569/4151 3584/4170
f 3584/4170 3567/4149 3561/4142
f 3567/4149 3565/4147 3561/4142
f 3561/4142 3565/4147 3563/4144
f 3705/4370 2931/3293 2918/3276
f 3566/4148 3707/4375 3636/4244
f 2918/3276 2912/3270 2910/3268
f 2918/3276 2931/3293 2912/3270
f 2912/3270 2913/3271 2911/3269
f 2911/3269 2913/3271 2914/3272
f 2914/3272 2913/3271 2915/3273
f 2914/3272 2915/3273 2916/3274
f 2916/3274 2915/3273 3659/4283
f 2920/3278 2921/3279 2922/3281
f 2920/3278 2922/3281 2955/3319
f 2955/3319 2922/3281 3644/4257
f 3026/3407 3168/3585 3027/3408
f 3027/3408 3168/3585 3173/3591
f 1563/1764 1564/1765 1565/1766
f 646/688 3080/3468 3077/3464
f 3077/3464 3080/3468 3079/3467
f 3077/3464 3079/3467 3078/3466
f 3028/3409 3174/3594 3025/3406
f 1565/1766 1564/1765 1575/1781
f 2986/3359 2984/3356 874/929
f 2400/2731 2835/3184 2409/2740
f 2409/2740 2835/3184 2806/3151
f 2445/2779 2768/3112 2443/2777
f 432/452 433/453 431/451
f 431/451 433/453 434/454
f 337/357 290/310 291/311
f 291/311 289/309 292/312
f 3579/4163 3570/4153 3569/4151
f 3724/4411 3579/4164 3569/4152
f 3569/4151 3570/4153 3568/4150
f 3569/4151 3568/4150 3567/4149
f 3567/4149 3568/4150 3565/4147
f 3563/4144 3565/4147 3566/4148
f 3566/4148 3565/4147 3658/4281
f 3566/4148 3658/4281 3707/4375
f 2943/3305 2959/3325 3707/4375
f 3707/4375 2959/3325 3685/4328
f 3707/4375 3685/4328 3705/4370
f 3705/4370 3685/4328 2931/3293
f 3685/4328 2929/3291 2931/3293
f 2931/3293 2929/3291 2913/3271
f 2915/3273 2927/3288 3659/4283
f 3659/4284 2927/3289 3734/4433
f 268/288 461/481 266/286
f 3644/4257 3612/4206 1580/1790
f 1580/1791 3612/4207 1563/1764
f 266/286 461/481 522/543
f 522/543 645/686 646/689
f 646/688 645/687 3080/3468
f 1564/1765 1574/1779 1575/1781
f 2963/3331 2964/3332 3519/4072
f 434/454 446/466 439/459
f 439/459 446/466 445/465
f 291/311 290/310 289/309
f 292/312 320/340 293/313
f 3579/4163 3572/4155 3570/4153
f 3572/4155 3571/4154 3570/4153
f 3570/4153 3571/4154 3568/4150
f 3568/4150 3571/4154 3582/4168
f 3568/4150 3582/4168 3565/4147
f 3565/4147 3582/4168 3702/4363
f 3565/4147 3702/4363 3658/4281
f 3707/4375 3658/4281 2943/3305
f 2929/3291 2926/3286 2913/3271
f 2913/3271 2926/3286 2925/3285
f 2925/3285 2926/3286 2928/3290
f 2925/3285 2928/3290 2927/3288
f 2927/3288 2928/3290 3653/4274
f 2927/3288 3653/4274 3683/4324
f 2927/3289 3683/4325 3734/4433
f 3683/4324 2922/3281 2921/3279
f 3734/4432 3683/4324 2921/3279
f 2959/3325 2942/3304 2934/3296
f 2959/3325 2934/3296 3685/4328
f 2959/3325 2943/3305 2942/3304
f 3685/4328 2946/3310 2929/3291
f 3685/4328 2932/3294 2946/3310
f 461/481 530/552 522/543
f 522/543 530/552 645/686
f 3025/3406 3026/3407 3027/3408
f 1575/1780 1574/1778 2962/3330
f 3519/4072 2993/3372 3520/4073
f 590/619 587/613 467/487
f 3579/4163 3817/4594 3573/4156
f 3579/4163 3573/4156 3572/4155
f 3572/4155 3573/4156 3571/4154
f 3573/4156 3574/4157 3571/4154
f 3571/4154 3574/4157 3582/4168
f 3574/4157 3577/4160 3582/4168
f 3577/4160 3666/4294 3702/4363
f 3582/4168 3577/4160 3702/4363
f 3702/4363 3666/4294 2945/3308
f 3702/4364 2945/3309 3658/4282
f 2945/3308 2941/3303 2943/3305
f 3658/4281 2945/3308 2943/3305
f 2932/3294 2933/3295 2930/3292
f 2932/3294 2930/3292 2929/3291
f 2930/3292 2960/3326 2926/3286
f 2929/3291 2930/3292 2926/3286
f 2926/3287 2960/3327 3831/4620
f 2926/3286 3831/4619 3595/4187
f 2926/3286 3595/4187 2928/3290
f 2928/3290 3595/4187 3683/4324
f 2928/3290 3683/4324 3653/4274
f 3606/4199 3607/4201 2922/3280
f 3683/4326 3606/4199 2922/3280
f 2943/3305 2941/3303 2942/3304
f 2941/3303 2935/3297 2934/3296
f 2942/3304 2941/3303 2934/3296
f 3607/4201 3816/4593 2922/3280
f 2922/3280 3816/4593 3644/4258
f 2962/3330 1574/1778 2964/3332
f 3752/4470 3514/4062 2986/3358
f 445/465 337/357 338/358
f 289/309 322/342 292/312
f 292/312 322/342 320/340
f 3817/4594 3581/4167 3573/4156
f 3581/4167 3575/4158 3573/4156
f 3573/4156 3575/4158 3574/4157
f 3574/4157 3575/4158 3576/4159
f 3574/4157 3576/4159 3577/4160
f 3576/4159 3578/4161 3577/4160
f 3577/4160 3578/4161 3666/4294
f 3666/4294 2944/3307 2945/3308
f 2933/3295 2940/3302 2930/3292
f 2940/3302 3711/4382 2960/3326
f 2930/3292 2940/3302 2960/3326
f 3711/4382 3596/4188 3831/4619
f 2960/3327 3711/4383 3831/4620
f 3831/4619 3596/4188 3595/4187
f 3595/4187 3596/4188 3597/4189
f 3595/4187 3597/4189 3683/4324
f 3683/4324 3597/4189 3603/4195
f 3683/4324 3603/4195 3606/4198
f 3606/4198 3603/4195 3605/4197
f 3606/4198 3605/4197 3607/4200
f 3607/4200 3605/4197 3816/4592
f 2945/3308 2944/3307 2941/3303
f 2941/3303 2944/3307 2935/3297
f 3816/4592 3609/4203 3644/4257
f 3644/4257 3609/4203 3612/4206
f 2993/3372 3514/4062 3752/4470
f 446/466 436/456 445/465
f 337/357 339/359 290/310
f 3818/4597 3630/4236 3581/4166
f 3817/4595 3818/4597 3581/4166
f 3581/4167 3586/4173 3575/4158
f 2933/3295 2937/3299 2940/3302
f 3603/4195 3604/4196 3605/4197
f 3575/4158 3586/4173 3580/4165
f 3575/4158 3580/4165 3576/4159
f 3580/4165 3578/4161 3576/4159
f 3580/4165 3583/4169 3578/4161
f 3578/4161 3583/4169 3692/4344
f 3578/4162 2944/3306 3666/4295
f 3578/4162 3692/4345 2944/3306
f 2944/3307 3692/4344 2958/3324
f 2944/3307 2958/3324 2935/3297
f 2935/3297 2958/3324 2936/3298
f 2940/3302 2937/3299 3676/4315
f 2940/3302 3676/4315 3711/4382
f 3711/4382 3676/4315 3596/4188
f 3676/4315 3599/4191 3596/4188
f 3596/4188 3599/4191 3598/4190
f 3596/4188 3598/4190 3597/4189
f 3598/4190 3600/4192 3597/4189
f 3597/4189 3601/4193 3603/4195
f 3597/4189 3600/4192 3601/4193
f 3816/4592 3605/4197 3608/4202
f 3816/4592 3608/4202 3609/4203
f 3079/3467 3638/4249 3174/3594
f 1564/1765 3518/4071 1574/1779
f 467/487 438/458 432/452
f 729/782 730/783 731/784
f 432/452 438/458 433/453
f 445/465 339/359 337/357
f 2938/3300 2947/3311 2937/3299
f 3630/4236 3654/4276 3581/4166
f 3581/4167 3654/4275 3586/4173
f 3654/4275 3668/4297 3586/4173
f 3586/4173 3668/4297 3580/4165
f 3692/4344 3827/4611 2958/3324
f 2958/3324 3827/4611 2939/3301
f 2958/3324 2939/3301 2936/3298
f 2947/3311 2954/3318 3676/4315
f 2937/3299 2947/3311 3676/4315
f 3676/4315 2954/3318 3709/4379
f 3676/4315 3709/4379 3599/4191
f 3599/4191 3709/4379 3598/4190
f 3598/4190 3602/4194 3600/4192
f 3602/4194 3601/4193 3600/4192
f 3604/4196 3624/4223 3605/4197
f 3026/3407 3697/4356 3168/3585
f 3697/4357 3632/4238 3173/3592
f 3168/3585 3697/4356 3173/3591
f 1563/1764 1568/1769 1564/1765
f 1564/1765 1568/1769 3518/4071
f 1574/1778 2965/3333 2964/3332
f 2964/3332 2965/3333 3519/4072
f 587/613 466/486 467/487
f 467/487 466/486 438/458
f 322/342 289/309 288/308
f 322/342 281/301 320/340
f 320/340 281/301 319/339
f 3817/4594 3629/4234 3818/4596
f 3654/4275 3633/4240 3668/4297
f 3668/4297 3588/4176 3580/4165
f 3580/4165 3588/4176 3583/4169
f 3514/4062 2985/3357 2986/3358
f 2986/3358 2985/3357 2984/3355
f 434/454 436/456 446/466
f 436/456 339/359 445/465
f 290/310 287/307 289/309
f 3818/4596 3629/4234 3630/4235
f 2938/3300 2949/3313 2948/3312
f 2938/3300 2948/3312 2947/3311
f 3604/4196 3699/4360 3624/4223
f 3583/4169 3819/4598 3692/4344
f 3827/4611 2956/3320 2939/3301
f 2947/3311 2948/3312 2954/3318
f 3598/4190 3709/4379 3602/4194
f 3624/4223 3617/4214 3608/4202
f 3608/4202 3610/4204 3609/4203
f 3610/4204 1578/1786 3612/4206
f 3609/4203 3610/4204 3612/4206
f 1578/1787 1569/1770 1563/1764
f 3612/4207 1578/1787 1563/1764
f 1563/1764 1569/1770 1568/1769
f 3080/3468 3736/4437 3079/3467
f 1574/1778 2966/3334 2965/3333
f 2965/3333 2967/3335 3519/4072
f 287/307 288/308 289/309
f 3633/4240 3591/4180 3668/4297
f 3588/4176 3819/4598 3583/4169
f 3692/4346 3819/4599 3827/4612
f 3827/4612 3824/4606 2956/3321
f 2948/3312 2951/3315 2954/3318
f 3709/4379 3829/4615 3635/4243
f 3709/4379 3635/4243 3602/4194
f 3602/4194 3635/4243 3601/4193
f 3174/3594 3022/3403 3025/3406
f 1574/1778 3518/4070 2966/3334
f 3519/4072 2967/3335 2993/3372
f 2993/3372 2973/3342 3514/4062
f 322/342 323/343 281/301
f 3629/4234 3733/4430 3628/4233
f 3629/4234 3628/4233 3630/4235
f 3699/4360 3618/4215 3624/4223
f 3624/4223 3618/4215 3617/4214
f 3630/4235 3628/4233 3633/4240
f 3630/4235 3633/4240 3654/4275
f 3668/4297 3591/4180 3588/4176
f 3588/4176 3590/4179 3589/4177
f 3588/4176 3589/4177 3819/4598
f 3819/4599 3824/4606 3827/4612
f 2951/3315 2952/3316 2954/3318
f 2954/3318 2952/3316 3709/4379
f 3635/4243 3699/4360 3601/4193
f 3617/4214 3611/4205 3608/4202
f 3608/4202 3611/4205 3610/4204
f 1578/1787 3615/4211 1569/1770
f 3736/4437 3638/4249 3079/3467
f 3025/3406 3024/3405 3026/3407
f 2965/3333 2966/3334 2967/3335
f 434/454 433/453 435/455
f 434/454 435/455 436/456
f 436/456 447/467 339/359
f 319/339 269/289 267/287
f 267/287 269/289 268/288
f 3826/4609 2950/3314 2948/3312
f 2949/3313 3826/4609 2948/3312
f 2948/3312 2950/3314 2951/3315
f 3699/4360 3621/4219 3618/4215
f 3588/4176 3591/4180 3590/4179
f 3824/4606 3823/4605 2956/3321
f 3709/4379 2952/3316 3829/4615
f 3611/4205 3613/4208 3610/4204
f 3638/4249 3022/3403 3174/3594
f 2993/3372 2967/3335 2973/3342
f 290/310 339/359 287/307
f 288/308 323/343 322/342
f 2950/3314 2952/3316 2951/3315
f 3730/4425 3731/4427 3631/4237
f 3590/4179 3592/4181 3589/4177
f 3589/4177 3820/4600 3819/4598
f 3819/4599 3820/4601 3821/4602
f 3819/4599 3821/4602 3824/4606
f 3824/4606 3821/4602 3823/4605
f 3829/4615 3828/4613 3635/4243
f 3635/4243 3828/4613 3622/4220
f 3635/4243 3622/4220 3699/4360
f 3614/4209 3616/4212 3615/4210
f 1578/1786 3614/4209 3615/4210
f 3615/4211 3616/4213 1573/1777
f 3615/4211 1573/1777 1569/1770
f 1569/1770 1573/1777 1570/1771
f 1569/1770 1570/1771 1568/1769
f 1568/1769 1570/1771 3518/4071
f 438/458 437/457 433/453
f 449/469 447/467 436/456
f 447/467 341/361 339/359
f 3590/4179 3591/4180 3592/4181
f 3823/4605 3822/4603 3826/4610
f 3826/4609 3822/4604 2957/3322
f 3826/4609 2957/3322 2950/3314
f 2950/3314 2957/3322 2952/3316
f 2952/3316 2957/3322 3829/4615
f 3829/4616 2957/3323 3828/4614
f 3730/4424 1560/1758 3731/4426
f 3617/4214 3618/4215 3611/4205
f 3024/3405 3728/4420 3697/4356
f 3697/4357 3728/4419 3632/4238
f 587/613 586/612 466/486
f 281/301 269/289 319/339
f 3628/4233 3733/4430 3591/4180
f 3591/4180 3733/4430 3627/4231
f 3591/4180 3627/4231 3592/4181
f 1558/1754 1559/1756 2957/3323
f 2957/3323 1559/1756 3828/4614
f 3622/4220 3623/4222 3620/4218
f 3622/4220 3620/4218 3621/4219
f 3620/4218 1540/1719 3618/4215
f 3621/4219 3620/4218 3618/4215
f 1540/1719 3619/4216 3618/4215
f 268/288 270/290 461/481
f 3592/4181 3627/4231 3589/4177
f 3820/4601 3822/4603 3821/4602
f 3821/4602 3822/4603 3823/4605
f 3618/4215 3619/4216 3611/4205
f 3611/4205 3619/4216 1577/1785
f 3611/4205 1577/1785 3613/4208
f 3614/4209 3613/4208 3616/4212
f 3613/4208 1577/1785 3616/4212
f 1577/1784 1547/1733 1573/1777
f 3616/4213 1577/1784 1573/1777
f 3728/4419 3729/4421 3632/4238
f 1573/1777 1547/1733 1570/1771
f 1570/1771 3528/4091 3518/4071
f 3518/4070 3528/4089 2969/3337
f 3518/4070 2969/3337 2966/3334
f 435/455 449/469 436/456
f 341/361 340/360 339/359
f 340/360 287/307 339/359
f 288/308 284/304 323/343
f 269/289 270/290 268/288
f 3733/4431 3732/4428 1552/1740
f 3733/4431 1552/1740 3627/4229
f 1555/1746 1557/1752 3822/4603
f 3822/4604 1557/1751 2957/3322
f 2957/3323 1557/1750 1558/1754
f 1540/1719 1542/1722 3619/4216
f 3619/4216 1542/1722 1545/1730
f 1560/1758 3732/4428 3731/4426
f 1577/1784 1545/1728 1547/1733
f 461/481 529/550 530/552
f 530/552 529/550 645/686
f 3025/3406 3022/3403 3024/3405
f 466/486 437/457 438/458
f 287/307 284/304 288/308
f 270/290 462/482 461/481
f 1552/1741 1550/1737 3627/4230
f 1550/1737 1551/1739 3627/4230
f 3627/4230 1551/1739 3825/4607
f 1558/1753 1543/1723 1559/1755
f 1559/1755 1543/1723 3623/4221
f 461/481 462/482 529/550
f 3024/3405 3020/3400 3728/4420
f 3728/4420 3020/3400 1561/1760
f 3728/4420 1561/1760 3729/4422
f 1560/1759 3729/4423 1553/1742
f 1560/1759 1553/1742 3732/4429
f 3729/4423 1561/1761 1553/1742
f 3732/4429 1553/1742 1552/1741
f 1552/1741 1553/1742 1548/1735
f 1561/1761 3021/3402 1548/1735
f 1553/1742 1561/1761 1548/1735
f 1552/1741 1548/1735 1550/1737
f 1548/1735 3021/3402 1562/1763
f 1548/1735 1549/1736 1550/1737
f 1548/1735 1562/1763 1549/1736
f 1550/1737 1549/1736 1551/1739
f 1549/1736 1562/1763 1551/1739
f 1562/1762 3446/3958 1551/1738
f 1551/1739 1554/1744 3825/4607
f 1551/1738 3446/3958 1554/1743
f 1554/1743 3446/3958 3445/3957
f 3825/4607 1554/1744 1555/1745
f 1554/1744 1556/1748 1555/1745
f 1554/1743 3445/3957 1556/1747
f 1555/1745 1556/1748 1557/1749
f 3445/3957 3444/3956 1556/1747
f 1557/1749 1556/1748 1558/1753
f 1558/1753 1556/1748 1543/1723
f 1543/1723 1556/1748 3759/4488
f 1556/1747 3444/3956 3759/4487
f 3759/4487 3444/3956 3443/3954
f 1543/1723 3759/4488 3623/4221
f 3759/4488 1539/1716 3623/4221
f 3759/4486 3443/3955 3758/4483
f 3759/4486 3758/4483 1539/1717
f 3623/4221 1539/1716 3620/4217
f 3620/4217 1539/1716 1540/1718
f 1540/1718 1539/1716 1541/1720
f 1540/1718 1541/1720 1542/1721
f 3758/4484 1546/1731 1541/1720
f 1539/1716 3758/4484 1541/1720
f 1542/1721 1541/1720 1544/1725
f 1542/1721 1544/1725 1545/1729
f 1545/1729 1544/1725 1570/1772
f 1545/1729 1570/1772 1547/1734
f 1541/1720 1546/1731 1544/1725
f 1544/1725 3528/4090 1570/1772
f 3528/4089 1544/1726 2969/3337
f 2969/3337 2968/3336 2966/3334
f 2966/3334 2968/3336 2967/3335
f 2973/3342 2974/3343 3514/4062
f 449/469 367/387 447/467
f 287/307 286/306 284/304
f 323/343 282/302 281/301
f 281/301 279/299 269/289
f 3020/3400 3021/3401 1561/1760
f 3021/3401 3460/3979 1562/1762
f 3460/3979 3467/3989 1562/1762
f 1562/1762 3467/3989 3446/3958
f 3446/3958 3467/3989 3445/3957
f 3445/3957 3442/3953 3444/3956
f 3442/3953 3443/3954 3444/3956
f 3756/4480 3757/4482 3758/4483
f 3443/3955 3756/4480 3758/4483
f 3757/4482 2970/3339 3758/4483
f 645/687 3492/4026 3080/3468
f 3080/3468 3492/4026 3736/4437
f 3024/3405 3022/3403 3020/3400
f 3758/4485 1544/1727 1546/1732
f 3758/4483 2970/3339 1544/1724
f 1544/1726 2970/3338 2969/3337
f 437/457 435/455 433/453
f 340/360 286/306 287/307
f 284/304 282/302 323/343
f 281/301 282/302 280/300
f 3467/3989 3442/3953 3445/3957
f 3442/3953 3018/3398 3436/3943
f 3442/3953 3436/3943 3443/3954
f 3443/3954 3436/3943 3756/4479
f 3638/4249 3023/3404 3022/3403
f 3022/3403 3019/3399 3020/3400
f 3020/3400 3015/3395 3021/3401
f 3021/3401 3015/3395 3460/3979
f 2974/3343 2976/3345 3514/4062
f 3514/4062 2976/3345 2985/3357
f 447/467 367/387 341/361
f 529/551 643/682 645/687
f 645/687 643/682 3492/4026
f 3492/4027 3451/3966 3736/4436
f 3736/4436 3451/3966 3737/4439
f 3736/4436 3737/4439 3638/4250
f 3467/3989 3460/3979 3016/3396
f 3467/3989 3016/3396 3442/3953
f 3016/3396 3018/3398 3442/3953
f 2970/3338 3760/4489 2969/3337
f 286/306 285/305 284/304
f 280/300 279/299 281/301
f 3638/4249 3449/3962 3023/3404
f 3020/3400 3019/3399 3015/3395
f 3015/3395 3016/3396 3460/3979
f 3436/3943 3516/4066 3756/4479
f 3756/4480 3516/4068 3757/4482
f 3516/4066 3760/4489 3757/4481
f 3757/4481 3760/4489 2970/3338
f 2969/3337 3760/4489 2968/3336
f 2984/3356 876/931 874/929
f 437/457 450/470 435/455
f 449/469 435/455 448/468
f 449/469 448/468 367/387
f 269/289 271/291 270/290
f 3015/3395 3014/3394 3016/3396
f 3016/3396 3014/3394 3017/3397
f 3016/3396 3017/3397 3018/3398
f 285/305 283/303 284/304
f 283/303 282/302 284/304
f 269/289 279/299 271/291
f 3022/3403 3023/3404 3019/3399
f 3760/4489 3515/4063 2968/3336
f 2968/3336 2971/3340 2967/3335
f 2976/3345 2983/3353 2984/3355
f 2985/3357 2976/3345 2984/3355
f 2984/3356 2983/3354 876/931
f 466/486 451/471 437/457
f 435/455 450/470 364/384
f 286/306 343/363 285/305
f 3737/4438 3449/3962 3638/4249
f 3017/3397 3435/3942 3018/3398
f 3018/3398 3435/3942 3436/3943
f 3436/3943 3435/3942 3516/4066
f 340/360 341/361 342/362
f 340/360 343/363 286/306
f 3760/4490 3516/4065 3497/4034
f 2968/3336 2994/3374 2971/3340
f 367/387 361/381 341/361
f 340/360 342/362 343/363
f 3515/4063 2994/3374 2968/3336
f 364/384 448/468 435/455
f 341/361 361/381 342/362
f 283/303 280/300 282/302
f 3015/3395 3013/3393 3014/3394
f 3516/4066 3470/3993 3497/4033
f 3497/4034 3515/4064 3760/4490
f 2967/3335 2972/3341 2973/3342
f 451/471 450/470 437/457
f 280/300 278/298 279/299
f 709/762 710/763 711/764
f 462/482 531/553 529/550
f 529/550 531/553 643/681
f 3015/3395 3019/3399 3013/3393
f 3014/3394 3465/3986 3017/3397
f 3435/3941 3470/3994 3516/4067
f 3497/4033 2994/3374 3515/4063
f 728/781 724/777 727/780
f 448/468 362/382 367/387
f 343/363 345/365 285/305
f 3449/3962 3448/3961 3023/3404
f 2971/3340 2972/3341 2967/3335
f 342/362 344/364 343/363
f 343/363 344/364 345/365
f 3448/3961 3019/3399 3023/3404
f 3435/3941 3500/4040 3470/3994
f 448/468 364/384 362/382
f 362/382 361/381 367/387
f 285/305 345/365 283/303
f 283/303 348/368 278/298
f 283/303 278/298 280/300
f 271/291 272/292 270/290
f 3011/3391 3465/3986 3014/3394
f 3497/4033 3470/3993 3496/4032
f 3497/4033 3496/4032 2994/3374
f 2994/3374 3496/4032 3484/4015
f 2973/3342 2972/3341 2974/3343
f 364/384 363/383 362/382
f 361/381 362/382 360/380
f 361/381 360/380 359/379
f 361/381 359/379 342/362
f 342/362 359/379 344/364
f 345/365 348/368 283/303
f 278/298 276/296 279/299
f 279/299 276/296 271/291
f 3737/4438 3451/3965 3449/3962
f 3013/3393 3011/3391 3014/3394
f 276/296 272/292 271/291
f 270/290 273/293 460/480
f 270/290 460/480 462/482
f 462/482 460/480 531/553
f 2994/3374 2972/3341 2971/3340
f 725/778 726/779 727/780
f 272/292 273/293 270/290
f 3017/3397 3465/3986 3435/3942
f 3500/4039 3469/3992 3470/3993
f 450/470 453/473 364/384
f 3492/4026 3452/3967 3451/3965
f 3451/3965 3450/3963 3449/3962
f 3019/3399 3448/3961 3013/3393
f 586/612 585/611 466/486
f 453/473 366/386 364/384
f 364/384 366/386 363/383
f 363/383 360/380 362/382
f 360/380 358/378 359/379
f 346/366 344/364 359/379
f 348/368 345/365 347/367
f 3004/3384 3500/4039 3465/3986
f 3465/3986 3500/4039 3435/3942
f 2974/3343 2975/3344 2976/3345
f 585/611 486/506 466/486
f 466/486 486/506 451/471
f 358/378 346/366 359/379
f 344/364 346/366 345/365
f 346/366 347/367 345/365
f 348/368 350/370 278/298
f 3451/3965 3452/3967 3450/3963
f 2972/3341 2975/3344 2974/3343
f 486/506 452/472 451/471
f 451/471 452/472 450/470
f 278/298 277/297 276/296
f 3449/3962 3450/3963 3448/3961
f 3448/3961 3012/3392 3013/3393
f 3013/3393 3012/3392 3011/3391
f 2976/3345 2977/3346 2983/3353
f 347/367 349/369 348/368
f 348/368 349/369 350/370
f 278/298 350/370 277/297
f 272/292 274/294 273/293
f 3470/3993 3484/4015 3496/4032
f 2983/3354 2987/3361 876/931
f 363/383 365/385 360/380
f 360/380 365/385 358/378
f 346/366 354/374 347/367
f 460/480 3458/3976 531/553
f 3458/3976 3457/3974 643/681
f 531/553 3458/3976 643/681
f 643/682 3457/3975 3492/4026
f 3452/3967 3453/3969 3450/3963
f 450/470 452/472 453/473
f 347/367 354/374 349/369
f 277/297 275/295 276/296
f 276/296 275/295 272/292
f 3457/3975 3454/3970 3492/4026
f 3492/4026 3454/3970 3452/3967
f 3448/3961 3459/3978 3012/3392
f 3011/3391 3004/3384 3465/3986
f 3470/3993 3469/3992 3001/3381
f 2977/3346 2987/3362 2983/3353
f 365/385 357/377 358/378
f 358/378 357/377 346/366
f 275/295 274/294 272/292
f 3484/4015 2995/3375 2994/3374
f 2975/3344 2977/3346 2976/3345
f 346/366 357/377 354/374
f 3454/3970 3453/3969 3452/3967
f 3004/3384 3469/3992 3500/4039
f 3001/3381 3484/4015 3470/3993
f 2994/3374 2995/3375 2990/3366
f 2994/3374 2990/3366 2972/3341
f 585/611 560/585 486/506
f 363/383 366/386 365/385
f 350/370 349/369 275/295
f 350/370 275/295 277/297
f 274/294 353/373 273/293
f 273/293 353/373 460/480
f 3448/3961 3471/3995 3459/3978
f 2990/3366 2989/3365 2972/3341
f 2972/3341 2989/3365 2975/3344
f 370/390 366/386 453/473
f 366/386 370/390 365/385
f 370/390 369/389 365/385
f 365/385 368/388 357/377
f 351/371 352/372 275/295
f 349/369 351/371 275/295
f 2977/3346 2988/3363 2987/3362
f 452/472 370/390 453/473
f 365/385 369/389 368/388
f 356/376 355/375 354/374
f 357/377 356/376 354/374
f 354/374 351/371 349/369
f 352/372 353/373 275/295
f 275/295 353/373 274/294
f 3453/3968 3735/4434 3450/3964
f 3448/3961 3450/3963 3471/3995
f 3802/4568 2989/3365 2990/3366
f 2975/3344 2978/3347 2977/3346
f 560/585 487/507 486/506
f 486/506 487/507 452/472
f 357/377 368/388 356/376
f 354/374 355/375 351/371
f 3454/3970 3455/3971 3453/3969
f 3004/3384 3002/3382 3469/3992
f 3002/3382 3001/3381 3469/3992
f 3001/3381 2998/3378 3484/4015
f 3484/4015 2998/3378 2995/3375
f 2975/3344 2989/3365 2978/3347
f 2978/3347 2979/3348 2977/3346
f 2977/3346 2979/3348 2988/3363
f 487/507 463/483 452/472
f 452/472 463/483 370/390
f 463/483 464/484 370/390
f 370/390 464/484 369/389
f 368/388 489/509 356/376
f 356/376 489/509 355/375
f 355/375 490/510 351/371
f 351/371 488/508 352/372
f 353/373 352/372 495/515
f 495/515 500/520 460/480
f 353/373 495/515 460/480
f 460/480 500/520 3458/3976
f 3458/3977 559/583 3457/3975
f 3457/3975 559/583 3454/3970
f 3459/3978 3471/3995 3012/3392
f 3011/3391 3010/3390 3004/3384
f 2995/3375 2996/3376 2990/3366
f 464/484 493/513 369/389
f 489/509 491/511 355/375
f 491/511 490/510 355/375
f 490/510 497/517 351/371
f 351/371 497/517 488/508
f 488/508 499/519 352/372
f 500/520 559/584 3458/3976
f 3012/3392 3010/3390 3011/3391
f 2979/3348 954/1018 2988/3363
f 560/585 519/540 487/507
f 487/507 519/540 494/514
f 487/507 494/514 463/483
f 463/483 494/514 464/484
f 494/514 493/513 464/484
f 493/513 492/512 369/389
f 369/389 492/512 368/388
f 368/388 492/512 489/509
f 489/509 492/512 491/511
f 491/511 497/517 490/510
f 488/508 497/517 499/519
f 352/372 499/519 498/518
f 352/372 498/518 495/515
f 495/515 498/518 500/520
f 559/583 3456/3972 3454/3970
f 3454/3970 3456/3972 3455/3971
f 3455/3971 3499/4037 3453/3969
f 3450/3964 3735/4434 3471/3996
f 3004/3384 3003/3383 3002/3382
f 3002/3382 3000/3380 3001/3381
f 3001/3381 3000/3380 2998/3378
f 2998/3378 2997/3377 2995/3375
f 2989/3365 2980/3349 2978/3347
f 2978/3347 2980/3349 2979/3348
f 519/540 517/537 494/514
f 494/514 517/537 512/532
f 494/514 512/532 493/513
f 493/513 512/532 492/512
f 512/532 513/533 492/512
f 513/533 514/534 491/511
f 492/512 513/533 491/511
f 514/534 515/535 491/511
f 491/511 515/535 497/517
f 497/517 515/535 516/536
f 497/517 516/536 499/519
f 499/519 516/536 511/531
f 499/519 511/531 498/518
f 498/518 520/541 500/520
f 500/520 520/541 526/547
f 500/520 526/547 559/584
f 3453/3968 3499/4038 3735/4434
f 3471/3995 3010/3390 3012/3392
f 3010/3390 3003/3383 3004/3384
f 2980/3349 954/1018 2979/3348
f 533/555 532/554 517/537
f 519/540 533/555 517/537
f 532/554 512/532 517/537
f 512/532 535/557 513/533
f 515/535 538/560 516/536
f 511/531 520/541 498/518
f 559/584 526/547 3456/3973
f 3735/4435 3009/3389 3471/3995
f 3471/3995 3009/3389 3010/3390
f 2999/3379 2997/3377 2998/3378
f 3802/4568 2980/3349 2989/3365
f 2980/3349 2981/3350 954/1018
f 532/554 554/578 535/557
f 535/557 554/578 553/577
f 535/557 553/577 552/576
f 535/557 552/576 536/558
f 536/558 552/576 551/575
f 536/558 551/575 537/559
f 551/575 550/574 537/559
f 537/559 550/574 538/560
f 550/574 549/573 538/560
f 538/560 549/573 516/536
f 516/536 549/573 545/569
f 545/569 548/572 520/541
f 520/541 548/572 589/616
f 520/541 589/616 526/547
f 526/547 589/616 3456/3973
f 3456/3972 589/615 3455/3971
f 3455/3971 589/615 3499/4037
f 2990/3366 2996/3376 3802/4568
f 603/634 583/609 533/555
f 533/555 583/609 579/605
f 533/555 579/605 532/554
f 532/554 579/605 554/578
f 554/578 579/605 569/595
f 554/578 569/595 553/577
f 569/595 568/594 553/577
f 553/577 568/594 552/576
f 552/576 568/594 571/597
f 552/576 571/597 551/575
f 551/575 571/597 570/596
f 551/575 570/596 550/574
f 550/574 570/596 567/593
f 550/574 567/593 549/573
f 567/593 566/592 549/573
f 566/592 565/591 549/573
f 549/573 565/591 545/569
f 565/591 572/598 548/572
f 545/569 565/591 548/572
f 572/598 584/610 548/572
f 548/572 584/610 589/616
f 589/615 3690/4340 3499/4037
f 3735/4435 3007/3387 3009/3389
f 3000/3380 2999/3379 2998/3378
f 3802/4568 2981/3350 2980/3349
f 568/594 606/637 571/597
f 571/597 606/637 570/596
f 567/593 605/636 566/592
f 584/610 628/661 589/616
f 589/617 628/659 3690/4341
f 3499/4037 3690/4340 3008/3388
f 3499/4037 3008/3388 3735/4435
f 3003/3383 3000/3380 3002/3382
f 642/680 622/653 583/609
f 583/609 622/653 621/652
f 583/609 621/652 579/605
f 579/605 621/652 569/595
f 569/595 621/652 608/639
f 608/639 607/638 568/594
f 568/594 607/638 606/637
f 606/637 610/641 570/596
f 570/596 610/641 609/640
f 570/596 609/640 567/593
f 567/593 609/640 605/636
f 605/636 615/646 566/592
f 566/592 615/646 565/591
f 615/646 604/635 565/591
f 565/591 604/635 572/598
f 572/598 604/635 584/610
f 584/610 604/635 628/661
f 628/660 3684/4327 3690/4340
f 3690/4340 3684/4327 3652/4273
f 2996/3376 3482/4012 3802/4568
f 3802/4568 2991/3368 2981/3350
f 2991/3368 1032/1105 2981/3350
f 2981/3350 1032/1105 2982/3351
f 642/680 641/677 622/653
f 622/653 641/677 637/671
f 622/653 637/671 621/652
f 621/652 637/671 627/658
f 627/658 626/657 607/638
f 607/638 626/657 606/637
f 606/637 626/657 610/641
f 626/657 625/656 610/641
f 610/641 625/656 609/640
f 609/640 625/656 624/655
f 624/655 1506/1652 615/646
f 615/646 1506/1652 604/635
f 1506/1652 640/676 604/635
f 604/635 640/676 644/684
f 604/635 644/684 628/661
f 3684/4327 3677/4316 3652/4273
f 3690/4340 3652/4273 3008/3388
f 3009/3389 3007/3387 3005/3385
f 3009/3389 3005/3385 3010/3390
f 3010/3390 3005/3385 3003/3383
f 2997/3377 2996/3376 2995/3375
f 2996/3376 3481/4011 3482/4012
f 3482/4013 2991/3367 3802/4569
f 637/671 1488/1625 1505/1650
f 1505/1651 1492/1631 1504/1649
f 1505/1651 1504/1649 1507/1655
f 1507/1655 1504/1649 1503/1648
f 1507/1655 1503/1648 639/675
f 1503/1648 1494/1633 639/675
f 639/675 1494/1633 630/664
f 630/664 1494/1633 1495/1634
f 630/664 1489/1628 1506/1653
f 1489/1627 1497/1636 640/676
f 1506/1652 1489/1627 640/676
f 3677/4316 3505/4048 3652/4273
f 3652/4273 3505/4048 3008/3388
f 3735/4435 3008/3388 3007/3387
f 2991/3368 2992/3369 1032/1105
f 641/677 1501/1645 1488/1625
f 1504/1649 1492/1631 1493/1632
f 1504/1649 1493/1632 1503/1648
f 1503/1648 1493/1632 1494/1633
f 1495/1634 1489/1628 630/664
f 1484/1620 3487/4019 3677/4316
f 3677/4316 3487/4019 3505/4048
f 3487/4019 3486/4018 3505/4048
f 3505/4048 3486/4018 3008/3388
f 3007/3387 3008/3388 3006/3386
f 3007/3387 3006/3386 3005/3385
f 3006/3386 3000/3380 3005/3385
f 3005/3385 3000/3380 3003/3383
f 3481/4011 3801/4566 3482/4012
f 3801/4567 3803/4570 2991/3367
f 3482/4013 3801/4567 2991/3367
f 3803/4571 1480/1613 2991/3368
f 2991/3368 1480/1613 3513/4060
f 2991/3368 3513/4060 2992/3369
f 1472/1605 1467/1600 1473/1606
f 1473/1606 1467/1600 1466/1599
f 1473/1606 1466/1599 1465/1598
f 1473/1606 1465/1598 1468/1601
f 3487/4019 3463/3982 3486/4018
f 3486/4018 3463/3982 3008/3388
f 3008/3388 3463/3982 3461/3980
f 3008/3388 3461/3980 3006/3386
f 3006/3386 3493/4028 3000/3380
f 1449/1581 1430/1560 1448/1580
f 3463/3982 3464/3984 3461/3980
f 3461/3980 3464/3984 3498/4035
f 3461/3980 3498/4035 3462/3981
f 3461/3980 3462/3981 3006/3386
f 3006/3386 3462/3981 3493/4028
f 3462/3981 3494/4029 3493/4028
f 3493/4028 3494/4029 3491/4025
f 3493/4028 3491/4025 3000/3380
f 3491/4025 3490/4024 3000/3380
f 3000/3380 3490/4024 2999/3379
f 2999/3379 3490/4024 2997/3377
f 2997/3377 3490/4024 3480/4010
f 2997/3377 3480/4010 2996/3376
f 2996/3376 3480/4010 3481/4011
f 3481/4011 3480/4010 3483/4014
f 3483/4014 1404/1529 3801/4566
f 3481/4011 3483/4014 3801/4566
f 1404/1529 1439/1570 3803/4571
f 3801/4567 1404/1530 3803/4570
f 3803/4571 1439/1570 1480/1613
f 1425/1554 1405/1532 1424/1553
f 1405/1532 1406/1533 1424/1553
f 1424/1553 1406/1533 1423/1552
f 1423/1552 1406/1533 1411/1538
f 1423/1552 1411/1538 1410/1537
f 1423/1552 1410/1537 1409/1536
f 3462/3981 3498/4035 3680/4319
f 3680/4319 1482/1616 3494/4029
f 3462/3981 3680/4319 3494/4029
f 3494/4029 1482/1616 1483/1618
f 3494/4029 1483/1618 3491/4025
f 3491/4025 1483/1618 1457/1589
f 3491/4025 1457/1589 3490/4024
f 3490/4024 1457/1589 3480/4010
f 1457/1589 1403/1527 3480/4010
f 3480/4010 1403/1527 3483/4014
f 1403/1527 1404/1529 3483/4014
f 2309/2625 1275/1392 1963/2264
f 1963/2264 1275/1392 2377/2701
f 1244/1345 1198/1295 1830/2128
f 1198/1295 1190/1287 1830/2128
f 1830/2127 1190/1286 2310/2627
f 2310/2628 1190/1287 1278/1399
f 1278/1399 1190/1287 1205/1303
f 1167/1258 1150/1239 2377/2702
f 2377/2702 1150/1239 1274/1391
f 1150/1239 1176/1271 1274/1391
f 1830/2127 2310/2627 2120/2424
f 2120/2424 2310/2627 2121/2425
f 2310/2627 1278/1398 2121/2425
f 2121/2425 1278/1398 2134/2438
f 1278/1398 1277/1396 2134/2438
f 2134/2438 1277/1396 1961/2262
f 1277/1396 2309/2625 1961/2262
f 1961/2262 2309/2625 1963/2264
f 1968/2269 1963/2264 2377/2701
f 1968/2269 2377/2701 1274/1390
f 1230/1330 1244/1345 1829/2126
f 1829/2125 1244/1344 1830/2127
f 1176/1271 1217/1316 1274/1391
f 1210/1309 1180/1276 1211/1310
f 1828/2124 2120/2424 2114/2418
f 1959/2260 1961/2262 1962/2263
f 1962/2263 1961/2262 1963/2264
f 1963/2264 1968/2269 1964/2265
f 1217/1316 1237/1337 1276/1395
f 1274/1391 1217/1316 1276/1395
f 1276/1395 1237/1337 1043/1126
f 1235/1335 1234/1334 1255/1357
f 1255/1357 1234/1334 1256/1358
f 1256/1358 1234/1334 1232/1332
f 1225/1325 1229/1329 1252/1354
f 1233/1333 1224/1324 3287/3733
f 1960/2261 2134/2438 1961/2262
f 1968/2269 1274/1390 1969/2270
f 1274/1390 1276/1394 1974/2275
f 1969/2270 1274/1390 1974/2275
f 636/670 1270/1383 1279/1401
f 1279/1402 1270/1382 1230/1330
f 1279/1402 1230/1330 1829/2126
f 1279/1400 1829/2125 1828/2124
f 1276/1395 1043/1126 2461/2797
f 2461/2796 1043/1127 1033/1107
f 1043/1126 1253/1355 1267/1376
f 1266/1374 1259/1361 1255/1357
f 1266/1374 1255/1357 1256/1358
f 1266/1374 1256/1358 1258/1360
f 1252/1354 1251/1352 1041/1122
f 1040/1120 1252/1354 1041/1122
f 2118/2422 2120/2424 2121/2425
f 1962/2263 1963/2264 1964/2265
f 2114/2418 2120/2424 2118/2422
f 2112/2416 2114/2418 2118/2422
f 2121/2425 2134/2438 1960/2261
f 1960/2261 1961/2262 1959/2260
f 1023/1093 1267/1375 1273/1388
f 1273/1389 1259/1361 1030/1103
f 1030/1103 1259/1361 1271/1385
f 1271/1385 1258/1360 1039/1118
f 1258/1360 1257/1359 1039/1118
f 1039/1118 1257/1359 1272/1387
f 1272/1387 1257/1359 1040/1120
f 1031/1104 1041/1121 1036/1111
f 1031/1104 1036/1111 3687/4332
f 636/670 1279/1401 654/705
f 629/662 636/670 654/705
f 2118/2422 2121/2425 2119/2423
f 2119/2423 2121/2425 1960/2261
f 1960/2261 1959/2260 1956/2257
f 1964/2265 1968/2269 1967/2268
f 1967/2268 1968/2269 1969/2270
f 1276/1394 2461/2795 2333/2652
f 2461/2796 1033/1107 1010/1079
f 1010/1079 1023/1093 1000/1067
f 1000/1067 1023/1093 1024/1094
f 1000/1067 1024/1094 1011/1080
f 1024/1094 1030/1102 995/1062
f 1011/1080 1024/1094 995/1062
f 995/1062 1030/1102 1029/1101
f 995/1062 1029/1101 1018/1088
f 1029/1101 1028/1100 1015/1084
f 1018/1088 1029/1101 1015/1084
f 1028/1100 1272/1386 1015/1084
f 1014/1083 1031/1104 997/1064
f 997/1064 1031/1104 1006/1074
f 1006/1074 1031/1104 3687/4332
f 2113/2417 2114/2418 2112/2416
f 2119/2423 1960/2261 1970/2271
f 1959/2260 1962/2263 1957/2258
f 1962/2263 1964/2265 1957/2258
f 1965/2266 1964/2265 1967/2268
f 2461/2796 1010/1079 986/1053
f 2333/2652 2461/2795 986/1052
f 986/1053 1010/1079 1000/1067
f 1000/1067 1011/1080 990/1057
f 990/1057 1011/1080 995/1062
f 995/1062 1018/1088 999/1066
f 999/1066 1018/1088 998/1065
f 998/1065 1018/1088 1015/1084
f 998/1065 1015/1084 996/1063
f 1015/1084 1272/1386 996/1063
f 996/1063 1272/1386 1014/1083
f 996/1063 1014/1083 997/1064
f 1832/2131 654/704 2113/2417
f 2333/2653 986/1053 2201/2512
f 986/1053 1000/1067 979/1045
f 979/1045 1000/1067 984/1050
f 984/1050 990/1057 968/1034
f 968/1034 990/1057 995/1062
f 968/1034 995/1062 999/1066
f 968/1034 999/1066 967/1033
f 967/1033 999/1066 971/1037
f 971/1037 999/1066 998/1065
f 971/1037 998/1065 996/1063
f 971/1037 996/1063 972/1038
f 996/1063 997/1064 973/1039
f 972/1038 996/1063 973/1039
f 973/1039 997/1064 3649/4268
f 2111/2415 1832/2131 2113/2417
f 2111/2415 2113/2417 2112/2416
f 592/621 629/662 1831/2130
f 1831/2130 629/662 654/705
f 1831/2129 654/704 1832/2131
f 2112/2416 2118/2422 2116/2420
f 2118/2422 2119/2423 2116/2420
f 2116/2420 2119/2423 2117/2421
f 2117/2421 2119/2423 1970/2271
f 1960/2261 1956/2257 1970/2271
f 1959/2260 1957/2258 1956/2257
f 1957/2258 1964/2265 1965/2266
f 2201/2512 986/1053 2200/2510
f 2200/2510 986/1053 966/1032
f 966/1032 986/1053 979/1045
f 979/1045 984/1050 969/1035
f 969/1035 984/1050 968/1034
f 971/1037 972/1038 970/1036
f 1974/2275 2333/2652 2201/2511
f 1970/2271 1956/2257 1955/2256
f 1966/2267 1957/2258 1965/2266
f 1967/2268 1969/2270 1974/2275
f 966/1032 979/1045 962/1028
f 979/1045 969/1035 962/1028
f 962/1028 969/1035 943/1004
f 943/1004 969/1035 942/1003
f 942/1003 969/1035 968/1034
f 942/1003 968/1034 958/1023
f 958/1023 968/1034 967/1033
f 958/1023 967/1033 953/1017
f 953/1017 967/1033 971/1037
f 953/1017 971/1037 944/1005
f 971/1037 970/1036 944/1005
f 970/1036 972/1038 957/1022
f 972/1038 973/1039 957/1022
f 973/1039 3649/4268 3648/4266
f 957/1022 973/1039 3648/4266
f 2112/2416 2116/2420 2107/2411
f 1955/2256 1956/2257 1954/2255
f 1954/2255 1956/2257 1957/2258
f 1954/2255 1957/2258 1958/2259
f 1957/2258 1966/2267 1958/2259
f 1966/2267 1965/2266 1971/2272
f 1965/2266 1967/2268 1971/2272
f 2200/2510 966/1032 936/997
f 936/997 966/1032 962/1028
f 936/997 962/1028 937/998
f 937/998 962/1028 943/1004
f 942/1003 958/1023 941/1002
f 941/1002 958/1023 940/1001
f 940/1001 958/1023 953/1017
f 944/1005 970/1036 945/1006
f 945/1006 970/1036 957/1022
f 2115/2419 1832/2131 2111/2415
f 1975/2276 1974/2275 2201/2511
f 1975/2276 2201/2511 2200/2509
f 542/565 592/621 1833/2133
f 1833/2133 592/621 1831/2130
f 2111/2415 2112/2416 2108/2412
f 2133/2437 1970/2271 1955/2256
f 945/1006 957/1022 948/1009
f 948/1009 957/1022 935/996
f 957/1022 3648/4266 959/1025
f 1975/2276 2200/2509 1047/1134
f 561/586 542/565 1833/2133
f 2117/2421 1970/2271 2133/2437
f 1047/1135 2200/2510 936/997
f 937/998 943/1004 939/1000
f 939/1000 943/1004 942/1003
f 939/1000 942/1003 938/999
f 938/999 942/1003 941/1002
f 938/999 941/1002 940/1001
f 940/1001 947/1008 913/970
f 938/999 940/1001 913/970
f 913/970 947/1008 946/1007
f 946/1007 944/1005 915/972
f 915/972 944/1005 945/1006
f 935/996 957/1022 959/1025
f 2108/2412 2112/2416 2107/2411
f 1966/2267 1971/2272 1972/2273
f 1971/2272 1967/2268 1973/2274
f 1967/2268 1974/2275 1975/2276
f 936/997 937/998 904/961
f 900/956 936/997 904/961
f 904/961 937/998 890/946
f 890/946 937/998 939/1000
f 939/1000 938/999 890/946
f 892/948 938/999 913/970
f 913/970 946/1007 914/971
f 916/973 915/972 945/1006
f 916/973 945/1006 948/1009
f 916/973 948/1009 912/969
f 912/969 948/1009 935/996
f 935/996 959/1025 919/978
f 2307/2623 2115/2419 2109/2413
f 2107/2411 2116/2420 2103/2407
f 2103/2407 2116/2420 2117/2421
f 1973/2274 1967/2268 1975/2276
f 1047/1135 936/997 923/984
f 923/984 936/997 900/956
f 890/946 938/999 892/948
f 914/971 946/1007 915/972
f 912/969 935/996 919/978
f 1827/2122 1975/2276 1047/1134
f 2109/2413 2115/2419 2111/2415
f 2109/2413 2111/2415 2108/2412
f 900/956 904/961 889/945
f 889/945 904/961 890/946
f 889/945 890/946 888/944
f 888/944 890/946 891/947
f 891/947 890/946 892/948
f 891/947 892/948 896/952
f 896/952 892/948 913/970
f 896/952 913/970 914/971
f 896/952 914/971 895/951
f 895/951 914/971 915/972
f 895/951 915/972 894/950
f 915/972 916/973 894/950
f 894/950 916/973 912/969
f 894/950 912/969 893/949
f 893/949 912/969 919/978
f 2108/2412 2107/2411 2106/2410
f 1827/2123 1047/1135 923/984
f 858/913 889/945 888/944
f 862/917 891/947 896/952
f 895/951 894/950 817/872
f 2132/2436 2117/2421 2133/2437
f 1951/2252 1955/2256 1954/2255
f 1951/2252 1954/2255 1953/2254
f 923/984 900/956 866/921
f 866/921 900/956 889/945
f 866/921 889/945 858/913
f 858/913 888/944 860/915
f 860/915 888/944 862/917
f 888/944 891/947 862/917
f 862/917 896/952 864/919
f 864/919 896/952 872/927
f 896/952 895/951 872/927
f 895/951 817/872 865/920
f 817/872 894/950 816/871
f 816/871 894/950 815/870
f 815/870 894/950 893/949
f 815/870 893/949 811/864
f 893/949 919/978 903/960
f 811/864 893/949 903/960
f 2106/2410 2107/2411 2104/2408
f 1953/2254 1954/2255 1958/2259
f 1958/2259 1966/2267 1972/2273
f 1942/2243 1972/2273 1971/2272
f 1827/2123 923/984 950/1012
f 950/1012 923/984 866/921
f 872/927 895/951 865/920
f 561/586 1833/2133 651/698
f 651/699 1833/2132 2307/2623
f 2103/2407 2117/2421 2132/2436
f 2132/2436 2133/2437 1955/2256
f 861/916 860/915 862/917
f 864/919 872/927 865/920
f 807/860 816/871 815/870
f 811/864 903/960 814/869
f 2109/2413 2108/2412 2106/2410
f 2107/2411 2103/2407 2104/2408
f 2132/2436 1955/2256 1949/2250
f 1949/2250 1955/2256 1951/2252
f 1971/2272 1973/2274 1942/2243
f 1824/2119 1975/2276 1825/2120
f 1825/2120 1827/2122 950/1013
f 862/917 864/919 863/918
f 864/919 865/920 819/874
f 2102/2406 2103/2407 2132/2436
f 2102/2406 2132/2436 1949/2250
f 1951/2252 1953/2254 1950/2251
f 1953/2254 1958/2259 1943/2244
f 1958/2259 1972/2273 1943/2244
f 1943/2244 1972/2273 1942/2243
f 863/918 864/919 819/874
f 817/872 816/871 807/860
f 651/699 2307/2623 2308/2624
f 2307/2623 2109/2413 2110/2414
f 2308/2624 2307/2623 2110/2414
f 819/874 865/920 817/872
f 807/860 815/870 808/861
f 588/614 561/586 651/698
f 1825/2120 950/1013 951/1015
f 951/1014 950/1012 866/921
f 858/913 860/915 859/914
f 819/874 817/872 818/873
f 818/873 817/872 807/860
f 951/1014 866/921 857/912
f 857/912 866/921 858/913
f 856/911 858/913 859/914
f 859/914 860/915 827/882
f 827/882 860/915 861/916
f 827/882 861/916 862/917
f 827/882 862/917 863/918
f 2110/2414 2109/2413 2106/2410
f 2105/2409 2106/2410 2104/2408
f 2104/2408 2103/2407 2100/2404
f 2100/2404 2103/2407 2102/2406
f 1949/2250 1951/2252 1950/2251
f 1953/2254 1943/2244 1952/2253
f 1973/2274 1975/2276 1941/2242
f 1941/2242 1975/2276 1824/2119
f 1824/2119 1825/2120 951/1015
f 827/882 863/918 825/880
f 825/880 863/918 819/874
f 811/864 814/869 812/865
f 2110/2414 2106/2410 2105/2409
f 2131/2435 2102/2406 1949/2250
f 2131/2435 1949/2250 2130/2434
f 1943/2244 1942/2243 1940/2241
f 820/875 819/874 818/873
f 808/861 815/870 811/864
f 825/880 819/874 820/875
f 1950/2251 1953/2254 1952/2253
f 1952/2253 1943/2244 1944/2245
f 1942/2243 1973/2274 1941/2242
f 857/912 858/913 856/911
f 825/880 820/875 821/876
f 1949/2250 1950/2251 1947/2248
f 1944/2245 1943/2244 1940/2241
f 2105/2409 2104/2408 2100/2404
f 2130/2434 1949/2250 1947/2248
f 1947/2248 1950/2251 1946/2247
f 1940/2241 1942/2243 1941/2242
f 806/859 820/875 818/873
f 808/861 811/864 810/863
f 810/863 811/864 812/865
f 2122/2426 2110/2414 2105/2409
f 951/1014 857/912 855/910
f 859/914 827/882 828/883
f 828/883 827/882 826/881
f 818/873 807/860 806/859
f 2100/2404 2102/2406 2101/2405
f 2102/2406 2131/2435 2101/2405
f 1950/2251 1952/2253 1946/2247
f 827/882 825/880 826/881
f 806/859 807/860 689/742
f 855/910 857/912 856/911
f 824/879 825/880 821/876
f 821/876 820/875 806/859
f 588/614 651/698 2395/2722
f 2395/2723 651/699 2308/2624
f 2308/2624 2110/2414 2124/2428
f 1946/2247 1952/2253 1944/2245
f 1941/2242 1824/2119 1823/2118
f 826/881 825/880 824/879
f 2124/2428 2110/2414 2122/2426
f 2131/2435 2130/2434 1948/2249
f 689/742 807/860 808/861
f 2105/2409 2100/2404 2097/2401
f 2122/2426 2105/2409 2097/2401
f 2130/2434 1947/2248 1948/2249
f 1945/2246 1944/2245 1940/2241
f 855/910 856/911 850/905
f 856/911 859/914 850/905
f 808/861 810/863 809/862
f 812/865 814/869 813/866
f 2097/2401 2100/2404 2098/2402
f 2131/2435 1948/2249 2101/2405
f 1946/2247 1944/2245 1945/2246
f 1823/2118 1824/2119 951/1015
f 829/884 828/883 826/881
f 2123/2427 2124/2428 2122/2426
f 850/905 859/914 828/883
f 689/742 808/861 809/862
f 593/622 588/614 2395/2722
f 2395/2723 2308/2624 2125/2429
f 2308/2624 2124/2428 2125/2429
f 2125/2429 2124/2428 2123/2427
f 2098/2402 2100/2404 2101/2405
f 1823/2118 951/1015 1016/1086
f 1016/1085 951/1014 855/910
f 688/741 806/859 689/742
f 1976/2277 1941/2242 1823/2118
f 810/863 812/865 813/866
f 2099/2403 2098/2402 2101/2405
f 2099/2403 2101/2405 1948/2249
f 1946/2247 1945/2246 1928/2229
f 1945/2246 1940/2241 1939/2240
f 826/881 824/879 823/878
f 823/878 824/879 821/876
f 821/876 806/859 822/877
f 805/858 806/859 688/741
f 689/742 809/862 690/743
f 809/862 810/863 813/866
f 850/905 828/883 829/884
f 829/884 826/881 823/878
f 2123/2427 2122/2426 2097/2401
f 2099/2403 1948/2249 2129/2433
f 1948/2249 1947/2248 1926/2227
f 1826/2121 1823/2118 1016/1086
f 829/884 823/878 830/885
f 822/877 823/878 821/876
f 822/877 806/859 805/858
f 2095/2399 2097/2401 2098/2402
f 2095/2399 2098/2402 2099/2403
f 1926/2227 1947/2248 1928/2229
f 1928/2229 1947/2248 1946/2247
f 1928/2229 1945/2246 1939/2240
f 1940/2241 1941/2242 1936/2237
f 1939/2240 1940/2241 1936/2237
f 1936/2237 1941/2242 1976/2277
f 855/910 850/905 854/909
f 850/905 829/884 831/886
f 831/886 829/884 830/885
f 688/741 689/742 690/743
f 3259/3700 3318/3768 3260/3701
f 3260/3701 3318/3768 3695/4353
f 3318/3768 3640/4252 3695/4353
f 3695/4353 3640/4252 3641/4254
f 3641/4254 3640/4252 3281/3725
f 3641/4254 3281/3725 3643/4256
f 3281/3725 3279/3722 3643/4256
f 3643/4256 3279/3722 3430/3933
f 2123/2427 2097/2401 2093/2397
f 2094/2398 2097/2401 2095/2399
f 854/909 850/905 849/904
f 809/862 813/866 750/803
f 3421/3915 3262/3704 3261/3703
f 3261/3703 3262/3704 3259/3700
f 3262/3704 3266/3709 3259/3700
f 3259/3700 3266/3709 3267/3710
f 3266/3709 3268/3711 3267/3710
f 3267/3710 3268/3711 3269/3712
f 3268/3711 3270/3713 3269/3712
f 3269/3712 3270/3713 3271/3714
f 3270/3713 3272/3715 3271/3714
f 3272/3715 3273/3716 3271/3714
f 3271/3714 3273/3716 3275/3718
f 3271/3714 3275/3718 3276/3719
f 3275/3718 3277/3720 3276/3719
f 3276/3719 3277/3720 3278/3721
f 3278/3721 3277/3720 3807/4577
f 3278/3721 3807/4577 3280/3723
f 3807/4578 3545/4121 3280/3724
f 3280/3724 3545/4121 3806/4576
f 3280/3724 3806/4576 3804/4572
f 3804/4572 3806/4576 3805/4574
f 3805/4574 3806/4576 3808/4579
f 3805/4574 3808/4579 3809/4580
f 3805/4573 3809/4581 3534/4102
f 3534/4102 3809/4581 3535/4105
f 3534/4102 3535/4105 1628/1867
f 2093/2397 2097/2401 2094/2398
f 2129/2433 1948/2249 1926/2227
f 1926/2227 1928/2229 1927/2228
f 3544/4119 3310/3757 3304/3750
f 690/743 809/862 750/803
f 3815/4591 1634/1878 1626/1864
f 3535/4103 3815/4591 1626/1864
f 849/904 850/905 831/886
f 804/857 822/877 805/858
f 804/857 805/858 686/739
f 805/858 688/741 686/739
f 3863/4687 3283/3727 3285/3729
f 3863/4687 3285/3729 3864/4689
f 3859/4678 3858/4676 3857/4674
f 3285/3730 3833/4623 3832/4621
f 1928/2229 1939/2240 1938/2239
f 831/886 830/885 832/887
f 823/878 822/877 869/924
f 686/739 688/741 687/740
f 688/741 690/743 692/745
f 687/740 688/741 692/745
f 3307/3753 3859/4677 3857/4673
f 3637/4247 3285/3730 3832/4621
f 594/623 593/622 2395/2722
f 1976/2277 1823/2118 1826/2121
f 849/904 831/886 848/903
f 2095/2399 2099/2403 2127/2431
f 2127/2431 2099/2403 2129/2433
f 1027/1098 1016/1085 854/909
f 854/909 1016/1085 855/910
f 830/885 823/878 869/924
f 869/924 822/877 804/857
f 685/738 686/739 687/740
f 2127/2431 2129/2433 1925/2226
f 2129/2433 1926/2227 1925/2226
f 1926/2227 1927/2228 1924/2225
f 1923/2224 1927/2228 1928/2229
f 1923/2224 1928/2229 1938/2239
f 1938/2239 1939/2240 1936/2237
f 832/887 830/885 869/924
f 3863/4688 3864/4690 3840/4640
f 3839/4637 3863/4687 3840/4638
f 1925/2226 1926/2227 1924/2225
f 1924/2225 1927/2228 1923/2224
f 1937/2238 1938/2239 1936/2237
f 848/903 831/886 833/888
f 833/888 831/886 832/887
f 692/745 690/743 748/801
f 3425/3922 3307/3753 3857/4673
f 3425/3922 3857/4673 3712/4385
f 748/801 690/743 750/803
f 3841/4641 3637/4246 3832/4622
f 3841/4641 3832/4622 3118/3511
f 750/803 813/866 3212/3645
f 594/623 2395/2722 2396/2725
f 2396/2724 2395/2723 2125/2429
f 2085/2389 2125/2429 2123/2427
f 2093/2397 2094/2398 2092/2396
f 2092/2396 2094/2398 2095/2399
f 2092/2396 2095/2399 2096/2400
f 2095/2399 2127/2431 2096/2400
f 1923/2224 1938/2239 1937/2238
f 1936/2237 1976/2277 1935/2236
f 1935/2236 1976/2277 1826/2121
f 1027/1098 854/909 2463/2799
f 2396/2724 2125/2429 2085/2389
f 2294/2609 1027/1098 2463/2799
f 869/924 804/857 803/856
f 3438/3946 3839/4636 3840/4639
f 1935/2236 1826/2121 2199/2508
f 2199/2508 1826/2121 2294/2608
f 834/889 832/887 869/924
f 684/737 804/857 686/739
f 684/737 686/739 685/738
f 687/740 692/745 691/744
f 2086/2390 2123/2427 2093/2397
f 2127/2431 1925/2226 1922/2223
f 1920/2221 1925/2226 1924/2225
f 1931/2232 1923/2224 1937/2238
f 833/888 832/887 834/889
f 3438/3946 3840/4639 3439/3948
f 3425/3922 3712/4385 3413/3901
f 3412/3899 3425/3922 3413/3901
f 3294/3740 3860/4680 3861/4681
f 3841/4641 3118/3511 3102/3493
f 1924/2225 1923/2224 1920/2221
f 1933/2234 1937/2238 1936/2237
f 2199/2508 2294/2608 2463/2800
f 851/906 854/909 849/904
f 803/856 804/857 684/737
f 3399/3881 3845/4648 3400/3883
f 3400/3883 3845/4648 3854/4668
f 3400/3883 3404/3889 3526/4085
f 3526/4085 3404/3889 3406/3891
f 3311/3758 3312/3759 3301/3747
f 3300/3746 3311/3758 3301/3747
f 2085/2389 2123/2427 2086/2390
f 3171/3589 3438/3945 3439/3947
f 3410/3896 3412/3899 3413/3901
f 3410/3896 3413/3901 3420/3912
f 3669/4298 3841/4641 3102/3493
f 1922/2223 1925/2226 1920/2221
f 1933/2234 1936/2237 1935/2236
f 834/889 869/924 802/855
f 802/855 869/924 803/856
f 3171/3589 3439/3947 3440/3949
f 749/802 750/803 3212/3645
f 2096/2400 2127/2431 2128/2432
f 1919/2220 1920/2221 1923/2224
f 1919/2220 1923/2224 1931/2232
f 3671/4303 3171/3589 3440/3949
f 3114/3506 3115/3507 3112/3503
f 3114/3506 3112/3503 3113/3504
f 3410/3896 3420/3912 3408/3894
f 3409/3895 3410/3896 3408/3894
f 2086/2390 2093/2397 2089/2393
f 2093/2397 2092/2396 2089/2393
f 2091/2395 2092/2396 2096/2400
f 1977/2278 1935/2236 2199/2508
f 2463/2799 854/909 851/906
f 3772/4508 3409/3895 3408/3894
f 748/801 750/803 749/802
f 3117/3510 3669/4298 3102/3493
f 2091/2395 2096/2400 2128/2432
f 685/738 687/740 691/744
f 691/744 692/745 693/746
f 693/746 692/745 748/801
f 3104/3495 3117/3510 3102/3493
f 3104/3495 3102/3493 3103/3494
f 2092/2396 2091/2395 2089/2393
f 2127/2431 1922/2223 2128/2432
f 1931/2232 1937/2238 1933/2234
f 1933/2234 1935/2236 1934/2235
f 803/856 684/737 682/735
f 2128/2432 1922/2223 1921/2222
f 3105/3496 3104/3495 3103/3494
f 851/906 849/904 847/902
f 682/735 684/737 683/736
f 683/736 684/737 685/738
f 2126/2430 2091/2395 2128/2432
f 1921/2222 1922/2223 1920/2221
f 1931/2232 1933/2234 1932/2233
f 852/907 851/906 847/902
f 847/902 849/904 848/903
f 802/855 803/856 682/735
f 1934/2235 1935/2236 1977/2278
f 847/902 848/903 846/901
f 846/901 848/903 833/888
f 2084/2388 2085/2389 2086/2390
f 2086/2390 2089/2393 2087/2391
f 2126/2430 2128/2432 1921/2222
f 1921/2222 1920/2221 1918/2219
f 1932/2233 1933/2234 1934/2235
f 693/746 748/801 747/800
f 747/800 748/801 749/802
f 2089/2393 2091/2395 2090/2394
f 2091/2395 2126/2430 2090/2394
f 1920/2221 1919/2220 1918/2219
f 1919/2220 1931/2232 1917/2218
f 1977/2278 2199/2508 2198/2507
f 2198/2507 2199/2508 2463/2800
f 2198/2507 2463/2800 1007/1075
f 1007/1076 2463/2799 851/906
f 836/891 834/889 802/855
f 683/736 685/738 694/747
f 596/625 594/623 2396/2725
f 2396/2724 2085/2389 2083/2387
f 2087/2391 2089/2393 2090/2394
f 1917/2218 1931/2232 1932/2233
f 694/747 685/738 691/744
f 596/625 2396/2725 2394/2721
f 2394/2720 2396/2724 2083/2387
f 2084/2388 2086/2390 2087/2391
f 1918/2219 1919/2220 1917/2218
f 1934/2235 1977/2278 1978/2279
f 846/901 833/888 835/890
f 835/890 833/888 834/889
f 681/734 802/855 682/735
f 694/747 691/744 693/746
f 749/802 3212/3645 880/935
f 2083/2387 2085/2389 2084/2388
f 835/890 834/889 836/891
f 682/735 683/736 681/734
f 751/804 683/736 694/747
f 2087/2391 2090/2394 2088/2392
f 2088/2392 2090/2394 2137/2441
f 2126/2430 1921/2222 1930/2231
f 1930/2231 1921/2222 1918/2219
f 1978/2279 1977/2278 2198/2507
f 801/854 802/855 681/734
f 694/747 693/746 747/800
f 2090/2394 2126/2430 2135/2439
f 2135/2439 2126/2430 1930/2231
f 1930/2231 1918/2219 1929/2230
f 1929/2230 1918/2219 1906/2207
f 1906/2207 1918/2219 1917/2218
f 1906/2207 1917/2218 1903/2204
f 1903/2204 1917/2218 1932/2233
f 2251/2562 1932/2233 1934/2235
f 2251/2562 1934/2235 2250/2561
f 2250/2561 1934/2235 1978/2279
f 2137/2441 2090/2394 2136/2440
f 2090/2394 2135/2439 2136/2440
f 2135/2439 1930/2231 2256/2567
f 1930/2231 1929/2230 2256/2567
f 2084/2388 2087/2391 2088/2392
f 1903/2204 1932/2233 2202/2513
f 2202/2513 1932/2233 2251/2562
f 836/891 802/855 801/854
f 747/800 749/802 880/935
f 2083/2387 2084/2388 2082/2386
f 2136/2440 2135/2439 2343/2666
f 2135/2439 2256/2567 2343/2666
f 2344/2667 2256/2567 2257/2568
f 2257/2568 2256/2567 2253/2564
f 2256/2567 1929/2230 2253/2564
f 2253/2564 1929/2230 1915/2216
f 1915/2216 1929/2230 1912/2213
f 1912/2213 1929/2230 1910/2211
f 1929/2230 1906/2207 1910/2211
f 1910/2211 1906/2207 1907/2208
f 1907/2208 1906/2207 1905/2206
f 1905/2206 1906/2207 1903/2204
f 683/736 751/804 680/733
f 2082/2386 2084/2388 2088/2392
f 2137/2441 2136/2440 2382/2707
f 2382/2707 2136/2440 2343/2666
f 2343/2666 2256/2567 2344/2667
f 2383/2708 2253/2564 1915/2216
f 1007/1076 851/906 853/908
f 2344/2667 2257/2568 2544/2886
f 2544/2886 2257/2568 2253/2564
f 2544/2886 2253/2564 2543/2885
f 2544/2886 2543/2885 2542/2884
f 853/908 851/906 852/907
f 681/734 683/736 680/733
f 2382/2707 2343/2666 2348/2671
f 2346/2669 2343/2666 2344/2667
f 1905/2206 1903/2204 1904/2205
f 2542/2884 2543/2885 2540/2882
f 680/733 751/804 694/747
f 2402/2733 2137/2441 2382/2707
f 2402/2733 2382/2707 2355/2678
f 2355/2678 2382/2707 2348/2671
f 2348/2671 2343/2666 2346/2669
f 2346/2669 2344/2667 2347/2670
f 2347/2670 2344/2667 2354/2677
f 2344/2667 2420/2752 2354/2677
f 2383/2708 1915/2216 1911/2212
f 1911/2212 1915/2216 1912/2213
f 1911/2212 1912/2213 1910/2211
f 1908/2209 1907/2208 1904/2205
f 1907/2208 1905/2206 1904/2205
f 1978/2279 2198/2507 2197/2506
f 2420/2752 2542/2884 2541/2883
f 2541/2883 2542/2884 2540/2882
f 680/733 694/747 679/732
f 679/732 694/747 747/800
f 2378/2703 2402/2733 2355/2678
f 2355/2678 2348/2671 2349/2672
f 2354/2677 2420/2752 2419/2751
f 1914/2215 1911/2212 1910/2211
f 1910/2211 1907/2208 1909/2210
f 1909/2210 1907/2208 1908/2209
f 1025/1096 2312/2631 1007/1076
f 1025/1096 1007/1076 2467/2808
f 2467/2808 1007/1076 853/908
f 2419/2751 2420/2752 2541/2883
f 836/891 801/854 800/853
f 2394/2720 2083/2387 2080/2384
f 2137/2441 2402/2733 2303/2619
f 2378/2703 2355/2678 2356/2679
f 2356/2679 2355/2678 2349/2672
f 2348/2671 2346/2669 2349/2672
f 2349/2672 2346/2669 2350/2673
f 2350/2673 2346/2669 2347/2670
f 2384/2709 2383/2708 1911/2212
f 1903/2204 2202/2513 2203/2514
f 2203/2514 2202/2513 2252/2563
f 2252/2563 2202/2513 2251/2562
f 2419/2751 2541/2883 2539/2881
f 2539/2881 2541/2883 2540/2882
f 847/902 846/901 845/900
f 801/854 681/734 676/729
f 2351/2674 2350/2673 2347/2670
f 2347/2670 2354/2677 2353/2676
f 2351/2674 2347/2670 2353/2676
f 2353/2676 2354/2677 2419/2751
f 2353/2676 2419/2751 2381/2706
f 2384/2709 1911/2212 1913/2214
f 1913/2214 1911/2212 1914/2215
f 2252/2563 2251/2562 2250/2561
f 2197/2506 1025/1095 2467/2807
f 2303/2619 2402/2733 2403/2734
f 2402/2733 2378/2703 2403/2734
f 2381/2706 2419/2751 2539/2881
f 2539/2881 2540/2882 2538/2880
f 2538/2880 2540/2882 2384/2709
f 676/729 681/734 677/730
f 677/730 681/734 680/733
f 2082/2386 2088/2392 2138/2442
f 2404/2735 2378/2703 2356/2679
f 2356/2679 2349/2672 2352/2675
f 2349/2672 2350/2673 2352/2675
f 1914/2215 1910/2211 1909/2210
f 1909/2210 1908/2209 2397/2726
f 2397/2726 1908/2209 1904/2205
f 2397/2726 1904/2205 2442/2776
f 2442/2776 1904/2205 2366/2690
f 1979/2280 2250/2561 1978/2279
f 2381/2706 2539/2881 2517/2859
f 2517/2859 2539/2881 2538/2880
f 678/731 680/733 679/732
f 2301/2617 2137/2441 2303/2619
f 2304/2620 2303/2619 2403/2734
f 2404/2735 2356/2679 2352/2675
f 2351/2674 2353/2676 2381/2706
f 2385/2710 2384/2709 1913/2214
f 1914/2215 1909/2210 1916/2217
f 1902/2203 1904/2205 1903/2204
f 1900/2201 1903/2204 2204/2515
f 1916/2217 1909/2210 2397/2726
f 1916/2217 2397/2726 2509/2851
f 2509/2851 2397/2726 2442/2776
f 846/901 835/890 838/893
f 800/853 801/854 676/729
f 695/748 679/732 747/800
f 2080/2384 2083/2387 2082/2386
f 2138/2442 2088/2392 2137/2441
f 2138/2442 2137/2441 2301/2617
f 2301/2617 2303/2619 2304/2620
f 2304/2620 2403/2734 2405/2736
f 2514/2856 2404/2735 2352/2675
f 2352/2675 2350/2673 2458/2792
f 2514/2856 2352/2675 2458/2792
f 2458/2792 2350/2673 2457/2791
f 2350/2673 2351/2674 2456/2790
f 2457/2791 2350/2673 2456/2790
f 2456/2790 2351/2674 2381/2706
f 2385/2710 1913/2214 2386/2711
f 2386/2711 1913/2214 1914/2215
f 2386/2711 1914/2215 2392/2718
f 2392/2718 1914/2215 2393/2719
f 1914/2215 1916/2217 2393/2719
f 2459/2793 2442/2776 2366/2690
f 2366/2690 1904/2205 1902/2203
f 2204/2515 1903/2204 2203/2514
f 2252/2563 2250/2561 2249/2560
f 2249/2560 2250/2561 1979/2280
f 2405/2736 2403/2734 2477/2819
f 2477/2819 2404/2735 2480/2822
f 2480/2822 2404/2735 2514/2856
f 2381/2706 2517/2859 2513/2855
f 2513/2855 2517/2859 2516/2858
f 2509/2851 2442/2776 2459/2793
f 845/900 846/901 838/893
f 837/892 835/890 836/891
f 837/892 836/891 800/853
f 2405/2736 2477/2819 2478/2820
f 2477/2819 2480/2822 2479/2821
f 2478/2820 2477/2819 2479/2821
f 2480/2822 2514/2856 2481/2823
f 2479/2821 2480/2822 2481/2823
f 2481/2823 2514/2856 2458/2792
f 2481/2823 2458/2792 2488/2830
f 2488/2830 2458/2792 2457/2791
f 2457/2791 2456/2790 2488/2830
f 2488/2830 2456/2790 2490/2832
f 2456/2790 2381/2706 2513/2855
f 2456/2790 2513/2855 2490/2832
f 2490/2832 2513/2855 2492/2834
f 2492/2834 2513/2855 2516/2858
f 2516/2858 2385/2710 2386/2711
f 2492/2834 2516/2858 2386/2711
f 2492/2834 2386/2711 2494/2836
f 2502/2844 2393/2719 2508/2850
f 2508/2850 2393/2719 1916/2217
f 2508/2850 1916/2217 2509/2851
f 2508/2850 2509/2851 2506/2848
f 2506/2848 2509/2851 2510/2852
f 2509/2851 2459/2793 2510/2852
f 677/730 680/733 678/731
f 746/799 747/800 880/935
f 595/624 596/625 2394/2721
f 2304/2620 2405/2736 2406/2737
f 2459/2793 2366/2690 2460/2794
f 2460/2794 2366/2690 1902/2203
f 1902/2203 1903/2204 1900/2201
f 2406/2737 2405/2736 2478/2820
f 2406/2737 2478/2820 2483/2825
f 2483/2825 2478/2820 2479/2821
f 2483/2825 2479/2821 2482/2824
f 2482/2824 2479/2821 2481/2823
f 2482/2824 2481/2823 2486/2828
f 2481/2823 2488/2830 2487/2829
f 2486/2828 2481/2823 2487/2829
f 2487/2829 2488/2830 2489/2831
f 2489/2831 2488/2830 2490/2832
f 2489/2831 2490/2832 2491/2833
f 2491/2833 2490/2832 2492/2834
f 2491/2833 2492/2834 2493/2835
f 2492/2834 2494/2836 2493/2835
f 2493/2835 2494/2836 2500/2842
f 2494/2836 2392/2718 2502/2844
f 2500/2842 2494/2836 2502/2844
f 2500/2842 2502/2844 2501/2843
f 2502/2844 2392/2718 2393/2719
f 2502/2844 2508/2850 2504/2846
f 2501/2843 2502/2844 2504/2846
f 2504/2846 2508/2850 2506/2848
f 2506/2848 2510/2852 2511/2853
f 2511/2853 2510/2852 2545/2887
f 853/908 852/907 844/899
f 844/899 852/907 847/902
f 2080/2384 2082/2386 2081/2385
f 2082/2386 2138/2442 2139/2443
f 2301/2617 2304/2620 2302/2618
f 2304/2620 2406/2737 2302/2618
f 2437/2770 2460/2794 1902/2203
f 1979/2280 1978/2279 1980/2281
f 1980/2281 1978/2279 2197/2506
f 2302/2618 2406/2737 2485/2827
f 2406/2737 2483/2825 2484/2826
f 2485/2827 2406/2737 2484/2826
f 2484/2826 2482/2824 2486/2828
f 2484/2826 2486/2828 2498/2840
f 2498/2840 2486/2828 1894/2195
f 2486/2828 2487/2829 1894/2195
f 1894/2195 2487/2829 2497/2839
f 2487/2829 2489/2831 2497/2839
f 2497/2839 2489/2831 2495/2837
f 2495/2837 2489/2831 2491/2833
f 2495/2837 2491/2833 2493/2835
f 2495/2837 2493/2835 2496/2838
f 2496/2838 2493/2835 2499/2841
f 2499/2841 2493/2835 2500/2842
f 2499/2841 2500/2842 2501/2843
f 2499/2841 2501/2843 2503/2845
f 2501/2843 2504/2846 2503/2845
f 2503/2845 2504/2846 2505/2847
f 2505/2847 2504/2846 2506/2848
f 2505/2847 2506/2848 2507/2849
f 2506/2848 2511/2853 2512/2854
f 2507/2849 2506/2848 2512/2854
f 2459/2793 2460/2794 2437/2770
f 2545/2887 2459/2793 2437/2770
f 2515/2857 2545/2887 2437/2770
f 2484/2826 2483/2825 2482/2824
f 2511/2853 2545/2887 2515/2857
f 2512/2854 2511/2853 2515/2857
f 844/899 847/902 845/900
f 838/893 835/890 837/892
f 1668/1933 1603/1830 1592/1809
f 1592/1809 1603/1830 1602/1829
f 1603/1830 1605/1833 1604/1831
f 1603/1830 1604/1831 1602/1829
f 1604/1831 1605/1833 1606/1834
f 3132/3532 1599/1823 1601/1827
f 1591/1808 1599/1823 3132/3532
f 1604/1831 1606/1834 1607/1836
f 1604/1831 1607/1836 1602/1829
f 1607/1836 1606/1834 3134/3536
f 2081/2385 2082/2386 2139/2443
f 1901/2202 1902/2203 1900/2201
f 2485/2827 2484/2826 2422/2754
f 2422/2754 2484/2826 2537/2879
f 2484/2826 2498/2840 1895/2196
f 2537/2879 2484/2826 1895/2196
f 1894/2195 2497/2839 1892/2193
f 1892/2193 2497/2839 1891/2192
f 2497/2839 2495/2837 1891/2192
f 1890/2191 2495/2837 2496/2838
f 1890/2191 2496/2838 2519/2861
f 2496/2838 2499/2841 2519/2861
f 2519/2861 2499/2841 2518/2860
f 2499/2841 2503/2845 2518/2860
f 2518/2860 2503/2845 2505/2847
f 2518/2860 2505/2847 1882/2182
f 2505/2847 2507/2849 1883/2183
f 1883/2183 2507/2849 2512/2854
f 2512/2854 2515/2857 2521/2863
f 2521/2863 2515/2857 2437/2770
f 674/727 800/853 676/729
f 662/715 678/731 679/732
f 1668/1932 1667/1931 1666/1929
f 1667/1931 1668/1932 1669/1934
f 1597/1820 1596/1818 1595/1815
f 1595/1815 1596/1818 1594/1813
f 1595/1815 1594/1813 3086/3477
f 3086/3477 1594/1813 1590/1807
f 1590/1807 1589/1805 1588/1803
f 1588/1803 1589/1805 1587/1802
f 1588/1803 1587/1802 1585/1798
f 1585/1798 1587/1802 1584/1797
f 1585/1798 1584/1797 1581/1792
f 1581/1792 1584/1797 1582/1794
f 1581/1792 1582/1794 1583/1795
f 1582/1794 1586/1800 1583/1795
f 1583/1795 1586/1800 1591/1808
f 1586/1800 1668/1933 1591/1808
f 1591/1808 1668/1933 1592/1809
f 3083/3473 1597/1820 1595/1815
f 3086/3477 1590/1807 1593/1811
f 1593/1811 1590/1807 1588/1803
f 1593/1811 1588/1803 1598/1822
f 1588/1803 1585/1798 1598/1822
f 1598/1822 1585/1798 1581/1792
f 1598/1822 1581/1792 1600/1825
f 1600/1825 1581/1792 1583/1795
f 1600/1825 1583/1795 3130/3529
f 3130/3529 1583/1795 1591/1808
f 3130/3529 1591/1808 3132/3532
f 1601/1827 1592/1809 1602/1829
f 2138/2442 2301/2617 2302/2618
f 2138/2442 2302/2618 2441/2774
f 2422/2754 1895/2196 1835/2135
f 1835/2135 1895/2196 1894/2195
f 1835/2135 1894/2195 1843/2143
f 1894/2195 1892/2193 1843/2143
f 1892/2193 1891/2192 1846/2146
f 1843/2143 1892/2193 1846/2146
f 1846/2146 1891/2192 1890/2191
f 1859/2159 1890/2191 1896/2197
f 1859/2159 1896/2197 1872/2172
f 1872/2172 1896/2197 1882/2182
f 1872/2172 1882/2182 1871/2171
f 1882/2182 1883/2183 1875/2175
f 1871/2171 1882/2182 1875/2175
f 2536/2878 2437/2770 2365/2689
f 2437/2770 1902/2203 1901/2202
f 2365/2689 2437/2770 1901/2202
f 2203/2514 2252/2563 2248/2559
f 1980/2281 2197/2506 2196/2505
f 2196/2505 2197/2506 2467/2807
f 2441/2774 2302/2618 2485/2827
f 2441/2774 2485/2827 2438/2771
f 2438/2771 2485/2827 2422/2754
f 2520/2862 1883/2183 2512/2854
f 2520/2862 2512/2854 2521/2863
f 1596/1816 1597/1819 3433/3938
f 1812/2094 2441/2774 2438/2771
f 2438/2771 2422/2754 1853/2153
f 1812/2094 2438/2771 1853/2153
f 1853/2153 2422/2754 1835/2135
f 1846/2146 1890/2191 1889/2190
f 1889/2190 1890/2191 1859/2159
f 1862/2162 1859/2159 1872/2172
f 2535/2877 2536/2878 2365/2689
f 2248/2559 2252/2563 2249/2560
f 662/715 679/732 695/748
f 695/748 747/800 746/799
f 1761/2026 1779/2046 1682/1947
f 3434/3939 1596/1816 3433/3938
f 877/932 880/935 921/980
f 2138/2442 2441/2774 1885/2185
f 1885/2186 2441/2775 1812/2095
f 1854/2154 1812/2094 1853/2153
f 1836/2136 1835/2135 1843/2143
f 1842/2142 1843/2143 1846/2146
f 1846/2146 1889/2190 1847/2147
f 1875/2175 1883/2183 1886/2187
f 2365/2689 1901/2202 1899/2200
f 2204/2515 2203/2514 2205/2516
f 2205/2516 2203/2514 2248/2559
f 2196/2505 2467/2807 2427/2759
f 2427/2760 2467/2808 853/908
f 1883/2183 2520/2862 1886/2187
f 1886/2187 2520/2862 2522/2864
f 2522/2864 2520/2862 2521/2863
f 2522/2864 2521/2863 2523/2865
f 1689/1954 1680/1945 1687/1952
f 1781/2048 1779/2046 1761/2026
f 1695/1960 1697/1962 1737/2002
f 1762/2027 1512/1662 1513/1665
f 2080/2384 2081/2385 2078/2382
f 1842/2142 1846/2146 1847/2147
f 1847/2147 1889/2190 1859/2159
f 1899/2200 1901/2202 1900/2201
f 2249/2560 1979/2280 1980/2281
f 2454/2788 1886/2187 2522/2864
f 845/900 838/893 841/896
f 837/892 800/853 799/852
f 1781/2048 1761/2026 1759/2024
f 1770/2037 1512/1662 1762/2027
f 2394/2720 2080/2384 2078/2382
f 2139/2443 2138/2442 2259/2571
f 2259/2571 2138/2442 1885/2185
f 1854/2154 1853/2153 1845/2145
f 1845/2145 1853/2153 1835/2135
f 1845/2145 1835/2135 1834/2134
f 1834/2134 1835/2135 1836/2136
f 1836/2136 1843/2143 1842/2142
f 1847/2147 1859/2159 1858/2158
f 1864/2164 1872/2172 1871/2171
f 1870/2170 1871/2171 1875/2175
f 2535/2877 2365/2689 1899/2200
f 2243/2554 1900/2201 2204/2515
f 2454/2788 2522/2864 2524/2866
f 2524/2866 2522/2864 2523/2865
f 838/893 837/892 798/851
f 799/852 800/853 674/727
f 674/727 676/729 675/728
f 676/729 677/730 675/728
f 1732/1997 1686/1951 3661/4288
f 3434/3939 3433/3938 3509/4054
f 3866/4694 3434/3939 3509/4054
f 2259/2571 1885/2185 2372/2696
f 1884/2184 1812/2094 1854/2154
f 1884/2184 1854/2154 1845/2145
f 1858/2158 1859/2159 1862/2162
f 1862/2162 1872/2172 1864/2164
f 1864/2164 1871/2171 1870/2170
f 1875/2175 1886/2187 1887/2188
f 1887/2188 1886/2187 2454/2788
f 798/851 837/892 799/852
f 1841/2141 1842/2142 1847/2147
f 1898/2199 1899/2200 1900/2201
f 2206/2517 2204/2515 2205/2516
f 1732/1997 3661/4288 3662/4290
f 1700/1965 1696/1961 1694/1959
f 746/799 880/935 877/932
f 1837/2137 1834/2134 1836/2136
f 1858/2158 1862/2162 1863/2163
f 1863/2163 1862/2162 1864/2164
f 2248/2559 2249/2560 1982/2283
f 1982/2283 2249/2560 1980/2281
f 1887/2188 2454/2788 2455/2789
f 2455/2789 2454/2788 2524/2866
f 844/899 845/900 841/896
f 841/896 838/893 839/894
f 839/894 838/893 798/851
f 677/730 678/731 661/714
f 1714/1979 1689/1954 1708/1973
f 1769/2035 1770/2037 1766/2031
f 1844/2144 1845/2145 1834/2134
f 1836/2136 1842/2142 1840/2140
f 2372/2696 1885/2185 2557/2899
f 2524/2866 2523/2865 2525/2867
f 2078/2382 2081/2385 2139/2443
f 1884/2184 1845/2145 1851/2151
f 1857/2157 1884/2184 1851/2151
f 1851/2151 1845/2145 1844/2144
f 1840/2140 1842/2142 1841/2141
f 1852/2152 1847/2147 1858/2158
f 1852/2152 1858/2158 1861/2161
f 1867/2167 1864/2164 1870/2170
f 1870/2170 1875/2175 1876/2176
f 1876/2176 1875/2175 1887/2188
f 2534/2876 2535/2877 1899/2200
f 660/713 695/748 746/799
f 1715/1980 1733/1998 1736/2001
f 1782/2049 1781/2048 1759/2024
f 1837/2137 1836/2136 1838/2138
f 1838/2138 1836/2136 1840/2140
f 1858/2158 1863/2163 1861/2161
f 2205/2516 2248/2559 2207/2518
f 867/922 853/908 843/898
f 661/714 678/731 662/715
f 662/715 695/748 660/713
f 3867/4698 3662/4289 3866/4694
f 1782/2049 1759/2024 1756/2021
f 1844/2144 1834/2134 1837/2137
f 1841/2141 1847/2147 1852/2152
f 2534/2876 1899/2200 1897/2198
f 1897/2198 1899/2200 1898/2199
f 2206/2517 2205/2516 2207/2518
f 2427/2760 853/908 902/958
f 902/958 853/908 867/922
f 675/728 677/730 661/714
f 3867/4696 3866/4695 3865/4691
f 3866/4694 3509/4054 3686/4329
f 3865/4691 3866/4695 3686/4330
f 2077/2381 2078/2382 2079/2383
f 2079/2383 2078/2382 2139/2443
f 1876/2176 1887/2188 1888/2189
f 1888/2189 1887/2188 2455/2789
f 2455/2789 2524/2866 2526/2868
f 2526/2868 2524/2866 2525/2867
f 799/852 674/727 796/849
f 674/727 675/728 673/726
f 1723/1988 1714/1979 1713/1978
f 1863/2163 1864/2164 1867/2167
f 1898/2199 1900/2201 2243/2554
f 2207/2518 2248/2559 1982/2283
f 2372/2696 2557/2899 1857/2157
f 798/851 799/852 796/849
f 1726/1991 1728/1993 1742/2007
f 595/624 2394/2721 652/701
f 652/700 2394/2720 2078/2382
f 2075/2379 2139/2443 2259/2571
f 2533/2875 2534/2876 1897/2198
f 116/136 410/430 240/260
f 1782/2049 1756/2021 1755/2020
f 1727/1992 1726/1991 1701/1966
f 652/700 2078/2382 2077/2381
f 2075/2379 2259/2571 2372/2696
f 1857/2157 1851/2151 1844/2144
f 1838/2138 1840/2140 1841/2141
f 1860/2160 1852/2152 1861/2161
f 1861/2161 1863/2163 1867/2167
f 2242/2553 2204/2515 2206/2517
f 2372/2696 1857/2157 2434/2767
f 1888/2189 2455/2789 2526/2868
f 661/714 662/715 660/713
f 660/713 746/799 745/798
f 1751/2016 1735/2000 3867/4697
f 1723/1988 1713/1978 1724/1989
f 1750/2015 1782/2049 1755/2020
f 745/798 746/799 877/932
f 1837/2137 1838/2138 1839/2139
f 1841/2141 1852/2152 1860/2160
f 1860/2160 1861/2161 1865/2165
f 1866/2166 1861/2161 1867/2167
f 1868/2168 1870/2170 1876/2176
f 1897/2198 1898/2199 1881/2181
f 1898/2199 2243/2554 2242/2553
f 2242/2553 2243/2554 2204/2515
f 2526/2868 2525/2867 2527/2869
f 1750/2015 1755/2020 1753/2018
f 1764/2029 1768/2033 1785/2055
f 1768/2033 1764/2029 1767/2032
f 3865/4692 3686/4329 3151/3559
f 1857/2157 1844/2144 1856/2156
f 2434/2767 1857/2157 1856/2156
f 1844/2144 1837/2137 1856/2156
f 1865/2165 1861/2161 1866/2166
f 1867/2167 1870/2170 1868/2168
f 1876/2176 1888/2189 1877/2177
f 1877/2177 1888/2189 2530/2872
f 1888/2189 2526/2868 2528/2870
f 2530/2872 1888/2189 2528/2870
f 2528/2870 2526/2868 2527/2869
f 797/850 798/851 796/849
f 674/727 673/726 672/725
f 675/728 661/714 671/724
f 1783/2050 3865/4692 3151/3559
f 2079/2383 2139/2443 2075/2379
f 2075/2379 2372/2696 2332/2651
f 2434/2767 1856/2156 1855/2155
f 1856/2156 1837/2137 1839/2139
f 1855/2155 1856/2156 1839/2139
f 2372/2696 2434/2767 2332/2651
f 843/898 844/899 841/896
f 839/894 798/851 840/895
f 1517/1672 1515/1668 1516/1669
f 2546/2888 2434/2767 1855/2155
f 2546/2888 1855/2155 1893/2194
f 1841/2141 1860/2160 2428/2761
f 1850/2150 1841/2141 2428/2761
f 1874/2174 1865/2165 1866/2166
f 1874/2174 1866/2166 1873/2173
f 1866/2166 1867/2167 1869/2169
f 1867/2167 1868/2168 1869/2169
f 1868/2168 1876/2176 1877/2177
f 2532/2874 2533/2875 1897/2198
f 1881/2181 1898/2199 1879/2179
f 2332/2651 2434/2767 2547/2889
f 2547/2889 2434/2767 2546/2888
f 1860/2160 1865/2165 2428/2761
f 2530/2872 2528/2870 2529/2871
f 2529/2871 2528/2870 2527/2869
f 840/895 798/851 797/850
f 796/849 674/727 672/725
f 1786/2056 1783/2050 3151/3559
f 2077/2381 2079/2383 2075/2379
f 1893/2194 1855/2155 1849/2149
f 1849/2149 1855/2155 1839/2139
f 1849/2149 1839/2139 1838/2138
f 1849/2149 1838/2138 1848/2148
f 1848/2148 1838/2138 1841/2141
f 1848/2148 1841/2141 1850/2150
f 1873/2173 1866/2166 1869/2169
f 1868/2168 1877/2177 1878/2178
f 2532/2874 1897/2198 1880/2180
f 1880/2180 1897/2198 1881/2181
f 1879/2179 1898/2199 2242/2553
f 2207/2518 1982/2283 1981/2282
f 1981/2282 1982/2283 1980/2281
f 2195/2504 2196/2505 2427/2759
f 2547/2889 2546/2888 1893/2194
f 1877/2177 2530/2872 1878/2178
f 1878/2178 2530/2872 2529/2871
f 2529/2871 2527/2869 2532/2874
f 241/261 410/430 411/431
f 796/849 672/725 795/848
f 601/631 595/624 652/701
f 2073/2377 2077/2381 2075/2379
f 1850/2150 2428/2761 1874/2174
f 1868/2168 1878/2178 2531/2873
f 2531/2873 2532/2874 1880/2180
f 1880/2180 1881/2181 1879/2179
f 867/922 843/898 842/897
f 842/897 843/898 841/896
f 673/726 675/728 671/724
f 2075/2379 2332/2651 1893/2194
f 2075/2379 1893/2194 1849/2149
f 1850/2150 1874/2174 1873/2173
f 1868/2168 2531/2873 1880/2180
f 2206/2517 2207/2518 2208/2519
f 2075/2379 1849/2149 2244/2555
f 1849/2149 1848/2148 2244/2555
f 1848/2148 1850/2150 2237/2548
f 2244/2555 1848/2148 2237/2548
f 1850/2150 1873/2173 2237/2548
f 2237/2548 1873/2173 2240/2551
f 1873/2173 1869/2169 2240/2551
f 1869/2169 1868/2168 1879/2179
f 1868/2168 1880/2180 1879/2179
f 2208/2519 2207/2518 1983/2284
f 1983/2284 2207/2518 1981/2282
f 841/896 839/894 788/841
f 788/841 839/894 840/895
f 797/850 796/849 795/848
f 652/700 2077/2381 2072/2376
f 2240/2551 1869/2169 1879/2179
f 2242/2553 2206/2517 2209/2520
f 671/724 661/714 658/711
f 658/711 661/714 660/713
f 2075/2379 2244/2555 2076/2380
f 2232/2543 2244/2555 2237/2548
f 2237/2548 2240/2551 2238/2549
f 1879/2179 2242/2553 2222/2533
f 1981/2282 1980/2281 2196/2505
f 842/897 841/896 788/841
f 658/711 660/713 659/712
f 2240/2551 1879/2179 2241/2552
f 2241/2552 1879/2179 2222/2533
f 2222/2533 2242/2553 2209/2520
f 1981/2282 2196/2505 2195/2504
f 877/932 921/980 922/982
f 2076/2380 2244/2555 2245/2556
f 2245/2556 2244/2555 2232/2543
f 2239/2550 2238/2549 2240/2551
f 2239/2550 2240/2551 2241/2552
f 2209/2520 2206/2517 2208/2519
f 2075/2379 2076/2380 2069/2373
f 2245/2556 2232/2543 2306/2622
f 2229/2540 2237/2548 2238/2549
f 2229/2540 2238/2549 2239/2550
f 2264/2578 2239/2550 2241/2552
f 669/722 671/724 670/723
f 2072/2376 2077/2381 2073/2377
f 2265/2579 2239/2550 2264/2578
f 1984/2285 1981/2282 2195/2504
f 669/722 673/726 671/724
f 671/724 658/711 670/723
f 2076/2380 2245/2556 2246/2557
f 2305/2621 2306/2622 2232/2543
f 2232/2543 2237/2548 2229/2540
f 2334/2654 2264/2578 2263/2577
f 2263/2577 2264/2578 2241/2552
f 2263/2577 2241/2552 2262/2576
f 1983/2284 1981/2282 1984/2285
f 659/712 660/713 696/749
f 2069/2373 2076/2380 2246/2557
f 2246/2557 2245/2556 2391/2717
f 2391/2717 2245/2556 2306/2622
f 2391/2717 2306/2622 2548/2890
f 2548/2890 2306/2622 2549/2891
f 2549/2891 2306/2622 2305/2621
f 2230/2541 2239/2550 2265/2579
f 2230/2541 2265/2579 2380/2705
f 2380/2705 2265/2579 2264/2578
f 2380/2705 2264/2578 2334/2654
f 797/850 795/848 794/847
f 794/847 795/848 672/725
f 672/725 673/726 669/722
f 3700/4361 3352/3810 3382/3855
f 2073/2377 2075/2379 2069/2373
f 2553/2895 2549/2891 2551/2893
f 2549/2891 2305/2621 2551/2893
f 2232/2543 2229/2540 2231/2542
f 2230/2541 2380/2705 2379/2704
f 2379/2704 2380/2705 2334/2654
f 2379/2704 2334/2654 2474/2816
f 2473/2815 2263/2577 2468/2809
f 2468/2809 2263/2577 2262/2576
f 2241/2552 2222/2533 2223/2534
f 745/798 877/932 878/933
f 2472/2814 2473/2815 2475/2817
f 2074/2378 2073/2377 2069/2373
f 2246/2557 2391/2717 2247/2558
f 2247/2558 2391/2717 2548/2890
f 2247/2558 2548/2890 2550/2892
f 2554/2896 2553/2895 2551/2893
f 2554/2896 2551/2893 2552/2894
f 2552/2894 2551/2893 2370/2694
f 2370/2694 2551/2893 2305/2621
f 2370/2694 2305/2621 2235/2546
f 2305/2621 2232/2543 2235/2546
f 2235/2546 2232/2543 2233/2544
f 2233/2544 2232/2543 2231/2542
f 2229/2540 2239/2550 2230/2541
f 2379/2704 2474/2816 2476/2818
f 2475/2817 2473/2815 2468/2809
f 2475/2817 2468/2809 2469/2810
f 2469/2810 2468/2809 2262/2576
f 2223/2534 2262/2576 2241/2552
f 2193/2502 2195/2504 2427/2759
f 696/749 660/713 745/798
f 2070/2374 2246/2557 2247/2558
f 2247/2558 2550/2892 2368/2692
f 2550/2892 2554/2896 2552/2894
f 2472/2814 2475/2817 2470/2811
f 2476/2818 2472/2814 2470/2811
f 2339/2659 2476/2818 2470/2811
f 2470/2811 2475/2817 2469/2810
f 2470/2811 2469/2810 2338/2658
f 2338/2658 2469/2810 2262/2576
f 2338/2658 2262/2576 2223/2534
f 2555/2897 2550/2892 2552/2894
f 2555/2897 2552/2894 2556/2898
f 2368/2692 2550/2892 2555/2897
f 2552/2894 2370/2694 2556/2898
f 2379/2704 2476/2818 2462/2798
f 3357/3818 3355/3815 1808/2084
f 3357/3818 1808/2084 3358/3819
f 601/631 652/701 653/703
f 653/702 652/700 2072/2376
f 2070/2374 2247/2558 2368/2692
f 2556/2898 2370/2694 2369/2693
f 2369/2693 2370/2694 2235/2546
f 2236/2547 2235/2546 2233/2544
f 2229/2540 2230/2541 2228/2539
f 2228/2539 2230/2541 2379/2704
f 2228/2539 2379/2704 2462/2798
f 2228/2539 2462/2798 2339/2659
f 2339/2659 2470/2811 2338/2658
f 1984/2285 2195/2504 2193/2502
f 2368/2692 2555/2897 2369/2693
f 2555/2897 2556/2898 2369/2693
f 902/958 867/922 868/923
f 868/923 867/922 842/897
f 788/841 840/895 793/846
f 878/933 877/932 922/982
f 3381/3854 3357/3818 3358/3819
f 600/630 601/631 653/703
f 2070/2374 2368/2692 2369/2693
f 2070/2374 2369/2693 2236/2547
f 2369/2693 2235/2546 2236/2547
f 2228/2539 2339/2659 2227/2538
f 2227/2538 2339/2659 2338/2658
f 2227/2538 2338/2658 2223/2534
f 2222/2533 2209/2520 2221/2532
f 3358/3819 3800/4565 3381/3854
f 2072/2376 2073/2377 2074/2378
f 2069/2373 2246/2557 2070/2374
f 2070/2374 2236/2547 2141/2445
f 2231/2542 2229/2540 2224/2535
f 2224/2535 2229/2540 2228/2539
f 2223/2534 2222/2533 2221/2532
f 2210/2521 2209/2520 2208/2519
f 840/895 797/850 794/847
f 672/725 669/722 668/721
f 669/722 670/723 663/716
f 663/716 670/723 658/711
f 2074/2378 2069/2373 2071/2375
f 2070/2374 2141/2445 2140/2444
f 2293/2607 2141/2445 2236/2547
f 2293/2607 2236/2547 2233/2544
f 2224/2535 2228/2539 2227/2538
f 2069/2373 2070/2374 2071/2375
f 2140/2444 2141/2445 2293/2607
f 2234/2545 2293/2607 2233/2544
f 2221/2532 2209/2520 2220/2531
f 2220/2531 2209/2520 2210/2521
f 793/846 840/895 794/847
f 2067/2371 2074/2378 2071/2375
f 2140/2444 2293/2607 2234/2545
f 2233/2544 2231/2542 2234/2545
f 2231/2542 2224/2535 2254/2565
f 2224/2535 2227/2538 2223/2534
f 2210/2521 2208/2519 1983/2284
f 794/847 672/725 668/721
f 2071/2375 2070/2374 2140/2444
f 1985/2286 1983/2284 1984/2285
f 789/842 788/841 793/846
f 2255/2566 2231/2542 2254/2565
f 2224/2535 2223/2534 2221/2532
f 2210/2521 1983/2284 1985/2286
f 668/721 669/722 665/718
f 653/702 2072/2376 2142/2446
f 2142/2446 2072/2376 2068/2372
f 2068/2372 2072/2376 2074/2378
f 2074/2378 2067/2371 2068/2372
f 2067/2371 2071/2375 2140/2444
f 2234/2545 2231/2542 2266/2580
f 2226/2537 2254/2565 2224/2535
f 2226/2537 2224/2535 2225/2536
f 2225/2536 2224/2535 2221/2532
f 2219/2530 2221/2532 2220/2531
f 663/716 658/711 657/710
f 657/710 658/711 659/712
f 697/750 696/749 745/798
f 2268/2582 2067/2371 2140/2444
f 2140/2444 2234/2545 2268/2582
f 2268/2582 2234/2545 2266/2580
f 2255/2566 2254/2565 2408/2739
f 2408/2739 2254/2565 2464/2801
f 2464/2801 2254/2565 2440/2773
f 2440/2773 2254/2565 2315/2634
f 2315/2634 2254/2565 2226/2537
f 2225/2536 2221/2532 2328/2647
f 2317/2636 2225/2536 2328/2647
f 2328/2647 2221/2532 2452/2786
f 665/718 669/722 663/716
f 697/750 659/712 696/749
f 2067/2371 2268/2582 2269/2583
f 2430/2763 2067/2371 2269/2583
f 2266/2580 2231/2542 2267/2581
f 2267/2581 2231/2542 2255/2566
f 2452/2786 2221/2532 2453/2787
f 789/842 793/846 791/844
f 792/845 794/847 668/721
f 657/710 659/712 697/750
f 2271/2585 2268/2582 2266/2580
f 2255/2566 2408/2739 2407/2738
f 2439/2772 2440/2773 2315/2634
f 2439/2772 2315/2634 2371/2695
f 2371/2695 2315/2634 2327/2646
f 2328/2647 2452/2786 2451/2785
f 2453/2787 2221/2532 2418/2750
f 2566/2908 2453/2787 2418/2750
f 2418/2750 2221/2532 2219/2530
f 2407/2738 2408/2739 2877/3229
f 2408/2739 2464/2801 2876/3228
f 2877/3229 2408/2739 2876/3228
f 2876/3228 2464/2801 2440/2773
f 2452/2786 2453/2787 2578/2921
f 2451/2785 2452/2786 2578/2921
f 2578/2921 2453/2787 2568/2910
f 793/846 794/847 792/845
f 3673/4307 3368/3833 3369/3835
f 3369/3835 3368/3833 3366/3831
f 3366/3831 3368/3833 1534/1703
f 2270/2584 2269/2583 2268/2582
f 2270/2584 2268/2582 2271/2585
f 2272/2586 2266/2580 2267/2581
f 2267/2581 2255/2566 2367/2691
f 2367/2691 2255/2566 2407/2738
f 2314/2633 2315/2634 2226/2537
f 2328/2647 2451/2785 2414/2745
f 2418/2750 2219/2530 2337/2657
f 2211/2522 2210/2521 1985/2286
f 2432/2765 2430/2763 2431/2764
f 2431/2764 2430/2763 2269/2583
f 2407/2738 2877/3229 2880/3232
f 2874/3226 2876/3228 2864/3216
f 2414/2745 2451/2785 2830/3178
f 2830/3178 2451/2785 2578/2921
f 2830/3178 2578/2921 2570/2912
f 2570/2912 2578/2921 2568/2910
f 2875/3227 2877/3229 2876/3228
f 2880/3232 2877/3229 2875/3227
f 787/840 842/897 788/841
f 787/840 788/841 785/838
f 785/838 788/841 789/842
f 793/846 792/845 791/844
f 1536/1709 3838/4635 1529/1695
f 3838/4634 1536/1708 3836/4630
f 108/120 3838/4634 3836/4630
f 1529/1695 3838/4635 113/132
f 1529/1695 113/132 1528/1693
f 1528/1693 113/132 112/130
f 1528/1693 112/130 1527/1691
f 1527/1691 112/130 111/128
f 1527/1691 111/128 1523/1685
f 1523/1685 111/128 1524/1687
f 1523/1685 1524/1687 1525/1688
f 1524/1687 1526/1690 1525/1688
f 1525/1688 1526/1690 1530/1696
f 1526/1690 1531/1698 1530/1696
f 1530/1696 1531/1698 1532/1700
f 1530/1696 1532/1700 1533/1702
f 1533/1702 1532/1700 1535/1707
f 1533/1702 1535/1707 3706/4374
f 1528/1693 1527/1691 3380/3853
f 3380/3853 1527/1691 3373/3841
f 1527/1691 1523/1685 3373/3841
f 3373/3841 1523/1685 3379/3851
f 3379/3851 1523/1685 1525/1688
f 3379/3851 1525/1688 3673/4308
f 1534/1704 1530/1696 1533/1702
f 2297/2612 2269/2583 2270/2584
f 2271/2585 2266/2580 2272/2586
f 2327/2646 2315/2634 2314/2633
f 2314/2633 2226/2537 2225/2536
f 2317/2636 2328/2647 2410/2741
f 2410/2741 2328/2647 2414/2745
f 2220/2531 2210/2521 2211/2522
f 2193/2502 2427/2759 1004/1072
f 1004/1071 2427/2760 902/958
f 2414/2745 2830/3178 2805/3150
f 2830/3178 2570/2912 2574/2917
f 2805/3150 2830/3178 2574/2917
f 2570/2912 2568/2910 2558/2900
f 2574/2917 2570/2912 2558/2900
f 2066/2370 2068/2372 2067/2371
f 2297/2612 2270/2584 2282/2596
f 2282/2596 2270/2584 2271/2585
f 2273/2587 2271/2585 2272/2586
f 2267/2581 2367/2691 2284/2598
f 2367/2691 2407/2738 2284/2598
f 2864/3216 2439/2772 2371/2695
f 2864/3216 2371/2695 2330/2649
f 2330/2649 2371/2695 2327/2646
f 2566/2908 2418/2750 2336/2656
f 2562/2904 2566/2908 2336/2656
f 2336/2656 2418/2750 2337/2657
f 2219/2530 2220/2531 2213/2524
f 2284/2598 2407/2738 2880/3232
f 2574/2917 2558/2900 2560/2902
f 2805/3150 2574/2917 2560/2902
f 668/721 665/718 664/717
f 665/718 663/716 667/720
f 36/36 37/37 38/39
f 35/35 96/101 53/54
f 108/120 3836/4630 3837/4631
f 109/122 108/120 3837/4631
f 1615/1846 102/109 1614/1845
f 2282/2596 2271/2585 2273/2587
f 2281/2595 2267/2581 2284/2598
f 2410/2741 2414/2745 2413/2744
f 2414/2745 2805/3150 2413/2744
f 2805/3150 2560/2902 2559/2901
f 792/845 668/721 664/717
f 664/717 665/718 666/719
f 39/40 36/36 38/39
f 95/100 96/101 35/35
f 95/100 35/35 48/49
f 38/38 109/123 3837/4632
f 1613/1843 1615/1846 1614/1845
f 2064/2368 2142/2446 2068/2372
f 2067/2371 2430/2763 2426/2758
f 2296/2611 2297/2612 2282/2596
f 2272/2586 2267/2581 2281/2595
f 2316/2635 2225/2536 2317/2636
f 2426/2758 2430/2763 2432/2765
f 2873/3225 2874/3226 2864/3216
f 2413/2744 2805/3150 2580/2923
f 2880/3232 2875/3227 2872/3224
f 2875/3227 2874/3226 2872/3224
f 2580/2923 2805/3150 2559/2901
f 791/844 792/845 779/832
f 667/720 663/716 657/710
f 597/626 600/630 653/703
f 597/626 653/703 655/706
f 653/702 2142/2446 2064/2368
f 655/707 653/702 2064/2368
f 2064/2368 2068/2372 2066/2370
f 2274/2588 2273/2587 2272/2586
f 2863/3215 2864/3216 2330/2649
f 2316/2635 2317/2636 2318/2637
f 2318/2637 2317/2636 2410/2741
f 2213/2524 2220/2531 2212/2523
f 2873/3225 2864/3216 2863/3215
f 2413/2744 2580/2923 2579/2922
f 2579/2922 2580/2923 2561/2903
f 666/719 665/718 667/720
f 93/98 95/100 48/49
f 3063/3446 38/38 3837/4632
f 2272/2586 2281/2595 2275/2589
f 2330/2649 2327/2646 2326/2645
f 2318/2637 2410/2741 2411/2742
f 2411/2742 2410/2741 2413/2744
f 2212/2523 2220/2531 2211/2522
f 1004/1071 902/958 870/925
f 2426/2758 2432/2765 2433/2766
f 2433/2766 2432/2765 2431/2764
f 2433/2766 2431/2764 2448/2782
f 2284/2598 2880/3232 2446/2780
f 2834/3182 2413/2744 2579/2922
f 2579/2922 2561/2903 2563/2905
f 870/925 902/958 868/923
f 2446/2780 2880/3232 2872/3224
f 778/831 792/845 664/717
f 697/750 745/798 744/797
f 744/797 745/798 878/933
f 2275/2589 2281/2595 2284/2598
f 2314/2633 2225/2536 2316/2635
f 2337/2657 2219/2530 2217/2528
f 2217/2528 2219/2530 2213/2524
f 1984/2285 2193/2502 2008/2309
f 868/923 787/840 786/839
f 1613/1843 1611/1841 1621/1857
f 2066/2370 2067/2371 2058/2362
f 2058/2362 2067/2371 2426/2758
f 2295/2610 2296/2611 2282/2596
f 2276/2590 2273/2587 2274/2588
f 2326/2645 2327/2646 2314/2633
f 2326/2645 2314/2633 2325/2644
f 2325/2644 2314/2633 2316/2635
f 2411/2742 2413/2744 2415/2746
f 2562/2904 2336/2656 2335/2655
f 2212/2523 2211/2522 1987/2288
f 2873/3225 2863/3215 2862/3214
f 2415/2746 2413/2744 2834/3182
f 789/842 791/844 779/832
f 790/843 789/842 779/832
f 100/106 38/38 3063/3446
f 3063/3446 3837/4632 3060/3442
f 2295/2610 2282/2596 2283/2597
f 2282/2596 2273/2587 2276/2590
f 2283/2597 2282/2596 2276/2590
f 2862/3214 2863/3215 2330/2649
f 2564/2906 2562/2904 2335/2655
f 2336/2656 2337/2657 2217/2528
f 2335/2655 2336/2656 2217/2528
f 779/832 792/845 778/831
f 698/751 657/710 697/750
f 2064/2368 2066/2370 2063/2367
f 2299/2614 2296/2611 2295/2610
f 2862/3214 2330/2649 2329/2648
f 2329/2648 2330/2649 2326/2645
f 2869/3221 2873/3225 2862/3214
f 2415/2746 2834/3182 2833/3181
f 2833/3181 2834/3182 2579/2922
f 2446/2780 2872/3224 2871/3223
f 90/95 93/98 48/49
f 1987/2288 2211/2522 1985/2286
f 2433/2766 2448/2782 2449/2783
f 2871/3223 2872/3224 2870/3222
f 778/831 664/717 776/829
f 776/829 664/717 666/719
f 667/720 657/710 698/751
f 100/106 3063/3446 3062/3444
f 90/95 48/49 50/51
f 3062/3444 3063/3446 3060/3442
f 2065/2369 2064/2368 2063/2367
f 2058/2362 2426/2758 2425/2757
f 2274/2588 2272/2586 2275/2589
f 2213/2524 2212/2523 1988/2289
f 2426/2758 2433/2766 2450/2784
f 2425/2757 2426/2758 2450/2784
f 2450/2784 2433/2766 2449/2783
f 2833/3181 2579/2922 2577/2920
f 2577/2920 2579/2922 2563/2905
f 103/110 100/105 3062/3445
f 2063/2367 2066/2370 2058/2362
f 2276/2590 2274/2588 2275/2589
f 2275/2589 2284/2598 2285/2599
f 2285/2599 2284/2598 2446/2780
f 2318/2637 2411/2742 2412/2743
f 2412/2743 2411/2742 2415/2746
f 2564/2906 2335/2655 2313/2632
f 2313/2632 2335/2655 2217/2528
f 2447/2781 2446/2780 2871/3223
f 698/751 697/750 699/752
f 2276/2590 2275/2589 2277/2591
f 2277/2591 2275/2589 2285/2599
f 2329/2648 2326/2645 2323/2642
f 2323/2642 2326/2645 2322/2641
f 2326/2645 2325/2644 2322/2641
f 2325/2644 2316/2635 2322/2641
f 2212/2523 1987/2288 1988/2289
f 2577/2920 2563/2905 2565/2907
f 786/839 787/840 785/838
f 785/838 789/842 790/843
f 790/843 779/832 780/833
f 666/719 667/720 752/805
f 699/752 697/750 744/797
f 4/4 27/27 24/24
f 27/27 4/4 5/5
f 597/626 655/706 2342/2665
f 2342/2664 655/707 2064/2368
f 2283/2597 2276/2590 2278/2592
f 2861/3213 2862/3214 2329/2648
f 2869/3221 2862/3214 2861/3213
f 43/44 42/43 103/110
f 28/28 27/27 5/5
f 2298/2613 2299/2614 2295/2610
f 2298/2613 2295/2610 2283/2597
f 2278/2592 2276/2590 2277/2591
f 2285/2599 2446/2780 2447/2781
f 2316/2635 2318/2637 2319/2638
f 2319/2638 2318/2637 2412/2743
f 1985/2286 1984/2285 2008/2309
f 870/925 868/923 786/839
f 43/44 103/110 47/48
f 101/107 41/42 30/30
f 28/28 5/5 12/12
f 3062/3444 3060/3442 3061/3443
f 2287/2601 2278/2592 2279/2593
f 2279/2593 2278/2592 2277/2591
f 2279/2593 2277/2591 2280/2594
f 2564/2906 2313/2632 2218/2529
f 2851/3201 2869/3221 2861/3213
f 2415/2746 2833/3181 2575/2918
f 2833/3181 2577/2920 2575/2918
f 2577/2920 2565/2907 2567/2909
f 2575/2918 2577/2920 2567/2909
f 2447/2781 2871/3223 2831/3179
f 2871/3223 2870/3222 2831/3179
f 780/833 779/832 777/830
f 779/832 778/831 777/830
f 666/719 752/805 703/756
f 85/88 90/95 50/51
f 110/125 3062/3444 3061/3443
f 2058/2362 2425/2757 2424/2756
f 2286/2600 2298/2613 2283/2597
f 2286/2600 2283/2597 2278/2592
f 2286/2600 2278/2592 2287/2601
f 2280/2594 2277/2591 2285/2599
f 2285/2599 2447/2781 2390/2716
f 2329/2648 2323/2642 2331/2650
f 2321/2640 2322/2641 2316/2635
f 2321/2640 2316/2635 2320/2639
f 2316/2635 2319/2638 2320/2639
f 2319/2638 2412/2743 2416/2747
f 2416/2747 2412/2743 2415/2746
f 2569/2911 2564/2906 2218/2529
f 2425/2757 2450/2784 2424/2756
f 2424/2756 2450/2784 2449/2783
f 2424/2756 2449/2783 2854/3204
f 2854/3204 2449/2783 2855/3205
f 2390/2716 2447/2781 2831/3179
f 2416/2747 2415/2746 2575/2918
f 752/805 667/720 698/751
f 2342/2664 2064/2368 2062/2366
f 2401/2732 2286/2600 2287/2601
f 2401/2732 2287/2601 2398/2727
f 2398/2727 2287/2601 2288/2602
f 2287/2601 2279/2593 2288/2602
f 2280/2594 2285/2599 2345/2668
f 2345/2668 2285/2599 2390/2716
f 2429/2762 2861/3213 2329/2648
f 2429/2762 2329/2648 2331/2650
f 2331/2650 2323/2642 2321/2640
f 2323/2642 2322/2641 2321/2640
f 2320/2639 2319/2638 2324/2643
f 2324/2643 2319/2638 2416/2747
f 2218/2529 2313/2632 2217/2528
f 1988/2289 1987/2288 1986/2287
f 1986/2287 1987/2288 1985/2286
f 2854/3204 2855/3205 2853/3203
f 2853/3203 2855/3205 2286/2600
f 2853/3203 2286/2600 2401/2732
f 2324/2643 2416/2747 2583/2927
f 2583/2927 2416/2747 2575/2918
f 2583/2927 2575/2918 2571/2913
f 2571/2913 2575/2918 2567/2909
f 1652/1904 110/125 3061/3443
f 1652/1904 3061/3443 3064/3448
f 1618/1849 1617/1848 114/133
f 2062/2366 2064/2368 2065/2369
f 2058/2362 2424/2756 2061/2365
f 2288/2602 2279/2593 2280/2594
f 2288/2602 2280/2594 2345/2668
f 2331/2650 2321/2640 2320/2639
f 2423/2755 2569/2911 2218/2529
f 2218/2529 2217/2528 2216/2527
f 1986/2287 1985/2286 2008/2309
f 2061/2365 2854/3204 2853/3203
f 2061/2365 2853/3203 2852/3202
f 2853/3203 2401/2732 2804/3149
f 2852/3202 2853/3203 2804/3149
f 2804/3149 2401/2732 2398/2727
f 2804/3149 2398/2727 2697/3041
f 2345/2668 2390/2716 2763/3107
f 2684/3028 2345/2668 2763/3107
f 2809/3154 2851/3201 2664/3008
f 2320/2639 2324/2643 2606/2950
f 2606/2950 2324/2643 2583/2927
f 2763/3107 2390/2716 2831/3179
f 2763/3107 2831/3179 2809/3154
f 785/838 790/843 781/834
f 778/831 776/829 777/830
f 2065/2369 2063/2367 2055/2359
f 2423/2755 2218/2529 2311/2629
f 2311/2629 2218/2529 2216/2527
f 2217/2528 2213/2524 2216/2527
f 2216/2527 2213/2524 2214/2525
f 2214/2525 2213/2524 1988/2289
f 2061/2365 2852/3202 2359/2682
f 2750/3094 2804/3149 2697/3041
f 2750/3094 2697/3041 2681/3025
f 2697/3041 2398/2727 2288/2602
f 2697/3041 2288/2602 2685/3029
f 2681/3025 2697/3041 2685/3029
f 2681/3025 2685/3029 2682/3026
f 2685/3029 2288/2602 2684/3028
f 2682/3026 2685/3029 2684/3028
f 2288/2602 2345/2668 2684/3028
f 2682/3026 2684/3028 2683/3027
f 2683/3027 2684/3028 2699/3043
f 2699/3043 2684/3028 2763/3107
f 2664/3008 2429/2762 2653/2997
f 2664/3008 2653/2997 2655/2999
f 2655/2999 2653/2997 2614/2958
f 2653/2997 2429/2762 2331/2650
f 2653/2997 2331/2650 2607/2951
f 2614/2958 2653/2997 2607/2951
f 2614/2958 2607/2951 2598/2942
f 2331/2650 2320/2639 2607/2951
f 2598/2942 2607/2951 2605/2949
f 2607/2951 2320/2639 2606/2950
f 2607/2951 2606/2950 2605/2949
f 2605/2949 2606/2950 2584/2928
f 2584/2928 2606/2950 2583/2927
f 2584/2928 2583/2927 2576/2919
f 2576/2919 2583/2927 2571/2913
f 2576/2919 2571/2913 2573/2915
f 2571/2913 2572/2914 2573/2915
f 2852/3202 2804/3149 2762/3106
f 783/836 785/838 781/834
f 753/806 776/829 666/719
f 744/797 878/933 879/934
f 878/933 922/982 920/979
f 879/934 878/933 920/979
f 2055/2359 2063/2367 2058/2362
f 2058/2362 2061/2365 2059/2363
f 2059/2363 2061/2365 2359/2682
f 1810/2089 2423/2755 2311/2629
f 1810/2089 2311/2629 1811/2091
f 1811/2091 2311/2629 2216/2527
f 2214/2525 1988/2289 1990/2291
f 2006/2307 1986/2287 2008/2309
f 2359/2682 2852/3202 2751/3095
f 2751/3095 2750/3094 2748/3092
f 2748/3092 2750/3094 2681/3025
f 2681/3025 2682/3026 2672/3016
f 2675/3019 2681/3025 2672/3016
f 2672/3016 2682/3026 2683/3027
f 2672/3016 2683/3027 2671/3015
f 2671/3015 2683/3027 2699/3043
f 2699/3043 2763/3107 2671/3015
f 2671/3015 2763/3107 2754/3098
f 2754/3098 2664/3008 2603/2947
f 2603/2947 2664/3008 2655/2999
f 2655/2999 2614/2958 2601/2945
f 2601/2945 2614/2958 2598/2942
f 2592/2936 2598/2942 2605/2949
f 2592/2936 2605/2949 2584/2928
f 2576/2919 2573/2915 2581/2924
f 2751/3095 2852/3202 2762/3106
f 870/925 786/839 784/837
f 784/837 786/839 785/838
f 784/837 785/838 783/836
f 781/834 790/843 780/833
f 2062/2366 2065/2369 2055/2359
f 2055/2359 2058/2362 2056/2360
f 2056/2360 2058/2362 2059/2363
f 2059/2363 2359/2682 2358/2681
f 2358/2681 2359/2682 2360/2683
f 2602/2946 2603/2947 2601/2945
f 1988/2289 1986/2287 1989/2290
f 2360/2683 2751/3095 2749/3093
f 2749/3093 2751/3095 2748/3092
f 2748/3092 2681/3025 2676/3020
f 2676/3020 2681/3025 2675/3019
f 2676/3020 2675/3019 2674/3018
f 2674/3018 2675/3019 2672/3016
f 2674/3018 2672/3016 2673/3017
f 2673/3017 2672/3016 2670/3014
f 2670/3014 2672/3016 2671/3015
f 2670/3014 2671/3015 2667/3011
f 2667/3011 2671/3015 2665/3009
f 2665/3009 2671/3015 2754/3098
f 2754/3098 2603/2947 2665/3009
f 2599/2943 2601/2945 2598/2942
f 2599/2943 2598/2942 2594/2938
f 2594/2938 2598/2942 2592/2936
f 2594/2938 2592/2936 2593/2937
f 2592/2936 2584/2928 2586/2930
f 2593/2937 2592/2936 2586/2930
f 2586/2930 2584/2928 2585/2929
f 2585/2929 2584/2928 2576/2919
f 2585/2929 2576/2919 2658/3002
f 2576/2919 2581/2924 2582/2926
f 2658/3002 2576/2919 2582/2926
f 2581/2925 1810/2090 1809/2088
f 1809/2088 1810/2090 1811/2093
f 1661/1921 1809/2087 1811/2092
f 2860/3212 2581/2925 1809/2088
f 2582/2926 2581/2924 2860/3211
f 599/629 597/626 2342/2665
f 2059/2363 2358/2681 2357/2680
f 2602/2946 2601/2945 2600/2944
f 2585/2929 2590/2934 2589/2933
f 2417/2748 1811/2091 2216/2527
f 2193/2502 1004/1072 2465/2803
f 2465/2802 1004/1071 870/925
f 2360/2683 2749/3093 2759/3103
f 2749/3093 2748/3092 2686/3030
f 2759/3103 2749/3093 2686/3030
f 2686/3030 2748/3092 2676/3020
f 2686/3030 2676/3020 2680/3024
f 2680/3024 2676/3020 2674/3018
f 2680/3024 2674/3018 2679/3023
f 2674/3018 2673/3017 2678/3022
f 2679/3023 2674/3018 2678/3022
f 2673/3017 2670/3014 2677/3021
f 2678/3022 2673/3017 2677/3021
f 2677/3021 2670/3014 2669/3013
f 2670/3014 2667/3011 2669/3013
f 2669/3013 2667/3011 2668/3012
f 2667/3011 2665/3009 2666/3010
f 2668/3012 2667/3011 2666/3010
f 2666/3010 2665/3009 2602/2946
f 2600/2944 2601/2945 2599/2943
f 2600/2944 2599/2943 2595/2939
f 2599/2943 2594/2938 2595/2939
f 2595/2939 2594/2938 2593/2937
f 2586/2930 2585/2929 2587/2931
f 2589/2933 2590/2934 2582/2926
f 1661/1921 1811/2092 1660/1920
f 2582/2926 2860/3211 2858/3208
f 2589/2933 2582/2926 2858/3208
f 2860/3211 1809/2086 1660/1919
f 2858/3208 2860/3211 1660/1919
f 698/751 699/752 700/753
f 2060/2364 2059/2363 2260/2572
f 2260/2572 2059/2363 2357/2680
f 2588/2932 2585/2929 2589/2933
f 2588/2932 2589/2933 2604/2948
f 2417/2748 2216/2527 2214/2525
f 1989/2290 1986/2287 2006/2307
f 2008/2309 2193/2502 2194/2503
f 2194/2503 2193/2502 2465/2803
f 2358/2681 2759/3103 2803/3148
f 2759/3103 2686/3030 2693/3037
f 2803/3148 2759/3103 2693/3037
f 2693/3037 2686/3030 2680/3024
f 2693/3037 2680/3024 2691/3035
f 2691/3035 2680/3024 2679/3023
f 2679/3023 2678/3022 2687/3031
f 2691/3035 2679/3023 2687/3031
f 2687/3031 2678/3022 2689/3033
f 2678/3022 2677/3021 2689/3033
f 2689/3033 2677/3021 2669/3013
f 2689/3033 2669/3013 2688/3032
f 2688/3032 2669/3013 2668/3012
f 2668/3012 2666/3010 2752/3096
f 2752/3096 2666/3010 2602/2946
f 2752/3096 2602/2946 2657/3001
f 2657/3001 2602/2946 2611/2955
f 2611/2955 2602/2946 2600/2944
f 2611/2955 2600/2944 2609/2953
f 2600/2944 2595/2939 2609/2953
f 2609/2953 2595/2939 2596/2940
f 2595/2939 2593/2937 2596/2940
f 2593/2937 2586/2930 2596/2940
f 2591/2935 2586/2930 2587/2931
f 2604/2948 2589/2933 2808/3153
f 2808/3153 2589/2933 2858/3208
f 2858/3208 1660/1919 2859/3209
f 753/806 666/719 703/756
f 2056/2360 2059/2363 2060/2364
f 2389/2714 2417/2748 2214/2525
f 1994/2295 2214/2525 1990/2291
f 2357/2680 2358/2681 2803/3148
f 2357/2680 2803/3148 2695/3039
f 2845/3195 2357/2680 2695/3039
f 2695/3039 2803/3148 2693/3037
f 2695/3039 2693/3037 2692/3036
f 2693/3037 2691/3035 2692/3036
f 2692/3036 2691/3035 2690/3034
f 2691/3035 2687/3031 2690/3034
f 2690/3034 2687/3031 2689/3033
f 2690/3034 2689/3033 2694/3038
f 2694/3038 2689/3033 2688/3032
f 2688/3032 2668/3012 2698/3042
f 2698/3042 2668/3012 2752/3096
f 2698/3042 2752/3096 2753/3097
f 2656/3000 2657/3001 2611/2955
f 2656/3000 2611/2955 2612/2956
f 2611/2955 2609/2953 2610/2954
f 2612/2956 2611/2955 2610/2954
f 2609/2953 2596/2940 2610/2954
f 2596/2940 2586/2930 2591/2935
f 2591/2935 2587/2931 2608/2952
f 2608/2952 2587/2931 2654/2998
f 2588/2932 2604/2948 2654/2998
f 2654/2998 2604/2948 2808/3153
f 2654/2998 2808/3153 2807/3152
f 2807/3152 2808/3153 2826/3174
f 2807/3152 2826/3174 2859/3209
f 2753/3097 2752/3096 2811/3156
f 2811/3156 2752/3096 2657/3001
f 2812/3157 2811/3156 2657/3001
f 2826/3174 2858/3208 2859/3209
f 700/753 699/752 744/797
f 2053/2357 2062/2366 2055/2359
f 2436/2769 2389/2714 2290/2604
f 1990/2291 1988/2289 1989/2290
f 2260/2572 2357/2680 2845/3195
f 2260/2572 2845/3195 2799/3144
f 2800/3145 2695/3039 2723/3067
f 2695/3039 2692/3036 2721/3065
f 2723/3067 2695/3039 2721/3065
f 2721/3065 2692/3036 2720/3064
f 2720/3064 2692/3036 2690/3034
f 2696/3040 2694/3038 2688/3032
f 2812/3157 2656/3000 2636/2980
f 2878/3230 2812/3157 2636/2980
f 2636/2980 2656/3000 2612/2956
f 2634/2978 2612/2956 2610/2954
f 2610/2954 2596/2940 2613/2957
f 2613/2957 2596/2940 2597/2941
f 2596/2940 2591/2935 2597/2941
f 2591/2935 2608/2952 2597/2941
f 2608/2952 2654/2998 2652/2996
f 2597/2941 2608/2952 2652/2996
f 2652/2996 2654/2998 2807/3152
f 2652/2996 2807/3152 2894/3248
f 781/834 780/833 774/827
f 774/827 780/833 777/830
f 774/827 777/830 775/828
f 775/828 777/830 776/829
f 775/828 776/829 753/806
f 2055/2359 2056/2360 2057/2361
f 2644/2988 2636/2980 2634/2978
f 2435/2768 2436/2769 2290/2604
f 2290/2604 2389/2714 2215/2526
f 2389/2714 2214/2525 2215/2526
f 2215/2526 2214/2525 1994/2295
f 2060/2364 2260/2572 2798/3143
f 2798/3143 2260/2572 2799/3144
f 2798/3143 2799/3144 2760/3104
f 2760/3104 2799/3144 2800/3145
f 2760/3104 2800/3145 2723/3067
f 2702/3046 2720/3064 2690/3034
f 2702/3046 2690/3034 2696/3040
f 2690/3034 2694/3038 2696/3040
f 2696/3040 2688/3032 2700/3044
f 2688/3032 2698/3042 2746/3090
f 2700/3044 2688/3032 2746/3090
f 2746/3090 2698/3042 2753/3097
f 2746/3090 2753/3097 2797/3142
f 2635/2979 2634/2978 2610/2954
f 2635/2979 2610/2954 2613/2957
f 2613/2957 2597/2941 2616/2960
f 2616/2960 2597/2941 2618/2962
f 2618/2962 2597/2941 2652/2996
f 2618/2962 2652/2996 2659/3003
f 2659/3003 2652/2996 2660/3004
f 2660/3004 2652/2996 2894/3248
f 2753/3097 2811/3156 2813/3158
f 2797/3142 2753/3097 2813/3158
f 2813/3158 2811/3156 2812/3157
f 2813/3158 2812/3157 2814/3159
f 701/754 752/805 698/751
f 701/754 698/751 700/753
f 700/753 744/797 743/796
f 743/796 744/797 879/934
f 2052/2356 2062/2366 2053/2357
f 2056/2360 2060/2364 2292/2606
f 2718/3062 2723/3067 2715/3059
f 2715/3059 2702/3046 2701/3045
f 2702/3046 2696/3040 2701/3045
f 2701/3045 2696/3040 2700/3044
f 2644/2988 2634/2978 2629/2973
f 2629/2973 2634/2978 2620/2964
f 2620/2964 2634/2978 2635/2979
f 2635/2979 2615/2959 2620/2964
f 2435/2768 2290/2604 2289/2603
f 2289/2603 2290/2604 2215/2526
f 2292/2606 2060/2364 2756/3100
f 2060/2364 2798/3143 2757/3101
f 2756/3100 2060/2364 2757/3101
f 2757/3101 2798/3143 2760/3104
f 2757/3101 2760/3104 2723/3067
f 2866/3218 2878/3230 2879/3231
f 2648/2992 2659/3003 2661/3005
f 2661/3005 2659/3003 2660/3004
f 2660/3004 2894/3248 2893/3247
f 703/756 752/805 701/754
f 2053/2357 2055/2359 2057/2361
f 2619/2963 2620/2964 2615/2959
f 2615/2959 2616/2960 2617/2961
f 2892/3246 2435/2768 2289/2603
f 2756/3100 2757/3101 2755/3099
f 2755/3099 2757/3101 2718/3062
f 2616/2960 2618/2962 2617/2961
f 2646/2990 2648/2992 2661/3005
f 2661/3005 2660/3004 2662/3006
f 2660/3004 2893/3247 2881/3233
f 2662/3006 2660/3004 2881/3233
f 870/925 782/835 871/926
f 773/826 775/828 753/806
f 702/755 703/756 701/754
f 2342/2664 2062/2366 2052/2356
f 2716/3060 2718/3062 2715/3059
f 2703/3047 2701/3045 2700/3044
f 2700/3044 2731/3075 2730/3074
f 2636/2980 2644/2988 2629/2973
f 2619/2963 2615/2959 2617/2961
f 2289/2603 2215/2526 1996/2297
f 1996/2297 2215/2526 1994/2295
f 2739/3083 2292/2606 2756/3100
f 2739/3083 2756/3100 2755/3099
f 2739/3083 2755/3099 2722/3066
f 2731/3075 2797/3142 2857/3207
f 2730/3074 2731/3075 2857/3207
f 2646/2990 2661/3005 2662/3006
f 2857/3207 2797/3142 2813/3158
f 2662/3006 2881/3233 2837/3187
f 2057/2361 2056/2360 2292/2606
f 2057/2361 2292/2606 2364/2688
f 2722/3066 2718/3062 2716/3060
f 2729/3073 2722/3066 2716/3060
f 2639/2983 2636/2980 2629/2973
f 2628/2972 2620/2964 2619/2963
f 2622/2966 2619/2963 2617/2961
f 2622/2966 2617/2961 2646/2990
f 2892/3246 2289/2603 2291/2605
f 2883/3235 2892/3246 2291/2605
f 2364/2688 2292/2606 2739/3083
f 2364/2688 2739/3083 2734/3078
f 2739/3083 2722/3066 2734/3078
f 2734/3078 2722/3066 2729/3073
f 2646/2990 2662/3006 2836/3186
f 2813/3158 2814/3159 2815/3160
f 2836/3186 2662/3006 2837/3187
f 774/827 775/828 773/826
f 773/826 753/806 754/807
f 743/796 879/934 873/928
f 873/928 879/934 920/979
f 2728/3072 2729/3073 2716/3060
f 2715/3059 2701/3045 2714/3058
f 2714/3058 2701/3045 2703/3047
f 2629/2973 2620/2964 2628/2972
f 2622/2966 2646/2990 2645/2989
f 2857/3207 2813/3158 2816/3161
f 2816/3161 2813/3158 2815/3160
f 754/807 753/806 703/756
f 2727/3071 2728/3072 2716/3060
f 2716/3060 2715/3059 2713/3057
f 2713/3057 2715/3059 2714/3058
f 2703/3047 2700/3044 2704/3048
f 2704/3048 2700/3044 2730/3074
f 2291/2605 2289/2603 1996/2297
f 1990/2291 1989/2290 1991/2292
f 2008/2309 2194/2503 2009/2310
f 2009/2310 2194/2503 2465/2803
f 2730/3074 2857/3207 2856/3206
f 2829/3177 2866/3218 2879/3231
f 2645/2989 2646/2990 2836/3186
f 2645/2989 2836/3186 2839/3189
f 2856/3206 2857/3207 2816/3161
f 701/754 700/753 743/796
f 1994/2295 1990/2291 1992/2293
f 2007/2308 2008/2309 2009/2310
f 2364/2688 2734/3078 2736/3080
f 2736/3080 2734/3078 2735/3079
f 2728/3072 2727/3071 2735/3079
f 2829/3177 2879/3231 2832/3180
f 2836/3186 2837/3187 2838/3188
f 590/619 599/629 2342/2665
f 2052/2356 2053/2357 2054/2358
f 2639/2983 2629/2973 2630/2974
f 2630/2974 2629/2973 2628/2972
f 2884/3236 2883/3235 2291/2605
f 1991/2292 1989/2290 2006/2307
f 2623/2967 2622/2966 2645/2989
f 2839/3189 2836/3186 2838/3188
f 2057/2361 2364/2688 2363/2687
f 2717/3061 2716/3060 2713/3057
f 2706/3050 2714/3058 2703/3047
f 2704/3048 2730/3074 2725/3069
f 1992/2293 1990/2291 1991/2292
f 2006/2307 2008/2309 2007/2308
f 2363/2687 2364/2688 2736/3080
f 2725/3069 2730/3074 2856/3206
f 2647/2991 2645/2989 2839/3189
f 2856/3206 2816/3161 2817/3162
f 2817/3162 2816/3161 2815/3160
f 2841/3191 2839/3189 2838/3188
f 782/835 784/837 783/836
f 754/807 703/756 702/755
f 702/755 701/754 743/796
f 2054/2358 2053/2357 2057/2361
f 2143/2447 2057/2361 2363/2687
f 2630/2974 2628/2972 2627/2971
f 2628/2972 2619/2963 2624/2968
f 2291/2605 1996/2297 1997/2298
f 2736/3080 2735/3079 2737/3081
f 2647/2991 2839/3189 2840/3190
f 2840/3190 2839/3189 2841/3191
f 2054/2358 2057/2361 2143/2447
f 2717/3061 2727/3071 2716/3060
f 2713/3057 2714/3058 2706/3050
f 2640/2984 2639/2983 2630/2974
f 1991/2292 2006/2307 2005/2306
f 2005/2306 2006/2307 2007/2308
f 2465/2802 870/925 731/784
f 2841/3191 2882/3234 2885/3237
f 731/784 870/925 871/926
f 783/836 781/834 782/835
f 772/825 774/827 773/826
f 2624/2968 2619/2963 2622/2966
f 1997/2298 1996/2297 1995/2296
f 2363/2687 2736/3080 2741/3085
f 2741/3085 2736/3080 2737/3081
f 2740/3084 2725/3069 2856/3206
f 2840/3190 2841/3191 2842/3192
f 2842/3192 2841/3191 2885/3237
f 2740/3084 2856/3206 2817/3162
f 770/823 774/827 772/825
f 773/826 754/807 755/808
f 2145/2449 2052/2356 2054/2358
f 2706/3050 2703/3047 2705/3049
f 2705/3049 2703/3047 2704/3048
f 2627/2971 2628/2972 2624/2968
f 2624/2968 2622/2966 2621/2965
f 2621/2965 2622/2966 2623/2967
f 2621/2965 2623/2967 2647/2991
f 1996/2297 1994/2295 1993/2294
f 1993/2294 1994/2295 1992/2293
f 2737/3081 2717/3061 2738/3082
f 2828/3176 2829/3177 2832/3180
f 2642/2986 2647/2991 2840/3190
f 2817/3162 2815/3160 2818/3163
f 782/835 781/834 770/823
f 705/758 702/755 743/796
f 2717/3061 2713/3057 2712/3056
f 2704/3048 2725/3069 2724/3068
f 2705/3049 2704/3048 2724/3068
f 2724/3068 2725/3069 2740/3084
f 2625/2969 2624/2968 2621/2965
f 2621/2965 2647/2991 2642/2986
f 2009/2310 2465/2803 2466/2805
f 2466/2804 2465/2802 731/784
f 2840/3190 2842/3192 2843/3193
f 2724/3068 2740/3084 2817/3162
f 2842/3192 2885/3237 2895/3249
f 2843/3193 2842/3192 2895/3249
f 781/834 774/827 770/823
f 705/758 743/796 742/795
f 2719/3063 2717/3061 2712/3056
f 2712/3056 2713/3057 2706/3050
f 2712/3056 2706/3050 2707/3051
f 2884/3236 2291/2605 2376/2700
f 2376/2700 2291/2605 1997/2298
f 2005/2306 2007/2308 2010/2311
f 2007/2308 2009/2310 2010/2311
f 2363/2687 2741/3085 2742/3086
f 2742/3086 2741/3085 2737/3081
f 2840/3190 2843/3193 2844/3194
f 2843/3193 2886/3239 2887/3241
f 2844/3194 2843/3193 2887/3241
f 2724/3068 2817/3162 2819/3164
f 2819/3164 2817/3162 2818/3163
f 2144/2448 2054/2358 2143/2447
f 2707/3051 2706/3050 2705/3049
f 2707/3051 2705/3049 2708/3052
f 2640/2984 2630/2974 2633/2977
f 2641/2985 2640/2984 2633/2977
f 2633/2977 2630/2974 2631/2975
f 2631/2975 2630/2974 2627/2971
f 2625/2969 2627/2971 2624/2968
f 2888/3242 2884/3236 2376/2700
f 1992/2293 1991/2292 2005/2306
f 2742/3086 2737/3081 2743/3087
f 2743/3087 2737/3081 2738/3082
f 2889/3243 2844/3194 2887/3241
f 2850/3200 2840/3190 2844/3194
f 754/807 702/755 704/757
f 873/928 920/979 874/929
f 590/618 2342/2664 2340/2660
f 2340/2660 2342/2664 2052/2356
f 2340/2660 2052/2356 2145/2449
f 2143/2447 2363/2687 2144/2448
f 2705/3049 2724/3068 2708/3052
f 2627/2971 2625/2969 2632/2976
f 2625/2969 2621/2965 2626/2970
f 1995/2296 1996/2297 1993/2294
f 2743/3087 2738/3082 2744/3088
f 2708/3052 2724/3068 2810/3155
f 2810/3155 2724/3068 2819/3164
f 2840/3190 2850/3200 2849/3199
f 2642/2986 2840/3190 2849/3199
f 2849/3199 2850/3200 2844/3194
f 2849/3199 2844/3194 2848/3198
f 3556/4136 3552/4132 3691/4342
f 3552/4132 3551/4131 3550/4130
f 3691/4342 3552/4132 3550/4130
f 3550/4130 3551/4131 3549/4129
f 3551/4131 3693/4348 3549/4129
f 3549/4128 3693/4349 2896/3252
f 2896/3251 3693/4348 3716/4395
f 2896/3251 3716/4395 2897/3253
f 2896/3251 2897/3253 2898/3254
f 2898/3254 2897/3253 2899/3255
f 2898/3254 2899/3255 2900/3256
f 2899/3255 2904/3260 2901/3257
f 2900/3256 2899/3255 2901/3257
f 2901/3257 2904/3260 2905/3261
f 2901/3257 2905/3261 1579/1789
f 1579/1789 2905/3261 1576/1782
f 3447/3959 3691/4342 3172/3590
f 3169/3586 3447/3959 3172/3590
f 3172/3590 3691/4342 3517/4069
f 3691/4342 3550/4130 3517/4069
f 3550/4130 3549/4129 3517/4069
f 3517/4069 3549/4129 3714/4390
f 3714/4391 3549/4128 2896/3252
f 3714/4391 2896/3252 3715/4393
f 3715/4392 2896/3251 2923/3282
f 2896/3251 2898/3254 2923/3282
f 2898/3254 2900/3256 2923/3282
f 2923/3282 2900/3256 2907/3264
f 2907/3264 2900/3256 2901/3257
f 2907/3264 2901/3257 2909/3266
f 2909/3266 2901/3257 1579/1789
f 2144/2448 2363/2687 2362/2686
f 2732/3076 2719/3063 2711/3055
f 2719/3063 2712/3056 2711/3055
f 2711/3055 2712/3056 2707/3051
f 2707/3051 2708/3052 2709/3053
f 2709/3053 2708/3052 2726/3070
f 2631/2975 2627/2971 2632/2976
f 2626/2970 2621/2965 2642/2986
f 1993/2294 1992/2293 2004/2305
f 2362/2686 2363/2687 2742/3086
f 2810/3155 2819/3164 2821/3166
f 2819/3164 2818/3163 2820/3165
f 2821/3166 2819/3164 2820/3165
f 704/757 702/755 705/758
f 3447/3960 3725/4414 3556/4137
f 3725/4413 3447/3959 3170/3588
f 2050/2354 2054/2358 2144/2448
f 2711/3055 2707/3051 2710/3054
f 2710/3054 2707/3051 2709/3053
f 2650/2994 2641/2985 2633/2977
f 2633/2977 2631/2975 2632/2976
f 2626/2970 2642/2986 2643/2987
f 2376/2700 1997/2298 1998/2299
f 2743/3087 2744/3088 2758/3102
f 2726/3070 2810/3155 2792/3137
f 2643/2987 2642/2986 2796/3141
f 2891/3245 2889/3243 2890/3244
f 2792/3137 2810/3155 2821/3166
f 2796/3141 2642/2986 2849/3199
f 2796/3141 2849/3199 2847/3197
f 2847/3197 2849/3199 2848/3198
f 3657/4280 3717/4396 3718/4398
f 3587/4174 3725/4412 3170/3587
f 2733/3077 2732/3076 2711/3055
f 2710/3054 2709/3053 2745/3089
f 2651/2995 2650/2994 2633/2977
f 2651/2995 2633/2977 2649/2993
f 2649/2993 2633/2977 2632/2976
f 2649/2993 2632/2976 2637/2981
f 2637/2981 2632/2976 2625/2969
f 2637/2981 2625/2969 2638/2982
f 2638/2982 2625/2969 2626/2970
f 1998/2299 1997/2298 1995/2296
f 2004/2305 1992/2293 2005/2306
f 2362/2686 2742/3086 2747/3091
f 2747/3091 2742/3086 2743/3087
f 2747/3091 2743/3087 2758/3102
f 2782/3126 2745/3089 2786/3130
f 2745/3089 2709/3053 2786/3130
f 2709/3053 2726/3070 2788/3132
f 2786/3130 2709/3053 2788/3132
f 2788/3132 2726/3070 2792/3137
f 2822/3167 2650/2994 2802/3147
f 2638/2982 2626/2970 2663/3007
f 2626/2970 2643/2987 2663/3007
f 2663/3007 2643/2987 2764/3108
f 2764/3108 2643/2987 2796/3141
f 2821/3166 2820/3165 2822/3167
f 729/782 770/823 769/822
f 770/823 772/825 771/824
f 755/808 754/807 704/757
f 742/795 743/796 741/794
f 2919/3277 2917/3275 2916/3274
f 2917/3275 2920/3278 2955/3319
f 741/794 743/796 873/928
f 1571/1774 1567/1768 1565/1766
f 2049/2353 2145/2449 2054/2358
f 2050/2354 2144/2448 2362/2686
f 2362/2686 2747/3091 2794/3139
f 2747/3091 2758/3102 2793/3138
f 2794/3139 2747/3091 2793/3138
f 2758/3102 2733/3077 2779/3123
f 2758/3102 2779/3123 2784/3128
f 2793/3138 2758/3102 2784/3128
f 2779/3123 2733/3077 2711/3055
f 2779/3123 2711/3055 2761/3105
f 2779/3123 2761/3105 2780/3124
f 2784/3128 2779/3123 2780/3124
f 2711/3055 2710/3054 2761/3105
f 2780/3124 2761/3105 2781/3125
f 2761/3105 2710/3054 2782/3126
f 2761/3105 2782/3126 2781/3125
f 2782/3126 2710/3054 2745/3089
f 2781/3125 2782/3126 2786/3130
f 2781/3125 2786/3130 2787/3131
f 2787/3131 2786/3130 2788/3132
f 2787/3131 2788/3132 2789/3133
f 2788/3132 2792/3137 2789/3133
f 2802/3147 2651/2995 2778/3122
f 2801/3146 2802/3147 2778/3122
f 2778/3122 2651/2995 2649/2993
f 2778/3122 2649/2993 2776/3120
f 2778/3122 2776/3120 2774/3118
f 2801/3146 2778/3122 2774/3118
f 2649/2993 2637/2981 2775/3119
f 2776/3120 2649/2993 2775/3119
f 2776/3120 2775/3119 2772/3116
f 2774/3118 2776/3120 2772/3116
f 2775/3119 2637/2981 2638/2982
f 2775/3119 2638/2982 2663/3007
f 2772/3116 2775/3119 2663/3007
f 2772/3116 2663/3007 2766/3110
f 2766/3110 2663/3007 2765/3109
f 2765/3109 2663/3007 2764/3108
f 2765/3109 2764/3108 2769/3113
f 2764/3108 2796/3141 2769/3113
f 2789/3133 2792/3137 2821/3166
f 2789/3133 2821/3166 2824/3170
f 2821/3166 2822/3167 2823/3168
f 2824/3170 2821/3166 2823/3168
f 2769/3113 2796/3141 2847/3197
f 2769/3113 2847/3197 2846/3196
f 2847/3197 2848/3198 2846/3196
f 871/926 782/835 729/782
f 3722/4407 3723/4409 3724/4411
f 3724/4411 3587/4174 3170/3587
f 1571/1774 1565/1766 1575/1781
f 2340/2660 2145/2449 2049/2353
f 2444/2778 2888/3242 2376/2700
f 2376/2700 1998/2299 1999/2300
f 1995/2296 1993/2294 2004/2305
f 2362/2686 2794/3139 2375/2699
f 2794/3139 2793/3138 2795/3140
f 2375/2699 2794/3139 2795/3140
f 2793/3138 2784/3128 2795/3140
f 2795/3140 2784/3128 2783/3127
f 2784/3128 2780/3124 2783/3127
f 2783/3127 2780/3124 2781/3125
f 2783/3127 2781/3125 2785/3129
f 2785/3129 2781/3125 2787/3131
f 2785/3129 2787/3131 2790/3134
f 2787/3131 2789/3133 2790/3134
f 2790/3134 2789/3133 2791/3135
f 2806/3151 2801/3146 2777/3121
f 2777/3121 2801/3146 2774/3118
f 2774/3118 2772/3116 2773/3117
f 2777/3121 2774/3118 2773/3117
f 2772/3116 2766/3110 2771/3115
f 2773/3117 2772/3116 2771/3115
f 2766/3110 2765/3109 2767/3111
f 2771/3115 2766/3110 2767/3111
f 2765/3109 2769/3113 2768/3112
f 2767/3111 2765/3109 2768/3112
f 2768/3112 2769/3113 2770/3114
f 2846/3196 2890/3244 2444/2778
f 2791/3135 2789/3133 2824/3170
f 2824/3170 2823/3168 2825/3171
f 2770/3114 2769/3113 2846/3196
f 731/784 871/926 729/782
f 772/825 773/826 755/808
f 3657/4279 3718/4399 3636/4244
f 3705/4370 3657/4279 3636/4244
f 3724/4411 3170/3587 3173/3592
f 2054/2358 2050/2354 2049/2353
f 2050/2354 2362/2686 2375/2699
f 2050/2354 2375/2699 2374/2698
f 2374/2698 2868/3220 2373/2697
f 2373/2697 2868/3220 2867/3219
f 2373/2697 2867/3219 2421/2753
f 2409/2740 2865/3217 2388/2713
f 2388/2713 2865/3217 2387/2712
f 2444/2778 2376/2700 1999/2300
f 2003/2304 2004/2305 2005/2306
f 2867/3219 2785/3129 2421/2753
f 2421/2753 2785/3129 2790/3134
f 2421/2753 2790/3134 2400/2731
f 2400/2731 2790/3134 2791/3135
f 2400/2731 2791/3135 2835/3184
f 2445/2779 2771/3115 2767/3111
f 2445/2779 2767/3111 2768/3112
f 2768/3112 2770/3114 2443/2777
f 2770/3114 2846/3196 2443/2777
f 2443/2777 2846/3196 2444/2778
f 2791/3135 2824/3170 2825/3171
f 2835/3185 2791/3136 2825/3173
f 756/809 755/808 704/757
f 741/794 705/758 742/795
f 3726/4415 3724/4411 3173/3592
f 2050/2354 2374/2698 2051/2355
f 2051/2355 2374/2698 2190/2499
f 2190/2499 2374/2698 2373/2697
f 2190/2499 2373/2697 2191/2500
f 2373/2697 2421/2753 2191/2500
f 2191/2500 2421/2753 2400/2731
f 2191/2500 2400/2731 2192/2501
f 2192/2501 2400/2731 2409/2740
f 2409/2740 2388/2713 2175/2484
f 2192/2501 2409/2740 2175/2484
f 2388/2713 2387/2712 2175/2484
f 2175/2484 2387/2712 2172/2481
f 2387/2712 2445/2779 2172/2481
f 2172/2481 2445/2779 2443/2777
f 2172/2481 2443/2777 1999/2300
f 2443/2777 2444/2778 1999/2300
f 2003/2304 2005/2306 2001/2302
f 2001/2302 2005/2306 2010/2311
f 3726/4415 3579/4164 3724/4411
f 3707/4376 3705/4371 3636/4245
f 2912/3270 2931/3293 2913/3271
f 2191/2500 2192/2501 2176/2485
f 2176/2485 2192/2501 2175/2484
f 1999/2300 1998/2299 1995/2296
f 730/783 729/782 769/822
f 707/760 705/758 741/794
f 2932/3294 3685/4328 2934/3296
f 2913/3271 2925/3285 2915/3273
f 2925/3285 2927/3288 2915/3273
f 741/794 873/928 874/929
f 587/613 590/619 2340/2661
f 2049/2353 2050/2354 2048/2352
f 2189/2498 2190/2499 2191/2500
f 2174/2483 2175/2484 2172/2481
f 2171/2480 1999/2300 1995/2296
f 706/759 756/809 704/757
f 3817/4594 3579/4163 3726/4416
f 3817/4594 3726/4416 3727/4418
f 2933/3295 2932/3294 2934/3296
f 2933/3295 2934/3296 2935/3297
f 2946/3310 2932/3294 2929/3291
f 3727/4417 3726/4415 3173/3592
f 2046/2350 2049/2353 2044/2348
f 2048/2352 2050/2354 2051/2355
f 2190/2499 2189/2498 2051/2355
f 2172/2481 1999/2300 2171/2480
f 2003/2304 2001/2302 2000/2301
f 2001/2302 2010/2311 2011/2312
f 2933/3295 2935/3297 2936/3298
f 2044/2348 2049/2353 2048/2352
f 2189/2498 2191/2500 2176/2485
f 2176/2485 2175/2484 2174/2483
f 706/759 704/757 705/758
f 2937/3299 2933/3295 2936/3298
f 3604/4196 3603/4195 3601/4193
f 2173/2482 2174/2483 2172/2481
f 2173/2482 2172/2481 2171/2480
f 1995/2296 2004/2305 2003/2304
f 757/810 772/825 755/808
f 2938/3300 2937/3299 2936/3298
f 2938/3300 2936/3298 2939/3301
f 3727/4417 3173/3592 3632/4238
f 2188/2497 2051/2355 2189/2498
f 2176/2485 2174/2483 2177/2486
f 2010/2311 2009/2310 2154/2462
f 2154/2462 2009/2310 2466/2805
f 768/821 770/823 771/824
f 706/759 705/758 707/760
f 3629/4234 3817/4594 3727/4418
f 3629/4234 3727/4418 3631/4237
f 3604/4196 3601/4193 3699/4360
f 3605/4197 3624/4223 3608/4202
f 3631/4237 3727/4418 3632/4239
f 2178/2487 2189/2498 2176/2485
f 2177/2486 2174/2483 2173/2482
f 769/822 770/823 768/821
f 2938/3300 2939/3301 2956/3320
f 2949/3313 2938/3300 2956/3320
f 2048/2352 2051/2355 2188/2497
f 2178/2487 2176/2485 2177/2486
f 1995/2296 2003/2304 2155/2464
f 2155/2464 2003/2304 2000/2301
f 2154/2463 2466/2806 1821/2114
f 1821/2113 2466/2804 731/784
f 771/824 772/825 757/810
f 768/821 771/824 757/810
f 757/810 755/808 756/809
f 757/810 756/809 706/759
f 587/613 2340/2661 656/709
f 656/708 2340/2660 2049/2353
f 2044/2348 2048/2352 2047/2351
f 2042/2346 2048/2352 2188/2497
f 2173/2482 2171/2480 2170/2479
f 2170/2479 2171/2480 1995/2296
f 2170/2479 1995/2296 2155/2464
f 2000/2301 2001/2302 2002/2303
f 2011/2312 2010/2311 2154/2462
f 730/783 769/822 728/781
f 728/781 769/822 768/821
f 3733/4430 3629/4234 3631/4237
f 741/794 874/929 875/930
f 3730/4425 3631/4237 3632/4239
f 2047/2351 2048/2352 2042/2346
f 2002/2303 2001/2302 2011/2312
f 758/811 757/810 706/759
f 3826/4609 2949/3313 2956/3320
f 3826/4610 2956/3321 3823/4605
f 1578/1786 3610/4204 3613/4208
f 740/793 741/794 875/930
f 3697/4356 3026/3407 3024/3405
f 656/708 2049/2353 2046/2350
f 2188/2497 2189/2498 2178/2487
f 768/821 757/810 763/816
f 3733/4430 3631/4237 3731/4427
f 3614/4209 1578/1786 3613/4208
f 2187/2496 2188/2497 2178/2487
f 2187/2496 2178/2487 2183/2492
f 2183/2492 2178/2487 2179/2488
f 2179/2488 2178/2487 2177/2486
f 2173/2482 2170/2479 2167/2476
f 2012/2313 2155/2464 2000/2301
f 2012/2313 2000/2301 2002/2303
f 3633/4240 3628/4233 3591/4180
f 3622/4220 3621/4219 3699/4360
f 1560/1758 3730/4424 3632/4238
f 586/612 587/613 656/709
f 2179/2488 2177/2486 2173/2482
f 728/781 768/821 764/817
f 758/811 706/759 707/760
f 707/760 741/794 740/793
f 3732/4428 3733/4431 3731/4426
f 1560/1758 3632/4238 3729/4421
f 2167/2476 2170/2479 2168/2477
f 2168/2477 2170/2479 2155/2464
f 764/817 768/821 763/816
f 3589/4178 3627/4232 3825/4608
f 3589/4178 3825/4608 3820/4601
f 3820/4601 3825/4608 1555/1746
f 3820/4601 1555/1746 3822/4603
f 3828/4613 1559/1757 3622/4220
f 3622/4220 1559/1757 3623/4222
f 3619/4216 1545/1730 1577/1785
f 2042/2346 2188/2497 2187/2496
f 727/780 731/784 730/783
f 727/780 730/783 728/781
f 757/810 758/811 763/816
f 708/761 758/811 707/760
f 765/818 728/781 764/817
f 762/815 763/816 758/811
f 708/761 707/760 709/762
f 709/762 707/760 740/793
f 2179/2488 2173/2482 2180/2489
f 2183/2492 2179/2488 2181/2490
f 2180/2489 2173/2482 2167/2476
f 2012/2313 2002/2303 2013/2314
f 2002/2303 2011/2312 2154/2462
f 765/818 764/817 761/814
f 764/817 763/816 761/814
f 761/814 763/816 762/815
f 739/792 740/793 875/930
f 739/792 875/930 876/931
f 875/930 874/929 876/931
f 2045/2349 2044/2348 2047/2351
f 1821/2113 731/784 726/779
f 726/779 731/784 727/780
f 762/815 758/811 759/812
f 759/812 758/811 708/761
f 711/764 708/761 709/762
f 2041/2345 2042/2346 2043/2347
f 2043/2347 2042/2346 2187/2496
f 2043/2347 2187/2496 2183/2492
f 2181/2490 2179/2488 2180/2489
f 2156/2465 2168/2477 2155/2464
f 2156/2465 2155/2464 2012/2313
f 739/792 709/762 740/793
f 2039/2343 2046/2350 2044/2348
f 2045/2349 2047/2351 2042/2346
f 759/812 708/761 711/764
f 710/763 709/762 739/792
f 656/708 2046/2350 2039/2343
f 2039/2343 2044/2348 2045/2349
f 2045/2349 2042/2346 2041/2345
f 2183/2492 2181/2490 2182/2491
f 767/820 728/781 765/818
f 2043/2347 2183/2492 2182/2491
f 2165/2474 2180/2489 2167/2476
f 2151/2456 2002/2303 2154/2462
f 723/776 728/781 767/820
f 2169/2478 2168/2477 2156/2465
f 2013/2314 2002/2303 2151/2456
f 765/818 761/814 766/819
f 2156/2465 2012/2313 2014/2315
f 2014/2315 2012/2313 2013/2314
f 2182/2491 2181/2490 2165/2474
f 2165/2474 2167/2476 2166/2475
f 2167/2476 2168/2477 2166/2475
f 656/708 2039/2343 2037/2341
f 2165/2474 2181/2490 2180/2489
f 2151/2457 2154/2463 1821/2114
f 725/778 727/780 724/777
f 724/777 728/781 723/776
f 761/814 762/815 760/813
f 759/812 711/764 715/768
f 711/764 710/763 712/765
f 2045/2349 2041/2345 2040/2344
f 2166/2475 2168/2477 2169/2478
f 767/820 765/818 766/819
f 760/813 762/815 759/812
f 2039/2343 2045/2349 2040/2344
f 738/791 739/792 876/931
f 2041/2345 2043/2347 2184/2493
f 2182/2491 2165/2474 2163/2472
f 2151/2457 1821/2114 949/1010
f 949/1011 1821/2113 726/779
f 715/768 711/764 712/765
f 712/765 710/763 713/766
f 586/612 656/709 2341/2663
f 2341/2662 656/708 2037/2341
f 738/791 710/763 739/792
f 2037/2341 2039/2343 2036/2340
f 2036/2340 2039/2343 2040/2344
f 2043/2347 2182/2491 2184/2493
f 2169/2478 2156/2465 2157/2466
f 2014/2315 2013/2314 2015/2316
f 2015/2316 2013/2314 2151/2456
f 724/777 723/776 722/775
f 766/819 761/814 717/770
f 721/774 766/819 717/770
f 717/770 761/814 760/813
f 759/812 715/768 714/767
f 2036/2340 2040/2344 2038/2342
f 2184/2493 2182/2491 2186/2495
f 2186/2495 2182/2491 2163/2472
f 2164/2473 2163/2472 2165/2474
f 760/813 759/812 714/767
f 717/770 760/813 714/767
f 585/611 586/612 2341/2663
f 2166/2475 2169/2478 2157/2466
f 2156/2465 2014/2315 2015/2316
f 2157/2466 2156/2465 2015/2316
f 721/774 767/820 766/819
f 713/766 710/763 738/791
f 2164/2473 2165/2474 2158/2467
f 2165/2474 2166/2475 2158/2467
f 725/778 949/1011 726/779
f 722/775 723/776 720/773
f 720/773 723/776 767/820
f 720/773 767/820 721/774
f 2030/2331 2037/2341 2036/2340
f 2158/2467 2166/2475 2157/2466
f 724/777 722/775 732/785
f 720/773 721/774 719/772
f 721/774 717/770 719/772
f 714/767 715/768 712/765
f 1822/2116 2151/2457 949/1010
f 725/778 724/777 732/785
f 722/775 720/773 733/786
f 733/786 720/773 719/772
f 736/789 714/767 712/765
f 736/789 712/765 713/766
f 2341/2662 2037/2341 2030/2331
f 1822/2116 949/1010 918/975
f 918/976 949/1011 725/778
f 719/772 717/770 716/769
f 716/769 717/770 714/767
f 716/769 714/767 736/789
f 736/789 713/766 737/790
f 737/790 713/766 738/791
f 2987/3361 738/791 876/931
f 2038/2342 2040/2344 2041/2345
f 2041/2345 2184/2493 2185/2494
f 718/771 719/772 716/769
f 737/790 738/791 884/940
f 884/940 738/791 2987/3361
f 585/611 2341/2663 2361/2685
f 2361/2684 2341/2662 2030/2331
f 2038/2342 2041/2345 2035/2339
f 2035/2339 2041/2345 2185/2494
f 2150/2455 2151/2456 1822/2115
f 918/976 725/778 898/954
f 898/954 725/778 732/785
f 732/785 722/775 733/786
f 733/786 719/772 734/787
f 734/787 719/772 718/771
f 2158/2467 2157/2466 2016/2317
f 2016/2317 2157/2466 2015/2316
f 2015/2316 2151/2456 2150/2455
f 881/937 733/786 734/787
f 734/787 718/771 735/788
f 718/771 716/769 735/788
f 716/769 736/789 735/788
f 560/585 585/611 2361/2685
f 2184/2493 2186/2495 2026/2327
f 2026/2327 2186/2495 2163/2472
f 2164/2473 2158/2467 2159/2468
f 881/937 734/787 886/942
f 734/787 735/788 886/942
f 886/942 735/788 882/938
f 735/788 736/789 882/938
f 2026/2327 2163/2472 2162/2471
f 2163/2472 2164/2473 2162/2471
f 1822/2117 918/976 956/1021
f 956/1021 918/976 898/954
f 898/954 732/785 899/955
f 732/785 733/786 897/953
f 899/955 732/785 897/953
f 733/786 881/937 887/943
f 883/939 736/789 737/790
f 883/939 737/790 884/940
f 884/940 2987/3361 2988/3364
f 2034/2338 2038/2342 2035/2339
f 2162/2471 2164/2473 2159/2468
f 2159/2468 2158/2467 2016/2317
f 2016/2317 2015/2316 2017/2318
f 897/953 733/786 887/943
f 887/943 881/937 885/941
f 881/937 886/942 885/941
f 886/942 882/938 885/941
f 885/941 882/938 883/939
f 882/938 736/789 883/939
f 917/974 884/940 2988/3364
f 2185/2494 2184/2493 2026/2327
f 2159/2468 2016/2317 2160/2469
f 898/954 899/955 911/968
f 899/955 897/953 901/957
f 897/953 887/943 901/957
f 901/957 887/943 906/963
f 906/963 887/943 910/967
f 887/943 885/941 910/967
f 910/967 885/941 909/966
f 909/966 885/941 907/964
f 907/964 885/941 883/939
f 907/964 883/939 908/965
f 908/965 883/939 905/962
f 905/962 883/939 884/940
f 905/962 884/940 917/974
f 2152/2458 1822/2115 1046/1132
f 1046/1133 1822/2117 956/1021
f 956/1021 898/954 911/968
f 908/965 905/962 928/989
f 2036/2340 2038/2342 2034/2338
f 2017/2318 2015/2316 2150/2455
f 1046/1133 956/1021 952/1016
f 952/1016 956/1021 911/968
f 911/968 899/955 934/995
f 934/995 899/955 901/957
f 934/995 901/957 932/993
f 932/993 901/957 906/963
f 926/987 909/966 907/964
f 926/987 907/964 908/965
f 926/987 908/965 928/989
f 930/991 905/962 917/974
f 917/974 2988/3364 954/1019
f 560/585 2361/2685 603/634
f 519/540 560/585 603/634
f 603/633 2361/2684 2030/2331
f 2031/2332 2036/2340 2034/2338
f 2035/2339 2185/2494 2026/2327
f 2161/2470 2162/2471 2159/2468
f 2022/2323 2159/2468 2160/2469
f 2160/2469 2016/2317 2019/2320
f 2019/2320 2016/2317 2017/2318
f 2150/2455 1822/2115 2152/2458
f 952/1016 911/968 934/995
f 931/992 934/995 932/993
f 931/992 932/993 933/994
f 933/994 932/993 906/963
f 933/994 906/963 924/985
f 906/963 910/967 924/985
f 910/967 909/966 924/985
f 924/985 909/966 925/986
f 925/986 909/966 926/987
f 925/986 926/987 927/988
f 926/987 928/989 927/988
f 927/988 928/989 929/990
f 928/989 905/962 930/991
f 929/990 928/989 930/991
f 930/991 917/974 954/1019
f 603/633 2030/2331 2033/2336
f 2024/2325 2026/2327 2162/2471
f 2149/2454 2017/2318 2150/2455
f 2152/2459 1046/1133 977/1043
f 977/1043 1046/1133 952/1016
f 2024/2325 2162/2471 2161/2470
f 2161/2470 2159/2468 2022/2323
f 977/1043 952/1016 955/1020
f 952/1016 934/995 955/1020
f 934/995 931/992 955/1020
f 955/1020 931/992 964/1030
f 964/1030 931/992 933/994
f 964/1030 933/994 965/1031
f 965/1031 933/994 963/1029
f 933/994 924/985 963/1029
f 963/1029 924/985 961/1027
f 961/1027 924/985 925/986
f 927/988 961/1027 925/986
f 960/1026 927/988 929/990
f 960/1026 929/990 930/991
f 960/1026 930/991 954/1019
f 2033/2336 2030/2331 2032/2333
f 2031/2332 2030/2331 2036/2340
f 2031/2332 2034/2338 2025/2326
f 2025/2326 2034/2338 2035/2339
f 2025/2326 2035/2339 2026/2327
f 2025/2326 2026/2327 2024/2325
f 2022/2323 2160/2469 2019/2320
f 2018/2319 2019/2320 2017/2318
f 2018/2319 2017/2318 2149/2454
f 1048/1136 2150/2455 2152/2458
f 519/540 603/634 533/555
f 977/1043 955/1020 978/1044
f 978/1044 955/1020 964/1030
f 512/532 532/554 535/557
f 536/558 513/533 535/557
f 965/1031 963/1029 974/1040
f 974/1040 963/1029 961/1027
f 513/533 536/558 537/559
f 514/534 513/533 537/559
f 515/535 514/534 537/559
f 515/535 537/559 538/560
f 974/1040 961/1027 976/1042
f 976/1042 961/1027 927/988
f 976/1042 927/988 975/1041
f 927/988 960/1026 975/1041
f 511/531 516/536 545/569
f 975/1041 960/1026 980/1046
f 520/541 511/531 545/569
f 980/1046 960/1026 954/1019
f 583/609 603/634 2033/2337
f 2032/2333 2030/2331 2028/2329
f 2028/2329 2030/2331 2031/2332
f 2024/2325 2161/2470 2021/2322
f 2022/2323 2019/2320 2020/2321
f 2020/2321 2019/2320 2018/2319
f 1048/1137 2152/2459 977/1043
f 1048/1137 977/1043 994/1061
f 978/1044 964/1030 981/1047
f 981/1047 964/1030 965/1031
f 981/1047 965/1031 982/1048
f 982/1048 965/1031 974/1040
f 982/1048 974/1040 985/1051
f 985/1051 974/1040 976/1042
f 976/1042 975/1041 983/1049
f 975/1041 980/1046 983/1049
f 2981/3350 2982/3351 954/1018
f 583/609 2033/2337 642/680
f 2025/2326 2024/2325 2029/2330
f 2023/2324 2024/2325 2021/2322
f 2149/2454 2150/2455 2153/2460
f 2153/2460 2150/2455 1048/1136
f 994/1061 977/1043 978/1044
f 994/1061 978/1044 1003/1070
f 1003/1070 978/1044 993/1060
f 993/1060 978/1044 981/1047
f 993/1060 981/1047 987/1054
f 987/1054 981/1047 982/1048
f 987/1054 982/1048 988/1055
f 988/1055 982/1048 985/1051
f 988/1055 985/1051 989/1056
f 989/1056 985/1051 976/1042
f 976/1042 983/1049 989/1056
f 989/1056 983/1049 992/1059
f 992/1059 983/1049 991/1058
f 991/1058 983/1049 980/1046
f 991/1058 980/1046 1001/1068
f 1001/1068 980/1046 1002/1069
f 2982/3352 980/1046 954/1019
f 1002/1069 980/1046 2982/3352
f 642/679 2033/2336 2032/2333
f 2028/2329 2031/2332 2025/2326
f 2021/2322 2161/2470 2022/2323
f 2153/2460 1048/1136 2399/2728
f 2399/2729 1048/1137 994/1061
f 2399/2729 994/1061 1020/1090
f 1020/1090 994/1061 1003/1070
f 993/1060 987/1054 1008/1077
f 568/594 569/595 608/639
f 1008/1077 987/1054 988/1055
f 1008/1077 988/1055 1009/1078
f 1005/1073 988/1055 989/1056
f 1009/1078 988/1055 1005/1073
f 992/1059 1005/1073 989/1056
f 1005/1073 992/1059 1012/1081
f 1012/1081 992/1059 991/1058
f 1012/1081 991/1058 1013/1082
f 1013/1082 991/1058 1017/1087
f 1017/1087 991/1058 1001/1068
f 1002/1069 2982/3352 1032/1106
f 641/677 642/680 2032/2335
f 2021/2322 2022/2323 2020/2321
f 2020/2321 2018/2319 2149/2454
f 1509/1658 2399/2729 1020/1090
f 1020/1090 1003/1070 1026/1097
f 1003/1070 993/1060 1019/1089
f 1026/1097 1003/1070 1019/1089
f 608/639 621/652 627/658
f 993/1060 1008/1077 1019/1089
f 608/639 627/658 607/638
f 1008/1077 1009/1078 1022/1092
f 1009/1078 1005/1073 1021/1091
f 1022/1092 1009/1078 1021/1091
f 1021/1091 1005/1073 1012/1081
f 605/636 609/640 624/655
f 615/646 605/636 624/655
f 1017/1087 1001/1068 1002/1069
f 1017/1087 1002/1069 1032/1106
f 2032/2333 2028/2329 2258/2569
f 2029/2330 2024/2325 2146/2450
f 2146/2450 2024/2325 2023/2324
f 1816/2102 2020/2321 2149/2454
f 1509/1658 1020/1090 1026/1097
f 1035/1109 1026/1097 1019/1089
f 627/658 637/671 1505/1650
f 1034/1108 1035/1109 1019/1089
f 1034/1108 1019/1089 1008/1077
f 627/658 1505/1650 1507/1654
f 626/657 627/658 1507/1654
f 1034/1108 1008/1077 1022/1092
f 1034/1108 1022/1092 1500/1642
f 1022/1092 1502/1646 1500/1642
f 626/657 1507/1654 639/674
f 1502/1646 1022/1092 1021/1091
f 625/656 626/657 639/674
f 1037/1113 1502/1646 1021/1091
f 1037/1113 1021/1091 1012/1081
f 625/656 639/674 630/663
f 624/655 625/656 630/663
f 1038/1115 1037/1113 1012/1081
f 1038/1115 1012/1081 1013/1082
f 624/655 630/663 1506/1652
f 1038/1115 1013/1082 1017/1087
f 1038/1115 1017/1087 1499/1640
f 1499/1640 1017/1087 2992/3370
f 2992/3370 1017/1087 1032/1106
f 628/660 644/683 3684/4327
f 1501/1644 641/678 2032/2334
f 2032/2334 2258/2570 1496/1635
f 1501/1644 2032/2334 1496/1635
f 2258/2569 2028/2329 2027/2328
f 2027/2328 2028/2329 2029/2330
f 2029/2330 2028/2329 2025/2326
f 2023/2324 2021/2322 2147/2451
f 2021/2322 2020/2321 2147/2451
f 2147/2451 2020/2321 2148/2452
f 2148/2452 2020/2321 1816/2102
f 1816/2102 2149/2454 2261/2573
f 2261/2573 2149/2454 2300/2615
f 2300/2615 2149/2454 2153/2460
f 2153/2461 2399/2730 1498/1638
f 1498/1638 2399/2730 1509/1659
f 637/671 641/677 1488/1625
f 1498/1639 1509/1658 1026/1097
f 1044/1128 1498/1639 1026/1097
f 1044/1128 1026/1097 1035/1109
f 1045/1130 1044/1128 1035/1109
f 1505/1651 1488/1626 1492/1631
f 1045/1130 1035/1109 1034/1108
f 1045/1130 1034/1108 1500/1642
f 1045/1131 1500/1643 1487/1624
f 1487/1624 1500/1643 1490/1629
f 1490/1629 1500/1643 1502/1647
f 1490/1629 1502/1647 1037/1114
f 1491/1630 1490/1629 1037/1114
f 1491/1630 1037/1114 1038/1116
f 1491/1630 1038/1116 1486/1623
f 1486/1623 1038/1116 1499/1641
f 1485/1622 1486/1623 1499/1641
f 2992/3371 1485/1622 1499/1641
f 644/684 640/676 1497/1636
f 644/685 1497/1637 1484/1621
f 1485/1622 2992/3371 3513/4061
f 3684/4327 644/683 1484/1620
f 3684/4327 1484/1620 3677/4316
f 1496/1635 2258/2570 1508/1657
f 1508/1656 2258/2569 2027/2328
f 2146/2450 2023/2324 2147/2451
f 1441/1573 2300/2616 2153/2461
f 1441/1573 2153/2461 1475/1608
f 2153/2461 1498/1638 1475/1608
f 1501/1644 1496/1635 1474/1607
f 1488/1626 1501/1644 1474/1607
f 1475/1608 1498/1638 1044/1129
f 1477/1610 1475/1608 1044/1129
f 1488/1626 1474/1607 1470/1603
f 1492/1631 1488/1626 1470/1603
f 1492/1631 1470/1603 1471/1604
f 1476/1609 1477/1610 1044/1129
f 1476/1609 1044/1129 1045/1131
f 1492/1631 1471/1604 1472/1605
f 1487/1624 1476/1609 1045/1131
f 1493/1632 1492/1631 1472/1605
f 1476/1609 1487/1624 1478/1611
f 1493/1632 1472/1605 1473/1606
f 1487/1624 1479/1612 1478/1611
f 1479/1612 1487/1624 1490/1629
f 1494/1633 1493/1632 1473/1606
f 1479/1612 1490/1629 1491/1630
f 1462/1595 1479/1612 1491/1630
f 1481/1615 1462/1595 1491/1630
f 1494/1633 1473/1606 1468/1601
f 1495/1634 1494/1633 1468/1601
f 1481/1615 1491/1630 1486/1623
f 1489/1628 1495/1634 1468/1601
f 1489/1628 1468/1601 1464/1597
f 1481/1615 1486/1623 1463/1596
f 1463/1596 1486/1623 1485/1622
f 1489/1628 1464/1597 1469/1602
f 1497/1637 1489/1628 1469/1602
f 1480/1614 1463/1596 1485/1622
f 1484/1621 1497/1637 1469/1602
f 1480/1614 1485/1622 3513/4061
f 1458/1591 1496/1635 1508/1657
f 1458/1591 1508/1657 2471/2813
f 1508/1656 2027/2328 2471/2812
f 2471/2812 2027/2328 1820/2110
f 1820/2110 2027/2328 2029/2330
f 1820/2110 2029/2330 1817/2104
f 2029/2330 2146/2450 1817/2104
f 1817/2104 2146/2450 1814/2098
f 2146/2450 2147/2451 1814/2098
f 1814/2098 2147/2451 1815/2100
f 1815/2100 2147/2451 2148/2452
f 1419/1547 2261/2573 2300/2615
f 1419/1548 2300/2616 1441/1573
f 1474/1607 1496/1635 1458/1591
f 1455/1587 1441/1573 1475/1608
f 1474/1607 1458/1591 1454/1586
f 1455/1587 1475/1608 1477/1610
f 1470/1603 1474/1607 1454/1586
f 1470/1603 1454/1586 1453/1585
f 1447/1579 1443/1575 1455/1587
f 1471/1604 1470/1603 1453/1585
f 1455/1587 1477/1610 1476/1609
f 1447/1579 1455/1587 1460/1593
f 1460/1593 1455/1587 1476/1609
f 1471/1604 1453/1585 1452/1584
f 1472/1605 1471/1604 1452/1584
f 1446/1578 1447/1579 1460/1593
f 1460/1593 1476/1609 1478/1611
f 1446/1578 1460/1593 1461/1594
f 1461/1594 1460/1593 1478/1611
f 1472/1605 1452/1584 1467/1600
f 1467/1600 1452/1584 1451/1583
f 1444/1576 1446/1578 1461/1594
f 1466/1599 1467/1600 1451/1583
f 1461/1594 1478/1611 1479/1612
f 1461/1594 1479/1612 1462/1595
f 1466/1599 1451/1583 1450/1582
f 1444/1576 1461/1594 1462/1595
f 1445/1577 1444/1576 1462/1595
f 1465/1598 1466/1599 1450/1582
f 1445/1577 1462/1595 1459/1592
f 1440/1572 1445/1577 1459/1592
f 1465/1598 1450/1582 1449/1581
f 1459/1592 1462/1595 1481/1615
f 1468/1601 1465/1598 1449/1581
f 1464/1597 1468/1601 1449/1581
f 1440/1572 1459/1592 1463/1596
f 1463/1596 1459/1592 1481/1615
f 1464/1597 1449/1581 1448/1580
f 1439/1571 1440/1572 1463/1596
f 1469/1602 1464/1597 1448/1580
f 1469/1602 1448/1580 1456/1588
f 1439/1571 1463/1596 1480/1614
f 1484/1621 1469/1602 1456/1588
f 3487/4020 1484/1621 1456/1588
f 3487/4020 1456/1588 3463/3983
f 2471/2813 1820/2112 1442/1574
f 1442/1574 1820/2112 1819/2109
f 1819/2108 1820/2111 1817/2105
f 1819/2108 1817/2105 1818/2106
f 1818/2106 1817/2105 1813/2096
f 1813/2096 1817/2105 1814/2099
f 1813/2096 1814/2099 1437/1567
f 1437/1567 1814/2099 1426/1555
f 1426/1555 1814/2099 1815/2101
f 1426/1555 1815/2101 2148/2453
f 1426/1555 2148/2453 1417/1544
f 1417/1544 2148/2453 1816/2103
f 1417/1544 1816/2103 1402/1525
f 1402/1525 1816/2103 2261/2574
f 1402/1526 2261/2575 1419/1548
f 1458/1591 2471/2813 1438/1569
f 1425/1554 1438/1569 2471/2813
f 1425/1554 2471/2813 1407/1534
f 1412/1539 1419/1548 1441/1573
f 1412/1539 1441/1573 1429/1559
f 1429/1559 1441/1573 1455/1587
f 1454/1586 1458/1591 1438/1569
f 1454/1586 1438/1569 1425/1554
f 1429/1559 1455/1587 1443/1575
f 1453/1585 1454/1586 1425/1554
f 1453/1585 1425/1554 1433/1563
f 1395/1518 1412/1539 1416/1543
f 1416/1543 1412/1539 1429/1559
f 1433/1563 1425/1554 1424/1553
f 1401/1524 1395/1518 1416/1543
f 1416/1543 1429/1559 1428/1558
f 1428/1558 1429/1559 1443/1575
f 1428/1558 1443/1575 1447/1579
f 1452/1584 1453/1585 1433/1563
f 1451/1583 1452/1584 1433/1563
f 1433/1563 1424/1553 1423/1552
f 1451/1583 1433/1563 1432/1562
f 1432/1562 1433/1563 1423/1552
f 1428/1558 1447/1579 1446/1578
f 1400/1523 1401/1524 1416/1543
f 1400/1523 1416/1543 1418/1546
f 1418/1546 1416/1543 1428/1558
f 1418/1546 1428/1558 1436/1566
f 1436/1566 1428/1558 1446/1578
f 1436/1566 1446/1578 1444/1576
f 1396/1519 1400/1523 1418/1546
f 1451/1583 1432/1562 1431/1561
f 1431/1561 1432/1562 1423/1552
f 1450/1582 1451/1583 1431/1561
f 1431/1561 1423/1552 1409/1536
f 1397/1520 1396/1519 1418/1546
f 1418/1546 1436/1566 1435/1565
f 1435/1565 1436/1566 1444/1576
f 1397/1520 1418/1546 1421/1550
f 1421/1550 1418/1546 1435/1565
f 1435/1565 1444/1576 1445/1577
f 1398/1521 1397/1520 1421/1550
f 1435/1565 1445/1577 1440/1572
f 1449/1581 1450/1582 1431/1561
f 1431/1561 1409/1536 1408/1535
f 1449/1581 1431/1561 1430/1560
f 1430/1560 1431/1561 1408/1535
f 1398/1521 1421/1550 1420/1549
f 1420/1549 1421/1550 1435/1565
f 1399/1522 1398/1521 1420/1549
f 1430/1560 1408/1535 1414/1541
f 1420/1549 1435/1565 1434/1564
f 1434/1564 1435/1565 1440/1572
f 1448/1580 1430/1560 1422/1551
f 1422/1551 1430/1560 1414/1541
f 1434/1564 1440/1572 1439/1571
f 1456/1588 1448/1580 1422/1551
f 1415/1542 1399/1522 1420/1549
f 1415/1542 1420/1549 1434/1564
f 1456/1588 1422/1551 1427/1557
f 1415/1542 1434/1564 1439/1571
f 3463/3983 1456/1588 1427/1557
f 3463/3983 1427/1557 3464/3985
f 1404/1531 1415/1542 1439/1571
f 2471/2813 1442/1574 1407/1534
f 1407/1534 1442/1574 1381/1504
f 1442/1574 1819/2109 1381/1504
f 1381/1504 1819/2109 1357/1480
f 1357/1480 1819/2109 1361/1484
f 1361/1484 1819/2109 1818/2107
f 1361/1484 1818/2107 1813/2097
f 1361/1484 1813/2097 1355/1478
f 1813/2097 1437/1568 1355/1478
f 1355/1478 1437/1568 1353/1476
f 1353/1476 1437/1568 1426/1556
f 1353/1476 1426/1556 1354/1477
f 1426/1556 1417/1545 1354/1477
f 1354/1477 1417/1545 1306/1429
f 1306/1429 1417/1545 1402/1526
f 1306/1429 1402/1526 1367/1490
f 1367/1490 1402/1526 1389/1512
f 1389/1512 1402/1526 1419/1548
f 1389/1512 1419/1548 1412/1539
f 1425/1554 1407/1534 1405/1532
f 1405/1532 1407/1534 1381/1504
f 1381/1504 1357/1480 1356/1479
f 1356/1479 1357/1480 1339/1462
f 1357/1480 1361/1484 1339/1462
f 1339/1462 1361/1484 1342/1465
f 1342/1465 1361/1484 1355/1478
f 1342/1465 1355/1478 1293/1416
f 1293/1416 1355/1478 1353/1476
f 1293/1416 1353/1476 1292/1415
f 1353/1476 1354/1477 1292/1415
f 1292/1415 1354/1477 1289/1412
f 1289/1412 1354/1477 1291/1414
f 1291/1414 1354/1477 1306/1429
f 1405/1532 1381/1504 1382/1505
f 1366/1489 1356/1479 1338/1461
f 1338/1461 1356/1479 1339/1462
f 1307/1430 1306/1429 1367/1490
f 1367/1490 1389/1512 1373/1496
f 1373/1496 1389/1512 1395/1518
f 1395/1518 1389/1512 1412/1539
f 1382/1505 1381/1504 1356/1479
f 1382/1505 1356/1479 1366/1489
f 1338/1461 1339/1462 1337/1460
f 1339/1462 1342/1465 1340/1463
f 1291/1414 1306/1429 1305/1428
f 1305/1428 1306/1429 1307/1430
f 1337/1460 1339/1462 1340/1463
f 1340/1463 1342/1465 1341/1464
f 1342/1465 1293/1416 1341/1464
f 1289/1412 1291/1414 1290/1413
f 1290/1413 1291/1414 1305/1428
f 1307/1430 1367/1490 1373/1496
f 1341/1464 1293/1416 1286/1409
f 1286/1409 1293/1416 1292/1415
f 1286/1409 1292/1415 1289/1412
f 1405/1532 1382/1505 1392/1515
f 1286/1409 1289/1412 1285/1408
f 1406/1533 1405/1532 1392/1515
f 1338/1461 1337/1460 1333/1456
f 1337/1460 1340/1463 1336/1459
f 1336/1459 1340/1463 1288/1411
f 1340/1463 1341/1464 1288/1411
f 1288/1411 1341/1464 1286/1409
f 1285/1408 1289/1412 1290/1413
f 1305/1428 1307/1430 1308/1431
f 1308/1431 1307/1430 1373/1496
f 1308/1431 1373/1496 1375/1498
f 1375/1498 1373/1496 1394/1517
f 1394/1517 1373/1496 1395/1518
f 1365/1488 1366/1489 1338/1461
f 1365/1488 1338/1461 1333/1456
f 1287/1410 1288/1411 1286/1409
f 1290/1413 1305/1428 1310/1433
f 1310/1433 1305/1428 1308/1431
f 1394/1517 1395/1518 1401/1524
f 1285/1408 1290/1413 1284/1407
f 1284/1407 1290/1413 1310/1433
f 1333/1456 1337/1460 1336/1459
f 1382/1505 1366/1489 1369/1492
f 1369/1492 1366/1489 1365/1488
f 1287/1410 1286/1409 1283/1406
f 1286/1409 1285/1408 1283/1406
f 1392/1515 1382/1505 1383/1506
f 1383/1506 1382/1505 1369/1492
f 1333/1456 1336/1459 1332/1455
f 1283/1406 1285/1408 1284/1407
f 1332/1455 1336/1459 1288/1411
f 1288/1411 1287/1410 1294/1417
f 1365/1488 1333/1456 1330/1453
f 1375/1498 1394/1517 1393/1516
f 1331/1454 1333/1456 1332/1455
f 1332/1455 1288/1411 1294/1417
f 1282/1405 1283/1406 1284/1407
f 1393/1516 1394/1517 1401/1524
f 1308/1431 1375/1498 1374/1497
f 1374/1497 1375/1498 1393/1516
f 1330/1453 1333/1456 1331/1454
f 1281/1404 1294/1417 1287/1410
f 1281/1404 1287/1410 1283/1406
f 1335/1458 1332/1455 1294/1417
f 1411/1538 1406/1533 1392/1515
f 1309/1432 1284/1407 1310/1433
f 1411/1538 1392/1515 1384/1507
f 1392/1515 1383/1506 1384/1507
f 1384/1507 1383/1506 1369/1492
f 1310/1433 1308/1431 1352/1475
f 1352/1475 1308/1431 1374/1497
f 1331/1454 1332/1455 1328/1451
f 1328/1451 1332/1455 1335/1458
f 1393/1516 1401/1524 1400/1523
f 1281/1404 1283/1406 1282/1405
f 1311/1434 1310/1433 1352/1475
f 1330/1453 1331/1454 1328/1451
f 1304/1427 1282/1405 1284/1407
f 1335/1458 1294/1417 1295/1418
f 1384/1507 1369/1492 1368/1491
f 1368/1491 1369/1492 1365/1488
f 1368/1491 1365/1488 1363/1486
f 1363/1486 1365/1488 1330/1453
f 1304/1427 1284/1407 1309/1432
f 1328/1451 1335/1458 1327/1450
f 1411/1538 1384/1507 1391/1514
f 1391/1514 1384/1507 1386/1509
f 1386/1509 1384/1507 1368/1491
f 1309/1432 1310/1433 1311/1434
f 1280/1403 1281/1404 1282/1405
f 1327/1450 1335/1458 1334/1457
f 1304/1427 1309/1432 1311/1434
f 1410/1537 1411/1538 1391/1514
f 1335/1458 1295/1418 1334/1457
f 1374/1497 1393/1516 1396/1519
f 1396/1519 1393/1516 1400/1523
f 1329/1452 1330/1453 1328/1451
f 1295/1418 1294/1417 1281/1404
f 1295/1418 1281/1404 1280/1403
f 1351/1474 1352/1475 1374/1497
f 1363/1486 1330/1453 1329/1452
f 1303/1426 1282/1405 1304/1427
f 1296/1419 1295/1418 1280/1403
f 1280/1403 1282/1405 1303/1426
f 1351/1474 1311/1434 1352/1475
f 1351/1474 1374/1497 1370/1493
f 1296/1419 1334/1457 1295/1418
f 1374/1497 1396/1519 1397/1520
f 1329/1452 1328/1451 1324/1447
f 1304/1427 1311/1434 1312/1435
f 1312/1435 1311/1434 1313/1436
f 1313/1436 1311/1434 1351/1474
f 1370/1493 1374/1497 1397/1520
f 1327/1450 1334/1457 1300/1423
f 1303/1426 1304/1427 1312/1435
f 1350/1473 1351/1474 1370/1493
f 1409/1536 1410/1537 1391/1514
f 1409/1536 1391/1514 1385/1508
f 1385/1508 1391/1514 1386/1509
f 1363/1486 1329/1452 1324/1447
f 1313/1436 1351/1474 1350/1473
f 1386/1509 1368/1491 1364/1487
f 1364/1487 1368/1491 1363/1486
f 1324/1447 1328/1451 1327/1450
f 1370/1493 1397/1520 1377/1500
f 1324/1447 1327/1450 1326/1449
f 1326/1449 1327/1450 1300/1423
f 1350/1473 1370/1493 1377/1500
f 1377/1500 1397/1520 1398/1521
f 1297/1420 1280/1403 1303/1426
f 1385/1508 1386/1509 1364/1487
f 1334/1457 1296/1419 1300/1423
f 1297/1420 1296/1419 1280/1403
f 1314/1437 1303/1426 1312/1435
f 1364/1487 1363/1486 1324/1447
f 1300/1423 1296/1419 1298/1421
f 1408/1535 1409/1536 1385/1508
f 1364/1487 1324/1447 1322/1445
f 1298/1421 1296/1419 1297/1420
f 1326/1449 1300/1423 1318/1441
f 1376/1499 1377/1500 1398/1521
f 1313/1436 1350/1473 1348/1471
f 1322/1445 1324/1447 1323/1446
f 1324/1447 1326/1449 1323/1446
f 1323/1446 1326/1449 1318/1441
f 1350/1473 1377/1500 1376/1499
f 1348/1471 1350/1473 1376/1499
f 1408/1535 1385/1508 1388/1511
f 1314/1437 1312/1435 1313/1436
f 1385/1508 1364/1487 1358/1481
f 1317/1440 1297/1420 1303/1426
f 1317/1440 1303/1426 1314/1437
f 1388/1511 1385/1508 1358/1481
f 1318/1441 1300/1423 1301/1424
f 1301/1424 1300/1423 1298/1421
f 1376/1499 1398/1521 1399/1522
f 1358/1481 1364/1487 1322/1445
f 1314/1437 1313/1436 1315/1438
f 1298/1421 1297/1420 1299/1422
f 1299/1422 1297/1420 1317/1440
f 1317/1440 1314/1437 1316/1439
f 1316/1439 1314/1437 1315/1438
f 1315/1438 1313/1436 1346/1469
f 1313/1436 1348/1471 1346/1469
f 1320/1443 1322/1445 1323/1446
f 1390/1513 1376/1499 1399/1522
f 1325/1448 1322/1445 1320/1443
f 1348/1471 1376/1499 1378/1501
f 1378/1501 1376/1499 1390/1513
f 1414/1541 1408/1535 1388/1511
f 1301/1424 1298/1421 1302/1425
f 1320/1443 1323/1446 1318/1441
f 1318/1441 1301/1424 1302/1425
f 1358/1481 1322/1445 1325/1448
f 1359/1482 1358/1481 1325/1448
f 1302/1425 1298/1421 1299/1422
f 1316/1439 1315/1438 1346/1469
f 1414/1541 1388/1511 1387/1510
f 1388/1511 1358/1481 1359/1482
f 1387/1510 1388/1511 1359/1482
f 1321/1444 1318/1441 1302/1425
f 1344/1467 1299/1422 1317/1440
f 1344/1467 1317/1440 1345/1468
f 1345/1468 1317/1440 1316/1439
f 1346/1469 1348/1471 1349/1472
f 1347/1470 1346/1469 1349/1472
f 1349/1472 1348/1471 1378/1501
f 1319/1442 1320/1443 1321/1444
f 1321/1444 1320/1443 1318/1441
f 1302/1425 1299/1422 1344/1467
f 1345/1468 1316/1439 1346/1469
f 1359/1482 1325/1448 1319/1442
f 1325/1448 1320/1443 1319/1442
f 1321/1444 1302/1425 1343/1466
f 1343/1466 1302/1425 1344/1467
f 1345/1468 1346/1469 1347/1470
f 1422/1551 1414/1541 1387/1510
f 1390/1513 1399/1522 1415/1542
f 1427/1557 1422/1551 1387/1510
f 1427/1557 1387/1510 1413/1540
f 1387/1510 1359/1482 1379/1502
f 1413/1540 1387/1510 1379/1502
f 1359/1482 1319/1442 1379/1502
f 1379/1502 1319/1442 1380/1503
f 1319/1442 1321/1444 1380/1503
f 1380/1503 1321/1444 1372/1495
f 1372/1495 1321/1444 1343/1466
f 1372/1495 1343/1466 1371/1494
f 1343/1466 1344/1467 1371/1494
f 1371/1494 1344/1467 1360/1483
f 1344/1467 1345/1468 1360/1483
f 1360/1483 1345/1468 1362/1485
f 1362/1485 1345/1468 1347/1470
f 1362/1485 1347/1470 1349/1472
f 1362/1485 1349/1472 1378/1501
f 1378/1501 1390/1513 1404/1531
f 1404/1531 1390/1513 1415/1542
f 3464/3985 1427/1557 1413/1540
f 3464/3985 1413/1540 3498/4036
f 3498/4036 1413/1540 1379/1502
f 3498/4036 1379/1502 3680/4320
f 1379/1502 1380/1503 3680/4320
f 3680/4320 1380/1503 1372/1495
f 3680/4320 1372/1495 1482/1617
f 1482/1617 1372/1495 1371/1494
f 1482/1617 1371/1494 1483/1619
f 1483/1619 1371/1494 1360/1483
f 1483/1619 1360/1483 1457/1590
f 1457/1590 1360/1483 1362/1485
f 1457/1590 1362/1485 1403/1528
f 1362/1485 1378/1501 1403/1528
f 1403/1528 1378/1501 1404/1531

